target_id,seed,N,method,true_theta,true_phi,fidelity,infidelity,z_counts_0,z_counts_1,x_counts_0,x_counts_1,y_counts_0,y_counts_1,reward
0,0,10,Z_only,0.8043287873939364,5.958385528353643,0.8467974547337482,0.15320254526625177,8,2,0,0,0,0,
0,0,10,ZX_split,0.8043287873939364,5.958385528353643,0.9070071937422215,0.0929928062577785,5,0,3,2,0,0,
0,0,10,XYZ_split,0.8043287873939364,5.958385528353643,0.9865939787584116,0.013406021241588406,2,1,2,1,2,2,
0,0,10,RL_adaptive,0.8043287873939364,5.958385528353643,0.9865939787584116,0.013406021241588406,1,0,1,0,4,4,0.9865939787584116
0,0,25,Z_only,0.8043287873939364,5.958385528353643,0.8467974547337482,0.15320254526625177,23,2,0,0,0,0,
0,0,25,ZX_split,0.8043287873939364,5.958385528353643,0.9794341845171457,0.0205658154828543,12,0,11,2,0,0,
0,0,25,XYZ_split,0.8043287873939364,5.958385528353643,0.9658567041345957,0.03414329586540432,6,2,7,1,2,7,
0,0,25,RL_adaptive,0.8043287873939364,5.958385528353643,0.9488356558733693,0.051164344126630734,1,0,13,5,1,5,0.9488356558733693
0,0,50,Z_only,0.8043287873939364,5.958385528353643,0.8467974547337482,0.15320254526625177,43,7,0,0,0,0,
0,0,50,ZX_split,0.8043287873939364,5.958385528353643,0.9818164750150989,0.018183524984901056,19,6,21,4,0,0,
0,0,50,XYZ_split,0.8043287873939364,5.958385528353643,0.9338366985397646,0.06616330146023541,14,2,15,1,12,6,
0,0,50,RL_adaptive,0.8043287873939364,5.958385528353643,0.9990400907308937,0.0009599092691062738,21,5,16,3,2,3,0.9990400907308937
0,0,100,Z_only,0.8043287873939364,5.958385528353643,0.8467974547337482,0.15320254526625177,84,16,0,0,0,0,
0,0,100,ZX_split,0.8043287873939364,5.958385528353643,0.9835868011301,0.016413198869900003,39,11,36,14,0,0,
0,0,100,XYZ_split,0.8043287873939364,5.958385528353643,0.9951083618996954,0.004891638100304574,32,1,28,5,13,21,
0,0,100,RL_adaptive,0.8043287873939364,5.958385528353643,0.9854593540565535,0.014540645943446506,57,14,16,3,5,5,0.9854593540565535
0,0,250,Z_only,0.8043287873939364,5.958385528353643,0.8467974547337482,0.15320254526625177,200,50,0,0,0,0,
0,0,250,ZX_split,0.8043287873939364,5.958385528353643,0.9865939787584116,0.013406021241588406,100,25,100,25,0,0,
0,0,250,XYZ_split,0.8043287873939364,5.958385528353643,0.9865257426876859,0.013474257312314109,70,13,72,11,21,63,
0,0,250,RL_adaptive,0.8043287873939364,5.958385528353643,0.9971394842008796,0.002860515799120389,76,10,90,16,25,33,0.9971394842008796
0,0,500,Z_only,0.8043287873939364,5.958385528353643,0.8467974547337482,0.15320254526625177,420,80,0,0,0,0,
0,0,500,ZX_split,0.8043287873939364,5.958385528353643,0.9856821080197897,0.014317891980210273,217,33,205,45,0,0,
0,0,500,XYZ_split,0.8043287873939364,5.958385528353643,0.9932343288339592,0.006765671166040765,136,30,137,29,52,116,
0,0,500,RL_adaptive,0.8043287873939364,5.958385528353643,0.9951921244676666,0.004807875532333417,168,21,181,39,29,62,0.9951921244676666
0,1,10,Z_only,0.8043287873939364,5.958385528353643,0.8467974547337482,0.15320254526625177,8,2,0,0,0,0,
0,1,10,ZX_split,0.8043287873939364,5.958385528353643,0.9865939787584116,0.013406021241588406,5,0,5,0,0,0,
0,1,10,XYZ_split,0.8043287873939364,5.958385528353643,0.9636636147943807,0.036336385205619326,3,0,3,0,0,4,
0,1,10,RL_adaptive,0.8043287873939364,5.958385528353643,0.9865939787584116,0.013406021241588406,1,0,1,0,4,4,0.9865939787584116
0,1,25,Z_only,0.8043287873939364,5.958385528353643,0.8467974547337482,0.15320254526625177,23,2,0,0,0,0,
0,1,25,ZX_split,0.8043287873939364,5.958385528353643,0.986434728123613,0.013565271876387008,10,2,11,2,0,0,
0,1,25,XYZ_split,0.8043287873939364,5.958385528353643,0.9452785318444645,0.05472146815553547,5,3,7,1,4,5,
0,1,25,RL_adaptive,0.8043287873939364,5.958385528353643,0.9993526395205904,0.0006473604794096088,1,0,17,1,2,4,0.9993526395205904
0,1,50,Z_only,0.8043287873939364,5.958385528353643,0.8467974547337482,0.15320254526625177,43,7,0,0,0,0,
0,1,50,ZX_split,0.8043287873939364,5.958385528353643,0.9828345810839227,0.017165418916077257,21,4,19,6,0,0,
0,1,50,XYZ_split,0.8043287873939364,5.958385528353643,0.9806065571541662,0.019393442845833775,15,1,13,3,9,9,
0,1,50,RL_adaptive,0.8043287873939364,5.958385528353643,0.9989892130878412,0.0010107869121588342,23,3,16,3,2,3,0.9989892130878412
0,1,100,Z_only,0.8043287873939364,5.958385528353643,0.8467974547337482,0.15320254526625177,84,16,0,0,0,0,
0,1,100,ZX_split,0.8043287873939364,5.958385528353643,0.9818164750150989,0.018183524984901056,38,12,42,8,0,0,
0,1,100,XYZ_split,0.8043287873939364,5.958385528353643,0.9987610150574551,0.0012389849425449295,29,4,28,5,14,20,
0,1,100,RL_adaptive,0.8043287873939364,5.958385528353643,0.9708228916220873,0.029177108377912653,62,11,16,2,5,4,0.9708228916220873
0,1,250,Z_only,0.8043287873939364,5.958385528353643,0.8467974547337482,0.15320254526625177,218,32,0,0,0,0,
0,1,250,ZX_split,0.8043287873939364,5.958385528353643,0.9861955556008506,0.013804444399149407,106,19,109,16,0,0,
0,1,250,XYZ_split,0.8043287873939364,5.958385528353643,0.9958231738055574,0.0041768261944425955,74,9,66,17,33,51,
0,1,250,RL_adaptive,0.8043287873939364,5.958385528353643,0.9774110517522976,0.02258894824770241,76,13,71,25,18,47,0.9774110517522976
0,1,500,Z_only,0.8043287873939364,5.958385528353643,0.8467974547337482,0.15320254526625177,435,65,0,0,0,0,
0,1,500,ZX_split,0.8043287873939364,5.958385528353643,0.9861369581506686,0.013863041849331403,216,34,207,43,0,0,
0,1,500,XYZ_split,0.8043287873939364,5.958385528353643,0.999799939357329,0.0002000606426709739,144,22,145,21,61,107,
0,1,500,RL_adaptive,0.8043287873939364,5.958385528353643,0.99531261435761,0.004687385642390018,164,28,178,39,29,62,0.99531261435761
0,2,10,Z_only,0.8043287873939364,5.958385528353643,0.8467974547337482,0.15320254526625177,10,0,0,0,0,0,
0,2,10,ZX_split,0.8043287873939364,5.958385528353643,0.7141663908844236,0.2858336091155764,2,3,4,1,0,0,
0,2,10,XYZ_split,0.8043287873939364,5.958385528353643,0.9174326751446423,0.08256732485535767,2,1,2,1,1,3,
0,2,10,RL_adaptive,0.8043287873939364,5.958385528353643,0.9204514913142605,0.07954850868573948,1,0,1,0,6,2,0.9204514913142605
0,2,25,Z_only,0.8043287873939364,5.958385528353643,0.8467974547337482,0.15320254526625177,16,9,0,0,0,0,
0,2,25,ZX_split,0.8043287873939364,5.958385528353643,0.9763892748780578,0.023610725121942178,10,2,13,0,0,0,
0,2,25,XYZ_split,0.8043287873939364,5.958385528353643,0.9363489973952392,0.06365100260476075,8,0,7,1,6,3,
0,2,25,RL_adaptive,0.8043287873939364,5.958385528353643,0.9736660927358628,0.026333907264137202,1,0,15,3,1,5,0.9736660927358628
0,2,50,Z_only,0.8043287873939364,5.958385528353643,0.8467974547337482,0.15320254526625177,42,8,0,0,0,0,
0,2,50,ZX_split,0.8043287873939364,5.958385528353643,0.9815213932463837,0.018478606753616345,20,5,18,7,0,0,
0,2,50,XYZ_split,0.8043287873939364,5.958385528353643,0.9251959986919243,0.07480400130807574,10,6,16,0,8,10,
0,2,50,RL_adaptive,0.8043287873939364,5.958385528353643,0.9857018966408387,0.014298103359161263,18,7,15,4,2,4,0.9857018966408387
0,2,100,Z_only,0.8043287873939364,5.958385528353643,0.8467974547337482,0.15320254526625177,87,13,0,0,0,0,
0,2,100,ZX_split,0.8043287873939364,5.958385528353643,0.9865939787584116,0.013406021241588406,41,9,41,9,0,0,
0,2,100,XYZ_split,0.8043287873939364,5.958385528353643,0.9923007791482705,0.007699220851729471,28,5,31,2,15,19,
0,2,100,RL_adaptive,0.8043287873939364,5.958385528353643,0.9700453042347026,0.029954695765297412,73,8,10,1,1,7,0.9700453042347026
0,2,250,Z_only,0.8043287873939364,5.958385528353643,0.8467974547337482,0.15320254526625177,212,38,0,0,0,0,
0,2,250,ZX_split,0.8043287873939364,5.958385528353643,0.986604110361203,0.01339588963879701,103,22,102,23,0,0,
0,2,250,XYZ_split,0.8043287873939364,5.958385528353643,0.9859589792657564,0.014041020734243626,70,13,71,12,21,63,
0,2,250,RL_adaptive,0.8043287873939364,5.958385528353643,0.9954944312653146,0.004505568734685439,68,15,94,9,23,41,0.9954944312653146
0,2,500,Z_only,0.8043287873939364,5.958385528353643,0.8467974547337482,0.15320254526625177,436,64,0,0,0,0,
0,2,500,ZX_split,0.8043287873939364,5.958385528353643,0.9866081826551577,0.013391817344842294,211,39,210,40,0,0,
0,2,500,XYZ_split,0.8043287873939364,5.958385528353643,0.9963993102563683,0.003600689743631702,133,33,145,21,61,107,
0,2,500,RL_adaptive,0.8043287873939364,5.958385528353643,0.993736334360362,0.006263665639637983,157,34,165,45,46,53,0.993736334360362
0,3,10,Z_only,0.8043287873939364,5.958385528353643,0.8467974547337482,0.15320254526625177,9,1,0,0,0,0,
0,3,10,ZX_split,0.8043287873939364,5.958385528353643,0.9729996699669848,0.027000330033015163,5,0,4,1,0,0,
0,3,10,XYZ_split,0.8043287873939364,5.958385528353643,0.9970789141913806,0.0029210858086193836,3,0,3,0,1,3,
0,3,10,RL_adaptive,0.8043287873939364,5.958385528353643,0.9591559435409468,0.0408440564590532,1,0,1,0,5,3,0.9591559435409468
0,3,25,Z_only,0.8043287873939364,5.958385528353643,0.8467974547337482,0.15320254526625177,24,1,0,0,0,0,
0,3,25,ZX_split,0.8043287873939364,5.958385528353643,0.970303601803767,0.029696398196233043,9,3,12,1,0,0,
0,3,25,XYZ_split,0.8043287873939364,5.958385528353643,0.9880999933909346,0.011900006609065428,7,1,6,2,3,6,
0,3,25,RL_adaptive,0.8043287873939364,5.958385528353643,0.9630246624674632,0.03697533753253679,1,0,14,4,1,5,0.9630246624674632
0,3,50,Z_only,0.8043287873939364,5.958385528353643,0.8467974547337482,0.15320254526625177,46,4,0,0,0,0,
0,3,50,ZX_split,0.8043287873939364,5.958385528353643,0.9775498666426486,0.022450133357351354,19,6,22,3,0,0,
0,3,50,XYZ_split,0.8043287873939364,5.958385528353643,0.9986705363324914,0.0013294636675086347,14,2,14,2,6,12,
0,3,50,RL_adaptive,0.8043287873939364,5.958385528353643,0.9992074393325255,0.0007925606674744623,23,3,17,2,2,3,0.9992074393325255
0,3,100,Z_only,0.8043287873939364,5.958385528353643,0.8467974547337482,0.15320254526625177,88,12,0,0,0,0,
0,3,100,ZX_split,0.8043287873939364,5.958385528353643,0.9684348209408702,0.03156517905912981,37,13,46,4,0,0,
0,3,100,XYZ_split,0.8043287873939364,5.958385528353643,0.9977441511697599,0.0022558488302401036,29,4,27,6,14,20,
0,3,100,RL_adaptive,0.8043287873939364,5.958385528353643,0.995628959488338,0.004371040511662039,65,9,8,1,5,12,0.995628959488338
0,3,250,Z_only,0.8043287873939364,5.958385528353643,0.8467974547337482,0.15320254526625177,209,41,0,0,0,0,
0,3,250,ZX_split,0.8043287873939364,5.958385528353643,0.9865539752958268,0.01344602470417322,107,18,105,20,0,0,
0,3,250,XYZ_split,0.8043287873939364,5.958385528353643,0.9989439365867673,0.0010560634132327218,67,16,70,13,32,52,
0,3,250,RL_adaptive,0.8043287873939364,5.958385528353643,0.9996950483157003,0.00030495168429967023,71,14,88,15,24,38,0.9996950483157003
0,3,500,Z_only,0.8043287873939364,5.958385528353643,0.8467974547337482,0.15320254526625177,436,64,0,0,0,0,
0,3,500,ZX_split,0.8043287873939364,5.958385528353643,0.9865846646876163,0.013415335312383703,210,40,207,43,0,0,
0,3,500,XYZ_split,0.8043287873939364,5.958385528353643,0.9955666688241068,0.004433331175893174,141,25,133,33,75,93,
0,3,500,RL_adaptive,0.8043287873939364,5.958385528353643,0.9993441984469712,0.0006558015530288008,156,37,179,35,36,57,0.9993441984469712
0,4,10,Z_only,0.8043287873939364,5.958385528353643,0.8467974547337482,0.15320254526625177,8,2,0,0,0,0,
0,4,10,ZX_split,0.8043287873939364,5.958385528353643,0.9729996699669848,0.027000330033015163,5,0,4,1,0,0,
0,4,10,XYZ_split,0.8043287873939364,5.958385528353643,0.6056105319190397,0.3943894680809603,2,1,1,2,0,4,
0,4,10,RL_adaptive,0.8043287873939364,5.958385528353643,0.5346823078797166,0.4653176921202834,0,1,1,0,2,6,0.5346823078797166
0,4,25,Z_only,0.8043287873939364,5.958385528353643,0.8467974547337482,0.15320254526625177,22,3,0,0,0,0,
0,4,25,ZX_split,0.8043287873939364,5.958385528353643,0.9827511697536175,0.017248830246382463,10,2,12,1,0,0,
0,4,25,XYZ_split,0.8043287873939364,5.958385528353643,0.946781720537651,0.05321827946234903,6,2,8,0,5,4,
0,4,25,RL_adaptive,0.8043287873939364,5.958385528353643,0.9999851051681165,1.4894831883549564e-05,1,0,18,0,2,4,0.9999851051681165
0,4,50,Z_only,0.8043287873939364,5.958385528353643,0.8467974547337482,0.15320254526625177,42,8,0,0,0,0,
0,4,50,ZX_split,0.8043287873939364,5.958385528353643,0.9818164750150989,0.018183524984901056,19,6,21,4,0,0,
0,4,50,XYZ_split,0.8043287873939364,5.958385528353643,0.9948314416159721,0.005168558384027855,14,2,13,3,8,10,
0,4,50,RL_adaptive,0.8043287873939364,5.958385528353643,0.9843503301549735,0.01564966984502647,23,3,18,1,1,4,0.9843503301549735
0,4,100,Z_only,0.8043287873939364,5.958385528353643,0.8467974547337482,0.15320254526625177,86,14,0,0,0,0,
0,4,100,ZX_split,0.8043287873939364,5.958385528353643,0.9749857270317059,0.02501427296829406,36,14,42,8,0,0,
0,4,100,XYZ_split,0.8043287873939364,5.958385528353643,0.9968588867263359,0.0031411132736640646,28,5,28,5,11,23,
0,4,100,RL_adaptive,0.8043287873939364,5.958385528353643,0.9895892217712455,0.01041077822875447,61,13,16,1,4,5,0.9895892217712455
0,4,250,Z_only,0.8043287873939364,5.958385528353643,0.8467974547337482,0.15320254526625177,225,25,0,0,0,0,
0,4,250,ZX_split,0.8043287873939364,5.958385528353643,0.9864214200574117,0.013578579942588265,106,19,103,22,0,0,
0,4,250,XYZ_split,0.8043287873939364,5.958385528353643,0.9999850758842445,1.4924115755543532e-05,71,12,71,12,32,52,
0,4,250,RL_adaptive,0.8043287873939364,5.958385528353643,0.9920380033559659,0.007961996644034075,74,13,88,18,27,30,0.9920380033559659
0,4,500,Z_only,0.8043287873939364,5.958385528353643,0.8467974547337482,0.15320254526625177,419,81,0,0,0,0,
0,4,500,ZX_split,0.8043287873939364,5.958385528353643,0.9863918687491869,0.01360813125081306,214,36,218,32,0,0,
0,4,500,XYZ_split,0.8043287873939364,5.958385528353643,0.9990913517452868,0.0009086482547131514,142,24,137,29,69,99,
0,4,500,RL_adaptive,0.8043287873939364,5.958385528353643,0.9983412047007731,0.0016587952992268562,165,25,178,38,39,55,0.9983412047007731
1,0,10,Z_only,0.15570598749381023,1.1620893492303894,0.9939511470711886,0.00604885292881141,10,0,0,0,0,0,
1,0,10,ZX_split,0.15570598749381023,1.1620893492303894,0.9904024075171788,0.009597592482821216,5,0,3,2,0,0,
1,0,10,XYZ_split,0.15570598749381023,1.1620893492303894,0.8440541122677275,0.15594588773227247,3,0,3,0,4,0,
1,0,10,RL_adaptive,0.15570598749381023,1.1620893492303894,0.8274862080992914,0.1725137919007086,1,0,0,1,4,4,0.8274862080992914
1,0,25,Z_only,0.15570598749381023,1.1620893492303894,0.9939511470711886,0.00604885292881141,25,0,0,0,0,0,
1,0,25,ZX_split,0.15570598749381023,1.1620893492303894,0.9743724434406822,0.02562755655931781,12,0,5,8,0,0,
1,0,25,XYZ_split,0.15570598749381023,1.1620893492303894,0.9707366167663938,0.02926338323360622,8,0,3,5,6,3,
1,0,25,RL_adaptive,0.15570598749381023,1.1620893492303894,0.9799057047550014,0.020094295244998617,1,0,9,8,3,4,0.9799057047550014
1,0,50,Z_only,0.15570598749381023,1.1620893492303894,0.9939511470711886,0.00604885292881141,49,1,0,0,0,0,
1,0,50,ZX_split,0.15570598749381023,1.1620893492303894,0.9948234843183007,0.005176515681699301,24,1,13,12,0,0,
1,0,50,XYZ_split,0.15570598749381023,1.1620893492303894,0.9914994438136869,0.008500556186313069,16,0,10,6,10,8,
1,0,50,RL_adaptive,0.15570598749381023,1.1620893492303894,0.8750423878241147,0.1249576121758853,25,0,5,12,8,0,0.8750423878241147
1,0,100,Z_only,0.15570598749381023,1.1620893492303894,0.9939511470711886,0.00604885292881141,99,1,0,0,0,0,
1,0,100,ZX_split,0.15570598749381023,1.1620893492303894,0.9948058023273446,0.005194197672655387,49,1,26,24,0,0,
1,0,100,XYZ_split,0.15570598749381023,1.1620893492303894,0.9807213772126145,0.019278622787385458,33,0,20,13,24,10,
1,0,100,RL_adaptive,0.15570598749381023,1.1620893492303894,0.9597923024429341,0.04020769755706588,72,0,15,6,5,2,0.9597923024429341
1,0,250,Z_only,0.15570598749381023,1.1620893492303894,0.9939511470711886,0.00604885292881141,248,2,0,0,0,0,
1,0,250,ZX_split,0.15570598749381023,1.1620893492303894,0.9947509483438176,0.005249051656182391,125,0,68,57,0,0,
1,0,250,XYZ_split,0.15570598749381023,1.1620893492303894,0.9953119221145333,0.004688077885466657,82,1,47,36,53,31,
1,0,250,RL_adaptive,0.15570598749381023,1.1620893492303894,0.9984995838580477,0.0015004161419522877,97,3,52,51,28,19,0.9984995838580477
1,0,500,Z_only,0.15570598749381023,1.1620893492303894,0.9939511470711886,0.00604885292881141,497,3,0,0,0,0,
1,0,500,ZX_split,0.15570598749381023,1.1620893492303894,0.9947951734451081,0.00520482655489185,248,2,130,120,0,0,
1,0,500,XYZ_split,0.15570598749381023,1.1620893492303894,0.9980236643985191,0.0019763356014809164,165,1,81,85,94,74,
1,0,500,RL_adaptive,0.15570598749381023,1.1620893492303894,0.9996863979660363,0.00031360203396368913,176,1,104,96,72,51,0.9996863979660363
1,1,10,Z_only,0.15570598749381023,1.1620893492303894,0.9939511470711886,0.00604885292881141,10,0,0,0,0,0,
1,1,10,ZX_split,0.15570598749381023,1.1620893492303894,0.9783154915895632,0.021684508410436787,5,0,2,3,0,0,
1,1,10,XYZ_split,0.15570598749381023,1.1620893492303894,0.8840883463893713,0.11591165361062872,3,0,1,2,1,3,
1,1,10,RL_adaptive,0.15570598749381023,1.1620893492303894,0.8530147040893574,0.14698529591064258,1,0,1,0,3,5,0.8530147040893574
1,1,25,Z_only,0.15570598749381023,1.1620893492303894,0.9939511470711886,0.00604885292881141,25,0,0,0,0,0,
1,1,25,ZX_split,0.15570598749381023,1.1620893492303894,0.9882308541781667,0.011769145821833304,12,0,8,5,0,0,
1,1,25,XYZ_split,0.15570598749381023,1.1620893492303894,0.9569226720533154,0.04307732794668462,8,0,6,2,6,3,
1,1,25,RL_adaptive,0.15570598749381023,1.1620893492303894,0.9392388930689991,0.0607611069310009,1,0,5,11,6,2,0.9392388930689991
1,1,50,Z_only,0.15570598749381023,1.1620893492303894,0.9939511470711886,0.00604885292881141,49,1,0,0,0,0,
1,1,50,ZX_split,0.15570598749381023,1.1620893492303894,0.9645315865748022,0.0354684134251978,25,0,18,7,0,0,
1,1,50,XYZ_split,0.15570598749381023,1.1620893492303894,0.9884715679389023,0.01152843206109766,15,1,10,6,10,8,
1,1,50,RL_adaptive,0.15570598749381023,1.1620893492303894,0.994888060048557,0.00511193995144299,25,0,10,9,3,3,0.994888060048557
1,1,100,Z_only,0.15570598749381023,1.1620893492303894,0.9939511470711886,0.00604885292881141,100,0,0,0,0,0,
1,1,100,ZX_split,0.15570598749381023,1.1620893492303894,0.9947881031977657,0.005211896802234328,50,0,26,24,0,0,
1,1,100,XYZ_split,0.15570598749381023,1.1620893492303894,0.99765905906138,0.0023409409386200286,33,0,16,17,20,14,
1,1,100,RL_adaptive,0.15570598749381023,1.1620893492303894,0.9441134267034352,0.05588657329656477,70,0,12,11,6,1,0.9441134267034352
1,1,250,Z_only,0.15570598749381023,1.1620893492303894,0.9939511470711886,0.00604885292881141,249,1,0,0,0,0,
1,1,250,ZX_split,0.15570598749381023,1.1620893492303894,0.9947509483438176,0.005249051656182391,125,0,68,57,0,0,
1,1,250,XYZ_split,0.15570598749381023,1.1620893492303894,0.9962973120768911,0.003702687923108905,82,1,43,40,53,31,
1,1,250,RL_adaptive,0.15570598749381023,1.1620893492303894,0.9967961780046544,0.003203821995345635,101,0,49,54,27,19,0.9967961780046544
1,1,500,Z_only,0.15570598749381023,1.1620893492303894,0.9939511470711886,0.00604885292881141,491,9,0,0,0,0,
1,1,500,ZX_split,0.15570598749381023,1.1620893492303894,0.9933949451981845,0.006605054801815502,250,0,123,127,0,0,
1,1,500,XYZ_split,0.15570598749381023,1.1620893492303894,0.9998573171821641,0.0001426828178359152,166,0,90,76,97,71,
1,1,500,RL_adaptive,0.15570598749381023,1.1620893492303894,0.9933313401966447,0.006668659803355292,178,0,122,85,59,56,0.9933313401966447
1,2,10,Z_only,0.15570598749381023,1.1620893492303894,0.9939511470711886,0.00604885292881141,9,1,0,0,0,0,
1,2,10,ZX_split,0.15570598749381023,1.1620893492303894,0.9783154915895632,0.021684508410436787,5,0,2,3,0,0,
1,2,10,XYZ_split,0.15570598749381023,1.1620893492303894,0.9450760713972185,0.0549239286027815,3,0,1,2,3,1,
1,2,10,RL_adaptive,0.15570598749381023,1.1620893492303894,0.8710662032385308,0.1289337967614692,1,0,1,0,4,4,0.8710662032385308
1,2,25,Z_only,0.15570598749381023,1.1620893492303894,0.9939511470711886,0.00604885292881141,25,0,0,0,0,0,
1,2,25,ZX_split,0.15570598749381023,1.1620893492303894,0.9901327497316578,0.009867250268342231,12,0,6,7,0,0,
1,2,25,XYZ_split,0.15570598749381023,1.1620893492303894,0.9849592521911783,0.015040747808821697,8,0,5,3,6,3,
1,2,25,RL_adaptive,0.15570598749381023,1.1620893492303894,0.966476112885061,0.03352388711493903,1,0,7,10,3,4,0.966476112885061
1,2,50,Z_only,0.15570598749381023,1.1620893492303894,0.9939511470711886,0.00604885292881141,49,1,0,0,0,0,
1,2,50,ZX_split,0.15570598749381023,1.1620893492303894,0.9941041978478635,0.005895802152136476,25,0,14,11,0,0,
1,2,50,XYZ_split,0.15570598749381023,1.1620893492303894,0.9987874729326223,0.0012125270673777333,16,0,8,8,10,8,
1,2,50,RL_adaptive,0.15570598749381023,1.1620893492303894,0.99164878452051,0.008351215479490026,25,0,9,10,3,3,0.99164878452051
1,2,100,Z_only,0.15570598749381023,1.1620893492303894,0.9939511470711886,0.00604885292881141,99,1,0,0,0,0,
1,2,100,ZX_split,0.15570598749381023,1.1620893492303894,0.9948058023273446,0.005194197672655387,49,1,26,24,0,0,
1,2,100,XYZ_split,0.15570598749381023,1.1620893492303894,0.9962933598406669,0.0037066401593330855,33,0,19,14,21,13,
1,2,100,RL_adaptive,0.15570598749381023,1.1620893492303894,0.9441134267034352,0.05588657329656477,70,0,12,11,6,1,0.9441134267034352
1,2,250,Z_only,0.15570598749381023,1.1620893492303894,0.9939511470711886,0.00604885292881141,249,1,0,0,0,0,
1,2,250,ZX_split,0.15570598749381023,1.1620893492303894,0.9881136938234899,0.011886306176510097,125,0,56,69,0,0,
1,2,250,XYZ_split,0.15570598749381023,1.1620893492303894,0.9997649951095583,0.00023500489044170347,83,0,45,38,49,35,
1,2,250,RL_adaptive,0.15570598749381023,1.1620893492303894,0.999860282269721,0.0001397177302789876,98,0,56,48,27,21,0.999860282269721
1,2,500,Z_only,0.15570598749381023,1.1620893492303894,0.9939511470711886,0.00604885292881141,496,4,0,0,0,0,
1,2,500,ZX_split,0.15570598749381023,1.1620893492303894,0.9930613255613951,0.006938674438604853,249,1,122,128,0,0,
1,2,500,XYZ_split,0.15570598749381023,1.1620893492303894,0.9831355822434381,0.01686441775656189,166,0,111,55,98,70,
1,2,500,RL_adaptive,0.15570598749381023,1.1620893492303894,0.9985824876936642,0.0014175123063357997,176,1,106,94,75,48,0.9985824876936642
1,3,10,Z_only,0.15570598749381023,1.1620893492303894,0.9939511470711886,0.00604885292881141,10,0,0,0,0,0,
1,3,10,ZX_split,0.15570598749381023,1.1620893492303894,0.9904024075171788,0.009597592482821216,5,0,3,2,0,0,
1,3,10,XYZ_split,0.15570598749381023,1.1620893492303894,0.9016973235819615,0.09830267641803847,3,0,2,1,1,3,
1,3,10,RL_adaptive,0.15570598749381023,1.1620893492303894,0.8710662032385308,0.1289337967614692,1,0,1,0,4,4,0.8710662032385308
1,3,25,Z_only,0.15570598749381023,1.1620893492303894,0.9939511470711886,0.00604885292881141,24,1,0,0,0,0,
1,3,25,ZX_split,0.15570598749381023,1.1620893492303894,0.9901327497316578,0.009867250268342231,12,0,6,7,0,0,
1,3,25,XYZ_split,0.15570598749381023,1.1620893492303894,0.9914994438136869,0.008500556186313069,8,0,5,3,5,4,
1,3,25,RL_adaptive,0.15570598749381023,1.1620893492303894,0.9863007939067835,0.01369920609321651,1,0,7,10,4,3,0.9863007939067835
1,3,50,Z_only,0.15570598749381023,1.1620893492303894,0.9939511470711886,0.00604885292881141,50,0,0,0,0,0,
1,3,50,ZX_split,0.15570598749381023,1.1620893492303894,0.9923248162327525,0.007675183767247518,25,0,12,13,0,0,
1,3,50,XYZ_split,0.15570598749381023,1.1620893492303894,0.9323324402421826,0.06766755975781735,16,0,13,3,13,5,
1,3,50,RL_adaptive,0.15570598749381023,1.1620893492303894,0.9868977449202057,0.013102255079794345,26,0,11,7,4,2,0.9868977449202057
1,3,100,Z_only,0.15570598749381023,1.1620893492303894,0.9939511470711886,0.00604885292881141,97,3,0,0,0,0,
1,3,100,ZX_split,0.15570598749381023,1.1620893492303894,0.9828788433213478,0.017121156678652216,50,0,21,29,0,0,
1,3,100,XYZ_split,0.15570598749381023,1.1620893492303894,0.9990484766043788,0.0009515233956212121,31,2,17,16,20,14,
1,3,100,RL_adaptive,0.15570598749381023,1.1620893492303894,0.9789242266879645,0.021075773312035473,77,0,8,8,3,4,0.9789242266879645
1,3,250,Z_only,0.15570598749381023,1.1620893492303894,0.9939511470711886,0.00604885292881141,248,2,0,0,0,0,
1,3,250,ZX_split,0.15570598749381023,1.1620893492303894,0.9850644081103723,0.014935591889627675,124,1,79,46,0,0,
1,3,250,XYZ_split,0.15570598749381023,1.1620893492303894,0.9974478252577695,0.002552174742230462,82,1,47,36,51,33,
1,3,250,RL_adaptive,0.15570598749381023,1.1620893492303894,0.998710497332347,0.0012895026676530419,98,0,57,49,28,18,0.998710497332347
1,3,500,Z_only,0.15570598749381023,1.1620893492303894,0.9939511470711886,0.00604885292881141,497,3,0,0,0,0,
1,3,500,ZX_split,0.15570598749381023,1.1620893492303894,0.9942672509998928,0.005732749000107229,248,2,139,111,0,0,
1,3,500,XYZ_split,0.15570598749381023,1.1620893492303894,0.9990283912789752,0.0009716087210247526,166,0,86,80,101,67,
1,3,500,RL_adaptive,0.15570598749381023,1.1620893492303894,0.9903967317962222,0.00960326820377777,179,0,116,90,55,60,0.9903967317962222
1,4,10,Z_only,0.15570598749381023,1.1620893492303894,0.9939511470711886,0.00604885292881141,10,0,0,0,0,0,
1,4,10,ZX_split,0.15570598749381023,1.1620893492303894,0.9394141663014042,0.060585833698595826,5,0,4,1,0,0,
1,4,10,XYZ_split,0.15570598749381023,1.1620893492303894,0.8960005063631861,0.10399949363681393,3,0,2,1,4,0,
1,4,10,RL_adaptive,0.15570598749381023,1.1620893492303894,0.8440541122677275,0.15594588773227247,1,0,1,0,8,0,0.8440541122677275
1,4,25,Z_only,0.15570598749381023,1.1620893492303894,0.9939511470711886,0.00604885292881141,25,0,0,0,0,0,
1,4,25,ZX_split,0.15570598749381023,1.1620893492303894,0.9948596638803026,0.005140336119697442,12,0,7,6,0,0,
1,4,25,XYZ_split,0.15570598749381023,1.1620893492303894,0.9766377220430152,0.023362277956984756,8,0,3,5,5,4,
1,4,25,RL_adaptive,0.15570598749381023,1.1620893492303894,0.9969069872132179,0.00309301278678209,1,0,10,7,4,3,0.9969069872132179
1,4,50,Z_only,0.15570598749381023,1.1620893492303894,0.9939511470711886,0.00604885292881141,50,0,0,0,0,0,
1,4,50,ZX_split,0.15570598749381023,1.1620893492303894,0.9839660197417143,0.01603398025828573,25,0,16,9,0,0,
1,4,50,XYZ_split,0.15570598749381023,1.1620893492303894,0.9840576090387149,0.015942390961285136,16,0,7,9,12,6,
1,4,50,RL_adaptive,0.15570598749381023,1.1620893492303894,0.9920458592912084,0.007954140708791635,24,1,11,8,3,3,0.9920458592912084
1,4,100,Z_only,0.15570598749381023,1.1620893492303894,0.9939511470711886,0.00604885292881141,98,2,0,0,0,0,
1,4,100,ZX_split,0.15570598749381023,1.1620893492303894,0.9948354559017007,0.005164544098299251,50,0,27,23,0,0,
1,4,100,XYZ_split,0.15570598749381023,1.1620893492303894,0.9823594047973465,0.017640595202653486,33,0,22,11,21,13,
1,4,100,RL_adaptive,0.15570598749381023,1.1620893492303894,0.9757906013298793,0.02420939867012073,71,1,13,8,5,2,0.9757906013298793
1,4,250,Z_only,0.15570598749381023,1.1620893492303894,0.9939511470711886,0.00604885292881141,249,1,0,0,0,0,
1,4,250,ZX_split,0.15570598749381023,1.1620893492303894,0.9949040836988893,0.005095916301110726,124,1,66,59,0,0,
1,4,250,XYZ_split,0.15570598749381023,1.1620893492303894,0.9985171810743549,0.0014828189256450575,82,1,41,42,47,37,
1,4,250,RL_adaptive,0.15570598749381023,1.1620893492303894,0.9932142196679842,0.006785780332015823,99,2,46,54,26,23,0.9932142196679842
1,4,500,Z_only,0.15570598749381023,1.1620893492303894,0.9939511470711886,0.00604885292881141,499,1,0,0,0,0,
1,4,500,ZX_split,0.15570598749381023,1.1620893492303894,0.9943838729201279,0.005616127079872135,249,1,127,123,0,0,
1,4,500,XYZ_split,0.15570598749381023,1.1620893492303894,0.9942942539484108,0.005705746051589244,166,0,76,90,100,68,
1,4,500,RL_adaptive,0.15570598749381023,1.1620893492303894,0.9971493243818649,0.0028506756181351234,176,0,95,103,70,56,0.9971493243818649
2,0,10,Z_only,0.9231993117350017,1.6197379277021073,0.8016358414619605,0.19836415853803946,8,2,0,0,0,0,
2,0,10,ZX_split,0.9231993117350017,1.6197379277021073,0.7799877403346194,0.22001225966538063,4,1,3,2,0,0,
2,0,10,XYZ_split,0.9231993117350017,1.6197379277021073,0.9455767373593201,0.05442326264067987,2,1,1,2,3,1,
2,0,10,RL_adaptive,0.9231993117350017,1.6197379277021073,0.8628510491431375,0.13714895085686252,1,0,1,0,7,1,0.8628510491431375
2,0,25,Z_only,0.9231993117350017,1.6197379277021073,0.8016358414619605,0.19836415853803946,18,7,0,0,0,0,
2,0,25,ZX_split,0.9231993117350017,1.6197379277021073,0.7509783755635138,0.24902162443648623,9,3,4,9,0,0,
2,0,25,XYZ_split,0.9231993117350017,1.6197379277021073,0.9714871647106257,0.028512835289374316,5,3,4,4,8,1,
2,0,25,RL_adaptive,0.9231993117350017,1.6197379277021073,0.965633333522848,0.03436666647715203,1,0,5,11,7,1,0.965633333522848
2,0,50,Z_only,0.9231993117350017,1.6197379277021073,0.8016358414619605,0.19836415853803946,41,9,0,0,0,0,
2,0,50,ZX_split,0.9231993117350017,1.6197379277021073,0.8016254441034556,0.1983745558965444,24,1,11,14,0,0,
2,0,50,XYZ_split,0.9231993117350017,1.6197379277021073,0.9950205231704045,0.004979476829595542,12,4,8,8,17,1,
2,0,50,RL_adaptive,0.9231993117350017,1.6197379277021073,0.9802459072805355,0.01975409271946449,19,7,6,10,8,0,0.9802459072805355
2,0,100,Z_only,0.9231993117350017,1.6197379277021073,0.8016358414619605,0.19836415853803946,88,12,0,0,0,0,
2,0,100,ZX_split,0.9231993117350017,1.6197379277021073,0.8022337125469094,0.19776628745309055,45,5,24,26,0,0,
2,0,100,XYZ_split,0.9231993117350017,1.6197379277021073,0.9815710291047111,0.018428970895288943,27,6,18,15,26,8,
2,0,100,RL_adaptive,0.9231993117350017,1.6197379277021073,0.9997928720252042,0.00020712797479582878,52,12,13,14,8,1,0.9997928720252042
2,0,250,Z_only,0.9231993117350017,1.6197379277021073,0.8016358414619605,0.19836415853803946,209,41,0,0,0,0,
2,0,250,ZX_split,0.9231993117350017,1.6197379277021073,0.7837157620848082,0.2162842379151918,98,27,73,52,0,0,
2,0,250,XYZ_split,0.9231993117350017,1.6197379277021073,0.9867890346392962,0.013210965360703764,73,10,30,53,76,8,
2,0,250,RL_adaptive,0.9231993117350017,1.6197379277021073,0.9984749949185922,0.0015250050814078486,82,23,48,57,37,3,0.9984749949185922
2,0,500,Z_only,0.9231993117350017,1.6197379277021073,0.8016358414619605,0.19836415853803946,397,103,0,0,0,0,
2,0,500,ZX_split,0.9231993117350017,1.6197379277021073,0.7995202083175074,0.20047979168249264,196,54,130,120,0,0,
2,0,500,XYZ_split,0.9231993117350017,1.6197379277021073,0.9985686248604714,0.0014313751395286234,127,39,79,87,153,15,
2,0,500,RL_adaptive,0.9231993117350017,1.6197379277021073,0.9993832219240041,0.0006167780759959163,143,41,85,92,126,13,0.9993832219240041
2,1,10,Z_only,0.9231993117350017,1.6197379277021073,0.8016358414619605,0.19836415853803946,8,2,0,0,0,0,
2,1,10,ZX_split,0.9231993117350017,1.6197379277021073,0.7919523361965314,0.20804766380346862,5,0,3,2,0,0,
2,1,10,XYZ_split,0.9231993117350017,1.6197379277021073,0.9861978388024707,0.013802161197529306,3,0,1,2,4,0,
2,1,10,RL_adaptive,0.9231993117350017,1.6197379277021073,0.5670667957357451,0.43293320426425486,0,1,0,1,8,0,0.5670667957357451
2,1,25,Z_only,0.9231993117350017,1.6197379277021073,0.8016358414619605,0.19836415853803946,22,3,0,0,0,0,
2,1,25,ZX_split,0.9231993117350017,1.6197379277021073,0.7959019394928118,0.20409806050718815,11,1,5,8,0,0,
2,1,25,XYZ_split,0.9231993117350017,1.6197379277021073,0.9789168560397473,0.02108314396025268,7,1,5,3,8,1,
2,1,25,RL_adaptive,0.9231993117350017,1.6197379277021073,0.9345614230729103,0.06543857692708965,1,0,8,9,5,2,0.9345614230729103
2,1,50,Z_only,0.9231993117350017,1.6197379277021073,0.8016358414619605,0.19836415853803946,44,6,0,0,0,0,
2,1,50,ZX_split,0.9231993117350017,1.6197379277021073,0.8001935827305819,0.19980641726941806,22,3,13,12,0,0,
2,1,50,XYZ_split,0.9231993117350017,1.6197379277021073,0.9859698302930542,0.014030169706945816,12,4,6,10,16,2,
2,1,50,RL_adaptive,0.9231993117350017,1.6197379277021073,0.9574782922409873,0.04252170775901265,16,10,10,7,5,2,0.9574782922409873
2,1,100,Z_only,0.9231993117350017,1.6197379277021073,0.8016358414619605,0.19836415853803946,81,19,0,0,0,0,
2,1,100,ZX_split,0.9231993117350017,1.6197379277021073,0.7994793677521155,0.20052063224788452,39,11,26,24,0,0,
2,1,100,XYZ_split,0.9231993117350017,1.6197379277021073,0.9842940709247578,0.015705929075242153,25,8,12,21,32,2,
2,1,100,RL_adaptive,0.9231993117350017,1.6197379277021073,0.9970530394166113,0.0029469605833887247,43,18,11,10,14,4,0.9970530394166113
2,1,250,Z_only,0.9231993117350017,1.6197379277021073,0.8016358414619605,0.19836415853803946,193,57,0,0,0,0,
2,1,250,ZX_split,0.9231993117350017,1.6197379277021073,0.7929670195374406,0.20703298046255936,98,27,51,74,0,0,
2,1,250,XYZ_split,0.9231993117350017,1.6197379277021073,0.9957049951300687,0.004295004869931285,64,19,35,48,75,9,
2,1,250,RL_adaptive,0.9231993117350017,1.6197379277021073,0.9951631711459475,0.004836828854052455,79,26,49,56,38,2,0.9951631711459475
2,1,500,Z_only,0.9231993117350017,1.6197379277021073,0.8016358414619605,0.19836415853803946,406,94,0,0,0,0,
2,1,500,ZX_split,0.9231993117350017,1.6197379277021073,0.8018719085708409,0.1981280914291591,199,51,124,126,0,0,
2,1,500,XYZ_split,0.9231993117350017,1.6197379277021073,0.9994662559030897,0.0005337440969103158,133,33,76,90,153,15,
2,1,500,RL_adaptive,0.9231993117350017,1.6197379277021073,0.9958113694798917,0.004188630520108316,140,45,74,98,128,15,0.9958113694798917
2,2,10,Z_only,0.9231993117350017,1.6197379277021073,0.8016358414619605,0.19836415853803946,7,3,0,0,0,0,
2,2,10,ZX_split,0.9231993117350017,1.6197379277021073,0.7919523361965314,0.20804766380346862,5,0,3,2,0,0,
2,2,10,XYZ_split,0.9231993117350017,1.6197379277021073,0.8208483260289892,0.17915167397101084,3,0,3,0,3,1,
2,2,10,RL_adaptive,0.9231993117350017,1.6197379277021073,0.8208483260289892,0.17915167397101084,1,0,1,0,6,2,0.8208483260289892
2,2,25,Z_only,0.9231993117350017,1.6197379277021073,0.8016358414619605,0.19836415853803946,23,2,0,0,0,0,
2,2,25,ZX_split,0.9231993117350017,1.6197379277021073,0.7854890926892346,0.2145109073107654,11,1,8,5,0,0,
2,2,25,XYZ_split,0.9231993117350017,1.6197379277021073,0.9960832329281963,0.003916767071803662,7,1,4,4,8,1,
2,2,25,RL_adaptive,0.9231993117350017,1.6197379277021073,0.5654035116590302,0.43459648834096976,0,1,10,7,7,0,0.5654035116590302
2,2,50,Z_only,0.9231993117350017,1.6197379277021073,0.8016358414619605,0.19836415853803946,40,10,0,0,0,0,
2,2,50,ZX_split,0.9231993117350017,1.6197379277021073,0.7867395470577856,0.2132604529422144,22,3,15,10,0,0,
2,2,50,XYZ_split,0.9231993117350017,1.6197379277021073,0.957875774378387,0.042124225621613,12,4,11,5,17,1,
2,2,50,RL_adaptive,0.9231993117350017,1.6197379277021073,0.9863401782307687,0.013659821769231306,20,6,6,10,8,0,0.9863401782307687
2,2,100,Z_only,0.9231993117350017,1.6197379277021073,0.8016358414619605,0.19836415853803946,85,15,0,0,0,0,
2,2,100,ZX_split,0.9231993117350017,1.6197379277021073,0.787898231485479,0.212101768514521,41,9,29,21,0,0,
2,2,100,XYZ_split,0.9231993117350017,1.6197379277021073,0.9911745285667803,0.008825471433219656,28,5,17,16,28,6,
2,2,100,RL_adaptive,0.9231993117350017,1.6197379277021073,0.9943576307682699,0.0056423692317301155,53,11,11,16,8,1,0.9943576307682699
2,2,250,Z_only,0.9231993117350017,1.6197379277021073,0.8016358414619605,0.19836415853803946,196,54,0,0,0,0,
2,2,250,ZX_split,0.9231993117350017,1.6197379277021073,0.8021985421681667,0.19780145783183334,97,28,61,64,0,0,
2,2,250,XYZ_split,0.9231993117350017,1.6197379277021073,0.9891712850408757,0.010828714959124297,69,14,49,34,77,7,
2,2,250,RL_adaptive,0.9231993117350017,1.6197379277021073,0.9999291761596459,7.082384035406175e-05,87,16,53,56,36,2,0.9999291761596459
2,2,500,Z_only,0.9231993117350017,1.6197379277021073,0.8016358414619605,0.19836415853803946,401,99,0,0,0,0,
2,2,500,ZX_split,0.9231993117350017,1.6197379277021073,0.8020655582832428,0.19793444171675723,196,54,123,127,0,0,
2,2,500,XYZ_split,0.9231993117350017,1.6197379277021073,0.9999098669012917,9.013309870831154e-05,136,30,78,88,156,12,
2,2,500,RL_adaptive,0.9231993117350017,1.6197379277021073,0.9986320959413643,0.0013679040586357383,149,33,79,98,126,15,0.9986320959413643
2,3,10,Z_only,0.9231993117350017,1.6197379277021073,0.8016358414619605,0.19836415853803946,10,0,0,0,0,0,
2,3,10,ZX_split,0.9231993117350017,1.6197379277021073,0.7919523361965314,0.20804766380346862,5,0,3,2,0,0,
2,3,10,XYZ_split,0.9231993117350017,1.6197379277021073,0.7752026345320175,0.22479736546798246,1,2,1,2,4,0,
2,3,10,RL_adaptive,0.9231993117350017,1.6197379277021073,0.9153658642663495,0.08463413573365053,1,0,0,1,8,0,0.9153658642663495
2,3,25,Z_only,0.9231993117350017,1.6197379277021073,0.8016358414619605,0.19836415853803946,16,9,0,0,0,0,
2,3,25,ZX_split,0.9231993117350017,1.6197379277021073,0.7656978763853075,0.2343021236146925,9,3,8,5,0,0,
2,3,25,XYZ_split,0.9231993117350017,1.6197379277021073,0.9711250771236786,0.02887492287632143,7,1,2,6,9,0,
2,3,25,RL_adaptive,0.9231993117350017,1.6197379277021073,0.9886981924991425,0.01130180750085752,1,0,10,7,7,0,0.9886981924991425
2,3,50,Z_only,0.9231993117350017,1.6197379277021073,0.8016358414619605,0.19836415853803946,38,12,0,0,0,0,
2,3,50,ZX_split,0.9231993117350017,1.6197379277021073,0.7815871953520112,0.21841280464798885,20,5,9,16,0,0,
2,3,50,XYZ_split,0.9231993117350017,1.6197379277021073,0.9583885754821662,0.04161142451783384,11,5,5,11,17,1,
2,3,50,RL_adaptive,0.9231993117350017,1.6197379277021073,0.9936886778621531,0.006311322137846909,20,6,8,8,8,0,0.9936886778621531
2,3,100,Z_only,0.9231993117350017,1.6197379277021073,0.8016358414619605,0.19836415853803946,82,18,0,0,0,0,
2,3,100,ZX_split,0.9231993117350017,1.6197379277021073,0.7923260294421298,0.20767397055787018,37,13,21,29,0,0,
2,3,100,XYZ_split,0.9231993117350017,1.6197379277021073,0.9675737303794262,0.03242626962057382,28,5,10,23,29,5,
2,3,100,RL_adaptive,0.9231993117350017,1.6197379277021073,0.9990219522746698,0.0009780477253301667,46,17,12,14,9,2,0.9990219522746698
2,3,250,Z_only,0.9231993117350017,1.6197379277021073,0.8016358414619605,0.19836415853803946,201,49,0,0,0,0,
2,3,250,ZX_split,0.9231993117350017,1.6197379277021073,0.8017004700114194,0.19829952998858058,106,19,57,68,0,0,
2,3,250,XYZ_split,0.9231993117350017,1.6197379277021073,0.9944267987974554,0.005573201202544564,72,11,37,46,73,11,
2,3,250,RL_adaptive,0.9231993117350017,1.6197379277021073,0.9974295755531314,0.0025704244468686133,80,23,53,54,38,2,0.9974295755531314
2,3,500,Z_only,0.9231993117350017,1.6197379277021073,0.8016358414619605,0.19836415853803946,393,107,0,0,0,0,
2,3,500,ZX_split,0.9231993117350017,1.6197379277021073,0.8020800532341013,0.19791994676589875,195,55,118,132,0,0,
2,3,500,XYZ_split,0.9231993117350017,1.6197379277021073,0.9996573206033895,0.0003426793966104791,133,33,77,89,149,19,
2,3,500,RL_adaptive,0.9231993117350017,1.6197379277021073,0.9996301656207582,0.00036983437924176243,145,39,82,94,126,14,0.9996301656207582
2,4,10,Z_only,0.9231993117350017,1.6197379277021073,0.8016358414619605,0.19836415853803946,9,1,0,0,0,0,
2,4,10,ZX_split,0.9231993117350017,1.6197379277021073,0.6994941223614433,0.30050587763855674,3,2,3,2,0,0,
2,4,10,XYZ_split,0.9231993117350017,1.6197379277021073,0.9772467030879807,0.022753296912019327,3,0,2,1,4,0,
2,4,10,RL_adaptive,0.9231993117350017,1.6197379277021073,0.9153658642663495,0.08463413573365053,1,0,0,1,8,0,0.9153658642663495
2,4,25,Z_only,0.9231993117350017,1.6197379277021073,0.8016358414619605,0.19836415853803946,22,3,0,0,0,0,
2,4,25,ZX_split,0.9231993117350017,1.6197379277021073,0.7786602172936306,0.22133978270636945,10,2,8,5,0,0,
2,4,25,XYZ_split,0.9231993117350017,1.6197379277021073,0.9474612932353424,0.05253870676465755,6,2,2,6,8,1,
2,4,25,RL_adaptive,0.9231993117350017,1.6197379277021073,0.931664113093195,0.06833588690680503,1,0,7,10,5,2,0.931664113093195
2,4,50,Z_only,0.9231993117350017,1.6197379277021073,0.8016358414619605,0.19836415853803946,41,9,0,0,0,0,
2,4,50,ZX_split,0.9231993117350017,1.6197379277021073,0.7976365978959705,0.20236340210402948,17,8,13,12,0,0,
2,4,50,XYZ_split,0.9231993117350017,1.6197379277021073,0.9776958486650013,0.022304151334998745,11,5,9,7,17,1,
2,4,50,RL_adaptive,0.9231993117350017,1.6197379277021073,0.9762594686796883,0.02374053132031173,18,7,6,11,7,1,0.9762594686796883
2,4,100,Z_only,0.9231993117350017,1.6197379277021073,0.8016358414619605,0.19836415853803946,74,26,0,0,0,0,
2,4,100,ZX_split,0.9231993117350017,1.6197379277021073,0.8016358414619605,0.19836415853803946,41,9,25,25,0,0,
2,4,100,XYZ_split,0.9231993117350017,1.6197379277021073,0.9900387204292964,0.009961279570703585,28,5,12,21,32,2,
2,4,100,RL_adaptive,0.9231993117350017,1.6197379277021073,0.9779712294540762,0.02202877054592378,46,15,13,8,16,2,0.9779712294540762
2,4,250,Z_only,0.9231993117350017,1.6197379277021073,0.8016358414619605,0.19836415853803946,191,59,0,0,0,0,
2,4,250,ZX_split,0.9231993117350017,1.6197379277021073,0.801273967316585,0.19872603268341504,100,25,57,68,0,0,
2,4,250,XYZ_split,0.9231993117350017,1.6197379277021073,0.998671480278089,0.001328519721910948,67,16,37,46,79,5,
2,4,250,RL_adaptive,0.9231993117350017,1.6197379277021073,0.9998074834290203,0.0001925165709797394,85,19,50,56,36,4,0.9998074834290203
2,4,500,Z_only,0.9231993117350017,1.6197379277021073,0.8016358414619605,0.19836415853803946,402,98,0,0,0,0,
2,4,500,ZX_split,0.9231993117350017,1.6197379277021073,0.8006151035788626,0.19938489642113744,200,50,128,122,0,0,
2,4,500,XYZ_split,0.9231993117350017,1.6197379277021073,0.9964595738144043,0.003540426185595691,132,34,70,96,150,18,
2,4,500,RL_adaptive,0.9231993117350017,1.6197379277021073,0.9968700837357252,0.0031299162642748346,151,31,87,94,116,21,0.9968700837357252
3,0,10,Z_only,0.7045717363328301,4.299896664606945,0.8809445056271834,0.1190554943728166,8,2,0,0,0,0,
3,0,10,ZX_split,0.7045717363328301,4.299896664606945,0.8073234902117888,0.19267650978821116,4,1,0,5,0,0,
3,0,10,XYZ_split,0.7045717363328301,4.299896664606945,0.9223711767820739,0.07762882321792608,2,1,1,2,0,4,
3,0,10,RL_adaptive,0.7045717363328301,4.299896664606945,0.9661906576480511,0.03380934235194888,1,0,0,1,0,8,0.9661906576480511
3,0,25,Z_only,0.7045717363328301,4.299896664606945,0.8809445056271834,0.1190554943728166,22,3,0,0,0,0,
3,0,25,ZX_split,0.7045717363328301,4.299896664606945,0.863551914068949,0.13644808593105096,10,2,7,6,0,0,
3,0,25,XYZ_split,0.7045717363328301,4.299896664606945,0.9949617236019783,0.005038276398021679,7,1,3,5,1,8,
3,0,25,RL_adaptive,0.7045717363328301,4.299896664606945,0.28402377033079973,0.7159762296692003,0,1,6,12,2,4,0.28402377033079973
3,0,50,Z_only,0.7045717363328301,4.299896664606945,0.8809445056271834,0.1190554943728166,45,5,0,0,0,0,
3,0,50,ZX_split,0.7045717363328301,4.299896664606945,0.9023399251606006,0.09766007483939942,22,3,9,16,0,0,
3,0,50,XYZ_split,0.7045717363328301,4.299896664606945,0.992554921731092,0.007445078268907945,14,2,7,9,5,13,
3,0,50,RL_adaptive,0.7045717363328301,4.299896664606945,0.9731829272019863,0.026817072798013708,19,4,8,13,0,6,0.9731829272019863
3,0,100,Z_only,0.7045717363328301,4.299896664606945,0.8809445056271834,0.1190554943728166,88,12,0,0,0,0,
3,0,100,ZX_split,0.7045717363328301,4.299896664606945,0.8999673657207061,0.10003263427929387,42,8,17,33,0,0,
3,0,100,XYZ_split,0.7045717363328301,4.299896664606945,0.9990862011871808,0.0009137988128191665,30,3,11,22,5,29,
3,0,100,RL_adaptive,0.7045717363328301,4.299896664606945,0.9965909114532979,0.003409088546702077,65,11,6,8,2,8,0.9965909114532979
3,0,250,Z_only,0.7045717363328301,4.299896664606945,0.8809445056271834,0.1190554943728166,219,31,0,0,0,0,
3,0,250,ZX_split,0.7045717363328301,4.299896664606945,0.9024556653230965,0.09754433467690349,113,12,45,80,0,0,
3,0,250,XYZ_split,0.7045717363328301,4.299896664606945,0.996859475662042,0.003140524337957973,74,9,35,48,15,69,
3,0,250,RL_adaptive,0.7045717363328301,4.299896664606945,0.998499555656772,0.0015004443432280468,86,15,34,51,17,47,0.998499555656772
3,0,500,Z_only,0.7045717363328301,4.299896664606945,0.8809445056271834,0.1190554943728166,431,69,0,0,0,0,
3,0,500,ZX_split,0.7045717363328301,4.299896664606945,0.9020551582309922,0.09794484176900775,222,28,87,163,0,0,
3,0,500,XYZ_split,0.7045717363328301,4.299896664606945,0.9987368762168569,0.001263123783143083,141,25,61,105,31,137,
3,0,500,RL_adaptive,0.7045717363328301,4.299896664606945,0.999328526410732,0.0006714735892680013,170,15,68,122,26,99,0.999328526410732
3,1,10,Z_only,0.7045717363328301,4.299896664606945,0.8809445056271834,0.1190554943728166,9,1,0,0,0,0,
3,1,10,ZX_split,0.7045717363328301,4.299896664606945,0.8611728195492317,0.13882718045076825,5,0,0,5,0,0,
3,1,10,XYZ_split,0.7045717363328301,4.299896664606945,0.9636364888487894,0.036363511151210615,2,1,1,2,1,3,
3,1,10,RL_adaptive,0.7045717363328301,4.299896664606945,0.7663058094226481,0.23369419057735186,1,0,1,0,2,6,0.7663058094226481
3,1,25,Z_only,0.7045717363328301,4.299896664606945,0.8809445056271834,0.1190554943728166,19,6,0,0,0,0,
3,1,25,ZX_split,0.7045717363328301,4.299896664606945,0.847604055056979,0.152395944943021,8,4,4,9,0,0,
3,1,25,XYZ_split,0.7045717363328301,4.299896664606945,0.996797716317077,0.0032022836829229684,8,0,2,6,1,8,
3,1,25,RL_adaptive,0.7045717363328301,4.299896664606945,0.9756758852744404,0.02432411472555962,1,0,9,8,1,6,0.9756758852744404
3,1,50,Z_only,0.7045717363328301,4.299896664606945,0.8809445056271834,0.1190554943728166,48,2,0,0,0,0,
3,1,50,ZX_split,0.7045717363328301,4.299896664606945,0.8877097407634449,0.11229025923655511,22,3,6,19,0,0,
3,1,50,XYZ_split,0.7045717363328301,4.299896664606945,0.9913830839906551,0.008616916009344888,15,1,6,10,5,13,
3,1,50,RL_adaptive,0.7045717363328301,4.299896664606945,0.963257739011589,0.036742260988411046,18,4,4,17,0,7,0.963257739011589
3,1,100,Z_only,0.7045717363328301,4.299896664606945,0.8809445056271834,0.1190554943728166,89,11,0,0,0,0,
3,1,100,ZX_split,0.7045717363328301,4.299896664606945,0.8927533994028563,0.10724660059714375,43,7,14,36,0,0,
3,1,100,XYZ_split,0.7045717363328301,4.299896664606945,0.9853812449331387,0.014618755066861278,33,0,16,17,5,29,
3,1,100,RL_adaptive,0.7045717363328301,4.299896664606945,0.9821438099168639,0.017856190083136103,70,7,3,11,2,7,0.9821438099168639
3,1,250,Z_only,0.7045717363328301,4.299896664606945,0.8809445056271834,0.1190554943728166,207,43,0,0,0,0,
3,1,250,ZX_split,0.7045717363328301,4.299896664606945,0.9021384825364507,0.09786151746354932,113,12,43,82,0,0,
3,1,250,XYZ_split,0.7045717363328301,4.299896664606945,0.9978267318073136,0.002173268192686373,75,8,34,49,18,66,
3,1,250,RL_adaptive,0.7045717363328301,4.299896664606945,0.9938221985332478,0.006177801466752175,82,18,34,47,12,57,0.9938221985332478
3,1,500,Z_only,0.7045717363328301,4.299896664606945,0.8809445056271834,0.1190554943728166,430,70,0,0,0,0,
3,1,500,ZX_split,0.7045717363328301,4.299896664606945,0.9015163271934171,0.09848367280658288,219,31,100,150,0,0,
3,1,500,XYZ_split,0.7045717363328301,4.299896664606945,0.9988855413592743,0.0011144586407256796,151,15,54,112,32,136,
3,1,500,RL_adaptive,0.7045717363328301,4.299896664606945,0.9993029441714907,0.0006970558285093187,166,21,64,123,22,104,0.9993029441714907
3,2,10,Z_only,0.7045717363328301,4.299896664606945,0.8809445056271834,0.1190554943728166,9,1,0,0,0,0,
3,2,10,ZX_split,0.7045717363328301,4.299896664606945,0.8990087735205067,0.10099122647949332,5,0,2,3,0,0,
3,2,10,XYZ_split,0.7045717363328301,4.299896664606945,0.9165823230519021,0.08341767694809787,3,0,2,1,1,3,
3,2,10,RL_adaptive,0.7045717363328301,4.299896664606945,0.8611728195492317,0.13882718045076825,1,0,0,1,4,4,0.8611728195492317
3,2,25,Z_only,0.7045717363328301,4.299896664606945,0.8809445056271834,0.1190554943728166,21,4,0,0,0,0,
3,2,25,ZX_split,0.7045717363328301,4.299896664606945,0.8577588789783563,0.14224112102164366,10,2,2,11,0,0,
3,2,25,XYZ_split,0.7045717363328301,4.299896664606945,0.9275183556889972,0.07248164431100279,6,2,1,7,2,7,
3,2,25,RL_adaptive,0.7045717363328301,4.299896664606945,0.96751901444039,0.03248098555960999,1,0,10,8,0,6,0.96751901444039
3,2,50,Z_only,0.7045717363328301,4.299896664606945,0.8809445056271834,0.1190554943728166,44,6,0,0,0,0,
3,2,50,ZX_split,0.7045717363328301,4.299896664606945,0.8945369632678053,0.1054630367321947,24,1,11,14,0,0,
3,2,50,XYZ_split,0.7045717363328301,4.299896664606945,0.9956712921101343,0.004328707889865724,14,2,7,9,4,14,
3,2,50,RL_adaptive,0.7045717363328301,4.299896664606945,0.9827336761994903,0.017266323800509742,21,2,9,12,0,6,0.9827336761994903
3,2,100,Z_only,0.7045717363328301,4.299896664606945,0.8809445056271834,0.1190554943728166,89,11,0,0,0,0,
3,2,100,ZX_split,0.7045717363328301,4.299896664606945,0.9016841668224621,0.09831583317753789,42,8,18,32,0,0,
3,2,100,XYZ_split,0.7045717363328301,4.299896664606945,0.995598854998987,0.004401145001012963,30,3,14,19,5,29,
3,2,100,RL_adaptive,0.7045717363328301,4.299896664606945,0.9800548783420817,0.019945121657918286,72,7,2,10,1,8,0.9800548783420817
3,2,250,Z_only,0.7045717363328301,4.299896664606945,0.8809445056271834,0.1190554943728166,226,24,0,0,0,0,
3,2,250,ZX_split,0.7045717363328301,4.299896664606945,0.9014153157966202,0.09858468420337985,114,11,49,76,0,0,
3,2,250,XYZ_split,0.7045717363328301,4.299896664606945,0.9980558307553306,0.001944169244669447,75,8,34,49,17,67,
3,2,250,RL_adaptive,0.7045717363328301,4.299896664606945,0.9996528257154652,0.00034717428453479027,87,15,32,51,16,49,0.9996528257154652
3,2,500,Z_only,0.7045717363328301,4.299896664606945,0.8809445056271834,0.1190554943728166,423,77,0,0,0,0,
3,2,500,ZX_split,0.7045717363328301,4.299896664606945,0.9018367368893476,0.09816326311065238,219,31,87,163,0,0,
3,2,500,XYZ_split,0.7045717363328301,4.299896664606945,0.9961734258922662,0.0038265741077337934,146,20,51,115,36,132,
3,2,500,RL_adaptive,0.7045717363328301,4.299896664606945,0.9979937831194051,0.00200621688059488,164,25,69,119,19,104,0.9979937831194051
3,3,10,Z_only,0.7045717363328301,4.299896664606945,0.8809445056271834,0.1190554943728166,8,2,0,0,0,0,
3,3,10,ZX_split,0.7045717363328301,4.299896664606945,0.8934547140722718,0.10654528592772816,5,0,1,4,0,0,
3,3,10,XYZ_split,0.7045717363328301,4.299896664606945,0.7663058094226481,0.23369419057735186,3,0,3,0,1,3,
3,3,10,RL_adaptive,0.7045717363328301,4.299896664606945,0.7958751371328638,0.20412486286713616,1,0,1,0,1,7,0.7958751371328638
3,3,25,Z_only,0.7045717363328301,4.299896664606945,0.8809445056271834,0.1190554943728166,22,3,0,0,0,0,
3,3,25,ZX_split,0.7045717363328301,4.299896664606945,0.8904229181215836,0.10957708187841642,11,1,3,10,0,0,
3,3,25,XYZ_split,0.7045717363328301,4.299896664606945,0.9663197655391695,0.03368023446083046,7,1,1,7,0,9,
3,3,25,RL_adaptive,0.7045717363328301,4.299896664606945,0.9351647636806169,0.06483523631938315,1,0,7,10,3,4,0.9351647636806169
3,3,50,Z_only,0.7045717363328301,4.299896664606945,0.8809445056271834,0.1190554943728166,42,8,0,0,0,0,
3,3,50,ZX_split,0.7045717363328301,4.299896664606945,0.9020989510684582,0.09790104893154183,21,4,10,15,0,0,
3,3,50,XYZ_split,0.7045717363328301,4.299896664606945,0.9823873600690435,0.01761263993095652,13,3,7,9,2,16,
3,3,50,RL_adaptive,0.7045717363328301,4.299896664606945,0.9911284660793346,0.00887153392066542,18,6,9,10,2,5,0.9911284660793346
3,3,100,Z_only,0.7045717363328301,4.299896664606945,0.8809445056271834,0.1190554943728166,87,13,0,0,0,0,
3,3,100,ZX_split,0.7045717363328301,4.299896664606945,0.9016841668224621,0.09831583317753789,42,8,18,32,0,0,
3,3,100,XYZ_split,0.7045717363328301,4.299896664606945,0.9738870775106888,0.026112922489311186,25,8,9,24,6,28,
3,3,100,RL_adaptive,0.7045717363328301,4.299896664606945,0.9750141378840935,0.024985862115906476,68,8,7,8,3,6,0.9750141378840935
3,3,250,Z_only,0.7045717363328301,4.299896664606945,0.8809445056271834,0.1190554943728166,212,38,0,0,0,0,
3,3,250,ZX_split,0.7045717363328301,4.299896664606945,0.9014428495495678,0.09855715045043223,110,15,50,75,0,0,
3,3,250,XYZ_split,0.7045717363328301,4.299896664606945,0.994961865725635,0.005038134274364947,69,14,35,48,15,69,
3,3,250,RL_adaptive,0.7045717363328301,4.299896664606945,0.9991270821538958,0.0008729178461042153,92,9,33,51,12,53,0.9991270821538958
3,3,500,Z_only,0.7045717363328301,4.299896664606945,0.8809445056271834,0.1190554943728166,440,60,0,0,0,0,
3,3,500,ZX_split,0.7045717363328301,4.299896664606945,0.8998891723941028,0.10011082760589718,221,29,104,146,0,0,
3,3,500,XYZ_split,0.7045717363328301,4.299896664606945,0.9928358053079959,0.007164194692004133,146,20,69,97,19,149,
3,3,500,RL_adaptive,0.7045717363328301,4.299896664606945,0.9987975232724268,0.0012024767275732318,170,14,70,121,27,98,0.9987975232724268
3,4,10,Z_only,0.7045717363328301,4.299896664606945,0.8809445056271834,0.1190554943728166,7,3,0,0,0,0,
3,4,10,ZX_split,0.7045717363328301,4.299896664606945,0.8990087735205067,0.10099122647949332,5,0,2,3,0,0,
3,4,10,XYZ_split,0.7045717363328301,4.299896664606945,0.9961656039551621,0.003834396044837929,3,0,1,2,0,4,
3,4,10,RL_adaptive,0.7045717363328301,4.299896664606945,0.9394138016091417,0.060586198390858326,1,0,0,1,2,6,0.9394138016091417
3,4,25,Z_only,0.7045717363328301,4.299896664606945,0.8809445056271834,0.1190554943728166,19,6,0,0,0,0,
3,4,25,ZX_split,0.7045717363328301,4.299896664606945,0.8897800107600187,0.11021998923998133,12,0,6,7,0,0,
3,4,25,XYZ_split,0.7045717363328301,4.299896664606945,0.9624859681592434,0.037514031840756634,6,2,2,6,1,8,
3,4,25,RL_adaptive,0.7045717363328301,4.299896664606945,0.9915488578878189,0.00845114211218112,1,0,7,10,0,7,0.9915488578878189
3,4,50,Z_only,0.7045717363328301,4.299896664606945,0.8809445056271834,0.1190554943728166,43,7,0,0,0,0,
3,4,50,ZX_split,0.7045717363328301,4.299896664606945,0.8900056437357635,0.10999435626423648,24,1,5,20,0,0,
3,4,50,XYZ_split,0.7045717363328301,4.299896664606945,0.9809269946789775,0.019073005321022518,16,0,3,13,4,14,
3,4,50,RL_adaptive,0.7045717363328301,4.299896664606945,0.9384702573196094,0.061529742680390576,19,4,4,15,3,5,0.9384702573196094
3,4,100,Z_only,0.7045717363328301,4.299896664606945,0.8809445056271834,0.1190554943728166,86,14,0,0,0,0,
3,4,100,ZX_split,0.7045717363328301,4.299896664606945,0.9017953226576998,0.0982046773423002,43,7,20,30,0,0,
3,4,100,XYZ_split,0.7045717363328301,4.299896664606945,0.9864329373581037,0.013567062641896332,25,8,12,21,6,28,
3,4,100,RL_adaptive,0.7045717363328301,4.299896664606945,0.9804959531021961,0.01950404689780394,65,10,5,11,3,6,0.9804959531021961
3,4,250,Z_only,0.7045717363328301,4.299896664606945,0.8809445056271834,0.1190554943728166,221,29,0,0,0,0,
3,4,250,ZX_split,0.7045717363328301,4.299896664606945,0.8990087735205067,0.10099122647949332,110,15,53,72,0,0,
3,4,250,XYZ_split,0.7045717363328301,4.299896664606945,0.9836592800421115,0.01634071995788855,70,13,20,63,12,72,
3,4,250,RL_adaptive,0.7045717363328301,4.299896664606945,0.9870728314048464,0.012927168595153637,85,18,23,53,8,63,0.9870728314048464
3,4,500,Z_only,0.7045717363328301,4.299896664606945,0.8809445056271834,0.1190554943728166,439,61,0,0,0,0,
3,4,500,ZX_split,0.7045717363328301,4.299896664606945,0.9019545820288742,0.09804541797112576,216,34,99,151,0,0,
3,4,500,XYZ_split,0.7045717363328301,4.299896664606945,0.9995372578166006,0.00046274218339936724,150,16,64,102,33,135,
3,4,500,RL_adaptive,0.7045717363328301,4.299896664606945,0.9967323410828791,0.003267658917120886,165,21,58,126,29,101,0.9967323410828791
4,0,10,Z_only,2.411287025804416,0.2109736652656487,0.8724852768278047,0.12751472317219525,1,9,0,0,0,0,
4,0,10,ZX_split,2.411287025804416,0.2109736652656487,0.9872078551073252,0.012792144892674773,0,5,4,1,0,0,
4,0,10,XYZ_split,2.411287025804416,0.2109736652656487,0.9423950204514177,0.05760497954858235,0,3,2,1,3,1,
4,0,10,RL_adaptive,2.411287025804416,0.2109736652656487,0.9940119059879833,0.00598809401201672,0,1,1,0,4,4,0.9940119059879833
4,0,25,Z_only,2.411287025804416,0.2109736652656487,0.8724852768278047,0.12751472317219525,3,22,0,0,0,0,
4,0,25,ZX_split,2.411287025804416,0.2109736652656487,0.994099796730321,0.005900203269678994,3,9,9,4,0,0,
4,0,25,XYZ_split,2.411287025804416,0.2109736652656487,0.7577117432030219,0.24228825679697807,1,7,3,5,6,3,
4,0,25,RL_adaptive,2.411287025804416,0.2109736652656487,0.9533448625065996,0.046655137493400445,0,1,14,4,5,1,0.9533448625065996
4,0,50,Z_only,2.411287025804416,0.2109736652656487,0.8724852768278047,0.12751472317219525,1,49,0,0,0,0,
4,0,50,ZX_split,2.411287025804416,0.2109736652656487,0.9348136357210491,0.06518636427895086,9,16,22,3,0,0,
4,0,50,XYZ_split,2.411287025804416,0.2109736652656487,0.9988662809295857,0.001133719070414263,3,13,13,3,10,8,
4,0,50,RL_adaptive,2.411287025804416,0.2109736652656487,0.9717705288790551,0.02822947112094487,1,25,13,4,3,4,0.9717705288790551
4,0,100,Z_only,2.411287025804416,0.2109736652656487,0.8724852768278047,0.12751472317219525,10,90,0,0,0,0,
4,0,100,ZX_split,2.411287025804416,0.2109736652656487,0.9835293332039998,0.016470666796000177,11,39,44,6,0,0,
4,0,100,XYZ_split,2.411287025804416,0.2109736652656487,0.9939789993891617,0.006021000610838323,6,27,29,4,20,14,
4,0,100,RL_adaptive,2.411287025804416,0.2109736652656487,0.9475806213435191,0.05241937865648094,5,39,29,4,20,3,0.9475806213435191
4,0,250,Z_only,2.411287025804416,0.2109736652656487,0.8724852768278047,0.12751472317219525,34,216,0,0,0,0,
4,0,250,ZX_split,2.411287025804416,0.2109736652656487,0.9937410538264626,0.006258946173537394,14,111,99,26,0,0,
4,0,250,XYZ_split,2.411287025804416,0.2109736652656487,0.9953483403398182,0.004651659660181773,9,74,65,18,52,32,
4,0,250,RL_adaptive,2.411287025804416,0.2109736652656487,0.9887477677552398,0.01125223224476024,10,77,70,11,38,44,0.9887477677552398
4,0,500,Z_only,2.411287025804416,0.2109736652656487,0.8724852768278047,0.12751472317219525,59,441,0,0,0,0,
4,0,500,ZX_split,2.411287025804416,0.2109736652656487,0.994348812408386,0.005651187591613982,35,215,213,37,0,0,
4,0,500,XYZ_split,2.411287025804416,0.2109736652656487,0.9948174322355209,0.005182567764479118,25,141,141,25,85,83,
4,0,500,RL_adaptive,2.411287025804416,0.2109736652656487,0.996573245612828,0.003426754387171993,31,200,143,22,65,39,0.996573245612828
4,1,10,Z_only,2.411287025804416,0.2109736652656487,0.8724852768278047,0.12751472317219525,0,10,0,0,0,0,
4,1,10,ZX_split,2.411287025804416,0.2109736652656487,0.9292157421439491,0.07078425785605091,0,5,3,2,0,0,
4,1,10,XYZ_split,2.411287025804416,0.2109736652656487,0.9890419317262955,0.010958068273704491,0,3,3,0,3,1,
4,1,10,RL_adaptive,2.411287025804416,0.2109736652656487,0.9940119059879833,0.00598809401201672,0,1,1,0,4,4,0.9940119059879833
4,1,25,Z_only,2.411287025804416,0.2109736652656487,0.8724852768278047,0.12751472317219525,4,21,0,0,0,0,
4,1,25,ZX_split,2.411287025804416,0.2109736652656487,0.994099796730321,0.005900203269678994,3,9,9,4,0,0,
4,1,25,XYZ_split,2.411287025804416,0.2109736652656487,0.9957019040362733,0.004298095963726656,1,7,6,2,5,4,
4,1,25,RL_adaptive,2.411287025804416,0.2109736652656487,0.9667433365923843,0.03325666340761568,0,1,15,4,2,3,0.9667433365923843
4,1,50,Z_only,2.411287025804416,0.2109736652656487,0.8724852768278047,0.12751472317219525,8,42,0,0,0,0,
4,1,50,ZX_split,2.411287025804416,0.2109736652656487,0.9940119059879833,0.00598809401201672,5,20,20,5,0,0,
4,1,50,XYZ_split,2.411287025804416,0.2109736652656487,0.9595736528189422,0.040426347181057753,1,15,11,5,8,10,
4,1,50,RL_adaptive,2.411287025804416,0.2109736652656487,0.975479443816988,0.024520556183011966,5,21,13,4,3,4,0.975479443816988
4,1,100,Z_only,2.411287025804416,0.2109736652656487,0.8724852768278047,0.12751472317219525,10,90,0,0,0,0,
4,1,100,ZX_split,2.411287025804416,0.2109736652656487,0.9947167082519204,0.0052832917480796215,6,44,43,7,0,0,
4,1,100,XYZ_split,2.411287025804416,0.2109736652656487,0.9986844127722357,0.0013155872277642588,4,29,29,4,19,15,
4,1,100,RL_adaptive,2.411287025804416,0.2109736652656487,0.9977468567469104,0.0022531432530895623,3,44,25,3,16,9,0.9977468567469104
4,1,250,Z_only,2.411287025804416,0.2109736652656487,0.8724852768278047,0.12751472317219525,26,224,0,0,0,0,
4,1,250,ZX_split,2.411287025804416,0.2109736652656487,0.9940119059879833,0.00598809401201672,15,110,110,15,0,0,
4,1,250,XYZ_split,2.411287025804416,0.2109736652656487,0.9985003225286987,0.0014996774713013084,6,77,72,11,45,39,
4,1,250,RL_adaptive,2.411287025804416,0.2109736652656487,0.9962918996773841,0.003708100322615926,15,74,68,15,40,38,0.9962918996773841
4,1,500,Z_only,2.411287025804416,0.2109736652656487,0.8724852768278047,0.12751472317219525,56,444,0,0,0,0,
4,1,500,ZX_split,2.411287025804416,0.2109736652656487,0.9927214603028607,0.007278539697139319,23,227,198,52,0,0,
4,1,500,XYZ_split,2.411287025804416,0.2109736652656487,0.999915164771137,8.483522886304495e-05,18,148,142,24,97,71,
4,1,500,RL_adaptive,2.411287025804416,0.2109736652656487,0.9985947858986194,0.001405214101380614,36,193,125,36,65,45,0.9985947858986194
4,2,10,Z_only,2.411287025804416,0.2109736652656487,0.8724852768278047,0.12751472317219525,1,9,0,0,0,0,
4,2,10,ZX_split,2.411287025804416,0.2109736652656487,0.9872078551073252,0.012792144892674773,0,5,4,1,0,0,
4,2,10,XYZ_split,2.411287025804416,0.2109736652656487,0.927206148159179,0.07279385184082099,1,2,3,0,2,2,
4,2,10,RL_adaptive,2.411287025804416,0.2109736652656487,0.544420785527194,0.455579214472806,0,1,0,1,5,3,0.544420785527194
4,2,25,Z_only,2.411287025804416,0.2109736652656487,0.8724852768278047,0.12751472317219525,0,25,0,0,0,0,
4,2,25,ZX_split,2.411287025804416,0.2109736652656487,0.9937474301940165,0.006252569805983543,1,11,12,1,0,0,
4,2,25,XYZ_split,2.411287025804416,0.2109736652656487,0.9790098690598853,0.020990130940114704,0,8,6,2,6,3,
4,2,25,RL_adaptive,2.411287025804416,0.2109736652656487,0.3590001603056965,0.6409998396943035,1,0,14,4,4,2,0.3590001603056965
4,2,50,Z_only,2.411287025804416,0.2109736652656487,0.8724852768278047,0.12751472317219525,6,44,0,0,0,0,
4,2,50,ZX_split,2.411287025804416,0.2109736652656487,0.9762507106352373,0.023749289364762727,3,22,17,8,0,0,
4,2,50,XYZ_split,2.411287025804416,0.2109736652656487,0.9834483665571829,0.01655163344281707,3,13,12,4,12,6,
4,2,50,RL_adaptive,2.411287025804416,0.2109736652656487,0.8595311891540801,0.1404688108459199,6,20,17,1,1,5,0.8595311891540801
4,2,100,Z_only,2.411287025804416,0.2109736652656487,0.8724852768278047,0.12751472317219525,12,88,0,0,0,0,
4,2,100,ZX_split,2.411287025804416,0.2109736652656487,0.9921883274503238,0.007811672549676185,5,45,39,11,0,0,
4,2,100,XYZ_split,2.411287025804416,0.2109736652656487,0.9942986906580874,0.005701309341912597,6,27,28,5,21,13,
4,2,100,RL_adaptive,2.411287025804416,0.2109736652656487,0.9910482708609603,0.008951729139039744,9,44,19,5,11,12,0.9910482708609603
4,2,250,Z_only,2.411287025804416,0.2109736652656487,0.8724852768278047,0.12751472317219525,31,219,0,0,0,0,
4,2,250,ZX_split,2.411287025804416,0.2109736652656487,0.9949952912488434,0.00500470875115655,17,108,104,21,0,0,
4,2,250,XYZ_split,2.411287025804416,0.2109736652656487,0.9931168192139802,0.0068831807860197936,3,80,68,15,43,41,
4,2,250,RL_adaptive,2.411287025804416,0.2109736652656487,0.997816238068109,0.0021837619318909596,11,77,76,10,46,30,0.997816238068109
4,2,500,Z_only,2.411287025804416,0.2109736652656487,0.8724852768278047,0.12751472317219525,62,438,0,0,0,0,
4,2,500,ZX_split,2.411287025804416,0.2109736652656487,0.9950970254322267,0.004902974567773333,28,222,210,40,0,0,
4,2,500,XYZ_split,2.411287025804416,0.2109736652656487,0.9996270211596608,0.0003729788403391554,23,143,138,28,93,75,
4,2,500,RL_adaptive,2.411287025804416,0.2109736652656487,0.9999402832828603,5.971671713966842e-05,26,206,137,26,61,44,0.9999402832828603
4,3,10,Z_only,2.411287025804416,0.2109736652656487,0.8724852768278047,0.12751472317219525,3,7,0,0,0,0,
4,3,10,ZX_split,2.411287025804416,0.2109736652656487,0.9565092146275136,0.04349078537248641,1,4,3,2,0,0,
4,3,10,XYZ_split,2.411287025804416,0.2109736652656487,0.532761824286195,0.467238175713805,0,3,0,3,2,2,
4,3,10,RL_adaptive,2.411287025804416,0.2109736652656487,0.5201024432502567,0.4798975567497433,0,1,0,1,3,5,0.5201024432502567
4,3,25,Z_only,2.411287025804416,0.2109736652656487,0.8724852768278047,0.12751472317219525,2,23,0,0,0,0,
4,3,25,ZX_split,2.411287025804416,0.2109736652656487,0.989864876886729,0.010135123113271027,1,11,10,3,0,0,
4,3,25,XYZ_split,2.411287025804416,0.2109736652656487,0.9396856377190678,0.06031436228093223,1,7,7,1,8,1,
4,3,25,RL_adaptive,2.411287025804416,0.2109736652656487,0.9993064037976962,0.0006935962023038034,0,1,17,2,3,2,0.9993064037976962
4,3,50,Z_only,2.411287025804416,0.2109736652656487,0.8724852768278047,0.12751472317219525,4,46,0,0,0,0,
4,3,50,ZX_split,2.411287025804416,0.2109736652656487,0.9940119059879833,0.00598809401201672,2,23,23,2,0,0,
4,3,50,XYZ_split,2.411287025804416,0.2109736652656487,0.9923232033257943,0.0076767966742057325,3,13,14,2,11,7,
4,3,50,RL_adaptive,2.411287025804416,0.2109736652656487,0.9981703305456533,0.0018296694543467051,2,25,13,3,4,3,0.9981703305456533
4,3,100,Z_only,2.411287025804416,0.2109736652656487,0.8724852768278047,0.12751472317219525,12,88,0,0,0,0,
4,3,100,ZX_split,2.411287025804416,0.2109736652656487,0.9844136145720296,0.015586385427970417,10,40,45,5,0,0,
4,3,100,XYZ_split,2.411287025804416,0.2109736652656487,0.9974243116119647,0.0025756883880353465,3,30,27,6,18,16,
4,3,100,RL_adaptive,2.411287025804416,0.2109736652656487,0.9483688118311121,0.0516311881688879,6,48,19,2,8,17,0.9483688118311121
4,3,250,Z_only,2.411287025804416,0.2109736652656487,0.8724852768278047,0.12751472317219525,38,212,0,0,0,0,
4,3,250,ZX_split,2.411287025804416,0.2109736652656487,0.9950082770249383,0.004991722975061674,18,107,100,25,0,0,
4,3,250,XYZ_split,2.411287025804416,0.2109736652656487,0.9940341529699815,0.005965847030018456,15,68,66,17,53,31,
4,3,250,RL_adaptive,2.411287025804416,0.2109736652656487,0.9987305149342515,0.0012694850657485324,10,80,69,15,46,30,0.9987305149342515
4,3,500,Z_only,2.411287025804416,0.2109736652656487,0.8724852768278047,0.12751472317219525,66,434,0,0,0,0,
4,3,500,ZX_split,2.411287025804416,0.2109736652656487,0.995094121352075,0.004905878647925022,32,218,207,43,0,0,
4,3,500,XYZ_split,2.411287025804416,0.2109736652656487,0.9948382498291157,0.005161750170884272,22,144,140,26,84,84,
4,3,500,RL_adaptive,2.411287025804416,0.2109736652656487,0.9873073936813433,0.012692606318656652,38,192,134,32,48,56,0.9873073936813433
4,4,10,Z_only,2.411287025804416,0.2109736652656487,0.8724852768278047,0.12751472317219525,2,8,0,0,0,0,
4,4,10,ZX_split,2.411287025804416,0.2109736652656487,0.97131603604616,0.028683963953839986,1,4,5,0,0,0,
4,4,10,XYZ_split,2.411287025804416,0.2109736652656487,0.85604879374514,0.14395120625486002,1,2,3,0,1,3,
4,4,10,RL_adaptive,2.411287025804416,0.2109736652656487,0.5541711842673843,0.4458288157326157,0,1,0,1,6,2,0.5541711842673843
4,4,25,Z_only,2.411287025804416,0.2109736652656487,0.8724852768278047,0.12751472317219525,3,22,0,0,0,0,
4,4,25,ZX_split,2.411287025804416,0.2109736652656487,0.989864876886729,0.010135123113271027,1,11,10,3,0,0,
4,4,25,XYZ_split,2.411287025804416,0.2109736652656487,0.9390960860113656,0.06090391398863437,0,8,6,2,3,6,
4,4,25,RL_adaptive,2.411287025804416,0.2109736652656487,0.2920819560720975,0.7079180439279025,1,0,13,5,3,3,0.2920819560720975
4,4,50,Z_only,2.411287025804416,0.2109736652656487,0.8724852768278047,0.12751472317219525,6,44,0,0,0,0,
4,4,50,ZX_split,2.411287025804416,0.2109736652656487,0.991588191013276,0.008411808986724001,3,22,19,6,0,0,
4,4,50,XYZ_split,2.411287025804416,0.2109736652656487,0.9952668636215675,0.004733136378432534,3,13,12,4,11,7,
4,4,50,RL_adaptive,2.411287025804416,0.2109736652656487,0.9557899286201647,0.04421007137983535,2,25,15,2,2,4,0.9557899286201647
4,4,100,Z_only,2.411287025804416,0.2109736652656487,0.8724852768278047,0.12751472317219525,11,89,0,0,0,0,
4,4,100,ZX_split,2.411287025804416,0.2109736652656487,0.9950686011764652,0.004931398823534772,6,44,42,8,0,0,
4,4,100,XYZ_split,2.411287025804416,0.2109736652656487,0.9870274313568265,0.012972568643173532,2,31,26,7,23,11,
4,4,100,RL_adaptive,2.411287025804416,0.2109736652656487,0.9955980549404685,0.004401945059531509,3,43,24,5,16,9,0.9955980549404685
4,4,250,Z_only,2.411287025804416,0.2109736652656487,0.8724852768278047,0.12751472317219525,37,213,0,0,0,0,
4,4,250,ZX_split,2.411287025804416,0.2109736652656487,0.9890675041879154,0.010932495812084553,11,114,95,30,0,0,
4,4,250,XYZ_split,2.411287025804416,0.2109736652656487,0.9975005513836741,0.0024994486163258944,8,75,68,15,52,32,
4,4,250,RL_adaptive,2.411287025804416,0.2109736652656487,0.9988892737259724,0.0011107262740276402,13,78,64,18,42,35,0.9988892737259724
4,4,500,Z_only,2.411287025804416,0.2109736652656487,0.8724852768278047,0.12751472317219525,60,440,0,0,0,0,
4,4,500,ZX_split,2.411287025804416,0.2109736652656487,0.9950386691221812,0.004961330877818804,39,211,198,52,0,0,
4,4,500,XYZ_split,2.411287025804416,0.2109736652656487,0.999453020158231,0.0005469798417689908,22,144,140,26,93,75,
4,4,500,RL_adaptive,2.411287025804416,0.2109736652656487,0.9970353480360552,0.0029646519639447977,23,211,131,30,55,50,0.9970353480360552
5,0,10,Z_only,3.1083793474510366,5.960232996079775,0.9997242444246075,0.00027575557539250006,0,10,0,0,0,0,
5,0,10,ZX_split,3.1083793474510366,5.960232996079775,0.9869320422640893,0.01306795773591074,0,5,2,3,0,0,
5,0,10,XYZ_split,3.1083793474510366,5.960232996079775,0.930575372131353,0.069424627868647,0,3,2,1,3,1,
5,0,10,RL_adaptive,3.1083793474510366,5.960232996079775,0.8379170173488293,0.16208298265117072,0,1,0,1,3,5,0.8379170173488293
5,0,25,Z_only,3.1083793474510366,5.960232996079775,0.9997242444246075,0.00027575557539250006,0,25,0,0,0,0,
5,0,25,ZX_split,3.1083793474510366,5.960232996079775,0.9994599039560214,0.000540096043978644,0,12,7,6,0,0,
5,0,25,XYZ_split,3.1083793474510366,5.960232996079775,0.9757463891663283,0.024253610833671724,0,8,4,4,3,6,
5,0,25,RL_adaptive,3.1083793474510366,5.960232996079775,0.9714746276905232,0.028525372309476826,0,1,8,10,2,4,0.9714746276905232
5,0,50,Z_only,3.1083793474510366,5.960232996079775,0.9997242444246075,0.00027575557539250006,0,50,0,0,0,0,
5,0,50,ZX_split,3.1083793474510366,5.960232996079775,0.9980405976347574,0.001959402365242613,0,25,14,11,0,0,
5,0,50,XYZ_split,3.1083793474510366,5.960232996079775,0.9915149866834115,0.008485013316588463,0,16,7,9,8,10,
5,0,50,RL_adaptive,3.1083793474510366,5.960232996079775,0.934458967940677,0.06554103205932305,0,26,8,7,7,2,0.934458967940677
5,0,100,Z_only,3.1083793474510366,5.960232996079775,0.9997242444246075,0.00027575557539250006,0,100,0,0,0,0,
5,0,100,ZX_split,3.1083793474510366,5.960232996079775,0.9993883693078646,0.0006116306921354342,0,50,27,23,0,0,
5,0,100,XYZ_split,3.1083793474510366,5.960232996079775,0.9804544636965857,0.019545536303414268,0,33,18,15,12,22,
5,0,100,RL_adaptive,3.1083793474510366,5.960232996079775,0.9794669159302336,0.020533084069766394,0,48,15,9,11,17,0.9794669159302336
5,0,250,Z_only,3.1083793474510366,5.960232996079775,0.9997242444246075,0.00027575557539250006,0,250,0,0,0,0,
5,0,250,ZX_split,3.1083793474510366,5.960232996079775,0.9999581628857884,4.1837114211573656e-05,0,125,64,61,0,0,
5,0,250,XYZ_split,3.1083793474510366,5.960232996079775,0.972484865639792,0.027515134360208027,0,83,29,54,45,39,
5,0,250,RL_adaptive,3.1083793474510366,5.960232996079775,0.9940007739170535,0.005999226082946452,0,98,37,29,37,49,0.9940007739170535
5,0,500,Z_only,3.1083793474510366,5.960232996079775,0.9997242444246075,0.00027575557539250006,0,500,0,0,0,0,
5,0,500,ZX_split,3.1083793474510366,5.960232996079775,0.9995822961523094,0.0004177038476905759,0,250,124,126,0,0,
5,0,500,XYZ_split,3.1083793474510366,5.960232996079775,0.990763735439008,0.009236264560992025,0,166,94,72,69,99,
5,0,500,RL_adaptive,3.1083793474510366,5.960232996079775,0.9888399859959688,0.011160014004031216,0,238,85,57,51,69,0.9888399859959688
5,1,10,Z_only,3.1083793474510366,5.960232996079775,0.9997242444246075,0.00027575557539250006,0,10,0,0,0,0,
5,1,10,ZX_split,3.1083793474510366,5.960232996079775,0.9204091468865565,0.0795908531134435,0,5,1,4,0,0,
5,1,10,XYZ_split,3.1083793474510366,5.960232996079775,0.9790591253830684,0.020940874616931615,0,3,2,1,2,2,
5,1,10,RL_adaptive,3.1083793474510366,5.960232996079775,0.8580095834005139,0.14199041659948608,0,1,1,0,5,3,0.8580095834005139
5,1,25,Z_only,3.1083793474510366,5.960232996079775,0.9997242444246075,0.00027575557539250006,0,25,0,0,0,0,
5,1,25,ZX_split,3.1083793474510366,5.960232996079775,0.9833864378571909,0.01661356214280907,0,12,5,8,0,0,
5,1,25,XYZ_split,3.1083793474510366,5.960232996079775,0.9757463891663283,0.024253610833671724,0,8,4,4,3,6,
5,1,25,RL_adaptive,3.1083793474510366,5.960232996079775,0.8497671919474773,0.1502328080525227,0,1,3,14,6,1,0.8497671919474773
5,1,50,Z_only,3.1083793474510366,5.960232996079775,0.9997242444246075,0.00027575557539250006,0,50,0,0,0,0,
5,1,50,ZX_split,3.1083793474510366,5.960232996079775,0.9986956378963612,0.001304362103638823,0,25,12,13,0,0,
5,1,50,XYZ_split,3.1083793474510366,5.960232996079775,0.9997242444246075,0.00027575557539250006,0,16,8,8,9,9,
5,1,50,RL_adaptive,3.1083793474510366,5.960232996079775,0.9496791430295667,0.050320856970433314,0,27,12,4,4,3,0.9496791430295667
5,1,100,Z_only,3.1083793474510366,5.960232996079775,0.9997242444246075,0.00027575557539250006,0,100,0,0,0,0,
5,1,100,ZX_split,3.1083793474510366,5.960232996079775,0.9869320422640893,0.01306795773591074,0,50,20,30,0,0,
5,1,100,XYZ_split,3.1083793474510366,5.960232996079775,0.9906517425350065,0.009348257464993459,0,33,18,15,20,14,
5,1,100,RL_adaptive,3.1083793474510366,5.960232996079775,0.9719812577859318,0.028018742214068193,0,47,17,8,12,16,0.9719812577859318
5,1,250,Z_only,3.1083793474510366,5.960232996079775,0.9997242444246075,0.00027575557539250006,0,250,0,0,0,0,
5,1,250,ZX_split,3.1083793474510366,5.960232996079775,0.9954147425162626,0.004585257483737393,0,125,56,69,0,0,
5,1,250,XYZ_split,3.1083793474510366,5.960232996079775,0.9937960635054371,0.006203936494562856,0,83,38,45,37,47,
5,1,250,RL_adaptive,3.1083793474510366,5.960232996079775,0.9996265066478981,0.0003734933521019057,0,101,34,33,42,40,0.9996265066478981
5,1,500,Z_only,3.1083793474510366,5.960232996079775,0.9997242444246075,0.00027575557539250006,0,500,0,0,0,0,
5,1,500,ZX_split,3.1083793474510366,5.960232996079775,0.9948890196066905,0.005110980393309483,0,250,147,103,0,0,
5,1,500,XYZ_split,3.1083793474510366,5.960232996079775,0.9918862228053593,0.008113777194640681,0,166,100,66,78,90,
5,1,500,RL_adaptive,3.1083793474510366,5.960232996079775,0.9938164557453971,0.00618354425460288,0,236,63,70,56,75,0.9938164557453971
5,2,10,Z_only,3.1083793474510366,5.960232996079775,0.9997242444246075,0.00027575557539250006,0,10,0,0,0,0,
5,2,10,ZX_split,3.1083793474510366,5.960232996079775,0.9869320422640893,0.01306795773591074,0,5,2,3,0,0,
5,2,10,XYZ_split,3.1083793474510366,5.960232996079775,0.9215780939457198,0.07842190605428023,0,3,1,2,3,1,
5,2,10,RL_adaptive,3.1083793474510366,5.960232996079775,0.8195423849124454,0.18045761508755465,0,1,1,0,7,1,0.8195423849124454
5,2,25,Z_only,3.1083793474510366,5.960232996079775,0.9997242444246075,0.00027575557539250006,0,25,0,0,0,0,
5,2,25,ZX_split,3.1083793474510366,5.960232996079775,0.9833864378571909,0.01661356214280907,0,12,5,8,0,0,
5,2,25,XYZ_split,3.1083793474510366,5.960232996079775,0.956029034019246,0.043970965980754007,0,8,3,5,6,3,
5,2,25,RL_adaptive,3.1083793474510366,5.960232996079775,0.9687620823182128,0.031237917681787186,0,1,11,7,2,4,0.9687620823182128
5,2,50,Z_only,3.1083793474510366,5.960232996079775,0.9997242444246075,0.00027575557539250006,0,50,0,0,0,0,
5,2,50,ZX_split,3.1083793474510366,5.960232996079775,0.9999542503548173,4.5749645182668885e-05,0,25,13,12,0,0,
5,2,50,XYZ_split,3.1083793474510366,5.960232996079775,0.9834601665685312,0.01653983343146881,0,16,7,9,7,11,
5,2,50,RL_adaptive,3.1083793474510366,5.960232996079775,0.9736137037320042,0.026386296267995824,0,26,10,6,5,3,0.9736137037320042
5,2,100,Z_only,3.1083793474510366,5.960232996079775,0.9997242444246075,0.00027575557539250006,0,100,0,0,0,0,
5,2,100,ZX_split,3.1083793474510366,5.960232996079775,0.9909604258427296,0.009039574157270414,0,50,21,29,0,0,
5,2,100,XYZ_split,3.1083793474510366,5.960232996079775,0.9932862434976493,0.006713756502350732,0,33,17,16,14,20,
5,2,100,RL_adaptive,3.1083793474510366,5.960232996079775,0.9967822086988481,0.003217791301151851,0,45,15,12,15,13,0.9967822086988481
5,2,250,Z_only,3.1083793474510366,5.960232996079775,0.9997242444246075,0.00027575557539250006,0,250,0,0,0,0,
5,2,250,ZX_split,3.1083793474510366,5.960232996079775,0.9999581628857884,4.1837114211573656e-05,0,125,64,61,0,0,
5,2,250,XYZ_split,3.1083793474510366,5.960232996079775,0.9986045045206011,0.0013954954793988783,0,83,41,42,39,45,
5,2,250,RL_adaptive,3.1083793474510366,5.960232996079775,0.9949577750819888,0.005042224918011207,1,97,41,29,41,41,0.9949577750819888
5,2,500,Z_only,3.1083793474510366,5.960232996079775,0.9997242444246075,0.00027575557539250006,0,500,0,0,0,0,
5,2,500,ZX_split,3.1083793474510366,5.960232996079775,0.9999581628857884,4.1837114211573656e-05,0,250,128,122,0,0,
5,2,500,XYZ_split,3.1083793474510366,5.960232996079775,0.9964125382211304,0.003587461778869594,0,166,85,81,73,95,
5,2,500,RL_adaptive,3.1083793474510366,5.960232996079775,0.9986564474071135,0.0013435525928865433,0,236,67,67,60,70,0.9986564474071135
5,3,10,Z_only,3.1083793474510366,5.960232996079775,0.9997242444246075,0.00027575557539250006,0,10,0,0,0,0,
5,3,10,ZX_split,3.1083793474510366,5.960232996079775,0.9366108619157375,0.0633891380842625,0,5,4,1,0,0,
5,3,10,XYZ_split,3.1083793474510366,5.960232996079775,0.8454028025305201,0.15459719746947986,0,3,3,0,1,3,
5,3,10,RL_adaptive,3.1083793474510366,5.960232996079775,0.8379170173488293,0.16208298265117072,0,1,0,1,3,5,0.8379170173488293
5,3,25,Z_only,3.1083793474510366,5.960232996079775,0.9997242444246075,0.00027575557539250006,0,25,0,0,0,0,
5,3,25,ZX_split,3.1083793474510366,5.960232996079775,0.9904673702277765,0.009532629772223467,0,12,8,5,0,0,
5,3,25,XYZ_split,3.1083793474510366,5.960232996079775,0.9665388018415678,0.03346119815843218,0,8,5,3,3,6,
5,3,25,RL_adaptive,3.1083793474510366,5.960232996079775,0.843596701909644,0.15640329809035602,0,1,14,5,0,5,0.843596701909644
5,3,50,Z_only,3.1083793474510366,5.960232996079775,0.9997242444246075,0.00027575557539250006,0,50,0,0,0,0,
5,3,50,ZX_split,3.1083793474510366,5.960232996079775,0.9999542503548173,4.5749645182668885e-05,0,25,13,12,0,0,
5,3,50,XYZ_split,3.1083793474510366,5.960232996079775,0.9978182684706067,0.0021817315293932715,0,16,9,7,9,9,
5,3,50,RL_adaptive,3.1083793474510366,5.960232996079775,0.976454139482913,0.02354586051708696,0,25,7,10,3,5,0.976454139482913
5,3,100,Z_only,3.1083793474510366,5.960232996079775,0.9997242444246075,0.00027575557539250006,0,100,0,0,0,0,
5,3,100,ZX_split,3.1083793474510366,5.960232996079775,0.9997242444246075,0.00027575557539250006,0,50,25,25,0,0,
5,3,100,XYZ_split,3.1083793474510366,5.960232996079775,0.9994191855884741,0.0005808144115259095,0,33,17,16,16,18,
5,3,100,RL_adaptive,3.1083793474510366,5.960232996079775,0.9961632893766925,0.003836710623307482,0,46,12,14,13,15,0.9961632893766925
5,3,250,Z_only,3.1083793474510366,5.960232996079775,0.9997242444246075,0.00027575557539250006,0,250,0,0,0,0,
5,3,250,ZX_split,3.1083793474510366,5.960232996079775,0.9992026090863647,0.0007973909136352875,0,125,61,64,0,0,
5,3,250,XYZ_split,3.1083793474510366,5.960232996079775,0.9971881866184985,0.0028118133815014934,0,83,40,43,45,39,
5,3,250,RL_adaptive,3.1083793474510366,5.960232996079775,0.9972751578190618,0.0027248421809381584,0,101,31,35,39,44,0.9972751578190618
5,3,500,Z_only,3.1083793474510366,5.960232996079775,0.9997242444246075,0.00027575557539250006,1,499,0,0,0,0,
5,3,500,ZX_split,3.1083793474510366,5.960232996079775,0.9980405976347574,0.001959402365242613,0,250,140,110,0,0,
5,3,500,XYZ_split,3.1083793474510366,5.960232996079775,0.9993070458376363,0.0006929541623637014,0,166,90,76,83,85,
5,3,500,RL_adaptive,3.1083793474510366,5.960232996079775,0.9998123114404721,0.00018768855952788766,0,235,72,64,64,65,0.9998123114404721
5,4,10,Z_only,3.1083793474510366,5.960232996079775,0.9997242444246075,0.00027575557539250006,0,10,0,0,0,0,
5,4,10,ZX_split,3.1083793474510366,5.960232996079775,0.9204091468865565,0.0795908531134435,0,5,1,4,0,0,
5,4,10,XYZ_split,3.1083793474510366,5.960232996079775,0.9691009632500067,0.03089903674999328,0,3,1,2,2,2,
5,4,10,RL_adaptive,3.1083793474510366,5.960232996079775,0.8598441687003378,0.14015583129966225,0,1,1,0,3,5,0.8598441687003378
5,4,25,Z_only,3.1083793474510366,5.960232996079775,0.9997242444246075,0.00027575557539250006,0,25,0,0,0,0,
5,4,25,ZX_split,3.1083793474510366,5.960232996079775,0.9970446948788656,0.0029553051211343995,0,12,6,7,0,0,
5,4,25,XYZ_split,3.1083793474510366,5.960232996079775,0.9335774695481369,0.06642253045186308,0,8,6,2,6,3,
5,4,25,RL_adaptive,3.1083793474510366,5.960232996079775,0.9997242444246075,0.00027575557539250006,0,1,9,9,3,3,0.9997242444246075
5,4,50,Z_only,3.1083793474510366,5.960232996079775,0.9997242444246075,0.00027575557539250006,0,50,0,0,0,0,
5,4,50,ZX_split,3.1083793474510366,5.960232996079775,0.976971080127371,0.023028919872629006,0,25,9,16,0,0,
5,4,50,XYZ_split,3.1083793474510366,5.960232996079775,0.9903600398137941,0.009639960186205943,0,16,7,9,10,8,
5,4,50,RL_adaptive,3.1083793474510366,5.960232996079775,0.9736137037320042,0.026386296267995824,0,26,10,6,5,3,0.9736137037320042
5,4,100,Z_only,3.1083793474510366,5.960232996079775,0.9997242444246075,0.00027575557539250006,0,100,0,0,0,0,
5,4,100,ZX_split,3.1083793474510366,5.960232996079775,0.994288658204383,0.005711341795617053,0,50,22,28,0,0,
5,4,100,XYZ_split,3.1083793474510366,5.960232996079775,0.9878243509902123,0.012175649009787737,0,33,14,19,19,15,
5,4,100,RL_adaptive,3.1083793474510366,5.960232996079775,0.962577178934985,0.037422821065015044,0,45,20,8,15,12,0.962577178934985
5,4,250,Z_only,3.1083793474510366,5.960232996079775,0.9997242444246075,0.00027575557539250006,0,250,0,0,0,0,
5,4,250,ZX_split,3.1083793474510366,5.960232996079775,0.9986721829165768,0.0013278170834232217,0,125,69,56,0,0,
5,4,250,XYZ_split,3.1083793474510366,5.960232996079775,0.9996106402764064,0.000389359723593552,0,83,42,41,43,41,
5,4,250,RL_adaptive,3.1083793474510366,5.960232996079775,0.9990405124512229,0.0009594875487770604,0,99,37,31,40,43,0.9990405124512229
5,4,500,Z_only,3.1083793474510366,5.960232996079775,0.9997242444246075,0.00027575557539250006,0,500,0,0,0,0,
5,4,500,ZX_split,3.1083793474510366,5.960232996079775,0.9997095801873624,0.00029041981263755456,0,250,133,117,0,0,
5,4,500,XYZ_split,3.1083793474510366,5.960232996079775,0.9996372143993141,0.00036278560068592203,0,166,88,78,81,87,
5,4,500,RL_adaptive,3.1083793474510366,5.960232996079775,0.9988004623545149,0.0011995376454850826,0,236,75,62,61,66,0.9988004623545149
6,0,10,Z_only,3.044657788182546,1.4808247286905423,0.9976527468022166,0.0023472531977833944,0,10,0,0,0,0,
6,0,10,ZX_split,3.044657788182546,1.4808247286905423,0.9888413786621281,0.011158621337871932,0,5,3,2,0,0,
6,0,10,XYZ_split,3.044657788182546,1.4808247286905423,0.8186018826577559,0.1813981173422441,0,3,3,0,1,3,
6,0,10,RL_adaptive,3.044657788182546,1.4808247286905423,0.857938267608839,0.14206173239116104,0,1,1,0,5,3,0.857938267608839
6,0,25,Z_only,3.044657788182546,1.4808247286905423,0.9976527468022166,0.0023472531977833944,0,25,0,0,0,0,
6,0,25,ZX_split,3.044657788182546,1.4808247286905423,0.9660428438267711,0.03395715617322892,0,12,9,4,0,0,
6,0,25,XYZ_split,3.044657788182546,1.4808247286905423,0.9999313102059503,6.868979404972553e-05,0,8,4,4,5,4,
6,0,25,RL_adaptive,3.044657788182546,1.4808247286905423,0.9403740966049967,0.05962590339500329,0,1,4,13,4,3,0.9403740966049967
6,0,50,Z_only,3.044657788182546,1.4808247286905423,0.9976527468022166,0.0023472531977833944,0,50,0,0,0,0,
6,0,50,ZX_split,3.044657788182546,1.4808247286905423,0.9935898431050123,0.006410156894987695,0,25,11,14,0,0,
6,0,50,XYZ_split,3.044657788182546,1.4808247286905423,0.9607630979578423,0.039236902042157684,0,16,6,10,7,11,
6,0,50,RL_adaptive,3.044657788182546,1.4808247286905423,0.9156460229062355,0.08435397709376447,0,26,6,8,9,1,0.9156460229062355
6,0,100,Z_only,3.044657788182546,1.4808247286905423,0.9976527468022166,0.0023472531977833944,0,100,0,0,0,0,
6,0,100,ZX_split,3.044657788182546,1.4808247286905423,0.9935898431050123,0.006410156894987695,0,50,22,28,0,0,
6,0,100,XYZ_split,3.044657788182546,1.4808247286905423,0.9583823353342541,0.0416176646657459,0,33,14,19,12,22,
6,0,100,RL_adaptive,3.044657788182546,1.4808247286905423,0.9998218728799726,0.00017812712002740483,0,44,14,14,15,13,0.9998218728799726
6,0,250,Z_only,3.044657788182546,1.4808247286905423,0.9976527468022166,0.0023472531977833944,1,249,0,0,0,0,
6,0,250,ZX_split,3.044657788182546,1.4808247286905423,0.992654989323876,0.007345010676124031,0,125,72,53,0,0,
6,0,250,XYZ_split,3.044657788182546,1.4808247286905423,0.9999966472848085,3.352715191473621e-06,0,83,42,41,46,38,
6,0,250,RL_adaptive,3.044657788182546,1.4808247286905423,0.9866780879956342,0.013321912004365832,1,97,45,29,47,31,0.9866780879956342
6,0,500,Z_only,3.044657788182546,1.4808247286905423,0.9976527468022166,0.0023472531977833944,1,499,0,0,0,0,
6,0,500,ZX_split,3.044657788182546,1.4808247286905423,0.9972590794620864,0.002740920537913638,0,250,121,129,0,0,
6,0,500,XYZ_split,3.044657788182546,1.4808247286905423,0.9981846123719266,0.0018153876280734282,0,166,88,78,98,70,
6,0,500,RL_adaptive,3.044657788182546,1.4808247286905423,0.996641115868903,0.003358884131096973,0,235,65,68,65,67,0.996641115868903
6,1,10,Z_only,3.044657788182546,1.4808247286905423,0.9976527468022166,0.0023472531977833944,0,10,0,0,0,0,
6,1,10,ZX_split,3.044657788182546,1.4808247286905423,0.9888413786621281,0.011158621337871932,0,5,3,2,0,0,
6,1,10,XYZ_split,3.044657788182546,1.4808247286905423,0.9484571394880636,0.05154286051193635,0,3,2,1,3,1,
6,1,10,RL_adaptive,3.044657788182546,1.4808247286905423,0.857938267608839,0.14206173239116104,0,1,1,0,5,3,0.857938267608839
6,1,25,Z_only,3.044657788182546,1.4808247286905423,0.9976527468022166,0.0023472531977833944,0,25,0,0,0,0,
6,1,25,ZX_split,3.044657788182546,1.4808247286905423,0.9858861429718838,0.014113857028116183,0,12,8,5,0,0,
6,1,25,XYZ_split,3.044657788182546,1.4808247286905423,0.8982273264545512,0.10177267354544883,0,8,1,7,5,4,
6,1,25,RL_adaptive,3.044657788182546,1.4808247286905423,0.8860933862747875,0.11390661372521249,0,1,10,8,1,5,0.8860933862747875
6,1,50,Z_only,3.044657788182546,1.4808247286905423,0.9976527468022166,0.0023472531977833944,0,50,0,0,0,0,
6,1,50,ZX_split,3.044657788182546,1.4808247286905423,0.9935898431050123,0.006410156894987695,0,25,11,14,0,0,
6,1,50,XYZ_split,3.044657788182546,1.4808247286905423,0.9999313102059503,6.868979404972553e-05,0,16,8,8,10,8,
6,1,50,RL_adaptive,3.044657788182546,1.4808247286905423,0.8649362174821725,0.13506378251782747,0,25,12,6,1,6,0.8649362174821725
6,1,100,Z_only,3.044657788182546,1.4808247286905423,0.9976527468022166,0.0023472531977833944,0,100,0,0,0,0,
6,1,100,ZX_split,3.044657788182546,1.4808247286905423,0.9828965073933448,0.017103492606655224,0,50,19,31,0,0,
6,1,100,XYZ_split,3.044657788182546,1.4808247286905423,0.9981044780820714,0.0018955219179286331,0,33,16,17,20,14,
6,1,100,RL_adaptive,3.044657788182546,1.4808247286905423,0.9898706561325701,0.010129343867429919,0,45,17,11,15,12,0.9898706561325701
6,1,250,Z_only,3.044657788182546,1.4808247286905423,0.9976527468022166,0.0023472531977833944,0,250,0,0,0,0,
6,1,250,ZX_split,3.044657788182546,1.4808247286905423,0.9966800718372961,0.003319928162703878,0,125,67,58,0,0,
6,1,250,XYZ_split,3.044657788182546,1.4808247286905423,0.9934155985936765,0.006584401406323548,0,83,45,38,40,44,
6,1,250,RL_adaptive,3.044657788182546,1.4808247286905423,0.990278817595176,0.009721182404824003,2,103,27,39,42,37,0.990278817595176
6,1,500,Z_only,3.044657788182546,1.4808247286905423,0.9976527468022166,0.0023472531977833944,3,497,0,0,0,0,
6,1,500,ZX_split,3.044657788182546,1.4808247286905423,0.9925702007022641,0.007429799297735906,1,249,144,106,0,0,
6,1,500,XYZ_split,3.044657788182546,1.4808247286905423,0.9981302683765488,0.0018697316234511652,1,165,89,77,97,71,
6,1,500,RL_adaptive,3.044657788182546,1.4808247286905423,0.9966504631920883,0.003349536807911724,2,233,77,61,67,60,0.9966504631920883
6,2,10,Z_only,3.044657788182546,1.4808247286905423,0.9976527468022166,0.0023472531977833944,0,10,0,0,0,0,
6,2,10,ZX_split,3.044657788182546,1.4808247286905423,0.9289707347334517,0.07102926526654829,0,5,4,1,0,0,
6,2,10,XYZ_split,3.044657788182546,1.4808247286905423,0.9484571394880636,0.05154286051193635,0,3,2,1,3,1,
6,2,10,RL_adaptive,3.044657788182546,1.4808247286905423,0.8351035215371152,0.1648964784628848,0,1,0,1,3,5,0.8351035215371152
6,2,25,Z_only,3.044657788182546,1.4808247286905423,0.9976527468022166,0.0023472531977833944,0,25,0,0,0,0,
6,2,25,ZX_split,3.044657788182546,1.4808247286905423,0.9858861429718838,0.014113857028116183,0,12,8,5,0,0,
6,2,25,XYZ_split,3.044657788182546,1.4808247286905423,0.9144642679180539,0.08553573208194609,1,7,2,6,5,4,
6,2,25,RL_adaptive,3.044657788182546,1.4808247286905423,0.9848589593823711,0.015141040617628887,0,1,7,11,3,3,0.9848589593823711
6,2,50,Z_only,3.044657788182546,1.4808247286905423,0.9976527468022166,0.0023472531977833944,0,50,0,0,0,0,
6,2,50,ZX_split,3.044657788182546,1.4808247286905423,0.9871359547753923,0.012864045224607712,0,25,10,15,0,0,
6,2,50,XYZ_split,3.044657788182546,1.4808247286905423,0.9943491133234421,0.005650886676557887,0,16,9,7,9,9,
6,2,50,RL_adaptive,3.044657788182546,1.4808247286905423,0.9841301964068239,0.015869803593176135,0,25,6,10,5,4,0.9841301964068239
6,2,100,Z_only,3.044657788182546,1.4808247286905423,0.9976527468022166,0.0023472531977833944,0,100,0,0,0,0,
6,2,100,ZX_split,3.044657788182546,1.4808247286905423,0.9964145932328168,0.003585406767183219,0,50,27,23,0,0,
6,2,100,XYZ_split,3.044657788182546,1.4808247286905423,0.9926883394999572,0.007311660500042838,0,33,19,14,17,17,
6,2,100,RL_adaptive,3.044657788182546,1.4808247286905423,0.9858351643216138,0.014164835678386223,0,46,13,13,12,16,0.9858351643216138
6,2,250,Z_only,3.044657788182546,1.4808247286905423,0.9976527468022166,0.0023472531977833944,0,250,0,0,0,0,
6,2,250,ZX_split,3.044657788182546,1.4808247286905423,0.9973987728587351,0.0026012271412648724,1,124,61,64,0,0,
6,2,250,XYZ_split,3.044657788182546,1.4808247286905423,0.9988235442909688,0.0011764557090312433,0,83,39,44,46,38,
6,2,250,RL_adaptive,3.044657788182546,1.4808247286905423,0.9929800320553828,0.007019967944617234,0,98,41,29,43,39,0.9929800320553828
6,2,500,Z_only,3.044657788182546,1.4808247286905423,0.9976527468022166,0.0023472531977833944,3,497,0,0,0,0,
6,2,500,ZX_split,3.044657788182546,1.4808247286905423,0.9971067421171396,0.002893257882860434,1,249,132,118,0,0,
6,2,500,XYZ_split,3.044657788182546,1.4808247286905423,0.997469808080003,0.002530191919997038,1,165,92,74,93,75,
6,2,500,RL_adaptive,3.044657788182546,1.4808247286905423,0.9996126613778027,0.0003873386221973085,2,232,70,65,70,61,0.9996126613778027
6,3,10,Z_only,3.044657788182546,1.4808247286905423,0.9976527468022166,0.0023472531977833944,0,10,0,0,0,0,
6,3,10,ZX_split,3.044657788182546,1.4808247286905423,0.9289707347334517,0.07102926526654829,0,5,4,1,0,0,
6,3,10,XYZ_split,3.044657788182546,1.4808247286905423,0.8746812607146736,0.12531873928532644,0,3,1,2,4,0,
6,3,10,RL_adaptive,3.044657788182546,1.4808247286905423,0.8411586315341506,0.1588413684658494,0,1,1,0,3,5,0.8411586315341506
6,3,25,Z_only,3.044657788182546,1.4808247286905423,0.9976527468022166,0.0023472531977833944,0,25,0,0,0,0,
6,3,25,ZX_split,3.044657788182546,1.4808247286905423,0.9958534274400357,0.004146572559964312,0,12,6,7,0,0,
6,3,25,XYZ_split,3.044657788182546,1.4808247286905423,0.9731978706419072,0.026802129358092786,0,8,3,5,6,3,
6,3,25,RL_adaptive,3.044657788182546,1.4808247286905423,0.8873378751519141,0.11266212484808591,0,1,9,9,1,5,0.8873378751519141
6,3,50,Z_only,3.044657788182546,1.4808247286905423,0.9976527468022166,0.0023472531977833944,0,50,0,0,0,0,
6,3,50,ZX_split,3.044657788182546,1.4808247286905423,0.9935898431050123,0.006410156894987695,0,25,11,14,0,0,
6,3,50,XYZ_split,3.044657788182546,1.4808247286905423,0.9577072664966338,0.04229273350336615,0,16,5,11,12,6,
6,3,50,RL_adaptive,3.044657788182546,1.4808247286905423,0.9892866309187941,0.010713369081205903,0,25,8,8,4,5,0.9892866309187941
6,3,100,Z_only,3.044657788182546,1.4808247286905423,0.9976527468022166,0.0023472531977833944,0,100,0,0,0,0,
6,3,100,ZX_split,3.044657788182546,1.4808247286905423,0.9976527468022166,0.0023472531977833944,0,50,25,25,0,0,
6,3,100,XYZ_split,3.044657788182546,1.4808247286905423,0.9972927163773225,0.00270728362267747,0,33,16,17,17,17,
6,3,100,RL_adaptive,3.044657788182546,1.4808247286905423,0.991828331240401,0.00817166875959896,0,44,17,12,16,11,0.991828331240401
6,3,250,Z_only,3.044657788182546,1.4808247286905423,0.9976527468022166,0.0023472531977833944,0,250,0,0,0,0,
6,3,250,ZX_split,3.044657788182546,1.4808247286905423,0.9970654792612687,0.00293452073873135,1,124,60,65,0,0,
6,3,250,XYZ_split,3.044657788182546,1.4808247286905423,0.9961549532230476,0.00384504677695241,0,83,47,36,47,37,
6,3,250,RL_adaptive,3.044657788182546,1.4808247286905423,0.9998741772426754,0.0001258227573246451,0,101,35,34,43,37,0.9998741772426754
6,3,500,Z_only,3.044657788182546,1.4808247286905423,0.9976527468022166,0.0023472531977833944,4,496,0,0,0,0,
6,3,500,ZX_split,3.044657788182546,1.4808247286905423,0.997612328369665,0.002387671630335042,1,249,128,122,0,0,
6,3,500,XYZ_split,3.044657788182546,1.4808247286905423,0.9980215911872488,0.0019784088127512423,0,166,87,79,99,69,
6,3,500,RL_adaptive,3.044657788182546,1.4808247286905423,0.992706585997797,0.007293414002202958,1,232,54,74,73,66,0.992706585997797
6,4,10,Z_only,3.044657788182546,1.4808247286905423,0.9976527468022166,0.0023472531977833944,0,10,0,0,0,0,
6,4,10,ZX_split,3.044657788182546,1.4808247286905423,0.9888413786621281,0.011158621337871932,0,5,3,2,0,0,
6,4,10,XYZ_split,3.044657788182546,1.4808247286905423,0.9071464235092828,0.09285357649071724,0,3,2,1,1,3,
6,4,10,RL_adaptive,3.044657788182546,1.4808247286905423,0.8507324395301412,0.14926756046985878,0,1,1,0,6,2,0.8507324395301412
6,4,25,Z_only,3.044657788182546,1.4808247286905423,0.9976527468022166,0.0023472531977833944,0,25,0,0,0,0,
6,4,25,ZX_split,3.044657788182546,1.4808247286905423,0.9660428438267711,0.03395715617322892,0,12,9,4,0,0,
6,4,25,XYZ_split,3.044657788182546,1.4808247286905423,0.8857667931449275,0.11423320685507254,0,8,7,1,7,2,
6,4,25,RL_adaptive,3.044657788182546,1.4808247286905423,0.9479445149752846,0.05205548502471535,0,1,11,7,2,4,0.9479445149752846
6,4,50,Z_only,3.044657788182546,1.4808247286905423,0.9976527468022166,0.0023472531977833944,0,50,0,0,0,0,
6,4,50,ZX_split,3.044657788182546,1.4808247286905423,0.9780493399579451,0.021950660042054926,0,25,9,16,0,0,
6,4,50,XYZ_split,3.044657788182546,1.4808247286905423,0.9644401042165206,0.0355598957834794,0,16,5,11,9,9,
6,4,50,RL_adaptive,3.044657788182546,1.4808247286905423,0.9838486236327548,0.016151376367245174,0,26,10,6,4,4,0.9838486236327548
6,4,100,Z_only,3.044657788182546,1.4808247286905423,0.9976527468022166,0.0023472531977833944,0,100,0,0,0,0,
6,4,100,ZX_split,3.044657788182546,1.4808247286905423,0.9974288825397609,0.0025711174602390807,0,50,26,24,0,0,
6,4,100,XYZ_split,3.044657788182546,1.4808247286905423,0.9983638676899572,0.0016361323100427816,0,33,17,16,20,14,
6,4,100,RL_adaptive,3.044657788182546,1.4808247286905423,0.9361360276107301,0.06386397238926989,0,49,15,8,9,19,0.9361360276107301
6,4,250,Z_only,3.044657788182546,1.4808247286905423,0.9976527468022166,0.0023472531977833944,0,250,0,0,0,0,
6,4,250,ZX_split,3.044657788182546,1.4808247286905423,0.9970813208908524,0.0029186791091475595,0,125,60,65,0,0,
6,4,250,XYZ_split,3.044657788182546,1.4808247286905423,0.9952997716969676,0.0047002283030324055,0,83,42,41,52,32,
6,4,250,RL_adaptive,3.044657788182546,1.4808247286905423,0.9922486683306838,0.007751331669316186,0,98,41,29,42,40,0.9922486683306838
6,4,500,Z_only,3.044657788182546,1.4808247286905423,0.9976527468022166,0.0023472531977833944,3,497,0,0,0,0,
6,4,500,ZX_split,3.044657788182546,1.4808247286905423,0.9976527468022166,0.0023472531977833944,1,249,125,125,0,0,
6,4,500,XYZ_split,3.044657788182546,1.4808247286905423,0.9996144154264396,0.00038558457356041576,0,166,87,79,92,76,
6,4,500,RL_adaptive,3.044657788182546,1.4808247286905423,0.9989860114689921,0.00101398853100787,1,232,65,67,78,57,0.9989860114689921
7,0,10,Z_only,0.043672944956261686,1.3652760699223163,0.9995232442543295,0.0004767557456705207,10,0,0,0,0,0,
7,0,10,ZX_split,0.043672944956261686,1.3652760699223163,0.8500661873985785,0.14993381260142147,5,0,0,5,0,0,
7,0,10,XYZ_split,0.043672944956261686,1.3652760699223163,0.9385942339759449,0.06140576602405512,3,0,2,1,3,1,
7,0,10,RL_adaptive,0.043672944956261686,1.3652760699223163,0.8500661873985785,0.14993381260142147,1,0,0,1,4,4,0.8500661873985785
7,0,25,Z_only,0.043672944956261686,1.3652760699223163,0.9995232442543295,0.0004767557456705207,25,0,0,0,0,0,
7,0,25,ZX_split,0.043672944956261686,1.3652760699223163,0.9857293259099605,0.014270674090039459,12,0,5,8,0,0,
7,0,25,XYZ_split,0.043672944956261686,1.3652760699223163,0.9444661792947148,0.05553382070528523,8,0,6,2,4,5,
7,0,25,RL_adaptive,0.043672944956261686,1.3652760699223163,0.9456148971658883,0.05438510283411169,1,0,10,7,2,5,0.9456148971658883
7,0,50,Z_only,0.043672944956261686,1.3652760699223163,0.9995232442543295,0.0004767557456705207,50,0,0,0,0,0,
7,0,50,ZX_split,0.043672944956261686,1.3652760699223163,0.9993021579492475,0.0006978420507525174,25,0,13,12,0,0,
7,0,50,XYZ_split,0.043672944956261686,1.3652760699223163,0.9995232442543295,0.0004767557456705207,16,0,8,8,9,9,
7,0,50,RL_adaptive,0.043672944956261686,1.3652760699223163,0.8975659410207605,0.10243405897923952,24,0,8,12,1,5,0.8975659410207605
7,0,100,Z_only,0.043672944956261686,1.3652760699223163,0.9995232442543295,0.0004767557456705207,100,0,0,0,0,0,
7,0,100,ZX_split,0.043672944956261686,1.3652760699223163,0.9975771453198886,0.002422854680111386,50,0,23,27,0,0,
7,0,100,XYZ_split,0.043672944956261686,1.3652760699223163,0.9710189029713807,0.028981097028619285,33,0,15,18,12,22,
7,0,100,RL_adaptive,0.043672944956261686,1.3652760699223163,0.9950293698757526,0.004970630124247366,75,0,10,8,4,3,0.9950293698757526
7,0,250,Z_only,0.043672944956261686,1.3652760699223163,0.9995232442543295,0.0004767557456705207,250,0,0,0,0,0,
7,0,250,ZX_split,0.043672944956261686,1.3652760699223163,0.9964958388710105,0.003504161128989547,125,0,70,55,0,0,
7,0,250,XYZ_split,0.043672944956261686,1.3652760699223163,0.9994880590011136,0.0005119409988864065,83,0,40,43,44,40,
7,0,250,RL_adaptive,0.043672944956261686,1.3652760699223163,0.993901876155002,0.006098123844997971,96,0,60,43,26,25,0.993901876155002
7,0,500,Z_only,0.043672944956261686,1.3652760699223163,0.9995232442543295,0.0004767557456705207,500,0,0,0,0,0,
7,0,500,ZX_split,0.043672944956261686,1.3652760699223163,0.9969152529473745,0.003084747052625514,250,0,139,111,0,0,
7,0,500,XYZ_split,0.043672944956261686,1.3652760699223163,0.9979233797112521,0.002076620288747888,166,0,88,78,94,74,
7,0,500,RL_adaptive,0.043672944956261686,1.3652760699223163,0.9983423941105806,0.0016576058894194334,177,0,107,95,67,54,0.9983423941105806
7,1,10,Z_only,0.043672944956261686,1.3652760699223163,0.9995232442543295,0.0004767557456705207,10,0,0,0,0,0,
7,1,10,ZX_split,0.043672944956261686,1.3652760699223163,0.9260456239652278,0.07395437603477217,5,0,1,4,0,0,
7,1,10,XYZ_split,0.043672944956261686,1.3652760699223163,0.9202769814926307,0.07972301850736929,3,0,2,1,1,3,
7,1,10,RL_adaptive,0.043672944956261686,1.3652760699223163,0.7786338648700155,0.2213661351299845,1,0,1,0,0,8,0.7786338648700155
7,1,25,Z_only,0.043672944956261686,1.3652760699223163,0.9995232442543295,0.0004767557456705207,25,0,0,0,0,0,
7,1,25,ZX_split,0.043672944956261686,1.3652760699223163,0.9977102164998317,0.0022897835001682854,12,0,6,7,0,0,
7,1,25,XYZ_split,0.043672944956261686,1.3652760699223163,0.9376838323103772,0.06231616768962278,8,0,5,3,7,2,
7,1,25,RL_adaptive,0.043672944956261686,1.3652760699223163,0.8615181917231861,0.1384818082768139,1,0,11,6,7,0,0.8615181917231861
7,1,50,Z_only,0.043672944956261686,1.3652760699223163,0.9995232442543295,0.0004767557456705207,50,0,0,0,0,0,
7,1,50,ZX_split,0.043672944956261686,1.3652760699223163,0.9715040918856102,0.028495908114389845,25,0,17,8,0,0,
7,1,50,XYZ_split,0.043672944956261686,1.3652760699223163,0.9047050855579273,0.09529491444207272,15,1,13,3,8,10,
7,1,50,RL_adaptive,0.043672944956261686,1.3652760699223163,0.9424425164611213,0.057557483538878684,25,0,13,6,2,4,0.9424425164611213
7,1,100,Z_only,0.043672944956261686,1.3652760699223163,0.9995232442543295,0.0004767557456705207,100,0,0,0,0,0,
7,1,100,ZX_split,0.043672944956261686,1.3652760699223163,0.9964958388710105,0.003504161128989547,50,0,28,22,0,0,
7,1,100,XYZ_split,0.043672944956261686,1.3652760699223163,0.9899942299053907,0.010005770094609345,33,0,20,13,18,16,
7,1,100,RL_adaptive,0.043672944956261686,1.3652760699223163,0.9681223864799399,0.03187761352006013,78,0,10,5,3,4,0.9681223864799399
7,1,250,Z_only,0.043672944956261686,1.3652760699223163,0.9995232442543295,0.0004767557456705207,250,0,0,0,0,0,
7,1,250,ZX_split,0.043672944956261686,1.3652760699223163,0.9994833549740728,0.0005166450259271871,124,1,64,61,0,0,
7,1,250,XYZ_split,0.043672944956261686,1.3652760699223163,0.9974564360017095,0.0025435639982904767,83,0,40,43,40,44,
7,1,250,RL_adaptive,0.043672944956261686,1.3652760699223163,0.9782207098266087,0.021779290173391308,104,0,41,61,28,16,0.9782207098266087
7,1,500,Z_only,0.043672944956261686,1.3652760699223163,0.9995232442543295,0.0004767557456705207,500,0,0,0,0,0,
7,1,500,ZX_split,0.043672944956261686,1.3652760699223163,0.9993864387316033,0.000613561268396734,249,1,123,127,0,0,
7,1,500,XYZ_split,0.043672944956261686,1.3652760699223163,0.9994829738086201,0.0005170261913799434,166,0,82,84,91,77,
7,1,500,RL_adaptive,0.043672944956261686,1.3652760699223163,0.9991664977618925,0.0008335022381075197,178,0,108,95,61,58,0.9991664977618925
7,2,10,Z_only,0.043672944956261686,1.3652760699223163,0.9995232442543295,0.0004767557456705207,10,0,0,0,0,0,
7,2,10,ZX_split,0.043672944956261686,1.3652760699223163,0.9260456239652278,0.07395437603477217,5,0,1,4,0,0,
7,2,10,XYZ_split,0.043672944956261686,1.3652760699223163,0.8301095671214616,0.16989043287853844,3,0,2,1,0,4,
7,2,10,RL_adaptive,0.043672944956261686,1.3652760699223163,0.8546453938265196,0.1453546061734804,1,0,1,0,5,3,0.8546453938265196
7,2,25,Z_only,0.043672944956261686,1.3652760699223163,0.9995232442543295,0.0004767557456705207,25,0,0,0,0,0,
7,2,25,ZX_split,0.043672944956261686,1.3652760699223163,0.9977102164998317,0.0022897835001682854,12,0,6,7,0,0,
7,2,25,XYZ_split,0.043672944956261686,1.3652760699223163,0.9988279633918775,0.0011720366081224842,8,0,4,4,5,4,
7,2,25,RL_adaptive,0.043672944956261686,1.3652760699223163,0.9908691013609136,0.009130898639086449,1,0,10,7,4,3,0.9908691013609136
7,2,50,Z_only,0.043672944956261686,1.3652760699223163,0.9995232442543295,0.0004767557456705207,50,0,0,0,0,0,
7,2,50,ZX_split,0.043672944956261686,1.3652760699223163,0.9989460511762414,0.0010539488237586436,25,0,12,13,0,0,
7,2,50,XYZ_split,0.043672944956261686,1.3652760699223163,0.9835282584863788,0.016471741513621185,16,0,6,10,9,9,
7,2,50,RL_adaptive,0.043672944956261686,1.3652760699223163,0.9596223122374531,0.04037768776254691,26,0,12,6,4,2,0.9596223122374531
7,2,100,Z_only,0.043672944956261686,1.3652760699223163,0.9995232442543295,0.0004767557456705207,100,0,0,0,0,0,
7,2,100,ZX_split,0.043672944956261686,1.3652760699223163,0.9993021579492475,0.0006978420507525174,50,0,26,24,0,0,
7,2,100,XYZ_split,0.043672944956261686,1.3652760699223163,0.9820847903038857,0.017915209696114265,33,0,13,20,15,19,
7,2,100,RL_adaptive,0.043672944956261686,1.3652760699223163,0.9975249751917433,0.002475024808256676,75,0,9,9,4,3,0.9975249751917433
7,2,250,Z_only,0.043672944956261686,1.3652760699223163,0.9995232442543295,0.0004767557456705207,250,0,0,0,0,0,
7,2,250,ZX_split,0.043672944956261686,1.3652760699223163,0.9989460511762414,0.0010539488237586436,125,0,60,65,0,0,
7,2,250,XYZ_split,0.043672944956261686,1.3652760699223163,0.9893200559914419,0.010679944008558095,83,0,49,34,49,35,
7,2,250,RL_adaptive,0.043672944956261686,1.3652760699223163,0.9998870424219368,0.00011295757806317752,99,0,52,50,26,23,0.9998870424219368
7,2,500,Z_only,0.043672944956261686,1.3652760699223163,0.9995232442543295,0.0004767557456705207,500,0,0,0,0,0,
7,2,500,ZX_split,0.043672944956261686,1.3652760699223163,0.9979907733287419,0.0020092266712581353,250,0,136,114,0,0,
7,2,500,XYZ_split,0.043672944956261686,1.3652760699223163,0.9993167290976919,0.0006832709023081307,166,0,84,82,92,76,
7,2,500,RL_adaptive,0.043672944956261686,1.3652760699223163,0.9982474988845014,0.001752501115498628,176,0,95,103,70,56,0.9982474988845014
7,3,10,Z_only,0.043672944956261686,1.3652760699223163,0.9995232442543295,0.0004767557456705207,10,0,0,0,0,0,
7,3,10,ZX_split,0.043672944956261686,1.3652760699223163,0.8563663593465026,0.14363364065349737,5,0,5,0,0,0,
7,3,10,XYZ_split,0.043672944956261686,1.3652760699223163,0.8595254285681246,0.14047457143187536,3,0,2,1,4,0,
7,3,10,RL_adaptive,0.043672944956261686,1.3652760699223163,0.8288620497418321,0.17113795025816791,1,0,1,0,2,6,0.8288620497418321
7,3,25,Z_only,0.043672944956261686,1.3652760699223163,0.9995232442543295,0.0004767557456705207,25,0,0,0,0,0,
7,3,25,ZX_split,0.043672944956261686,1.3652760699223163,0.9983935660923313,0.0016064339076686807,12,0,7,6,0,0,
7,3,25,XYZ_split,0.043672944956261686,1.3652760699223163,0.967131531007664,0.032868468992335975,8,0,4,4,3,6,
7,3,25,RL_adaptive,0.043672944956261686,1.3652760699223163,0.9731307569712442,0.026869243028755818,1,0,11,6,3,4,0.9731307569712442
7,3,50,Z_only,0.043672944956261686,1.3652760699223163,0.9995232442543295,0.0004767557456705207,50,0,0,0,0,0,
7,3,50,ZX_split,0.043672944956261686,1.3652760699223163,0.9993021579492475,0.0006978420507525174,25,0,13,12,0,0,
7,3,50,XYZ_split,0.043672944956261686,1.3652760699223163,0.966645750747669,0.03335424925233099,16,0,6,10,12,6,
7,3,50,RL_adaptive,0.043672944956261686,1.3652760699223163,0.9702642787711478,0.029735721228852152,25,0,13,6,3,3,0.9702642787711478
7,3,100,Z_only,0.043672944956261686,1.3652760699223163,0.9995232442543295,0.0004767557456705207,100,0,0,0,0,0,
7,3,100,ZX_split,0.043672944956261686,1.3652760699223163,0.9982876583934082,0.0017123416065918384,50,0,27,23,0,0,
7,3,100,XYZ_split,0.043672944956261686,1.3652760699223163,0.9957732488597314,0.004226751140268603,33,0,18,15,16,18,
7,3,100,RL_adaptive,0.043672944956261686,1.3652760699223163,0.9868632984045699,0.013136701595430123,75,0,11,7,4,3,0.9868632984045699
7,3,250,Z_only,0.043672944956261686,1.3652760699223163,0.9995232442543295,0.0004767557456705207,250,0,0,0,0,0,
7,3,250,ZX_split,0.043672944956261686,1.3652760699223163,0.9892034568371159,0.010796543162884142,125,0,76,49,0,0,
7,3,250,XYZ_split,0.043672944956261686,1.3652760699223163,0.9910586234813481,0.0089413765186519,83,0,34,49,45,39,
7,3,250,RL_adaptive,0.043672944956261686,1.3652760699223163,0.9857423791875164,0.014257620812483607,97,0,54,45,22,32,0.9857423791875164
7,3,500,Z_only,0.043672944956261686,1.3652760699223163,0.9995232442543295,0.0004767557456705207,499,1,0,0,0,0,
7,3,500,ZX_split,0.043672944956261686,1.3652760699223163,0.9994101682911853,0.0005898317088146587,250,0,129,121,0,0,
7,3,500,XYZ_split,0.043672944956261686,1.3652760699223163,0.9934083798201782,0.006591620179821844,166,0,91,75,76,92,
7,3,500,RL_adaptive,0.043672944956261686,1.3652760699223163,0.9984466813665467,0.0015533186334533156,178,0,104,98,58,62,0.9984466813665467
7,4,10,Z_only,0.043672944956261686,1.3652760699223163,0.9995232442543295,0.0004767557456705207,10,0,0,0,0,0,
7,4,10,ZX_split,0.043672944956261686,1.3652760699223163,0.9889491637202892,0.011050836279710818,5,0,2,3,0,0,
7,4,10,XYZ_split,0.043672944956261686,1.3652760699223163,0.9724805975375399,0.027519402462460096,3,0,1,2,2,2,
7,4,10,RL_adaptive,0.043672944956261686,1.3652760699223163,0.8472052702828833,0.15279472971711672,1,0,1,0,3,5,0.8472052702828833
7,4,25,Z_only,0.043672944956261686,1.3652760699223163,0.9995232442543295,0.0004767557456705207,25,0,0,0,0,0,
7,4,25,ZX_split,0.043672944956261686,1.3652760699223163,0.9983935660923313,0.0016064339076686807,12,0,7,6,0,0,
7,4,25,XYZ_split,0.043672944956261686,1.3652760699223163,0.9851821260516,0.014817873948399951,8,0,5,3,5,4,
7,4,25,RL_adaptive,0.043672944956261686,1.3652760699223163,0.9903904172820177,0.00960958271798229,1,0,8,9,3,4,0.9903904172820177
7,4,50,Z_only,0.043672944956261686,1.3652760699223163,0.9995232442543295,0.0004767557456705207,50,0,0,0,0,0,
7,4,50,ZX_split,0.043672944956261686,1.3652760699223163,0.9954342801409278,0.00456571985907217,25,0,11,14,0,0,
7,4,50,XYZ_split,0.043672944956261686,1.3652760699223163,0.9944731583661116,0.005526841633888391,16,0,7,9,10,8,
7,4,50,RL_adaptive,0.043672944956261686,1.3652760699223163,0.9581131454163262,0.041886854583673805,24,0,8,12,2,4,0.9581131454163262
7,4,100,Z_only,0.043672944956261686,1.3652760699223163,0.9995232442543295,0.0004767557456705207,100,0,0,0,0,0,
7,4,100,ZX_split,0.043672944956261686,1.3652760699223163,0.9975771453198886,0.002422854680111386,50,0,23,27,0,0,
7,4,100,XYZ_split,0.043672944956261686,1.3652760699223163,0.9529057679017116,0.04709423209828845,33,0,9,24,17,17,
7,4,100,RL_adaptive,0.043672944956261686,1.3652760699223163,0.9420269403771343,0.0579730596228657,71,0,7,15,5,2,0.9420269403771343
7,4,250,Z_only,0.043672944956261686,1.3652760699223163,0.9995232442543295,0.0004767557456705207,250,0,0,0,0,0,
7,4,250,ZX_split,0.043672944956261686,1.3652760699223163,0.9992725569944173,0.0007274430055826953,125,0,61,64,0,0,
7,4,250,XYZ_split,0.043672944956261686,1.3652760699223163,0.9993392116811507,0.0006607883188493036,83,0,44,39,44,40,
7,4,250,RL_adaptive,0.043672944956261686,1.3652760699223163,0.9952170499235297,0.004782950076470338,98,0,51,48,24,29,0.9952170499235297
7,4,500,Z_only,0.043672944956261686,1.3652760699223163,0.9995232442543295,0.0004767557456705207,500,0,0,0,0,0,
7,4,500,ZX_split,0.043672944956261686,1.3652760699223163,0.9993880483656896,0.0006119516343103815,250,0,123,127,0,0,
7,4,500,XYZ_split,0.043672944956261686,1.3652760699223163,0.9996123830204305,0.0003876169795694606,166,0,86,80,90,78,
7,4,500,RL_adaptive,0.043672944956261686,1.3652760699223163,0.9994532535431301,0.0005467464568699176,177,0,104,97,66,56,0.9994532535431301
8,0,10,Z_only,1.6241203084031384,3.8786403850984463,0.5266493572740343,0.4733506427259657,4,6,0,0,0,0,
8,0,10,ZX_split,1.6241203084031384,3.8786403850984463,0.8677487815055822,0.1322512184944178,2,3,0,5,0,0,
8,0,10,XYZ_split,1.6241203084031384,3.8786403850984463,0.834115130642884,0.165884869357116,0,3,1,2,0,4,
8,0,10,RL_adaptive,1.6241203084031384,3.8786403850984463,0.8343995671866594,0.16560043281334058,0,1,0,1,3,5,0.8343995671866594
8,0,25,Z_only,1.6241203084031384,3.8786403850984463,0.5266493572740343,0.4733506427259657,12,13,0,0,0,0,
8,0,25,ZX_split,1.6241203084031384,3.8786403850984463,0.8697017711445795,0.13029822885542053,6,6,2,11,0,0,
8,0,25,XYZ_split,1.6241203084031384,3.8786403850984463,0.9987058100090737,0.0012941899909263421,4,4,0,8,0,9,
8,0,25,RL_adaptive,1.6241203084031384,3.8786403850984463,0.8655406752211889,0.13445932477881106,0,1,0,17,2,5,0.8655406752211889
8,0,50,Z_only,1.6241203084031384,3.8786403850984463,0.4733506427259657,0.5266493572740343,28,22,0,0,0,0,
8,0,50,ZX_split,1.6241203084031384,3.8786403850984463,0.8687074933413828,0.13129250665861725,11,14,4,21,0,0,
8,0,50,XYZ_split,1.6241203084031384,3.8786403850984463,0.9913693080233728,0.008630691976627247,6,10,2,14,2,16,
8,0,50,RL_adaptive,1.6241203084031384,3.8786403850984463,0.9905864701872911,0.009413529812708932,10,13,4,15,1,7,0.9905864701872911
8,0,100,Z_only,1.6241203084031384,3.8786403850984463,0.5266493572740343,0.4733506427259657,42,58,0,0,0,0,
8,0,100,ZX_split,1.6241203084031384,3.8786403850984463,0.8572960436005815,0.14270395639941846,29,21,5,45,0,0,
8,0,100,XYZ_split,1.6241203084031384,3.8786403850984463,0.9914969192310311,0.008503080768968885,17,16,8,25,6,28,
8,0,100,RL_adaptive,1.6241203084031384,3.8786403850984463,0.9994783965955698,0.0005216034044301932,31,33,3,15,4,14,0.9994783965955698
8,0,250,Z_only,1.6241203084031384,3.8786403850984463,0.5266493572740343,0.4733506427259657,121,129,0,0,0,0,
8,0,250,ZX_split,1.6241203084031384,3.8786403850984463,0.868547750495271,0.131452249504729,55,70,21,104,0,0,
8,0,250,XYZ_split,1.6241203084031384,3.8786403850984463,0.9995198729926797,0.0004801270073202524,41,42,6,77,10,74,
8,0,250,RL_adaptive,1.6241203084031384,3.8786403850984463,0.9978166344238978,0.002183365576102214,48,61,9,51,11,70,0.9978166344238978
8,0,500,Z_only,1.6241203084031384,3.8786403850984463,0.5266493572740343,0.4733506427259657,238,262,0,0,0,0,
8,0,500,ZX_split,1.6241203084031384,3.8786403850984463,0.8698372793951455,0.13016272060485445,113,137,39,211,0,0,
8,0,500,XYZ_split,1.6241203084031384,3.8786403850984463,0.9998180830081307,0.0001819169918693131,78,88,17,149,20,148,
8,0,500,RL_adaptive,1.6241203084031384,3.8786403850984463,0.9998126042037234,0.00018739579627657932,95,113,12,129,20,131,0.9998126042037234
8,1,10,Z_only,1.6241203084031384,3.8786403850984463,0.4733506427259657,0.5266493572740343,5,5,0,0,0,0,
8,1,10,ZX_split,1.6241203084031384,3.8786403850984463,0.8572960436005815,0.14270395639941846,3,2,0,5,0,0,
8,1,10,XYZ_split,1.6241203084031384,3.8786403850984463,0.9105713577252912,0.08942864227470881,2,1,1,2,1,3,
8,1,10,RL_adaptive,1.6241203084031384,3.8786403850984463,0.9225776023570951,0.07742239764290493,0,1,0,1,0,8,0.9225776023570951
8,1,25,Z_only,1.6241203084031384,3.8786403850984463,0.4733506427259657,0.5266493572740343,15,10,0,0,0,0,
8,1,25,ZX_split,1.6241203084031384,3.8786403850984463,0.7847887638578244,0.21521123614217563,2,10,2,11,0,0,
8,1,25,XYZ_split,1.6241203084031384,3.8786403850984463,0.9832690109275378,0.016730989072462177,5,3,0,8,1,8,
8,1,25,RL_adaptive,1.6241203084031384,3.8786403850984463,0.8793402650886005,0.12065973491139947,0,1,2,15,1,6,0.8793402650886005
8,1,50,Z_only,1.6241203084031384,3.8786403850984463,0.5266493572740343,0.4733506427259657,17,33,0,0,0,0,
8,1,50,ZX_split,1.6241203084031384,3.8786403850984463,0.8248678715004722,0.17513212849952775,7,18,4,21,0,0,
8,1,50,XYZ_split,1.6241203084031384,3.8786403850984463,0.9992622773503376,0.0007377226496624312,8,8,1,15,2,16,
8,1,50,RL_adaptive,1.6241203084031384,3.8786403850984463,0.8235496628861404,0.1764503371138596,12,11,1,17,5,4,0.8235496628861404
8,1,100,Z_only,1.6241203084031384,3.8786403850984463,0.5266493572740343,0.4733506427259657,43,57,0,0,0,0,
8,1,100,ZX_split,1.6241203084031384,3.8786403850984463,0.8697548693987593,0.13024513060124066,22,28,4,46,0,0,
8,1,100,XYZ_split,1.6241203084031384,3.8786403850984463,0.9846051931139571,0.015394806886042889,13,20,7,26,4,30,
8,1,100,RL_adaptive,1.6241203084031384,3.8786403850984463,0.9989871673198668,0.001012832680133191,33,33,2,15,3,14,0.9989871673198668
8,1,250,Z_only,1.6241203084031384,3.8786403850984463,0.5266493572740343,0.4733506427259657,115,135,0,0,0,0,
8,1,250,ZX_split,1.6241203084031384,3.8786403850984463,0.8705672284126821,0.12943277158731792,58,67,15,110,0,0,
8,1,250,XYZ_split,1.6241203084031384,3.8786403850984463,0.9995308171708422,0.0004691828291577549,41,42,13,70,15,69,
8,1,250,RL_adaptive,1.6241203084031384,3.8786403850984463,0.9928979593071066,0.007102040692893441,58,55,6,57,17,57,0.9928979593071066
8,1,500,Z_only,1.6241203084031384,3.8786403850984463,0.5266493572740343,0.4733506427259657,238,262,0,0,0,0,
8,1,500,ZX_split,1.6241203084031384,3.8786403850984463,0.8699750378538234,0.13002496214617665,124,126,35,215,0,0,
8,1,500,XYZ_split,1.6241203084031384,3.8786403850984463,0.9961773687308535,0.0038226312691465036,69,97,20,146,31,137,
8,1,500,RL_adaptive,1.6241203084031384,3.8786403850984463,0.9960281349608711,0.003971865039128941,84,128,11,126,16,135,0.9960281349608711
8,2,10,Z_only,1.6241203084031384,3.8786403850984463,0.4733506427259657,0.5266493572740343,6,4,0,0,0,0,
8,2,10,ZX_split,1.6241203084031384,3.8786403850984463,0.8591571622611083,0.14084283773889172,2,3,1,4,0,0,
8,2,10,XYZ_split,1.6241203084031384,3.8786403850984463,0.9225776023570951,0.07742239764290493,0,3,0,3,0,4,
8,2,10,RL_adaptive,1.6241203084031384,3.8786403850984463,0.9048224998562943,0.09517750014370574,0,1,0,1,1,7,0.9048224998562943
8,2,25,Z_only,1.6241203084031384,3.8786403850984463,0.5266493572740343,0.4733506427259657,9,16,0,0,0,0,
8,2,25,ZX_split,1.6241203084031384,3.8786403850984463,0.7847887638578244,0.21521123614217563,2,10,2,11,0,0,
8,2,25,XYZ_split,1.6241203084031384,3.8786403850984463,0.9832690109275378,0.016730989072462177,5,3,0,8,1,8,
8,2,25,RL_adaptive,1.6241203084031384,3.8786403850984463,0.9225776023570951,0.07742239764290493,0,1,0,17,0,7,0.9225776023570951
8,2,50,Z_only,1.6241203084031384,3.8786403850984463,0.4733506427259657,0.5266493572740343,27,23,0,0,0,0,
8,2,50,ZX_split,1.6241203084031384,3.8786403850984463,0.8674988997082022,0.13250110029179785,13,12,4,21,0,0,
8,2,50,XYZ_split,1.6241203084031384,3.8786403850984463,0.955949354351001,0.044050645648998965,5,11,4,12,4,14,
8,2,50,RL_adaptive,1.6241203084031384,3.8786403850984463,0.9780342191021826,0.021965780897817422,14,8,2,18,1,7,0.9780342191021826
8,2,100,Z_only,1.6241203084031384,3.8786403850984463,0.5266493572740343,0.4733506427259657,47,53,0,0,0,0,
8,2,100,ZX_split,1.6241203084031384,3.8786403850984463,0.8697548693987593,0.13024513060124066,23,27,11,39,0,0,
8,2,100,XYZ_split,1.6241203084031384,3.8786403850984463,0.979004495384039,0.020995504615961003,20,13,2,31,7,27,
8,2,100,RL_adaptive,1.6241203084031384,3.8786403850984463,0.8885940652662186,0.11140593473378135,32,29,1,21,8,9,0.8885940652662186
8,2,250,Z_only,1.6241203084031384,3.8786403850984463,0.5266493572740343,0.4733506427259657,119,131,0,0,0,0,
8,2,250,ZX_split,1.6241203084031384,3.8786403850984463,0.8706605447901271,0.1293394552098729,59,66,15,110,0,0,
8,2,250,XYZ_split,1.6241203084031384,3.8786403850984463,0.9950378758775458,0.004962124122454226,43,40,16,67,13,71,
8,2,250,RL_adaptive,1.6241203084031384,3.8786403850984463,0.9982852286084218,0.0017147713915781626,48,62,9,52,15,64,0.9982852286084218
8,2,500,Z_only,1.6241203084031384,3.8786403850984463,0.5266493572740343,0.4733506427259657,233,267,0,0,0,0,
8,2,500,ZX_split,1.6241203084031384,3.8786403850984463,0.8705187217336445,0.12948127826635547,115,135,25,225,0,0,
8,2,500,XYZ_split,1.6241203084031384,3.8786403850984463,0.9998924735989719,0.00010752640102806854,80,86,20,146,25,143,
8,2,500,RL_adaptive,1.6241203084031384,3.8786403850984463,0.99987001709363,0.00012998290637000753,97,111,20,124,27,121,0.99987001709363
8,3,10,Z_only,1.6241203084031384,3.8786403850984463,0.4733506427259657,0.5266493572740343,5,5,0,0,0,0,
8,3,10,ZX_split,1.6241203084031384,3.8786403850984463,0.780262570635742,0.219737429364258,2,3,2,3,0,0,
8,3,10,XYZ_split,1.6241203084031384,3.8786403850984463,0.9792908094988387,0.020709190501161268,2,1,0,3,0,4,
8,3,10,RL_adaptive,1.6241203084031384,3.8786403850984463,0.8343995671866594,0.16560043281334058,0,1,0,1,3,5,0.8343995671866594
8,3,25,Z_only,1.6241203084031384,3.8786403850984463,0.5266493572740343,0.4733506427259657,8,17,0,0,0,0,
8,3,25,ZX_split,1.6241203084031384,3.8786403850984463,0.8656701849714001,0.13432981502859986,5,7,2,11,0,0,
8,3,25,XYZ_split,1.6241203084031384,3.8786403850984463,0.9730077021490177,0.02699229785098234,5,3,1,7,2,7,
8,3,25,RL_adaptive,1.6241203084031384,3.8786403850984463,0.8793402650886005,0.12065973491139947,0,1,2,15,1,6,0.8793402650886005
8,3,50,Z_only,1.6241203084031384,3.8786403850984463,0.4733506427259657,0.5266493572740343,30,20,0,0,0,0,
8,3,50,ZX_split,1.6241203084031384,3.8786403850984463,0.8631949678537898,0.1368050321462102,9,16,0,25,0,0,
8,3,50,XYZ_split,1.6241203084031384,3.8786403850984463,0.9810961424281374,0.018903857571862637,7,9,1,15,5,13,
8,3,50,RL_adaptive,1.6241203084031384,3.8786403850984463,0.9910977935770111,0.00890220642298889,11,11,1,18,2,7,0.9910977935770111
8,3,100,Z_only,1.6241203084031384,3.8786403850984463,0.4733506427259657,0.5266493572740343,55,45,0,0,0,0,
8,3,100,ZX_split,1.6241203084031384,3.8786403850984463,0.8705509003171775,0.12944909968282248,24,26,4,46,0,0,
8,3,100,XYZ_split,1.6241203084031384,3.8786403850984463,0.9797922925147762,0.020207707485223825,10,23,3,30,4,30,
8,3,100,RL_adaptive,1.6241203084031384,3.8786403850984463,0.9843415229147578,0.01565847708524215,40,28,3,14,3,12,0.9843415229147578
8,3,250,Z_only,1.6241203084031384,3.8786403850984463,0.5266493572740343,0.4733506427259657,121,129,0,0,0,0,
8,3,250,ZX_split,1.6241203084031384,3.8786403850984463,0.8604205965752768,0.1395794034247232,49,76,20,105,0,0,
8,3,250,XYZ_split,1.6241203084031384,3.8786403850984463,0.9993944744283165,0.000605525571683474,39,44,14,69,19,65,
8,3,250,RL_adaptive,1.6241203084031384,3.8786403850984463,0.996141371051866,0.0038586289481340463,56,55,8,56,17,58,0.996141371051866
8,3,500,Z_only,1.6241203084031384,3.8786403850984463,0.5266493572740343,0.4733506427259657,213,287,0,0,0,0,
8,3,500,ZX_split,1.6241203084031384,3.8786403850984463,0.8701980730725072,0.12980192692749282,123,127,34,216,0,0,
8,3,500,XYZ_split,1.6241203084031384,3.8786403850984463,0.9944204109084199,0.005579589091580073,91,75,21,145,28,140,
8,3,500,RL_adaptive,1.6241203084031384,3.8786403850984463,0.9985911206668672,0.0014088793331328286,92,117,22,122,28,119,0.9985911206668672
8,4,10,Z_only,1.6241203084031384,3.8786403850984463,0.4733506427259657,0.5266493572740343,7,3,0,0,0,0,
8,4,10,ZX_split,1.6241203084031384,3.8786403850984463,0.8677487815055822,0.1322512184944178,2,3,0,5,0,0,
8,4,10,XYZ_split,1.6241203084031384,3.8786403850984463,0.9683190840612977,0.03168091593870226,1,2,0,3,1,3,
8,4,10,RL_adaptive,1.6241203084031384,3.8786403850984463,0.8715270568370986,0.12847294316290137,1,0,0,1,1,7,0.8715270568370986
8,4,25,Z_only,1.6241203084031384,3.8786403850984463,0.5266493572740343,0.4733506427259657,9,16,0,0,0,0,
8,4,25,ZX_split,1.6241203084031384,3.8786403850984463,0.8610506670475035,0.13894933295249645,5,7,3,10,0,0,
8,4,25,XYZ_split,1.6241203084031384,3.8786403850984463,0.9152211761264706,0.08477882387352942,4,4,3,5,0,9,
8,4,25,RL_adaptive,1.6241203084031384,3.8786403850984463,0.9225776023570951,0.07742239764290493,0,1,0,17,0,7,0.9225776023570951
8,4,50,Z_only,1.6241203084031384,3.8786403850984463,0.5266493572740343,0.4733506427259657,24,26,0,0,0,0,
8,4,50,ZX_split,1.6241203084031384,3.8786403850984463,0.8643112521111762,0.1356887478888238,10,15,3,22,0,0,
8,4,50,XYZ_split,1.6241203084031384,3.8786403850984463,0.9835949054717028,0.016405094528297193,5,11,1,15,2,16,
8,4,50,RL_adaptive,1.6241203084031384,3.8786403850984463,0.96674957158178,0.03325042841822001,8,15,4,15,0,8,0.96674957158178
8,4,100,Z_only,1.6241203084031384,3.8786403850984463,0.4733506427259657,0.5266493572740343,51,49,0,0,0,0,
8,4,100,ZX_split,1.6241203084031384,3.8786403850984463,0.8617677105594883,0.1382322894405117,19,31,5,45,0,0,
8,4,100,XYZ_split,1.6241203084031384,3.8786403850984463,0.9951396857166944,0.004860314283305578,18,15,3,30,5,29,
8,4,100,RL_adaptive,1.6241203084031384,3.8786403850984463,0.9995210576693507,0.00047894233064926794,31,34,2,16,3,14,0.9995210576693507
8,4,250,Z_only,1.6241203084031384,3.8786403850984463,0.5266493572740343,0.4733506427259657,123,127,0,0,0,0,
8,4,250,ZX_split,1.6241203084031384,3.8786403850984463,0.8685637705522092,0.13143622944779076,64,61,19,106,0,0,
8,4,250,XYZ_split,1.6241203084031384,3.8786403850984463,0.991497943274167,0.00850205672583304,44,39,14,69,8,76,
8,4,250,RL_adaptive,1.6241203084031384,3.8786403850984463,0.9992475009653157,0.0007524990346843285,50,59,11,52,14,64,0.9992475009653157
8,4,500,Z_only,1.6241203084031384,3.8786403850984463,0.5266493572740343,0.4733506427259657,241,259,0,0,0,0,
8,4,500,ZX_split,1.6241203084031384,3.8786403850984463,0.8701569156300755,0.12984308436992453,123,127,24,226,0,0,
8,4,500,XYZ_split,1.6241203084031384,3.8786403850984463,0.9959254644581386,0.004074535541861435,68,98,19,147,29,139,
8,4,500,RL_adaptive,1.6241203084031384,3.8786403850984463,0.998761231947825,0.0012387680521750433,96,111,19,125,31,118,0.998761231947825
9,0,10,Z_only,1.3823584505922435,2.612352648024518,0.5936623264930118,0.40633767350698824,6,4,0,0,0,0,
9,0,10,ZX_split,1.3823584505922435,2.612352648024518,0.9340911985459636,0.06590880145403644,3,2,0,5,0,0,
9,0,10,XYZ_split,1.3823584505922435,2.612352648024518,0.9409632409942309,0.0590367590057691,1,2,0,3,4,0,
9,0,10,RL_adaptive,1.3823584505922435,2.612352648024518,0.9420123438345378,0.0579876561654622,1,0,0,1,8,0,0.9420123438345378
9,0,25,Z_only,1.3823584505922435,2.612352648024518,0.5936623264930118,0.40633767350698824,16,9,0,0,0,0,
9,0,25,ZX_split,1.3823584505922435,2.612352648024518,0.9239554331143475,0.07604456688565253,6,6,0,13,0,0,
9,0,25,XYZ_split,1.3823584505922435,2.612352648024518,0.9621272877319101,0.03787271226808986,5,3,1,7,5,4,
9,0,25,RL_adaptive,1.3823584505922435,2.612352648024518,0.9145926177144181,0.08540738228558187,1,0,1,15,6,2,0.9145926177144181
9,0,50,Z_only,1.3823584505922435,2.612352648024518,0.5936623264930118,0.40633767350698824,42,8,0,0,0,0,
9,0,50,ZX_split,1.3823584505922435,2.612352648024518,0.8798668545245102,0.12013314547548981,20,5,4,21,0,0,
9,0,50,XYZ_split,1.3823584505922435,2.612352648024518,0.9746316066720238,0.025368393327976246,12,4,2,14,14,4,
9,0,50,RL_adaptive,1.3823584505922435,2.612352648024518,0.998485906927907,0.0015140930720930479,13,10,0,17,8,2,0.998485906927907
9,0,100,Z_only,1.3823584505922435,2.612352648024518,0.5936623264930118,0.40633767350698824,57,43,0,0,0,0,
9,0,100,ZX_split,1.3823584505922435,2.612352648024518,0.9338718201821125,0.06612817981788754,29,21,3,47,0,0,
9,0,100,XYZ_split,1.3823584505922435,2.612352648024518,0.9768221107853571,0.02317788921464292,24,9,3,30,23,11,
9,0,100,RL_adaptive,1.3823584505922435,2.612352648024518,0.9752500548472978,0.024749945152702235,34,22,4,27,12,1,0.9752500548472978
9,0,250,Z_only,1.3823584505922435,2.612352648024518,0.5936623264930118,0.40633767350698824,156,94,0,0,0,0,
9,0,250,ZX_split,1.3823584505922435,2.612352648024518,0.9269314202444251,0.0730685797555749,64,61,19,106,0,0,
9,0,250,XYZ_split,1.3823584505922435,2.612352648024518,0.9988702480852542,0.0011297519147458468,47,36,6,77,61,23,
9,0,250,RL_adaptive,1.3823584505922435,2.612352648024518,0.9992089822476897,0.0007910177523102746,70,51,3,78,38,10,0.9992089822476897
9,0,500,Z_only,1.3823584505922435,2.612352648024518,0.5936623264930118,0.40633767350698824,294,206,0,0,0,0,
9,0,500,ZX_split,1.3823584505922435,2.612352648024518,0.9331565710966403,0.0668434289033597,155,95,23,227,0,0,
9,0,500,XYZ_split,1.3823584505922435,2.612352648024518,0.9942669991182073,0.005733000881792738,108,58,19,147,131,37,
9,0,500,RL_adaptive,1.3823584505922435,2.612352648024518,0.9935767733674572,0.0064232266325428,117,71,5,134,118,55,0.9935767733674572
9,1,10,Z_only,1.3823584505922435,2.612352648024518,0.5936623264930118,0.40633767350698824,7,3,0,0,0,0,
9,1,10,ZX_split,1.3823584505922435,2.612352648024518,0.9340911985459636,0.06590880145403644,3,2,0,5,0,0,
9,1,10,XYZ_split,1.3823584505922435,2.612352648024518,0.9429025968800077,0.05709740311999234,1,2,0,3,3,1,
9,1,10,RL_adaptive,1.3823584505922435,2.612352648024518,0.9035887949299876,0.09641120507001244,1,0,0,1,5,3,0.9035887949299876
9,1,25,Z_only,1.3823584505922435,2.612352648024518,0.5936623264930118,0.40633767350698824,14,11,0,0,0,0,
9,1,25,ZX_split,1.3823584505922435,2.612352648024518,0.9341015202207876,0.06589847977921237,7,5,2,11,0,0,
9,1,25,XYZ_split,1.3823584505922435,2.612352648024518,0.9396517907608922,0.060348209239107775,3,5,1,7,6,3,
9,1,25,RL_adaptive,1.3823584505922435,2.612352648024518,0.9145926177144181,0.08540738228558187,1,0,1,15,6,2,0.9145926177144181
9,1,50,Z_only,1.3823584505922435,2.612352648024518,0.5936623264930118,0.40633767350698824,33,17,0,0,0,0,
9,1,50,ZX_split,1.3823584505922435,2.612352648024518,0.9292467640358361,0.07075323596416394,13,12,5,20,0,0,
9,1,50,XYZ_split,1.3823584505922435,2.612352648024518,0.9958104039123675,0.0041895960876324745,10,6,0,16,16,2,
9,1,50,RL_adaptive,1.3823584505922435,2.612352648024518,0.9905942644324058,0.009405735567594165,17,7,1,16,7,2,0.9905942644324058
9,1,100,Z_only,1.3823584505922435,2.612352648024518,0.5936623264930118,0.40633767350698824,59,41,0,0,0,0,
9,1,100,ZX_split,1.3823584505922435,2.612352648024518,0.9331588517372762,0.0668411482627238,28,22,5,45,0,0,
9,1,100,XYZ_split,1.3823584505922435,2.612352648024518,0.9998999038814069,0.00010009611859307377,20,13,2,31,26,8,
9,1,100,RL_adaptive,1.3823584505922435,2.612352648024518,0.9933290970756189,0.006670902924381106,27,25,0,25,19,4,0.9933290970756189
9,1,250,Z_only,1.3823584505922435,2.612352648024518,0.5936623264930118,0.40633767350698824,148,102,0,0,0,0,
9,1,250,ZX_split,1.3823584505922435,2.612352648024518,0.9339121863724178,0.0660878136275822,72,53,11,114,0,0,
9,1,250,XYZ_split,1.3823584505922435,2.612352648024518,0.9927478066195282,0.007252193380471783,44,39,7,76,68,16,
9,1,250,RL_adaptive,1.3823584505922435,2.612352648024518,0.9971340638271345,0.0028659361728654575,76,43,7,77,37,10,0.9971340638271345
9,1,500,Z_only,1.3823584505922435,2.612352648024518,0.5936623264930118,0.40633767350698824,309,191,0,0,0,0,
9,1,500,ZX_split,1.3823584505922435,2.612352648024518,0.9247538296849626,0.07524617031503744,126,124,10,240,0,0,
9,1,500,XYZ_split,1.3823584505922435,2.612352648024518,0.999883618193464,0.00011638180653594787,97,69,12,154,125,43,
9,1,500,RL_adaptive,1.3823584505922435,2.612352648024518,0.9950268894615442,0.004973110538455838,106,86,18,121,132,37,0.9950268894615442
9,2,10,Z_only,1.3823584505922435,2.612352648024518,0.40633767350698813,0.5936623264930119,4,6,0,0,0,0,
9,2,10,ZX_split,1.3823584505922435,2.612352648024518,0.897353811586243,0.10264618841375694,2,3,0,5,0,0,
9,2,10,XYZ_split,1.3823584505922435,2.612352648024518,0.8725808102465283,0.12741918975347166,1,2,0,3,2,2,
9,2,10,RL_adaptive,1.3823584505922435,2.612352648024518,0.939532510463639,0.06046748953636105,1,0,0,1,7,1,0.939532510463639
9,2,25,Z_only,1.3823584505922435,2.612352648024518,0.5936623264930118,0.40633767350698824,14,11,0,0,0,0,
9,2,25,ZX_split,1.3823584505922435,2.612352648024518,0.8744044151572696,0.12559558484273037,9,3,3,10,0,0,
9,2,25,XYZ_split,1.3823584505922435,2.612352648024518,0.9882710597874829,0.011728940212517136,4,4,1,7,7,2,
9,2,25,RL_adaptive,1.3823584505922435,2.612352648024518,0.7509398579629932,0.24906014203700677,0,1,1,15,5,3,0.7509398579629932
9,2,50,Z_only,1.3823584505922435,2.612352648024518,0.5936623264930118,0.40633767350698824,38,12,0,0,0,0,
9,2,50,ZX_split,1.3823584505922435,2.612352648024518,0.9341205975342854,0.06587940246571455,15,10,2,23,0,0,
9,2,50,XYZ_split,1.3823584505922435,2.612352648024518,0.9108665739481062,0.08913342605189378,12,4,5,11,14,4,
9,2,50,RL_adaptive,1.3823584505922435,2.612352648024518,0.9957123760795009,0.004287623920499084,13,11,1,15,8,2,0.9957123760795009
9,2,100,Z_only,1.3823584505922435,2.612352648024518,0.5936623264930118,0.40633767350698824,54,46,0,0,0,0,
9,2,100,ZX_split,1.3823584505922435,2.612352648024518,0.9336610520531902,0.06633894794680983,31,19,3,47,0,0,
9,2,100,XYZ_split,1.3823584505922435,2.612352648024518,0.9840343045439964,0.01596569545600357,16,17,3,30,23,11,
9,2,100,RL_adaptive,1.3823584505922435,2.612352648024518,0.9838437839940077,0.016156216005992263,38,22,1,20,12,7,0.9838437839940077
9,2,250,Z_only,1.3823584505922435,2.612352648024518,0.5936623264930118,0.40633767350698824,148,102,0,0,0,0,
9,2,250,ZX_split,1.3823584505922435,2.612352648024518,0.933420195823323,0.06657980417667697,72,53,3,122,0,0,
9,2,250,XYZ_split,1.3823584505922435,2.612352648024518,0.9998725993929799,0.0001274006070201006,49,34,3,80,65,19,
9,2,250,RL_adaptive,1.3823584505922435,2.612352648024518,0.9941378203199274,0.005862179680072632,68,53,4,78,40,7,0.9941378203199274
9,2,500,Z_only,1.3823584505922435,2.612352648024518,0.5936623264930118,0.40633767350698824,312,188,0,0,0,0,
9,2,500,ZX_split,1.3823584505922435,2.612352648024518,0.926660490142412,0.07333950985758797,172,78,15,235,0,0,
9,2,500,XYZ_split,1.3823584505922435,2.612352648024518,0.9994731257623922,0.0005268742376077773,102,64,10,156,131,37,
9,2,500,RL_adaptive,1.3823584505922435,2.612352648024518,0.9980697084552704,0.0019302915447295677,114,75,14,126,134,37,0.9980697084552704
9,3,10,Z_only,1.3823584505922435,2.612352648024518,0.5936623264930118,0.40633767350698824,7,3,0,0,0,0,
9,3,10,ZX_split,1.3823584505922435,2.612352648024518,0.8153499152888289,0.18465008471117106,1,4,0,5,0,0,
9,3,10,XYZ_split,1.3823584505922435,2.612352648024518,0.8725808102465283,0.12741918975347166,1,2,0,3,2,2,
9,3,10,RL_adaptive,1.3823584505922435,2.612352648024518,0.8028520969097787,0.19714790309022134,0,1,0,1,6,2,0.8028520969097787
9,3,25,Z_only,1.3823584505922435,2.612352648024518,0.40633767350698813,0.5936623264930119,10,15,0,0,0,0,
9,3,25,ZX_split,1.3823584505922435,2.612352648024518,0.9226167332627447,0.07738326673725526,8,4,2,11,0,0,
9,3,25,XYZ_split,1.3823584505922435,2.612352648024518,0.9410032133449356,0.05899678665506436,6,2,2,6,7,2,
9,3,25,RL_adaptive,1.3823584505922435,2.612352648024518,0.9099546490665232,0.09004535093347676,1,0,2,14,7,1,0.9099546490665232
9,3,50,Z_only,1.3823584505922435,2.612352648024518,0.5936623264930118,0.40633767350698824,30,20,0,0,0,0,
9,3,50,ZX_split,1.3823584505922435,2.612352648024518,0.9279306365073239,0.07206936349267612,13,12,2,23,0,0,
9,3,50,XYZ_split,1.3823584505922435,2.612352648024518,0.9779493342500977,0.022050665749902332,7,9,0,16,14,4,
9,3,50,RL_adaptive,1.3823584505922435,2.612352648024518,0.8976010440397058,0.10239895596029425,16,6,0,19,4,5,0.8976010440397058
9,3,100,Z_only,1.3823584505922435,2.612352648024518,0.5936623264930118,0.40633767350698824,69,31,0,0,0,0,
9,3,100,ZX_split,1.3823584505922435,2.612352648024518,0.9340136347300899,0.06598636526991009,31,19,1,49,0,0,
9,3,100,XYZ_split,1.3823584505922435,2.612352648024518,0.9998999038814069,0.00010009611859307377,20,13,2,31,26,8,
9,3,100,RL_adaptive,1.3823584505922435,2.612352648024518,0.9963049443050214,0.003695055694978633,35,21,2,21,17,4,0.9963049443050214
9,3,250,Z_only,1.3823584505922435,2.612352648024518,0.5936623264930118,0.40633767350698824,147,103,0,0,0,0,
9,3,250,ZX_split,1.3823584505922435,2.612352648024518,0.9336209169356672,0.06637908306433282,71,54,12,113,0,0,
9,3,250,XYZ_split,1.3823584505922435,2.612352648024518,0.9966524489786293,0.0033475510213707427,55,28,4,79,67,17,
9,3,250,RL_adaptive,1.3823584505922435,2.612352648024518,0.998282226483079,0.0017177735169210395,70,49,7,76,38,10,0.998282226483079
9,3,500,Z_only,1.3823584505922435,2.612352648024518,0.5936623264930118,0.40633767350698824,303,197,0,0,0,0,
9,3,500,ZX_split,1.3823584505922435,2.612352648024518,0.9341782426950425,0.06582175730495754,149,101,16,234,0,0,
9,3,500,XYZ_split,1.3823584505922435,2.612352648024518,0.9998766257666517,0.00012337423334829456,99,67,10,156,125,43,
9,3,500,RL_adaptive,1.3823584505922435,2.612352648024518,0.9992436926684974,0.0007563073315025592,110,82,12,126,122,48,0.9992436926684974
9,4,10,Z_only,1.3823584505922435,2.612352648024518,0.40633767350698813,0.5936623264930119,4,6,0,0,0,0,
9,4,10,ZX_split,1.3823584505922435,2.612352648024518,0.9340911985459636,0.06590880145403644,3,2,0,5,0,0,
9,4,10,XYZ_split,1.3823584505922435,2.612352648024518,0.9839384637310682,0.01606153626893181,2,1,0,3,4,0,
9,4,10,RL_adaptive,1.3823584505922435,2.612352648024518,0.939532510463639,0.06046748953636105,1,0,0,1,7,1,0.939532510463639
9,4,25,Z_only,1.3823584505922435,2.612352648024518,0.5936623264930118,0.40633767350698824,16,9,0,0,0,0,
9,4,25,ZX_split,1.3823584505922435,2.612352648024518,0.9126432500777022,0.0873567499222978,9,3,1,12,0,0,
9,4,25,XYZ_split,1.3823584505922435,2.612352648024518,0.8169909771267926,0.18300902287320742,2,6,2,6,6,3,
9,4,25,RL_adaptive,1.3823584505922435,2.612352648024518,0.773152648951901,0.22684735104809906,0,1,0,16,5,3,0.773152648951901
9,4,50,Z_only,1.3823584505922435,2.612352648024518,0.5936623264930118,0.40633767350698824,27,23,0,0,0,0,
9,4,50,ZX_split,1.3823584505922435,2.612352648024518,0.9325085906873145,0.06749140931268549,14,11,1,24,0,0,
9,4,50,XYZ_split,1.3823584505922435,2.612352648024518,0.9678034483631838,0.03219655163681623,7,9,1,15,12,6,
9,4,50,RL_adaptive,1.3823584505922435,2.612352648024518,0.9957123760795009,0.004287623920499084,13,11,1,15,8,2,0.9957123760795009
9,4,100,Z_only,1.3823584505922435,2.612352648024518,0.5936623264930118,0.40633767350698824,56,44,0,0,0,0,
9,4,100,ZX_split,1.3823584505922435,2.612352648024518,0.9331588517372762,0.0668411482627238,28,22,5,45,0,0,
9,4,100,XYZ_split,1.3823584505922435,2.612352648024518,0.9977079107570488,0.002292089242951212,19,14,2,31,24,10,
9,4,100,RL_adaptive,1.3823584505922435,2.612352648024518,0.9284180524059745,0.07158194759402547,45,21,1,21,6,6,0.9284180524059745
9,4,250,Z_only,1.3823584505922435,2.612352648024518,0.5936623264930118,0.40633767350698824,148,102,0,0,0,0,
9,4,250,ZX_split,1.3823584505922435,2.612352648024518,0.8924430575012735,0.1075569424987265,97,28,18,107,0,0,
9,4,250,XYZ_split,1.3823584505922435,2.612352648024518,0.983443412025907,0.016556587974092984,58,25,8,75,57,27,
9,4,250,RL_adaptive,1.3823584505922435,2.612352648024518,0.9959064236634461,0.004093576336553939,74,45,8,76,38,9,0.9959064236634461
9,4,500,Z_only,1.3823584505922435,2.612352648024518,0.5936623264930118,0.40633767350698824,312,188,0,0,0,0,
9,4,500,ZX_split,1.3823584505922435,2.612352648024518,0.9338166743794698,0.0661833256205302,153,97,19,231,0,0,
9,4,500,XYZ_split,1.3823584505922435,2.612352648024518,0.9974592979591003,0.002540702040899734,93,73,16,150,131,37,
9,4,500,RL_adaptive,1.3823584505922435,2.612352648024518,0.9995256408550762,0.00047435914492377496,110,80,7,129,130,44,0.9995256408550762
10,0,10,Z_only,0.9883845441309506,3.1741831936633633,0.7750198535554004,0.22498014644459963,8,2,0,0,0,0,
10,0,10,ZX_split,0.9883845441309506,3.1741831936633633,0.9895776595090383,0.01042234049096169,5,0,0,5,0,0,
10,0,10,XYZ_split,0.9883845441309506,3.1741831936633633,0.9304722265438653,0.0695277734561347,2,1,0,3,3,1,
10,0,10,RL_adaptive,0.9883845441309506,3.1741831936633633,0.020265817480669347,0.9797341825193306,0,1,1,0,3,5,0.020265817480669347
10,0,25,Z_only,0.9883845441309506,3.1741831936633633,0.7750198535554004,0.22498014644459963,21,4,0,0,0,0,
10,0,25,ZX_split,0.9883845441309506,3.1741831936633633,0.9992162057929388,0.0007837942070612058,9,3,1,12,0,0,
10,0,25,XYZ_split,0.9883845441309506,3.1741831936633633,0.9957258943722666,0.004274105627733449,7,1,0,8,5,4,
10,0,25,RL_adaptive,0.9883845441309506,3.1741831936633633,0.5680589719916614,0.43194102800833856,0,1,1,16,4,3,0.5680589719916614
10,0,50,Z_only,0.9883845441309506,3.1741831936633633,0.7750198535554004,0.22498014644459963,38,12,0,0,0,0,
10,0,50,ZX_split,0.9883845441309506,3.1741831936633633,0.9971588869853976,0.0028411130146024366,19,6,0,25,0,0,
10,0,50,XYZ_split,0.9883845441309506,3.1741831936633633,0.9695423586783487,0.030457641321651296,14,2,3,13,7,11,
10,0,50,RL_adaptive,0.9883845441309506,3.1741831936633633,0.9950261399045225,0.004973860095477511,18,5,0,18,5,4,0.9950261399045225
10,0,100,Z_only,0.9883845441309506,3.1741831936633633,0.7750198535554004,0.22498014644459963,82,18,0,0,0,0,
10,0,100,ZX_split,0.9883845441309506,3.1741831936633633,0.9918860286416672,0.008113971358332805,45,5,4,46,0,0,
10,0,100,XYZ_split,0.9883845441309506,3.1741831936633633,0.9585589486395073,0.0414410513604927,30,3,6,27,21,13,
10,0,100,RL_adaptive,0.9883845441309506,3.1741831936633633,0.9827915409984779,0.017208459001522125,55,13,3,19,6,4,0.9827915409984779
10,0,250,Z_only,0.9883845441309506,3.1741831936633633,0.7750198535554004,0.22498014644459963,186,64,0,0,0,0,
10,0,250,ZX_split,0.9883845441309506,3.1741831936633633,0.9994249232972863,0.0005750767027137282,98,27,13,112,0,0,
10,0,250,XYZ_split,0.9883845441309506,3.1741831936633633,0.9978724733906315,0.0021275266093685463,64,19,7,76,37,47,
10,0,250,RL_adaptive,0.9883845441309506,3.1741831936633633,0.9680062875848837,0.03199371241511628,87,26,7,67,19,44,0.9680062875848837
10,0,500,Z_only,0.9883845441309506,3.1741831936633633,0.7750198535554004,0.22498014644459963,375,125,0,0,0,0,
10,0,500,ZX_split,0.9883845441309506,3.1741831936633633,0.9998002028926601,0.00019979710733986078,192,58,25,225,0,0,
10,0,500,XYZ_split,0.9883845441309506,3.1741831936633633,0.994735873789717,0.005264126210283049,126,40,8,158,70,98,
10,0,500,RL_adaptive,0.9883845441309506,3.1741831936633633,0.9901013032347857,0.009898696765214265,152,31,11,149,60,97,0.9901013032347857
10,1,10,Z_only,0.9883845441309506,3.1741831936633633,0.7750198535554004,0.22498014644459963,5,5,0,0,0,0,
10,1,10,ZX_split,0.9883845441309506,3.1741831936633633,0.7163759920974393,0.2836240079025607,1,4,0,5,0,0,
10,1,10,XYZ_split,0.9883845441309506,3.1741831936633633,0.845747612773869,0.154252387226131,2,1,1,2,1,3,
10,1,10,RL_adaptive,0.9883845441309506,3.1741831936633633,0.9261435772637012,0.07385642273629878,1,0,0,1,7,1,0.9261435772637012
10,1,25,Z_only,0.9883845441309506,3.1741831936633633,0.7750198535554004,0.22498014644459963,18,7,0,0,0,0,
10,1,25,ZX_split,0.9883845441309506,3.1741831936633633,0.9895776595090383,0.01042234049096169,12,0,0,13,0,0,
10,1,25,XYZ_split,0.9883845441309506,3.1741831936633633,0.9981353097085359,0.0018646902914640773,7,1,0,8,4,5,
10,1,25,RL_adaptive,0.9883845441309506,3.1741831936633633,0.5680589719916614,0.43194102800833856,0,1,1,16,4,3,0.5680589719916614
10,1,50,Z_only,0.9883845441309506,3.1741831936633633,0.7750198535554004,0.22498014644459963,38,12,0,0,0,0,
10,1,50,ZX_split,0.9883845441309506,3.1741831936633633,0.9990902547118568,0.0009097452881432488,21,4,1,24,0,0,
10,1,50,XYZ_split,0.9883845441309506,3.1741831936633633,0.9870441886409923,0.012955811359007696,11,5,1,15,10,8,
10,1,50,RL_adaptive,0.9883845441309506,3.1741831936633633,0.9969140114491549,0.0030859885508450757,19,4,2,17,4,4,0.9969140114491549
10,1,100,Z_only,0.9883845441309506,3.1741831936633633,0.7750198535554004,0.22498014644459963,80,20,0,0,0,0,
10,1,100,ZX_split,0.9883845441309506,3.1741831936633633,0.9986453659153739,0.0013546340846261051,41,9,4,46,0,0,
10,1,100,XYZ_split,0.9883845441309506,3.1741831936633633,0.9820364331488608,0.0179635668511392,25,8,3,30,12,22,
10,1,100,RL_adaptive,0.9883845441309506,3.1741831936633633,0.9645950548249231,0.03540494517507686,53,16,0,12,5,14,0.9645950548249231
10,1,250,Z_only,0.9883845441309506,3.1741831936633633,0.7750198535554004,0.22498014644459963,193,57,0,0,0,0,
10,1,250,ZX_split,0.9883845441309506,3.1741831936633633,0.9979970277006258,0.002002972299374184,91,34,10,115,0,0,
10,1,250,XYZ_split,0.9883845441309506,3.1741831936633633,0.9996294898242408,0.00037051017575917555,61,22,10,73,40,44,
10,1,250,RL_adaptive,0.9883845441309506,3.1741831936633633,0.9974090609800534,0.0025909390199465587,94,23,5,76,28,24,0.9974090609800534
10,1,500,Z_only,0.9883845441309506,3.1741831936633633,0.7750198535554004,0.22498014644459963,410,90,0,0,0,0,
10,1,500,ZX_split,0.9883845441309506,3.1741831936633633,0.998358826838111,0.0016411731618890535,204,46,23,227,0,0,
10,1,500,XYZ_split,0.9883845441309506,3.1741831936633633,0.9998749748336447,0.00012502516635526373,130,36,15,151,82,86,
10,1,500,RL_adaptive,0.9883845441309506,3.1741831936633633,0.999018494411584,0.0009815055884160317,144,40,10,145,73,88,0.999018494411584
10,2,10,Z_only,0.9883845441309506,3.1741831936633633,0.7750198535554004,0.22498014644459963,9,1,0,0,0,0,
10,2,10,ZX_split,0.9883845441309506,3.1741831936633633,0.9895776595090383,0.01042234049096169,4,1,1,4,0,0,
10,2,10,XYZ_split,0.9883845441309506,3.1741831936633633,0.9421348538143505,0.05786514618564953,2,1,0,3,1,3,
10,2,10,RL_adaptive,0.9883845441309506,3.1741831936633633,0.9570427777809618,0.042957222219038194,1,0,0,1,6,2,0.9570427777809618
10,2,25,Z_only,0.9883845441309506,3.1741831936633633,0.7750198535554004,0.22498014644459963,16,9,0,0,0,0,
10,2,25,ZX_split,0.9883845441309506,3.1741831936633633,0.9891051475884515,0.010894852411548528,8,4,1,12,0,0,
10,2,25,XYZ_split,0.9883845441309506,3.1741831936633633,0.8872764850268179,0.11272351497318212,5,3,1,7,7,2,
10,2,25,RL_adaptive,0.9883845441309506,3.1741831936633633,0.5680477279761924,0.4319522720238076,0,1,1,16,1,6,0.5680477279761924
10,2,50,Z_only,0.9883845441309506,3.1741831936633633,0.7750198535554004,0.22498014644459963,36,14,0,0,0,0,
10,2,50,ZX_split,0.9883845441309506,3.1741831936633633,0.9939925968474898,0.006007403152510249,22,3,2,23,0,0,
10,2,50,XYZ_split,0.9883845441309506,3.1741831936633633,0.9784554704628444,0.021544529537155577,14,2,3,13,9,9,
10,2,50,RL_adaptive,0.9883845441309506,3.1741831936633633,0.9273399191654552,0.07266008083454478,15,8,2,17,2,6,0.9273399191654552
10,2,100,Z_only,0.9883845441309506,3.1741831936633633,0.7750198535554004,0.22498014644459963,80,20,0,0,0,0,
10,2,100,ZX_split,0.9883845441309506,3.1741831936633633,0.9997392201841169,0.0002607798158831276,38,12,6,44,0,0,
10,2,100,XYZ_split,0.9883845441309506,3.1741831936633633,0.9932035478101209,0.006796452189879121,24,9,4,29,19,15,
10,2,100,RL_adaptive,0.9883845441309506,3.1741831936633633,0.9997839284537107,0.00021607154628933145,50,15,1,13,10,11,0.9997839284537107
10,2,250,Z_only,0.9883845441309506,3.1741831936633633,0.7750198535554004,0.22498014644459963,185,65,0,0,0,0,
10,2,250,ZX_split,0.9883845441309506,3.1741831936633633,0.9996394824696905,0.00036051753030952316,97,28,7,118,0,0,
10,2,250,XYZ_split,0.9883845441309506,3.1741831936633633,0.9999382651091674,6.173489083260986e-05,65,18,7,76,41,43,
10,2,250,RL_adaptive,0.9883845441309506,3.1741831936633633,0.9976591999753077,0.00234080002469228,89,27,6,71,25,32,0.9976591999753077
10,2,500,Z_only,0.9883845441309506,3.1741831936633633,0.7750198535554004,0.22498014644459963,389,111,0,0,0,0,
10,2,500,ZX_split,0.9883845441309506,3.1741831936633633,0.9991770499859235,0.0008229500140765067,188,62,18,232,0,0,
10,2,500,XYZ_split,0.9883845441309506,3.1741831936633633,0.9999091380683873,9.086193161267353e-05,128,38,13,153,83,85,
10,2,500,RL_adaptive,0.9883845441309506,3.1741831936633633,0.9981655067237863,0.0018344932762136557,144,38,10,144,87,77,0.9981655067237863
10,3,10,Z_only,0.9883845441309506,3.1741831936633633,0.7750198535554004,0.22498014644459963,7,3,0,0,0,0,
10,3,10,ZX_split,0.9883845441309506,3.1741831936633633,0.9895776595090383,0.01042234049096169,5,0,0,5,0,0,
10,3,10,XYZ_split,0.9883845441309506,3.1741831936633633,0.9895776595090383,0.01042234049096169,3,0,0,3,2,2,
10,3,10,RL_adaptive,0.9883845441309506,3.1741831936633633,0.5903496397070948,0.40965036029290525,0,1,0,1,6,2,0.5903496397070948
10,3,25,Z_only,0.9883845441309506,3.1741831936633633,0.7750198535554004,0.22498014644459963,18,7,0,0,0,0,
10,3,25,ZX_split,0.9883845441309506,3.1741831936633633,0.9795287720107301,0.020471227989269924,12,0,1,12,0,0,
10,3,25,XYZ_split,0.9883845441309506,3.1741831936633633,0.9981353097085359,0.0018646902914640773,7,1,0,8,4,5,
10,3,25,RL_adaptive,0.9883845441309506,3.1741831936633633,0.9704243902586156,0.0295756097413844,1,0,2,14,4,4,0.9704243902586156
10,3,50,Z_only,0.9883845441309506,3.1741831936633633,0.7750198535554004,0.22498014644459963,42,8,0,0,0,0,
10,3,50,ZX_split,0.9883845441309506,3.1741831936633633,0.9990902547118568,0.0009097452881432488,21,4,1,24,0,0,
10,3,50,XYZ_split,0.9883845441309506,3.1741831936633633,0.9988899220189674,0.0011100779810325756,14,2,0,16,9,9,
10,3,50,RL_adaptive,0.9883845441309506,3.1741831936633633,0.935616395749166,0.064383604250834,17,6,3,16,2,6,0.935616395749166
10,3,100,Z_only,0.9883845441309506,3.1741831936633633,0.7750198535554004,0.22498014644459963,77,23,0,0,0,0,
10,3,100,ZX_split,0.9883845441309506,3.1741831936633633,0.9996179340385386,0.0003820659614613975,39,11,5,45,0,0,
10,3,100,XYZ_split,0.9883845441309506,3.1741831936633633,0.9896230087594475,0.010376991240552469,26,7,3,30,20,14,
10,3,100,RL_adaptive,0.9883845441309506,3.1741831936633633,0.987537238347171,0.012462761652829002,48,18,1,21,7,5,0.987537238347171
10,3,250,Z_only,0.9883845441309506,3.1741831936633633,0.7750198535554004,0.22498014644459963,190,60,0,0,0,0,
10,3,250,ZX_split,0.9883845441309506,3.1741831936633633,0.9955922950790709,0.004407704920929123,89,36,8,117,0,0,
10,3,250,XYZ_split,0.9883845441309506,3.1741831936633633,0.9966807251193637,0.003319274880636325,66,17,4,79,46,38,
10,3,250,RL_adaptive,0.9883845441309506,3.1741831936633633,0.9946578321002326,0.0053421678997673805,89,26,7,70,24,34,0.9946578321002326
10,3,500,Z_only,0.9883845441309506,3.1741831936633633,0.7750198535554004,0.22498014644459963,390,110,0,0,0,0,
10,3,500,ZX_split,0.9883845441309506,3.1741831936633633,0.9997739397990667,0.00022606020093329793,191,59,22,228,0,0,
10,3,500,XYZ_split,0.9883845441309506,3.1741831936633633,0.998823120517048,0.0011768794829519758,131,35,16,150,77,91,
10,3,500,RL_adaptive,0.9883845441309506,3.1741831936633633,0.995221675009975,0.004778324990024951,155,25,14,148,74,84,0.995221675009975
10,4,10,Z_only,0.9883845441309506,3.1741831936633633,0.7750198535554004,0.22498014644459963,5,5,0,0,0,0,
10,4,10,ZX_split,0.9883845441309506,3.1741831936633633,0.9895776595090383,0.01042234049096169,4,1,1,4,0,0,
10,4,10,XYZ_split,0.9883845441309506,3.1741831936633633,0.9421348538143505,0.05786514618564953,2,1,0,3,1,3,
10,4,10,RL_adaptive,0.9883845441309506,3.1741831936633633,0.9895776595090383,0.01042234049096169,1,0,0,1,4,4,0.9895776595090383
10,4,25,Z_only,0.9883845441309506,3.1741831936633633,0.7750198535554004,0.22498014644459963,22,3,0,0,0,0,
10,4,25,ZX_split,0.9883845441309506,3.1741831936633633,0.9891051475884515,0.010894852411548528,8,4,1,12,0,0,
10,4,25,XYZ_split,0.9883845441309506,3.1741831936633633,0.9711355237944659,0.028864476205534118,7,1,1,7,3,6,
10,4,25,RL_adaptive,0.9883845441309506,3.1741831936633633,0.9507032538507832,0.04929674614921675,1,0,0,15,7,2,0.9507032538507832
10,4,50,Z_only,0.9883845441309506,3.1741831936633633,0.7750198535554004,0.22498014644459963,43,7,0,0,0,0,
10,4,50,ZX_split,0.9883845441309506,3.1741831936633633,0.9990902547118568,0.0009097452881432488,21,4,1,24,0,0,
10,4,50,XYZ_split,0.9883845441309506,3.1741831936633633,0.9347914537301084,0.06520854626989159,9,7,0,16,11,7,
10,4,50,RL_adaptive,0.9883845441309506,3.1741831936633633,0.999670213523805,0.0003297864761949709,17,7,3,15,4,4,0.999670213523805
10,4,100,Z_only,0.9883845441309506,3.1741831936633633,0.7750198535554004,0.22498014644459963,74,26,0,0,0,0,
10,4,100,ZX_split,0.9883845441309506,3.1741831936633633,0.999797403499357,0.00020259650064302637,36,14,8,42,0,0,
10,4,100,XYZ_split,0.9883845441309506,3.1741831936633633,0.9896237870539791,0.010376212946020869,23,10,4,29,14,20,
10,4,100,RL_adaptive,0.9883845441309506,3.1741831936633633,0.9968991580030726,0.003100841996927395,54,14,1,20,6,5,0.9968991580030726
10,4,250,Z_only,0.9883845441309506,3.1741831936633633,0.7750198535554004,0.22498014644459963,193,57,0,0,0,0,
10,4,250,ZX_split,0.9883845441309506,3.1741831936633633,0.9976413926454848,0.0023586073545152075,103,22,12,113,0,0,
10,4,250,XYZ_split,0.9883845441309506,3.1741831936633633,0.9992810049095121,0.000718995090487895,65,18,8,75,39,45,
10,4,250,RL_adaptive,0.9883845441309506,3.1741831936633633,0.9995202124249948,0.0004797875750052194,96,22,2,77,27,26,0.9995202124249948
10,4,500,Z_only,0.9883845441309506,3.1741831936633633,0.7750198535554004,0.22498014644459963,391,109,0,0,0,0,
10,4,500,ZX_split,0.9883845441309506,3.1741831936633633,0.9987434445439441,0.0012565554560558523,187,63,16,234,0,0,
10,4,500,XYZ_split,0.9883845441309506,3.1741831936633633,0.9990174463432127,0.0009825536567873439,133,33,13,153,86,82,
10,4,500,RL_adaptive,0.9883845441309506,3.1741831936633633,0.9981821153878074,0.0018178846121925663,150,32,14,145,76,83,0.9981821153878074
11,0,10,Z_only,1.502537050027954,3.3948396392775124,0.5341031410223434,0.46589685897765665,6,4,0,0,0,0,
11,0,10,ZX_split,1.502537050027954,3.3948396392775124,0.9316504851737496,0.0683495148262504,4,1,0,5,0,0,
11,0,10,XYZ_split,1.502537050027954,3.3948396392775124,0.9473582922895436,0.0526417077104564,1,2,0,3,2,2,
11,0,10,RL_adaptive,1.502537050027954,3.3948396392775124,0.8815417827909587,0.11845821720904126,1,0,0,1,1,7,0.8815417827909587
11,0,25,Z_only,1.502537050027954,3.3948396392775124,0.4658968589776564,0.5341031410223436,12,13,0,0,0,0,
11,0,25,ZX_split,1.502537050027954,3.3948396392775124,0.982924758273548,0.01707524172645203,6,6,0,13,0,0,
11,0,25,XYZ_split,1.502537050027954,3.3948396392775124,0.9606362878100146,0.039363712189985356,5,3,0,8,5,4,
11,0,25,RL_adaptive,1.502537050027954,3.3948396392775124,0.8382553387399144,0.16174466126008558,1,0,0,16,5,3,0.8382553387399144
11,0,50,Z_only,1.502537050027954,3.3948396392775124,0.5341031410223434,0.46589685897765665,28,22,0,0,0,0,
11,0,50,ZX_split,1.502537050027954,3.3948396392775124,0.9668585095623754,0.0331414904376246,10,15,0,25,0,0,
11,0,50,XYZ_split,1.502537050027954,3.3948396392775124,0.9828491139170134,0.01715088608298665,8,8,0,16,4,14,
11,0,50,RL_adaptive,1.502537050027954,3.3948396392775124,0.9543141938810745,0.045685806118925476,10,12,0,19,1,8,0.9543141938810745
11,0,100,Z_only,1.502537050027954,3.3948396392775124,0.5341031410223434,0.46589685897765665,51,49,0,0,0,0,
11,0,100,ZX_split,1.502537050027954,3.3948396392775124,0.9784245076982178,0.02157549230178224,23,27,1,49,0,0,
11,0,100,XYZ_split,1.502537050027954,3.3948396392775124,0.9609481144740731,0.039051885525926866,11,22,1,32,12,22,
11,0,100,RL_adaptive,1.502537050027954,3.3948396392775124,0.9895304761940334,0.010469523805966552,34,27,0,20,9,10,0.9895304761940334
11,0,250,Z_only,1.502537050027954,3.3948396392775124,0.5341031410223434,0.46589685897765665,128,122,0,0,0,0,
11,0,250,ZX_split,1.502537050027954,3.3948396392775124,0.9809653086114388,0.019034691388561176,74,51,1,124,0,0,
11,0,250,XYZ_split,1.502537050027954,3.3948396392775124,0.9937025699729352,0.006297430027064843,43,40,1,82,38,46,
11,0,250,RL_adaptive,1.502537050027954,3.3948396392775124,0.9957670415799372,0.004232958420062771,58,60,1,65,28,38,0.9957670415799372
11,0,500,Z_only,1.502537050027954,3.3948396392775124,0.5341031410223434,0.46589685897765665,265,235,0,0,0,0,
11,0,500,ZX_split,1.502537050027954,3.3948396392775124,0.9840361198701136,0.015963880129886365,136,114,3,247,0,0,
11,0,500,XYZ_split,1.502537050027954,3.3948396392775124,0.9998347673799273,0.00016523262007273054,89,77,2,164,65,103,
11,0,500,RL_adaptive,1.502537050027954,3.3948396392775124,0.9946239088528619,0.005376091147138107,96,104,0,132,71,97,0.9946239088528619
11,1,10,Z_only,1.502537050027954,3.3948396392775124,0.5341031410223434,0.46589685897765665,5,5,0,0,0,0,
11,1,10,ZX_split,1.502537050027954,3.3948396392775124,0.9802348619891246,0.019765138010875427,3,2,0,5,0,0,
11,1,10,XYZ_split,1.502537050027954,3.3948396392775124,0.9689270124888496,0.031072987511150396,2,1,0,3,2,2,
11,1,10,RL_adaptive,1.502537050027954,3.3948396392775124,0.8342759406459357,0.1657240593540643,0,1,0,1,3,5,0.8342759406459357
11,1,25,Z_only,1.502537050027954,3.3948396392775124,0.4658968589776564,0.5341031410223436,10,15,0,0,0,0,
11,1,25,ZX_split,1.502537050027954,3.3948396392775124,0.9707475253811298,0.02925247461887015,5,7,0,13,0,0,
11,1,25,XYZ_split,1.502537050027954,3.3948396392775124,0.9976656249733095,0.0023343750266905383,4,4,0,8,3,6,
11,1,25,RL_adaptive,1.502537050027954,3.3948396392775124,0.8815417827909587,0.11845821720904126,1,0,0,16,1,7,0.8815417827909587
11,1,50,Z_only,1.502537050027954,3.3948396392775124,0.4658968589776564,0.5341031410223436,24,26,0,0,0,0,
11,1,50,ZX_split,1.502537050027954,3.3948396392775124,0.9835480334825899,0.0164519665174101,14,11,0,25,0,0,
11,1,50,XYZ_split,1.502537050027954,3.3948396392775124,0.9853681878037541,0.014631812196245875,10,6,1,15,8,10,
11,1,50,RL_adaptive,1.502537050027954,3.3948396392775124,0.9939811904110134,0.006018809588986596,11,12,1,17,3,6,0.9939811904110134
11,1,100,Z_only,1.502537050027954,3.3948396392775124,0.5341031410223434,0.46589685897765665,60,40,0,0,0,0,
11,1,100,ZX_split,1.502537050027954,3.3948396392775124,0.9748814651574578,0.02511853484254223,31,19,3,47,0,0,
11,1,100,XYZ_split,1.502537050027954,3.3948396392775124,0.9745132181416672,0.025486781858332752,19,14,0,33,18,16,
11,1,100,RL_adaptive,1.502537050027954,3.3948396392775124,0.9974776439493366,0.0025223560506634213,37,27,0,21,6,9,0.9974776439493366
11,1,250,Z_only,1.502537050027954,3.3948396392775124,0.5341031410223434,0.46589685897765665,142,108,0,0,0,0,
11,1,250,ZX_split,1.502537050027954,3.3948396392775124,0.9834517879659848,0.01654821203401524,70,55,2,123,0,0,
11,1,250,XYZ_split,1.502537050027954,3.3948396392775124,0.9983262743308291,0.0016737256691709002,45,38,2,81,35,49,
11,1,250,RL_adaptive,1.502537050027954,3.3948396392775124,0.9984829539731732,0.001517046026826785,58,59,1,64,25,43,0.9984829539731732
11,1,500,Z_only,1.502537050027954,3.3948396392775124,0.5341031410223434,0.46589685897765665,278,222,0,0,0,0,
11,1,500,ZX_split,1.502537050027954,3.3948396392775124,0.9837019673849396,0.016298032615060354,139,111,1,249,0,0,
11,1,500,XYZ_split,1.502537050027954,3.3948396392775124,0.999922524568662,7.747543133795887e-05,90,76,4,162,63,105,
11,1,500,RL_adaptive,1.502537050027954,3.3948396392775124,0.9997561974963995,0.0002438025036004543,104,95,2,134,60,105,0.9997561974963995
11,2,10,Z_only,1.502537050027954,3.3948396392775124,0.5341031410223434,0.46589685897765665,7,3,0,0,0,0,
11,2,10,ZX_split,1.502537050027954,3.3948396392775124,0.9668585095623754,0.0331414904376246,2,3,0,5,0,0,
11,2,10,XYZ_split,1.502537050027954,3.3948396392775124,0.8863461372859902,0.11365386271400979,3,0,0,3,1,3,
11,2,10,RL_adaptive,1.502537050027954,3.3948396392775124,0.7907625799407447,0.20923742005925527,0,1,0,1,5,3,0.7907625799407447
11,2,25,Z_only,1.502537050027954,3.3948396392775124,0.4658968589776564,0.5341031410223436,11,14,0,0,0,0,
11,2,25,ZX_split,1.502537050027954,3.3948396392775124,0.9819605690771398,0.0180394309228602,7,5,0,13,0,0,
11,2,25,XYZ_split,1.502537050027954,3.3948396392775124,0.9709785766029444,0.0290214233970556,3,5,0,8,4,5,
11,2,25,RL_adaptive,1.502537050027954,3.3948396392775124,0.8863461372859902,0.11365386271400979,1,0,0,16,2,6,0.8863461372859902
11,2,50,Z_only,1.502537050027954,3.3948396392775124,0.4658968589776564,0.5341031410223436,23,27,0,0,0,0,
11,2,50,ZX_split,1.502537050027954,3.3948396392775124,0.9742343938204472,0.025765606179552814,16,9,0,25,0,0,
11,2,50,XYZ_split,1.502537050027954,3.3948396392775124,0.9924086253091189,0.007591374690881114,10,6,0,16,7,11,
11,2,50,RL_adaptive,1.502537050027954,3.3948396392775124,0.9868018613577895,0.013198138642210533,10,13,1,17,3,6,0.9868018613577895
11,2,100,Z_only,1.502537050027954,3.3948396392775124,0.5341031410223434,0.46589685897765665,55,45,0,0,0,0,
11,2,100,ZX_split,1.502537050027954,3.3948396392775124,0.9835480334825899,0.0164519665174101,28,22,0,50,0,0,
11,2,100,XYZ_split,1.502537050027954,3.3948396392775124,0.9980924742674291,0.0019075257325709138,17,16,0,33,14,20,
11,2,100,RL_adaptive,1.502537050027954,3.3948396392775124,0.9971427839066713,0.002857216093328674,35,29,0,20,5,11,0.9971427839066713
11,2,250,Z_only,1.502537050027954,3.3948396392775124,0.5341031410223434,0.46589685897765665,140,110,0,0,0,0,
11,2,250,ZX_split,1.502537050027954,3.3948396392775124,0.9835480334825899,0.0164519665174101,70,55,0,125,0,0,
11,2,250,XYZ_split,1.502537050027954,3.3948396392775124,0.9935460207541532,0.006453979245846786,48,35,3,80,26,58,
11,2,250,RL_adaptive,1.502537050027954,3.3948396392775124,0.9863125734913685,0.013687426508631528,70,48,1,70,29,32,0.9863125734913685
11,2,500,Z_only,1.502537050027954,3.3948396392775124,0.5341031410223434,0.46589685897765665,270,230,0,0,0,0,
11,2,500,ZX_split,1.502537050027954,3.3948396392775124,0.9841267526330205,0.01587324736697948,133,117,9,241,0,0,
11,2,500,XYZ_split,1.502537050027954,3.3948396392775124,0.9982545156615722,0.0017454843384278051,91,75,3,163,56,112,
11,2,500,RL_adaptive,1.502537050027954,3.3948396392775124,0.997668536972833,0.0023314630271670245,100,101,3,133,56,107,0.997668536972833
11,3,10,Z_only,1.502537050027954,3.3948396392775124,0.5341031410223434,0.46589685897765665,6,4,0,0,0,0,
11,3,10,ZX_split,1.502537050027954,3.3948396392775124,0.9802348619891246,0.019765138010875427,3,2,0,5,0,0,
11,3,10,XYZ_split,1.502537050027954,3.3948396392775124,0.8506277753997197,0.14937222460028032,1,2,0,3,3,1,
11,3,10,RL_adaptive,1.502537050027954,3.3948396392775124,0.881768699445105,0.11823130055489495,1,0,0,1,3,5,0.881768699445105
11,3,25,Z_only,1.502537050027954,3.3948396392775124,0.4658968589776564,0.5341031410223436,12,13,0,0,0,0,
11,3,25,ZX_split,1.502537050027954,3.3948396392775124,0.982924758273548,0.01707524172645203,6,6,0,13,0,0,
11,3,25,XYZ_split,1.502537050027954,3.3948396392775124,0.9874257521490722,0.012574247850927756,5,3,0,8,4,5,
11,3,25,RL_adaptive,1.502537050027954,3.3948396392775124,0.8055815257220837,0.19441847427791625,0,1,1,16,3,4,0.8055815257220837
11,3,50,Z_only,1.502537050027954,3.3948396392775124,0.4658968589776564,0.5341031410223436,23,27,0,0,0,0,
11,3,50,ZX_split,1.502537050027954,3.3948396392775124,0.9742343938204472,0.025765606179552814,16,9,0,25,0,0,
11,3,50,XYZ_split,1.502537050027954,3.3948396392775124,0.948726307624086,0.05127369237591395,11,5,0,16,10,8,
11,3,50,RL_adaptive,1.502537050027954,3.3948396392775124,0.964801436414092,0.035198563585908005,12,11,1,17,5,4,0.964801436414092
11,3,100,Z_only,1.502537050027954,3.3948396392775124,0.5341031410223434,0.46589685897765665,55,45,0,0,0,0,
11,3,100,ZX_split,1.502537050027954,3.3948396392775124,0.9809876079902028,0.019012392009797208,24,26,2,48,0,0,
11,3,100,XYZ_split,1.502537050027954,3.3948396392775124,0.995022360719849,0.004977639280151047,17,16,0,33,15,19,
11,3,100,RL_adaptive,1.502537050027954,3.3948396392775124,0.9875327333757965,0.012467266624203499,25,34,0,21,8,12,0.9875327333757965
11,3,250,Z_only,1.502537050027954,3.3948396392775124,0.5341031410223434,0.46589685897765665,129,121,0,0,0,0,
11,3,250,ZX_split,1.502537050027954,3.3948396392775124,0.9838044836299399,0.016195516370060115,69,56,2,123,0,0,
11,3,250,XYZ_split,1.502537050027954,3.3948396392775124,0.9994006982477964,0.0005993017522035737,45,38,3,80,30,54,
11,3,250,RL_adaptive,1.502537050027954,3.3948396392775124,0.9911465277075276,0.008853472292472353,64,55,0,69,29,33,0.9911465277075276
11,3,500,Z_only,1.502537050027954,3.3948396392775124,0.5341031410223434,0.46589685897765665,291,209,0,0,0,0,
11,3,500,ZX_split,1.502537050027954,3.3948396392775124,0.9828527252951056,0.01714727470489441,142,108,7,243,0,0,
11,3,500,XYZ_split,1.502537050027954,3.3948396392775124,0.9984749459731074,0.001525054026892625,90,76,6,160,70,98,
11,3,500,RL_adaptive,1.502537050027954,3.3948396392775124,0.9996274458163321,0.0003725541836678836,103,96,3,134,60,104,0.9996274458163321
11,4,10,Z_only,1.502537050027954,3.3948396392775124,0.5341031410223434,0.46589685897765665,7,3,0,0,0,0,
11,4,10,ZX_split,1.502537050027954,3.3948396392775124,0.9802348619891246,0.019765138010875427,3,2,0,5,0,0,
11,4,10,XYZ_split,1.502537050027954,3.3948396392775124,0.8863461372859902,0.11365386271400979,3,0,0,3,1,3,
11,4,10,RL_adaptive,1.502537050027954,3.3948396392775124,0.8863461372859902,0.11365386271400979,1,0,0,1,2,6,0.8863461372859902
11,4,25,Z_only,1.502537050027954,3.3948396392775124,0.4658968589776564,0.5341031410223436,9,16,0,0,0,0,
11,4,25,ZX_split,1.502537050027954,3.3948396392775124,0.967230139667831,0.032769860332169,5,7,1,12,0,0,
11,4,25,XYZ_split,1.502537050027954,3.3948396392775124,0.9661690416034611,0.033830958396538935,4,4,0,8,5,4,
11,4,25,RL_adaptive,1.502537050027954,3.3948396392775124,0.8863461372859902,0.11365386271400979,1,0,0,16,2,6,0.8863461372859902
11,4,50,Z_only,1.502537050027954,3.3948396392775124,0.5341031410223434,0.46589685897765665,29,21,0,0,0,0,
11,4,50,ZX_split,1.502537050027954,3.3948396392775124,0.9744575164420789,0.025542483557921103,11,14,1,24,0,0,
11,4,50,XYZ_split,1.502537050027954,3.3948396392775124,0.9836964871284277,0.01630351287157228,9,7,0,16,4,14,
11,4,50,RL_adaptive,1.502537050027954,3.3948396392775124,0.9962203173367441,0.003779682663255901,13,9,0,19,3,6,0.9962203173367441
11,4,100,Z_only,1.502537050027954,3.3948396392775124,0.5341031410223434,0.46589685897765665,56,44,0,0,0,0,
11,4,100,ZX_split,1.502537050027954,3.3948396392775124,0.982924758273548,0.01707524172645203,25,25,0,50,0,0,
11,4,100,XYZ_split,1.502537050027954,3.3948396392775124,0.995022360719849,0.004977639280151047,17,16,0,33,15,19,
11,4,100,RL_adaptive,1.502537050027954,3.3948396392775124,0.9957497076234645,0.004250292376535514,29,31,1,16,8,15,0.9957497076234645
11,4,250,Z_only,1.502537050027954,3.3948396392775124,0.5341031410223434,0.46589685897765665,128,122,0,0,0,0,
11,4,250,ZX_split,1.502537050027954,3.3948396392775124,0.9826315466844424,0.017368453315557586,62,63,1,124,0,0,
11,4,250,XYZ_split,1.502537050027954,3.3948396392775124,0.9824619686938416,0.017538031306158386,33,50,0,83,32,52,
11,4,250,RL_adaptive,1.502537050027954,3.3948396392775124,0.9986610860320473,0.0013389139679527151,67,51,0,66,23,43,0.9986610860320473
11,4,500,Z_only,1.502537050027954,3.3948396392775124,0.5341031410223434,0.46589685897765665,264,236,0,0,0,0,
11,4,500,ZX_split,1.502537050027954,3.3948396392775124,0.9836171663125216,0.016382833687478393,128,122,3,247,0,0,
11,4,500,XYZ_split,1.502537050027954,3.3948396392775124,0.9955499362956037,0.004450063704396268,100,66,1,165,59,109,
11,4,500,RL_adaptive,1.502537050027954,3.3948396392775124,0.9968248334903433,0.0031751665096566573,97,105,3,131,59,105,0.9968248334903433
12,0,10,Z_only,2.6567569140727345,0.8475916657678574,0.9423757583917636,0.057624241608236426,1,9,0,0,0,0,
12,0,10,ZX_split,2.6567569140727345,0.8475916657678574,0.9218555344906345,0.07814446550936549,0,5,5,0,0,0,
12,0,10,XYZ_split,2.6567569140727345,0.8475916657678574,0.9218555344906345,0.07814446550936549,1,2,2,1,2,2,
12,0,10,RL_adaptive,2.6567569140727345,0.8475916657678574,0.9458261737518742,0.054173826248125834,0,1,1,0,5,3,0.9458261737518742
12,0,25,Z_only,2.6567569140727345,0.8475916657678574,0.9423757583917636,0.057624241608236426,0,25,0,0,0,0,
12,0,25,ZX_split,2.6567569140727345,0.8475916657678574,0.920287882646761,0.07971211735323902,1,11,12,1,0,0,
12,0,25,XYZ_split,2.6567569140727345,0.8475916657678574,0.9265122590519301,0.07348774094806987,0,8,3,5,6,3,
12,0,25,RL_adaptive,2.6567569140727345,0.8475916657678574,0.9567006065766912,0.043299393423308796,0,1,10,8,3,3,0.9567006065766912
12,0,50,Z_only,2.6567569140727345,0.8475916657678574,0.9423757583917636,0.057624241608236426,2,48,0,0,0,0,
12,0,50,ZX_split,2.6567569140727345,0.8475916657678574,0.9684624416161358,0.031537558383864184,0,25,17,8,0,0,
12,0,50,XYZ_split,2.6567569140727345,0.8475916657678574,0.9384666001549434,0.06153339984505657,0,16,13,3,8,10,
12,0,50,RL_adaptive,2.6567569140727345,0.8475916657678574,0.9783864496416956,0.021613550358304368,4,22,9,7,6,2,0.9783864496416956
12,0,100,Z_only,2.6567569140727345,0.8475916657678574,0.9423757583917636,0.057624241608236426,4,96,0,0,0,0,
12,0,100,ZX_split,2.6567569140727345,0.8475916657678574,0.9676614923027981,0.032338507697201924,1,49,35,15,0,0,
12,0,100,XYZ_split,2.6567569140727345,0.8475916657678574,0.9963163271134542,0.003683672886545808,0,33,20,13,23,11,
12,0,100,RL_adaptive,2.6567569140727345,0.8475916657678574,0.9832642140386048,0.016735785961395244,2,44,19,8,15,12,0.9832642140386048
12,0,250,Z_only,2.6567569140727345,0.8475916657678574,0.9423757583917636,0.057624241608236426,14,236,0,0,0,0,
12,0,250,ZX_split,2.6567569140727345,0.8475916657678574,0.9664180987691393,0.03358190123086069,9,116,87,38,0,0,
12,0,250,XYZ_split,2.6567569140727345,0.8475916657678574,0.9966211197528475,0.0033788802471524937,9,74,57,26,58,26,
12,0,250,RL_adaptive,2.6567569140727345,0.8475916657678574,0.9994676802016151,0.0005323197983848615,10,88,49,30,47,26,0.9994676802016151
12,0,500,Z_only,2.6567569140727345,0.8475916657678574,0.9423757583917636,0.057624241608236426,29,471,0,0,0,0,
12,0,500,ZX_split,2.6567569140727345,0.8475916657678574,0.9684072311809441,0.03159276881905593,14,236,166,84,0,0,
12,0,500,XYZ_split,2.6567569140727345,0.8475916657678574,0.9980603947493683,0.0019396052506317485,7,159,117,49,112,56,
12,0,500,RL_adaptive,2.6567569140727345,0.8475916657678574,0.9992285074975278,0.0007714925024722152,11,221,96,48,88,36,0.9992285074975278
12,1,10,Z_only,2.6567569140727345,0.8475916657678574,0.9423757583917636,0.057624241608236426,0,10,0,0,0,0,
12,1,10,ZX_split,2.6567569140727345,0.8475916657678574,0.9218555344906345,0.07814446550936549,1,4,4,1,0,0,
12,1,10,XYZ_split,2.6567569140727345,0.8475916657678574,0.9218555344906345,0.07814446550936549,0,3,3,0,2,2,
12,1,10,RL_adaptive,2.6567569140727345,0.8475916657678574,0.7503388362394022,0.24966116376059777,0,1,0,1,6,2,0.7503388362394022
12,1,25,Z_only,2.6567569140727345,0.8475916657678574,0.9423757583917636,0.057624241608236426,1,24,0,0,0,0,
12,1,25,ZX_split,2.6567569140727345,0.8475916657678574,0.9373195461881967,0.06268045381180332,0,12,12,1,0,0,
12,1,25,XYZ_split,2.6567569140727345,0.8475916657678574,0.9811909748455389,0.018809025154461145,0,8,6,2,8,1,
12,1,25,RL_adaptive,2.6567569140727345,0.8475916657678574,0.9867821509839568,0.01321784901604317,0,1,14,4,5,1,0.9867821509839568
12,1,50,Z_only,2.6567569140727345,0.8475916657678574,0.9423757583917636,0.057624241608236426,0,50,0,0,0,0,
12,1,50,ZX_split,2.6567569140727345,0.8475916657678574,0.9670577947019063,0.03294220529809366,3,22,15,10,0,0,
12,1,50,XYZ_split,2.6567569140727345,0.8475916657678574,0.9821189937323722,0.017881006267627786,2,14,9,7,10,8,
12,1,50,RL_adaptive,2.6567569140727345,0.8475916657678574,0.9727943262664411,0.027205673733558866,2,25,10,5,7,1,0.9727943262664411
12,1,100,Z_only,2.6567569140727345,0.8475916657678574,0.9423757583917636,0.057624241608236426,10,90,0,0,0,0,
12,1,100,ZX_split,2.6567569140727345,0.8475916657678574,0.9635396758047882,0.036460324195211835,2,48,37,13,0,0,
12,1,100,XYZ_split,2.6567569140727345,0.8475916657678574,0.9935539610955212,0.0064460389044788124,3,30,24,9,23,11,
12,1,100,RL_adaptive,2.6567569140727345,0.8475916657678574,0.9865340568667818,0.01346594313321825,5,41,22,7,17,8,0.9865340568667818
12,1,250,Z_only,2.6567569140727345,0.8475916657678574,0.9423757583917636,0.057624241608236426,14,236,0,0,0,0,
12,1,250,ZX_split,2.6567569140727345,0.8475916657678574,0.9679074995561411,0.03209250044385892,7,118,85,40,0,0,
12,1,250,XYZ_split,2.6567569140727345,0.8475916657678574,0.9767804027353616,0.023219597264638403,5,78,42,41,59,25,
12,1,250,RL_adaptive,2.6567569140727345,0.8475916657678574,0.9982438088469742,0.0017561911530258323,5,91,57,25,51,21,0.9982438088469742
12,1,500,Z_only,2.6567569140727345,0.8475916657678574,0.9423757583917636,0.057624241608236426,37,463,0,0,0,0,
12,1,500,ZX_split,2.6567569140727345,0.8475916657678574,0.9671684680540892,0.03283153194591082,17,233,172,78,0,0,
12,1,500,XYZ_split,2.6567569140727345,0.8475916657678574,0.9950784762797302,0.0049215237202697715,8,158,114,52,103,65,
12,1,500,RL_adaptive,2.6567569140727345,0.8475916657678574,0.9973851979733961,0.002614802026603913,8,224,85,55,87,41,0.9973851979733961
12,2,10,Z_only,2.6567569140727345,0.8475916657678574,0.9423757583917636,0.057624241608236426,1,9,0,0,0,0,
12,2,10,ZX_split,2.6567569140727345,0.8475916657678574,0.9586786205292305,0.041321379470769526,0,5,4,1,0,0,
12,2,10,XYZ_split,2.6567569140727345,0.8475916657678574,0.7602450136814571,0.23975498631854286,0,3,1,2,1,3,
12,2,10,RL_adaptive,2.6567569140727345,0.8475916657678574,0.7037582626920809,0.29624173730791914,0,1,0,1,4,4,0.7037582626920809
12,2,25,Z_only,2.6567569140727345,0.8475916657678574,0.9423757583917636,0.057624241608236426,1,24,0,0,0,0,
12,2,25,ZX_split,2.6567569140727345,0.8475916657678574,0.9529007194367367,0.04709928056326329,0,12,7,6,0,0,
12,2,25,XYZ_split,2.6567569140727345,0.8475916657678574,0.9288430530243017,0.0711569469756983,1,7,6,2,4,5,
12,2,25,RL_adaptive,2.6567569140727345,0.8475916657678574,0.9965180686118912,0.0034819313881088165,0,1,11,7,4,2,0.9965180686118912
12,2,50,Z_only,2.6567569140727345,0.8475916657678574,0.9423757583917636,0.057624241608236426,3,47,0,0,0,0,
12,2,50,ZX_split,2.6567569140727345,0.8475916657678574,0.9640297699387902,0.03597023006120981,0,25,15,10,0,0,
12,2,50,XYZ_split,2.6567569140727345,0.8475916657678574,0.9919341318519316,0.008065868148068422,1,15,12,4,13,5,
12,2,50,RL_adaptive,2.6567569140727345,0.8475916657678574,0.9520554643924761,0.047944535607523875,1,24,7,9,6,3,0.9520554643924761
12,2,100,Z_only,2.6567569140727345,0.8475916657678574,0.9423757583917636,0.057624241608236426,4,96,0,0,0,0,
12,2,100,ZX_split,2.6567569140727345,0.8475916657678574,0.9673569496894457,0.032643050310554256,4,46,34,16,0,0,
12,2,100,XYZ_split,2.6567569140727345,0.8475916657678574,0.9991689991928763,0.0008310008071237274,2,31,21,12,22,12,
12,2,100,RL_adaptive,2.6567569140727345,0.8475916657678574,0.9857690680037554,0.014230931996244589,2,43,16,13,16,10,0.9857690680037554
12,2,250,Z_only,2.6567569140727345,0.8475916657678574,0.9423757583917636,0.057624241608236426,17,233,0,0,0,0,
12,2,250,ZX_split,2.6567569140727345,0.8475916657678574,0.9684072311809441,0.03159276881905593,7,118,83,42,0,0,
12,2,250,XYZ_split,2.6567569140727345,0.8475916657678574,0.9964716785020903,0.0035283214979097144,3,80,60,23,61,23,
12,2,250,RL_adaptive,2.6567569140727345,0.8475916657678574,0.9996284681453655,0.0003715318546344548,5,93,50,28,49,25,0.9996284681453655
12,2,500,Z_only,2.6567569140727345,0.8475916657678574,0.9423757583917636,0.057624241608236426,28,472,0,0,0,0,
12,2,500,ZX_split,2.6567569140727345,0.8475916657678574,0.9655140518895897,0.03448594811041028,21,229,175,75,0,0,
12,2,500,XYZ_split,2.6567569140727345,0.8475916657678574,0.9963962016414938,0.003603798358506216,7,159,121,45,116,52,
12,2,500,RL_adaptive,2.6567569140727345,0.8475916657678574,0.9916363178033034,0.008363682196696587,13,219,87,56,74,51,0.9916363178033034
12,3,10,Z_only,2.6567569140727345,0.8475916657678574,0.9423757583917636,0.057624241608236426,2,8,0,0,0,0,
12,3,10,ZX_split,2.6567569140727345,0.8475916657678574,0.9586786205292305,0.041321379470769526,0,5,4,1,0,0,
12,3,10,XYZ_split,2.6567569140727345,0.8475916657678574,0.8709064609038141,0.12909353909618593,0,3,1,2,2,2,
12,3,10,RL_adaptive,2.6567569140727345,0.8475916657678574,0.955962916035459,0.04403708396454098,0,1,1,0,6,2,0.955962916035459
12,3,25,Z_only,2.6567569140727345,0.8475916657678574,0.9423757583917636,0.057624241608236426,5,20,0,0,0,0,
12,3,25,ZX_split,2.6567569140727345,0.8475916657678574,0.9602457327754306,0.03975426722456943,2,10,9,4,0,0,
12,3,25,XYZ_split,2.6567569140727345,0.8475916657678574,0.9328263480735173,0.06717365192648272,1,7,4,4,8,1,
12,3,25,RL_adaptive,2.6567569140727345,0.8475916657678574,0.9235762303701279,0.07642376962987207,0,1,15,4,2,3,0.9235762303701279
12,3,50,Z_only,2.6567569140727345,0.8475916657678574,0.9423757583917636,0.057624241608236426,1,49,0,0,0,0,
12,3,50,ZX_split,2.6567569140727345,0.8475916657678574,0.9684142576507407,0.03158574234925926,3,22,16,9,0,0,
12,3,50,XYZ_split,2.6567569140727345,0.8475916657678574,0.982606843126425,0.01739315687357501,0,16,10,6,10,8,
12,3,50,RL_adaptive,2.6567569140727345,0.8475916657678574,0.9886632080638275,0.011336791936172541,1,25,9,7,5,3,0.9886632080638275
12,3,100,Z_only,2.6567569140727345,0.8475916657678574,0.9423757583917636,0.057624241608236426,9,91,0,0,0,0,
12,3,100,ZX_split,2.6567569140727345,0.8475916657678574,0.9670577947019063,0.03294220529809366,6,44,30,20,0,0,
12,3,100,XYZ_split,2.6567569140727345,0.8475916657678574,0.9908842930611544,0.009115706938845558,3,30,24,9,25,9,
12,3,100,RL_adaptive,2.6567569140727345,0.8475916657678574,0.9803264732472969,0.019673526752703063,3,39,22,11,21,4,0.9803264732472969
12,3,250,Z_only,2.6567569140727345,0.8475916657678574,0.9423757583917636,0.057624241608236426,9,241,0,0,0,0,
12,3,250,ZX_split,2.6567569140727345,0.8475916657678574,0.9680424078078658,0.03195759219213423,6,119,85,40,0,0,
12,3,250,XYZ_split,2.6567569140727345,0.8475916657678574,0.9921011368964334,0.007898863103566578,4,79,47,36,57,27,
12,3,250,RL_adaptive,2.6567569140727345,0.8475916657678574,0.9954991441073129,0.004500855892687117,5,89,59,22,50,25,0.9954991441073129
12,3,500,Z_only,2.6567569140727345,0.8475916657678574,0.9423757583917636,0.057624241608236426,14,486,0,0,0,0,
12,3,500,ZX_split,2.6567569140727345,0.8475916657678574,0.9672902467686273,0.03270975323137271,14,236,155,95,0,0,
12,3,500,XYZ_split,2.6567569140727345,0.8475916657678574,0.9985399796881131,0.001460020311886856,10,156,103,63,109,59,
12,3,500,RL_adaptive,2.6567569140727345,0.8475916657678574,0.9934005525032145,0.006599447496785538,15,218,97,50,71,49,0.9934005525032145
12,4,10,Z_only,2.6567569140727345,0.8475916657678574,0.9423757583917636,0.057624241608236426,0,10,0,0,0,0,
12,4,10,ZX_split,2.6567569140727345,0.8475916657678574,0.7037582626920809,0.29624173730791914,1,4,1,4,0,0,
12,4,10,XYZ_split,2.6567569140727345,0.8475916657678574,0.8278656585826512,0.17213434141734885,1,2,3,0,4,0,
12,4,10,RL_adaptive,2.6567569140727345,0.8475916657678574,0.29624173730791914,0.7037582626920809,1,0,1,0,4,4,0.29624173730791914
12,4,25,Z_only,2.6567569140727345,0.8475916657678574,0.9423757583917636,0.057624241608236426,3,22,0,0,0,0,
12,4,25,ZX_split,2.6567569140727345,0.8475916657678574,0.9529007194367367,0.04709928056326329,0,12,7,6,0,0,
12,4,25,XYZ_split,2.6567569140727345,0.8475916657678574,0.993842828470755,0.006157171529244998,0,8,6,2,7,2,
12,4,25,RL_adaptive,2.6567569140727345,0.8475916657678574,0.9838135401966752,0.016186459803324782,0,1,15,3,4,2,0.9838135401966752
12,4,50,Z_only,2.6567569140727345,0.8475916657678574,0.9423757583917636,0.057624241608236426,4,46,0,0,0,0,
12,4,50,ZX_split,2.6567569140727345,0.8475916657678574,0.9656205401717971,0.034379459828202896,1,24,18,7,0,0,
12,4,50,XYZ_split,2.6567569140727345,0.8475916657678574,0.9696351639261452,0.030364836073854762,2,14,8,8,13,5,
12,4,50,RL_adaptive,2.6567569140727345,0.8475916657678574,0.9168921053901616,0.08310789460983836,1,26,14,2,3,4,0.9168921053901616
12,4,100,Z_only,2.6567569140727345,0.8475916657678574,0.9423757583917636,0.057624241608236426,9,91,0,0,0,0,
12,4,100,ZX_split,2.6567569140727345,0.8475916657678574,0.9678617848132649,0.0321382151867351,1,49,32,18,0,0,
12,4,100,XYZ_split,2.6567569140727345,0.8475916657678574,0.9893445735997802,0.01065542640021977,1,32,20,13,20,14,
12,4,100,RL_adaptive,2.6567569140727345,0.8475916657678574,0.9888808459985534,0.011119154001446585,3,41,17,14,17,8,0.9888808459985534
12,4,250,Z_only,2.6567569140727345,0.8475916657678574,0.9423757583917636,0.057624241608236426,14,236,0,0,0,0,
12,4,250,ZX_split,2.6567569140727345,0.8475916657678574,0.9684017901401258,0.03159820985987416,6,119,81,44,0,0,
12,4,250,XYZ_split,2.6567569140727345,0.8475916657678574,0.9962294782864591,0.003770521713540864,5,78,53,30,62,22,
12,4,250,RL_adaptive,2.6567569140727345,0.8475916657678574,0.9986595810486636,0.0013404189513364084,3,94,51,26,49,27,0.9986595810486636
12,4,500,Z_only,2.6567569140727345,0.8475916657678574,0.9423757583917636,0.057624241608236426,28,472,0,0,0,0,
12,4,500,ZX_split,2.6567569140727345,0.8475916657678574,0.9684017901401258,0.03159820985987416,12,238,162,88,0,0,
12,4,500,XYZ_split,2.6567569140727345,0.8475916657678574,0.9990433745958458,0.0009566254041541988,11,155,110,56,108,60,
12,4,500,RL_adaptive,2.6567569140727345,0.8475916657678574,0.9997005995362156,0.000299400463784405,14,218,98,48,83,39,0.9997005995362156
13,0,10,Z_only,2.5325466288535523,5.210190339918922,0.9100970730904595,0.08990292690954049,1,9,0,0,0,0,
13,0,10,ZX_split,2.5325466288535523,5.210190339918922,0.932243864976762,0.06775613502323796,1,4,3,2,0,0,
13,0,10,XYZ_split,2.5325466288535523,5.210190339918922,0.6076128652790939,0.39238713472090614,2,1,3,0,1,3,
13,0,10,RL_adaptive,2.5325466288535523,5.210190339918922,0.7886143451345236,0.21138565486547645,0,1,0,1,1,7,0.7886143451345236
13,0,25,Z_only,2.5325466288535523,5.210190339918922,0.9100970730904595,0.08990292690954049,4,21,0,0,0,0,
13,0,25,ZX_split,2.5325466288535523,5.210190339918922,0.9234742145519507,0.07652578544804933,2,10,9,4,0,0,
13,0,25,XYZ_split,2.5325466288535523,5.210190339918922,0.9609409423234372,0.039059057676562814,0,8,7,1,3,6,
13,0,25,RL_adaptive,2.5325466288535523,5.210190339918922,0.9676974027740289,0.032302597225971064,0,1,9,9,0,6,0.9676974027740289
13,0,50,Z_only,2.5325466288535523,5.210190339918922,0.9100970730904595,0.08990292690954049,12,38,0,0,0,0,
13,0,50,ZX_split,2.5325466288535523,5.210190339918922,0.9320295514677593,0.06797044853224066,3,22,16,9,0,0,
13,0,50,XYZ_split,2.5325466288535523,5.210190339918922,0.9765969330727094,0.02340306692729055,1,15,11,5,7,11,
13,0,50,RL_adaptive,2.5325466288535523,5.210190339918922,0.9691864431172615,0.030813556882738458,1,24,9,8,3,5,0.9691864431172615
13,0,100,Z_only,2.5325466288535523,5.210190339918922,0.9100970730904595,0.08990292690954049,7,93,0,0,0,0,
13,0,100,ZX_split,2.5325466288535523,5.210190339918922,0.9320488505891299,0.0679511494108701,5,45,31,19,0,0,
13,0,100,XYZ_split,2.5325466288535523,5.210190339918922,0.9903194288791453,0.009680571120854742,1,32,26,7,6,28,
13,0,100,RL_adaptive,2.5325466288535523,5.210190339918922,0.996818125236743,0.003181874763257042,3,48,14,8,8,19,0.996818125236743
13,0,250,Z_only,2.5325466288535523,5.210190339918922,0.9100970730904595,0.08990292690954049,24,226,0,0,0,0,
13,0,250,ZX_split,2.5325466288535523,5.210190339918922,0.9219147424019285,0.0780852575980715,9,116,68,57,0,0,
13,0,250,XYZ_split,2.5325466288535523,5.210190339918922,0.9960108363951734,0.0039891636048265955,5,78,49,34,16,68,
13,0,250,RL_adaptive,2.5325466288535523,5.210190339918922,0.9914362319195128,0.0085637680804872,9,87,36,29,27,62,0.9914362319195128
13,0,500,Z_only,2.5325466288535523,5.210190339918922,0.9100970730904595,0.08990292690954049,53,447,0,0,0,0,
13,0,500,ZX_split,2.5325466288535523,5.210190339918922,0.9313402867542795,0.06865971324572051,26,224,151,99,0,0,
13,0,500,XYZ_split,2.5325466288535523,5.210190339918922,0.9994897426649291,0.0005102573350709294,12,154,110,56,42,126,
13,0,500,RL_adaptive,2.5325466288535523,5.210190339918922,0.9996211418049119,0.00037885819508809426,20,216,101,53,28,82,0.9996211418049119
13,1,10,Z_only,2.5325466288535523,5.210190339918922,0.9100970730904595,0.08990292690954049,1,9,0,0,0,0,
13,1,10,ZX_split,2.5325466288535523,5.210190339918922,0.932243864976762,0.06775613502323796,1,4,3,2,0,0,
13,1,10,XYZ_split,2.5325466288535523,5.210190339918922,0.7047762614522961,0.2952237385477039,0,3,1,2,3,1,
13,1,10,RL_adaptive,2.5325466288535523,5.210190339918922,0.8030165795984363,0.1969834204015637,0,1,0,1,0,8,0.8030165795984363
13,1,25,Z_only,2.5325466288535523,5.210190339918922,0.9100970730904595,0.08990292690954049,4,21,0,0,0,0,
13,1,25,ZX_split,2.5325466288535523,5.210190339918922,0.929588085724081,0.07041191427591897,3,9,8,5,0,0,
13,1,25,XYZ_split,2.5325466288535523,5.210190339918922,0.9655792277090294,0.034420772290970625,1,7,4,4,1,8,
13,1,25,RL_adaptive,2.5325466288535523,5.210190339918922,0.3580908252067901,0.64190917479321,1,0,13,5,1,5,0.3580908252067901
13,1,50,Z_only,2.5325466288535523,5.210190339918922,0.9100970730904595,0.08990292690954049,2,48,0,0,0,0,
13,1,50,ZX_split,2.5325466288535523,5.210190339918922,0.9266528042209103,0.07334719577908966,2,23,18,7,0,0,
13,1,50,XYZ_split,2.5325466288535523,5.210190339918922,0.9562324578987149,0.043767542101285084,3,13,13,3,2,16,
13,1,50,RL_adaptive,2.5325466288535523,5.210190339918922,0.8496646141609595,0.1503353858390405,2,23,7,9,5,4,0.8496646141609595
13,1,100,Z_only,2.5325466288535523,5.210190339918922,0.9100970730904595,0.08990292690954049,7,93,0,0,0,0,
13,1,100,ZX_split,2.5325466288535523,5.210190339918922,0.9313541241976823,0.06864587580231774,6,44,30,20,0,0,
13,1,100,XYZ_split,2.5325466288535523,5.210190339918922,0.9898415318560454,0.010158468143954602,2,31,19,14,11,23,
13,1,100,RL_adaptive,2.5325466288535523,5.210190339918922,0.9973547284355548,0.002645271564445162,5,47,14,8,8,18,0.9973547284355548
13,1,250,Z_only,2.5325466288535523,5.210190339918922,0.9100970730904595,0.08990292690954049,24,226,0,0,0,0,
13,1,250,ZX_split,2.5325466288535523,5.210190339918922,0.9317217313182801,0.06827826868171993,7,118,78,47,0,0,
13,1,250,XYZ_split,2.5325466288535523,5.210190339918922,0.9882809921232731,0.011719007876726861,6,77,44,39,21,63,
13,1,250,RL_adaptive,2.5325466288535523,5.210190339918922,0.9996472421578668,0.00035275784213317785,9,83,44,24,24,66,0.9996472421578668
13,1,500,Z_only,2.5325466288535523,5.210190339918922,0.9100970730904595,0.08990292690954049,48,452,0,0,0,0,
13,1,500,ZX_split,2.5325466288535523,5.210190339918922,0.9321940983007638,0.06780590169923617,25,225,160,90,0,0,
13,1,500,XYZ_split,2.5325466288535523,5.210190339918922,0.9959824233552906,0.004017576644709364,7,159,101,65,48,120,
13,1,500,RL_adaptive,2.5325466288535523,5.210190339918922,0.9975842075904879,0.002415792409512063,21,214,88,61,32,84,0.9975842075904879
13,2,10,Z_only,2.5325466288535523,5.210190339918922,0.9100970730904595,0.08990292690954049,1,9,0,0,0,0,
13,2,10,ZX_split,2.5325466288535523,5.210190339918922,0.8458606226638773,0.1541393773361227,1,4,2,3,0,0,
13,2,10,XYZ_split,2.5325466288535523,5.210190339918922,0.9482296268530368,0.0517703731469632,0,3,3,0,1,3,
13,2,10,RL_adaptive,2.5325466288535523,5.210190339918922,0.7661177619337388,0.23388223806626118,0,1,0,1,2,6,0.7661177619337388
13,2,25,Z_only,2.5325466288535523,5.210190339918922,0.9100970730904595,0.08990292690954049,2,23,0,0,0,0,
13,2,25,ZX_split,2.5325466288535523,5.210190339918922,0.9209153724113853,0.07908462758861468,1,11,7,6,0,0,
13,2,25,XYZ_split,2.5325466288535523,5.210190339918922,0.9554322021854972,0.04456779781450282,0,8,5,3,4,5,
13,2,25,RL_adaptive,2.5325466288535523,5.210190339918922,0.99700547756071,0.0029945224392899927,0,1,14,5,1,4,0.99700547756071
13,2,50,Z_only,2.5325466288535523,5.210190339918922,0.9100970730904595,0.08990292690954049,2,48,0,0,0,0,
13,2,50,ZX_split,2.5325466288535523,5.210190339918922,0.9321187992537388,0.06788120074626125,0,25,17,8,0,0,
13,2,50,XYZ_split,2.5325466288535523,5.210190339918922,0.9555883221794575,0.04441167782054245,1,15,15,1,4,14,
13,2,50,RL_adaptive,2.5325466288535523,5.210190339918922,0.9644400924991078,0.03555990750089222,6,19,11,7,1,6,0.9644400924991078
13,2,100,Z_only,2.5325466288535523,5.210190339918922,0.9100970730904595,0.08990292690954049,8,92,0,0,0,0,
13,2,100,ZX_split,2.5325466288535523,5.210190339918922,0.9320295514677593,0.06797044853224066,6,44,32,18,0,0,
13,2,100,XYZ_split,2.5325466288535523,5.210190339918922,0.9935106698478026,0.006489330152197437,4,29,19,14,7,27,
13,2,100,RL_adaptive,2.5325466288535523,5.210190339918922,0.9840241443392679,0.01597585566073212,9,48,14,5,5,19,0.9840241443392679
13,2,250,Z_only,2.5325466288535523,5.210190339918922,0.9100970730904595,0.08990292690954049,24,226,0,0,0,0,
13,2,250,ZX_split,2.5325466288535523,5.210190339918922,0.9264180600447113,0.07358193995528872,18,107,86,39,0,0,
13,2,250,XYZ_split,2.5325466288535523,5.210190339918922,0.9981070951411345,0.0018929048588655073,9,74,56,27,20,64,
13,2,250,RL_adaptive,2.5325466288535523,5.210190339918922,0.9996703448627511,0.0003296551372489187,3,89,40,23,20,75,0.9996703448627511
13,2,500,Z_only,2.5325466288535523,5.210190339918922,0.9100970730904595,0.08990292690954049,44,456,0,0,0,0,
13,2,500,ZX_split,2.5325466288535523,5.210190339918922,0.931816097841595,0.06818390215840497,23,227,154,96,0,0,
13,2,500,XYZ_split,2.5325466288535523,5.210190339918922,0.9984053510647751,0.0015946489352248738,21,145,108,58,39,129,
13,2,500,RL_adaptive,2.5325466288535523,5.210190339918922,0.9889067670139376,0.011093232986062351,17,219,101,51,39,73,0.9889067670139376
13,3,10,Z_only,2.5325466288535523,5.210190339918922,0.9100970730904595,0.08990292690954049,0,10,0,0,0,0,
13,3,10,ZX_split,2.5325466288535523,5.210190339918922,0.9219271751659666,0.07807282483403344,0,5,4,1,0,0,
13,3,10,XYZ_split,2.5325466288535523,5.210190339918922,0.8610612681188279,0.13893873188117212,1,2,3,0,0,4,
13,3,10,RL_adaptive,2.5325466288535523,5.210190339918922,0.9244101725634885,0.07558982743651155,0,1,1,0,3,5,0.9244101725634885
13,3,25,Z_only,2.5325466288535523,5.210190339918922,0.9100970730904595,0.08990292690954049,2,23,0,0,0,0,
13,3,25,ZX_split,2.5325466288535523,5.210190339918922,0.9316742468534238,0.06832575314657618,1,11,8,5,0,0,
13,3,25,XYZ_split,2.5325466288535523,5.210190339918922,0.9947758688131204,0.005224131186879588,0,8,6,2,1,8,
13,3,25,RL_adaptive,2.5325466288535523,5.210190339918922,0.9799645776888785,0.020035422311121542,0,1,11,8,0,5,0.9799645776888785
13,3,50,Z_only,2.5325466288535523,5.210190339918922,0.9100970730904595,0.08990292690954049,4,46,0,0,0,0,
13,3,50,ZX_split,2.5325466288535523,5.210190339918922,0.9043103981003269,0.09568960189967313,0,25,12,13,0,0,
13,3,50,XYZ_split,2.5325466288535523,5.210190339918922,0.9924578215520473,0.0075421784479526854,2,14,10,6,3,15,
13,3,50,RL_adaptive,2.5325466288535523,5.210190339918922,0.842015109505314,0.157984890494686,4,23,14,2,4,3,0.842015109505314
13,3,100,Z_only,2.5325466288535523,5.210190339918922,0.9100970730904595,0.08990292690954049,9,91,0,0,0,0,
13,3,100,ZX_split,2.5325466288535523,5.210190339918922,0.9320295514677593,0.06797044853224066,6,44,32,18,0,0,
13,3,100,XYZ_split,2.5325466288535523,5.210190339918922,0.99869921443401,0.0013007855659900036,2,31,22,11,9,25,
13,3,100,RL_adaptive,2.5325466288535523,5.210190339918922,0.9946513852118218,0.005348614788178163,3,48,13,9,8,19,0.9946513852118218
13,3,250,Z_only,2.5325466288535523,5.210190339918922,0.9100970730904595,0.08990292690954049,25,225,0,0,0,0,
13,3,250,ZX_split,2.5325466288535523,5.210190339918922,0.930184902528489,0.06981509747151105,12,113,85,40,0,0,
13,3,250,XYZ_split,2.5325466288535523,5.210190339918922,0.9920237530521394,0.007976246947860588,8,75,59,24,25,59,
13,3,250,RL_adaptive,2.5325466288535523,5.210190339918922,0.9899674406882951,0.01003255931170488,13,76,50,20,20,71,0.9899674406882951
13,3,500,Z_only,2.5325466288535523,5.210190339918922,0.9100970730904595,0.08990292690954049,39,461,0,0,0,0,
13,3,500,ZX_split,2.5325466288535523,5.210190339918922,0.9304166012987687,0.06958339870123131,27,223,168,82,0,0,
13,3,500,XYZ_split,2.5325466288535523,5.210190339918922,0.998472621048468,0.001527378951531988,15,151,99,67,43,125,
13,3,500,RL_adaptive,2.5325466288535523,5.210190339918922,0.9973588639233061,0.0026411360766939174,25,211,105,52,22,85,0.9973588639233061
13,4,10,Z_only,2.5325466288535523,5.210190339918922,0.9100970730904595,0.08990292690954049,0,10,0,0,0,0,
13,4,10,ZX_split,2.5325466288535523,5.210190339918922,0.8865618222912424,0.11343817770875764,2,3,3,2,0,0,
13,4,10,XYZ_split,2.5325466288535523,5.210190339918922,0.986557719375766,0.013442280624234026,0,3,2,1,0,4,
13,4,10,RL_adaptive,2.5325466288535523,5.210190339918922,0.9592609153085027,0.04073908469149734,0,1,1,0,1,7,0.9592609153085027
13,4,25,Z_only,2.5325466288535523,5.210190339918922,0.9100970730904595,0.08990292690954049,4,21,0,0,0,0,
13,4,25,ZX_split,2.5325466288535523,5.210190339918922,0.9185735506613532,0.08142644933864684,1,11,10,3,0,0,
13,4,25,XYZ_split,2.5325466288535523,5.210190339918922,0.9981569001212156,0.0018430998787843933,1,7,5,3,2,7,
13,4,25,RL_adaptive,2.5325466288535523,5.210190339918922,0.9915304483854586,0.008469551614541437,0,1,15,4,1,4,0.9915304483854586
13,4,50,Z_only,2.5325466288535523,5.210190339918922,0.9100970730904595,0.08990292690954049,4,46,0,0,0,0,
13,4,50,ZX_split,2.5325466288535523,5.210190339918922,0.9155828229576507,0.0844171770423493,3,22,19,6,0,0,
13,4,50,XYZ_split,2.5325466288535523,5.210190339918922,0.9895978529604817,0.01040214703951825,1,15,11,5,6,12,
13,4,50,RL_adaptive,2.5325466288535523,5.210190339918922,0.99509267501896,0.004907324981039962,0,26,11,6,2,5,0.99509267501896
13,4,100,Z_only,2.5325466288535523,5.210190339918922,0.9100970730904595,0.08990292690954049,9,91,0,0,0,0,
13,4,100,ZX_split,2.5325466288535523,5.210190339918922,0.926515836520258,0.07348416347974196,6,44,35,15,0,0,
13,4,100,XYZ_split,2.5325466288535523,5.210190339918922,0.9892812816385342,0.010718718361465762,2,31,25,8,9,25,
13,4,100,RL_adaptive,2.5325466288535523,5.210190339918922,0.9983310690919012,0.0016689309080988313,5,49,12,8,6,20,0.9983310690919012
13,4,250,Z_only,2.5325466288535523,5.210190339918922,0.9100970730904595,0.08990292690954049,30,220,0,0,0,0,
13,4,250,ZX_split,2.5325466288535523,5.210190339918922,0.930184902528489,0.06981509747151105,12,113,85,40,0,0,
13,4,250,XYZ_split,2.5325466288535523,5.210190339918922,0.998857920794344,0.0011420792056560103,9,74,54,29,24,60,
13,4,250,RL_adaptive,2.5325466288535523,5.210190339918922,0.9992871537546113,0.0007128462453886986,7,84,43,22,20,74,0.9992871537546113
13,4,500,Z_only,2.5325466288535523,5.210190339918922,0.9100970730904595,0.08990292690954049,45,455,0,0,0,0,
13,4,500,ZX_split,2.5325466288535523,5.210190339918922,0.9319723608279815,0.06802763917201848,23,227,155,95,0,0,
13,4,500,XYZ_split,2.5325466288535523,5.210190339918922,0.9997874646704885,0.00021253532951148735,16,150,104,62,45,123,
13,4,500,RL_adaptive,2.5325466288535523,5.210190339918922,0.9996943961701296,0.00030560382987043777,21,214,95,57,30,83,0.9996943961701296
14,0,10,Z_only,2.4252354687543893,1.587894012142018,0.877101376023399,0.122898623976601,0,10,0,0,0,0,
14,0,10,ZX_split,2.4252354687543893,1.587894012142018,0.7706201089828714,0.22937989101712863,1,4,1,4,0,0,
14,0,10,XYZ_split,2.4252354687543893,1.587894012142018,0.9655218882012668,0.03447811179873317,0,3,1,2,3,1,
14,0,10,RL_adaptive,2.4252354687543893,1.587894012142018,0.23731822862102453,0.7626817713789755,1,0,0,1,4,4,0.23731822862102453
14,0,25,Z_only,2.4252354687543893,1.587894012142018,0.877101376023399,0.122898623976601,10,15,0,0,0,0,
14,0,25,ZX_split,2.4252354687543893,1.587894012142018,0.864921977004872,0.13507802299512806,1,11,5,8,0,0,
14,0,25,XYZ_split,2.4252354687543893,1.587894012142018,0.9163223587189636,0.08367764128103639,3,5,5,3,6,3,
14,0,25,RL_adaptive,2.4252354687543893,1.587894012142018,0.39528259049455056,0.6047174095054495,1,0,8,8,7,1,0.39528259049455056
14,0,50,Z_only,2.4252354687543893,1.587894012142018,0.877101376023399,0.122898623976601,4,46,0,0,0,0,
14,0,50,ZX_split,2.4252354687543893,1.587894012142018,0.8762851315691936,0.12371486843080637,3,22,13,12,0,0,
14,0,50,XYZ_split,2.4252354687543893,1.587894012142018,0.9839797345824852,0.01602026541751478,2,14,10,6,16,2,
14,0,50,RL_adaptive,2.4252354687543893,1.587894012142018,0.9945580353720631,0.0054419646279368905,4,22,8,7,8,1,0.9945580353720631
14,0,100,Z_only,2.4252354687543893,1.587894012142018,0.877101376023399,0.122898623976601,12,88,0,0,0,0,
14,0,100,ZX_split,2.4252354687543893,1.587894012142018,0.8757431205618297,0.12425687943817032,11,39,26,24,0,0,
14,0,100,XYZ_split,2.4252354687543893,1.587894012142018,0.9907406795948311,0.009259320405168858,6,27,19,14,28,6,
14,0,100,RL_adaptive,2.4252354687543893,1.587894012142018,0.9914536486805642,0.008546351319435819,5,40,17,14,18,6,0.9914536486805642
14,0,250,Z_only,2.4252354687543893,1.587894012142018,0.877101376023399,0.122898623976601,38,212,0,0,0,0,
14,0,250,ZX_split,2.4252354687543893,1.587894012142018,0.8762561949593751,0.12374380504062488,16,109,65,60,0,0,
14,0,250,XYZ_split,2.4252354687543893,1.587894012142018,0.9935610013710867,0.006438998628913284,9,74,48,35,73,11,
14,0,250,RL_adaptive,2.4252354687543893,1.587894012142018,0.9963932292889296,0.003606770711070406,15,93,35,45,52,10,0.9963932292889296
14,0,500,Z_only,2.4252354687543893,1.587894012142018,0.877101376023399,0.122898623976601,67,433,0,0,0,0,
14,0,500,ZX_split,2.4252354687543893,1.587894012142018,0.8663190318368027,0.1336809681631973,29,221,147,103,0,0,
14,0,500,XYZ_split,2.4252354687543893,1.587894012142018,0.9989943725852796,0.0010056274147204336,24,142,87,79,135,33,
14,0,500,RL_adaptive,2.4252354687543893,1.587894012142018,0.9974504890341377,0.0025495109658623116,30,191,62,71,128,18,0.9974504890341377
14,1,10,Z_only,2.4252354687543893,1.587894012142018,0.877101376023399,0.122898623976601,0,10,0,0,0,0,
14,1,10,ZX_split,2.4252354687543893,1.587894012142018,0.8708791714616461,0.12912082853835394,0,5,2,3,0,0,
14,1,10,XYZ_split,2.4252354687543893,1.587894012142018,0.919051768447525,0.08094823155247499,1,2,2,1,3,1,
14,1,10,RL_adaptive,2.4252354687543893,1.587894012142018,0.8570830220667073,0.14291697793329272,0,1,1,0,6,2,0.8570830220667073
14,1,25,Z_only,2.4252354687543893,1.587894012142018,0.877101376023399,0.122898623976601,2,23,0,0,0,0,
14,1,25,ZX_split,2.4252354687543893,1.587894012142018,0.87525929071458,0.12474070928542003,2,10,6,7,0,0,
14,1,25,XYZ_split,2.4252354687543893,1.587894012142018,0.9120815659198436,0.08791843408015643,0,8,1,7,7,2,
14,1,25,RL_adaptive,2.4252354687543893,1.587894012142018,0.9985772481783781,0.0014227518216218815,0,1,8,9,7,0,0.9985772481783781
14,1,50,Z_only,2.4252354687543893,1.587894012142018,0.877101376023399,0.122898623976601,6,44,0,0,0,0,
14,1,50,ZX_split,2.4252354687543893,1.587894012142018,0.8769415443886005,0.1230584556113995,2,23,12,13,0,0,
14,1,50,XYZ_split,2.4252354687543893,1.587894012142018,0.9476524558141115,0.052347544185888495,1,15,4,12,14,4,
14,1,50,RL_adaptive,2.4252354687543893,1.587894012142018,0.9869217177316503,0.013078282268349728,3,24,8,6,9,0,0.9869217177316503
14,1,100,Z_only,2.4252354687543893,1.587894012142018,0.877101376023399,0.122898623976601,11,89,0,0,0,0,
14,1,100,ZX_split,2.4252354687543893,1.587894012142018,0.8769892761416362,0.12301072385836376,2,48,24,26,0,0,
14,1,100,XYZ_split,2.4252354687543893,1.587894012142018,0.9943926712141594,0.005607328785840582,3,30,19,14,30,4,
14,1,100,RL_adaptive,2.4252354687543893,1.587894012142018,0.996244976964935,0.0037550230350650304,4,37,15,20,21,3,0.996244976964935
14,1,250,Z_only,2.4252354687543893,1.587894012142018,0.877101376023399,0.122898623976601,29,221,0,0,0,0,
14,1,250,ZX_split,2.4252354687543893,1.587894012142018,0.8771395693100409,0.12286043068995911,15,110,62,63,0,0,
14,1,250,XYZ_split,2.4252354687543893,1.587894012142018,0.9869859174373016,0.013014082562698426,16,67,34,49,72,12,
14,1,250,RL_adaptive,2.4252354687543893,1.587894012142018,0.9950068243613951,0.0049931756386049075,11,92,47,36,53,11,0.9950068243613951
14,1,500,Z_only,2.4252354687543893,1.587894012142018,0.877101376023399,0.122898623976601,55,445,0,0,0,0,
14,1,500,ZX_split,2.4252354687543893,1.587894012142018,0.8765110779557879,0.12348892204421213,29,221,118,132,0,0,
14,1,500,XYZ_split,2.4252354687543893,1.587894012142018,0.9993614897903333,0.000638510209666654,19,147,83,83,135,33,
14,1,500,RL_adaptive,2.4252354687543893,1.587894012142018,0.9999959462124266,4.053787573399248e-06,32,190,68,69,114,27,0.9999959462124266
14,2,10,Z_only,2.4252354687543893,1.587894012142018,0.877101376023399,0.122898623976601,0,10,0,0,0,0,
14,2,10,ZX_split,2.4252354687543893,1.587894012142018,0.7626817713789757,0.23731822862102425,0,5,5,0,0,0,
14,2,10,XYZ_split,2.4252354687543893,1.587894012142018,0.8570830220667073,0.14291697793329272,0,3,3,0,3,1,
14,2,10,RL_adaptive,2.4252354687543893,1.587894012142018,0.3617655238369259,0.638234476163074,1,0,0,1,6,2,0.3617655238369259
14,2,25,Z_only,2.4252354687543893,1.587894012142018,0.877101376023399,0.122898623976601,4,21,0,0,0,0,
14,2,25,ZX_split,2.4252354687543893,1.587894012142018,0.8749890319649632,0.12501096803503675,1,11,7,6,0,0,
14,2,25,XYZ_split,2.4252354687543893,1.587894012142018,0.9992058231481206,0.0007941768518794357,0,8,4,4,8,1,
14,2,25,RL_adaptive,2.4252354687543893,1.587894012142018,0.9865747993310143,0.01342520066898567,0,1,11,7,5,1,0.9865747993310143
14,2,50,Z_only,2.4252354687543893,1.587894012142018,0.877101376023399,0.122898623976601,4,46,0,0,0,0,
14,2,50,ZX_split,2.4252354687543893,1.587894012142018,0.8762851315691936,0.12371486843080637,3,22,13,12,0,0,
14,2,50,XYZ_split,2.4252354687543893,1.587894012142018,0.965285024158595,0.03471497584140504,3,13,8,8,11,7,
14,2,50,RL_adaptive,2.4252354687543893,1.587894012142018,0.9945580353720631,0.0054419646279368905,4,22,8,7,8,1,0.9945580353720631
14,2,100,Z_only,2.4252354687543893,1.587894012142018,0.877101376023399,0.122898623976601,10,90,0,0,0,0,
14,2,100,ZX_split,2.4252354687543893,1.587894012142018,0.877101376023399,0.122898623976601,5,45,25,25,0,0,
14,2,100,XYZ_split,2.4252354687543893,1.587894012142018,0.9967681559923698,0.0032318440076302135,5,28,15,18,26,8,
14,2,100,RL_adaptive,2.4252354687543893,1.587894012142018,0.9988197494125832,0.0011802505874167757,6,38,15,17,19,5,0.9988197494125832
14,2,250,Z_only,2.4252354687543893,1.587894012142018,0.877101376023399,0.122898623976601,38,212,0,0,0,0,
14,2,250,ZX_split,2.4252354687543893,1.587894012142018,0.875596170559884,0.12440382944011596,20,105,58,67,0,0,
14,2,250,XYZ_split,2.4252354687543893,1.587894012142018,0.9985157143531211,0.0014842856468788579,14,69,40,43,70,14,
14,2,250,RL_adaptive,2.4252354687543893,1.587894012142018,0.9989999849485961,0.001000015051403902,15,89,40,40,51,15,0.9989999849485961
14,2,500,Z_only,2.4252354687543893,1.587894012142018,0.877101376023399,0.122898623976601,65,435,0,0,0,0,
14,2,500,ZX_split,2.4252354687543893,1.587894012142018,0.8747632916613256,0.1252367083386744,33,217,134,116,0,0,
14,2,500,XYZ_split,2.4252354687543893,1.587894012142018,0.9978613032316647,0.0021386967683353353,25,141,75,91,135,33,
14,2,500,RL_adaptive,2.4252354687543893,1.587894012142018,0.9998402317754073,0.00015976822459273787,26,197,65,69,121,22,0.9998402317754073
14,3,10,Z_only,2.4252354687543893,1.587894012142018,0.877101376023399,0.122898623976601,2,8,0,0,0,0,
14,3,10,ZX_split,2.4252354687543893,1.587894012142018,0.6988303815111943,0.30116961848880575,1,4,0,5,0,0,
14,3,10,XYZ_split,2.4252354687543893,1.587894012142018,0.9089418206674338,0.09105817933256621,1,2,2,1,4,0,
14,3,10,RL_adaptive,2.4252354687543893,1.587894012142018,0.9040071685368033,0.0959928314631967,0,1,1,0,8,0,0.9040071685368033
14,3,25,Z_only,2.4252354687543893,1.587894012142018,0.877101376023399,0.122898623976601,2,23,0,0,0,0,
14,3,25,ZX_split,2.4252354687543893,1.587894012142018,0.8545193944754954,0.1454806055245046,2,10,8,5,0,0,
14,3,25,XYZ_split,2.4252354687543893,1.587894012142018,0.9888790806983984,0.01112091930160164,1,7,4,4,9,0,
14,3,25,RL_adaptive,2.4252354687543893,1.587894012142018,0.9383865485184351,0.06161345148156494,0,1,12,6,4,2,0.9383865485184351
14,3,50,Z_only,2.4252354687543893,1.587894012142018,0.877101376023399,0.122898623976601,7,43,0,0,0,0,
14,3,50,ZX_split,2.4252354687543893,1.587894012142018,0.8488220240137563,0.15117797598624372,2,23,8,17,0,0,
14,3,50,XYZ_split,2.4252354687543893,1.587894012142018,0.9594726946879018,0.04052730531209825,5,11,8,8,16,2,
14,3,50,RL_adaptive,2.4252354687543893,1.587894012142018,0.9985851522682329,0.0014148477317671437,4,22,7,8,7,2,0.9985851522682329
14,3,100,Z_only,2.4252354687543893,1.587894012142018,0.877101376023399,0.122898623976601,12,88,0,0,0,0,
14,3,100,ZX_split,2.4252354687543893,1.587894012142018,0.8494257417708969,0.1505742582291031,7,43,32,18,0,0,
14,3,100,XYZ_split,2.4252354687543893,1.587894012142018,0.9534210706012948,0.04657892939870523,1,32,9,24,26,8,
14,3,100,RL_adaptive,2.4252354687543893,1.587894012142018,0.9844926891467949,0.015507310853205114,8,36,19,13,21,3,0.9844926891467949
14,3,250,Z_only,2.4252354687543893,1.587894012142018,0.877101376023399,0.122898623976601,28,222,0,0,0,0,
14,3,250,ZX_split,2.4252354687543893,1.587894012142018,0.8695630929161102,0.13043690708388977,12,113,72,53,0,0,
14,3,250,XYZ_split,2.4252354687543893,1.587894012142018,0.998571291095819,0.0014287089041810086,15,68,41,42,62,22,
14,3,250,RL_adaptive,2.4252354687543893,1.587894012142018,0.9938661416481421,0.006133858351857868,17,90,39,45,53,6,0.9938661416481421
14,3,500,Z_only,2.4252354687543893,1.587894012142018,0.877101376023399,0.122898623976601,65,435,0,0,0,0,
14,3,500,ZX_split,2.4252354687543893,1.587894012142018,0.876728570471961,0.12327142952803904,28,222,119,131,0,0,
14,3,500,XYZ_split,2.4252354687543893,1.587894012142018,0.9993331293015444,0.0006668706984556128,23,143,85,81,141,27,
14,3,500,RL_adaptive,2.4252354687543893,1.587894012142018,0.9995995108454472,0.00040048915455281886,33,188,69,69,117,24,0.9995995108454472
14,4,10,Z_only,2.4252354687543893,1.587894012142018,0.877101376023399,0.122898623976601,1,9,0,0,0,0,
14,4,10,ZX_split,2.4252354687543893,1.587894012142018,0.7706201089828714,0.22937989101712863,2,3,2,3,0,0,
14,4,10,XYZ_split,2.4252354687543893,1.587894012142018,0.9089418206674338,0.09105817933256621,1,2,2,1,4,0,
14,4,10,RL_adaptive,2.4252354687543893,1.587894012142018,0.47504963213085877,0.5249503678691412,1,0,0,1,8,0,0.47504963213085877
14,4,25,Z_only,2.4252354687543893,1.587894012142018,0.877101376023399,0.122898623976601,3,22,0,0,0,0,
14,4,25,ZX_split,2.4252354687543893,1.587894012142018,0.8749890319649632,0.12501096803503675,1,11,7,6,0,0,
14,4,25,XYZ_split,2.4252354687543893,1.587894012142018,0.9622878096454754,0.037712190354524555,0,8,6,2,8,1,
14,4,25,RL_adaptive,2.4252354687543893,1.587894012142018,0.9973639409688162,0.0026360590311838017,0,1,8,9,6,1,0.9973639409688162
14,4,50,Z_only,2.4252354687543893,1.587894012142018,0.877101376023399,0.122898623976601,6,44,0,0,0,0,
14,4,50,ZX_split,2.4252354687543893,1.587894012142018,0.8741051500136827,0.12589484998631728,2,23,11,14,0,0,
14,4,50,XYZ_split,2.4252354687543893,1.587894012142018,0.9877442124373192,0.012255787562680753,1,15,6,10,15,3,
14,4,50,RL_adaptive,2.4252354687543893,1.587894012142018,0.999680075984086,0.0003199240159139638,5,21,8,8,6,2,0.999680075984086
14,4,100,Z_only,2.4252354687543893,1.587894012142018,0.877101376023399,0.122898623976601,13,87,0,0,0,0,
14,4,100,ZX_split,2.4252354687543893,1.587894012142018,0.8763505688517064,0.12364943114829363,5,45,26,24,0,0,
14,4,100,XYZ_split,2.4252354687543893,1.587894012142018,0.9749296204727962,0.025070379527203812,2,31,22,11,28,6,
14,4,100,RL_adaptive,2.4252354687543893,1.587894012142018,0.8798585162468455,0.12014148375315448,4,43,21,7,15,10,0.8798585162468455
14,4,250,Z_only,2.4252354687543893,1.587894012142018,0.877101376023399,0.122898623976601,29,221,0,0,0,0,
14,4,250,ZX_split,2.4252354687543893,1.587894012142018,0.8767476279591381,0.12325237204086192,14,111,64,61,0,0,
14,4,250,XYZ_split,2.4252354687543893,1.587894012142018,0.9931234160002208,0.0068765839997791955,10,73,36,47,78,6,
14,4,250,RL_adaptive,2.4252354687543893,1.587894012142018,0.9898953870770147,0.010104612922985257,20,82,49,36,51,12,0.9898953870770147
14,4,500,Z_only,2.4252354687543893,1.587894012142018,0.877101376023399,0.122898623976601,57,443,0,0,0,0,
14,4,500,ZX_split,2.4252354687543893,1.587894012142018,0.8764403947550834,0.1235596052449166,33,217,118,132,0,0,
14,4,500,XYZ_split,2.4252354687543893,1.587894012142018,0.9993992356243753,0.0006007643756247294,20,146,80,86,135,33,
14,4,500,RL_adaptive,2.4252354687543893,1.587894012142018,0.9999861355076333,1.3864492366733039e-05,26,197,67,68,119,23,0.9999861355076333
15,0,10,Z_only,0.41240945185065253,0.3133199602963708,0.9580788658054363,0.04192113419456367,9,1,0,0,0,0,
15,0,10,ZX_split,0.41240945185065253,0.3133199602963708,0.9948612763342142,0.005138723665785827,4,1,3,2,0,0,
15,0,10,XYZ_split,0.41240945185065253,0.3133199602963708,0.9206383102796992,0.07936168972030078,3,0,2,1,1,3,
15,0,10,RL_adaptive,0.41240945185065253,0.3133199602963708,0.9530772789610724,0.046922721038927584,1,0,1,0,6,2,0.9530772789610724
15,0,25,Z_only,0.41240945185065253,0.3133199602963708,0.9580788658054363,0.04192113419456367,24,1,0,0,0,0,
15,0,25,ZX_split,0.41240945185065253,0.3133199602963708,0.9923454294250283,0.007654570574971653,11,1,8,5,0,0,
15,0,25,XYZ_split,0.41240945185065253,0.3133199602963708,0.9864454043111548,0.013554595688845206,8,0,6,2,4,5,
15,0,25,RL_adaptive,0.41240945185065253,0.3133199602963708,0.9796940783423345,0.020305921657665538,1,0,11,6,5,2,0.9796940783423345
15,0,50,Z_only,0.41240945185065253,0.3133199602963708,0.9580788658054363,0.04192113419456367,45,5,0,0,0,0,
15,0,50,ZX_split,0.41240945185065253,0.3133199602963708,0.995578237287665,0.0044217627123349645,25,0,17,8,0,0,
15,0,50,XYZ_split,0.41240945185065253,0.3133199602963708,0.9707587365765696,0.029241263423430364,16,0,12,4,14,4,
15,0,50,RL_adaptive,0.41240945185065253,0.3133199602963708,0.9033456067283819,0.09665439327161807,25,0,14,6,1,4,0.9033456067283819
15,0,100,Z_only,0.41240945185065253,0.3133199602963708,0.9580788658054363,0.04192113419456367,95,5,0,0,0,0,
15,0,100,ZX_split,0.41240945185065253,0.3133199602963708,0.99610840626723,0.003891593732770038,48,2,35,15,0,0,
15,0,100,XYZ_split,0.41240945185065253,0.3133199602963708,0.9801414180477578,0.019858581952242216,33,0,21,12,24,10,
15,0,100,RL_adaptive,0.41240945185065253,0.3133199602963708,0.9081897002704226,0.09181029972957744,77,2,8,5,2,6,0.9081897002704226
15,0,250,Z_only,0.41240945185065253,0.3133199602963708,0.9580788658054363,0.04192113419456367,242,8,0,0,0,0,
15,0,250,ZX_split,0.41240945185065253,0.3133199602963708,0.9913462199604074,0.008653780039592607,122,3,78,47,0,0,
15,0,250,XYZ_split,0.41240945185065253,0.3133199602963708,0.9997017409676333,0.0002982590323666878,82,1,58,25,46,38,
15,0,250,RL_adaptive,0.41240945185065253,0.3133199602963708,0.9859455209168032,0.014054479083196791,91,3,64,38,25,29,0.9859455209168032
15,0,500,Z_only,0.41240945185065253,0.3133199602963708,0.9580788658054363,0.04192113419456367,479,21,0,0,0,0,
15,0,500,ZX_split,0.41240945185065253,0.3133199602963708,0.9961113816358039,0.0038886183641960725,243,7,172,78,0,0,
15,0,500,XYZ_split,0.41240945185065253,0.3133199602963708,0.9968559275947451,0.0031440724052549385,159,7,117,49,104,64,
15,0,500,RL_adaptive,0.41240945185065253,0.3133199602963708,0.9991161946312437,0.0008838053687563185,174,8,147,64,57,50,0.9991161946312437
15,1,10,Z_only,0.41240945185065253,0.3133199602963708,0.9580788658054363,0.04192113419456367,10,0,0,0,0,0,
15,1,10,ZX_split,0.41240945185065253,0.3133199602963708,0.911793318659004,0.08820668134099596,5,0,2,3,0,0,
15,1,10,XYZ_split,0.41240945185065253,0.3133199602963708,0.9948612763342142,0.005138723665785827,3,0,2,1,2,2,
15,1,10,RL_adaptive,0.41240945185065253,0.3133199602963708,0.6754593163539192,0.3245406836460808,1,0,0,1,3,5,0.6754593163539192
15,1,25,Z_only,0.41240945185065253,0.3133199602963708,0.9580788658054363,0.04192113419456367,23,2,0,0,0,0,
15,1,25,ZX_split,0.41240945185065253,0.3133199602963708,0.9959860341397843,0.00401396586021574,12,0,9,4,0,0,
15,1,25,XYZ_split,0.41240945185065253,0.3133199602963708,0.984434985199916,0.015565014800083987,8,0,7,1,5,4,
15,1,25,RL_adaptive,0.41240945185065253,0.3133199602963708,0.9840234316578921,0.015976568342107922,1,0,12,5,5,2,0.9840234316578921
15,1,50,Z_only,0.41240945185065253,0.3133199602963708,0.9580788658054363,0.04192113419456367,50,0,0,0,0,0,
15,1,50,ZX_split,0.41240945185065253,0.3133199602963708,0.9816980354326054,0.018301964567394635,24,1,21,4,0,0,
15,1,50,XYZ_split,0.41240945185065253,0.3133199602963708,0.9906417173187224,0.009358282681277585,16,0,10,6,9,9,
15,1,50,RL_adaptive,0.41240945185065253,0.3133199602963708,0.9433032456939836,0.056696754306016395,24,0,12,8,2,4,0.9433032456939836
15,1,100,Z_only,0.41240945185065253,0.3133199602963708,0.9580788658054363,0.04192113419456367,94,6,0,0,0,0,
15,1,100,ZX_split,0.41240945185065253,0.3133199602963708,0.9906417173187224,0.009358282681277585,49,1,31,19,0,0,
15,1,100,XYZ_split,0.41240945185065253,0.3133199602963708,0.9861241579390688,0.013875842060931176,32,1,27,6,22,12,
15,1,100,RL_adaptive,0.41240945185065253,0.3133199602963708,0.9785971907974705,0.02140280920252946,77,1,12,3,3,4,0.9785971907974705
15,1,250,Z_only,0.41240945185065253,0.3133199602963708,0.9580788658054363,0.04192113419456367,243,7,0,0,0,0,
15,1,250,ZX_split,0.41240945185065253,0.3133199602963708,0.9935033349205702,0.006496665079429809,121,4,80,45,0,0,
15,1,250,XYZ_split,0.41240945185065253,0.3133199602963708,0.9885760297793924,0.011423970220607593,79,4,66,17,53,31,
15,1,250,RL_adaptive,0.41240945185065253,0.3133199602963708,0.9987859901231827,0.0012140098768173013,92,1,73,36,28,20,0.9987859901231827
15,1,500,Z_only,0.41240945185065253,0.3133199602963708,0.9580788658054363,0.04192113419456367,476,24,0,0,0,0,
15,1,500,ZX_split,0.41240945185065253,0.3133199602963708,0.995821348670035,0.0041786513299649775,243,7,169,81,0,0,
15,1,500,XYZ_split,0.41240945185065253,0.3133199602963708,0.999740451592581,0.0002595484074190413,160,6,118,48,95,73,
15,1,500,RL_adaptive,0.41240945185065253,0.3133199602963708,0.9997692060086946,0.00023079399130543354,176,4,144,67,61,48,0.9997692060086946
15,2,10,Z_only,0.41240945185065253,0.3133199602963708,0.9580788658054363,0.04192113419456367,8,2,0,0,0,0,
15,2,10,ZX_split,0.41240945185065253,0.3133199602963708,0.911793318659004,0.08820668134099596,5,0,2,3,0,0,
15,2,10,XYZ_split,0.41240945185065253,0.3133199602963708,0.8207685782039865,0.17923142179601348,2,1,3,0,3,1,
15,2,10,RL_adaptive,0.41240945185065253,0.3133199602963708,0.3011256031959789,0.6988743968040211,0,1,1,0,2,6,0.3011256031959789
15,2,25,Z_only,0.41240945185065253,0.3133199602963708,0.9580788658054363,0.04192113419456367,22,3,0,0,0,0,
15,2,25,ZX_split,0.41240945185065253,0.3133199602963708,0.9952424848157851,0.0047575151842148555,10,2,8,5,0,0,
15,2,25,XYZ_split,0.41240945185065253,0.3133199602963708,0.9484558026261318,0.05154419737386817,8,0,4,4,4,5,
15,2,25,RL_adaptive,0.41240945185065253,0.3133199602963708,0.9329038885203544,0.06709611147964556,1,0,8,9,3,4,0.9329038885203544
15,2,50,Z_only,0.41240945185065253,0.3133199602963708,0.9580788658054363,0.04192113419456367,48,2,0,0,0,0,
15,2,50,ZX_split,0.41240945185065253,0.3133199602963708,0.9960694592836553,0.003930540716344688,25,0,18,7,0,0,
15,2,50,XYZ_split,0.41240945185065253,0.3133199602963708,0.9802720865934363,0.019727913406563657,16,0,9,7,11,7,
15,2,50,RL_adaptive,0.41240945185065253,0.3133199602963708,0.9150384489987062,0.08496155100129377,24,0,10,10,2,4,0.9150384489987062
15,2,100,Z_only,0.41240945185065253,0.3133199602963708,0.9580788658054363,0.04192113419456367,93,7,0,0,0,0,
15,2,100,ZX_split,0.41240945185065253,0.3133199602963708,0.993589478554418,0.006410521445581963,49,1,38,12,0,0,
15,2,100,XYZ_split,0.41240945185065253,0.3133199602963708,0.9992870945500336,0.0007129054499663834,32,1,22,11,19,15,
15,2,100,RL_adaptive,0.41240945185065253,0.3133199602963708,0.964073917521442,0.035926082478558,64,6,15,7,6,2,0.964073917521442
15,2,250,Z_only,0.41240945185065253,0.3133199602963708,0.9580788658054363,0.04192113419456367,241,9,0,0,0,0,
15,2,250,ZX_split,0.41240945185065253,0.3133199602963708,0.9960195681997502,0.003980431800249762,122,3,89,36,0,0,
15,2,250,XYZ_split,0.41240945185065253,0.3133199602963708,0.9974657945483566,0.002534205451643401,80,3,57,26,43,41,
15,2,250,RL_adaptive,0.41240945185065253,0.3133199602963708,0.999700152765849,0.0002998472341509961,91,0,80,31,28,20,0.999700152765849
15,2,500,Z_only,0.41240945185065253,0.3133199602963708,0.9580788658054363,0.04192113419456367,484,16,0,0,0,0,
15,2,500,ZX_split,0.41240945185065253,0.3133199602963708,0.996146869113066,0.003853130886933953,246,4,174,76,0,0,
15,2,500,XYZ_split,0.41240945185065253,0.3133199602963708,0.9985559821889923,0.0014440178110076696,159,7,108,58,94,74,
15,2,500,RL_adaptive,0.41240945185065253,0.3133199602963708,0.9934467829735938,0.006553217026406211,174,8,146,66,51,55,0.9934467829735938
15,3,10,Z_only,0.41240945185065253,0.3133199602963708,0.9580788658054363,0.04192113419456367,10,0,0,0,0,0,
15,3,10,ZX_split,0.41240945185065253,0.3133199602963708,0.9587221086570783,0.0412778913429217,5,0,5,0,0,0,
15,3,10,XYZ_split,0.41240945185065253,0.3133199602963708,0.9118974242698938,0.08810257573010616,3,0,3,0,1,3,
15,3,10,RL_adaptive,0.41240945185065253,0.3133199602963708,0.6988743968040211,0.3011256031959789,1,0,0,1,6,2,0.6988743968040211
15,3,25,Z_only,0.41240945185065253,0.3133199602963708,0.9580788658054363,0.04192113419456367,24,1,0,0,0,0,
15,3,25,ZX_split,0.41240945185065253,0.3133199602963708,0.9937133589110521,0.006286641088947942,12,0,10,3,0,0,
15,3,25,XYZ_split,0.41240945185065253,0.3133199602963708,0.8978514640737647,0.1021485359262353,8,0,3,5,6,3,
15,3,25,RL_adaptive,0.41240945185065253,0.3133199602963708,0.9550705732473554,0.04492942675264455,1,0,9,8,3,4,0.9550705732473554
15,3,50,Z_only,0.41240945185065253,0.3133199602963708,0.9580788658054363,0.04192113419456367,49,1,0,0,0,0,
15,3,50,ZX_split,0.41240945185065253,0.3133199602963708,0.9878388453698694,0.012161154630130566,24,1,20,5,0,0,
15,3,50,XYZ_split,0.41240945185065253,0.3133199602963708,0.9750021690588969,0.024997830941103083,16,0,10,6,13,5,
15,3,50,RL_adaptive,0.41240945185065253,0.3133199602963708,0.9150266442091126,0.08497335579088738,24,2,10,7,6,1,0.9150266442091126
15,3,100,Z_only,0.41240945185065253,0.3133199602963708,0.9580788658054363,0.04192113419456367,97,3,0,0,0,0,
15,3,100,ZX_split,0.41240945185065253,0.3133199602963708,0.9943731625421486,0.005626837457851419,50,0,38,12,0,0,
15,3,100,XYZ_split,0.41240945185065253,0.3133199602963708,0.9981228745649943,0.0018771254350057331,30,3,23,10,20,14,
15,3,100,RL_adaptive,0.41240945185065253,0.3133199602963708,0.9819222486084093,0.018077751391590735,70,2,15,6,5,2,0.9819222486084093
15,3,250,Z_only,0.41240945185065253,0.3133199602963708,0.9580788658054363,0.04192113419456367,240,10,0,0,0,0,
15,3,250,ZX_split,0.41240945185065253,0.3133199602963708,0.9950421206135082,0.004957879386491837,120,5,82,43,0,0,
15,3,250,XYZ_split,0.41240945185065253,0.3133199602963708,0.9852193426020959,0.014780657397904129,78,5,50,33,54,30,
15,3,250,RL_adaptive,0.41240945185065253,0.3133199602963708,0.9710098400493758,0.02899015995062415,84,4,79,25,23,35,0.9710098400493758
15,3,500,Z_only,0.41240945185065253,0.3133199602963708,0.9580788658054363,0.04192113419456367,474,26,0,0,0,0,
15,3,500,ZX_split,0.41240945185065253,0.3133199602963708,0.9961008719739883,0.0038991280260116667,242,8,176,74,0,0,
15,3,500,XYZ_split,0.41240945185065253,0.3133199602963708,0.9970706643665859,0.002929335633414132,159,7,109,57,87,81,
15,3,500,RL_adaptive,0.41240945185065253,0.3133199602963708,0.9979419301633563,0.0020580698366436945,173,10,151,61,55,50,0.9979419301633563
15,4,10,Z_only,0.41240945185065253,0.3133199602963708,0.9580788658054363,0.04192113419456367,10,0,0,0,0,0,
15,4,10,ZX_split,0.41240945185065253,0.3133199602963708,0.911793318659004,0.08820668134099596,5,0,2,3,0,0,
15,4,10,XYZ_split,0.41240945185065253,0.3133199602963708,0.9118974242698938,0.08810257573010616,3,0,3,0,1,3,
15,4,10,RL_adaptive,0.41240945185065253,0.3133199602963708,0.9530772789610724,0.046922721038927584,1,0,1,0,6,2,0.9530772789610724
15,4,25,Z_only,0.41240945185065253,0.3133199602963708,0.9580788658054363,0.04192113419456367,25,0,0,0,0,0,
15,4,25,ZX_split,0.41240945185065253,0.3133199602963708,0.9713519411656785,0.028648058834321533,12,0,7,6,0,0,
15,4,25,XYZ_split,0.41240945185065253,0.3133199602963708,0.9858447694358208,0.014155230564179222,8,0,5,3,6,3,
15,4,25,RL_adaptive,0.41240945185065253,0.3133199602963708,0.9316073444520997,0.0683926555479003,1,0,10,7,6,1,0.9316073444520997
15,4,50,Z_only,0.41240945185065253,0.3133199602963708,0.9580788658054363,0.04192113419456367,49,1,0,0,0,0,
15,4,50,ZX_split,0.41240945185065253,0.3133199602963708,0.992518994099342,0.007481005900658033,25,0,16,9,0,0,
15,4,50,XYZ_split,0.41240945185065253,0.3133199602963708,0.9605704084396027,0.03942959156039727,16,0,8,8,11,7,
15,4,50,RL_adaptive,0.41240945185065253,0.3133199602963708,0.9453732220746867,0.05462677792531334,25,0,9,9,5,2,0.9453732220746867
15,4,100,Z_only,0.41240945185065253,0.3133199602963708,0.9580788658054363,0.04192113419456367,98,2,0,0,0,0,
15,4,100,ZX_split,0.41240945185065253,0.3133199602963708,0.9958550508148692,0.004144949185130753,49,1,34,16,0,0,
15,4,100,XYZ_split,0.41240945185065253,0.3133199602963708,0.9988081647359814,0.0011918352640185592,31,2,22,11,18,16,
15,4,100,RL_adaptive,0.41240945185065253,0.3133199602963708,0.9775081520181055,0.02249184798189452,75,2,10,6,3,4,0.9775081520181055
15,4,250,Z_only,0.41240945185065253,0.3133199602963708,0.9580788658054363,0.04192113419456367,242,8,0,0,0,0,
15,4,250,ZX_split,0.41240945185065253,0.3133199602963708,0.9960853685473984,0.003914631452601625,123,2,89,36,0,0,
15,4,250,XYZ_split,0.41240945185065253,0.3133199602963708,0.9726156906846601,0.02738430931533986,81,2,46,37,55,29,
15,4,250,RL_adaptive,0.41240945185065253,0.3133199602963708,0.9972108579459648,0.002789142054035243,90,2,74,33,26,25,0.9972108579459648
15,4,500,Z_only,0.41240945185065253,0.3133199602963708,0.9580788658054363,0.04192113419456367,477,23,0,0,0,0,
15,4,500,ZX_split,0.41240945185065253,0.3133199602963708,0.9947655657023107,0.005234434297689328,240,10,163,87,0,0,
15,4,500,XYZ_split,0.41240945185065253,0.3133199602963708,0.9985272907344332,0.0014727092655667517,157,9,117,49,100,68,
15,4,500,RL_adaptive,0.41240945185065253,0.3133199602963708,0.9966600703836175,0.00333992961638252,173,10,155,58,54,50,0.9966600703836175
16,0,10,Z_only,2.2944347798843525,2.0657927697353413,0.8310578556196219,0.16894214438037813,2,8,0,0,0,0,
16,0,10,ZX_split,2.2944347798843525,2.0657927697353413,0.8599537158475322,0.14004628415246778,2,3,2,3,0,0,
16,0,10,XYZ_split,2.2944347798843525,2.0657927697353413,0.8884648571276684,0.11153514287233157,1,2,0,3,3,1,
16,0,10,RL_adaptive,2.2944347798843525,2.0657927697353413,0.7119513964966196,0.28804860350338035,0,1,1,0,6,2,0.7119513964966196
16,0,25,Z_only,2.2944347798843525,2.0657927697353413,0.8310578556196219,0.16894214438037813,4,21,0,0,0,0,
16,0,25,ZX_split,2.2944347798843525,2.0657927697353413,0.8746608608124858,0.12533913918751416,1,11,3,10,0,0,
16,0,25,XYZ_split,2.2944347798843525,2.0657927697353413,0.9622856948055049,0.037714305194495146,1,7,4,4,7,2,
16,0,25,RL_adaptive,2.2944347798843525,2.0657927697353413,0.3860344722898657,0.6139655277101344,1,0,3,13,5,3,0.3860344722898657
16,0,50,Z_only,2.2944347798843525,2.0657927697353413,0.8310578556196219,0.16894214438037813,10,40,0,0,0,0,
16,0,50,ZX_split,2.2944347798843525,2.0657927697353413,0.8667502326573394,0.13324976734266059,5,20,6,19,0,0,
16,0,50,XYZ_split,2.2944347798843525,2.0657927697353413,0.9894391774888275,0.010560822511172518,0,16,6,10,16,2,
16,0,50,RL_adaptive,2.2944347798843525,2.0657927697353413,0.9949720956992242,0.005027904300775821,5,20,5,10,9,1,0.9949720956992242
16,0,100,Z_only,2.2944347798843525,2.0657927697353413,0.8310578556196219,0.16894214438037813,21,79,0,0,0,0,
16,0,100,ZX_split,2.2944347798843525,2.0657927697353413,0.8702851274520113,0.12971487254798875,11,39,14,36,0,0,
16,0,100,XYZ_split,2.2944347798843525,2.0657927697353413,0.9898758932221731,0.010124106777826936,6,27,7,26,28,6,
16,0,100,RL_adaptive,2.2944347798843525,2.0657927697353413,0.999490876351498,0.0005091236485019746,4,36,11,24,22,3,0.999490876351498
16,0,250,Z_only,2.2944347798843525,2.0657927697353413,0.8310578556196219,0.16894214438037813,47,203,0,0,0,0,
16,0,250,ZX_split,2.2944347798843525,2.0657927697353413,0.8712766803483892,0.12872331965161077,25,100,34,91,0,0,
16,0,250,XYZ_split,2.2944347798843525,2.0657927697353413,0.9986821135695556,0.0013178864304443927,16,67,27,56,72,12,
16,0,250,RL_adaptive,2.2944347798843525,2.0657927697353413,0.9989287958616079,0.0010712041383921234,18,95,22,54,50,11,0.9989287958616079
16,0,500,Z_only,2.2944347798843525,2.0657927697353413,0.8310578556196219,0.16894214438037813,72,428,0,0,0,0,
16,0,500,ZX_split,2.2944347798843525,2.0657927697353413,0.8729886243153114,0.12701137568468857,32,218,89,161,0,0,
16,0,500,XYZ_split,2.2944347798843525,2.0657927697353413,0.9974326340239287,0.002567365976071323,23,143,51,115,133,35,
16,0,500,RL_adaptive,2.2944347798843525,2.0657927697353413,0.9992676254073493,0.0007323745926507419,40,176,40,88,124,32,0.9992676254073493
16,1,10,Z_only,2.2944347798843525,2.0657927697353413,0.8310578556196219,0.16894214438037813,4,6,0,0,0,0,
16,1,10,ZX_split,2.2944347798843525,2.0657927697353413,0.8754567060498516,0.1245432939501484,0,5,1,4,0,0,
16,1,10,XYZ_split,2.2944347798843525,2.0657927697353413,0.9492761580413521,0.050723841958647875,0,3,0,3,3,1,
16,1,10,RL_adaptive,2.2944347798843525,2.0657927697353413,0.5588649712050516,0.44113502879494837,1,0,0,1,7,1,0.5588649712050516
16,1,25,Z_only,2.2944347798843525,2.0657927697353413,0.8310578556196219,0.16894214438037813,2,23,0,0,0,0,
16,1,25,ZX_split,2.2944347798843525,2.0657927697353413,0.8557012123068526,0.1442987876931474,3,9,3,10,0,0,
16,1,25,XYZ_split,2.2944347798843525,2.0657927697353413,0.9915484087650809,0.00845159123491912,1,7,2,6,7,2,
16,1,25,RL_adaptive,2.2944347798843525,2.0657927697353413,0.9138535187945498,0.08614648120545021,0,1,5,12,4,3,0.9138535187945498
16,1,50,Z_only,2.2944347798843525,2.0657927697353413,0.8310578556196219,0.16894214438037813,8,42,0,0,0,0,
16,1,50,ZX_split,2.2944347798843525,2.0657927697353413,0.8689368994958443,0.1310631005041557,7,18,8,17,0,0,
16,1,50,XYZ_split,2.2944347798843525,2.0657927697353413,0.9910910730043838,0.008908926995616184,1,15,6,10,15,3,
16,1,50,RL_adaptive,2.2944347798843525,2.0657927697353413,0.9643650037460517,0.03563499625394828,7,19,7,8,8,1,0.9643650037460517
16,1,100,Z_only,2.2944347798843525,2.0657927697353413,0.8310578556196219,0.16894214438037813,10,90,0,0,0,0,
16,1,100,ZX_split,2.2944347798843525,2.0657927697353413,0.865455793705215,0.13454420629478503,6,44,20,30,0,0,
16,1,100,XYZ_split,2.2944347798843525,2.0657927697353413,0.9999406552823951,5.934471760493665e-05,6,27,11,22,28,6,
16,1,100,RL_adaptive,2.2944347798843525,2.0657927697353413,0.9784782569795989,0.021521743020401107,8,35,15,20,21,1,0.9784782569795989
16,1,250,Z_only,2.2944347798843525,2.0657927697353413,0.8310578556196219,0.16894214438037813,41,209,0,0,0,0,
16,1,250,ZX_split,2.2944347798843525,2.0657927697353413,0.8738743287709995,0.12612567122900054,22,103,35,90,0,0,
16,1,250,XYZ_split,2.2944347798843525,2.0657927697353413,0.9872004260180558,0.012799573981944201,9,74,31,52,63,21,
16,1,250,RL_adaptive,2.2944347798843525,2.0657927697353413,0.9981767984928221,0.0018232015071778518,17,95,23,52,50,13,0.9981767984928221
16,1,500,Z_only,2.2944347798843525,2.0657927697353413,0.8310578556196219,0.16894214438037813,78,422,0,0,0,0,
16,1,500,ZX_split,2.2944347798843525,2.0657927697353413,0.8755692896256524,0.12443071037434761,49,201,88,162,0,0,
16,1,500,XYZ_split,2.2944347798843525,2.0657927697353413,0.9987333855689622,0.0012666144310378158,31,135,61,105,133,35,
16,1,500,RL_adaptive,2.2944347798843525,2.0657927697353413,0.9997181114274303,0.0002818885725697218,46,169,44,87,124,30,0.9997181114274303
16,2,10,Z_only,2.2944347798843525,2.0657927697353413,0.8310578556196219,0.16894214438037813,0,10,0,0,0,0,
16,2,10,ZX_split,2.2944347798843525,2.0657927697353413,0.6082327934998908,0.3917672065001092,2,3,3,2,0,0,
16,2,10,XYZ_split,2.2944347798843525,2.0657927697353413,0.9868368403632112,0.013163159636788824,1,2,1,2,3,1,
16,2,10,RL_adaptive,2.2944347798843525,2.0657927697353413,0.6019954699565685,0.3980045300434315,1,0,0,1,8,0,0.6019954699565685
16,2,25,Z_only,2.2944347798843525,2.0657927697353413,0.8310578556196219,0.16894214438037813,7,18,0,0,0,0,
16,2,25,ZX_split,2.2944347798843525,2.0657927697353413,0.8709289938430724,0.12907100615692757,3,9,4,9,0,0,
16,2,25,XYZ_split,2.2944347798843525,2.0657927697353413,0.9563801433920163,0.04361985660798373,2,6,4,4,8,1,
16,2,25,RL_adaptive,2.2944347798843525,2.0657927697353413,0.9742379702753212,0.02576202972467878,0,1,8,9,7,0,0.9742379702753212
16,2,50,Z_only,2.2944347798843525,2.0657927697353413,0.8310578556196219,0.16894214438037813,9,41,0,0,0,0,
16,2,50,ZX_split,2.2944347798843525,2.0657927697353413,0.8752699412908199,0.12473005870918008,5,20,9,16,0,0,
16,2,50,XYZ_split,2.2944347798843525,2.0657927697353413,0.9950960246912137,0.004903975308786279,3,13,4,12,15,3,
16,2,50,RL_adaptive,2.2944347798843525,2.0657927697353413,0.9768218227623443,0.023178177237655695,4,22,7,8,8,1,0.9768218227623443
16,2,100,Z_only,2.2944347798843525,2.0657927697353413,0.8310578556196219,0.16894214438037813,15,85,0,0,0,0,
16,2,100,ZX_split,2.2944347798843525,2.0657927697353413,0.8741898550596384,0.12581014494036158,7,43,13,37,0,0,
16,2,100,XYZ_split,2.2944347798843525,2.0657927697353413,0.9986896213530312,0.0013103786469688128,4,29,10,23,28,6,
16,2,100,RL_adaptive,2.2944347798843525,2.0657927697353413,0.9993325371734939,0.0006674628265060933,7,36,10,24,20,3,0.9993325371734939
16,2,250,Z_only,2.2944347798843525,2.0657927697353413,0.8310578556196219,0.16894214438037813,39,211,0,0,0,0,
16,2,250,ZX_split,2.2944347798843525,2.0657927697353413,0.8757611500948025,0.12423884990519751,23,102,40,85,0,0,
16,2,250,XYZ_split,2.2944347798843525,2.0657927697353413,0.9992690772358978,0.0007309227641022487,14,69,29,54,70,14,
16,2,250,RL_adaptive,2.2944347798843525,2.0657927697353413,0.9926361750464837,0.007363824953516285,20,89,32,50,52,7,0.9926361750464837
16,2,500,Z_only,2.2944347798843525,2.0657927697353413,0.8310578556196219,0.16894214438037813,84,416,0,0,0,0,
16,2,500,ZX_split,2.2944347798843525,2.0657927697353413,0.8758486042112679,0.12415139578873213,49,201,83,167,0,0,
16,2,500,XYZ_split,2.2944347798843525,2.0657927697353413,0.9993095524095416,0.0006904475904584428,29,137,56,110,143,25,
16,2,500,RL_adaptive,2.2944347798843525,2.0657927697353413,0.9983547523037883,0.0016452476962116602,40,175,36,90,131,28,0.9983547523037883
16,3,10,Z_only,2.2944347798843525,2.0657927697353413,0.8310578556196219,0.16894214438037813,1,9,0,0,0,0,
16,3,10,ZX_split,2.2944347798843525,2.0657927697353413,0.6082327934998908,0.3917672065001092,2,3,3,2,0,0,
16,3,10,XYZ_split,2.2944347798843525,2.0657927697353413,0.8703555676875809,0.12964443231241907,0,3,1,2,2,2,
16,3,10,RL_adaptive,2.2944347798843525,2.0657927697353413,0.7787388816304038,0.22126111836959617,0,1,1,0,8,0,0.7787388816304038
16,3,25,Z_only,2.2944347798843525,2.0657927697353413,0.8310578556196219,0.16894214438037813,8,17,0,0,0,0,
16,3,25,ZX_split,2.2944347798843525,2.0657927697353413,0.8728873632389746,0.12711263676102535,0,12,4,9,0,0,
16,3,25,XYZ_split,2.2944347798843525,2.0657927697353413,0.9004918971172922,0.09950810288270784,1,7,5,3,7,2,
16,3,25,RL_adaptive,2.2944347798843525,2.0657927697353413,0.9937047016493417,0.00629529835065834,0,1,5,12,6,1,0.9937047016493417
16,3,50,Z_only,2.2944347798843525,2.0657927697353413,0.8310578556196219,0.16894214438037813,10,40,0,0,0,0,
16,3,50,ZX_split,2.2944347798843525,2.0657927697353413,0.8752699412908199,0.12473005870918008,5,20,9,16,0,0,
16,3,50,XYZ_split,2.2944347798843525,2.0657927697353413,0.9987084711643804,0.0012915288356195598,2,14,4,12,16,2,
16,3,50,RL_adaptive,2.2944347798843525,2.0657927697353413,0.9290548435616877,0.07094515643831234,3,23,9,7,6,2,0.9290548435616877
16,3,100,Z_only,2.2944347798843525,2.0657927697353413,0.8310578556196219,0.16894214438037813,14,86,0,0,0,0,
16,3,100,ZX_split,2.2944347798843525,2.0657927697353413,0.8748145276843767,0.12518547231562327,7,43,17,33,0,0,
16,3,100,XYZ_split,2.2944347798843525,2.0657927697353413,0.9898814401175231,0.010118559882476896,8,25,9,24,30,4,
16,3,100,RL_adaptive,2.2944347798843525,2.0657927697353413,0.9902992110938525,0.00970078890614745,7,34,13,23,22,1,0.9902992110938525
16,3,250,Z_only,2.2944347798843525,2.0657927697353413,0.8310578556196219,0.16894214438037813,37,213,0,0,0,0,
16,3,250,ZX_split,2.2944347798843525,2.0657927697353413,0.875141118422106,0.12485888157789404,15,110,33,92,0,0,
16,3,250,XYZ_split,2.2944347798843525,2.0657927697353413,0.994309693214031,0.005690306785969046,18,65,29,54,74,10,
16,3,250,RL_adaptive,2.2944347798843525,2.0657927697353413,0.9991857130074534,0.0008142869925465979,17,94,27,51,51,10,0.9991857130074534
16,3,500,Z_only,2.2944347798843525,2.0657927697353413,0.8310578556196219,0.16894214438037813,83,417,0,0,0,0,
16,3,500,ZX_split,2.2944347798843525,2.0657927697353413,0.8748177496779109,0.12518225032208907,42,208,72,178,0,0,
16,3,500,XYZ_split,2.2944347798843525,2.0657927697353413,0.9949786273538643,0.005021372646135669,30,136,40,126,144,24,
16,3,500,RL_adaptive,2.2944347798843525,2.0657927697353413,0.9967300095101641,0.0032699904898358945,31,189,44,83,120,33,0.9967300095101641
16,4,10,Z_only,2.2944347798843525,2.0657927697353413,0.8310578556196219,0.16894214438037813,0,10,0,0,0,0,
16,4,10,ZX_split,2.2944347798843525,2.0657927697353413,0.8229560896080026,0.1770439103919974,1,4,0,5,0,0,
16,4,10,XYZ_split,2.2944347798843525,2.0657927697353413,0.9253861938107378,0.07461380618926217,1,2,0,3,4,0,
16,4,10,RL_adaptive,2.2944347798843525,2.0657927697353413,0.7119513964966196,0.28804860350338035,0,1,1,0,6,2,0.7119513964966196
16,4,25,Z_only,2.2944347798843525,2.0657927697353413,0.8310578556196219,0.16894214438037813,5,20,0,0,0,0,
16,4,25,ZX_split,2.2944347798843525,2.0657927697353413,0.7825563131750382,0.21744368682496185,4,8,7,6,0,0,
16,4,25,XYZ_split,2.2944347798843525,2.0657927697353413,0.9954468966134615,0.004553103386538471,1,7,2,6,9,0,
16,4,25,RL_adaptive,2.2944347798843525,2.0657927697353413,0.9883231844485694,0.01167681555143063,0,1,2,14,7,1,0.9883231844485694
16,4,50,Z_only,2.2944347798843525,2.0657927697353413,0.8310578556196219,0.16894214438037813,4,46,0,0,0,0,
16,4,50,ZX_split,2.2944347798843525,2.0657927697353413,0.8626034063875618,0.13739659361243817,6,19,11,14,0,0,
16,4,50,XYZ_split,2.2944347798843525,2.0657927697353413,0.9934952467803332,0.0065047532196668145,2,14,3,13,16,2,
16,4,50,RL_adaptive,2.2944347798843525,2.0657927697353413,0.9995091033574974,0.0004908966425025696,3,22,4,11,9,1,0.9995091033574974
16,4,100,Z_only,2.2944347798843525,2.0657927697353413,0.8310578556196219,0.16894214438037813,14,86,0,0,0,0,
16,4,100,ZX_split,2.2944347798843525,2.0657927697353413,0.8692904798423358,0.13070952015766424,6,44,19,31,0,0,
16,4,100,XYZ_split,2.2944347798843525,2.0657927697353413,0.9826118436233606,0.017388156376639374,3,30,14,19,27,7,
16,4,100,RL_adaptive,2.2944347798843525,2.0657927697353413,0.995399106144127,0.004600893855873034,4,36,7,28,22,3,0.995399106144127
16,4,250,Z_only,2.2944347798843525,2.0657927697353413,0.8310578556196219,0.16894214438037813,37,213,0,0,0,0,
16,4,250,ZX_split,2.2944347798843525,2.0657927697353413,0.8745037786826063,0.12549622131739369,25,100,38,87,0,0,
16,4,250,XYZ_split,2.2944347798843525,2.0657927697353413,0.9984108401882081,0.0015891598117918626,15,68,24,59,68,16,
16,4,250,RL_adaptive,2.2944347798843525,2.0657927697353413,0.9932097396221308,0.006790260377869228,15,98,20,52,50,15,0.9932097396221308
16,4,500,Z_only,2.2944347798843525,2.0657927697353413,0.8310578556196219,0.16894214438037813,75,425,0,0,0,0,
16,4,500,ZX_split,2.2944347798843525,2.0657927697353413,0.8749744518628139,0.12502554813718614,33,217,67,183,0,0,
16,4,500,XYZ_split,2.2944347798843525,2.0657927697353413,0.9976887012904967,0.0023112987095033066,27,139,43,123,144,24,
16,4,500,RL_adaptive,2.2944347798843525,2.0657927697353413,0.9992850464772565,0.0007149535227435333,41,175,40,88,124,32,0.9992850464772565
17,0,10,Z_only,0.5306591605936828,3.4877116599294635,0.9312368277199509,0.06876317228004913,9,1,0,0,0,0,
17,0,10,ZX_split,0.5306591605936828,3.4877116599294635,0.992255234197555,0.007744765802444986,5,0,1,4,0,0,
17,0,10,XYZ_split,0.5306591605936828,3.4877116599294635,0.6574109270958718,0.3425890729041282,3,0,3,0,1,3,
17,0,10,RL_adaptive,0.5306591605936828,3.4877116599294635,0.9510833366786808,0.048916663321319165,1,0,0,1,5,3,0.9510833366786808
17,0,25,Z_only,0.5306591605936828,3.4877116599294635,0.9312368277199509,0.06876317228004913,24,1,0,0,0,0,
17,0,25,ZX_split,0.5306591605936828,3.4877116599294635,0.9721965526651012,0.027803447334898812,11,1,1,12,0,0,
17,0,25,XYZ_split,0.5306591605936828,3.4877116599294635,0.9186600068507212,0.08133999314927876,8,0,4,4,2,7,
17,0,25,RL_adaptive,0.5306591605936828,3.4877116599294635,0.9989614772129694,0.001038522787030649,1,0,3,13,3,5,0.9989614772129694
17,0,50,Z_only,0.5306591605936828,3.4877116599294635,0.9312368277199509,0.06876317228004913,48,2,0,0,0,0,
17,0,50,ZX_split,0.5306591605936828,3.4877116599294635,0.9883293155927806,0.011670684407219412,24,1,8,17,0,0,
17,0,50,XYZ_split,0.5306591605936828,3.4877116599294635,0.9934644931020897,0.00653550689791027,16,0,2,14,6,12,
17,0,50,RL_adaptive,0.5306591605936828,3.4877116599294635,0.9705380628560092,0.029461937143990813,24,0,8,11,3,4,0.9705380628560092
17,0,100,Z_only,0.5306591605936828,3.4877116599294635,0.9312368277199509,0.06876317228004913,93,7,0,0,0,0,
17,0,100,ZX_split,0.5306591605936828,3.4877116599294635,0.9889673403652967,0.011032659634703346,43,7,12,38,0,0,
17,0,100,XYZ_split,0.5306591605936828,3.4877116599294635,0.9748240030708527,0.025175996929147293,29,4,9,24,9,25,
17,0,100,RL_adaptive,0.5306591605936828,3.4877116599294635,0.9486830681331183,0.05131693186688169,76,4,3,9,1,7,0.9486830681331183
17,0,250,Z_only,0.5306591605936828,3.4877116599294635,0.9312368277199509,0.06876317228004913,229,21,0,0,0,0,
17,0,250,ZX_split,0.5306591605936828,3.4877116599294635,0.9919243465670359,0.008075653432964125,119,6,35,90,0,0,
17,0,250,XYZ_split,0.5306591605936828,3.4877116599294635,0.9890849408942594,0.010915059105740643,81,2,25,58,26,58,
17,0,250,RL_adaptive,0.5306591605936828,3.4877116599294635,0.9924793480794818,0.0075206519205182065,95,13,21,63,20,38,0.9924793480794818
17,0,500,Z_only,0.5306591605936828,3.4877116599294635,0.9312368277199509,0.06876317228004913,467,33,0,0,0,0,
17,0,500,ZX_split,0.5306591605936828,3.4877116599294635,0.9924228036133459,0.007577196386654106,231,19,63,187,0,0,
17,0,500,XYZ_split,0.5306591605936828,3.4877116599294635,0.9993067499507675,0.0006932500492324856,153,13,43,123,74,94,
17,0,500,RL_adaptive,0.5306591605936828,3.4877116599294635,0.9982834794725833,0.001716520527416665,166,15,50,131,52,86,0.9982834794725833
17,1,10,Z_only,0.5306591605936828,3.4877116599294635,0.9312368277199509,0.06876317228004913,7,3,0,0,0,0,
17,1,10,ZX_split,0.5306591605936828,3.4877116599294635,0.8179939940840626,0.1820060059159374,3,2,0,5,0,0,
17,1,10,XYZ_split,0.5306591605936828,3.4877116599294635,0.9732531183344577,0.026746881665542288,3,0,0,3,2,2,
17,1,10,RL_adaptive,0.5306591605936828,3.4877116599294635,0.9175715098640629,0.08242849013593712,1,0,0,1,6,2,0.9175715098640629
17,1,25,Z_only,0.5306591605936828,3.4877116599294635,0.9312368277199509,0.06876317228004913,24,1,0,0,0,0,
17,1,25,ZX_split,0.5306591605936828,3.4877116599294635,0.8520668727744409,0.14793312722555907,11,1,8,5,0,0,
17,1,25,XYZ_split,0.5306591605936828,3.4877116599294635,0.9595367137125675,0.040463286287432454,8,0,1,7,1,8,
17,1,25,RL_adaptive,0.5306591605936828,3.4877116599294635,0.9633536231737291,0.03664637682627092,1,0,3,13,5,3,0.9633536231737291
17,1,50,Z_only,0.5306591605936828,3.4877116599294635,0.9312368277199509,0.06876317228004913,48,2,0,0,0,0,
17,1,50,ZX_split,0.5306591605936828,3.4877116599294635,0.9919612817629243,0.008038718237075693,23,2,6,19,0,0,
17,1,50,XYZ_split,0.5306591605936828,3.4877116599294635,0.9800402945171797,0.019959705482820334,15,1,6,10,9,9,
17,1,50,RL_adaptive,0.5306591605936828,3.4877116599294635,0.9169629788621038,0.08303702113789624,24,0,4,14,6,2,0.9169629788621038
17,1,100,Z_only,0.5306591605936828,3.4877116599294635,0.9312368277199509,0.06876317228004913,91,9,0,0,0,0,
17,1,100,ZX_split,0.5306591605936828,3.4877116599294635,0.9869412475311127,0.013058752468887325,44,6,18,32,0,0,
17,1,100,XYZ_split,0.5306591605936828,3.4877116599294635,0.9788476079892845,0.021152392010715504,33,0,11,22,18,16,
17,1,100,RL_adaptive,0.5306591605936828,3.4877116599294635,0.991993087362753,0.008006912637246955,73,3,2,14,3,5,0.991993087362753
17,1,250,Z_only,0.5306591605936828,3.4877116599294635,0.9312368277199509,0.06876317228004913,233,17,0,0,0,0,
17,1,250,ZX_split,0.5306591605936828,3.4877116599294635,0.9923488594818458,0.007651140518154187,114,11,32,93,0,0,
17,1,250,XYZ_split,0.5306591605936828,3.4877116599294635,0.997855941934903,0.0021440580650969876,76,7,18,65,35,49,
17,1,250,RL_adaptive,0.5306591605936828,3.4877116599294635,0.996256195033119,0.0037438049668809814,101,5,24,63,20,37,0.996256195033119
17,1,500,Z_only,0.5306591605936828,3.4877116599294635,0.9312368277199509,0.06876317228004913,462,38,0,0,0,0,
17,1,500,ZX_split,0.5306591605936828,3.4877116599294635,0.9921038941532854,0.00789610584671463,220,30,67,183,0,0,
17,1,500,XYZ_split,0.5306591605936828,3.4877116599294635,0.9982802387987726,0.00171976120122741,154,12,37,129,65,103,
17,1,500,RL_adaptive,0.5306591605936828,3.4877116599294635,0.9942711909262537,0.005728809073746288,169,12,51,132,46,90,0.9942711909262537
17,2,10,Z_only,0.5306591605936828,3.4877116599294635,0.9312368277199509,0.06876317228004913,9,1,0,0,0,0,
17,2,10,ZX_split,0.5306591605936828,3.4877116599294635,0.9732531183344577,0.026746881665542288,5,0,0,5,0,0,
17,2,10,XYZ_split,0.5306591605936828,3.4877116599294635,0.9748031279812032,0.025196872018796834,3,0,0,3,1,3,
17,2,10,RL_adaptive,0.5306591605936828,3.4877116599294635,0.9748031279812032,0.025196872018796834,1,0,0,1,2,6,0.9748031279812032
17,2,25,Z_only,0.5306591605936828,3.4877116599294635,0.9312368277199509,0.06876317228004913,21,4,0,0,0,0,
17,2,25,ZX_split,0.5306591605936828,3.4877116599294635,0.9900566584607102,0.009943341539289774,8,4,5,8,0,0,
17,2,25,XYZ_split,0.5306591605936828,3.4877116599294635,0.8931029682840094,0.10689703171599063,8,0,4,4,1,8,
17,2,25,RL_adaptive,0.5306591605936828,3.4877116599294635,0.9633536231737291,0.03664637682627092,1,0,3,13,5,3,0.9633536231737291
17,2,50,Z_only,0.5306591605936828,3.4877116599294635,0.9312368277199509,0.06876317228004913,47,3,0,0,0,0,
17,2,50,ZX_split,0.5306591605936828,3.4877116599294635,0.9912443865006983,0.008755613499301651,24,1,5,20,0,0,
17,2,50,XYZ_split,0.5306591605936828,3.4877116599294635,0.9796217109066456,0.020378289093354374,14,2,2,14,8,10,
17,2,50,RL_adaptive,0.5306591605936828,3.4877116599294635,0.9603493974290501,0.03965060257094988,23,0,2,17,5,3,0.9603493974290501
17,2,100,Z_only,0.5306591605936828,3.4877116599294635,0.9312368277199509,0.06876317228004913,92,8,0,0,0,0,
17,2,100,ZX_split,0.5306591605936828,3.4877116599294635,0.9903986942473536,0.009601305752646394,47,3,10,40,0,0,
17,2,100,XYZ_split,0.5306591605936828,3.4877116599294635,0.9683534907812178,0.031646509218782204,30,3,8,25,20,14,
17,2,100,RL_adaptive,0.5306591605936828,3.4877116599294635,0.8804527957209091,0.11954720427909094,61,7,8,16,6,2,0.8804527957209091
17,2,250,Z_only,0.5306591605936828,3.4877116599294635,0.9312368277199509,0.06876317228004913,236,14,0,0,0,0,
17,2,250,ZX_split,0.5306591605936828,3.4877116599294635,0.9918286595727218,0.008171340427278184,116,9,29,96,0,0,
17,2,250,XYZ_split,0.5306591605936828,3.4877116599294635,0.9946623431361546,0.0053376568638453525,75,8,18,65,39,45,
17,2,250,RL_adaptive,0.5306591605936828,3.4877116599294635,0.998085937043525,0.0019140629564750045,102,7,21,67,24,29,0.998085937043525
17,2,500,Z_only,0.5306591605936828,3.4877116599294635,0.9312368277199509,0.06876317228004913,477,23,0,0,0,0,
17,2,500,ZX_split,0.5306591605936828,3.4877116599294635,0.9881929503736144,0.011807049626385568,233,17,83,167,0,0,
17,2,500,XYZ_split,0.5306591605936828,3.4877116599294635,0.9951527882114796,0.0048472117885204336,150,16,35,131,76,92,
17,2,500,RL_adaptive,0.5306591605936828,3.4877116599294635,0.9908621185499857,0.009137881450014262,170,11,63,124,47,85,0.9908621185499857
17,3,10,Z_only,0.5306591605936828,3.4877116599294635,0.9312368277199509,0.06876317228004913,8,2,0,0,0,0,
17,3,10,ZX_split,0.5306591605936828,3.4877116599294635,0.992255234197555,0.007744765802444986,5,0,1,4,0,0,
17,3,10,XYZ_split,0.5306591605936828,3.4877116599294635,0.5312490351409496,0.46875096485905043,2,1,2,1,3,1,
17,3,10,RL_adaptive,0.5306591605936828,3.4877116599294635,0.9510833366786808,0.048916663321319165,1,0,0,1,5,3,0.9510833366786808
17,3,25,Z_only,0.5306591605936828,3.4877116599294635,0.9312368277199509,0.06876317228004913,25,0,0,0,0,0,
17,3,25,ZX_split,0.5306591605936828,3.4877116599294635,0.9791248820509934,0.02087511794900665,11,1,5,8,0,0,
17,3,25,XYZ_split,0.5306591605936828,3.4877116599294635,0.9277138411685694,0.07228615883143064,7,1,2,6,1,8,
17,3,25,RL_adaptive,0.5306591605936828,3.4877116599294635,0.9615719031898005,0.03842809681019954,1,0,4,12,5,3,0.9615719031898005
17,3,50,Z_only,0.5306591605936828,3.4877116599294635,0.9312368277199509,0.06876317228004913,46,4,0,0,0,0,
17,3,50,ZX_split,0.5306591605936828,3.4877116599294635,0.992457332117015,0.007542667882984966,23,2,7,18,0,0,
17,3,50,XYZ_split,0.5306591605936828,3.4877116599294635,0.9836678225831059,0.016332177416894078,16,0,1,15,5,13,
17,3,50,RL_adaptive,0.5306591605936828,3.4877116599294635,0.9949123667246935,0.00508763327530648,22,1,3,16,3,5,0.9949123667246935
17,3,100,Z_only,0.5306591605936828,3.4877116599294635,0.9312368277199509,0.06876317228004913,88,12,0,0,0,0,
17,3,100,ZX_split,0.5306591605936828,3.4877116599294635,0.9887676156752201,0.01123238432477991,47,3,9,41,0,0,
17,3,100,XYZ_split,0.5306591605936828,3.4877116599294635,0.9875513325473708,0.01244866745262918,29,4,6,27,16,18,
17,3,100,RL_adaptive,0.5306591605936828,3.4877116599294635,0.9812113519794963,0.01878864802050373,75,3,2,12,2,6,0.9812113519794963
17,3,250,Z_only,0.5306591605936828,3.4877116599294635,0.9312368277199509,0.06876317228004913,234,16,0,0,0,0,
17,3,250,ZX_split,0.5306591605936828,3.4877116599294635,0.992385411873498,0.007614588126501953,116,9,31,94,0,0,
17,3,250,XYZ_split,0.5306591605936828,3.4877116599294635,0.9991033396935808,0.0008966603064192169,78,5,24,59,34,50,
17,3,250,RL_adaptive,0.5306591605936828,3.4877116599294635,0.9922034253062622,0.0077965746937378455,99,9,19,65,19,39,0.9922034253062622
17,3,500,Z_only,0.5306591605936828,3.4877116599294635,0.9312368277199509,0.06876317228004913,467,33,0,0,0,0,
17,3,500,ZX_split,0.5306591605936828,3.4877116599294635,0.9925558948109394,0.007444105189060579,236,14,65,185,0,0,
17,3,500,XYZ_split,0.5306591605936828,3.4877116599294635,0.9982901728610258,0.0017098271389741626,155,11,35,131,68,100,
17,3,500,RL_adaptive,0.5306591605936828,3.4877116599294635,0.9997025854231478,0.000297414576852173,167,13,51,130,57,82,0.9997025854231478
17,4,10,Z_only,0.5306591605936828,3.4877116599294635,0.9312368277199509,0.06876317228004913,9,1,0,0,0,0,
17,4,10,ZX_split,0.5306591605936828,3.4877116599294635,0.992255234197555,0.007744765802444986,5,0,1,4,0,0,
17,4,10,XYZ_split,0.5306591605936828,3.4877116599294635,0.9732531183344577,0.026746881665542288,3,0,0,3,2,2,
17,4,10,RL_adaptive,0.5306591605936828,3.4877116599294635,0.9732531183344577,0.026746881665542288,1,0,0,1,4,4,0.9732531183344577
17,4,25,Z_only,0.5306591605936828,3.4877116599294635,0.9312368277199509,0.06876317228004913,23,2,0,0,0,0,
17,4,25,ZX_split,0.5306591605936828,3.4877116599294635,0.9791248820509934,0.02087511794900665,11,1,5,8,0,0,
17,4,25,XYZ_split,0.5306591605936828,3.4877116599294635,0.9976692877418422,0.002330712258157841,7,1,2,6,4,5,
17,4,25,RL_adaptive,0.5306591605936828,3.4877116599294635,0.9549684811412302,0.04503151885876977,1,0,5,11,5,3,0.9549684811412302
17,4,50,Z_only,0.5306591605936828,3.4877116599294635,0.9312368277199509,0.06876317228004913,49,1,0,0,0,0,
17,4,50,ZX_split,0.5306591605936828,3.4877116599294635,0.9883293155927806,0.011670684407219412,24,1,8,17,0,0,
17,4,50,XYZ_split,0.5306591605936828,3.4877116599294635,0.9992416857115454,0.0007583142884546312,16,0,3,13,7,11,
17,4,50,RL_adaptive,0.5306591605936828,3.4877116599294635,0.9659736457175028,0.03402635428249723,20,3,1,18,3,5,0.9659736457175028
17,4,100,Z_only,0.5306591605936828,3.4877116599294635,0.9312368277199509,0.06876317228004913,93,7,0,0,0,0,
17,4,100,ZX_split,0.5306591605936828,3.4877116599294635,0.987284494057564,0.012715505942435978,46,4,9,41,0,0,
17,4,100,XYZ_split,0.5306591605936828,3.4877116599294635,0.991541683336283,0.008458316663716992,30,3,12,21,15,19,
17,4,100,RL_adaptive,0.5306591605936828,3.4877116599294635,0.9990391853348555,0.0009608146651445271,73,3,4,12,3,5,0.9990391853348555
17,4,250,Z_only,0.5306591605936828,3.4877116599294635,0.9312368277199509,0.06876317228004913,232,18,0,0,0,0,
17,4,250,ZX_split,0.5306591605936828,3.4877116599294635,0.9925670115740419,0.007432988425958076,113,12,35,90,0,0,
17,4,250,XYZ_split,0.5306591605936828,3.4877116599294635,0.9998920011644262,0.00010799883557377488,81,2,20,63,35,49,
17,4,250,RL_adaptive,0.5306591605936828,3.4877116599294635,0.9995437544540277,0.0004562455459723447,100,7,25,64,23,31,0.9995437544540277
17,4,500,Z_only,0.5306591605936828,3.4877116599294635,0.9312368277199509,0.06876317228004913,457,43,0,0,0,0,
17,4,500,ZX_split,0.5306591605936828,3.4877116599294635,0.9899691462151949,0.01003085378480506,231,19,80,170,0,0,
17,4,500,XYZ_split,0.5306591605936828,3.4877116599294635,0.999842862135977,0.0001571378640230492,158,8,40,126,67,101,
17,4,500,RL_adaptive,0.5306591605936828,3.4877116599294635,0.9928833913281547,0.00711660867184527,166,14,54,126,69,71,0.9928833913281547
18,0,10,Z_only,2.211804379840177,3.848751573586288,0.799001846435247,0.20099815356475303,3,7,0,0,0,0,
18,0,10,ZX_split,2.211804379840177,3.848751573586288,0.8529425894550701,0.14705741054492993,0,5,2,3,0,0,
18,0,10,XYZ_split,2.211804379840177,3.848751573586288,0.9549117278947454,0.04508827210525457,0,3,1,2,1,3,
18,0,10,RL_adaptive,2.211804379840177,3.848751573586288,0.9656526443048573,0.03434735569514269,0,1,0,1,3,5,0.9656526443048573
18,0,25,Z_only,2.211804379840177,3.848751573586288,0.799001846435247,0.20099815356475303,3,22,0,0,0,0,
18,0,25,ZX_split,2.211804379840177,3.848751573586288,0.9143939222842524,0.08560607771574757,3,9,1,12,0,0,
18,0,25,XYZ_split,2.211804379840177,3.848751573586288,0.9748279683134651,0.025172031686534924,0,8,1,7,3,6,
18,0,25,RL_adaptive,2.211804379840177,3.848751573586288,0.9829699386251627,0.017030061374837313,0,1,4,13,1,6,0.9829699386251627
18,0,50,Z_only,2.211804379840177,3.848751573586288,0.799001846435247,0.20099815356475303,6,44,0,0,0,0,
18,0,50,ZX_split,2.211804379840177,3.848751573586288,0.9254782761855402,0.07452172381445976,5,20,6,19,0,0,
18,0,50,XYZ_split,2.211804379840177,3.848751573586288,0.992261693740619,0.007738306259380989,3,13,4,12,3,15,
18,0,50,RL_adaptive,2.211804379840177,3.848751573586288,0.9877728152291594,0.012227184770840616,1,22,4,14,1,8,0.9877728152291594
18,0,100,Z_only,2.211804379840177,3.848751573586288,0.799001846435247,0.20099815356475303,18,82,0,0,0,0,
18,0,100,ZX_split,2.211804379840177,3.848751573586288,0.9220377389979102,0.0779622610020898,12,38,7,43,0,0,
18,0,100,XYZ_split,2.211804379840177,3.848751573586288,0.9952255524289939,0.004774447571006091,7,26,4,29,5,29,
18,0,100,RL_adaptive,2.211804379840177,3.848751573586288,0.9720866296446519,0.027913370355348133,14,45,5,13,2,21,0.9720866296446519
18,0,250,Z_only,2.211804379840177,3.848751573586288,0.799001846435247,0.20099815356475303,47,203,0,0,0,0,
18,0,250,ZX_split,2.211804379840177,3.848751573586288,0.9245461420367184,0.07545385796328163,28,97,34,91,0,0,
18,0,250,XYZ_split,2.211804379840177,3.848751573586288,0.9964180020930021,0.003581997906997869,20,63,13,70,22,62,
18,0,250,RL_adaptive,2.211804379840177,3.848751573586288,0.9963939454671876,0.003606054532812375,23,88,7,49,21,62,0.9963939454671876
18,0,500,Z_only,2.211804379840177,3.848751573586288,0.799001846435247,0.20099815356475303,98,402,0,0,0,0,
18,0,500,ZX_split,2.211804379840177,3.848751573586288,0.9255344417798378,0.07446555822016221,53,197,39,211,0,0,
18,0,500,XYZ_split,2.211804379840177,3.848751573586288,0.9969500865473504,0.0030499134526495997,38,128,33,133,32,136,
18,0,500,RL_adaptive,2.211804379840177,3.848751573586288,0.9985273861903728,0.0014726138096271546,42,182,23,106,26,121,0.9985273861903728
18,1,10,Z_only,2.211804379840177,3.848751573586288,0.799001846435247,0.20099815356475303,2,8,0,0,0,0,
18,1,10,ZX_split,2.211804379840177,3.848751573586288,0.9150720458885935,0.08492795411140652,1,4,0,5,0,0,
18,1,10,XYZ_split,2.211804379840177,3.848751573586288,0.9549117278947454,0.04508827210525457,0,3,1,2,1,3,
18,1,10,RL_adaptive,2.211804379840177,3.848751573586288,0.9656526443048573,0.03434735569514269,0,1,0,1,3,5,0.9656526443048573
18,1,25,Z_only,2.211804379840177,3.848751573586288,0.799001846435247,0.20099815356475303,8,17,0,0,0,0,
18,1,25,ZX_split,2.211804379840177,3.848751573586288,0.92434548347641,0.07565451652359001,2,10,1,12,0,0,
18,1,25,XYZ_split,2.211804379840177,3.848751573586288,0.9989213225963182,0.001078677403681838,1,7,1,7,2,7,
18,1,25,RL_adaptive,2.211804379840177,3.848751573586288,0.9795302649845945,0.0204697350154055,0,1,4,14,0,6,0.9795302649845945
18,1,50,Z_only,2.211804379840177,3.848751573586288,0.799001846435247,0.20099815356475303,13,37,0,0,0,0,
18,1,50,ZX_split,2.211804379840177,3.848751573586288,0.9206772633490878,0.07932273665091216,8,17,6,19,0,0,
18,1,50,XYZ_split,2.211804379840177,3.848751573586288,0.9559876916280479,0.044012308371952136,3,13,3,13,8,10,
18,1,50,RL_adaptive,2.211804379840177,3.848751573586288,0.9795117261561025,0.02048827384389751,3,20,4,15,0,8,0.9795117261561025
18,1,100,Z_only,2.211804379840177,3.848751573586288,0.799001846435247,0.20099815356475303,20,80,0,0,0,0,
18,1,100,ZX_split,2.211804379840177,3.848751573586288,0.9268476707686427,0.07315232923135728,10,40,10,40,0,0,
18,1,100,XYZ_split,2.211804379840177,3.848751573586288,0.9989211704040549,0.0010788295959450744,8,25,7,26,8,26,
18,1,100,RL_adaptive,2.211804379840177,3.848751573586288,0.9721532783175165,0.027846721682483477,17,40,1,20,6,16,0.9721532783175165
18,1,250,Z_only,2.211804379840177,3.848751573586288,0.799001846435247,0.20099815356475303,45,205,0,0,0,0,
18,1,250,ZX_split,2.211804379840177,3.848751573586288,0.9267581615273447,0.07324183847265531,24,101,25,100,0,0,
18,1,250,XYZ_split,2.211804379840177,3.848751573586288,0.9974508302720712,0.002549169727928846,15,68,13,70,23,61,
18,1,250,RL_adaptive,2.211804379840177,3.848751573586288,0.9908065987312448,0.00919340126875523,25,88,3,50,18,66,0.9908065987312448
18,1,500,Z_only,2.211804379840177,3.848751573586288,0.799001846435247,0.20099815356475303,94,406,0,0,0,0,
18,1,500,ZX_split,2.211804379840177,3.848751573586288,0.9268130126640712,0.07318698733592877,47,203,48,202,0,0,
18,1,500,XYZ_split,2.211804379840177,3.848751573586288,0.9988315949993669,0.0011684050006330882,29,137,36,130,41,127,
18,1,500,RL_adaptive,2.211804379840177,3.848751573586288,0.9982311480330561,0.001768851966943874,47,175,24,107,28,119,0.9982311480330561
18,2,10,Z_only,2.211804379840177,3.848751573586288,0.799001846435247,0.20099815356475303,2,8,0,0,0,0,
18,2,10,ZX_split,2.211804379840177,3.848751573586288,0.9268476707686427,0.07315232923135728,0,5,0,5,0,0,
18,2,10,XYZ_split,2.211804379840177,3.848751573586288,0.8799974534414827,0.12000254655851728,0,3,1,2,2,2,
18,2,10,RL_adaptive,2.211804379840177,3.848751573586288,0.9656526443048573,0.03434735569514269,0,1,0,1,3,5,0.9656526443048573
18,2,25,Z_only,2.211804379840177,3.848751573586288,0.799001846435247,0.20099815356475303,3,22,0,0,0,0,
18,2,25,ZX_split,2.211804379840177,3.848751573586288,0.9042035584093125,0.09579644159068745,4,8,2,11,0,0,
18,2,25,XYZ_split,2.211804379840177,3.848751573586288,0.992394832817243,0.0076051671827570555,1,7,0,8,2,7,
18,2,25,RL_adaptive,2.211804379840177,3.848751573586288,0.5605497866975477,0.43945021330245226,1,0,3,14,1,6,0.5605497866975477
18,2,50,Z_only,2.211804379840177,3.848751573586288,0.799001846435247,0.20099815356475303,10,40,0,0,0,0,
18,2,50,ZX_split,2.211804379840177,3.848751573586288,0.9254782761855402,0.07452172381445976,5,20,6,19,0,0,
18,2,50,XYZ_split,2.211804379840177,3.848751573586288,0.9949944625903079,0.005005537409692118,3,13,2,14,2,16,
18,2,50,RL_adaptive,2.211804379840177,3.848751573586288,0.9380488812995291,0.061951118700470875,4,19,7,12,0,8,0.9380488812995291
18,2,100,Z_only,2.211804379840177,3.848751573586288,0.799001846435247,0.20099815356475303,20,80,0,0,0,0,
18,2,100,ZX_split,2.211804379840177,3.848751573586288,0.9246781536753169,0.07532184632468308,13,37,10,40,0,0,
18,2,100,XYZ_split,2.211804379840177,3.848751573586288,0.9895573600699613,0.010442639930038689,6,27,10,23,9,25,
18,2,100,RL_adaptive,2.211804379840177,3.848751573586288,0.9935626694914845,0.006437330508515471,12,45,3,16,3,21,0.9935626694914845
18,2,250,Z_only,2.211804379840177,3.848751573586288,0.799001846435247,0.20099815356475303,44,206,0,0,0,0,
18,2,250,ZX_split,2.211804379840177,3.848751573586288,0.9268602692332267,0.07313973076677327,29,96,28,97,0,0,
18,2,250,XYZ_split,2.211804379840177,3.848751573586288,0.9976893047374857,0.002310695262514262,19,64,13,70,18,66,
18,2,250,RL_adaptive,2.211804379840177,3.848751573586288,0.9999675077547164,3.249224528356631e-05,24,84,13,46,22,61,0.9999675077547164
18,2,500,Z_only,2.211804379840177,3.848751573586288,0.799001846435247,0.20099815356475303,101,399,0,0,0,0,
18,2,500,ZX_split,2.211804379840177,3.848751573586288,0.9268170087999571,0.0731829912000429,39,211,40,210,0,0,
18,2,500,XYZ_split,2.211804379840177,3.848751573586288,0.9986545898148882,0.001345410185111806,32,134,24,142,41,127,
18,2,500,RL_adaptive,2.211804379840177,3.848751573586288,0.9958817770576195,0.004118222942380512,40,182,24,104,45,105,0.9958817770576195
18,3,10,Z_only,2.211804379840177,3.848751573586288,0.799001846435247,0.20099815356475303,3,7,0,0,0,0,
18,3,10,ZX_split,2.211804379840177,3.848751573586288,0.9268476707686427,0.07315232923135728,0,5,0,5,0,0,
18,3,10,XYZ_split,2.211804379840177,3.848751573586288,0.9549117278947454,0.04508827210525457,0,3,1,2,1,3,
18,3,10,RL_adaptive,2.211804379840177,3.848751573586288,0.590551956952532,0.40944804304746796,1,0,0,1,2,6,0.590551956952532
18,3,25,Z_only,2.211804379840177,3.848751573586288,0.799001846435247,0.20099815356475303,5,20,0,0,0,0,
18,3,25,ZX_split,2.211804379840177,3.848751573586288,0.9143939222842524,0.08560607771574757,3,9,1,12,0,0,
18,3,25,XYZ_split,2.211804379840177,3.848751573586288,0.8212164847611744,0.17878351523882563,5,3,1,7,1,8,
18,3,25,RL_adaptive,2.211804379840177,3.848751573586288,0.9726433247029049,0.027356675297095068,0,1,4,13,2,5,0.9726433247029049
18,3,50,Z_only,2.211804379840177,3.848751573586288,0.799001846435247,0.20099815356475303,6,44,0,0,0,0,
18,3,50,ZX_split,2.211804379840177,3.848751573586288,0.9212766574695056,0.0787233425304944,5,20,7,18,0,0,
18,3,50,XYZ_split,2.211804379840177,3.848751573586288,0.9989213225963182,0.001078677403681838,2,14,2,14,4,14,
18,3,50,RL_adaptive,2.211804379840177,3.848751573586288,0.9842131704305194,0.01578682956948063,5,18,2,16,3,6,0.9842131704305194
18,3,100,Z_only,2.211804379840177,3.848751573586288,0.799001846435247,0.20099815356475303,21,79,0,0,0,0,
18,3,100,ZX_split,2.211804379840177,3.848751573586288,0.8997833004422666,0.10021669955773338,10,40,18,32,0,0,
18,3,100,XYZ_split,2.211804379840177,3.848751573586288,0.9419535515840601,0.058046448415939866,4,29,11,22,14,20,
18,3,100,RL_adaptive,2.211804379840177,3.848751573586288,0.9730702508735984,0.02692974912640156,13,41,0,22,7,17,0.9730702508735984
18,3,250,Z_only,2.211804379840177,3.848751573586288,0.799001846435247,0.20099815356475303,44,206,0,0,0,0,
18,3,250,ZX_split,2.211804379840177,3.848751573586288,0.9266730906161291,0.07332690938387088,26,99,23,102,0,0,
18,3,250,XYZ_split,2.211804379840177,3.848751573586288,0.9978344399465476,0.0021655600534523645,19,64,19,64,18,66,
18,3,250,RL_adaptive,2.211804379840177,3.848751573586288,0.997334093902252,0.002665906097747972,14,94,11,44,20,67,0.997334093902252
18,3,500,Z_only,2.211804379840177,3.848751573586288,0.799001846435247,0.20099815356475303,93,407,0,0,0,0,
18,3,500,ZX_split,2.211804379840177,3.848751573586288,0.9267510234042718,0.07324897659572815,52,198,54,196,0,0,
18,3,500,XYZ_split,2.211804379840177,3.848751573586288,0.9982826439101198,0.0017173560898802176,30,136,38,128,38,130,
18,3,500,RL_adaptive,2.211804379840177,3.848751573586288,0.9996016739118619,0.0003983260881380568,36,188,21,105,35,115,0.9996016739118619
18,4,10,Z_only,2.211804379840177,3.848751573586288,0.799001846435247,0.20099815356475303,2,8,0,0,0,0,
18,4,10,ZX_split,2.211804379840177,3.848751573586288,0.9268476707686427,0.07315232923135728,0,5,0,5,0,0,
18,4,10,XYZ_split,2.211804379840177,3.848751573586288,0.9988361125173547,0.0011638874826452872,0,3,0,3,0,4,
18,4,10,RL_adaptive,2.211804379840177,3.848751573586288,0.618452627572007,0.38154737242799297,0,1,1,0,1,7,0.618452627572007
18,4,25,Z_only,2.211804379840177,3.848751573586288,0.799001846435247,0.20099815356475303,7,18,0,0,0,0,
18,4,25,ZX_split,2.211804379840177,3.848751573586288,0.9220377389979102,0.0779622610020898,3,9,2,11,0,0,
18,4,25,XYZ_split,2.211804379840177,3.848751573586288,0.9852698104482424,0.014730189551757644,1,7,1,7,3,6,
18,4,25,RL_adaptive,2.211804379840177,3.848751573586288,0.8825670326417158,0.11743296735828423,0,1,3,14,4,3,0.8825670326417158
18,4,50,Z_only,2.211804379840177,3.848751573586288,0.799001846435247,0.20099815356475303,7,43,0,0,0,0,
18,4,50,ZX_split,2.211804379840177,3.848751573586288,0.9257672044289106,0.07423279557108942,4,21,5,20,0,0,
18,4,50,XYZ_split,2.211804379840177,3.848751573586288,0.98424584047685,0.015754159523149958,1,15,4,12,2,16,
18,4,50,RL_adaptive,2.211804379840177,3.848751573586288,0.9893756126416744,0.010624387358325604,4,20,4,13,3,6,0.9893756126416744
18,4,100,Z_only,2.211804379840177,3.848751573586288,0.799001846435247,0.20099815356475303,16,84,0,0,0,0,
18,4,100,ZX_split,2.211804379840177,3.848751573586288,0.9165355713909392,0.08346442860906078,8,42,14,36,0,0,
18,4,100,XYZ_split,2.211804379840177,3.848751573586288,0.9987614259119472,0.001238574088052835,5,28,6,27,6,28,
18,4,100,RL_adaptive,2.211804379840177,3.848751573586288,0.9331209776819732,0.06687902231802678,12,40,3,22,11,12,0.9331209776819732
18,4,250,Z_only,2.211804379840177,3.848751573586288,0.799001846435247,0.20099815356475303,55,195,0,0,0,0,
18,4,250,ZX_split,2.211804379840177,3.848751573586288,0.9243317692767107,0.07566823072328932,24,101,31,94,0,0,
18,4,250,XYZ_split,2.211804379840177,3.848751573586288,0.9998431201684327,0.00015687983156731367,14,69,15,68,18,66,
18,4,250,RL_adaptive,2.211804379840177,3.848751573586288,0.9911207323307663,0.008879267669233748,20,87,16,45,27,55,0.9911207323307663
18,4,500,Z_only,2.211804379840177,3.848751573586288,0.799001846435247,0.20099815356475303,98,402,0,0,0,0,
18,4,500,ZX_split,2.211804379840177,3.848751573586288,0.9267629096642025,0.0732370903357975,45,205,47,203,0,0,
18,4,500,XYZ_split,2.211804379840177,3.848751573586288,0.9991001968638007,0.0008998031361993064,38,128,35,131,38,130,
18,4,500,RL_adaptive,2.211804379840177,3.848751573586288,0.9998163307113568,0.00018366928864321785,45,177,24,106,33,115,0.9998163307113568
19,0,10,Z_only,2.2723757490332064,0.01643823087223149,0.822712445985233,0.17728755401476703,0,10,0,0,0,0,
19,0,10,ZX_split,2.2723757490332064,0.01643823087223149,0.9982081473733924,0.0017918526266076373,0,5,5,0,0,0,
19,0,10,XYZ_split,2.2723757490332064,0.01643823087223149,0.9269067286137073,0.07309327138629274,0,3,2,1,2,2,
19,0,10,RL_adaptive,2.2723757490332064,0.01643823087223149,0.9372018648176812,0.0627981351823188,0,1,1,0,1,7,0.9372018648176812
19,0,25,Z_only,2.2723757490332064,0.01643823087223149,0.822712445985233,0.17728755401476703,4,21,0,0,0,0,
19,0,25,ZX_split,2.2723757490332064,0.01643823087223149,0.9985128888717315,0.0014871111282684923,1,11,12,1,0,0,
19,0,25,XYZ_split,2.2723757490332064,0.01643823087223149,0.9261635921731051,0.07383640782689493,2,6,7,1,7,2,
19,0,25,RL_adaptive,2.2723757490332064,0.01643823087223149,0.4054492654651977,0.5945507345348022,1,0,14,4,2,4,0.4054492654651977
19,0,50,Z_only,2.2723757490332064,0.01643823087223149,0.822712445985233,0.17728755401476703,11,39,0,0,0,0,
19,0,50,ZX_split,2.2723757490332064,0.01643823087223149,0.9998468249127566,0.0001531750872434401,5,20,21,4,0,0,
19,0,50,XYZ_split,2.2723757490332064,0.01643823087223149,0.9950208678501953,0.004979132149804721,3,13,15,1,8,10,
19,0,50,RL_adaptive,2.2723757490332064,0.01643823087223149,0.9954024599037762,0.004597540096223818,4,23,14,2,4,3,0.9954024599037762
19,0,100,Z_only,2.2723757490332064,0.01643823087223149,0.822712445985233,0.17728755401476703,16,84,0,0,0,0,
19,0,100,ZX_split,2.2723757490332064,0.01643823087223149,0.9970402353099906,0.002959764690009359,4,46,45,5,0,0,
19,0,100,XYZ_split,2.2723757490332064,0.01643823087223149,0.9990846606072328,0.0009153393927672226,4,29,30,3,18,16,
19,0,100,RL_adaptive,2.2723757490332064,0.01643823087223149,0.993278921078983,0.006721078921017032,7,46,21,2,10,14,0.993278921078983
19,0,250,Z_only,2.2723757490332064,0.01643823087223149,0.822712445985233,0.17728755401476703,53,197,0,0,0,0,
19,0,250,ZX_split,2.2723757490332064,0.01643823087223149,0.9979849398333297,0.0020150601666703016,27,98,113,12,0,0,
19,0,250,XYZ_split,2.2723757490332064,0.01643823087223149,0.990359454835521,0.009640545164478986,13,70,73,10,51,33,
19,0,250,RL_adaptive,2.2723757490332064,0.01643823087223149,0.9832837340167155,0.016716265983284462,11,77,64,14,34,50,0.9832837340167155
19,0,500,Z_only,2.2723757490332064,0.01643823087223149,0.822712445985233,0.17728755401476703,101,399,0,0,0,0,
19,0,500,ZX_split,2.2723757490332064,0.01643823087223149,0.9997610514401085,0.00023894855989148311,40,210,220,30,0,0,
19,0,500,XYZ_split,2.2723757490332064,0.01643823087223149,0.9994972893550786,0.0005027106449213559,23,143,148,18,86,82,
19,0,500,RL_adaptive,2.2723757490332064,0.01643823087223149,0.9995227050353689,0.0004772949646311142,43,186,143,26,53,49,0.9995227050353689
19,1,10,Z_only,2.2723757490332064,0.01643823087223149,0.822712445985233,0.17728755401476703,3,7,0,0,0,0,
19,1,10,ZX_split,2.2723757490332064,0.01643823087223149,0.973189129052889,0.026810870947110987,0,5,4,1,0,0,
19,1,10,XYZ_split,2.2723757490332064,0.01643823087223149,0.9982081473733924,0.0017918526266076373,0,3,3,0,2,2,
19,1,10,RL_adaptive,2.2723757490332064,0.01643823087223149,0.9676225883405987,0.032377411659401334,0,1,1,0,2,6,0.9676225883405987
19,1,25,Z_only,2.2723757490332064,0.01643823087223149,0.822712445985233,0.17728755401476703,4,21,0,0,0,0,
19,1,25,ZX_split,2.2723757490332064,0.01643823087223149,0.9909882802912776,0.009011719708722388,2,10,10,3,0,0,
19,1,25,XYZ_split,2.2723757490332064,0.01643823087223149,0.9637222991100847,0.03627770088991533,2,6,7,1,3,6,
19,1,25,RL_adaptive,2.2723757490332064,0.01643823087223149,0.44368953564558433,0.5563104643544157,1,0,15,3,2,4,0.44368953564558433
19,1,50,Z_only,2.2723757490332064,0.01643823087223149,0.822712445985233,0.17728755401476703,8,42,0,0,0,0,
19,1,50,ZX_split,2.2723757490332064,0.01643823087223149,0.9939622264520388,0.0060377735479612005,5,20,19,6,0,0,
19,1,50,XYZ_split,2.2723757490332064,0.01643823087223149,0.9820067231046574,0.01799327689534258,2,14,15,1,12,6,
19,1,50,RL_adaptive,2.2723757490332064,0.01643823087223149,0.8999689655078058,0.10003103449219419,6,22,13,2,6,1,0.8999689655078058
19,1,100,Z_only,2.2723757490332064,0.01643823087223149,0.822712445985233,0.17728755401476703,13,87,0,0,0,0,
19,1,100,ZX_split,2.2723757490332064,0.01643823087223149,0.9998671923620271,0.00013280763797285378,12,38,41,9,0,0,
19,1,100,XYZ_split,2.2723757490332064,0.01643823087223149,0.9984666434151389,0.0015333565848610897,7,26,28,5,16,18,
19,1,100,RL_adaptive,2.2723757490332064,0.01643823087223149,0.9916545624335346,0.008345437566465441,10,42,22,4,13,9,0.9916545624335346
19,1,250,Z_only,2.2723757490332064,0.01643823087223149,0.822712445985233,0.17728755401476703,56,194,0,0,0,0,
19,1,250,ZX_split,2.2723757490332064,0.01643823087223149,0.9993249492878108,0.0006750507121892069,19,106,109,16,0,0,
19,1,250,XYZ_split,2.2723757490332064,0.01643823087223149,0.9905466365235285,0.009453363476471521,24,59,71,12,46,38,
19,1,250,RL_adaptive,2.2723757490332064,0.01643823087223149,0.9999375783562919,6.242164370806602e-05,19,69,72,13,39,38,0.9999375783562919
19,1,500,Z_only,2.2723757490332064,0.01643823087223149,0.822712445985233,0.17728755401476703,73,427,0,0,0,0,
19,1,500,ZX_split,2.2723757490332064,0.01643823087223149,0.9999605837528704,3.9416247129553383e-05,43,207,222,28,0,0,
19,1,500,XYZ_split,2.2723757490332064,0.01643823087223149,0.9949394500110185,0.005060549988981533,21,145,143,23,94,74,
19,1,500,RL_adaptive,2.2723757490332064,0.01643823087223149,0.9994949508019407,0.0005050491980592708,36,195,149,21,49,50,0.9994949508019407
19,2,10,Z_only,2.2723757490332064,0.01643823087223149,0.822712445985233,0.17728755401476703,1,9,0,0,0,0,
19,2,10,ZX_split,2.2723757490332064,0.01643823087223149,0.9982081473733924,0.0017918526266076373,1,4,4,1,0,0,
19,2,10,XYZ_split,2.2723757490332064,0.01643823087223149,0.9718077035263684,0.02819229647363164,0,3,3,0,3,1,
19,2,10,RL_adaptive,2.2723757490332064,0.01643823087223149,0.9895086668637706,0.010491333136229408,0,1,1,0,3,5,0.9895086668637706
19,2,25,Z_only,2.2723757490332064,0.01643823087223149,0.822712445985233,0.17728755401476703,4,21,0,0,0,0,
19,2,25,ZX_split,2.2723757490332064,0.01643823087223149,0.9985112801356549,0.0014887198643450672,3,9,11,2,0,0,
19,2,25,XYZ_split,2.2723757490332064,0.01643823087223149,0.9637222991100847,0.03627770088991533,2,6,7,1,3,6,
19,2,25,RL_adaptive,2.2723757490332064,0.01643823087223149,0.9494307406783316,0.05056925932166845,0,1,18,1,1,4,0.9494307406783316
19,2,50,Z_only,2.2723757490332064,0.01643823087223149,0.822712445985233,0.17728755401476703,8,42,0,0,0,0,
19,2,50,ZX_split,2.2723757490332064,0.01643823087223149,0.9983052845901959,0.0016947154098041484,5,20,23,2,0,0,
19,2,50,XYZ_split,2.2723757490332064,0.01643823087223149,0.9982432909022159,0.001756709097784137,2,14,15,1,10,8,
19,2,50,RL_adaptive,2.2723757490332064,0.01643823087223149,0.995627476312895,0.0043725236871049455,5,22,14,2,4,3,0.995627476312895
19,2,100,Z_only,2.2723757490332064,0.01643823087223149,0.822712445985233,0.17728755401476703,20,80,0,0,0,0,
19,2,100,ZX_split,2.2723757490332064,0.01643823087223149,0.9999598209367937,4.01790632063026e-05,9,41,44,6,0,0,
19,2,100,XYZ_split,2.2723757490332064,0.01643823087223149,0.99755675136048,0.002443248639519946,6,27,27,6,18,16,
19,2,100,RL_adaptive,2.2723757490332064,0.01643823087223149,0.9980766891494727,0.0019233108505273266,6,45,22,3,12,12,0.9980766891494727
19,2,250,Z_only,2.2723757490332064,0.01643823087223149,0.822712445985233,0.17728755401476703,41,209,0,0,0,0,
19,2,250,ZX_split,2.2723757490332064,0.01643823087223149,0.9997957717722507,0.0002042282277493479,22,103,108,17,0,0,
19,2,250,XYZ_split,2.2723757490332064,0.01643823087223149,0.9994892084600924,0.000510791539907629,14,69,76,7,41,43,
19,2,250,RL_adaptive,2.2723757490332064,0.01643823087223149,0.9895149537766842,0.010485046223315808,15,72,68,12,34,49,0.9895149537766842
19,2,500,Z_only,2.2723757490332064,0.01643823087223149,0.822712445985233,0.17728755401476703,83,417,0,0,0,0,
19,2,500,ZX_split,2.2723757490332064,0.01643823087223149,0.9963492616406029,0.00365073835939711,56,194,230,20,0,0,
19,2,500,XYZ_split,2.2723757490332064,0.01643823087223149,0.998712582423155,0.0012874175768450291,28,138,146,20,91,77,
19,2,500,RL_adaptive,2.2723757490332064,0.01643823087223149,0.9934474669118466,0.0065525330881534005,40,189,153,18,59,41,0.9934474669118466
19,3,10,Z_only,2.2723757490332064,0.01643823087223149,0.822712445985233,0.17728755401476703,2,8,0,0,0,0,
19,3,10,ZX_split,2.2723757490332064,0.01643823087223149,0.9982081473733924,0.0017918526266076373,0,5,5,0,0,0,
19,3,10,XYZ_split,2.2723757490332064,0.01643823087223149,0.0017918526266076957,0.9982081473733923,2,1,1,2,2,2,
19,3,10,RL_adaptive,2.2723757490332064,0.01643823087223149,0.9895086668637706,0.010491333136229408,0,1,1,0,3,5,0.9895086668637706
19,3,25,Z_only,2.2723757490332064,0.01643823087223149,0.822712445985233,0.17728755401476703,2,23,0,0,0,0,
19,3,25,ZX_split,2.2723757490332064,0.01643823087223149,0.9929269196844487,0.007073080315551317,3,9,12,1,0,0,
19,3,25,XYZ_split,2.2723757490332064,0.01643823087223149,0.9965996554573048,0.0034003445426952217,1,7,8,0,4,5,
19,3,25,RL_adaptive,2.2723757490332064,0.01643823087223149,0.9745104309978836,0.025489569002116408,0,1,16,3,2,3,0.9745104309978836
19,3,50,Z_only,2.2723757490332064,0.01643823087223149,0.822712445985233,0.17728755401476703,5,45,0,0,0,0,
19,3,50,ZX_split,2.2723757490332064,0.01643823087223149,0.9989003140461694,0.001099685953830587,4,21,24,1,0,0,
19,3,50,XYZ_split,2.2723757490332064,0.01643823087223149,0.975159357304445,0.02484064269555497,3,13,14,2,12,6,
19,3,50,RL_adaptive,2.2723757490332064,0.01643823087223149,0.9718096090478808,0.02819039095211917,5,22,15,2,2,4,0.9718096090478808
19,3,100,Z_only,2.2723757490332064,0.01643823087223149,0.822712445985233,0.17728755401476703,18,82,0,0,0,0,
19,3,100,ZX_split,2.2723757490332064,0.01643823087223149,0.9993214620670824,0.0006785379329176111,9,41,46,4,0,0,
19,3,100,XYZ_split,2.2723757490332064,0.01643823087223149,0.9878425172534747,0.012157482746525283,4,29,28,5,14,20,
19,3,100,RL_adaptive,2.2723757490332064,0.01643823087223149,0.9955357165090452,0.004464283490954846,9,44,25,0,12,10,0.9955357165090452
19,3,250,Z_only,2.2723757490332064,0.01643823087223149,0.822712445985233,0.17728755401476703,41,209,0,0,0,0,
19,3,250,ZX_split,2.2723757490332064,0.01643823087223149,0.9999351440985642,6.485590143578968e-05,24,101,109,16,0,0,
19,3,250,XYZ_split,2.2723757490332064,0.01643823087223149,0.9983169386662154,0.0016830613337845968,14,69,74,9,39,45,
19,3,250,RL_adaptive,2.2723757490332064,0.01643823087223149,0.9963282924271777,0.0036717075728223136,15,73,75,11,43,33,0.9963282924271777
19,3,500,Z_only,2.2723757490332064,0.01643823087223149,0.822712445985233,0.17728755401476703,89,411,0,0,0,0,
19,3,500,ZX_split,2.2723757490332064,0.01643823087223149,0.99976267926241,0.0002373207375899744,46,204,224,26,0,0,
19,3,500,XYZ_split,2.2723757490332064,0.01643823087223149,0.9950365792971293,0.004963420702870702,23,143,145,21,96,72,
19,3,500,RL_adaptive,2.2723757490332064,0.01643823087223149,0.9991450105837351,0.0008549894162649396,37,194,151,19,53,46,0.9991450105837351
19,4,10,Z_only,2.2723757490332064,0.01643823087223149,0.822712445985233,0.17728755401476703,2,8,0,0,0,0,
19,4,10,ZX_split,2.2723757490332064,0.01643823087223149,0.9934766663183046,0.006523333681695442,1,4,5,0,0,0,
19,4,10,XYZ_split,2.2723757490332064,0.01643823087223149,0.9982081473733924,0.0017918526266076373,0,3,3,0,2,2,
19,4,10,RL_adaptive,2.2723757490332064,0.01643823087223149,0.5418238295144808,0.4581761704855192,1,0,1,0,4,4,0.5418238295144808
19,4,25,Z_only,2.2723757490332064,0.01643823087223149,0.822712445985233,0.17728755401476703,4,21,0,0,0,0,
19,4,25,ZX_split,2.2723757490332064,0.01643823087223149,0.9782930078501993,0.021706992149800652,1,11,10,3,0,0,
19,4,25,XYZ_split,2.2723757490332064,0.01643823087223149,0.9977113031198894,0.0022886968801105745,1,7,8,0,5,4,
19,4,25,RL_adaptive,2.2723757490332064,0.01643823087223149,0.9645362674595277,0.035463732540472304,0,1,15,3,4,2,0.9645362674595277
19,4,50,Z_only,2.2723757490332064,0.01643823087223149,0.822712445985233,0.17728755401476703,8,42,0,0,0,0,
19,4,50,ZX_split,2.2723757490332064,0.01643823087223149,0.9982081473733924,0.0017918526266076373,4,21,21,4,0,0,
19,4,50,XYZ_split,2.2723757490332064,0.01643823087223149,0.98971660675627,0.010283393243729955,2,14,15,1,7,11,
19,4,50,RL_adaptive,2.2723757490332064,0.01643823087223149,0.9112133630910466,0.08878663690895339,5,21,16,2,1,5,0.9112133630910466
19,4,100,Z_only,2.2723757490332064,0.01643823087223149,0.822712445985233,0.17728755401476703,18,82,0,0,0,0,
19,4,100,ZX_split,2.2723757490332064,0.01643823087223149,0.9982081473733924,0.0017918526266076373,6,44,44,6,0,0,
19,4,100,XYZ_split,2.2723757490332064,0.01643823087223149,0.961195796439325,0.038804203560675044,9,24,30,3,23,11,
19,4,100,RL_adaptive,2.2723757490332064,0.01643823087223149,0.9904134705715251,0.009586529428474933,12,42,23,0,12,11,0.9904134705715251
19,4,250,Z_only,2.2723757490332064,0.01643823087223149,0.822712445985233,0.17728755401476703,44,206,0,0,0,0,
19,4,250,ZX_split,2.2723757490332064,0.01643823087223149,0.9999605723490393,3.9427650960655036e-05,19,106,114,11,0,0,
19,4,250,XYZ_split,2.2723757490332064,0.01643823087223149,0.988767545696508,0.011232454303491957,6,77,74,9,51,33,
19,4,250,RL_adaptive,2.2723757490332064,0.01643823087223149,0.9962607609300145,0.0037392390699855227,18,69,78,10,42,33,0.9962607609300145
19,4,500,Z_only,2.2723757490332064,0.01643823087223149,0.822712445985233,0.17728755401476703,88,412,0,0,0,0,
19,4,500,ZX_split,2.2723757490332064,0.01643823087223149,0.996538241727903,0.0034617582720970486,32,218,212,38,0,0,
19,4,500,XYZ_split,2.2723757490332064,0.01643823087223149,0.9990892475173195,0.0009107524826804658,27,139,152,14,80,88,
19,4,500,RL_adaptive,2.2723757490332064,0.01643823087223149,0.9806858033733432,0.019314196626656788,49,181,156,20,35,59,0.9806858033733432
20,0,10,Z_only,1.6151928083276361,5.018977527642449,0.47780905081308667,0.5221909491869133,5,5,0,0,0,0,
20,0,10,ZX_split,1.6151928083276361,5.018977527642449,0.5266208346444448,0.47337916535555524,4,1,3,2,0,0,
20,0,10,XYZ_split,1.6151928083276361,5.018977527642449,0.9828976226941436,0.017102377305856398,1,2,2,1,0,4,
20,0,10,RL_adaptive,1.6151928083276361,5.018977527642449,0.8747932321997386,0.1252067678002614,0,1,1,0,0,8,0.8747932321997386
20,0,25,Z_only,1.6151928083276361,5.018977527642449,0.47780905081308667,0.5221909491869133,13,12,0,0,0,0,
20,0,25,ZX_split,1.6151928083276361,5.018977527642449,0.6092216139478542,0.39077838605214577,7,5,8,5,0,0,
20,0,25,XYZ_split,1.6151928083276361,5.018977527642449,0.8900830498187361,0.1099169501812639,7,1,5,3,0,9,
20,0,25,RL_adaptive,1.6151928083276361,5.018977527642449,0.8084406190451884,0.19155938095481162,0,1,6,12,0,6,0.8084406190451884
20,0,50,Z_only,1.6151928083276361,5.018977527642449,0.47780905081308667,0.5221909491869133,29,21,0,0,0,0,
20,0,50,ZX_split,1.6151928083276361,5.018977527642449,0.6461018768399943,0.3538981231600057,13,12,16,9,0,0,
20,0,50,XYZ_split,1.6151928083276361,5.018977527642449,0.977814453089093,0.022185546910907017,6,10,13,3,0,18,
20,0,50,RL_adaptive,1.6151928083276361,5.018977527642449,0.9566139783982403,0.04338602160175975,15,9,10,10,0,6,0.9566139783982403
20,0,100,Z_only,1.6151928083276361,5.018977527642449,0.47780905081308667,0.5221909491869133,55,45,0,0,0,0,
20,0,100,ZX_split,1.6151928083276361,5.018977527642449,0.6315827019381663,0.36841729806183365,21,29,30,20,0,0,
20,0,100,XYZ_split,1.6151928083276361,5.018977527642449,0.9905472892439231,0.009452710756076899,16,17,25,8,1,33,
20,0,100,RL_adaptive,1.6151928083276361,5.018977527642449,0.9953126205374939,0.0046873794625060805,28,39,10,5,1,17,0.9953126205374939
20,0,250,Z_only,1.6151928083276361,5.018977527642449,0.5221909491869134,0.47780905081308656,106,144,0,0,0,0,
20,0,250,ZX_split,1.6151928083276361,5.018977527642449,0.6504116663094296,0.3495883336905704,56,69,83,42,0,0,
20,0,250,XYZ_split,1.6151928083276361,5.018977527642449,0.9988851200619008,0.0011148799380992225,38,45,56,27,3,81,
20,0,250,RL_adaptive,1.6151928083276361,5.018977527642449,0.9960610127949487,0.003938987205051259,48,42,46,28,2,84,0.9960610127949487
20,0,500,Z_only,1.6151928083276361,5.018977527642449,0.5221909491869134,0.47780905081308656,225,275,0,0,0,0,
20,0,500,ZX_split,1.6151928083276361,5.018977527642449,0.6495614929327348,0.3504385070672652,127,123,168,82,0,0,
20,0,500,XYZ_split,1.6151928083276361,5.018977527642449,0.9998579098710025,0.00014209012899746298,78,88,110,56,3,165,
20,0,500,RL_adaptive,1.6151928083276361,5.018977527642449,0.9987506102831353,0.0012493897168647239,103,114,129,58,2,94,0.9987506102831353
20,1,10,Z_only,1.6151928083276361,5.018977527642449,0.47780905081308667,0.5221909491869133,5,5,0,0,0,0,
20,1,10,ZX_split,1.6151928083276361,5.018977527642449,0.6500364468050422,0.34996355319495775,2,3,4,1,0,0,
20,1,10,XYZ_split,1.6151928083276361,5.018977527642449,0.8786070994237769,0.1213929005762231,2,1,1,2,0,4,
20,1,10,RL_adaptive,1.6151928083276361,5.018977527642449,0.8747932321997386,0.1252067678002614,0,1,1,0,0,8,0.8747932321997386
20,1,25,Z_only,1.6151928083276361,5.018977527642449,0.5221909491869134,0.47780905081308656,10,15,0,0,0,0,
20,1,25,ZX_split,1.6151928083276361,5.018977527642449,0.6505759310577511,0.34942406894224887,5,7,10,3,0,0,
20,1,25,XYZ_split,1.6151928083276361,5.018977527642449,0.9409305819029873,0.059069418097012716,3,5,7,1,1,8,
20,1,25,RL_adaptive,1.6151928083276361,5.018977527642449,0.8470661856304895,0.15293381436951048,1,0,12,6,0,6,0.8470661856304895
20,1,50,Z_only,1.6151928083276361,5.018977527642449,0.5221909491869134,0.47780905081308656,21,29,0,0,0,0,
20,1,50,ZX_split,1.6151928083276361,5.018977527642449,0.5687252003674693,0.4312747996325307,8,17,14,11,0,0,
20,1,50,XYZ_split,1.6151928083276361,5.018977527642449,0.9845196630068164,0.01548033699318363,9,7,9,7,2,16,
20,1,50,RL_adaptive,1.6151928083276361,5.018977527642449,0.9649307538416031,0.035069246158396905,10,14,9,10,0,7,0.9649307538416031
20,1,100,Z_only,1.6151928083276361,5.018977527642449,0.5221909491869134,0.47780905081308656,49,51,0,0,0,0,
20,1,100,ZX_split,1.6151928083276361,5.018977527642449,0.6523522994827329,0.3476477005172671,24,26,31,19,0,0,
20,1,100,XYZ_split,1.6151928083276361,5.018977527642449,0.9951123395951841,0.004887660404815919,16,17,23,10,3,31,
20,1,100,RL_adaptive,1.6151928083276361,5.018977527642449,0.9999877452700123,1.2254729987670743e-05,33,36,9,5,1,16,0.9999877452700123
20,1,250,Z_only,1.6151928083276361,5.018977527642449,0.47780905081308667,0.5221909491869133,131,119,0,0,0,0,
20,1,250,ZX_split,1.6151928083276361,5.018977527642449,0.6508282141856796,0.3491717858143204,57,68,81,44,0,0,
20,1,250,XYZ_split,1.6151928083276361,5.018977527642449,0.9940274665925292,0.005972533407470837,33,50,53,30,0,84,
20,1,250,RL_adaptive,1.6151928083276361,5.018977527642449,0.9930299073645119,0.00697009263548809,36,54,42,26,1,91,0.9930299073645119
20,1,500,Z_only,1.6151928083276361,5.018977527642449,0.5221909491869134,0.47780905081308656,209,291,0,0,0,0,
20,1,500,ZX_split,1.6151928083276361,5.018977527642449,0.6365558867210217,0.3634441132789783,137,113,162,88,0,0,
20,1,500,XYZ_split,1.6151928083276361,5.018977527642449,0.9987540863484747,0.0012459136515252656,85,81,110,56,3,165,
20,1,500,RL_adaptive,1.6151928083276361,5.018977527642449,0.9948540778075583,0.005145922192441699,111,104,139,53,1,92,0.9948540778075583
20,2,10,Z_only,1.6151928083276361,5.018977527642449,0.47780905081308667,0.5221909491869133,9,1,0,0,0,0,
20,2,10,ZX_split,1.6151928083276361,5.018977527642449,0.6222914784868901,0.37770852151310985,2,3,3,2,0,0,
20,2,10,XYZ_split,1.6151928083276361,5.018977527642449,0.9828976226941436,0.017102377305856398,1,2,2,1,0,4,
20,2,10,RL_adaptive,1.6151928083276361,5.018977527642449,0.8747932321997386,0.1252067678002614,0,1,1,0,0,8,0.8747932321997386
20,2,25,Z_only,1.6151928083276361,5.018977527642449,0.5221909491869134,0.47780905081308656,11,14,0,0,0,0,
20,2,25,ZX_split,1.6151928083276361,5.018977527642449,0.6505759310577511,0.34942406894224887,5,7,10,3,0,0,
20,2,25,XYZ_split,1.6151928083276361,5.018977527642449,0.9358634286265493,0.06413657137345075,2,6,4,4,0,9,
20,2,25,RL_adaptive,1.6151928083276361,5.018977527642449,0.7656486270383105,0.2343513729616895,1,0,9,8,1,6,0.7656486270383105
20,2,50,Z_only,1.6151928083276361,5.018977527642449,0.5221909491869134,0.47780905081308656,22,28,0,0,0,0,
20,2,50,ZX_split,1.6151928083276361,5.018977527642449,0.49935210265572594,0.5006478973442741,16,9,13,12,0,0,
20,2,50,XYZ_split,1.6151928083276361,5.018977527642449,0.933084618189791,0.06691538181020895,5,11,7,9,0,18,
20,2,50,RL_adaptive,1.6151928083276361,5.018977527642449,0.9636365544243667,0.03636344557563331,7,18,15,4,0,6,0.9636365544243667
20,2,100,Z_only,1.6151928083276361,5.018977527642449,0.5221909491869134,0.47780905081308656,48,52,0,0,0,0,
20,2,100,ZX_split,1.6151928083276361,5.018977527642449,0.6516362370903053,0.34836376290969473,23,27,33,17,0,0,
20,2,100,XYZ_split,1.6151928083276361,5.018977527642449,0.9970623817350394,0.0029376182649606397,14,19,21,12,0,34,
20,2,100,RL_adaptive,1.6151928083276361,5.018977527642449,0.9973291171468363,0.0026708828531637474,37,34,9,4,0,16,0.9973291171468363
20,2,250,Z_only,1.6151928083276361,5.018977527642449,0.5221909491869134,0.47780905081308656,122,128,0,0,0,0,
20,2,250,ZX_split,1.6151928083276361,5.018977527642449,0.6522292228576428,0.34777077714235716,60,65,87,38,0,0,
20,2,250,XYZ_split,1.6151928083276361,5.018977527642449,0.9977685391541381,0.002231460845861899,42,41,57,26,3,81,
20,2,250,RL_adaptive,1.6151928083276361,5.018977527642449,0.9972959301580607,0.0027040698419392717,41,46,52,22,3,86,0.9972959301580607
20,2,500,Z_only,1.6151928083276361,5.018977527642449,0.5221909491869134,0.47780905081308656,248,252,0,0,0,0,
20,2,500,ZX_split,1.6151928083276361,5.018977527642449,0.6512515790317654,0.34874842096823455,124,126,166,84,0,0,
20,2,500,XYZ_split,1.6151928083276361,5.018977527642449,0.9984615476796533,0.0015384523203466616,81,85,114,52,6,162,
20,2,500,RL_adaptive,1.6151928083276361,5.018977527642449,0.9957224651658976,0.0042775348341024255,91,129,123,59,2,96,0.9957224651658976
20,3,10,Z_only,1.6151928083276361,5.018977527642449,0.47780905081308667,0.5221909491869133,5,5,0,0,0,0,
20,3,10,ZX_split,1.6151928083276361,5.018977527642449,0.5687252003674693,0.4312747996325307,1,4,3,2,0,0,
20,3,10,XYZ_split,1.6151928083276361,5.018977527642449,0.8786070994237769,0.1213929005762231,2,1,1,2,0,4,
20,3,10,RL_adaptive,1.6151928083276361,5.018977527642449,0.8491693312264631,0.1508306687735369,1,0,1,0,0,8,0.8491693312264631
20,3,25,Z_only,1.6151928083276361,5.018977527642449,0.5221909491869134,0.47780905081308656,11,14,0,0,0,0,
20,3,25,ZX_split,1.6151928083276361,5.018977527642449,0.6284576784744568,0.37154232152554323,4,8,9,4,0,0,
20,3,25,XYZ_split,1.6151928083276361,5.018977527642449,0.9388868108274239,0.06111318917257613,6,2,5,3,0,9,
20,3,25,RL_adaptive,1.6151928083276361,5.018977527642449,0.8405534267055138,0.1594465732944862,1,0,11,7,0,6,0.8405534267055138
20,3,50,Z_only,1.6151928083276361,5.018977527642449,0.47780905081308667,0.5221909491869133,28,22,0,0,0,0,
20,3,50,ZX_split,1.6151928083276361,5.018977527642449,0.6512821018907426,0.34871789810925735,11,14,18,7,0,0,
20,3,50,XYZ_split,1.6151928083276361,5.018977527642449,0.9579181569320875,0.04208184306791252,10,6,14,2,0,18,
20,3,50,RL_adaptive,1.6151928083276361,5.018977527642449,0.9762161201015719,0.023783879898428117,12,13,9,9,2,5,0.9762161201015719
20,3,100,Z_only,1.6151928083276361,5.018977527642449,0.5221909491869134,0.47780905081308656,46,54,0,0,0,0,
20,3,100,ZX_split,1.6151928083276361,5.018977527642449,0.6249155616589127,0.3750844383410873,26,24,27,23,0,0,
20,3,100,XYZ_split,1.6151928083276361,5.018977527642449,0.9746109460053013,0.025389053994698707,21,12,20,13,0,34,
20,3,100,RL_adaptive,1.6151928083276361,5.018977527642449,0.9990650961531569,0.0009349038468431381,33,37,9,4,0,17,0.9990650961531569
20,3,250,Z_only,1.6151928083276361,5.018977527642449,0.5221909491869134,0.47780905081308656,120,130,0,0,0,0,
20,3,250,ZX_split,1.6151928083276361,5.018977527642449,0.6417746266064012,0.35822537339359883,49,76,86,39,0,0,
20,3,250,XYZ_split,1.6151928083276361,5.018977527642449,0.9991829131389242,0.0008170868610758442,42,41,54,29,3,81,
20,3,250,RL_adaptive,1.6151928083276361,5.018977527642449,0.9988297796757956,0.0011702203242044407,42,49,44,28,6,81,0.9988297796757956
20,3,500,Z_only,1.6151928083276361,5.018977527642449,0.47780905081308667,0.5221909491869133,266,234,0,0,0,0,
20,3,500,ZX_split,1.6151928083276361,5.018977527642449,0.6523044622971592,0.3476955377028408,118,132,164,86,0,0,
20,3,500,XYZ_split,1.6151928083276361,5.018977527642449,0.9998789659872825,0.00012103401271745806,79,87,107,59,1,167,
20,3,500,RL_adaptive,1.6151928083276361,5.018977527642449,0.9985374607289982,0.001462539271001817,96,123,117,64,0,100,0.9985374607289982
20,4,10,Z_only,1.6151928083276361,5.018977527642449,0.5221909491869134,0.47780905081308656,1,9,0,0,0,0,
20,4,10,ZX_split,1.6151928083276361,5.018977527642449,0.6222914784868901,0.37770852151310985,1,4,4,1,0,0,
20,4,10,XYZ_split,1.6151928083276361,5.018977527642449,0.8084406190451884,0.19155938095481162,0,3,1,2,0,4,
20,4,10,RL_adaptive,1.6151928083276361,5.018977527642449,0.6150780247444362,0.3849219752555638,1,0,0,1,1,7,0.6150780247444362
20,4,25,Z_only,1.6151928083276361,5.018977527642449,0.5221909491869134,0.47780905081308656,9,16,0,0,0,0,
20,4,25,ZX_split,1.6151928083276361,5.018977527642449,0.5833237294745394,0.41667627052546063,5,7,7,6,0,0,
20,4,25,XYZ_split,1.6151928083276361,5.018977527642449,0.9579181569320875,0.04208184306791252,5,3,7,1,0,9,
20,4,25,RL_adaptive,1.6151928083276361,5.018977527642449,0.881207455727135,0.11879254427286501,0,1,17,2,0,5,0.881207455727135
20,4,50,Z_only,1.6151928083276361,5.018977527642449,0.47780905081308667,0.5221909491869133,28,22,0,0,0,0,
20,4,50,ZX_split,1.6151928083276361,5.018977527642449,0.6432564259628664,0.35674357403713364,9,16,19,6,0,0,
20,4,50,XYZ_split,1.6151928083276361,5.018977527642449,0.9878386164814908,0.01216138351850915,9,7,12,4,0,18,
20,4,50,RL_adaptive,1.6151928083276361,5.018977527642449,0.9878006806753078,0.012199319324692204,14,11,12,7,1,5,0.9878006806753078
20,4,100,Z_only,1.6151928083276361,5.018977527642449,0.5221909491869134,0.47780905081308656,46,54,0,0,0,0,
20,4,100,ZX_split,1.6151928083276361,5.018977527642449,0.6396014337440907,0.36039856625590927,20,30,33,17,0,0,
20,4,100,XYZ_split,1.6151928083276361,5.018977527642449,0.9813320769182946,0.018667923081705395,20,13,20,13,1,33,
20,4,100,RL_adaptive,1.6151928083276361,5.018977527642449,0.9910446345196744,0.008955365480325606,32,38,10,3,0,17,0.9910446345196744
20,4,250,Z_only,1.6151928083276361,5.018977527642449,0.5221909491869134,0.47780905081308656,119,131,0,0,0,0,
20,4,250,ZX_split,1.6151928083276361,5.018977527642449,0.6351182917379283,0.36488170826207167,52,73,77,48,0,0,
20,4,250,XYZ_split,1.6151928083276361,5.018977527642449,0.9913646641510524,0.0086353358489476,35,48,60,23,4,80,
20,4,250,RL_adaptive,1.6151928083276361,5.018977527642449,0.9920047560826419,0.007995243917358064,40,52,39,29,1,89,0.9920047560826419
20,4,500,Z_only,1.6151928083276361,5.018977527642449,0.5221909491869134,0.47780905081308656,214,286,0,0,0,0,
20,4,500,ZX_split,1.6151928083276361,5.018977527642449,0.6403803813010844,0.35961961869891557,108,142,153,97,0,0,
20,4,500,XYZ_split,1.6151928083276361,5.018977527642449,0.9896099525359768,0.010390047464023167,70,96,94,72,4,164,
20,4,500,RL_adaptive,1.6151928083276361,5.018977527642449,0.999152194322448,0.0008478056775520493,99,119,121,62,4,95,0.999152194322448
21,0,10,Z_only,1.9432487079798202,4.432359391877822,0.6819503821526343,0.31804961784736574,2,8,0,0,0,0,
21,0,10,ZX_split,1.9432487079798202,4.432359391877822,0.7196752115767114,0.28032478842328856,2,3,2,3,0,0,
21,0,10,XYZ_split,1.9432487079798202,4.432359391877822,0.8111795610970137,0.18882043890298628,2,1,2,1,0,4,
21,0,10,RL_adaptive,1.9432487079798202,4.432359391877822,0.9037722943304369,0.09622770566956307,0,1,0,1,1,7,0.9037722943304369
21,0,25,Z_only,1.9432487079798202,4.432359391877822,0.6819503821526343,0.31804961784736574,4,21,0,0,0,0,
21,0,25,ZX_split,1.9432487079798202,4.432359391877822,0.6949074030664362,0.30509259693356383,4,8,2,11,0,0,
21,0,25,XYZ_split,1.9432487079798202,4.432359391877822,0.9983623918236614,0.001637608176338623,3,5,3,5,1,8,
21,0,25,RL_adaptive,1.9432487079798202,4.432359391877822,0.9538580159575534,0.04614198404244663,0,1,8,10,0,6,0.9538580159575534
21,0,50,Z_only,1.9432487079798202,4.432359391877822,0.6819503821526343,0.31804961784736574,17,33,0,0,0,0,
21,0,50,ZX_split,1.9432487079798202,4.432359391877822,0.7189051184892379,0.2810948815107621,7,18,10,15,0,0,
21,0,50,XYZ_split,1.9432487079798202,4.432359391877822,0.9642758425689555,0.03572415743104451,8,8,5,11,0,18,
21,0,50,RL_adaptive,1.9432487079798202,4.432359391877822,0.9577595087829004,0.04224049121709961,8,16,11,8,0,7,0.9577595087829004
21,0,100,Z_only,1.9432487079798202,4.432359391877822,0.6819503821526343,0.31804961784736574,35,65,0,0,0,0,
21,0,100,ZX_split,1.9432487079798202,4.432359391877822,0.7161411848254416,0.28385881517455835,19,31,18,32,0,0,
21,0,100,XYZ_split,1.9432487079798202,4.432359391877822,0.9999751293738717,2.4870626128326023e-05,10,23,12,21,1,33,
21,0,100,RL_adaptive,1.9432487079798202,4.432359391877822,0.98955985206708,0.01044014793292003,21,43,7,8,0,21,0.98955985206708
21,0,250,Z_only,1.9432487079798202,4.432359391877822,0.6819503821526343,0.31804961784736574,82,168,0,0,0,0,
21,0,250,ZX_split,1.9432487079798202,4.432359391877822,0.7187632317715922,0.2812367682284078,41,84,40,85,0,0,
21,0,250,XYZ_split,1.9432487079798202,4.432359391877822,0.9931259855123472,0.006874014487652791,33,50,34,49,5,79,
21,0,250,RL_adaptive,1.9432487079798202,4.432359391877822,0.9912140149838381,0.008785985016161901,24,73,26,34,6,87,0.9912140149838381
21,0,500,Z_only,1.9432487079798202,4.432359391877822,0.6819503821526343,0.31804961784736574,159,341,0,0,0,0,
21,0,500,ZX_split,1.9432487079798202,4.432359391877822,0.7224015011974579,0.27759849880254206,67,183,78,172,0,0,
21,0,500,XYZ_split,1.9432487079798202,4.432359391877822,0.9971381064428684,0.002861893557131623,45,121,66,100,10,158,
21,0,500,RL_adaptive,1.9432487079798202,4.432359391877822,0.9998124311858357,0.00018756881416426285,67,156,54,97,5,121,0.9998124311858357
21,1,10,Z_only,1.9432487079798202,4.432359391877822,0.6819503821526343,0.31804961784736574,4,6,0,0,0,0,
21,1,10,ZX_split,1.9432487079798202,4.432359391877822,0.7196752115767114,0.28032478842328856,2,3,2,3,0,0,
21,1,10,XYZ_split,1.9432487079798202,4.432359391877822,0.9985192109919143,0.0014807890080856811,1,2,1,2,0,4,
21,1,10,RL_adaptive,1.9432487079798202,4.432359391877822,0.9377732436719468,0.06222675632805319,0,1,0,1,0,8,0.9377732436719468
21,1,25,Z_only,1.9432487079798202,4.432359391877822,0.6819503821526343,0.31804961784736574,7,18,0,0,0,0,
21,1,25,ZX_split,1.9432487079798202,4.432359391877822,0.7052142414079456,0.29478575859205436,4,8,3,10,0,0,
21,1,25,XYZ_split,1.9432487079798202,4.432359391877822,0.9789467978412333,0.021053202158766715,2,6,2,6,1,8,
21,1,25,RL_adaptive,1.9432487079798202,4.432359391877822,0.9597285893335916,0.04027141066640838,0,1,7,11,0,6,0.9597285893335916
21,1,50,Z_only,1.9432487079798202,4.432359391877822,0.6819503821526343,0.31804961784736574,17,33,0,0,0,0,
21,1,50,ZX_split,1.9432487079798202,4.432359391877822,0.7179430106602616,0.28205698933973844,9,16,11,14,0,0,
21,1,50,XYZ_split,1.9432487079798202,4.432359391877822,0.9625624042387236,0.037437595761276365,5,11,9,7,1,17,
21,1,50,RL_adaptive,1.9432487079798202,4.432359391877822,0.9832398824550193,0.016760117544980746,3,20,5,14,0,8,0.9832398824550193
21,1,100,Z_only,1.9432487079798202,4.432359391877822,0.6819503821526343,0.31804961784736574,31,69,0,0,0,0,
21,1,100,ZX_split,1.9432487079798202,4.432359391877822,0.7146426073533458,0.28535739264665416,11,39,20,30,0,0,
21,1,100,XYZ_split,1.9432487079798202,4.432359391877822,0.9995028055599434,0.0004971944400565809,11,22,12,21,1,33,
21,1,100,RL_adaptive,1.9432487079798202,4.432359391877822,0.9947031451804016,0.005296854819598407,23,42,7,9,1,18,0.9947031451804016
21,1,250,Z_only,1.9432487079798202,4.432359391877822,0.6819503821526343,0.31804961784736574,79,171,0,0,0,0,
21,1,250,ZX_split,1.9432487079798202,4.432359391877822,0.712887430362582,0.28711256963741805,46,79,41,84,0,0,
21,1,250,XYZ_split,1.9432487079798202,4.432359391877822,0.9866459964701026,0.013354003529897351,35,48,27,56,8,76,
21,1,250,RL_adaptive,1.9432487079798202,4.432359391877822,0.99108069966452,0.008919300335480052,32,65,30,34,9,80,0.99108069966452
21,1,500,Z_only,1.9432487079798202,4.432359391877822,0.6819503821526343,0.31804961784736574,155,345,0,0,0,0,
21,1,500,ZX_split,1.9432487079798202,4.432359391877822,0.7226784684377756,0.2773215315622244,81,169,91,159,0,0,
21,1,500,XYZ_split,1.9432487079798202,4.432359391877822,0.997841581614017,0.002158418385982963,59,107,57,109,10,158,
21,1,500,RL_adaptive,1.9432487079798202,4.432359391877822,0.9989343012065871,0.0010656987934128948,75,146,64,93,9,113,0.9989343012065871
21,2,10,Z_only,1.9432487079798202,4.432359391877822,0.6819503821526343,0.31804961784736574,4,6,0,0,0,0,
21,2,10,ZX_split,1.9432487079798202,4.432359391877822,0.5645741721381555,0.43542582786184447,3,2,1,4,0,0,
21,2,10,XYZ_split,1.9432487079798202,4.432359391877822,0.9383757827715802,0.06162421722841982,1,2,0,3,0,4,
21,2,10,RL_adaptive,1.9432487079798202,4.432359391877822,0.9377732436719468,0.06222675632805319,0,1,0,1,0,8,0.9377732436719468
21,2,25,Z_only,1.9432487079798202,4.432359391877822,0.6819503821526343,0.31804961784736574,8,17,0,0,0,0,
21,2,25,ZX_split,1.9432487079798202,4.432359391877822,0.6602622207254709,0.3397377792745291,3,9,7,6,0,0,
21,2,25,XYZ_split,1.9432487079798202,4.432359391877822,0.9115335960610909,0.08846640393890914,4,4,1,7,1,8,
21,2,25,RL_adaptive,1.9432487079798202,4.432359391877822,0.9258262960745173,0.07417370392548273,0,1,4,13,1,6,0.9258262960745173
21,2,50,Z_only,1.9432487079798202,4.432359391877822,0.6819503821526343,0.31804961784736574,16,34,0,0,0,0,
21,2,50,ZX_split,1.9432487079798202,4.432359391877822,0.6078369539603252,0.3921630460396748,13,12,8,17,0,0,
21,2,50,XYZ_split,1.9432487079798202,4.432359391877822,0.993550505403025,0.0064494945969749695,5,11,5,11,2,16,
21,2,50,RL_adaptive,1.9432487079798202,4.432359391877822,0.9998591740972902,0.00014082590270980688,7,16,7,12,0,8,0.9998591740972902
21,2,100,Z_only,1.9432487079798202,4.432359391877822,0.6819503821526343,0.31804961784736574,34,66,0,0,0,0,
21,2,100,ZX_split,1.9432487079798202,4.432359391877822,0.7176361465602377,0.28236385343976234,15,35,14,36,0,0,
21,2,100,XYZ_split,1.9432487079798202,4.432359391877822,0.9939696124578282,0.006030387542171778,13,20,14,19,3,31,
21,2,100,RL_adaptive,1.9432487079798202,4.432359391877822,0.9900309149198866,0.009969085080113405,18,45,7,8,0,22,0.9900309149198866
21,2,250,Z_only,1.9432487079798202,4.432359391877822,0.6819503821526343,0.31804961784736574,70,180,0,0,0,0,
21,2,250,ZX_split,1.9432487079798202,4.432359391877822,0.7223693411670804,0.2776306588329196,41,84,45,80,0,0,
21,2,250,XYZ_split,1.9432487079798202,4.432359391877822,0.9886306814220275,0.01136931857797252,29,54,22,61,5,79,
21,2,250,RL_adaptive,1.9432487079798202,4.432359391877822,0.9994323989689561,0.0005676010310439183,36,64,24,39,9,78,0.9994323989689561
21,2,500,Z_only,1.9432487079798202,4.432359391877822,0.6819503821526343,0.31804961784736574,146,354,0,0,0,0,
21,2,500,ZX_split,1.9432487079798202,4.432359391877822,0.7159146350926667,0.28408536490733327,91,159,85,165,0,0,
21,2,500,XYZ_split,1.9432487079798202,4.432359391877822,0.9951675519776916,0.004832448022308422,41,125,63,103,11,157,
21,2,500,RL_adaptive,1.9432487079798202,4.432359391877822,0.9990088257241373,0.0009911742758627051,64,160,54,96,7,119,0.9990088257241373
21,3,10,Z_only,1.9432487079798202,4.432359391877822,0.6819503821526343,0.31804961784736574,3,7,0,0,0,0,
21,3,10,ZX_split,1.9432487079798202,4.432359391877822,0.6796496978862302,0.3203503021137698,2,3,1,4,0,0,
21,3,10,XYZ_split,1.9432487079798202,4.432359391877822,0.9985192109919143,0.0014807890080856811,1,2,1,2,0,4,
21,3,10,RL_adaptive,1.9432487079798202,4.432359391877822,0.9377732436719468,0.06222675632805319,0,1,0,1,0,8,0.9377732436719468
21,3,25,Z_only,1.9432487079798202,4.432359391877822,0.6819503821526343,0.31804961784736574,9,16,0,0,0,0,
21,3,25,ZX_split,1.9432487079798202,4.432359391877822,0.7062341548166852,0.29376584518331483,4,8,6,7,0,0,
21,3,25,XYZ_split,1.9432487079798202,4.432359391877822,0.9981760355895024,0.0018239644104975916,2,6,3,5,0,9,
21,3,25,RL_adaptive,1.9432487079798202,4.432359391877822,0.710101029569227,0.28989897043077295,1,0,6,11,0,7,0.710101029569227
21,3,50,Z_only,1.9432487079798202,4.432359391877822,0.6819503821526343,0.31804961784736574,16,34,0,0,0,0,
21,3,50,ZX_split,1.9432487079798202,4.432359391877822,0.7062341548166852,0.29376584518331483,6,19,11,14,0,0,
21,3,50,XYZ_split,1.9432487079798202,4.432359391877822,0.9697559830858363,0.030244016914163674,6,10,3,13,1,17,
21,3,50,RL_adaptive,1.9432487079798202,4.432359391877822,0.8771288599346907,0.1228711400653093,8,16,5,13,3,5,0.8771288599346907
21,3,100,Z_only,1.9432487079798202,4.432359391877822,0.6819503821526343,0.31804961784736574,31,69,0,0,0,0,
21,3,100,ZX_split,1.9432487079798202,4.432359391877822,0.700127659649789,0.29987234035021104,19,31,14,36,0,0,
21,3,100,XYZ_split,1.9432487079798202,4.432359391877822,0.9746660823694726,0.02533391763052739,13,20,17,16,4,30,
21,3,100,RL_adaptive,1.9432487079798202,4.432359391877822,0.993485612318881,0.006514387681119005,20,42,6,12,3,17,0.993485612318881
21,3,250,Z_only,1.9432487079798202,4.432359391877822,0.6819503821526343,0.31804961784736574,75,175,0,0,0,0,
21,3,250,ZX_split,1.9432487079798202,4.432359391877822,0.7212483039087143,0.2787516960912857,41,84,43,82,0,0,
21,3,250,XYZ_split,1.9432487079798202,4.432359391877822,0.9962351044663613,0.003764895533638679,23,60,25,58,3,81,
21,3,250,RL_adaptive,1.9432487079798202,4.432359391877822,0.9951955592905009,0.004804440709499147,34,68,18,41,6,83,0.9951955592905009
21,3,500,Z_only,1.9432487079798202,4.432359391877822,0.6819503821526343,0.31804961784736574,143,357,0,0,0,0,
21,3,500,ZX_split,1.9432487079798202,4.432359391877822,0.7179430106602616,0.28205698933973844,76,174,104,146,0,0,
21,3,500,XYZ_split,1.9432487079798202,4.432359391877822,0.9998904666947935,0.0001095333052064662,51,115,59,107,6,162,
21,3,500,RL_adaptive,1.9432487079798202,4.432359391877822,0.9966441500847966,0.003355849915203435,81,139,62,96,4,118,0.9966441500847966
21,4,10,Z_only,1.9432487079798202,4.432359391877822,0.6819503821526343,0.31804961784736574,3,7,0,0,0,0,
21,4,10,ZX_split,1.9432487079798202,4.432359391877822,0.28032478842328845,0.7196752115767115,3,2,3,2,0,0,
21,4,10,XYZ_split,1.9432487079798202,4.432359391877822,0.962800804533183,0.03719919546681705,0,3,1,2,0,4,
21,4,10,RL_adaptive,1.9432487079798202,4.432359391877822,0.5790451253380271,0.4209548746619729,1,0,1,0,0,8,0.5790451253380271
21,4,25,Z_only,1.9432487079798202,4.432359391877822,0.6819503821526343,0.31804961784736574,12,13,0,0,0,0,
21,4,25,ZX_split,1.9432487079798202,4.432359391877822,0.7191435863303237,0.2808564136696763,3,9,5,8,0,0,
21,4,25,XYZ_split,1.9432487079798202,4.432359391877822,0.8964604611198358,0.1035395388801642,0,8,2,6,2,7,
21,4,25,RL_adaptive,1.9432487079798202,4.432359391877822,0.9597285893335916,0.04027141066640838,0,1,7,11,0,6,0.9597285893335916
21,4,50,Z_only,1.9432487079798202,4.432359391877822,0.6819503821526343,0.31804961784736574,18,32,0,0,0,0,
21,4,50,ZX_split,1.9432487079798202,4.432359391877822,0.7008820649953797,0.29911793500462025,10,15,8,17,0,0,
21,4,50,XYZ_split,1.9432487079798202,4.432359391877822,0.9808395040383553,0.019160495961644708,3,13,3,13,0,18,
21,4,50,RL_adaptive,1.9432487079798202,4.432359391877822,0.9765971094685113,0.023402890531488696,7,16,3,16,0,8,0.9765971094685113
21,4,100,Z_only,1.9432487079798202,4.432359391877822,0.6819503821526343,0.31804961784736574,40,60,0,0,0,0,
21,4,100,ZX_split,1.9432487079798202,4.432359391877822,0.721692540099705,0.27830745990029504,17,33,18,32,0,0,
21,4,100,XYZ_split,1.9432487079798202,4.432359391877822,0.9692633373103543,0.0307366626896457,8,25,7,26,4,30,
21,4,100,RL_adaptive,1.9432487079798202,4.432359391877822,0.9890215331833585,0.010978466816641497,22,43,7,8,0,20,0.9890215331833585
21,4,250,Z_only,1.9432487079798202,4.432359391877822,0.6819503821526343,0.31804961784736574,74,176,0,0,0,0,
21,4,250,ZX_split,1.9432487079798202,4.432359391877822,0.7161783790396917,0.2838216209603083,38,87,53,72,0,0,
21,4,250,XYZ_split,1.9432487079798202,4.432359391877822,0.9965663602156015,0.003433639784398479,24,59,35,48,5,79,
21,4,250,RL_adaptive,1.9432487079798202,4.432359391877822,0.9998622384650475,0.00013776153495248522,32,67,22,38,3,88,0.9998622384650475
21,4,500,Z_only,1.9432487079798202,4.432359391877822,0.6819503821526343,0.31804961784736574,170,330,0,0,0,0,
21,4,500,ZX_split,1.9432487079798202,4.432359391877822,0.7206228329749049,0.2793771670250951,84,166,104,146,0,0,
21,4,500,XYZ_split,1.9432487079798202,4.432359391877822,0.996057167280799,0.003942832719201039,60,106,54,112,7,161,
21,4,500,RL_adaptive,1.9432487079798202,4.432359391877822,0.9998099985560398,0.00019000144396019714,68,155,58,95,4,120,0.9998099985560398
22,0,10,Z_only,2.633490359920875,3.3422235870402246,0.9368346763197682,0.06316532368023176,0,10,0,0,0,0,
22,0,10,ZX_split,2.633490359920875,3.3422235870402246,0.929159207294057,0.07084079270594301,1,4,0,5,0,0,
22,0,10,XYZ_split,2.633490359920875,3.3422235870402246,0.9633150442755861,0.03668495572441388,0,3,1,2,1,3,
22,0,10,RL_adaptive,2.633490359920875,3.3422235870402246,0.6161431860784765,0.3838568139215235,0,1,1,0,6,2,0.6161431860784765
22,0,25,Z_only,2.633490359920875,3.3422235870402246,0.9368346763197682,0.06316532368023176,3,22,0,0,0,0,
22,0,25,ZX_split,2.633490359920875,3.3422235870402246,0.9932913499700571,0.00670865002994292,0,12,4,9,0,0,
22,0,25,XYZ_split,2.633490359920875,3.3422235870402246,0.9395164595395383,0.06048354046046167,0,8,4,4,4,5,
22,0,25,RL_adaptive,2.633490359920875,3.3422235870402246,0.9832046606072263,0.016795339392773667,0,1,2,15,4,3,0.9832046606072263
22,0,50,Z_only,2.633490359920875,3.3422235870402246,0.9368346763197682,0.06316532368023176,3,47,0,0,0,0,
22,0,50,ZX_split,2.633490359920875,3.3422235870402246,0.9940228678078891,0.005977132192110934,2,23,5,20,0,0,
22,0,50,XYZ_split,2.633490359920875,3.3422235870402246,0.9081587738866811,0.09184122611331891,2,14,7,9,4,14,
22,0,50,RL_adaptive,2.633490359920875,3.3422235870402246,0.9888425354007063,0.011157464599293676,3,21,3,14,4,5,0.9888425354007063
22,0,100,Z_only,2.633490359920875,3.3422235870402246,0.9368346763197682,0.06316532368023176,9,91,0,0,0,0,
22,0,100,ZX_split,2.633490359920875,3.3422235870402246,0.9929832822945093,0.007016717705490727,2,48,8,42,0,0,
22,0,100,XYZ_split,2.633490359920875,3.3422235870402246,0.9990049879173181,0.0009950120826819342,0,33,8,25,14,20,
22,0,100,RL_adaptive,2.633490359920875,3.3422235870402246,0.9982062131177121,0.0017937868822879288,3,43,8,19,13,14,0.9982062131177121
22,0,250,Z_only,2.633490359920875,3.3422235870402246,0.9368346763197682,0.06316532368023176,17,233,0,0,0,0,
22,0,250,ZX_split,2.633490359920875,3.3422235870402246,0.9975581513467869,0.0024418486532130634,9,116,32,93,0,0,
22,0,250,XYZ_split,2.633490359920875,3.3422235870402246,0.9837532321302183,0.016246767869781742,6,77,25,58,48,36,
22,0,250,RL_adaptive,2.633490359920875,3.3422235870402246,0.9994051665424091,0.0005948334575909264,7,103,14,46,36,44,0.9994051665424091
22,0,500,Z_only,2.633490359920875,3.3422235870402246,0.9368346763197682,0.06316532368023176,25,475,0,0,0,0,
22,0,500,ZX_split,2.633490359920875,3.3422235870402246,0.9963464776724217,0.003653522327578318,13,237,74,176,0,0,
22,0,500,XYZ_split,2.633490359920875,3.3422235870402246,0.9987077961174999,0.0012922038825000648,15,151,52,114,76,92,
22,0,500,RL_adaptive,2.633490359920875,3.3422235870402246,0.9996344988655635,0.00036550113443645227,19,207,32,92,66,84,0.9996344988655635
22,1,10,Z_only,2.633490359920875,3.3422235870402246,0.9368346763197682,0.06316532368023176,0,10,0,0,0,0,
22,1,10,ZX_split,2.633490359920875,3.3422235870402246,0.9774492531292039,0.022550746870796057,1,4,1,4,0,0,
22,1,10,XYZ_split,2.633490359920875,3.3422235870402246,0.9178248898709862,0.0821751101290138,0,3,0,3,0,4,
22,1,10,RL_adaptive,2.633490359920875,3.3422235870402246,0.966303049014548,0.033696950985452,0,1,0,1,2,6,0.966303049014548
22,1,25,Z_only,2.633490359920875,3.3422235870402246,0.9368346763197682,0.06316532368023176,1,24,0,0,0,0,
22,1,25,ZX_split,2.633490359920875,3.3422235870402246,0.9962775088437549,0.0037224911562451224,1,11,3,10,0,0,
22,1,25,XYZ_split,2.633490359920875,3.3422235870402246,0.879495495506446,0.12050450449355399,1,7,4,4,6,3,
22,1,25,RL_adaptive,2.633490359920875,3.3422235870402246,0.9752602448932066,0.024739755106793382,0,1,6,11,4,3,0.9752602448932066
22,1,50,Z_only,2.633490359920875,3.3422235870402246,0.9368346763197682,0.06316532368023176,1,49,0,0,0,0,
22,1,50,ZX_split,2.633490359920875,3.3422235870402246,0.9774492531292039,0.022550746870796057,4,21,4,21,0,0,
22,1,50,XYZ_split,2.633490359920875,3.3422235870402246,0.9800555513220548,0.019944448677945203,2,14,5,11,6,12,
22,1,50,RL_adaptive,2.633490359920875,3.3422235870402246,0.901706541311273,0.09829345868872696,3,20,5,13,1,8,0.901706541311273
22,1,100,Z_only,2.633490359920875,3.3422235870402246,0.9368346763197682,0.06316532368023176,6,94,0,0,0,0,
22,1,100,ZX_split,2.633490359920875,3.3422235870402246,0.9965212587934225,0.0034787412065775403,3,47,11,39,0,0,
22,1,100,XYZ_split,2.633490359920875,3.3422235870402246,0.9726468515446844,0.027353148455315557,3,30,2,31,13,21,
22,1,100,RL_adaptive,2.633490359920875,3.3422235870402246,0.9868311813750423,0.013168818624957668,2,46,5,19,9,19,0.9868311813750423
22,1,250,Z_only,2.633490359920875,3.3422235870402246,0.9368346763197682,0.06316532368023176,15,235,0,0,0,0,
22,1,250,ZX_split,2.633490359920875,3.3422235870402246,0.996465468350523,0.003534531649477035,7,118,37,88,0,0,
22,1,250,XYZ_split,2.633490359920875,3.3422235870402246,0.9985425477417703,0.0014574522582296856,6,77,23,60,35,49,
22,1,250,RL_adaptive,2.633490359920875,3.3422235870402246,0.9809749783206383,0.01902502167936171,5,99,25,38,36,47,0.9809749783206383
22,1,500,Z_only,2.633490359920875,3.3422235870402246,0.9368346763197682,0.06316532368023176,32,468,0,0,0,0,
22,1,500,ZX_split,2.633490359920875,3.3422235870402246,0.9966758189641373,0.003324181035862739,18,232,75,175,0,0,
22,1,500,XYZ_split,2.633490359920875,3.3422235870402246,0.998996684799267,0.001003315200733046,9,157,44,122,81,87,
22,1,500,RL_adaptive,2.633490359920875,3.3422235870402246,0.9907281933687534,0.009271806631246604,18,207,33,90,83,69,0.9907281933687534
22,2,10,Z_only,2.633490359920875,3.3422235870402246,0.9368346763197682,0.06316532368023176,2,8,0,0,0,0,
22,2,10,ZX_split,2.633490359920875,3.3422235870402246,0.9972284169525177,0.0027715830474822623,0,5,1,4,0,0,
22,2,10,XYZ_split,2.633490359920875,3.3422235870402246,0.3997071384896019,0.6002928615103982,1,2,3,0,3,1,
22,2,10,RL_adaptive,2.633490359920875,3.3422235870402246,0.9617204600033686,0.03827953999663136,0,1,0,1,5,3,0.9617204600033686
22,2,25,Z_only,2.633490359920875,3.3422235870402246,0.9368346763197682,0.06316532368023176,1,24,0,0,0,0,
22,2,25,ZX_split,2.633490359920875,3.3422235870402246,0.9965234554574707,0.003476544542529325,1,11,4,9,0,0,
22,2,25,XYZ_split,2.633490359920875,3.3422235870402246,0.9979054664729731,0.0020945335270269316,1,7,2,6,4,5,
22,2,25,RL_adaptive,2.633490359920875,3.3422235870402246,0.9840856303666676,0.01591436963333237,0,1,5,12,4,3,0.9840856303666676
22,2,50,Z_only,2.633490359920875,3.3422235870402246,0.9368346763197682,0.06316532368023176,2,48,0,0,0,0,
22,2,50,ZX_split,2.633490359920875,3.3422235870402246,0.997544575362441,0.0024554246375589894,0,25,6,19,0,0,
22,2,50,XYZ_split,2.633490359920875,3.3422235870402246,0.9800555513220548,0.019944448677945203,2,14,5,11,6,12,
22,2,50,RL_adaptive,2.633490359920875,3.3422235870402246,0.9267962161112666,0.07320378388873339,2,22,1,14,8,3,0.9267962161112666
22,2,100,Z_only,2.633490359920875,3.3422235870402246,0.9368346763197682,0.06316532368023176,3,97,0,0,0,0,
22,2,100,ZX_split,2.633490359920875,3.3422235870402246,0.9909018740836328,0.009098125916367161,2,48,17,33,0,0,
22,2,100,XYZ_split,2.633490359920875,3.3422235870402246,0.9929563620459784,0.007043637954021631,4,29,9,24,13,21,
22,2,100,RL_adaptive,2.633490359920875,3.3422235870402246,0.9931206340788045,0.006879365921195535,1,43,6,22,15,13,0.9931206340788045
22,2,250,Z_only,2.633490359920875,3.3422235870402246,0.9368346763197682,0.06316532368023176,10,240,0,0,0,0,
22,2,250,ZX_split,2.633490359920875,3.3422235870402246,0.9969341020322081,0.0030658979677918863,5,120,35,90,0,0,
22,2,250,XYZ_split,2.633490359920875,3.3422235870402246,0.9981656958216425,0.0018343041783575043,2,81,23,60,35,49,
22,2,250,RL_adaptive,2.633490359920875,3.3422235870402246,0.9995233001716006,0.00047669982839937397,6,103,17,44,37,43,0.9995233001716006
22,2,500,Z_only,2.633490359920875,3.3422235870402246,0.9368346763197682,0.06316532368023176,40,460,0,0,0,0,
22,2,500,ZX_split,2.633490359920875,3.3422235870402246,0.9971742910290217,0.0028257089709783356,19,231,73,177,0,0,
22,2,500,XYZ_split,2.633490359920875,3.3422235870402246,0.9953947699848001,0.004605230015199857,8,158,45,121,87,81,
22,2,500,RL_adaptive,2.633490359920875,3.3422235870402246,0.9972166698558035,0.0027833301441965164,9,221,38,86,68,78,0.9972166698558035
22,3,10,Z_only,2.633490359920875,3.3422235870402246,0.9368346763197682,0.06316532368023176,1,9,0,0,0,0,
22,3,10,ZX_split,2.633490359920875,3.3422235870402246,0.9774492531292039,0.022550746870796057,0,5,0,5,0,0,
22,3,10,XYZ_split,2.633490359920875,3.3422235870402246,0.9898003047832586,0.010199695216741356,0,3,1,2,2,2,
22,3,10,RL_adaptive,2.633490359920875,3.3422235870402246,0.6466247919479214,0.35337520805207856,0,1,1,0,3,5,0.6466247919479214
22,3,25,Z_only,2.633490359920875,3.3422235870402246,0.9368346763197682,0.06316532368023176,2,23,0,0,0,0,
22,3,25,ZX_split,2.633490359920875,3.3422235870402246,0.9747170581303556,0.025282941869644415,2,10,2,11,0,0,
22,3,25,XYZ_split,2.633490359920875,3.3422235870402246,0.9758367613081401,0.02416323869185988,0,8,0,8,3,6,
22,3,25,RL_adaptive,2.633490359920875,3.3422235870402246,0.8948979921178992,0.10510200788210078,0,1,4,13,6,1,0.8948979921178992
22,3,50,Z_only,2.633490359920875,3.3422235870402246,0.9368346763197682,0.06316532368023176,5,45,0,0,0,0,
22,3,50,ZX_split,2.633490359920875,3.3422235870402246,0.992310239340923,0.007689760659077005,3,22,9,16,0,0,
22,3,50,XYZ_split,2.633490359920875,3.3422235870402246,0.9772441786385516,0.02275582136144838,2,14,2,14,7,11,
22,3,50,RL_adaptive,2.633490359920875,3.3422235870402246,0.9984787611231429,0.0015212388768570673,1,23,5,12,4,5,0.9984787611231429
22,3,100,Z_only,2.633490359920875,3.3422235870402246,0.9368346763197682,0.06316532368023176,8,92,0,0,0,0,
22,3,100,ZX_split,2.633490359920875,3.3422235870402246,0.9975721666006563,0.002427833399343715,4,46,14,36,0,0,
22,3,100,XYZ_split,2.633490359920875,3.3422235870402246,0.9991249807245074,0.0008750192754926056,0,33,7,26,14,20,
22,3,100,RL_adaptive,2.633490359920875,3.3422235870402246,0.99192305417575,0.008076945824250004,0,43,8,21,15,13,0.99192305417575
22,3,250,Z_only,2.633490359920875,3.3422235870402246,0.9368346763197682,0.06316532368023176,12,238,0,0,0,0,
22,3,250,ZX_split,2.633490359920875,3.3422235870402246,0.9969538240886509,0.003046175911349147,13,112,32,93,0,0,
22,3,250,XYZ_split,2.633490359920875,3.3422235870402246,0.9989827255474749,0.0010172744525250854,3,80,19,64,35,49,
22,3,250,RL_adaptive,2.633490359920875,3.3422235870402246,0.9998759231369967,0.00012407686300330845,8,101,16,45,37,43,0.9998759231369967
22,3,500,Z_only,2.633490359920875,3.3422235870402246,0.9368346763197682,0.06316532368023176,29,471,0,0,0,0,
22,3,500,ZX_split,2.633490359920875,3.3422235870402246,0.997643066828075,0.0023569331719249798,20,230,68,182,0,0,
22,3,500,XYZ_split,2.633490359920875,3.3422235870402246,0.9913863692880448,0.0086136307119552,12,154,33,133,62,106,
22,3,500,RL_adaptive,2.633490359920875,3.3422235870402246,0.9984449950552373,0.0015550049447626835,16,210,30,92,74,78,0.9984449950552373
22,4,10,Z_only,2.633490359920875,3.3422235870402246,0.9368346763197682,0.06316532368023176,1,9,0,0,0,0,
22,4,10,ZX_split,2.633490359920875,3.3422235870402246,0.9774492531292039,0.022550746870796057,1,4,1,4,0,0,
22,4,10,XYZ_split,2.633490359920875,3.3422235870402246,0.9898003047832586,0.010199695216741356,0,3,1,2,2,2,
22,4,10,RL_adaptive,2.633490359920875,3.3422235870402246,0.9785985869509123,0.021401413049087714,0,1,0,1,3,5,0.9785985869509123
22,4,25,Z_only,2.633490359920875,3.3422235870402246,0.9368346763197682,0.06316532368023176,1,24,0,0,0,0,
22,4,25,ZX_split,2.633490359920875,3.3422235870402246,0.9965234554574707,0.003476544542529325,1,11,4,9,0,0,
22,4,25,XYZ_split,2.633490359920875,3.3422235870402246,0.9454378191683747,0.05456218083162534,1,7,1,7,2,7,
22,4,25,RL_adaptive,2.633490359920875,3.3422235870402246,0.9420381544342608,0.057961845565739245,0,1,5,12,5,2,0.9420381544342608
22,4,50,Z_only,2.633490359920875,3.3422235870402246,0.9368346763197682,0.06316532368023176,1,49,0,0,0,0,
22,4,50,ZX_split,2.633490359920875,3.3422235870402246,0.9873155860020378,0.012684413997962163,1,24,9,16,0,0,
22,4,50,XYZ_split,2.633490359920875,3.3422235870402246,0.997696848038286,0.002303151961714045,1,15,5,11,8,10,
22,4,50,RL_adaptive,2.633490359920875,3.3422235870402246,0.9596084462228159,0.040391553777184064,2,22,1,15,6,4,0.9596084462228159
22,4,100,Z_only,2.633490359920875,3.3422235870402246,0.9368346763197682,0.06316532368023176,3,97,0,0,0,0,
22,4,100,ZX_split,2.633490359920875,3.3422235870402246,0.9973537257635608,0.00264627423643915,3,47,12,38,0,0,
22,4,100,XYZ_split,2.633490359920875,3.3422235870402246,0.9873596179166549,0.012640382083345059,0,33,9,24,11,23,
22,4,100,RL_adaptive,2.633490359920875,3.3422235870402246,0.9953783194015847,0.004621680598415279,3,44,5,21,11,16,0.9953783194015847
22,4,250,Z_only,2.633490359920875,3.3422235870402246,0.9368346763197682,0.06316532368023176,18,232,0,0,0,0,
22,4,250,ZX_split,2.633490359920875,3.3422235870402246,0.9974660859201969,0.002533914079803079,10,115,32,93,0,0,
22,4,250,XYZ_split,2.633490359920875,3.3422235870402246,0.9904492086855876,0.009550791314412388,5,78,23,60,46,38,
22,4,250,RL_adaptive,2.633490359920875,3.3422235870402246,0.9907244237906435,0.009275576209356484,9,99,15,43,30,54,0.9907244237906435
22,4,500,Z_only,2.633490359920875,3.3422235870402246,0.9368346763197682,0.06316532368023176,46,454,0,0,0,0,
22,4,500,ZX_split,2.633490359920875,3.3422235870402246,0.9970466246953337,0.002953375304666328,17,233,59,191,0,0,
22,4,500,XYZ_split,2.633490359920875,3.3422235870402246,0.9977126940583739,0.002287305941626072,11,155,45,121,68,100,
22,4,500,RL_adaptive,2.633490359920875,3.3422235870402246,0.9947550193827611,0.005244980617238881,13,213,24,93,80,77,0.9947550193827611
23,0,10,Z_only,2.4342667529581936,2.3361343207446543,0.8800511153701277,0.1199488846298723,1,9,0,0,0,0,
23,0,10,ZX_split,2.4342667529581936,2.3361343207446543,0.8885440735168519,0.11145592648314806,1,4,0,5,0,0,
23,0,10,XYZ_split,2.4342667529581936,2.3361343207446543,0.931726490821939,0.06827350917806096,0,3,1,2,2,2,
23,0,10,RL_adaptive,2.4342667529581936,2.3361343207446543,0.6095771023376181,0.3904228976623819,0,1,1,0,4,4,0.6095771023376181
23,0,25,Z_only,2.4342667529581936,2.3361343207446543,0.8800511153701277,0.1199488846298723,3,22,0,0,0,0,
23,0,25,ZX_split,2.4342667529581936,2.3361343207446543,0.9370871052331343,0.06291289476686568,2,10,3,10,0,0,
23,0,25,XYZ_split,2.4342667529581936,2.3361343207446543,0.9748522902820874,0.02514770971791258,0,8,3,5,6,3,
23,0,25,RL_adaptive,2.4342667529581936,2.3361343207446543,0.9711438969817433,0.028856103018256696,0,1,6,11,7,0,0.9711438969817433
23,0,50,Z_only,2.4342667529581936,2.3361343207446543,0.8800511153701277,0.1199488846298723,9,41,0,0,0,0,
23,0,50,ZX_split,2.4342667529581936,2.3361343207446543,0.939822684437754,0.060177315562246037,3,22,8,17,0,0,
23,0,50,XYZ_split,2.4342667529581936,2.3361343207446543,0.9963792478599767,0.003620752140023331,1,15,5,11,14,4,
23,0,50,RL_adaptive,2.4342667529581936,2.3361343207446543,0.9863565465820471,0.013643453417952922,0,24,0,15,9,2,0.9863565465820471
23,0,100,Z_only,2.4342667529581936,2.3361343207446543,0.8800511153701277,0.1199488846298723,14,86,0,0,0,0,
23,0,100,ZX_split,2.4342667529581936,2.3361343207446543,0.9411470151478339,0.05885298485216606,6,44,15,35,0,0,
23,0,100,XYZ_split,2.4342667529581936,2.3361343207446543,0.9980403435957472,0.001959656404252774,3,30,8,25,24,10,
23,0,100,RL_adaptive,2.4342667529581936,2.3361343207446543,0.9989848823369862,0.0010151176630137648,7,38,9,21,17,8,0.9989848823369862
23,0,250,Z_only,2.4342667529581936,2.3361343207446543,0.8800511153701277,0.1199488846298723,38,212,0,0,0,0,
23,0,250,ZX_split,2.4342667529581936,2.3361343207446543,0.9344316777613264,0.0655683222386736,15,110,45,80,0,0,
23,0,250,XYZ_split,2.4342667529581936,2.3361343207446543,0.9952289645086256,0.004771035491374365,11,72,19,64,68,16,
23,0,250,RL_adaptive,2.4342667529581936,2.3361343207446543,0.9979236291179808,0.002076370882019174,9,107,13,55,50,16,0.9979236291179808
23,0,500,Z_only,2.4342667529581936,2.3361343207446543,0.8800511153701277,0.1199488846298723,74,426,0,0,0,0,
23,0,500,ZX_split,2.4342667529581936,2.3361343207446543,0.9378496515344551,0.0621503484655449,24,226,82,168,0,0,
23,0,500,XYZ_split,2.4342667529581936,2.3361343207446543,0.9961194251810324,0.0038805748189676414,19,147,54,112,115,53,
23,0,500,RL_adaptive,2.4342667529581936,2.3361343207446543,0.9999401574621019,5.9842537898147086e-05,27,193,34,88,117,41,0.9999401574621019
23,1,10,Z_only,2.4342667529581936,2.3361343207446543,0.8800511153701277,0.1199488846298723,1,9,0,0,0,0,
23,1,10,ZX_split,2.4342667529581936,2.3361343207446543,0.7893698002922792,0.2106301997077208,1,4,3,2,0,0,
23,1,10,XYZ_split,2.4342667529581936,2.3361343207446543,0.9815253139816869,0.018474686018313147,0,3,0,3,3,1,
23,1,10,RL_adaptive,2.4342667529581936,2.3361343207446543,0.9621499874359822,0.037850012564017765,0,1,0,1,5,3,0.9621499874359822
23,1,25,Z_only,2.4342667529581936,2.3361343207446543,0.8800511153701277,0.1199488846298723,3,22,0,0,0,0,
23,1,25,ZX_split,2.4342667529581936,2.3361343207446543,0.9384747991166988,0.06152520088330116,3,9,4,9,0,0,
23,1,25,XYZ_split,2.4342667529581936,2.3361343207446543,0.9984220304338199,0.0015779695661800597,1,7,2,6,7,2,
23,1,25,RL_adaptive,2.4342667529581936,2.3361343207446543,0.4544587643410948,0.5455412356589052,1,0,3,13,7,1,0.4544587643410948
23,1,50,Z_only,2.4342667529581936,2.3361343207446543,0.8800511153701277,0.1199488846298723,5,45,0,0,0,0,
23,1,50,ZX_split,2.4342667529581936,2.3361343207446543,0.9168137153238389,0.08318628467616107,5,20,11,14,0,0,
23,1,50,XYZ_split,2.4342667529581936,2.3361343207446543,0.9776300289738936,0.022369971026106383,3,13,2,14,14,4,
23,1,50,RL_adaptive,2.4342667529581936,2.3361343207446543,0.9982271859066798,0.0017728140933201963,2,23,3,12,8,2,0.9982271859066798
23,1,100,Z_only,2.4342667529581936,2.3361343207446543,0.8800511153701277,0.1199488846298723,11,89,0,0,0,0,
23,1,100,ZX_split,2.4342667529581936,2.3361343207446543,0.939822684437754,0.060177315562246037,6,44,16,34,0,0,
23,1,100,XYZ_split,2.4342667529581936,2.3361343207446543,0.9862213555720278,0.013778644427972164,3,30,4,29,24,10,
23,1,100,RL_adaptive,2.4342667529581936,2.3361343207446543,0.9991873156974759,0.0008126843025241248,4,39,9,23,18,7,0.9991873156974759
23,1,250,Z_only,2.4342667529581936,2.3361343207446543,0.8800511153701277,0.1199488846298723,32,218,0,0,0,0,
23,1,250,ZX_split,2.4342667529581936,2.3361343207446543,0.9409022443335009,0.05909775566649911,13,112,29,96,0,0,
23,1,250,XYZ_split,2.4342667529581936,2.3361343207446543,0.9942808317620281,0.005719168237971917,10,73,24,59,69,15,
23,1,250,RL_adaptive,2.4342667529581936,2.3361343207446543,0.9894247791055361,0.010575220894463944,24,88,18,53,43,24,0.9894247791055361
23,1,500,Z_only,2.4342667529581936,2.3361343207446543,0.8800511153701277,0.1199488846298723,54,446,0,0,0,0,
23,1,500,ZX_split,2.4342667529581936,2.3361343207446543,0.9388114496452502,0.06118855035474979,31,219,83,167,0,0,
23,1,500,XYZ_split,2.4342667529581936,2.3361343207446543,0.9998383529997013,0.000161647000298748,17,149,42,124,124,44,
23,1,500,RL_adaptive,2.4342667529581936,2.3361343207446543,0.9996726406170271,0.0003273593829729027,27,193,32,90,114,44,0.9996726406170271
23,2,10,Z_only,2.4342667529581936,2.3361343207446543,0.8800511153701277,0.1199488846298723,3,7,0,0,0,0,
23,2,10,ZX_split,2.4342667529581936,2.3361343207446543,0.9416967755271006,0.05830322447289937,0,5,1,4,0,0,
23,2,10,XYZ_split,2.4342667529581936,2.3361343207446543,0.9904835801943274,0.009516419805672638,0,3,1,2,3,1,
23,2,10,RL_adaptive,2.4342667529581936,2.3361343207446543,0.987801594508768,0.012198405491231967,0,1,0,1,7,1,0.987801594508768
23,2,25,Z_only,2.4342667529581936,2.3361343207446543,0.8800511153701277,0.1199488846298723,6,19,0,0,0,0,
23,2,25,ZX_split,2.4342667529581936,2.3361343207446543,0.9413687343731385,0.058631265626861495,1,11,3,10,0,0,
23,2,25,XYZ_split,2.4342667529581936,2.3361343207446543,0.9664281428318038,0.03357185716819622,1,7,2,6,5,4,
23,2,25,RL_adaptive,2.4342667529581936,2.3361343207446543,0.9933269403888497,0.006673059611150278,0,1,1,15,7,1,0.9933269403888497
23,2,50,Z_only,2.4342667529581936,2.3361343207446543,0.8800511153701277,0.1199488846298723,8,42,0,0,0,0,
23,2,50,ZX_split,2.4342667529581936,2.3361343207446543,0.9377686334183474,0.062231366581652625,3,22,5,20,0,0,
23,2,50,XYZ_split,2.4342667529581936,2.3361343207446543,0.9397157399232975,0.06028426007670251,1,15,8,8,16,2,
23,2,50,RL_adaptive,2.4342667529581936,2.3361343207446543,0.9972254993645865,0.0027745006354135127,3,22,4,11,8,2,0.9972254993645865
23,2,100,Z_only,2.4342667529581936,2.3361343207446543,0.8800511153701277,0.1199488846298723,15,85,0,0,0,0,
23,2,100,ZX_split,2.4342667529581936,2.3361343207446543,0.940589432777685,0.05941056722231497,5,45,15,35,0,0,
23,2,100,XYZ_split,2.4342667529581936,2.3361343207446543,0.9954407739839036,0.004559226016096374,1,32,8,25,30,4,
23,2,100,RL_adaptive,2.4342667529581936,2.3361343207446543,0.993566472266805,0.006433527733195055,3,36,5,30,22,4,0.993566472266805
23,2,250,Z_only,2.4342667529581936,2.3361343207446543,0.8800511153701277,0.1199488846298723,39,211,0,0,0,0,
23,2,250,ZX_split,2.4342667529581936,2.3361343207446543,0.9416422922074743,0.05835770779252569,16,109,36,89,0,0,
23,2,250,XYZ_split,2.4342667529581936,2.3361343207446543,0.997017780580094,0.0029822194199059515,8,75,26,57,59,25,
23,2,250,RL_adaptive,2.4342667529581936,2.3361343207446543,0.9939946802648766,0.0060053197351234155,16,93,23,48,45,25,0.9939946802648766
23,2,500,Z_only,2.4342667529581936,2.3361343207446543,0.8800511153701277,0.1199488846298723,56,444,0,0,0,0,
23,2,500,ZX_split,2.4342667529581936,2.3361343207446543,0.9412717949911946,0.05872820500880538,22,228,70,180,0,0,
23,2,500,XYZ_split,2.4342667529581936,2.3361343207446543,0.9994032130673136,0.0005967869326863884,23,143,43,123,124,44,
23,2,500,RL_adaptive,2.4342667529581936,2.3361343207446543,0.9979872512669717,0.002012748733028258,35,182,33,91,120,39,0.9979872512669717
23,3,10,Z_only,2.4342667529581936,2.3361343207446543,0.8800511153701277,0.1199488846298723,1,9,0,0,0,0,
23,3,10,ZX_split,2.4342667529581936,2.3361343207446543,0.9278963394138379,0.07210366058616213,0,5,0,5,0,0,
23,3,10,XYZ_split,2.4342667529581936,2.3361343207446543,0.9640144525992285,0.035985547400771534,1,2,1,2,3,1,
23,3,10,RL_adaptive,2.4342667529581936,2.3361343207446543,0.987801594508768,0.012198405491231967,0,1,0,1,7,1,0.987801594508768
23,3,25,Z_only,2.4342667529581936,2.3361343207446543,0.8800511153701277,0.1199488846298723,5,20,0,0,0,0,
23,3,25,ZX_split,2.4342667529581936,2.3361343207446543,0.9413371099036872,0.05866289009631276,0,12,3,10,0,0,
23,3,25,XYZ_split,2.4342667529581936,2.3361343207446543,0.8576674987754948,0.14233250122450525,1,7,5,3,6,3,
23,3,25,RL_adaptive,2.4342667529581936,2.3361343207446543,0.9926999923982712,0.007300007601728775,0,1,5,12,5,2,0.9926999923982712
23,3,50,Z_only,2.4342667529581936,2.3361343207446543,0.8800511153701277,0.1199488846298723,5,45,0,0,0,0,
23,3,50,ZX_split,2.4342667529581936,2.3361343207446543,0.9416967755271006,0.05830322447289937,5,20,8,17,0,0,
23,3,50,XYZ_split,2.4342667529581936,2.3361343207446543,0.9730273025251145,0.02697269747488551,4,12,3,13,14,4,
23,3,50,RL_adaptive,2.4342667529581936,2.3361343207446543,0.9972254993645865,0.0027745006354135127,3,22,4,11,8,2,0.9972254993645865
23,3,100,Z_only,2.4342667529581936,2.3361343207446543,0.8800511153701277,0.1199488846298723,11,89,0,0,0,0,
23,3,100,ZX_split,2.4342667529581936,2.3361343207446543,0.9377686334183474,0.062231366581652625,6,44,10,40,0,0,
23,3,100,XYZ_split,2.4342667529581936,2.3361343207446543,0.9970147533183714,0.002985246681628584,1,32,6,27,25,9,
23,3,100,RL_adaptive,2.4342667529581936,2.3361343207446543,0.9982173133885313,0.0017826866114687423,2,39,9,23,20,7,0.9982173133885313
23,3,250,Z_only,2.4342667529581936,2.3361343207446543,0.8800511153701277,0.1199488846298723,30,220,0,0,0,0,
23,3,250,ZX_split,2.4342667529581936,2.3361343207446543,0.9411326687223028,0.058867331277697166,15,110,31,94,0,0,
23,3,250,XYZ_split,2.4342667529581936,2.3361343207446543,0.9954280753467972,0.004571924653202775,11,72,25,58,67,17,
23,3,250,RL_adaptive,2.4342667529581936,2.3361343207446543,0.9972142076479691,0.0027857923520309136,12,103,16,56,51,12,0.9972142076479691
23,3,500,Z_only,2.4342667529581936,2.3361343207446543,0.8800511153701277,0.1199488846298723,66,434,0,0,0,0,
23,3,500,ZX_split,2.4342667529581936,2.3361343207446543,0.9413415538516805,0.0586584461483195,34,216,66,184,0,0,
23,3,500,XYZ_split,2.4342667529581936,2.3361343207446543,0.9999890555482924,1.0944451707572966e-05,18,148,45,121,124,44,
23,3,500,RL_adaptive,2.4342667529581936,2.3361343207446543,0.9934250229521651,0.00657497704783494,26,197,45,83,102,47,0.9934250229521651
23,4,10,Z_only,2.4342667529581936,2.3361343207446543,0.8800511153701277,0.1199488846298723,1,9,0,0,0,0,
23,4,10,ZX_split,2.4342667529581936,2.3361343207446543,0.9168137153238389,0.08318628467616107,0,5,2,3,0,0,
23,4,10,XYZ_split,2.4342667529581936,2.3361343207446543,0.9846504108239496,0.015349589176050449,0,3,0,3,4,0,
23,4,10,RL_adaptive,2.4342667529581936,2.3361343207446543,0.9278963394138379,0.07210366058616213,0,1,0,1,4,4,0.9278963394138379
23,4,25,Z_only,2.4342667529581936,2.3361343207446543,0.8800511153701277,0.1199488846298723,7,18,0,0,0,0,
23,4,25,ZX_split,2.4342667529581936,2.3361343207446543,0.9361658487933494,0.06383415120665059,1,11,2,11,0,0,
23,4,25,XYZ_split,2.4342667529581936,2.3361343207446543,0.9581129127785727,0.04188708722142731,0,8,1,7,5,4,
23,4,25,RL_adaptive,2.4342667529581936,2.3361343207446543,0.9856021874839785,0.014397812516021458,0,1,6,11,6,1,0.9856021874839785
23,4,50,Z_only,2.4342667529581936,2.3361343207446543,0.8800511153701277,0.1199488846298723,7,43,0,0,0,0,
23,4,50,ZX_split,2.4342667529581936,2.3361343207446543,0.9346159716618363,0.0653840283381637,5,20,6,19,0,0,
23,4,50,XYZ_split,2.4342667529581936,2.3361343207446543,0.9626284097304555,0.03737159026954451,4,12,6,10,15,3,
23,4,50,RL_adaptive,2.4342667529581936,2.3361343207446543,0.983772250718168,0.016227749281832016,2,23,6,10,6,3,0.983772250718168
23,4,100,Z_only,2.4342667529581936,2.3361343207446543,0.8800511153701277,0.1199488846298723,11,89,0,0,0,0,
23,4,100,ZX_split,2.4342667529581936,2.3361343207446543,0.9411470151478339,0.05885298485216606,6,44,15,35,0,0,
23,4,100,XYZ_split,2.4342667529581936,2.3361343207446543,0.9792729169044748,0.02072708309552518,6,27,14,19,25,9,
23,4,100,RL_adaptive,2.4342667529581936,2.3361343207446543,0.9667616091631202,0.03323839083687985,7,37,14,19,19,4,0.9667616091631202
23,4,250,Z_only,2.4342667529581936,2.3361343207446543,0.8800511153701277,0.1199488846298723,37,213,0,0,0,0,
23,4,250,ZX_split,2.4342667529581936,2.3361343207446543,0.9414170130068417,0.05858298699315834,12,113,35,90,0,0,
23,4,250,XYZ_split,2.4342667529581936,2.3361343207446543,0.9987613073265222,0.0012386926734777592,12,71,21,62,60,24,
23,4,250,RL_adaptive,2.4342667529581936,2.3361343207446543,0.999638231710369,0.0003617682896309704,13,99,21,51,49,17,0.999638231710369
23,4,500,Z_only,2.4342667529581936,2.3361343207446543,0.8800511153701277,0.1199488846298723,53,447,0,0,0,0,
23,4,500,ZX_split,2.4342667529581936,2.3361343207446543,0.9411326687223028,0.058867331277697166,30,220,62,188,0,0,
23,4,500,XYZ_split,2.4342667529581936,2.3361343207446543,0.9992960124034361,0.0007039875965638709,23,143,45,121,118,50,
23,4,500,RL_adaptive,2.4342667529581936,2.3361343207446543,0.9997334592577187,0.0002665407422812738,31,189,38,87,112,43,0.9997334592577187
24,0,10,Z_only,0.5212344541875757,0.8704674175499355,0.9336025714208644,0.06639742857913555,8,2,0,0,0,0,
24,0,10,ZX_split,0.5212344541875757,0.8704674175499355,0.9543656132633223,0.045634386736677746,5,0,4,1,0,0,
24,0,10,XYZ_split,0.5212344541875757,0.8704674175499355,0.8606105402415998,0.13938945975840022,3,0,1,2,2,2,
24,0,10,RL_adaptive,0.5212344541875757,0.8704674175499355,0.9594978256875542,0.04050217431244585,1,0,1,0,6,2,0.9594978256875542
24,0,25,Z_only,0.5212344541875757,0.8704674175499355,0.9336025714208644,0.06639742857913555,22,3,0,0,0,0,
24,0,25,ZX_split,0.5212344541875757,0.8704674175499355,0.9578471961865626,0.042152803813437445,12,0,10,3,0,0,
24,0,25,XYZ_split,0.5212344541875757,0.8704674175499355,0.9099272277889037,0.09007277221109633,8,0,4,4,4,5,
24,0,25,RL_adaptive,0.5212344541875757,0.8704674175499355,0.970631385973762,0.029368614026238027,1,0,9,8,6,1,0.970631385973762
24,0,50,Z_only,0.5212344541875757,0.8704674175499355,0.9336025714208644,0.06639742857913555,47,3,0,0,0,0,
24,0,50,ZX_split,0.5212344541875757,0.8704674175499355,0.9601612524084375,0.03983874759156247,22,3,15,10,0,0,
24,0,50,XYZ_split,0.5212344541875757,0.8704674175499355,0.9822783578728653,0.017721642127134674,14,2,12,4,11,7,
24,0,50,RL_adaptive,0.5212344541875757,0.8704674175499355,0.9894078956805884,0.0105921043194116,25,1,12,6,5,1,0.9894078956805884
24,0,100,Z_only,0.5212344541875757,0.8704674175499355,0.9336025714208644,0.06639742857913555,91,9,0,0,0,0,
24,0,100,ZX_split,0.5212344541875757,0.8704674175499355,0.9553119542449734,0.044688045755026606,47,3,29,21,0,0,
24,0,100,XYZ_split,0.5212344541875757,0.8704674175499355,0.9988427997948377,0.001157200205162301,33,0,24,9,25,9,
24,0,100,RL_adaptive,0.5212344541875757,0.8704674175499355,0.9753529167631116,0.024647083236888356,64,9,13,5,5,4,0.9753529167631116
24,0,250,Z_only,0.5212344541875757,0.8704674175499355,0.9336025714208644,0.06639742857913555,237,13,0,0,0,0,
24,0,250,ZX_split,0.5212344541875757,0.8704674175499355,0.9594626882022941,0.04053731179770592,117,8,76,49,0,0,
24,0,250,XYZ_split,0.5212344541875757,0.8704674175499355,0.9954305452298994,0.004569454770100623,77,6,49,34,57,27,
24,0,250,RL_adaptive,0.5212344541875757,0.8704674175499355,0.990362626645989,0.009637373354011047,91,4,77,38,33,7,0.990362626645989
24,0,500,Z_only,0.5212344541875757,0.8704674175499355,0.9336025714208644,0.06639742857913555,473,27,0,0,0,0,
24,0,500,ZX_split,0.5212344541875757,0.8704674175499355,0.9608704128237944,0.03912958717620563,235,15,156,94,0,0,
24,0,500,XYZ_split,0.5212344541875757,0.8704674175499355,0.9937321400230551,0.006267859976944901,154,12,98,68,122,46,
24,0,500,RL_adaptive,0.5212344541875757,0.8704674175499355,0.9962236283362164,0.0037763716637836398,169,13,146,62,71,39,0.9962236283362164
24,1,10,Z_only,0.5212344541875757,0.8704674175499355,0.9336025714208644,0.06639742857913555,10,0,0,0,0,0,
24,1,10,ZX_split,0.5212344541875757,0.8704674175499355,0.9566505206996173,0.04334947930038269,5,0,3,2,0,0,
24,1,10,XYZ_split,0.5212344541875757,0.8704674175499355,0.8430100207863612,0.15698997921363878,2,1,3,0,3,1,
24,1,10,RL_adaptive,0.5212344541875757,0.8704674175499355,0.9603004816688132,0.03969951833118679,1,0,1,0,7,1,0.9603004816688132
24,1,25,Z_only,0.5212344541875757,0.8704674175499355,0.9336025714208644,0.06639742857913555,25,0,0,0,0,0,
24,1,25,ZX_split,0.5212344541875757,0.8704674175499355,0.9609343665015077,0.03906563349849235,11,1,9,4,0,0,
24,1,25,XYZ_split,0.5212344541875757,0.8704674175499355,0.8784217073973557,0.1215782926026443,6,2,8,0,9,0,
24,1,25,RL_adaptive,0.5212344541875757,0.8704674175499355,0.9996745149115447,0.0003254850884553129,1,0,12,5,5,2,0.9996745149115447
24,1,50,Z_only,0.5212344541875757,0.8704674175499355,0.9336025714208644,0.06639742857913555,49,1,0,0,0,0,
24,1,50,ZX_split,0.5212344541875757,0.8704674175499355,0.9603977983837124,0.03960220161628758,24,1,18,7,0,0,
24,1,50,XYZ_split,0.5212344541875757,0.8704674175499355,0.9999924757540242,7.524245975831789e-06,16,0,11,5,13,5,
24,1,50,RL_adaptive,0.5212344541875757,0.8704674175499355,0.9597643310557845,0.040235668944215486,22,4,10,7,6,1,0.9597643310557845
24,1,100,Z_only,0.5212344541875757,0.8704674175499355,0.9336025714208644,0.06639742857913555,94,6,0,0,0,0,
24,1,100,ZX_split,0.5212344541875757,0.8704674175499355,0.9617945492867719,0.03820545071322812,44,6,31,19,0,0,
24,1,100,XYZ_split,0.5212344541875757,0.8704674175499355,0.9943903944966731,0.005609605503326898,31,2,24,9,26,8,
24,1,100,RL_adaptive,0.5212344541875757,0.8704674175499355,0.9786047691760597,0.021395230823940348,70,1,19,3,6,1,0.9786047691760597
24,1,250,Z_only,0.5212344541875757,0.8704674175499355,0.9336025714208644,0.06639742857913555,234,16,0,0,0,0,
24,1,250,ZX_split,0.5212344541875757,0.8704674175499355,0.9612222601856005,0.03877773981439947,119,6,88,37,0,0,
24,1,250,XYZ_split,0.5212344541875757,0.8704674175499355,0.9972503667450371,0.0027496332549629132,79,4,52,31,55,29,
24,1,250,RL_adaptive,0.5212344541875757,0.8704674175499355,0.9860470299961245,0.01395297000387552,86,7,83,33,34,7,0.9860470299961245
24,1,500,Z_only,0.5212344541875757,0.8704674175499355,0.9336025714208644,0.06639742857913555,464,36,0,0,0,0,
24,1,500,ZX_split,0.5212344541875757,0.8704674175499355,0.9593775647469925,0.04062243525300746,224,26,175,75,0,0,
24,1,500,XYZ_split,0.5212344541875757,0.8704674175499355,0.9965608518462383,0.003439148153761673,154,12,102,64,108,60,
24,1,500,RL_adaptive,0.5212344541875757,0.8704674175499355,0.9961504833064907,0.003849516693509303,172,8,127,77,75,41,0.9961504833064907
24,2,10,Z_only,0.5212344541875757,0.8704674175499355,0.9336025714208644,0.06639742857913555,9,1,0,0,0,0,
24,2,10,ZX_split,0.5212344541875757,0.8704674175499355,0.9543656132633223,0.045634386736677746,5,0,4,1,0,0,
24,2,10,XYZ_split,0.5212344541875757,0.8704674175499355,0.7893401042709648,0.2106598957290352,2,1,3,0,2,2,
24,2,10,RL_adaptive,0.5212344541875757,0.8704674175499355,0.16741831867929197,0.8325816813207081,0,1,0,1,6,2,0.16741831867929197
24,2,25,Z_only,0.5212344541875757,0.8704674175499355,0.9336025714208644,0.06639742857913555,23,2,0,0,0,0,
24,2,25,ZX_split,0.5212344541875757,0.8704674175499355,0.955764292559275,0.044235707440725025,10,2,9,4,0,0,
24,2,25,XYZ_split,0.5212344541875757,0.8704674175499355,0.9958537615198035,0.0041462384801964625,8,0,5,3,6,3,
24,2,25,RL_adaptive,0.5212344541875757,0.8704674175499355,0.9960083161418352,0.003991683858164841,1,0,13,4,5,2,0.9960083161418352
24,2,50,Z_only,0.5212344541875757,0.8704674175499355,0.9336025714208644,0.06639742857913555,46,4,0,0,0,0,
24,2,50,ZX_split,0.5212344541875757,0.8704674175499355,0.9564323456360114,0.04356765436398857,24,1,19,6,0,0,
24,2,50,XYZ_split,0.5212344541875757,0.8704674175499355,0.9960962131779899,0.0039037868220100913,14,2,10,6,13,5,
24,2,50,RL_adaptive,0.5212344541875757,0.8704674175499355,0.9874658998715821,0.012534100128417935,24,2,14,4,4,2,0.9874658998715821
24,2,100,Z_only,0.5212344541875757,0.8704674175499355,0.9336025714208644,0.06639742857913555,96,4,0,0,0,0,
24,2,100,ZX_split,0.5212344541875757,0.8704674175499355,0.9603977983837124,0.03960220161628758,48,2,36,14,0,0,
24,2,100,XYZ_split,0.5212344541875757,0.8704674175499355,0.9980472364181122,0.0019527635818877842,31,2,23,10,25,9,
24,2,100,RL_adaptive,0.5212344541875757,0.8704674175499355,0.9960351470159107,0.003964852984089329,64,6,15,7,6,2,0.9960351470159107
24,2,250,Z_only,0.5212344541875757,0.8704674175499355,0.9336025714208644,0.06639742857913555,232,18,0,0,0,0,
24,2,250,ZX_split,0.5212344541875757,0.8704674175499355,0.9394337760587202,0.06056622394127975,106,19,97,28,0,0,
24,2,250,XYZ_split,0.5212344541875757,0.8704674175499355,0.9998637588024349,0.00013624119756505682,78,5,56,27,58,26,
24,2,250,RL_adaptive,0.5212344541875757,0.8704674175499355,0.9999546747119409,4.5325288059117064e-05,85,10,69,38,32,16,0.9999546747119409
24,2,500,Z_only,0.5212344541875757,0.8704674175499355,0.9336025714208644,0.06639742857913555,465,35,0,0,0,0,
24,2,500,ZX_split,0.5212344541875757,0.8704674175499355,0.9623224159117225,0.03767758408827748,236,14,165,85,0,0,
24,2,500,XYZ_split,0.5212344541875757,0.8704674175499355,0.9968140240088661,0.0031859759911339047,152,14,118,48,113,55,
24,2,500,RL_adaptive,0.5212344541875757,0.8704674175499355,0.9990169030733428,0.000983096926657212,170,10,145,63,77,35,0.9990169030733428
24,3,10,Z_only,0.5212344541875757,0.8704674175499355,0.9336025714208644,0.06639742857913555,9,1,0,0,0,0,
24,3,10,ZX_split,0.5212344541875757,0.8704674175499355,0.9200635929833298,0.07993640701667015,4,1,4,1,0,0,
24,3,10,XYZ_split,0.5212344541875757,0.8704674175499355,0.7042126084997206,0.29578739150027944,3,0,2,1,0,4,
24,3,10,RL_adaptive,0.5212344541875757,0.8704674175499355,0.9594978256875542,0.04050217431244585,1,0,1,0,6,2,0.9594978256875542
24,3,25,Z_only,0.5212344541875757,0.8704674175499355,0.9336025714208644,0.06639742857913555,23,2,0,0,0,0,
24,3,25,ZX_split,0.5212344541875757,0.8704674175499355,0.8572611924059419,0.1427388075940581,10,2,5,8,0,0,
24,3,25,XYZ_split,0.5212344541875757,0.8704674175499355,0.9962887243897716,0.003711275610228437,8,0,6,2,7,2,
24,3,25,RL_adaptive,0.5212344541875757,0.8704674175499355,0.9891544898381288,0.010845510161871186,1,0,13,4,6,1,0.9891544898381288
24,3,50,Z_only,0.5212344541875757,0.8704674175499355,0.9336025714208644,0.06639742857913555,47,3,0,0,0,0,
24,3,50,ZX_split,0.5212344541875757,0.8704674175499355,0.9601612524084375,0.03983874759156247,22,3,15,10,0,0,
24,3,50,XYZ_split,0.5212344541875757,0.8704674175499355,0.9789536270818566,0.021046372918143375,14,2,9,7,14,4,
24,3,50,RL_adaptive,0.5212344541875757,0.8704674175499355,0.8043916128799172,0.19560838712008277,24,1,16,4,1,4,0.8043916128799172
24,3,100,Z_only,0.5212344541875757,0.8704674175499355,0.9336025714208644,0.06639742857913555,94,6,0,0,0,0,
24,3,100,ZX_split,0.5212344541875757,0.8704674175499355,0.9336025714208644,0.06639742857913555,46,4,25,25,0,0,
24,3,100,XYZ_split,0.5212344541875757,0.8704674175499355,0.999861622636578,0.00013837736342203755,31,2,22,11,24,10,
24,3,100,RL_adaptive,0.5212344541875757,0.8704674175499355,0.9817627559971109,0.018237244002889064,63,8,12,8,5,4,0.9817627559971109
24,3,250,Z_only,0.5212344541875757,0.8704674175499355,0.9336025714208644,0.06639742857913555,229,21,0,0,0,0,
24,3,250,ZX_split,0.5212344541875757,0.8704674175499355,0.9614224602133541,0.03857753978664591,120,5,88,37,0,0,
24,3,250,XYZ_split,0.5212344541875757,0.8704674175499355,0.9900196276800669,0.009980372319933095,79,4,61,22,52,32,
24,3,250,RL_adaptive,0.5212344541875757,0.8704674175499355,0.9904213469495338,0.009578653050466235,88,6,69,38,29,20,0.9904213469495338
24,3,500,Z_only,0.5212344541875757,0.8704674175499355,0.9336025714208644,0.06639742857913555,458,42,0,0,0,0,
24,3,500,ZX_split,0.5212344541875757,0.8704674175499355,0.9600100853250472,0.03998991467495283,229,21,152,98,0,0,
24,3,500,XYZ_split,0.5212344541875757,0.8704674175499355,0.9963323104401878,0.003667689559812226,157,9,105,61,107,61,
24,3,500,RL_adaptive,0.5212344541875757,0.8704674175499355,0.9982439903496273,0.001756009650372703,171,8,144,63,85,29,0.9982439903496273
24,4,10,Z_only,0.5212344541875757,0.8704674175499355,0.9336025714208644,0.06639742857913555,9,1,0,0,0,0,
24,4,10,ZX_split,0.5212344541875757,0.8704674175499355,0.9543656132633223,0.045634386736677746,5,0,4,1,0,0,
24,4,10,XYZ_split,0.5212344541875757,0.8704674175499355,0.9990931708352366,0.0009068291647633675,3,0,2,1,3,1,
24,4,10,RL_adaptive,0.5212344541875757,0.8704674175499355,0.8805101343601556,0.11948986563984443,1,0,1,0,3,5,0.8805101343601556
24,4,25,Z_only,0.5212344541875757,0.8704674175499355,0.9336025714208644,0.06639742857913555,24,1,0,0,0,0,
24,4,25,ZX_split,0.5212344541875757,0.8704674175499355,0.9446318833942047,0.055368116605795326,12,0,7,6,0,0,
24,4,25,XYZ_split,0.5212344541875757,0.8704674175499355,0.9735493295616788,0.026450670438321167,7,1,4,4,6,3,
24,4,25,RL_adaptive,0.5212344541875757,0.8704674175499355,0.9891544898381288,0.010845510161871186,1,0,13,4,6,1,0.9891544898381288
24,4,50,Z_only,0.5212344541875757,0.8704674175499355,0.9336025714208644,0.06639742857913555,45,5,0,0,0,0,
24,4,50,ZX_split,0.5212344541875757,0.8704674175499355,0.9556458691007691,0.044354130899230904,22,3,18,7,0,0,
24,4,50,XYZ_split,0.5212344541875757,0.8704674175499355,0.9958537615198035,0.0041462384801964625,16,0,10,6,12,6,
24,4,50,RL_adaptive,0.5212344541875757,0.8704674175499355,0.9894078956805884,0.0105921043194116,25,1,12,6,5,1,0.9894078956805884
24,4,100,Z_only,0.5212344541875757,0.8704674175499355,0.9336025714208644,0.06639742857913555,95,5,0,0,0,0,
24,4,100,ZX_split,0.5212344541875757,0.8704674175499355,0.9566505206996173,0.04334947930038269,45,5,29,21,0,0,
24,4,100,XYZ_split,0.5212344541875757,0.8704674175499355,0.9995753512553108,0.00042464874468917113,29,4,21,12,22,12,
24,4,100,RL_adaptive,0.5212344541875757,0.8704674175499355,0.9941954022993703,0.005804597700629688,69,3,16,5,5,2,0.9941954022993703
24,4,250,Z_only,0.5212344541875757,0.8704674175499355,0.9336025714208644,0.06639742857913555,231,19,0,0,0,0,
24,4,250,ZX_split,0.5212344541875757,0.8704674175499355,0.9585082227743796,0.04149177722562036,113,12,89,36,0,0,
24,4,250,XYZ_split,0.5212344541875757,0.8704674175499355,0.9990884856621634,0.0009115143378366497,74,9,56,27,57,27,
24,4,250,RL_adaptive,0.5212344541875757,0.8704674175499355,0.999619440280359,0.000380559719641016,91,4,72,39,31,13,0.999619440280359
24,4,500,Z_only,0.5212344541875757,0.8704674175499355,0.9336025714208644,0.06639742857913555,474,26,0,0,0,0,
24,4,500,ZX_split,0.5212344541875757,0.8704674175499355,0.9622008042397164,0.037799195760283566,233,17,168,82,0,0,
24,4,500,XYZ_split,0.5212344541875757,0.8704674175499355,0.9992758849457932,0.0007241150542067754,157,9,114,52,114,54,
24,4,500,RL_adaptive,0.5212344541875757,0.8704674175499355,0.999945690006742,5.4309993257950495e-05,168,13,135,69,80,35,0.999945690006742
25,0,10,Z_only,0.6195017542212852,1.7514499119570544,0.9070839269721915,0.09291607302780847,9,1,0,0,0,0,
25,0,10,ZX_split,0.6195017542212852,1.7514499119570544,0.8759085101056279,0.12409148989437213,5,0,1,4,0,0,
25,0,10,XYZ_split,0.6195017542212852,1.7514499119570544,0.9862282560430501,0.013771743956949911,3,0,1,2,3,1,
25,0,10,RL_adaptive,0.6195017542212852,1.7514499119570544,0.9013604664672499,0.09863953353275012,1,0,0,1,6,2,0.9013604664672499
25,0,25,Z_only,0.6195017542212852,1.7514499119570544,0.9070839269721915,0.09291607302780847,22,3,0,0,0,0,
25,0,25,ZX_split,0.6195017542212852,1.7514499119570544,0.8265439063878535,0.17345609361214653,10,2,9,4,0,0,
25,0,25,XYZ_split,0.6195017542212852,1.7514499119570544,0.9945503078055098,0.005449692194490208,8,0,4,4,7,2,
25,0,25,RL_adaptive,0.6195017542212852,1.7514499119570544,0.999744998010816,0.00025500198918404493,1,0,7,9,7,1,0.999744998010816
25,0,50,Z_only,0.6195017542212852,1.7514499119570544,0.9070839269721915,0.09291607302780847,43,7,0,0,0,0,
25,0,50,ZX_split,0.6195017542212852,1.7514499119570544,0.8956157629594778,0.10438423704052224,23,2,14,11,0,0,
25,0,50,XYZ_split,0.6195017542212852,1.7514499119570544,0.9966681105054735,0.003331889494526452,16,0,8,8,16,2,
25,0,50,RL_adaptive,0.6195017542212852,1.7514499119570544,0.9839298571677485,0.0160701428322515,20,5,10,8,5,2,0.9839298571677485
25,0,100,Z_only,0.6195017542212852,1.7514499119570544,0.9070839269721915,0.09291607302780847,94,6,0,0,0,0,
25,0,100,ZX_split,0.6195017542212852,1.7514499119570544,0.9103177696396964,0.08968223036030365,45,5,22,28,0,0,
25,0,100,XYZ_split,0.6195017542212852,1.7514499119570544,0.9981863312361466,0.00181366876385336,32,1,16,17,29,5,
25,0,100,RL_adaptive,0.6195017542212852,1.7514499119570544,0.9834629260056549,0.01653707399434512,60,6,12,10,11,1,0.9834629260056549
25,0,250,Z_only,0.6195017542212852,1.7514499119570544,0.9070839269721915,0.09291607302780847,230,20,0,0,0,0,
25,0,250,ZX_split,0.6195017542212852,1.7514499119570544,0.9088168157191439,0.09118318428085614,115,10,51,74,0,0,
25,0,250,XYZ_split,0.6195017542212852,1.7514499119570544,0.9899251081175111,0.01007489188248889,71,12,45,38,64,20,
25,0,250,RL_adaptive,0.6195017542212852,1.7514499119570544,0.999671905934201,0.0003280940657990339,93,11,45,59,33,9,0.999671905934201
25,0,500,Z_only,0.6195017542212852,1.7514499119570544,0.9070839269721915,0.09291607302780847,459,41,0,0,0,0,
25,0,500,ZX_split,0.6195017542212852,1.7514499119570544,0.9097520937825028,0.09024790621749723,227,23,106,144,0,0,
25,0,500,XYZ_split,0.6195017542212852,1.7514499119570544,0.9957216172814242,0.004278382718575835,151,15,85,81,130,38,
25,0,500,RL_adaptive,0.6195017542212852,1.7514499119570544,0.9984820825739515,0.001517917426048454,160,19,91,96,105,29,0.9984820825739515
25,1,10,Z_only,0.6195017542212852,1.7514499119570544,0.9070839269721915,0.09291607302780847,10,0,0,0,0,0,
25,1,10,ZX_split,0.6195017542212852,1.7514499119570544,0.8247356273952982,0.17526437260470185,4,1,1,4,0,0,
25,1,10,XYZ_split,0.6195017542212852,1.7514499119570544,0.869800161290108,0.13019983870989205,3,0,3,0,4,0,
25,1,10,RL_adaptive,0.6195017542212852,1.7514499119570544,0.869492437788498,0.13050756221150195,1,0,0,1,5,3,0.869492437788498
25,1,25,Z_only,0.6195017542212852,1.7514499119570544,0.9070839269721915,0.09291607302780847,23,2,0,0,0,0,
25,1,25,ZX_split,0.6195017542212852,1.7514499119570544,0.8702254794098454,0.1297745205901546,11,1,3,10,0,0,
25,1,25,XYZ_split,0.6195017542212852,1.7514499119570544,0.8756814822738485,0.12431851772615155,5,3,5,3,7,2,
25,1,25,RL_adaptive,0.6195017542212852,1.7514499119570544,0.3324332516284549,0.6675667483715451,0,1,9,8,6,1,0.3324332516284549
25,1,50,Z_only,0.6195017542212852,1.7514499119570544,0.9070839269721915,0.09291607302780847,44,6,0,0,0,0,
25,1,50,ZX_split,0.6195017542212852,1.7514499119570544,0.9044339490270056,0.09556605097299442,24,1,13,12,0,0,
25,1,50,XYZ_split,0.6195017542212852,1.7514499119570544,0.9789231731117508,0.02107682688824919,14,2,9,7,16,2,
25,1,50,RL_adaptive,0.6195017542212852,1.7514499119570544,0.9843168648191564,0.015683135180843633,22,3,10,8,5,2,0.9843168648191564
25,1,100,Z_only,0.6195017542212852,1.7514499119570544,0.9070839269721915,0.09291607302780847,93,7,0,0,0,0,
25,1,100,ZX_split,0.6195017542212852,1.7514499119570544,0.9003048121606234,0.09969518783937659,46,4,27,23,0,0,
25,1,100,XYZ_split,0.6195017542212852,1.7514499119570544,0.9987432605053267,0.001256739494673309,29,4,14,19,27,7,
25,1,100,RL_adaptive,0.6195017542212852,1.7514499119570544,0.9931693876455061,0.006830612354493892,58,9,9,15,7,2,0.9931693876455061
25,1,250,Z_only,0.6195017542212852,1.7514499119570544,0.9070839269721915,0.09291607302780847,228,22,0,0,0,0,
25,1,250,ZX_split,0.6195017542212852,1.7514499119570544,0.9008475655655648,0.09915243443443522,113,12,67,58,0,0,
25,1,250,XYZ_split,0.6195017542212852,1.7514499119570544,0.9989550931829925,0.0010449068170075293,75,8,36,47,69,15,
25,1,250,RL_adaptive,0.6195017542212852,1.7514499119570544,0.9962263791719034,0.0037736208280966244,101,2,48,58,31,10,0.9962263791719034
25,1,500,Z_only,0.6195017542212852,1.7514499119570544,0.9070839269721915,0.09291607302780847,439,61,0,0,0,0,
25,1,500,ZX_split,0.6195017542212852,1.7514499119570544,0.9102310179763515,0.08976898202364847,227,23,115,135,0,0,
25,1,500,XYZ_split,0.6195017542212852,1.7514499119570544,0.9991042576306224,0.0008957423693776168,156,10,69,97,133,35,
25,1,500,RL_adaptive,0.6195017542212852,1.7514499119570544,0.9963567384723786,0.0036432615276213998,163,16,96,93,105,27,0.9963567384723786
25,2,10,Z_only,0.6195017542212852,1.7514499119570544,0.9070839269721915,0.09291607302780847,8,2,0,0,0,0,
25,2,10,ZX_split,0.6195017542212852,1.7514499119570544,0.8759085101056279,0.12409148989437213,5,0,1,4,0,0,
25,2,10,XYZ_split,0.6195017542212852,1.7514499119570544,0.9647644355139071,0.035235564486092885,3,0,2,1,4,0,
25,2,10,RL_adaptive,0.6195017542212852,1.7514499119570544,0.831811664499283,0.168188335500717,1,0,1,0,6,2,0.831811664499283
25,2,25,Z_only,0.6195017542212852,1.7514499119570544,0.9070839269721915,0.09291607302780847,21,4,0,0,0,0,
25,2,25,ZX_split,0.6195017542212852,1.7514499119570544,0.9017512525819472,0.09824874741805278,10,2,5,8,0,0,
25,2,25,XYZ_split,0.6195017542212852,1.7514499119570544,0.9582842758350791,0.041715724164920864,7,1,2,6,9,0,
25,2,25,RL_adaptive,0.6195017542212852,1.7514499119570544,0.9913564214234486,0.008643578576551403,1,0,6,10,6,2,0.9913564214234486
25,2,50,Z_only,0.6195017542212852,1.7514499119570544,0.9070839269721915,0.09291607302780847,45,5,0,0,0,0,
25,2,50,ZX_split,0.6195017542212852,1.7514499119570544,0.9080954716960646,0.09190452830393536,23,2,10,15,0,0,
25,2,50,XYZ_split,0.6195017542212852,1.7514499119570544,0.9444783038919561,0.055521696108043916,12,4,10,6,13,5,
25,2,50,RL_adaptive,0.6195017542212852,1.7514499119570544,0.903779714601732,0.09622028539826799,25,0,10,9,3,3,0.903779714601732
25,2,100,Z_only,0.6195017542212852,1.7514499119570544,0.9070839269721915,0.09291607302780847,91,9,0,0,0,0,
25,2,100,ZX_split,0.6195017542212852,1.7514499119570544,0.9070839269721915,0.09291607302780847,44,6,25,25,0,0,
25,2,100,XYZ_split,0.6195017542212852,1.7514499119570544,0.9854463559274054,0.01455364407259463,28,5,18,15,28,6,
25,2,100,RL_adaptive,0.6195017542212852,1.7514499119570544,0.9872276659049047,0.012772334095095261,63,2,10,18,7,0,0.9872276659049047
25,2,250,Z_only,0.6195017542212852,1.7514499119570544,0.9070839269721915,0.09291607302780847,229,21,0,0,0,0,
25,2,250,ZX_split,0.6195017542212852,1.7514499119570544,0.9074649971449832,0.09253500285501681,112,13,50,75,0,0,
25,2,250,XYZ_split,0.6195017542212852,1.7514499119570544,0.9994977597902757,0.0005022402097243361,77,6,35,48,67,17,
25,2,250,RL_adaptive,0.6195017542212852,1.7514499119570544,0.9986605204614748,0.0013394795385252012,94,8,50,56,32,10,0.9986605204614748
25,2,500,Z_only,0.6195017542212852,1.7514499119570544,0.9070839269721915,0.09291607302780847,450,50,0,0,0,0,
25,2,500,ZX_split,0.6195017542212852,1.7514499119570544,0.9001036029043634,0.09989639709563658,223,27,89,161,0,0,
25,2,500,XYZ_split,0.6195017542212852,1.7514499119570544,0.9995589101115241,0.0004410898884759096,150,16,71,95,133,35,
25,2,500,RL_adaptive,0.6195017542212852,1.7514499119570544,0.9986599507430503,0.001340049256949749,163,15,84,103,101,34,0.9986599507430503
25,3,10,Z_only,0.6195017542212852,1.7514499119570544,0.9070839269721915,0.09291607302780847,10,0,0,0,0,0,
25,3,10,ZX_split,0.6195017542212852,1.7514499119570544,0.9094083638573913,0.09059163614260868,5,0,2,3,0,0,
25,3,10,XYZ_split,0.6195017542212852,1.7514499119570544,0.8696987757167246,0.1303012242832754,3,0,2,1,2,2,
25,3,10,RL_adaptive,0.6195017542212852,1.7514499119570544,0.869492437788498,0.13050756221150195,1,0,0,1,5,3,0.869492437788498
25,3,25,Z_only,0.6195017542212852,1.7514499119570544,0.9070839269721915,0.09291607302780847,22,3,0,0,0,0,
25,3,25,ZX_split,0.6195017542212852,1.7514499119570544,0.9083880263269999,0.09161197367300011,12,0,5,8,0,0,
25,3,25,XYZ_split,0.6195017542212852,1.7514499119570544,0.9945503078055098,0.005449692194490208,8,0,4,4,7,2,
25,3,25,RL_adaptive,0.6195017542212852,1.7514499119570544,0.9913966220017825,0.008603377998217532,1,0,6,10,8,0,0.9913966220017825
25,3,50,Z_only,0.6195017542212852,1.7514499119570544,0.9070839269721915,0.09291607302780847,45,5,0,0,0,0,
25,3,50,ZX_split,0.6195017542212852,1.7514499119570544,0.9080954716960646,0.09190452830393536,23,2,10,15,0,0,
25,3,50,XYZ_split,0.6195017542212852,1.7514499119570544,0.9752099011571982,0.02479009884280181,13,3,9,7,15,3,
25,3,50,RL_adaptive,0.6195017542212852,1.7514499119570544,0.981744523380274,0.01825547661972604,23,2,5,12,7,1,0.981744523380274
25,3,100,Z_only,0.6195017542212852,1.7514499119570544,0.9070839269721915,0.09291607302780847,94,6,0,0,0,0,
25,3,100,ZX_split,0.6195017542212852,1.7514499119570544,0.9103177696396964,0.08968223036030365,45,5,22,28,0,0,
25,3,100,XYZ_split,0.6195017542212852,1.7514499119570544,0.9947164927950312,0.00528350720496884,28,5,14,19,28,6,
25,3,100,RL_adaptive,0.6195017542212852,1.7514499119570544,0.9325103534214597,0.06748964657854029,62,9,7,13,5,4,0.9325103534214597
25,3,250,Z_only,0.6195017542212852,1.7514499119570544,0.9070839269721915,0.09291607302780847,228,22,0,0,0,0,
25,3,250,ZX_split,0.6195017542212852,1.7514499119570544,0.9100234796860713,0.08997652031392867,116,9,58,67,0,0,
25,3,250,XYZ_split,0.6195017542212852,1.7514499119570544,0.9952399006811993,0.004760099318800726,78,5,42,41,64,20,
25,3,250,RL_adaptive,0.6195017542212852,1.7514499119570544,0.9981628414137614,0.001837158586238563,98,5,47,58,32,10,0.9981628414137614
25,3,500,Z_only,0.6195017542212852,1.7514499119570544,0.9070839269721915,0.09291607302780847,452,48,0,0,0,0,
25,3,500,ZX_split,0.6195017542212852,1.7514499119570544,0.9103543789182242,0.08964562108177576,233,17,113,137,0,0,
25,3,500,XYZ_split,0.6195017542212852,1.7514499119570544,0.9988914786907314,0.0011085213092686397,154,12,68,98,136,32,
25,3,500,RL_adaptive,0.6195017542212852,1.7514499119570544,0.9989190148259282,0.0010809851740718468,163,16,82,103,102,34,0.9989190148259282
25,4,10,Z_only,0.6195017542212852,1.7514499119570544,0.9070839269721915,0.09291607302780847,7,3,0,0,0,0,
25,4,10,ZX_split,0.6195017542212852,1.7514499119570544,0.8759085101056279,0.12409148989437213,5,0,1,4,0,0,
25,4,10,XYZ_split,0.6195017542212852,1.7514499119570544,0.8653392920827273,0.1346607079172727,2,1,2,1,4,0,
25,4,10,RL_adaptive,0.6195017542212852,1.7514499119570544,0.7968510832618341,0.20314891673816593,1,0,1,0,5,3,0.7968510832618341
25,4,25,Z_only,0.6195017542212852,1.7514499119570544,0.9070839269721915,0.09291607302780847,22,3,0,0,0,0,
25,4,25,ZX_split,0.6195017542212852,1.7514499119570544,0.8786765533228933,0.1213234466771067,10,2,4,9,0,0,
25,4,25,XYZ_split,0.6195017542212852,1.7514499119570544,0.9307552524325639,0.06924474756743615,7,1,1,7,8,1,
25,4,25,RL_adaptive,0.6195017542212852,1.7514499119570544,0.986802652243177,0.013197347756823019,1,0,5,11,8,0,0.986802652243177
25,4,50,Z_only,0.6195017542212852,1.7514499119570544,0.9070839269721915,0.09291607302780847,46,4,0,0,0,0,
25,4,50,ZX_split,0.6195017542212852,1.7514499119570544,0.9103692918079629,0.08963070819203711,23,2,11,14,0,0,
25,4,50,XYZ_split,0.6195017542212852,1.7514499119570544,0.9936754492998999,0.006324550700100073,14,2,6,10,14,4,
25,4,50,RL_adaptive,0.6195017542212852,1.7514499119570544,0.9924071804591127,0.007592819540887308,23,2,9,9,5,2,0.9924071804591127
25,4,100,Z_only,0.6195017542212852,1.7514499119570544,0.9070839269721915,0.09291607302780847,89,11,0,0,0,0,
25,4,100,ZX_split,0.6195017542212852,1.7514499119570544,0.9061933869204938,0.09380661307950622,43,7,20,30,0,0,
25,4,100,XYZ_split,0.6195017542212852,1.7514499119570544,0.99612809123636,0.003871908763639964,32,1,16,17,26,8,
25,4,100,RL_adaptive,0.6195017542212852,1.7514499119570544,0.9957381878305165,0.004261812169483514,63,4,10,15,6,2,0.9957381878305165
25,4,250,Z_only,0.6195017542212852,1.7514499119570544,0.9070839269721915,0.09291607302780847,217,33,0,0,0,0,
25,4,250,ZX_split,0.6195017542212852,1.7514499119570544,0.9097921486681688,0.09020785133183118,114,11,53,72,0,0,
25,4,250,XYZ_split,0.6195017542212852,1.7514499119570544,0.9984966001197749,0.0015033998802250759,78,5,38,45,64,20,
25,4,250,RL_adaptive,0.6195017542212852,1.7514499119570544,0.9984813519766373,0.0015186480233626565,95,7,52,56,33,7,0.9984813519766373
25,4,500,Z_only,0.6195017542212852,1.7514499119570544,0.9070839269721915,0.09291607302780847,450,50,0,0,0,0,
25,4,500,ZX_split,0.6195017542212852,1.7514499119570544,0.903696516880448,0.09630348311955195,218,32,130,120,0,0,
25,4,500,XYZ_split,0.6195017542212852,1.7514499119570544,0.9942227230920441,0.0057772769079559305,155,11,74,92,120,48,
25,4,500,RL_adaptive,0.6195017542212852,1.7514499119570544,0.9986419307061253,0.0013580692938747196,164,14,91,97,106,28,0.9986419307061253
26,0,10,Z_only,2.4134771636760077,2.100989566470897,0.8732149004783398,0.12678509952166017,2,8,0,0,0,0,
26,0,10,ZX_split,2.4134771636760077,2.100989566470897,0.8008534259122889,0.19914657408771108,1,4,3,2,0,0,
26,0,10,XYZ_split,2.4134771636760077,2.100989566470897,0.8008534259122889,0.19914657408771108,0,3,2,1,2,2,
26,0,10,RL_adaptive,2.4134771636760077,2.100989566470897,0.8828824362688114,0.11711756373118865,0,1,0,1,4,4,0.8828824362688114
26,0,25,Z_only,2.4134771636760077,2.100989566470897,0.8732149004783398,0.12678509952166017,1,24,0,0,0,0,
26,0,25,ZX_split,2.4134771636760077,2.100989566470897,0.9093758039326935,0.09062419606730654,3,9,5,8,0,0,
26,0,25,XYZ_split,2.4134771636760077,2.100989566470897,0.87867014504486,0.12132985495514004,0,8,2,6,4,5,
26,0,25,RL_adaptive,2.4134771636760077,2.100989566470897,0.9734679597373167,0.0265320402626833,0,1,8,9,7,0,0.9734679597373167
26,0,50,Z_only,2.4134771636760077,2.100989566470897,0.8732149004783398,0.12678509952166017,5,45,0,0,0,0,
26,0,50,ZX_split,2.4134771636760077,2.100989566470897,0.9020388545391032,0.09796114546089685,2,23,10,15,0,0,
26,0,50,XYZ_split,2.4134771636760077,2.100989566470897,0.9491019461873911,0.05089805381260892,2,14,1,15,13,5,
26,0,50,RL_adaptive,2.4134771636760077,2.100989566470897,0.9821731336668778,0.01782686633312225,5,20,4,11,9,1,0.9821731336668778
26,0,100,Z_only,2.4134771636760077,2.100989566470897,0.8732149004783398,0.12678509952166017,15,85,0,0,0,0,
26,0,100,ZX_split,2.4134771636760077,2.100989566470897,0.9010737501361036,0.09892624986389642,7,43,12,38,0,0,
26,0,100,XYZ_split,2.4134771636760077,2.100989566470897,0.9767404495230838,0.02325955047691619,1,32,14,19,24,10,
26,0,100,RL_adaptive,2.4134771636760077,2.100989566470897,0.9985265247121343,0.0014734752878656776,6,38,10,22,18,6,0.9985265247121343
26,0,250,Z_only,2.4134771636760077,2.100989566470897,0.8732149004783398,0.12678509952166017,27,223,0,0,0,0,
26,0,250,ZX_split,2.4134771636760077,2.100989566470897,0.9082380424927278,0.09176195750727223,12,113,35,90,0,0,
26,0,250,XYZ_split,2.4134771636760077,2.100989566470897,0.9975648106329832,0.00243518936701681,8,75,30,53,64,20,
26,0,250,RL_adaptive,2.4134771636760077,2.100989566470897,0.9962647881692351,0.003735211830764862,13,98,27,51,53,8,0.9962647881692351
26,0,500,Z_only,2.4134771636760077,2.100989566470897,0.8732149004783398,0.12678509952166017,71,429,0,0,0,0,
26,0,500,ZX_split,2.4134771636760077,2.100989566470897,0.908919627244689,0.091080372755311,21,229,84,166,0,0,
26,0,500,XYZ_split,2.4134771636760077,2.100989566470897,0.9955405275875636,0.004459472412436383,25,141,62,104,140,28,
26,0,500,RL_adaptive,2.4134771636760077,2.100989566470897,0.9909463732836278,0.00905362671637222,24,199,55,76,110,36,0.9909463732836278
26,1,10,Z_only,2.4134771636760077,2.100989566470897,0.8732149004783398,0.12678509952166017,2,8,0,0,0,0,
26,1,10,ZX_split,2.4134771636760077,2.100989566470897,0.8008534259122889,0.19914657408771108,1,4,3,2,0,0,
26,1,10,XYZ_split,2.4134771636760077,2.100989566470897,0.8989897615471657,0.1010102384528343,1,2,0,3,4,0,
26,1,10,RL_adaptive,2.4134771636760077,2.100989566470897,0.5473997735520301,0.45260022644796993,1,0,0,1,8,0,0.5473997735520301
26,1,25,Z_only,2.4134771636760077,2.100989566470897,0.8732149004783398,0.12678509952166017,2,23,0,0,0,0,
26,1,25,ZX_split,2.4134771636760077,2.100989566470897,0.902631147137575,0.09736885286242503,4,8,5,8,0,0,
26,1,25,XYZ_split,2.4134771636760077,2.100989566470897,0.9940655673753241,0.005934432624675856,0,8,2,6,7,2,
26,1,25,RL_adaptive,2.4134771636760077,2.100989566470897,0.9896819333025171,0.01031806669748292,0,1,7,10,6,1,0.9896819333025171
26,1,50,Z_only,2.4134771636760077,2.100989566470897,0.8732149004783398,0.12678509952166017,4,46,0,0,0,0,
26,1,50,ZX_split,2.4134771636760077,2.100989566470897,0.8959499181355541,0.10405008186444586,2,23,4,21,0,0,
26,1,50,XYZ_split,2.4134771636760077,2.100989566470897,0.9948986285110119,0.005101371488988149,0,16,5,11,14,4,
26,1,50,RL_adaptive,2.4134771636760077,2.100989566470897,0.9861899560559406,0.01381004394405938,3,22,6,10,6,3,0.9861899560559406
26,1,100,Z_only,2.4134771636760077,2.100989566470897,0.8732149004783398,0.12678509952166017,8,92,0,0,0,0,
26,1,100,ZX_split,2.4134771636760077,2.100989566470897,0.906599547759945,0.093400452240055,5,45,13,37,0,0,
26,1,100,XYZ_split,2.4134771636760077,2.100989566470897,0.98148073652076,0.018519263479240045,2,31,9,24,23,11,
26,1,100,RL_adaptive,2.4134771636760077,2.100989566470897,0.9553355157849457,0.04466448421505431,8,40,8,20,14,10,0.9553355157849457
26,1,250,Z_only,2.4134771636760077,2.100989566470897,0.8732149004783398,0.12678509952166017,39,211,0,0,0,0,
26,1,250,ZX_split,2.4134771636760077,2.100989566470897,0.9092483334989574,0.0907516665010426,16,109,43,82,0,0,
26,1,250,XYZ_split,2.4134771636760077,2.100989566470897,0.9989692913646562,0.0010307086353438244,11,72,25,58,68,16,
26,1,250,RL_adaptive,2.4134771636760077,2.100989566470897,0.9854418589633782,0.014558141036621786,14,95,24,47,46,24,0.9854418589633782
26,1,500,Z_only,2.4134771636760077,2.100989566470897,0.8732149004783398,0.12678509952166017,57,443,0,0,0,0,
26,1,500,ZX_split,2.4134771636760077,2.100989566470897,0.9088684754552087,0.09113152454479134,33,217,89,161,0,0,
26,1,500,XYZ_split,2.4134771636760077,2.100989566470897,0.9983542584398231,0.0016457415601769387,22,144,62,104,133,35,
26,1,500,RL_adaptive,2.4134771636760077,2.100989566470897,0.9992009849175542,0.000799015082445842,33,187,48,82,113,37,0.9992009849175542
26,2,10,Z_only,2.4134771636760077,2.100989566470897,0.8732149004783398,0.12678509952166017,1,9,0,0,0,0,
26,2,10,ZX_split,2.4134771636760077,2.100989566470897,0.8828824362688114,0.11711756373118865,2,3,2,3,0,0,
26,2,10,XYZ_split,2.4134771636760077,2.100989566470897,0.8008534259122889,0.19914657408771108,0,3,2,1,2,2,
26,2,10,RL_adaptive,2.4134771636760077,2.100989566470897,0.9727478763441244,0.027252123655875593,0,1,0,1,7,1,0.9727478763441244
26,2,25,Z_only,2.4134771636760077,2.100989566470897,0.8732149004783398,0.12678509952166017,0,25,0,0,0,0,
26,2,25,ZX_split,2.4134771636760077,2.100989566470897,0.8944605870679508,0.10553941293204916,3,9,6,7,0,0,
26,2,25,XYZ_split,2.4134771636760077,2.100989566470897,0.9940655673753241,0.005934432624675856,0,8,2,6,7,2,
26,2,25,RL_adaptive,2.4134771636760077,2.100989566470897,0.3362286075598307,0.6637713924401694,1,0,6,10,6,2,0.3362286075598307
26,2,50,Z_only,2.4134771636760077,2.100989566470897,0.8732149004783398,0.12678509952166017,6,44,0,0,0,0,
26,2,50,ZX_split,2.4134771636760077,2.100989566470897,0.9004407508396669,0.0995592491603331,1,24,10,15,0,0,
26,2,50,XYZ_split,2.4134771636760077,2.100989566470897,0.9954666637348187,0.004533336265181265,1,15,4,12,14,4,
26,2,50,RL_adaptive,2.4134771636760077,2.100989566470897,0.997835007690293,0.0021649923097070145,1,24,4,11,8,2,0.997835007690293
26,2,100,Z_only,2.4134771636760077,2.100989566470897,0.8732149004783398,0.12678509952166017,13,87,0,0,0,0,
26,2,100,ZX_split,2.4134771636760077,2.100989566470897,0.9012246622979715,0.09877533770202851,3,47,20,30,0,0,
26,2,100,XYZ_split,2.4134771636760077,2.100989566470897,0.961126892080667,0.03887310791933296,5,28,17,16,29,5,
26,2,100,RL_adaptive,2.4134771636760077,2.100989566470897,0.968867621073386,0.031132378926614024,4,36,17,19,23,1,0.968867621073386
26,2,250,Z_only,2.4134771636760077,2.100989566470897,0.8732149004783398,0.12678509952166017,32,218,0,0,0,0,
26,2,250,ZX_split,2.4134771636760077,2.100989566470897,0.9092304775707113,0.09076952242928871,11,114,41,84,0,0,
26,2,250,XYZ_split,2.4134771636760077,2.100989566470897,0.9963311062380447,0.0036688937619553386,9,74,25,58,62,22,
26,2,250,RL_adaptive,2.4134771636760077,2.100989566470897,0.9970008100481772,0.0029991899518228005,15,98,21,54,52,10,0.9970008100481772
26,2,500,Z_only,2.4134771636760077,2.100989566470897,0.8732149004783398,0.12678509952166017,71,429,0,0,0,0,
26,2,500,ZX_split,2.4134771636760077,2.100989566470897,0.9084640127089029,0.09153598729109713,39,211,93,157,0,0,
26,2,500,XYZ_split,2.4134771636760077,2.100989566470897,0.9996663124097986,0.0003336875902013592,27,139,55,111,130,38,
26,2,500,RL_adaptive,2.4134771636760077,2.100989566470897,0.9980006222535379,0.001999377746462083,27,193,38,86,117,39,0.9980006222535379
26,3,10,Z_only,2.4134771636760077,2.100989566470897,0.8732149004783398,0.12678509952166017,1,9,0,0,0,0,
26,3,10,ZX_split,2.4134771636760077,2.100989566470897,0.8329683018820123,0.16703169811798768,0,5,3,2,0,0,
26,3,10,XYZ_split,2.4134771636760077,2.100989566470897,0.9930283109356929,0.006971689064307118,0,3,1,2,4,0,
26,3,10,RL_adaptive,2.4134771636760077,2.100989566470897,0.9727478763441244,0.027252123655875593,0,1,0,1,7,1,0.9727478763441244
26,3,25,Z_only,2.4134771636760077,2.100989566470897,0.8732149004783398,0.12678509952166017,2,23,0,0,0,0,
26,3,25,ZX_split,2.4134771636760077,2.100989566470897,0.8347271246445056,0.1652728753554944,3,9,1,12,0,0,
26,3,25,XYZ_split,2.4134771636760077,2.100989566470897,0.9944984491528922,0.0055015508471077945,0,8,3,5,8,1,
26,3,25,RL_adaptive,2.4134771636760077,2.100989566470897,0.9841204182825356,0.015879581717464397,0,1,7,10,7,0,0.9841204182825356
26,3,50,Z_only,2.4134771636760077,2.100989566470897,0.8732149004783398,0.12678509952166017,9,41,0,0,0,0,
26,3,50,ZX_split,2.4134771636760077,2.100989566470897,0.906599547759945,0.093400452240055,5,20,8,17,0,0,
26,3,50,XYZ_split,2.4134771636760077,2.100989566470897,0.9973839686524285,0.0026160313475714903,3,13,5,11,14,4,
26,3,50,RL_adaptive,2.4134771636760077,2.100989566470897,0.9946992510863614,0.005300748913638631,4,21,4,11,8,2,0.9946992510863614
26,3,100,Z_only,2.4134771636760077,2.100989566470897,0.8732149004783398,0.12678509952166017,15,85,0,0,0,0,
26,3,100,ZX_split,2.4134771636760077,2.100989566470897,0.907522922321805,0.09247707767819502,4,46,13,37,0,0,
26,3,100,XYZ_split,2.4134771636760077,2.100989566470897,0.998874211628497,0.0011257883715030115,5,28,11,22,25,9,
26,3,100,RL_adaptive,2.4134771636760077,2.100989566470897,0.9997712135114021,0.00022878648859792072,7,38,11,21,18,5,0.9997712135114021
26,3,250,Z_only,2.4134771636760077,2.100989566470897,0.8732149004783398,0.12678509952166017,34,216,0,0,0,0,
26,3,250,ZX_split,2.4134771636760077,2.100989566470897,0.9084464890756803,0.09155351092431974,13,112,36,89,0,0,
26,3,250,XYZ_split,2.4134771636760077,2.100989566470897,0.999236106865466,0.000763893134533955,11,72,28,55,63,21,
26,3,250,RL_adaptive,2.4134771636760077,2.100989566470897,0.9969885296906922,0.0030114703093078177,13,98,22,51,49,17,0.9969885296906922
26,3,500,Z_only,2.4134771636760077,2.100989566470897,0.8732149004783398,0.12678509952166017,58,442,0,0,0,0,
26,3,500,ZX_split,2.4134771636760077,2.100989566470897,0.9092041912804146,0.09079580871958537,31,219,86,164,0,0,
26,3,500,XYZ_split,2.4134771636760077,2.100989566470897,0.9974895097358362,0.002510490264163834,28,138,57,109,137,31,
26,3,500,RL_adaptive,2.4134771636760077,2.100989566470897,0.9987849526325916,0.0012150473674084061,30,189,37,87,123,34,0.9987849526325916
26,4,10,Z_only,2.4134771636760077,2.100989566470897,0.8732149004783398,0.12678509952166017,0,10,0,0,0,0,
26,4,10,ZX_split,2.4134771636760077,2.100989566470897,0.8008534259122889,0.19914657408771108,1,4,3,2,0,0,
26,4,10,XYZ_split,2.4134771636760077,2.100989566470897,0.9783512200655274,0.021648779934472562,0,3,0,3,4,0,
26,4,10,RL_adaptive,2.4134771636760077,2.100989566470897,0.9566687170606201,0.043331282939379934,0,1,0,1,6,2,0.9566687170606201
26,4,25,Z_only,2.4134771636760077,2.100989566470897,0.8732149004783398,0.12678509952166017,3,22,0,0,0,0,
26,4,25,ZX_split,2.4134771636760077,2.100989566470897,0.8960648966298603,0.10393510337013967,2,10,3,10,0,0,
26,4,25,XYZ_split,2.4134771636760077,2.100989566470897,0.9656938223781522,0.034306177621847844,1,7,4,4,8,1,
26,4,25,RL_adaptive,2.4134771636760077,2.100989566470897,0.9987200727455761,0.0012799272544239404,0,1,4,13,6,1,0.9987200727455761
26,4,50,Z_only,2.4134771636760077,2.100989566470897,0.8732149004783398,0.12678509952166017,7,43,0,0,0,0,
26,4,50,ZX_split,2.4134771636760077,2.100989566470897,0.8815427414750042,0.11845725852499578,3,22,12,13,0,0,
26,4,50,XYZ_split,2.4134771636760077,2.100989566470897,0.9895035188185842,0.010496481181415773,2,14,5,11,17,1,
26,4,50,RL_adaptive,2.4134771636760077,2.100989566470897,0.9977235142845682,0.0022764857154318197,1,24,5,10,9,1,0.9977235142845682
26,4,100,Z_only,2.4134771636760077,2.100989566470897,0.8732149004783398,0.12678509952166017,17,83,0,0,0,0,
26,4,100,ZX_split,2.4134771636760077,2.100989566470897,0.9078476350413163,0.09215236495868373,5,45,18,32,0,0,
26,4,100,XYZ_split,2.4134771636760077,2.100989566470897,0.9963219630256731,0.0036780369743268926,4,29,9,24,26,8,
26,4,100,RL_adaptive,2.4134771636760077,2.100989566470897,0.9796750168106664,0.020324983189333623,5,40,13,17,17,8,0.9796750168106664
26,4,250,Z_only,2.4134771636760077,2.100989566470897,0.8732149004783398,0.12678509952166017,38,212,0,0,0,0,
26,4,250,ZX_split,2.4134771636760077,2.100989566470897,0.908642943604281,0.091357056395719,14,111,37,88,0,0,
26,4,250,XYZ_split,2.4134771636760077,2.100989566470897,0.9948828981131184,0.0051171018868816365,15,68,27,56,70,14,
26,4,250,RL_adaptive,2.4134771636760077,2.100989566470897,0.9980590526317072,0.0019409473682927558,15,94,29,47,50,15,0.9980590526317072
26,4,500,Z_only,2.4134771636760077,2.100989566470897,0.8732149004783398,0.12678509952166017,74,426,0,0,0,0,
26,4,500,ZX_split,2.4134771636760077,2.100989566470897,0.9084699888974661,0.09153001110253389,31,219,90,160,0,0,
26,4,500,XYZ_split,2.4134771636760077,2.100989566470897,0.9978702408715632,0.0021297591284368256,19,147,51,115,126,42,
26,4,500,RL_adaptive,2.4134771636760077,2.100989566470897,0.9989382469104162,0.0010617530895837834,27,193,39,86,118,37,0.9989382469104162
27,0,10,Z_only,1.9384298256069883,3.471110960746229,0.679704033835715,0.320295966164285,2,8,0,0,0,0,
27,0,10,ZX_split,1.9384298256069883,3.471110960746229,0.9710288655148556,0.028971134485144434,1,4,0,5,0,0,
27,0,10,XYZ_split,1.9384298256069883,3.471110960746229,0.975658663822627,0.024341336177372996,1,2,0,3,2,2,
27,0,10,RL_adaptive,1.9384298256069883,3.471110960746229,0.9644548543634193,0.03554514563658073,0,1,0,1,2,6,0.9644548543634193
27,0,25,Z_only,1.9384298256069883,3.471110960746229,0.679704033835715,0.320295966164285,9,16,0,0,0,0,
27,0,25,ZX_split,1.9384298256069883,3.471110960746229,0.9650231675194583,0.03497683248054173,5,7,0,13,0,0,
27,0,25,XYZ_split,1.9384298256069883,3.471110960746229,0.9969511262542958,0.0030488737457041726,3,5,1,7,3,6,
27,0,25,RL_adaptive,1.9384298256069883,3.471110960746229,0.9521986026020778,0.04780139739792222,0,1,0,17,3,4,0.9521986026020778
27,0,50,Z_only,1.9384298256069883,3.471110960746229,0.679704033835715,0.320295966164285,7,43,0,0,0,0,
27,0,50,ZX_split,1.9384298256069883,3.471110960746229,0.9578680457582004,0.04213195424179961,5,20,3,22,0,0,
27,0,50,XYZ_split,1.9384298256069883,3.471110960746229,0.9569895770517447,0.0430104229482553,8,8,1,15,8,10,
27,0,50,RL_adaptive,1.9384298256069883,3.471110960746229,0.933264372725444,0.06673562727455595,12,11,0,17,5,5,0.933264372725444
27,0,100,Z_only,1.9384298256069883,3.471110960746229,0.679704033835715,0.320295966164285,31,69,0,0,0,0,
27,0,100,ZX_split,1.9384298256069883,3.471110960746229,0.9710288655148556,0.028971134485144434,13,37,5,45,0,0,
27,0,100,XYZ_split,1.9384298256069883,3.471110960746229,0.9899675105932241,0.010032489406775924,8,25,4,29,12,22,
27,0,100,RL_adaptive,1.9384298256069883,3.471110960746229,0.9877697428996409,0.012230257100359077,16,42,0,20,4,18,0.9877697428996409
27,0,250,Z_only,1.9384298256069883,3.471110960746229,0.679704033835715,0.320295966164285,87,163,0,0,0,0,
27,0,250,ZX_split,1.9384298256069883,3.471110960746229,0.9765588928617976,0.023441107138202355,39,86,8,117,0,0,
27,0,250,XYZ_split,1.9384298256069883,3.471110960746229,0.9983998582622802,0.001600141737719829,24,59,7,76,29,55,
27,0,250,RL_adaptive,1.9384298256069883,3.471110960746229,0.9974707015471302,0.002529298452869755,31,84,4,55,27,49,0.9974707015471302
27,0,500,Z_only,1.9384298256069883,3.471110960746229,0.679704033835715,0.320295966164285,157,343,0,0,0,0,
27,0,500,ZX_split,1.9384298256069883,3.471110960746229,0.9759516380717332,0.02404836192826676,85,165,9,241,0,0,
27,0,500,XYZ_split,1.9384298256069883,3.471110960746229,0.9999828145952796,1.7185404720398978e-05,54,112,10,156,59,109,
27,0,500,RL_adaptive,1.9384298256069883,3.471110960746229,0.9954336566223966,0.004566343377603421,58,155,8,115,65,99,0.9954336566223966
27,1,10,Z_only,1.9384298256069883,3.471110960746229,0.679704033835715,0.320295966164285,3,7,0,0,0,0,
27,1,10,ZX_split,1.9384298256069883,3.471110960746229,0.939248329419245,0.060751670580755035,1,4,1,4,0,0,
27,1,10,XYZ_split,1.9384298256069883,3.471110960746229,0.8448780065365638,0.15512199346343625,0,3,1,2,1,3,
27,1,10,RL_adaptive,1.9384298256069883,3.471110960746229,0.9588245641480712,0.04117543585192884,0,1,0,1,3,5,0.9588245641480712
27,1,25,Z_only,1.9384298256069883,3.471110960746229,0.679704033835715,0.320295966164285,10,15,0,0,0,0,
27,1,25,ZX_split,1.9384298256069883,3.471110960746229,0.975243984657988,0.024756015342011994,3,9,0,13,0,0,
27,1,25,XYZ_split,1.9384298256069883,3.471110960746229,0.9500158358839496,0.049984164116050445,3,5,1,7,5,4,
27,1,25,RL_adaptive,1.9384298256069883,3.471110960746229,0.6211289194586516,0.37887108054134844,1,0,2,14,4,4,0.6211289194586516
27,1,50,Z_only,1.9384298256069883,3.471110960746229,0.679704033835715,0.320295966164285,14,36,0,0,0,0,
27,1,50,ZX_split,1.9384298256069883,3.471110960746229,0.9742621078014904,0.025737892198509638,8,17,4,21,0,0,
27,1,50,XYZ_split,1.9384298256069883,3.471110960746229,0.9987687106519698,0.0012312893480301845,6,10,2,14,7,11,
27,1,50,RL_adaptive,1.9384298256069883,3.471110960746229,0.9686862667434358,0.03131373325656417,5,18,1,16,5,5,0.9686862667434358
27,1,100,Z_only,1.9384298256069883,3.471110960746229,0.679704033835715,0.320295966164285,41,59,0,0,0,0,
27,1,100,ZX_split,1.9384298256069883,3.471110960746229,0.9738687322429026,0.0261312677570974,19,31,4,46,0,0,
27,1,100,XYZ_split,1.9384298256069883,3.471110960746229,0.9596676147512245,0.04033238524877547,2,31,2,31,13,21,
27,1,100,RL_adaptive,1.9384298256069883,3.471110960746229,0.947829365327693,0.05217063467230698,17,35,2,25,12,9,0.947829365327693
27,1,250,Z_only,1.9384298256069883,3.471110960746229,0.679704033835715,0.320295966164285,80,170,0,0,0,0,
27,1,250,ZX_split,1.9384298256069883,3.471110960746229,0.9742011250640878,0.025798874935912153,48,77,13,112,0,0,
27,1,250,XYZ_split,1.9384298256069883,3.471110960746229,0.9996466126636732,0.00035338733632683805,25,58,3,80,27,57,
27,1,250,RL_adaptive,1.9384298256069883,3.471110960746229,0.9976950552790576,0.002304944720942448,40,76,1,57,23,53,0.9976950552790576
27,1,500,Z_only,1.9384298256069883,3.471110960746229,0.679704033835715,0.320295966164285,165,335,0,0,0,0,
27,1,500,ZX_split,1.9384298256069883,3.471110960746229,0.9758211067070368,0.02417889329296319,88,162,16,234,0,0,
27,1,500,XYZ_split,1.9384298256069883,3.471110960746229,0.9994176648460321,0.0005823351539678834,49,117,9,157,60,108,
27,1,500,RL_adaptive,1.9384298256069883,3.471110960746229,0.9997796625785423,0.00022033742145766144,65,147,8,118,57,105,0.9997796625785423
27,2,10,Z_only,1.9384298256069883,3.471110960746229,0.3202959661642847,0.6797040338357153,7,3,0,0,0,0,
27,2,10,ZX_split,1.9384298256069883,3.471110960746229,0.939248329419245,0.060751670580755035,1,4,1,4,0,0,
27,2,10,XYZ_split,1.9384298256069883,3.471110960746229,0.8650545017084895,0.13494549829151048,1,2,0,3,3,1,
27,2,10,RL_adaptive,1.9384298256069883,3.471110960746229,0.9588245641480712,0.04117543585192884,0,1,0,1,3,5,0.9588245641480712
27,2,25,Z_only,1.9384298256069883,3.471110960746229,0.679704033835715,0.320295966164285,8,17,0,0,0,0,
27,2,25,ZX_split,1.9384298256069883,3.471110960746229,0.9414869108787061,0.05851308912129394,6,6,0,13,0,0,
27,2,25,XYZ_split,1.9384298256069883,3.471110960746229,0.9853531855000981,0.014646814499901906,3,5,0,8,4,5,
27,2,25,RL_adaptive,1.9384298256069883,3.471110960746229,0.9641577049967739,0.03584229500322611,0,1,0,17,2,5,0.9641577049967739
27,2,50,Z_only,1.9384298256069883,3.471110960746229,0.679704033835715,0.320295966164285,19,31,0,0,0,0,
27,2,50,ZX_split,1.9384298256069883,3.471110960746229,0.975658663822627,0.024341336177372996,9,16,2,23,0,0,
27,2,50,XYZ_split,1.9384298256069883,3.471110960746229,0.9979130976308704,0.002086902369129562,5,11,0,16,5,13,
27,2,50,RL_adaptive,1.9384298256069883,3.471110960746229,0.9507374891366723,0.04926251086332767,7,17,2,15,5,4,0.9507374891366723
27,2,100,Z_only,1.9384298256069883,3.471110960746229,0.679704033835715,0.320295966164285,29,71,0,0,0,0,
27,2,100,ZX_split,1.9384298256069883,3.471110960746229,0.954203358619135,0.04579664138086503,10,40,7,43,0,0,
27,2,100,XYZ_split,1.9384298256069883,3.471110960746229,0.954653223421754,0.04534677657824604,14,19,2,31,18,16,
27,2,100,RL_adaptive,1.9384298256069883,3.471110960746229,0.9913148989487569,0.008685101051243094,24,36,3,18,6,13,0.9913148989487569
27,2,250,Z_only,1.9384298256069883,3.471110960746229,0.679704033835715,0.320295966164285,71,179,0,0,0,0,
27,2,250,ZX_split,1.9384298256069883,3.471110960746229,0.9730204260426459,0.026979573957354064,32,93,8,117,0,0,
27,2,250,XYZ_split,1.9384298256069883,3.471110960746229,0.999017547164788,0.0009824528352120332,28,55,4,79,27,57,
27,2,250,RL_adaptive,1.9384298256069883,3.471110960746229,0.9987219100128,0.0012780899872000262,32,83,3,55,27,50,0.9987219100128
27,2,500,Z_only,1.9384298256069883,3.471110960746229,0.679704033835715,0.320295966164285,160,340,0,0,0,0,
27,2,500,ZX_split,1.9384298256069883,3.471110960746229,0.9765232874857178,0.023476712514282183,78,172,17,233,0,0,
27,2,500,XYZ_split,1.9384298256069883,3.471110960746229,0.9957930224561871,0.00420697754381294,50,116,9,157,69,99,
27,2,500,RL_adaptive,1.9384298256069883,3.471110960746229,0.9995648798428058,0.00043512015719415764,73,137,10,120,56,104,0.9995648798428058
27,3,10,Z_only,1.9384298256069883,3.471110960746229,0.679704033835715,0.320295966164285,4,6,0,0,0,0,
27,3,10,ZX_split,1.9384298256069883,3.471110960746229,0.8620038534944622,0.13799614650553782,3,2,1,4,0,0,
27,3,10,XYZ_split,1.9384298256069883,3.471110960746229,0.8650545017084895,0.13494549829151048,1,2,0,3,3,1,
27,3,10,RL_adaptive,1.9384298256069883,3.471110960746229,0.939248329419245,0.060751670580755035,0,1,0,1,4,4,0.939248329419245
27,3,25,Z_only,1.9384298256069883,3.471110960746229,0.679704033835715,0.320295966164285,4,21,0,0,0,0,
27,3,25,ZX_split,1.9384298256069883,3.471110960746229,0.9678930888470139,0.03210691115298614,5,7,1,12,0,0,
27,3,25,XYZ_split,1.9384298256069883,3.471110960746229,0.9643085875420822,0.03569141245791785,1,7,1,7,3,6,
27,3,25,RL_adaptive,1.9384298256069883,3.471110960746229,0.7096145897320694,0.29038541026793063,1,0,1,15,1,7,0.7096145897320694
27,3,50,Z_only,1.9384298256069883,3.471110960746229,0.679704033835715,0.320295966164285,18,32,0,0,0,0,
27,3,50,ZX_split,1.9384298256069883,3.471110960746229,0.9681563939627408,0.03184360603725922,10,15,0,25,0,0,
27,3,50,XYZ_split,1.9384298256069883,3.471110960746229,0.9972409800193115,0.002759019980688504,5,11,0,16,7,11,
27,3,50,RL_adaptive,1.9384298256069883,3.471110960746229,0.9894156646975903,0.010584335302409653,5,17,0,18,2,8,0.9894156646975903
27,3,100,Z_only,1.9384298256069883,3.471110960746229,0.679704033835715,0.320295966164285,31,69,0,0,0,0,
27,3,100,ZX_split,1.9384298256069883,3.471110960746229,0.9765271168114079,0.023472883188592086,15,35,2,48,0,0,
27,3,100,XYZ_split,1.9384298256069883,3.471110960746229,0.9722041519664464,0.027795848033553616,16,17,2,31,12,22,
27,3,100,RL_adaptive,1.9384298256069883,3.471110960746229,0.9979473120820439,0.0020526879179560975,16,40,0,22,6,16,0.9979473120820439
27,3,250,Z_only,1.9384298256069883,3.471110960746229,0.679704033835715,0.320295966164285,83,167,0,0,0,0,
27,3,250,ZX_split,1.9384298256069883,3.471110960746229,0.9738013243720448,0.026198675627955192,33,92,8,117,0,0,
27,3,250,XYZ_split,1.9384298256069883,3.471110960746229,0.9998828470870393,0.00011715291296066077,26,57,5,78,30,54,
27,3,250,RL_adaptive,1.9384298256069883,3.471110960746229,0.9999662792629913,3.372073700869116e-05,38,77,5,56,26,48,0.9999662792629913
27,3,500,Z_only,1.9384298256069883,3.471110960746229,0.679704033835715,0.320295966164285,147,353,0,0,0,0,
27,3,500,ZX_split,1.9384298256069883,3.471110960746229,0.976515182033592,0.023484817966408,86,164,22,228,0,0,
27,3,500,XYZ_split,1.9384298256069883,3.471110960746229,0.999368444517325,0.0006315554826750169,53,113,6,160,53,115,
27,3,500,RL_adaptive,1.9384298256069883,3.471110960746229,0.9952550350420443,0.004744964957955733,63,147,2,120,69,99,0.9952550350420443
27,4,10,Z_only,1.9384298256069883,3.471110960746229,0.679704033835715,0.320295966164285,3,7,0,0,0,0,
27,4,10,ZX_split,1.9384298256069883,3.471110960746229,0.939248329419245,0.060751670580755035,0,5,0,5,0,0,
27,4,10,XYZ_split,1.9384298256069883,3.471110960746229,0.8620038534944622,0.13799614650553782,2,1,0,3,2,2,
27,4,10,RL_adaptive,1.9384298256069883,3.471110960746229,0.9644548543634193,0.03554514563658073,0,1,0,1,2,6,0.9644548543634193
27,4,25,Z_only,1.9384298256069883,3.471110960746229,0.679704033835715,0.320295966164285,8,17,0,0,0,0,
27,4,25,ZX_split,1.9384298256069883,3.471110960746229,0.9579981274422261,0.04200187255777388,2,10,1,12,0,0,
27,4,25,XYZ_split,1.9384298256069883,3.471110960746229,0.9819843205408012,0.018015679459198797,2,6,1,7,4,5,
27,4,25,RL_adaptive,1.9384298256069883,3.471110960746229,0.8790634649655759,0.12093653503442414,0,1,4,14,0,6,0.8790634649655759
27,4,50,Z_only,1.9384298256069883,3.471110960746229,0.679704033835715,0.320295966164285,13,37,0,0,0,0,
27,4,50,ZX_split,1.9384298256069883,3.471110960746229,0.9762587317378857,0.023741268262114312,8,17,0,25,0,0,
27,4,50,XYZ_split,1.9384298256069883,3.471110960746229,0.9931054997484835,0.0068945002515165,6,10,0,16,5,13,
27,4,50,RL_adaptive,1.9384298256069883,3.471110960746229,0.9879981307630227,0.012001869236977325,6,17,1,17,2,7,0.9879981307630227
27,4,100,Z_only,1.9384298256069883,3.471110960746229,0.679704033835715,0.320295966164285,29,71,0,0,0,0,
27,4,100,ZX_split,1.9384298256069883,3.471110960746229,0.9766433153633115,0.023356684636688496,15,35,1,49,0,0,
27,4,100,XYZ_split,1.9384298256069883,3.471110960746229,0.9616333634402966,0.038366636559703404,5,28,1,32,17,17,
27,4,100,RL_adaptive,1.9384298256069883,3.471110960746229,0.99996169571339,3.8304286610002514e-05,16,39,0,21,8,16,0.99996169571339
27,4,250,Z_only,1.9384298256069883,3.471110960746229,0.679704033835715,0.320295966164285,83,167,0,0,0,0,
27,4,250,ZX_split,1.9384298256069883,3.471110960746229,0.9766589723711888,0.023341027628811184,39,86,5,120,0,0,
27,4,250,XYZ_split,1.9384298256069883,3.471110960746229,0.9996843631381717,0.00031563686182833894,25,58,3,80,30,54,
27,4,250,RL_adaptive,1.9384298256069883,3.471110960746229,0.9994467213343765,0.0005532786656234912,39,75,6,57,28,45,0.9994467213343765
27,4,500,Z_only,1.9384298256069883,3.471110960746229,0.679704033835715,0.320295966164285,166,334,0,0,0,0,
27,4,500,ZX_split,1.9384298256069883,3.471110960746229,0.9763908514877822,0.023609148512217848,83,167,11,239,0,0,
27,4,500,XYZ_split,1.9384298256069883,3.471110960746229,0.9989415839000705,0.0010584160999295156,54,112,6,160,52,116,
27,4,500,RL_adaptive,1.9384298256069883,3.471110960746229,0.9989682401317063,0.0010317598682937357,58,155,4,118,56,109,0.9989682401317063
28,0,10,Z_only,3.101100558288196,3.4885091590216306,0.9995901535581323,0.0004098464418677006,0,10,0,0,0,0,
28,0,10,ZX_split,3.101100558288196,3.4885091590216306,0.9936214618099155,0.006378538190084493,0,5,2,3,0,0,
28,0,10,XYZ_split,3.101100558288196,3.4885091590216306,0.834738308422847,0.16526169157715298,0,3,2,1,4,0,
28,0,10,RL_adaptive,3.101100558288196,3.4885091590216306,0.866723149645203,0.13327685035479697,0,1,0,1,4,4,0.866723149645203
28,0,25,Z_only,3.101100558288196,3.4885091590216306,0.9995901535581323,0.0004098464418677006,0,25,0,0,0,0,
28,0,25,ZX_split,3.101100558288196,3.4885091590216306,0.9910763799540797,0.008923620045920289,0,12,5,8,0,0,
28,0,25,XYZ_split,3.101100558288196,3.4885091590216306,0.9872096614179513,0.0127903385820487,0,8,3,5,4,5,
28,0,25,RL_adaptive,3.101100558288196,3.4885091590216306,0.9811063068765937,0.018893693123406274,0,1,6,11,3,4,0.9811063068765937
28,0,50,Z_only,3.101100558288196,3.4885091590216306,0.9995901535581323,0.0004098464418677006,0,50,0,0,0,0,
28,0,50,ZX_split,3.101100558288196,3.4885091590216306,0.9982993855331032,0.0017006144668968437,0,25,11,14,0,0,
28,0,50,XYZ_split,3.101100558288196,3.4885091590216306,0.9768509610878309,0.02314903891216913,0,16,6,10,11,7,
28,0,50,RL_adaptive,3.101100558288196,3.4885091590216306,0.9866372082055423,0.013362791794457651,0,25,8,9,3,5,0.9866372082055423
28,0,100,Z_only,3.101100558288196,3.4885091590216306,0.9995901535581323,0.0004098464418677006,0,100,0,0,0,0,
28,0,100,ZX_split,3.101100558288196,3.4885091590216306,0.9999517399551168,4.8260044883230435e-05,0,50,24,26,0,0,
28,0,100,XYZ_split,3.101100558288196,3.4885091590216306,0.9945674069101795,0.00543259308982047,0,33,17,16,19,15,
28,0,100,RL_adaptive,3.101100558288196,3.4885091590216306,0.9986365584068614,0.0013634415931386146,0,45,12,15,14,14,0.9986365584068614
28,0,250,Z_only,3.101100558288196,3.4885091590216306,0.9995901535581323,0.0004098464418677006,1,249,0,0,0,0,
28,0,250,ZX_split,3.101100558288196,3.4885091590216306,0.9947865090765654,0.005213490923434594,0,125,51,74,0,0,
28,0,250,XYZ_split,3.101100558288196,3.4885091590216306,0.9975415199943386,0.002458480005661401,0,83,44,39,42,42,
28,0,250,RL_adaptive,3.101100558288196,3.4885091590216306,0.9977165121892035,0.0022834878107964585,0,103,31,36,43,37,0.9977165121892035
28,0,500,Z_only,3.101100558288196,3.4885091590216306,0.9995901535581323,0.0004098464418677006,0,500,0,0,0,0,
28,0,500,ZX_split,3.101100558288196,3.4885091590216306,0.9997858587967483,0.00021414120325169428,0,250,117,133,0,0,
28,0,500,XYZ_split,3.101100558288196,3.4885091590216306,0.9977604623738986,0.0022395376261014066,0,166,72,94,84,84,
28,0,500,RL_adaptive,3.101100558288196,3.4885091590216306,0.9984490199267408,0.001550980073259156,0,235,58,72,64,71,0.9984490199267408
28,1,10,Z_only,3.101100558288196,3.4885091590216306,0.9995901535581323,0.0004098464418677006,0,10,0,0,0,0,
28,1,10,ZX_split,3.101100558288196,3.4885091590216306,0.9936214618099155,0.006378538190084493,0,5,2,3,0,0,
28,1,10,XYZ_split,3.101100558288196,3.4885091590216306,0.866723149645203,0.13327685035479697,0,3,0,3,2,2,
28,1,10,RL_adaptive,3.101100558288196,3.4885091590216306,0.8272066311989679,0.17279336880103213,0,1,0,1,1,7,0.8272066311989679
28,1,25,Z_only,3.101100558288196,3.4885091590216306,0.9995901535581323,0.0004098464418677006,0,25,0,0,0,0,
28,1,25,ZX_split,3.101100558288196,3.4885091590216306,0.9731233331987091,0.02687666680129086,0,12,4,9,0,0,
28,1,25,XYZ_split,3.101100558288196,3.4885091590216306,0.8985775922400216,0.10142240775997835,0,8,4,4,1,8,
28,1,25,RL_adaptive,3.101100558288196,3.4885091590216306,0.9995901535581323,0.0004098464418677006,0,1,9,9,3,3,0.9995901535581323
28,1,50,Z_only,3.101100558288196,3.4885091590216306,0.9995901535581323,0.0004098464418677006,0,50,0,0,0,0,
28,1,50,ZX_split,3.101100558288196,3.4885091590216306,0.9984301808513865,0.0015698191486135382,0,25,13,12,0,0,
28,1,50,XYZ_split,3.101100558288196,3.4885091590216306,0.9717766284912204,0.028223371508779627,0,16,8,8,12,6,
28,1,50,RL_adaptive,3.101100558288196,3.4885091590216306,0.9727366531947412,0.02726334680525877,0,24,7,10,3,6,0.9727366531947412
28,1,100,Z_only,3.101100558288196,3.4885091590216306,0.9995901535581323,0.0004098464418677006,0,100,0,0,0,0,
28,1,100,ZX_split,3.101100558288196,3.4885091590216306,0.9982993855331032,0.0017006144668968437,0,50,22,28,0,0,
28,1,100,XYZ_split,3.101100558288196,3.4885091590216306,0.990222128906096,0.009777871093904045,0,33,13,20,15,19,
28,1,100,RL_adaptive,3.101100558288196,3.4885091590216306,0.9978302393613773,0.002169760638622731,0,44,14,14,15,13,0.9978302393613773
28,1,250,Z_only,3.101100558288196,3.4885091590216306,0.9995901535581323,0.0004098464418677006,0,250,0,0,0,0,
28,1,250,ZX_split,3.101100558288196,3.4885091590216306,0.9999030349694223,9.696503057765593e-05,0,125,61,64,0,0,
28,1,250,XYZ_split,3.101100558288196,3.4885091590216306,0.9787915075798534,0.021208492420146552,0,83,33,50,52,32,
28,1,250,RL_adaptive,3.101100558288196,3.4885091590216306,0.9940080064767612,0.005991993523238759,0,102,28,35,36,49,0.9940080064767612
28,1,500,Z_only,3.101100558288196,3.4885091590216306,0.9995901535581323,0.0004098464418677006,0,500,0,0,0,0,
28,1,500,ZX_split,3.101100558288196,3.4885091590216306,0.9988790801531694,0.0011209198468306036,0,250,112,138,0,0,
28,1,500,XYZ_split,3.101100558288196,3.4885091590216306,0.9957965509204992,0.004203449079500765,0,166,78,88,72,96,
28,1,500,RL_adaptive,3.101100558288196,3.4885091590216306,0.9975797647968263,0.002420235203173693,0,235,60,72,60,73,0.9975797647968263
28,2,10,Z_only,3.101100558288196,3.4885091590216306,0.9995901535581323,0.0004098464418677006,0,10,0,0,0,0,
28,2,10,ZX_split,3.101100558288196,3.4885091590216306,0.9861554388792128,0.013844561120787247,0,5,3,2,0,0,
28,2,10,XYZ_split,3.101100558288196,3.4885091590216306,0.8398040211447645,0.1601959788552355,0,3,3,0,2,2,
28,2,10,RL_adaptive,3.101100558288196,3.4885091590216306,0.8358138308365376,0.1641861691634624,0,1,1,0,3,5,0.8358138308365376
28,2,25,Z_only,3.101100558288196,3.4885091590216306,0.9995901535581323,0.0004098464418677006,0,25,0,0,0,0,
28,2,25,ZX_split,3.101100558288196,3.4885091590216306,0.9966587088001401,0.0033412911998599304,0,12,7,6,0,0,
28,2,25,XYZ_split,3.101100558288196,3.4885091590216306,0.9220286231491465,0.07797137685085354,0,8,6,2,3,6,
28,2,25,RL_adaptive,3.101100558288196,3.4885091590216306,0.994432496842185,0.005567503157814957,0,1,10,8,3,3,0.994432496842185
28,2,50,Z_only,3.101100558288196,3.4885091590216306,0.9995901535581323,0.0004098464418677006,0,50,0,0,0,0,
28,2,50,ZX_split,3.101100558288196,3.4885091590216306,0.986219666766585,0.013780333233414988,0,25,9,16,0,0,
28,2,50,XYZ_split,3.101100558288196,3.4885091590216306,0.9995901535581323,0.0004098464418677006,0,16,8,8,9,9,
28,2,50,RL_adaptive,3.101100558288196,3.4885091590216306,0.9857345852578451,0.014265414742154925,0,25,6,10,5,4,0.9857345852578451
28,2,100,Z_only,3.101100558288196,3.4885091590216306,0.9995901535581323,0.0004098464418677006,0,100,0,0,0,0,
28,2,100,ZX_split,3.101100558288196,3.4885091590216306,0.9963229184526311,0.003677081547368899,0,50,21,29,0,0,
28,2,100,XYZ_split,3.101100558288196,3.4885091590216306,0.9999374755644859,6.2524435514133e-05,0,33,16,17,17,17,
28,2,100,RL_adaptive,3.101100558288196,3.4885091590216306,0.9618901424886949,0.038109857511305134,0,41,12,19,19,9,0.9618901424886949
28,2,250,Z_only,3.101100558288196,3.4885091590216306,0.9995901535581323,0.0004098464418677006,0,250,0,0,0,0,
28,2,250,ZX_split,3.101100558288196,3.4885091590216306,0.9996671886446061,0.0003328113553938694,0,125,58,67,0,0,
28,2,250,XYZ_split,3.101100558288196,3.4885091590216306,0.9959059817248754,0.004094018275124567,0,83,40,43,36,48,
28,2,250,RL_adaptive,3.101100558288196,3.4885091590216306,0.9984163738886577,0.0015836261113423289,0,102,29,35,39,45,0.9984163738886577
28,2,500,Z_only,3.101100558288196,3.4885091590216306,0.9995901535581323,0.0004098464418677006,0,500,0,0,0,0,
28,2,500,ZX_split,3.101100558288196,3.4885091590216306,0.9996671886446061,0.0003328113553938694,0,250,116,134,0,0,
28,2,500,XYZ_split,3.101100558288196,3.4885091590216306,0.9988086054115706,0.0011913945884294286,0,166,75,91,86,82,
28,2,500,RL_adaptive,3.101100558288196,3.4885091590216306,0.997104583227161,0.002895416772838999,0,235,63,70,58,74,0.997104583227161
28,3,10,Z_only,3.101100558288196,3.4885091590216306,0.9995901535581323,0.0004098464418677006,0,10,0,0,0,0,
28,3,10,ZX_split,3.101100558288196,3.4885091590216306,0.918601750947311,0.081398249052689,0,5,4,1,0,0,
28,3,10,XYZ_split,3.101100558288196,3.4885091590216306,0.8480438238453012,0.1519561761546988,0,3,0,3,1,3,
28,3,10,RL_adaptive,3.101100558288196,3.4885091590216306,0.8334179068191708,0.16658209318082917,0,1,1,0,5,3,0.8334179068191708
28,3,25,Z_only,3.101100558288196,3.4885091590216306,0.9995901535581323,0.0004098464418677006,0,25,0,0,0,0,
28,3,25,ZX_split,3.101100558288196,3.4885091590216306,0.9995784982349798,0.00042150176502020464,0,12,6,7,0,0,
28,3,25,XYZ_split,3.101100558288196,3.4885091590216306,0.9383440788402544,0.06165592115974561,0,8,2,6,3,6,
28,3,25,RL_adaptive,3.101100558288196,3.4885091590216306,0.8266636498705697,0.17333635012943027,0,1,13,5,6,0,0.8266636498705697
28,3,50,Z_only,3.101100558288196,3.4885091590216306,0.9995901535581323,0.0004098464418677006,0,50,0,0,0,0,
28,3,50,ZX_split,3.101100558288196,3.4885091590216306,0.9937635988748859,0.006236401125114144,0,25,14,11,0,0,
28,3,50,XYZ_split,3.101100558288196,3.4885091590216306,0.9118668163633824,0.0881331836366176,0,16,8,8,15,3,
28,3,50,RL_adaptive,3.101100558288196,3.4885091590216306,0.9825803479146739,0.017419652085326143,0,25,7,10,3,5,0.9825803479146739
28,3,100,Z_only,3.101100558288196,3.4885091590216306,0.9995901535581323,0.0004098464418677006,0,100,0,0,0,0,
28,3,100,ZX_split,3.101100558288196,3.4885091590216306,0.9995901535581323,0.0004098464418677006,0,50,25,25,0,0,
28,3,100,XYZ_split,3.101100558288196,3.4885091590216306,0.9988097221578476,0.0011902778421524207,0,33,15,18,16,18,
28,3,100,RL_adaptive,3.101100558288196,3.4885091590216306,0.968211814424798,0.03178818557520202,0,42,11,19,18,10,0.968211814424798
28,3,250,Z_only,3.101100558288196,3.4885091590216306,0.9995901535581323,0.0004098464418677006,0,250,0,0,0,0,
28,3,250,ZX_split,3.101100558288196,3.4885091590216306,0.9999517399551168,4.8260044883230435e-05,0,125,60,65,0,0,
28,3,250,XYZ_split,3.101100558288196,3.4885091590216306,0.9953393060592656,0.004660693940734428,0,83,45,38,44,40,
28,3,250,RL_adaptive,3.101100558288196,3.4885091590216306,0.997479627134658,0.002520372865342013,0,103,28,37,41,41,0.997479627134658
28,3,500,Z_only,3.101100558288196,3.4885091590216306,0.9995901535581323,0.0004098464418677006,0,500,0,0,0,0,
28,3,500,ZX_split,3.101100558288196,3.4885091590216306,0.999517024320478,0.00048297567952204634,0,250,115,135,0,0,
28,3,500,XYZ_split,3.101100558288196,3.4885091590216306,0.9970288160538687,0.002971183946131273,0,166,79,87,92,76,
28,3,500,RL_adaptive,3.101100558288196,3.4885091590216306,0.9918751976211041,0.008124802378895901,0,234,66,66,78,56,0.9918751976211041
28,4,10,Z_only,3.101100558288196,3.4885091590216306,0.9995901535581323,0.0004098464418677006,0,10,0,0,0,0,
28,4,10,ZX_split,3.101100558288196,3.4885091590216306,0.9861554388792128,0.013844561120787247,0,5,3,2,0,0,
28,4,10,XYZ_split,3.101100558288196,3.4885091590216306,0.8398040211447645,0.1601959788552355,0,3,3,0,2,2,
28,4,10,RL_adaptive,3.101100558288196,3.4885091590216306,0.8480438238453012,0.1519561761546988,0,1,0,1,2,6,0.8480438238453012
28,4,25,Z_only,3.101100558288196,3.4885091590216306,0.9995901535581323,0.0004098464418677006,0,25,0,0,0,0,
28,4,25,ZX_split,3.101100558288196,3.4885091590216306,0.9308503449150792,0.06914965508492077,0,12,10,3,0,0,
28,4,25,XYZ_split,3.101100558288196,3.4885091590216306,0.9355051676097457,0.06449483239025433,0,8,6,2,5,4,
28,4,25,RL_adaptive,3.101100558288196,3.4885091590216306,0.9715103415874949,0.02848965841250506,0,1,10,8,2,4,0.9715103415874949
28,4,50,Z_only,3.101100558288196,3.4885091590216306,0.9995901535581323,0.0004098464418677006,0,50,0,0,0,0,
28,4,50,ZX_split,3.101100558288196,3.4885091590216306,0.9861554388792128,0.013844561120787247,0,25,15,10,0,0,
28,4,50,XYZ_split,3.101100558288196,3.4885091590216306,0.9891863083397485,0.010813691660251479,0,16,8,8,7,11,
28,4,50,RL_adaptive,3.101100558288196,3.4885091590216306,0.9761562705470692,0.023843729452930784,0,25,10,7,3,5,0.9761562705470692
28,4,100,Z_only,3.101100558288196,3.4885091590216306,0.9995901535581323,0.0004098464418677006,0,100,0,0,0,0,
28,4,100,ZX_split,3.101100558288196,3.4885091590216306,0.9963229184526311,0.003677081547368899,0,50,21,29,0,0,
28,4,100,XYZ_split,3.101100558288196,3.4885091590216306,0.9696452537304419,0.03035474626955814,0,33,19,14,22,12,
28,4,100,RL_adaptive,3.101100558288196,3.4885091590216306,0.9986365584068614,0.0013634415931386146,0,45,12,15,14,14,0.9986365584068614
28,4,250,Z_only,3.101100558288196,3.4885091590216306,0.9995901535581323,0.0004098464418677006,0,250,0,0,0,0,
28,4,250,ZX_split,3.101100558288196,3.4885091590216306,0.9982993855331032,0.0017006144668968437,0,125,55,70,0,0,
28,4,250,XYZ_split,3.101100558288196,3.4885091590216306,0.9990868042877398,0.0009131957122602286,0,83,42,41,40,44,
28,4,250,RL_adaptive,3.101100558288196,3.4885091590216306,0.9978987717843993,0.002101228215600659,0,103,30,36,43,38,0.9978987717843993
28,4,500,Z_only,3.101100558288196,3.4885091590216306,0.9995901535581323,0.0004098464418677006,0,500,0,0,0,0,
28,4,500,ZX_split,3.101100558288196,3.4885091590216306,0.9981030035164152,0.0018969964835847675,0,250,131,119,0,0,
28,4,500,XYZ_split,3.101100558288196,3.4885091590216306,0.9984836531828484,0.001516346817151626,1,165,86,80,81,87,
28,4,500,RL_adaptive,3.101100558288196,3.4885091590216306,0.9987442261322094,0.0012557738677906327,0,234,58,72,66,70,0.9987442261322094
29,0,10,Z_only,1.3511103749156899,5.037251705047078,0.6089615667821383,0.3910384332178617,6,4,0,0,0,0,
29,0,10,ZX_split,1.3511103749156899,5.037251705047078,0.6822176695237308,0.31778233047626925,3,2,4,1,0,0,
29,0,10,XYZ_split,1.3511103749156899,5.037251705047078,0.9981243993676822,0.001875600632317842,2,1,2,1,0,4,
29,0,10,RL_adaptive,1.3511103749156899,5.037251705047078,0.7399852234160482,0.2600147765839518,1,0,0,1,0,8,0.7399852234160482
29,0,25,Z_only,1.3511103749156899,5.037251705047078,0.39103843321786197,0.608961566782138,11,14,0,0,0,0,
29,0,25,ZX_split,1.3511103749156899,5.037251705047078,0.6900623111514581,0.3099376888485419,7,5,8,5,0,0,
29,0,25,XYZ_split,1.3511103749156899,5.037251705047078,0.9757891310745872,0.0242108689254128,5,3,7,1,0,9,
29,0,25,RL_adaptive,1.3511103749156899,5.037251705047078,0.7811522896031196,0.21884771039688045,0,1,13,6,0,5,0.7811522896031196
29,0,50,Z_only,1.3511103749156899,5.037251705047078,0.6089615667821383,0.3910384332178617,28,22,0,0,0,0,
29,0,50,ZX_split,1.3511103749156899,5.037251705047078,0.6899022489761589,0.3100977510238411,16,9,18,7,0,0,
29,0,50,XYZ_split,1.3511103749156899,5.037251705047078,0.9925390328179009,0.007460967182099099,11,5,10,6,1,17,
29,0,50,RL_adaptive,1.3511103749156899,5.037251705047078,0.9750779976854312,0.02492200231456876,15,9,10,10,0,6,0.9750779976854312
29,0,100,Z_only,1.3511103749156899,5.037251705047078,0.6089615667821383,0.3910384332178617,61,39,0,0,0,0,
29,0,100,ZX_split,1.3511103749156899,5.037251705047078,0.6823832953614267,0.3176167046385733,35,15,33,17,0,0,
29,0,100,XYZ_split,1.3511103749156899,5.037251705047078,0.9961707084161714,0.003829291583828609,20,13,24,9,1,33,
29,0,100,RL_adaptive,1.3511103749156899,5.037251705047078,0.999554718226718,0.00044528177328195806,44,30,8,4,0,14,0.999554718226718
29,0,250,Z_only,1.3511103749156899,5.037251705047078,0.6089615667821383,0.3910384332178617,143,107,0,0,0,0,
29,0,250,ZX_split,1.3511103749156899,5.037251705047078,0.6894575972425074,0.31054240275749256,78,47,89,36,0,0,
29,0,250,XYZ_split,1.3511103749156899,5.037251705047078,0.9951584188304299,0.004841581169570119,56,27,55,28,5,79,
29,0,250,RL_adaptive,1.3511103749156899,5.037251705047078,0.9977702959482533,0.002229704051746717,55,35,46,29,1,84,0.9977702959482533
29,0,500,Z_only,1.3511103749156899,5.037251705047078,0.6089615667821383,0.3910384332178617,326,174,0,0,0,0,
29,0,500,ZX_split,1.3511103749156899,5.037251705047078,0.6875858999901748,0.31241410000982517,150,100,177,73,0,0,
29,0,500,XYZ_split,1.3511103749156899,5.037251705047078,0.9997425504531766,0.00025744954682338506,103,63,109,57,9,159,
29,0,500,RL_adaptive,1.3511103749156899,5.037251705047078,0.9997519108260176,0.00024808917398244645,128,80,129,65,5,93,0.9997519108260176
29,1,10,Z_only,1.3511103749156899,5.037251705047078,0.6089615667821383,0.3910384332178617,7,3,0,0,0,0,
29,1,10,ZX_split,1.3511103749156899,5.037251705047078,0.6526236840951369,0.34737631590486306,4,1,3,2,0,0,
29,1,10,XYZ_split,1.3511103749156899,5.037251705047078,0.9981243993676822,0.001875600632317842,2,1,2,1,0,4,
29,1,10,RL_adaptive,1.3511103749156899,5.037251705047078,0.7940162013684483,0.2059837986315517,0,1,1,0,0,8,0.7940162013684483
29,1,25,Z_only,1.3511103749156899,5.037251705047078,0.6089615667821383,0.3910384332178617,18,7,0,0,0,0,
29,1,25,ZX_split,1.3511103749156899,5.037251705047078,0.6313780078766515,0.36862199212334845,9,3,7,6,0,0,
29,1,25,XYZ_split,1.3511103749156899,5.037251705047078,0.9623648190602262,0.037635180939773805,6,2,4,4,0,9,
29,1,25,RL_adaptive,1.3511103749156899,5.037251705047078,0.8761851821716796,0.12381481782832038,1,0,12,6,1,5,0.8761851821716796
29,1,50,Z_only,1.3511103749156899,5.037251705047078,0.6089615667821383,0.3910384332178617,33,17,0,0,0,0,
29,1,50,ZX_split,1.3511103749156899,5.037251705047078,0.6387788695128644,0.36122113048713556,12,13,16,9,0,0,
29,1,50,XYZ_split,1.3511103749156899,5.037251705047078,0.9705986392209118,0.02940136077908817,12,4,13,3,1,17,
29,1,50,RL_adaptive,1.3511103749156899,5.037251705047078,0.9939237900843124,0.00607620991568758,16,8,12,8,0,6,0.9939237900843124
29,1,100,Z_only,1.3511103749156899,5.037251705047078,0.6089615667821383,0.3910384332178617,55,45,0,0,0,0,
29,1,100,ZX_split,1.3511103749156899,5.037251705047078,0.6896180163525282,0.3103819836474718,28,22,30,20,0,0,
29,1,100,XYZ_split,1.3511103749156899,5.037251705047078,0.9806231886295205,0.01937681137047953,19,14,27,6,1,33,
29,1,100,RL_adaptive,1.3511103749156899,5.037251705047078,0.9883712036651281,0.011628796334871905,53,22,7,2,0,16,0.9883712036651281
29,1,250,Z_only,1.3511103749156899,5.037251705047078,0.6089615667821383,0.3910384332178617,143,107,0,0,0,0,
29,1,250,ZX_split,1.3511103749156899,5.037251705047078,0.6827950926838086,0.31720490731619144,72,53,90,35,0,0,
29,1,250,XYZ_split,1.3511103749156899,5.037251705047078,0.9936081144421619,0.006391885557838095,45,38,51,32,2,82,
29,1,250,RL_adaptive,1.3511103749156899,5.037251705047078,0.9983911424056224,0.0016088575943775663,54,36,47,28,0,85,0.9983911424056224
29,1,500,Z_only,1.3511103749156899,5.037251705047078,0.6089615667821383,0.3910384332178617,314,186,0,0,0,0,
29,1,500,ZX_split,1.3511103749156899,5.037251705047078,0.688581317094849,0.31141868290515096,154,96,157,93,0,0,
29,1,500,XYZ_split,1.3511103749156899,5.037251705047078,0.9973222383116132,0.0026777616883868482,97,69,102,64,3,165,
29,1,500,RL_adaptive,1.3511103749156899,5.037251705047078,0.9975615993048641,0.0024384006951359005,122,88,117,72,2,99,0.9975615993048641
29,2,10,Z_only,1.3511103749156899,5.037251705047078,0.6089615667821383,0.3910384332178617,6,4,0,0,0,0,
29,2,10,ZX_split,1.3511103749156899,5.037251705047078,0.6871820070924586,0.3128179929075414,3,2,3,2,0,0,
29,2,10,XYZ_split,1.3511103749156899,5.037251705047078,0.8575461034574033,0.14245389654259666,3,0,1,2,0,4,
29,2,10,RL_adaptive,1.3511103749156899,5.037251705047078,0.9198341811944301,0.08016581880556994,1,0,1,0,0,8,0.9198341811944301
29,2,25,Z_only,1.3511103749156899,5.037251705047078,0.6089615667821383,0.3910384332178617,15,10,0,0,0,0,
29,2,25,ZX_split,1.3511103749156899,5.037251705047078,0.6313780078766515,0.36862199212334845,9,3,7,6,0,0,
29,2,25,XYZ_split,1.3511103749156899,5.037251705047078,0.9750779976854312,0.02492200231456876,5,3,4,4,0,9,
29,2,25,RL_adaptive,1.3511103749156899,5.037251705047078,0.9321648584562735,0.0678351415437265,1,0,13,5,0,6,0.9321648584562735
29,2,50,Z_only,1.3511103749156899,5.037251705047078,0.6089615667821383,0.3910384332178617,27,23,0,0,0,0,
29,2,50,ZX_split,1.3511103749156899,5.037251705047078,0.6860823641419775,0.31391763585802246,14,11,16,9,0,0,
29,2,50,XYZ_split,1.3511103749156899,5.037251705047078,0.9712726277439668,0.028727372256033168,11,5,8,8,0,18,
29,2,50,RL_adaptive,1.3511103749156899,5.037251705047078,0.9740797211038772,0.025920278896122806,14,10,10,10,0,6,0.9740797211038772
29,2,100,Z_only,1.3511103749156899,5.037251705047078,0.6089615667821383,0.3910384332178617,59,41,0,0,0,0,
29,2,100,ZX_split,1.3511103749156899,5.037251705047078,0.6899799530934696,0.3100200469065304,31,19,33,17,0,0,
29,2,100,XYZ_split,1.3511103749156899,5.037251705047078,0.9644633839586179,0.03553661604138214,26,7,19,14,2,32,
29,2,100,RL_adaptive,1.3511103749156899,5.037251705047078,0.9480930429822347,0.051906957017765265,45,30,12,0,0,13,0.9480930429822347
29,2,250,Z_only,1.3511103749156899,5.037251705047078,0.6089615667821383,0.3910384332178617,144,106,0,0,0,0,
29,2,250,ZX_split,1.3511103749156899,5.037251705047078,0.6890636783808466,0.3109363216191534,69,56,70,55,0,0,
29,2,250,XYZ_split,1.3511103749156899,5.037251705047078,0.9983315413848401,0.0016684586151598513,48,35,53,30,1,83,
29,2,250,RL_adaptive,1.3511103749156899,5.037251705047078,0.9879033628464079,0.012096637153592105,45,45,47,26,4,83,0.9879033628464079
29,2,500,Z_only,1.3511103749156899,5.037251705047078,0.6089615667821383,0.3910384332178617,300,200,0,0,0,0,
29,2,500,ZX_split,1.3511103749156899,5.037251705047078,0.690082767115705,0.30991723288429496,156,94,169,81,0,0,
29,2,500,XYZ_split,1.3511103749156899,5.037251705047078,0.9997425504531766,0.00025744954682338506,103,63,109,57,9,159,
29,2,500,RL_adaptive,1.3511103749156899,5.037251705047078,0.9957144020934374,0.004285597906562577,117,95,130,61,7,90,0.9957144020934374
29,3,10,Z_only,1.3511103749156899,5.037251705047078,0.6089615667821383,0.3910384332178617,5,5,0,0,0,0,
29,3,10,ZX_split,1.3511103749156899,5.037251705047078,0.6871820070924586,0.3128179929075414,3,2,3,2,0,0,
29,3,10,XYZ_split,1.3511103749156899,5.037251705047078,0.83849504736371,0.16150495263628994,1,2,1,2,0,4,
29,3,10,RL_adaptive,1.3511103749156899,5.037251705047078,0.8820381488945802,0.11796185110541979,1,0,1,0,1,7,0.8820381488945802
29,3,25,Z_only,1.3511103749156899,5.037251705047078,0.6089615667821383,0.3910384332178617,16,9,0,0,0,0,
29,3,25,ZX_split,1.3511103749156899,5.037251705047078,0.6642025665399126,0.3357974334600874,11,1,9,4,0,0,
29,3,25,XYZ_split,1.3511103749156899,5.037251705047078,0.9361706178566505,0.06382938214334954,7,1,6,2,1,8,
29,3,25,RL_adaptive,1.3511103749156899,5.037251705047078,0.6914187480585436,0.30858125194145636,0,1,11,7,1,5,0.6914187480585436
29,3,50,Z_only,1.3511103749156899,5.037251705047078,0.6089615667821383,0.3910384332178617,28,22,0,0,0,0,
29,3,50,ZX_split,1.3511103749156899,5.037251705047078,0.6298933567309248,0.37010664326907516,16,9,13,12,0,0,
29,3,50,XYZ_split,1.3511103749156899,5.037251705047078,0.9750779976854312,0.02492200231456876,10,6,8,8,0,18,
29,3,50,RL_adaptive,1.3511103749156899,5.037251705047078,0.9921591901162332,0.007840809883766786,14,11,15,5,0,5,0.9921591901162332
29,3,100,Z_only,1.3511103749156899,5.037251705047078,0.6089615667821383,0.3910384332178617,59,41,0,0,0,0,
29,3,100,ZX_split,1.3511103749156899,5.037251705047078,0.6840957562138598,0.31590424378614024,28,22,33,17,0,0,
29,3,100,XYZ_split,1.3511103749156899,5.037251705047078,0.9982585176911511,0.0017414823088488518,19,14,20,13,3,31,
29,3,100,RL_adaptive,1.3511103749156899,5.037251705047078,0.9821637801247688,0.017836219875231207,40,32,7,6,0,15,0.9821637801247688
29,3,250,Z_only,1.3511103749156899,5.037251705047078,0.6089615667821383,0.3910384332178617,141,109,0,0,0,0,
29,3,250,ZX_split,1.3511103749156899,5.037251705047078,0.6871820070924586,0.3128179929075414,74,51,74,51,0,0,
29,3,250,XYZ_split,1.3511103749156899,5.037251705047078,0.9930954978733565,0.006904502126643508,58,25,53,30,2,82,
29,3,250,RL_adaptive,1.3511103749156899,5.037251705047078,0.9909102914872927,0.009089708512707295,45,42,51,23,0,89,0.9909102914872927
29,3,500,Z_only,1.3511103749156899,5.037251705047078,0.6089615667821383,0.3910384332178617,299,201,0,0,0,0,
29,3,500,ZX_split,1.3511103749156899,5.037251705047078,0.6900717576950757,0.30992824230492433,153,97,166,84,0,0,
29,3,500,XYZ_split,1.3511103749156899,5.037251705047078,0.9928061287864194,0.007193871213580616,89,77,118,48,0,168,
29,3,500,RL_adaptive,1.3511103749156899,5.037251705047078,0.9934769853770318,0.006523014622968226,115,98,115,71,2,99,0.9934769853770318
29,4,10,Z_only,1.3511103749156899,5.037251705047078,0.6089615667821383,0.3910384332178617,9,1,0,0,0,0,
29,4,10,ZX_split,1.3511103749156899,5.037251705047078,0.6871820070924586,0.3128179929075414,3,2,3,2,0,0,
29,4,10,XYZ_split,1.3511103749156899,5.037251705047078,0.8575461034574033,0.14245389654259666,3,0,1,2,0,4,
29,4,10,RL_adaptive,1.3511103749156899,5.037251705047078,0.9198341811944301,0.08016581880556994,1,0,1,0,0,8,0.9198341811944301
29,4,25,Z_only,1.3511103749156899,5.037251705047078,0.6089615667821383,0.3910384332178617,13,12,0,0,0,0,
29,4,25,ZX_split,1.3511103749156899,5.037251705047078,0.6876036330058166,0.3123963669941834,8,4,11,2,0,0,
29,4,25,XYZ_split,1.3511103749156899,5.037251705047078,0.9050988731908955,0.09490112680910445,3,5,7,1,1,8,
29,4,25,RL_adaptive,1.3511103749156899,5.037251705047078,0.9040552159206678,0.09594478407933216,1,0,9,9,0,6,0.9040552159206678
29,4,50,Z_only,1.3511103749156899,5.037251705047078,0.6089615667821383,0.3910384332178617,32,18,0,0,0,0,
29,4,50,ZX_split,1.3511103749156899,5.037251705047078,0.6373914334556657,0.36260856654433427,15,10,13,12,0,0,
29,4,50,XYZ_split,1.3511103749156899,5.037251705047078,0.9900867156790317,0.009913284320968274,9,7,9,7,1,17,
29,4,50,RL_adaptive,1.3511103749156899,5.037251705047078,0.9552734659032531,0.04472653409674687,11,14,17,3,0,5,0.9552734659032531
29,4,100,Z_only,1.3511103749156899,5.037251705047078,0.6089615667821383,0.3910384332178617,66,34,0,0,0,0,
29,4,100,ZX_split,1.3511103749156899,5.037251705047078,0.6880394977136355,0.3119605022863645,32,18,39,11,0,0,
29,4,100,XYZ_split,1.3511103749156899,5.037251705047078,0.9871725432903884,0.012827456709611607,24,9,20,13,0,34,
29,4,100,RL_adaptive,1.3511103749156899,5.037251705047078,0.9671615309455948,0.03283846905440524,50,25,11,2,1,11,0.9671615309455948
29,4,250,Z_only,1.3511103749156899,5.037251705047078,0.6089615667821383,0.3910384332178617,156,94,0,0,0,0,
29,4,250,ZX_split,1.3511103749156899,5.037251705047078,0.6885610731387409,0.31143892686125907,78,47,92,33,0,0,
29,4,250,XYZ_split,1.3511103749156899,5.037251705047078,0.9994041416442885,0.0005958583557115205,51,32,52,31,8,76,
29,4,250,RL_adaptive,1.3511103749156899,5.037251705047078,0.9923621932536928,0.0076378067463072075,58,34,43,32,1,82,0.9923621932536928
29,4,500,Z_only,1.3511103749156899,5.037251705047078,0.6089615667821383,0.3910384332178617,295,205,0,0,0,0,
29,4,500,ZX_split,1.3511103749156899,5.037251705047078,0.6894809135081261,0.3105190864918739,152,98,171,79,0,0,
29,4,500,XYZ_split,1.3511103749156899,5.037251705047078,0.9907390676395548,0.009260932360445229,94,72,95,71,3,165,
29,4,500,RL_adaptive,1.3511103749156899,5.037251705047078,0.9999153271145701,8.467288542990392e-05,129,79,128,66,3,95,0.9999153271145701
30,0,10,Z_only,1.810090855733904,5.1439702316682565,0.6185086582506175,0.3814913417493825,0,10,0,0,0,0,
30,0,10,ZX_split,1.810090855733904,5.1439702316682565,0.6766827832466904,0.3233172167533096,1,4,3,2,0,0,
30,0,10,XYZ_split,1.810090855733904,5.1439702316682565,0.8386101487816073,0.16138985121839267,0,3,1,2,0,4,
30,0,10,RL_adaptive,1.810090855733904,5.1439702316682565,0.9404689101068037,0.05953108989319633,0,1,1,0,0,8,0.9404689101068037
30,0,25,Z_only,1.810090855733904,5.1439702316682565,0.6185086582506175,0.3814913417493825,6,19,0,0,0,0,
30,0,25,ZX_split,1.810090855733904,5.1439702316682565,0.7041911176236566,0.2958088823763434,2,10,9,4,0,0,
30,0,25,XYZ_split,1.810090855733904,5.1439702316682565,0.9693363650078505,0.030663634992149524,3,5,8,0,0,9,
30,0,25,RL_adaptive,1.810090855733904,5.1439702316682565,0.9398250932823908,0.06017490671760917,0,1,14,5,0,5,0.9398250932823908
30,0,50,Z_only,1.810090855733904,5.1439702316682565,0.6185086582506175,0.3814913417493825,17,33,0,0,0,0,
30,0,50,ZX_split,1.810090855733904,5.1439702316682565,0.7182941479867319,0.28170585201326814,8,17,16,9,0,0,
30,0,50,XYZ_split,1.810090855733904,5.1439702316682565,0.9855029961951515,0.01449700380484853,8,8,12,4,0,18,
30,0,50,RL_adaptive,1.810090855733904,5.1439702316682565,0.9088700252692581,0.09112997473074191,9,14,8,12,0,7,0.9088700252692581
30,0,100,Z_only,1.810090855733904,5.1439702316682565,0.6185086582506175,0.3814913417493825,38,62,0,0,0,0,
30,0,100,ZX_split,1.810090855733904,5.1439702316682565,0.7348044398089656,0.2651955601910344,17,33,37,13,0,0,
30,0,100,XYZ_split,1.810090855733904,5.1439702316682565,0.982387628074776,0.017612371925224024,16,17,21,12,0,34,
30,0,100,RL_adaptive,1.810090855733904,5.1439702316682565,0.9964538943426023,0.003546105657397658,27,39,10,6,2,16,0.9964538943426023
30,0,250,Z_only,1.810090855733904,5.1439702316682565,0.6185086582506175,0.3814913417493825,92,158,0,0,0,0,
30,0,250,ZX_split,1.810090855733904,5.1439702316682565,0.728903681066916,0.27109631893308395,43,82,83,42,0,0,
30,0,250,XYZ_split,1.810090855733904,5.1439702316682565,0.9996265631938362,0.00037343680616375163,30,53,58,25,3,81,
30,0,250,RL_adaptive,1.810090855733904,5.1439702316682565,0.9949514922671227,0.00504850773287735,30,55,57,16,6,86,0.9949514922671227
30,0,500,Z_only,1.810090855733904,5.1439702316682565,0.6185086582506175,0.3814913417493825,171,329,0,0,0,0,
30,0,500,ZX_split,1.810090855733904,5.1439702316682565,0.7335628283888685,0.26643717161113145,91,159,170,80,0,0,
30,0,500,XYZ_split,1.810090855733904,5.1439702316682565,0.9989724502548626,0.0010275497451374127,64,102,114,52,3,165,
30,0,500,RL_adaptive,1.810090855733904,5.1439702316682565,0.9984457129410066,0.0015542870589934088,92,128,132,52,6,90,0.9984457129410066
30,1,10,Z_only,1.810090855733904,5.1439702316682565,0.38149134174938243,0.6185086582506176,6,4,0,0,0,0,
30,1,10,ZX_split,1.810090855733904,5.1439702316682565,0.5598816102801384,0.4401183897198616,3,2,3,2,0,0,
30,1,10,XYZ_split,1.810090855733904,5.1439702316682565,0.9960881301287664,0.0039118698712335975,1,2,2,1,0,4,
30,1,10,RL_adaptive,1.810090855733904,5.1439702316682565,0.9076832182973773,0.0923167817026227,0,1,1,0,1,7,0.9076832182973773
30,1,25,Z_only,1.810090855733904,5.1439702316682565,0.6185086582506175,0.3814913417493825,8,17,0,0,0,0,
30,1,25,ZX_split,1.810090855733904,5.1439702316682565,0.522450922802027,0.477549077197973,5,7,6,7,0,0,
30,1,25,XYZ_split,1.810090855733904,5.1439702316682565,0.9811832526470281,0.018816747352971896,2,6,5,3,0,9,
30,1,25,RL_adaptive,1.810090855733904,5.1439702316682565,0.9432602754479695,0.05673972455203047,0,1,15,4,0,5,0.9432602754479695
30,1,50,Z_only,1.810090855733904,5.1439702316682565,0.6185086582506175,0.3814913417493825,21,29,0,0,0,0,
30,1,50,ZX_split,1.810090855733904,5.1439702316682565,0.7274781620367999,0.27252183796320006,4,21,21,4,0,0,
30,1,50,XYZ_split,1.810090855733904,5.1439702316682565,0.9987249965632099,0.0012750034367901009,6,10,11,5,0,18,
30,1,50,RL_adaptive,1.810090855733904,5.1439702316682565,0.966548251804582,0.03345174819541796,9,15,10,9,0,7,0.966548251804582
30,1,100,Z_only,1.810090855733904,5.1439702316682565,0.6185086582506175,0.3814913417493825,39,61,0,0,0,0,
30,1,100,ZX_split,1.810090855733904,5.1439702316682565,0.7279327712433661,0.2720672287566339,23,27,32,18,0,0,
30,1,100,XYZ_split,1.810090855733904,5.1439702316682565,0.9977593262349966,0.002240673765003365,11,22,24,9,2,32,
30,1,100,RL_adaptive,1.810090855733904,5.1439702316682565,0.9868292866390199,0.01317071336098008,31,36,9,6,2,16,0.9868292866390199
30,1,250,Z_only,1.810090855733904,5.1439702316682565,0.6185086582506175,0.3814913417493825,85,165,0,0,0,0,
30,1,250,ZX_split,1.810090855733904,5.1439702316682565,0.7349978880203385,0.2650021119796615,47,78,92,33,0,0,
30,1,250,XYZ_split,1.810090855733904,5.1439702316682565,0.9945599293239255,0.005440070676074549,35,48,64,19,5,79,
30,1,250,RL_adaptive,1.810090855733904,5.1439702316682565,0.9989790556380096,0.0010209443619904057,35,54,47,24,7,83,0.9989790556380096
30,1,500,Z_only,1.810090855733904,5.1439702316682565,0.6185086582506175,0.3814913417493825,182,318,0,0,0,0,
30,1,500,ZX_split,1.810090855733904,5.1439702316682565,0.7206972201770483,0.2793027798229517,116,134,176,74,0,0,
30,1,500,XYZ_split,1.810090855733904,5.1439702316682565,0.9954565272182819,0.004543472781718072,53,113,113,53,12,156,
30,1,500,RL_adaptive,1.810090855733904,5.1439702316682565,0.9966290876598226,0.00337091234017739,82,141,116,61,2,98,0.9966290876598226
30,2,10,Z_only,1.810090855733904,5.1439702316682565,0.38149134174938243,0.6185086582506176,5,5,0,0,0,0,
30,2,10,ZX_split,1.810090855733904,5.1439702316682565,0.7352096566243215,0.2647903433756785,1,4,5,0,0,0,
30,2,10,XYZ_split,1.810090855733904,5.1439702316682565,0.7058406385138535,0.2941593614861465,0,3,0,3,0,4,
30,2,10,RL_adaptive,1.810090855733904,5.1439702316682565,0.8615390777852067,0.13846092221479334,0,1,1,0,2,6,0.8615390777852067
30,2,25,Z_only,1.810090855733904,5.1439702316682565,0.6185086582506175,0.3814913417493825,9,16,0,0,0,0,
30,2,25,ZX_split,1.810090855733904,5.1439702316682565,0.7341108904725153,0.2658891095274847,3,9,11,2,0,0,
30,2,25,XYZ_split,1.810090855733904,5.1439702316682565,0.9660106241690717,0.033989375830928314,2,6,7,1,1,8,
30,2,25,RL_adaptive,1.810090855733904,5.1439702316682565,0.786680637755851,0.21331936224414905,1,0,14,4,0,6,0.786680637755851
30,2,50,Z_only,1.810090855733904,5.1439702316682565,0.6185086582506175,0.3814913417493825,14,36,0,0,0,0,
30,2,50,ZX_split,1.810090855733904,5.1439702316682565,0.7272159527230135,0.27278404727698646,11,14,18,7,0,0,
30,2,50,XYZ_split,1.810090855733904,5.1439702316682565,0.9925570801813142,0.007442919818685834,7,9,12,4,2,16,
30,2,50,RL_adaptive,1.810090855733904,5.1439702316682565,0.9819028228490876,0.018097177150912414,7,18,12,6,1,6,0.9819028228490876
30,2,100,Z_only,1.810090855733904,5.1439702316682565,0.6185086582506175,0.3814913417493825,36,64,0,0,0,0,
30,2,100,ZX_split,1.810090855733904,5.1439702316682565,0.7182941479867319,0.28170585201326814,16,34,32,18,0,0,
30,2,100,XYZ_split,1.810090855733904,5.1439702316682565,0.9879136608681578,0.012086339131842205,16,17,21,12,4,30,
30,2,100,RL_adaptive,1.810090855733904,5.1439702316682565,0.9494717636742595,0.05052823632574055,18,45,8,8,1,20,0.9494717636742595
30,2,250,Z_only,1.810090855733904,5.1439702316682565,0.6185086582506175,0.3814913417493825,95,155,0,0,0,0,
30,2,250,ZX_split,1.810090855733904,5.1439702316682565,0.716345183270201,0.283654816729799,43,82,77,48,0,0,
30,2,250,XYZ_split,1.810090855733904,5.1439702316682565,0.9958581232289375,0.00414187677106248,34,49,52,31,8,76,
30,2,250,RL_adaptive,1.810090855733904,5.1439702316682565,0.987663060974545,0.012336939025454963,27,63,42,25,5,88,0.987663060974545
30,2,500,Z_only,1.810090855733904,5.1439702316682565,0.6185086582506175,0.3814913417493825,181,319,0,0,0,0,
30,2,500,ZX_split,1.810090855733904,5.1439702316682565,0.7352127857297455,0.26478721427025453,100,150,169,81,0,0,
30,2,500,XYZ_split,1.810090855733904,5.1439702316682565,0.9994758886259223,0.000524111374077707,63,103,111,55,16,152,
30,2,500,RL_adaptive,1.810090855733904,5.1439702316682565,0.9972131624953492,0.0027868375046508076,95,124,130,55,5,91,0.9972131624953492
30,3,10,Z_only,1.810090855733904,5.1439702316682565,0.38149134174938243,0.6185086582506176,5,5,0,0,0,0,
30,3,10,ZX_split,1.810090855733904,5.1439702316682565,0.2697574762778933,0.7302425237221066,3,2,1,4,0,0,
30,3,10,XYZ_split,1.810090855733904,5.1439702316682565,0.9960881301287664,0.0039118698712335975,1,2,2,1,0,4,
30,3,10,RL_adaptive,1.810090855733904,5.1439702316682565,0.8615390777852067,0.13846092221479334,0,1,1,0,2,6,0.8615390777852067
30,3,25,Z_only,1.810090855733904,5.1439702316682565,0.6185086582506175,0.3814913417493825,7,18,0,0,0,0,
30,3,25,ZX_split,1.810090855733904,5.1439702316682565,0.7031940436455295,0.2968059563544705,6,6,8,5,0,0,
30,3,25,XYZ_split,1.810090855733904,5.1439702316682565,0.9855029961951515,0.01449700380484853,4,4,6,2,0,9,
30,3,25,RL_adaptive,1.810090855733904,5.1439702316682565,0.756961445214488,0.24303855478551195,1,0,11,7,0,6,0.756961445214488
30,3,50,Z_only,1.810090855733904,5.1439702316682565,0.6185086582506175,0.3814913417493825,24,26,0,0,0,0,
30,3,50,ZX_split,1.810090855733904,5.1439702316682565,0.7331489472624746,0.2668510527375254,9,16,17,8,0,0,
30,3,50,XYZ_split,1.810090855733904,5.1439702316682565,0.9953201887271269,0.004679811272873091,5,11,12,4,1,17,
30,3,50,RL_adaptive,1.810090855733904,5.1439702316682565,0.9719753944330124,0.028024605566987604,4,21,13,6,0,6,0.9719753944330124
30,3,100,Z_only,1.810090855733904,5.1439702316682565,0.6185086582506175,0.3814913417493825,39,61,0,0,0,0,
30,3,100,ZX_split,1.810090855733904,5.1439702316682565,0.735091417010949,0.26490858298905096,18,32,38,12,0,0,
30,3,100,XYZ_split,1.810090855733904,5.1439702316682565,0.9979306032829812,0.002069396717018779,11,22,25,8,1,33,
30,3,100,RL_adaptive,1.810090855733904,5.1439702316682565,0.8887664851901806,0.11123351480981936,24,40,6,10,1,19,0.8887664851901806
30,3,250,Z_only,1.810090855733904,5.1439702316682565,0.6185086582506175,0.3814913417493825,104,146,0,0,0,0,
30,3,250,ZX_split,1.810090855733904,5.1439702316682565,0.7291284758622733,0.27087152413772675,54,71,90,35,0,0,
30,3,250,XYZ_split,1.810090855733904,5.1439702316682565,0.9955889432740171,0.004411056725982854,36,47,55,28,4,80,
30,3,250,RL_adaptive,1.810090855733904,5.1439702316682565,0.9933684444759358,0.006631555524064248,38,47,57,18,4,86,0.9933684444759358
30,3,500,Z_only,1.810090855733904,5.1439702316682565,0.6185086582506175,0.3814913417493825,182,318,0,0,0,0,
30,3,500,ZX_split,1.810090855733904,5.1439702316682565,0.7329821909774814,0.2670178090225186,102,148,181,69,0,0,
30,3,500,XYZ_split,1.810090855733904,5.1439702316682565,0.999283149242915,0.0007168507570850524,66,100,111,55,13,155,
30,3,500,RL_adaptive,1.810090855733904,5.1439702316682565,0.9988124438850068,0.0011875561149932157,83,140,120,58,4,95,0.9988124438850068
30,4,10,Z_only,1.810090855733904,5.1439702316682565,0.6185086582506175,0.3814913417493825,4,6,0,0,0,0,
30,4,10,ZX_split,1.810090855733904,5.1439702316682565,0.5598816102801384,0.4401183897198616,3,2,3,2,0,0,
30,4,10,XYZ_split,1.810090855733904,5.1439702316682565,0.9960881301287664,0.0039118698712335975,1,2,2,1,0,4,
30,4,10,RL_adaptive,1.810090855733904,5.1439702316682565,0.7596196744944167,0.2403803255055833,1,0,1,0,1,7,0.7596196744944167
30,4,25,Z_only,1.810090855733904,5.1439702316682565,0.6185086582506175,0.3814913417493825,10,15,0,0,0,0,
30,4,25,ZX_split,1.810090855733904,5.1439702316682565,0.7311664598260974,0.2688335401739026,4,8,9,4,0,0,
30,4,25,XYZ_split,1.810090855733904,5.1439702316682565,0.947941700025432,0.05205829997456801,5,3,6,2,0,9,
30,4,25,RL_adaptive,1.810090855733904,5.1439702316682565,0.7884474204663235,0.21155257953367645,0,1,11,7,2,4,0.7884474204663235
30,4,50,Z_only,1.810090855733904,5.1439702316682565,0.6185086582506175,0.3814913417493825,23,27,0,0,0,0,
30,4,50,ZX_split,1.810090855733904,5.1439702316682565,0.7145386007493345,0.2854613992506655,9,16,15,10,0,0,
30,4,50,XYZ_split,1.810090855733904,5.1439702316682565,0.9994749155823649,0.0005250844176351022,6,10,11,5,2,16,
30,4,50,RL_adaptive,1.810090855733904,5.1439702316682565,0.9984721139030615,0.0015278860969385466,9,16,13,6,0,6,0.9984721139030615
30,4,100,Z_only,1.810090855733904,5.1439702316682565,0.6185086582506175,0.3814913417493825,39,61,0,0,0,0,
30,4,100,ZX_split,1.810090855733904,5.1439702316682565,0.7298645496099199,0.27013545039008013,14,36,37,13,0,0,
30,4,100,XYZ_split,1.810090855733904,5.1439702316682565,0.991844289445102,0.008155710554898055,9,24,27,6,0,34,
30,4,100,RL_adaptive,1.810090855733904,5.1439702316682565,0.998227365885448,0.0017726341145519742,23,42,11,5,2,17,0.998227365885448
30,4,250,Z_only,1.810090855733904,5.1439702316682565,0.6185086582506175,0.3814913417493825,87,163,0,0,0,0,
30,4,250,ZX_split,1.810090855733904,5.1439702316682565,0.7282822599962102,0.2717177400037898,53,72,95,30,0,0,
30,4,250,XYZ_split,1.810090855733904,5.1439702316682565,0.996077615812275,0.003922384187724948,34,49,63,20,6,78,
30,4,250,RL_adaptive,1.810090855733904,5.1439702316682565,0.9980359269390444,0.0019640730609555845,34,53,54,20,9,80,0.9980359269390444
30,4,500,Z_only,1.810090855733904,5.1439702316682565,0.6185086582506175,0.3814913417493825,189,311,0,0,0,0,
30,4,500,ZX_split,1.810090855733904,5.1439702316682565,0.733373685547828,0.266626314452172,89,161,172,78,0,0,
30,4,500,XYZ_split,1.810090855733904,5.1439702316682565,0.9944869417670356,0.005513058232964441,61,105,105,61,7,161,
30,4,500,RL_adaptive,1.810090855733904,5.1439702316682565,0.9991941964470299,0.000805803552970108,85,137,121,58,5,94,0.9991941964470299
31,0,10,Z_only,2.5980771861167744,5.566552877804573,0.9279479783677226,0.07205202163227742,0,10,0,0,0,0,
31,0,10,ZX_split,2.5980771861167744,5.566552877804573,0.8873632446258143,0.11263675537418572,1,4,5,0,0,0,
31,0,10,XYZ_split,2.5980771861167744,5.566552877804573,0.9404698816143974,0.059530118385602626,1,2,2,1,2,2,
31,0,10,RL_adaptive,2.5980771861167744,5.566552877804573,0.7119330301643862,0.28806696983561375,0,1,0,1,2,6,0.7119330301643862
31,0,25,Z_only,2.5980771861167744,5.566552877804573,0.9279479783677226,0.07205202163227742,6,19,0,0,0,0,
31,0,25,ZX_split,2.5980771861167744,5.566552877804573,0.9608297132436976,0.03917028675630241,0,12,8,5,0,0,
31,0,25,XYZ_split,2.5980771861167744,5.566552877804573,0.9875935087065861,0.012406491293413868,0,8,7,1,3,6,
31,0,25,RL_adaptive,2.5980771861167744,5.566552877804573,0.9596965317839731,0.04030346821602693,0,1,9,9,2,4,0.9596965317839731
31,0,50,Z_only,2.5980771861167744,5.566552877804573,0.9279479783677226,0.07205202163227742,4,46,0,0,0,0,
31,0,50,ZX_split,2.5980771861167744,5.566552877804573,0.9664928740582202,0.03350712594177985,2,23,19,6,0,0,
31,0,50,XYZ_split,2.5980771861167744,5.566552877804573,0.9921040466285879,0.007895953371412134,1,15,12,4,4,14,
31,0,50,RL_adaptive,2.5980771861167744,5.566552877804573,0.9867481929812334,0.013251807018766604,5,21,12,5,2,5,0.9867481929812334
31,0,100,Z_only,2.5980771861167744,5.566552877804573,0.9279479783677226,0.07205202163227742,8,92,0,0,0,0,
31,0,100,ZX_split,2.5980771861167744,5.566552877804573,0.9664928740582202,0.03350712594177985,4,46,38,12,0,0,
31,0,100,XYZ_split,2.5980771861167744,5.566552877804573,0.9918600763115225,0.00813992368847749,3,30,21,12,9,25,
31,0,100,RL_adaptive,2.5980771861167744,5.566552877804573,0.993164234668046,0.006835765331953958,5,46,15,9,10,15,0.993164234668046
31,0,250,Z_only,2.5980771861167744,5.566552877804573,0.9279479783677226,0.07205202163227742,12,238,0,0,0,0,
31,0,250,ZX_split,2.5980771861167744,5.566552877804573,0.9700200664274693,0.029979933572530704,7,118,90,35,0,0,
31,0,250,XYZ_split,2.5980771861167744,5.566552877804573,0.9880780352691575,0.011921964730842505,7,76,68,15,28,56,
31,0,250,RL_adaptive,2.5980771861167744,5.566552877804573,0.9935918862166643,0.006408113783335723,3,89,42,23,24,69,0.9935918862166643
31,0,500,Z_only,2.5980771861167744,5.566552877804573,0.9279479783677226,0.07205202163227742,38,462,0,0,0,0,
31,0,500,ZX_split,2.5980771861167744,5.566552877804573,0.9691911116328396,0.030808888367160447,16,234,166,84,0,0,
31,0,500,XYZ_split,2.5980771861167744,5.566552877804573,0.9994960532415776,0.0005039467584223578,12,154,113,53,59,109,
31,0,500,RL_adaptive,2.5980771861167744,5.566552877804573,0.9951943205172353,0.004805679482764669,19,219,121,39,28,74,0.9951943205172353
31,1,10,Z_only,2.5980771861167744,5.566552877804573,0.9279479783677226,0.07205202163227742,2,8,0,0,0,0,
31,1,10,ZX_split,2.5980771861167744,5.566552877804573,0.8814006564646573,0.11859934353534274,0,5,2,3,0,0,
31,1,10,XYZ_split,2.5980771861167744,5.566552877804573,0.9718936995353589,0.028106300464641132,0,3,3,0,1,3,
31,1,10,RL_adaptive,2.5980771861167744,5.566552877804573,0.9687096835449772,0.03129031645502278,0,1,1,0,1,7,0.9687096835449772
31,1,25,Z_only,2.5980771861167744,5.566552877804573,0.9279479783677226,0.07205202163227742,2,23,0,0,0,0,
31,1,25,ZX_split,2.5980771861167744,5.566552877804573,0.9554255565690218,0.04457444343097816,2,10,10,3,0,0,
31,1,25,XYZ_split,2.5980771861167744,5.566552877804573,0.9596965317839731,0.04030346821602693,0,8,4,4,3,6,
31,1,25,RL_adaptive,2.5980771861167744,5.566552877804573,0.9627401241454708,0.03725987585452917,0,1,14,5,0,5,0.9627401241454708
31,1,50,Z_only,2.5980771861167744,5.566552877804573,0.9279479783677226,0.07205202163227742,3,47,0,0,0,0,
31,1,50,ZX_split,2.5980771861167744,5.566552877804573,0.9632852804943042,0.036714719505695825,3,22,19,6,0,0,
31,1,50,XYZ_split,2.5980771861167744,5.566552877804573,0.9875935087065861,0.012406491293413868,0,16,14,2,6,12,
31,1,50,RL_adaptive,2.5980771861167744,5.566552877804573,0.9992454943526647,0.0007545056473352574,1,25,12,5,2,5,0.9992454943526647
31,1,100,Z_only,2.5980771861167744,5.566552877804573,0.9279479783677226,0.07205202163227742,5,95,0,0,0,0,
31,1,100,ZX_split,2.5980771861167744,5.566552877804573,0.9634762794758231,0.03652372052417685,6,44,30,20,0,0,
31,1,100,XYZ_split,2.5980771861167744,5.566552877804573,0.9978645868687062,0.0021354131312938396,1,32,22,11,10,24,
31,1,100,RL_adaptive,2.5980771861167744,5.566552877804573,0.9997000056912825,0.00029999430871752164,7,46,15,7,9,16,0.9997000056912825
31,1,250,Z_only,2.5980771861167744,5.566552877804573,0.9279479783677226,0.07205202163227742,27,223,0,0,0,0,
31,1,250,ZX_split,2.5980771861167744,5.566552877804573,0.9701260829408102,0.029873917059189847,10,115,88,37,0,0,
31,1,250,XYZ_split,2.5980771861167744,5.566552877804573,0.9969172380723628,0.0030827619276372342,6,77,63,20,26,58,
31,1,250,RL_adaptive,2.5980771861167744,5.566552877804573,0.9913504659371991,0.00864953406280089,8,79,58,15,29,61,0.9913504659371991
31,1,500,Z_only,2.5980771861167744,5.566552877804573,0.9279479783677226,0.07205202163227742,32,468,0,0,0,0,
31,1,500,ZX_split,2.5980771861167744,5.566552877804573,0.9702155286293447,0.02978447137065532,13,237,174,76,0,0,
31,1,500,XYZ_split,2.5980771861167744,5.566552877804573,0.9988995289929715,0.0011004710070284807,11,155,115,51,61,107,
31,1,500,RL_adaptive,2.5980771861167744,5.566552877804573,0.9974471345771034,0.0025528654228965664,19,216,101,51,43,70,0.9974471345771034
31,2,10,Z_only,2.5980771861167744,5.566552877804573,0.9279479783677226,0.07205202163227742,2,8,0,0,0,0,
31,2,10,ZX_split,2.5980771861167744,5.566552877804573,0.9578743791121127,0.042125620887887294,0,5,3,2,0,0,
31,2,10,XYZ_split,2.5980771861167744,5.566552877804573,0.8838970399417707,0.11610296005822929,0,3,1,2,1,3,
31,2,10,RL_adaptive,2.5980771861167744,5.566552877804573,0.9404698816143974,0.059530118385602626,0,1,1,0,4,4,0.9404698816143974
31,2,25,Z_only,2.5980771861167744,5.566552877804573,0.9279479783677226,0.07205202163227742,2,23,0,0,0,0,
31,2,25,ZX_split,2.5980771861167744,5.566552877804573,0.969413696603478,0.03058630339652202,0,12,9,4,0,0,
31,2,25,XYZ_split,2.5980771861167744,5.566552877804573,0.8265128569034408,0.17348714309655922,0,8,5,3,7,2,
31,2,25,RL_adaptive,2.5980771861167744,5.566552877804573,0.9776022113372516,0.02239778866274844,0,1,10,8,2,4,0.9776022113372516
31,2,50,Z_only,2.5980771861167744,5.566552877804573,0.9279479783677226,0.07205202163227742,0,50,0,0,0,0,
31,2,50,ZX_split,2.5980771861167744,5.566552877804573,0.9701489008255564,0.02985109917444362,2,23,17,8,0,0,
31,2,50,XYZ_split,2.5980771861167744,5.566552877804573,0.9938825293884466,0.006117470611553433,1,15,12,4,7,11,
31,2,50,RL_adaptive,2.5980771861167744,5.566552877804573,0.9957352516726679,0.004264748327332146,1,25,11,6,2,5,0.9957352516726679
31,2,100,Z_only,2.5980771861167744,5.566552877804573,0.9279479783677226,0.07205202163227742,4,96,0,0,0,0,
31,2,100,ZX_split,2.5980771861167744,5.566552877804573,0.9615598963604651,0.03844010363953487,4,46,40,10,0,0,
31,2,100,XYZ_split,2.5980771861167744,5.566552877804573,0.9975162892360527,0.0024837107639472666,4,29,21,12,13,21,
31,2,100,RL_adaptive,2.5980771861167744,5.566552877804573,0.9952060952910176,0.004793904708982444,0,51,15,6,6,22,0.9952060952910176
31,2,250,Z_only,2.5980771861167744,5.566552877804573,0.9279479783677226,0.07205202163227742,19,231,0,0,0,0,
31,2,250,ZX_split,2.5980771861167744,5.566552877804573,0.96481080389939,0.03518919610061,19,106,91,34,0,0,
31,2,250,XYZ_split,2.5980771861167744,5.566552877804573,0.991129330981677,0.008870669018323007,9,74,55,28,21,63,
31,2,250,RL_adaptive,2.5980771861167744,5.566552877804573,0.9976850307009754,0.0023149692990246384,5,85,47,21,25,67,0.9976850307009754
31,2,500,Z_only,2.5980771861167744,5.566552877804573,0.9279479783677226,0.07205202163227742,46,454,0,0,0,0,
31,2,500,ZX_split,2.5980771861167744,5.566552877804573,0.9702008446879967,0.029799155312003278,17,233,172,78,0,0,
31,2,500,XYZ_split,2.5980771861167744,5.566552877804573,0.9999324849809907,6.75150190092566e-05,7,159,117,49,55,113,
31,2,500,RL_adaptive,2.5980771861167744,5.566552877804573,0.9999824346325977,1.7565367402272436e-05,15,222,109,46,35,73,0.9999824346325977
31,3,10,Z_only,2.5980771861167744,5.566552877804573,0.9279479783677226,0.07205202163227742,0,10,0,0,0,0,
31,3,10,ZX_split,2.5980771861167744,5.566552877804573,0.9404698816143974,0.059530118385602626,0,5,5,0,0,0,
31,3,10,XYZ_split,2.5980771861167744,5.566552877804573,0.9676421858075096,0.0323578141924904,0,3,2,1,2,2,
31,3,10,RL_adaptive,2.5980771861167744,5.566552877804573,0.7119330301643862,0.28806696983561375,0,1,0,1,2,6,0.7119330301643862
31,3,25,Z_only,2.5980771861167744,5.566552877804573,0.9279479783677226,0.07205202163227742,2,23,0,0,0,0,
31,3,25,ZX_split,2.5980771861167744,5.566552877804573,0.9702633662757221,0.029736633724277928,1,11,9,4,0,0,
31,3,25,XYZ_split,2.5980771861167744,5.566552877804573,0.9827848490241564,0.017215150975843585,0,8,6,2,1,8,
31,3,25,RL_adaptive,2.5980771861167744,5.566552877804573,0.9627401241454708,0.03725987585452917,0,1,14,5,0,5,0.9627401241454708
31,3,50,Z_only,2.5980771861167744,5.566552877804573,0.9279479783677226,0.07205202163227742,3,47,0,0,0,0,
31,3,50,ZX_split,2.5980771861167744,5.566552877804573,0.9552954656346161,0.04470453436538391,2,23,21,4,0,0,
31,3,50,XYZ_split,2.5980771861167744,5.566552877804573,0.9559683354077904,0.04403166459220964,3,13,12,4,9,9,
31,3,50,RL_adaptive,2.5980771861167744,5.566552877804573,0.9927638534081661,0.007236146591833914,4,21,12,6,2,5,0.9927638534081661
31,3,100,Z_only,2.5980771861167744,5.566552877804573,0.9279479783677226,0.07205202163227742,6,94,0,0,0,0,
31,3,100,ZX_split,2.5980771861167744,5.566552877804573,0.9699617674140115,0.030038232585988478,1,49,37,13,0,0,
31,3,100,XYZ_split,2.5980771861167744,5.566552877804573,0.992723620226844,0.007276379773155983,4,29,22,11,9,25,
31,3,100,RL_adaptive,2.5980771861167744,5.566552877804573,0.9839743315792997,0.0160256684207003,7,48,17,4,7,17,0.9839743315792997
31,3,250,Z_only,2.5980771861167744,5.566552877804573,0.9279479783677226,0.07205202163227742,23,227,0,0,0,0,
31,3,250,ZX_split,2.5980771861167744,5.566552877804573,0.9702538149403608,0.02974618505963922,12,113,86,39,0,0,
31,3,250,XYZ_split,2.5980771861167744,5.566552877804573,0.9994797946415511,0.0005202053584488775,4,79,60,23,25,59,
31,3,250,RL_adaptive,2.5980771861167744,5.566552877804573,0.9993212534430511,0.0006787465569488838,2,89,46,21,29,63,0.9993212534430511
31,3,500,Z_only,2.5980771861167744,5.566552877804573,0.9279479783677226,0.07205202163227742,42,458,0,0,0,0,
31,3,500,ZX_split,2.5980771861167744,5.566552877804573,0.9701211235274314,0.029878876472568594,16,234,178,72,0,0,
31,3,500,XYZ_split,2.5980771861167744,5.566552877804573,0.9988676837309737,0.0011323162690263233,14,152,109,57,55,113,
31,3,500,RL_adaptive,2.5980771861167744,5.566552877804573,0.9998081079728753,0.0001918920271246627,14,224,111,44,34,73,0.9998081079728753
31,4,10,Z_only,2.5980771861167744,5.566552877804573,0.9279479783677226,0.07205202163227742,2,8,0,0,0,0,
31,4,10,ZX_split,2.5980771861167744,5.566552877804573,0.9672738597504054,0.03272614024959464,0,5,4,1,0,0,
31,4,10,XYZ_split,2.5980771861167744,5.566552877804573,0.9718936995353589,0.028106300464641132,0,3,3,0,1,3,
31,4,10,RL_adaptive,2.5980771861167744,5.566552877804573,0.6917907612751197,0.30820923872488026,0,1,0,1,3,5,0.6917907612751197
31,4,25,Z_only,2.5980771861167744,5.566552877804573,0.9279479783677226,0.07205202163227742,1,24,0,0,0,0,
31,4,25,ZX_split,2.5980771861167744,5.566552877804573,0.9681817905734491,0.03181820942655089,2,10,8,5,0,0,
31,4,25,XYZ_split,2.5980771861167744,5.566552877804573,0.9988982359884812,0.0011017640115188465,0,8,6,2,3,6,
31,4,25,RL_adaptive,2.5980771861167744,5.566552877804573,0.9943186517484368,0.00568134825156319,0,1,14,5,1,4,0.9943186517484368
31,4,50,Z_only,2.5980771861167744,5.566552877804573,0.9279479783677226,0.07205202163227742,4,46,0,0,0,0,
31,4,50,ZX_split,2.5980771861167744,5.566552877804573,0.9553191469232982,0.044680853076701776,4,21,14,11,0,0,
31,4,50,XYZ_split,2.5980771861167744,5.566552877804573,0.9961757049510657,0.003824295048934334,0,16,13,3,5,13,
31,4,50,RL_adaptive,2.5980771861167744,5.566552877804573,0.9556215535463161,0.04437844645368394,3,23,17,1,1,5,0.9556215535463161
31,4,100,Z_only,2.5980771861167744,5.566552877804573,0.9279479783677226,0.07205202163227742,7,93,0,0,0,0,
31,4,100,ZX_split,2.5980771861167744,5.566552877804573,0.968964387221569,0.031035612778431032,6,44,32,18,0,0,
31,4,100,XYZ_split,2.5980771861167744,5.566552877804573,0.997209155483493,0.0027908445165070184,1,32,25,8,12,22,
31,4,100,RL_adaptive,2.5980771861167744,5.566552877804573,0.9833056883554427,0.016694311644557258,6,47,18,4,9,16,0.9833056883554427
31,4,250,Z_only,2.5980771861167744,5.566552877804573,0.9279479783677226,0.07205202163227742,16,234,0,0,0,0,
31,4,250,ZX_split,2.5980771861167744,5.566552877804573,0.9700900405385355,0.029909959461464464,14,111,83,42,0,0,
31,4,250,XYZ_split,2.5980771861167744,5.566552877804573,0.9892270105476404,0.010772989452359605,10,73,64,19,32,52,
31,4,250,RL_adaptive,2.5980771861167744,5.566552877804573,0.9886465671100975,0.011353432889902537,5,90,39,27,29,60,0.9886465671100975
31,4,500,Z_only,2.5980771861167744,5.566552877804573,0.9279479783677226,0.07205202163227742,44,456,0,0,0,0,
31,4,500,ZX_split,2.5980771861167744,5.566552877804573,0.9702678045705075,0.02973219542949246,19,231,173,77,0,0,
31,4,500,XYZ_split,2.5980771861167744,5.566552877804573,0.9955707003423631,0.0044292996576369426,9,157,105,61,53,115,
31,4,500,RL_adaptive,2.5980771861167744,5.566552877804573,0.9991577392373798,0.0008422607626201728,18,218,104,50,34,76,0.9991577392373798
32,0,10,Z_only,0.23063937087829894,1.829538545406637,0.986760216905411,0.013239783094588953,10,0,0,0,0,0,
32,0,10,ZX_split,0.23063937087829894,1.829538545406637,0.9324400523823656,0.0675599476176344,5,0,1,4,0,0,
32,0,10,XYZ_split,0.23063937087829894,1.829538545406637,0.9710294805073784,0.028970519492621638,3,0,1,2,2,2,
32,0,10,RL_adaptive,0.23063937087829894,1.829538545406637,0.8808354635817125,0.1191645364182875,1,0,0,1,6,2,0.8808354635817125
32,0,25,Z_only,0.23063937087829894,1.829538545406637,0.986760216905411,0.013239783094588953,25,0,0,0,0,0,
32,0,25,ZX_split,0.23063937087829894,1.829538545406637,0.9875694737955987,0.012430526204401326,12,0,6,7,0,0,
32,0,25,XYZ_split,0.23063937087829894,1.829538545406637,0.9967229544356256,0.003277045564374359,8,0,4,4,6,3,
32,0,25,RL_adaptive,0.23063937087829894,1.829538545406637,0.9794850907951126,0.02051490920488741,1,0,6,10,6,2,0.9794850907951126
32,0,50,Z_only,0.23063937087829894,1.829538545406637,0.986760216905411,0.013239783094588953,50,0,0,0,0,0,
32,0,50,ZX_split,0.23063937087829894,1.829538545406637,0.9830431479491539,0.016956852050846072,25,0,10,15,0,0,
32,0,50,XYZ_split,0.23063937087829894,1.829538545406637,0.9885957459361638,0.011404254063836161,16,0,9,7,10,8,
32,0,50,RL_adaptive,0.23063937087829894,1.829538545406637,0.8912141139376595,0.10878588606234052,25,1,14,5,2,3,0.8912141139376595
32,0,100,Z_only,0.23063937087829894,1.829538545406637,0.986760216905411,0.013239783094588953,97,3,0,0,0,0,
32,0,100,ZX_split,0.23063937087829894,1.829538545406637,0.976617997398162,0.02338200260183798,50,0,18,32,0,0,
32,0,100,XYZ_split,0.23063937087829894,1.829538545406637,0.9939621305901419,0.006037869409858065,33,0,18,15,20,14,
32,0,100,RL_adaptive,0.23063937087829894,1.829538545406637,0.9663039930702937,0.03369600692970631,77,0,7,9,3,4,0.9663039930702937
32,0,250,Z_only,0.23063937087829894,1.829538545406637,0.986760216905411,0.013239783094588953,245,5,0,0,0,0,
32,0,250,ZX_split,0.23063937087829894,1.829538545406637,0.9865019056913593,0.013498094308640685,123,2,63,62,0,0,
32,0,250,XYZ_split,0.23063937087829894,1.829538545406637,0.9946460462341222,0.0053539537658777725,82,1,36,47,46,38,
32,0,250,RL_adaptive,0.23063937087829894,1.829538545406637,0.9973260785330014,0.00267392146699863,98,1,53,50,28,20,0.9973260785330014
32,0,500,Z_only,0.23063937087829894,1.829538545406637,0.986760216905411,0.013239783094588953,495,5,0,0,0,0,
32,0,500,ZX_split,0.23063937087829894,1.829538545406637,0.9876291728044828,0.012370827195517187,246,4,117,133,0,0,
32,0,500,XYZ_split,0.23063937087829894,1.829538545406637,0.9994554879105251,0.0005445120894749245,165,1,82,84,103,65,
32,0,500,RL_adaptive,0.23063937087829894,1.829538545406637,0.9970356700711939,0.002964329928806131,174,3,84,109,74,56,0.9970356700711939
32,1,10,Z_only,0.23063937087829894,1.829538545406637,0.986760216905411,0.013239783094588953,10,0,0,0,0,0,
32,1,10,ZX_split,0.23063937087829894,1.829538545406637,0.9830431479491539,0.016956852050846072,5,0,2,3,0,0,
32,1,10,XYZ_split,0.23063937087829894,1.829538545406637,0.9525330953598391,0.0474669046401609,3,0,2,1,2,2,
32,1,10,RL_adaptive,0.23063937087829894,1.829538545406637,0.8785349144747111,0.1214650855252889,1,0,0,1,5,3,0.8785349144747111
32,1,25,Z_only,0.23063937087829894,1.829538545406637,0.986760216905411,0.013239783094588953,25,0,0,0,0,0,
32,1,25,ZX_split,0.23063937087829894,1.829538545406637,0.9875694737955987,0.012430526204401326,12,0,6,7,0,0,
32,1,25,XYZ_split,0.23063937087829894,1.829538545406637,0.9353249158026475,0.06467508419735246,8,0,2,6,4,5,
32,1,25,RL_adaptive,0.23063937087829894,1.829538545406637,0.9617549093373681,0.03824509066263193,1,0,4,12,5,3,0.9617549093373681
32,1,50,Z_only,0.23063937087829894,1.829538545406637,0.986760216905411,0.013239783094588953,48,2,0,0,0,0,
32,1,50,ZX_split,0.23063937087829894,1.829538545406637,0.9678925310255002,0.03210746897449979,25,0,8,17,0,0,
32,1,50,XYZ_split,0.23063937087829894,1.829538545406637,0.9708710171233249,0.02912898287667509,16,0,10,6,13,5,
32,1,50,RL_adaptive,0.23063937087829894,1.829538545406637,0.9913604025805437,0.008639597419456302,25,0,8,10,5,2,0.9913604025805437
32,1,100,Z_only,0.23063937087829894,1.829538545406637,0.986760216905411,0.013239783094588953,98,2,0,0,0,0,
32,1,100,ZX_split,0.23063937087829894,1.829538545406637,0.98287784403725,0.01712215596275002,50,0,27,23,0,0,
32,1,100,XYZ_split,0.23063937087829894,1.829538545406637,0.9887811827117768,0.01121881728822316,33,0,19,14,20,14,
32,1,100,RL_adaptive,0.23063937087829894,1.829538545406637,0.9865856416265272,0.013414358373472823,69,2,9,13,5,2,0.9865856416265272
32,1,250,Z_only,0.23063937087829894,1.829538545406637,0.986760216905411,0.013239783094588953,248,2,0,0,0,0,
32,1,250,ZX_split,0.23063937087829894,1.829538545406637,0.9875526238456722,0.012447376154327783,123,2,60,65,0,0,
32,1,250,XYZ_split,0.23063937087829894,1.829538545406637,0.998402731751441,0.0015972682485589917,82,1,36,47,50,34,
32,1,250,RL_adaptive,0.23063937087829894,1.829538545406637,0.9927127719293428,0.007287228070657181,97,1,59,47,28,18,0.9927127719293428
32,1,500,Z_only,0.23063937087829894,1.829538545406637,0.986760216905411,0.013239783094588953,492,8,0,0,0,0,
32,1,500,ZX_split,0.23063937087829894,1.829538545406637,0.9869818899485439,0.013018110051456144,248,2,124,126,0,0,
32,1,500,XYZ_split,0.23063937087829894,1.829538545406637,0.9986923198537172,0.001307680146282797,166,0,82,84,108,60,
32,1,500,RL_adaptive,0.23063937087829894,1.829538545406637,0.9972986173958073,0.002701382604192726,176,1,102,98,71,52,0.9972986173958073
32,2,10,Z_only,0.23063937087829894,1.829538545406637,0.986760216905411,0.013239783094588953,10,0,0,0,0,0,
32,2,10,ZX_split,0.23063937087829894,1.829538545406637,0.97157217683598,0.02842782316402004,5,0,3,2,0,0,
32,2,10,XYZ_split,0.23063937087829894,1.829538545406637,0.9177687487691938,0.08223125123080621,3,0,1,2,4,0,
32,2,10,RL_adaptive,0.23063937087829894,1.829538545406637,0.8235118629216934,0.17648813707830657,1,0,1,0,4,4,0.8235118629216934
32,2,25,Z_only,0.23063937087829894,1.829538545406637,0.986760216905411,0.013239783094588953,24,1,0,0,0,0,
32,2,25,ZX_split,0.23063937087829894,1.829538545406637,0.980870965364796,0.01912903463520399,12,0,5,8,0,0,
32,2,25,XYZ_split,0.23063937087829894,1.829538545406637,0.8665396480408011,0.13346035195919892,7,1,6,2,8,1,
32,2,25,RL_adaptive,0.23063937087829894,1.829538545406637,0.979913629915872,0.020086370084127947,1,0,10,7,5,2,0.979913629915872
32,2,50,Z_only,0.23063937087829894,1.829538545406637,0.986760216905411,0.013239783094588953,49,1,0,0,0,0,
32,2,50,ZX_split,0.23063937087829894,1.829538545406637,0.9875711292890342,0.012428870710965767,24,1,12,13,0,0,
32,2,50,XYZ_split,0.23063937087829894,1.829538545406637,0.8851548605680489,0.11484513943195107,16,0,13,3,8,10,
32,2,50,RL_adaptive,0.23063937087829894,1.829538545406637,0.9532111595393695,0.046788840460630476,26,0,11,7,5,1,0.9532111595393695
32,2,100,Z_only,0.23063937087829894,1.829538545406637,0.986760216905411,0.013239783094588953,100,0,0,0,0,0,
32,2,100,ZX_split,0.23063937087829894,1.829538545406637,0.9801445283509133,0.019855471649086742,50,0,19,31,0,0,
32,2,100,XYZ_split,0.23063937087829894,1.829538545406637,0.9772472526554726,0.02275274734452737,31,2,11,22,22,12,
32,2,100,RL_adaptive,0.23063937087829894,1.829538545406637,0.9986573995726034,0.0013426004273966452,72,2,9,10,4,3,0.9986573995726034
32,2,250,Z_only,0.23063937087829894,1.829538545406637,0.986760216905411,0.013239783094588953,243,7,0,0,0,0,
32,2,250,ZX_split,0.23063937087829894,1.829538545406637,0.9865063714723159,0.013493628527684098,124,1,63,62,0,0,
32,2,250,XYZ_split,0.23063937087829894,1.829538545406637,0.9979291835512526,0.0020708164487474034,81,2,39,44,55,29,
32,2,250,RL_adaptive,0.23063937087829894,1.829538545406637,0.9973566770417039,0.002643322958296057,100,2,47,57,29,15,0.9973566770417039
32,2,500,Z_only,0.23063937087829894,1.829538545406637,0.986760216905411,0.013239783094588953,495,5,0,0,0,0,
32,2,500,ZX_split,0.23063937087829894,1.829538545406637,0.9874995624520915,0.012500437547908527,244,6,115,135,0,0,
32,2,500,XYZ_split,0.23063937087829894,1.829538545406637,0.9998643133110957,0.0001356866889042907,166,0,80,86,103,65,
32,2,500,RL_adaptive,0.23063937087829894,1.829538545406637,0.9932272651328053,0.006772734867194652,173,2,81,110,92,42,0.9932272651328053
32,3,10,Z_only,0.23063937087829894,1.829538545406637,0.986760216905411,0.013239783094588953,10,0,0,0,0,0,
32,3,10,ZX_split,0.23063937087829894,1.829538545406637,0.9525330953598391,0.0474669046401609,4,1,3,2,0,0,
32,3,10,XYZ_split,0.23063937087829894,1.829538545406637,0.9710294805073784,0.028970519492621638,3,0,1,2,2,2,
32,3,10,RL_adaptive,0.23063937087829894,1.829538545406637,0.8785349144747111,0.1214650855252889,1,0,0,1,5,3,0.8785349144747111
32,3,25,Z_only,0.23063937087829894,1.829538545406637,0.986760216905411,0.013239783094588953,25,0,0,0,0,0,
32,3,25,ZX_split,0.23063937087829894,1.829538545406637,0.9875694737955987,0.012430526204401326,12,0,6,7,0,0,
32,3,25,XYZ_split,0.23063937087829894,1.829538545406637,0.9506126740659103,0.049387325934089676,8,0,5,3,4,5,
32,3,25,RL_adaptive,0.23063937087829894,1.829538545406637,0.9525913204308754,0.047408679569124645,1,0,6,10,7,1,0.9525913204308754
32,3,50,Z_only,0.23063937087829894,1.829538545406637,0.986760216905411,0.013239783094588953,50,0,0,0,0,0,
32,3,50,ZX_split,0.23063937087829894,1.829538545406637,0.9480805903440842,0.051919409655915794,25,0,17,8,0,0,
32,3,50,XYZ_split,0.23063937087829894,1.829538545406637,0.9795077198857819,0.02049228011421811,16,0,7,9,14,4,
32,3,50,RL_adaptive,0.23063937087829894,1.829538545406637,0.9583924253321006,0.04160757466789944,26,0,9,8,6,1,0.9583924253321006
32,3,100,Z_only,0.23063937087829894,1.829538545406637,0.986760216905411,0.013239783094588953,100,0,0,0,0,0,
32,3,100,ZX_split,0.23063937087829894,1.829538545406637,0.979808501254054,0.020191498745945946,50,0,28,22,0,0,
32,3,100,XYZ_split,0.23063937087829894,1.829538545406637,0.992887574751975,0.007112425248025023,33,0,15,18,24,10,
32,3,100,RL_adaptive,0.23063937087829894,1.829538545406637,0.9612410442963031,0.03875895570369692,69,0,11,13,6,1,0.9612410442963031
32,3,250,Z_only,0.23063937087829894,1.829538545406637,0.986760216905411,0.013239783094588953,246,4,0,0,0,0,
32,3,250,ZX_split,0.23063937087829894,1.829538545406637,0.9854046435032338,0.014595356496766243,123,2,53,72,0,0,
32,3,250,XYZ_split,0.23063937087829894,1.829538545406637,0.9995990549390013,0.0004009450609987475,82,1,38,45,50,34,
32,3,250,RL_adaptive,0.23063937087829894,1.829538545406637,0.9823270109183189,0.017672989081681134,100,2,51,56,31,10,0.9823270109183189
32,3,500,Z_only,0.23063937087829894,1.829538545406637,0.986760216905411,0.013239783094588953,495,5,0,0,0,0,
32,3,500,ZX_split,0.23063937087829894,1.829538545406637,0.9875223788221934,0.012477621177806597,247,3,115,135,0,0,
32,3,500,XYZ_split,0.23063937087829894,1.829538545406637,0.9926273073881592,0.007372692611840814,161,5,85,81,115,53,
32,3,500,RL_adaptive,0.23063937087829894,1.829538545406637,0.9987462540460358,0.0012537459539642137,172,4,88,105,84,47,0.9987462540460358
32,4,10,Z_only,0.23063937087829894,1.829538545406637,0.986760216905411,0.013239783094588953,10,0,0,0,0,0,
32,4,10,ZX_split,0.23063937087829894,1.829538545406637,0.9830431479491539,0.016956852050846072,5,0,2,3,0,0,
32,4,10,XYZ_split,0.23063937087829894,1.829538545406637,0.9562223357216687,0.043777664278331296,3,0,2,1,3,1,
32,4,10,RL_adaptive,0.23063937087829894,1.829538545406637,0.8418416598844238,0.15815834011557617,1,0,1,0,6,2,0.8418416598844238
32,4,25,Z_only,0.23063937087829894,1.829538545406637,0.986760216905411,0.013239783094588953,25,0,0,0,0,0,
32,4,25,ZX_split,0.23063937087829894,1.829538545406637,0.9424435201513239,0.05755647984867607,12,0,3,10,0,0,
32,4,25,XYZ_split,0.23063937087829894,1.829538545406637,0.9268396214315919,0.07316037856840807,8,0,4,4,3,6,
32,4,25,RL_adaptive,0.23063937087829894,1.829538545406637,0.9637529885764229,0.036247011423577113,1,0,9,8,3,4,0.9637529885764229
32,4,50,Z_only,0.23063937087829894,1.829538545406637,0.986760216905411,0.013239783094588953,49,1,0,0,0,0,
32,4,50,ZX_split,0.23063937087829894,1.829538545406637,0.9867773892704523,0.013222610729547668,25,0,11,14,0,0,
32,4,50,XYZ_split,0.23063937087829894,1.829538545406637,0.9898228390372124,0.010177160962787646,16,0,9,7,12,6,
32,4,50,RL_adaptive,0.23063937087829894,1.829538545406637,0.899930735711998,0.100069264288002,21,3,10,10,2,4,0.899930735711998
32,4,100,Z_only,0.23063937087829894,1.829538545406637,0.986760216905411,0.013239783094588953,100,0,0,0,0,0,
32,4,100,ZX_split,0.23063937087829894,1.829538545406637,0.986760216905411,0.013239783094588953,50,0,25,25,0,0,
32,4,100,XYZ_split,0.23063937087829894,1.829538545406637,0.9877502461724746,0.012249753827525356,33,0,18,15,18,16,
32,4,100,RL_adaptive,0.23063937087829894,1.829538545406637,0.9628472220040767,0.037152777995923314,74,0,5,14,4,3,0.9628472220040767
32,4,250,Z_only,0.23063937087829894,1.829538545406637,0.986760216905411,0.013239783094588953,246,4,0,0,0,0,
32,4,250,ZX_split,0.23063937087829894,1.829538545406637,0.9808509033102346,0.019149096689765388,123,2,69,56,0,0,
32,4,250,XYZ_split,0.23063937087829894,1.829538545406637,0.9929729994684389,0.007027000531561134,83,0,36,47,45,39,
32,4,250,RL_adaptive,0.23063937087829894,1.829538545406637,0.9920642650316026,0.00793573496839739,96,3,57,49,30,15,0.9920642650316026
32,4,500,Z_only,0.23063937087829894,1.829538545406637,0.986760216905411,0.013239783094588953,496,4,0,0,0,0,
32,4,500,ZX_split,0.23063937087829894,1.829538545406637,0.9875619238326743,0.012438076167325729,243,7,120,130,0,0,
32,4,500,XYZ_split,0.23063937087829894,1.829538545406637,0.9980809847239689,0.0019190152760311108,166,0,78,88,111,57,
32,4,500,RL_adaptive,0.23063937087829894,1.829538545406637,0.9995241844324236,0.00047581556757636534,173,4,87,106,80,50,0.9995241844324236
33,0,10,Z_only,1.6230924384777108,1.0502266332622134,0.4738638611757559,0.526136138824244,7,3,0,0,0,0,
33,0,10,ZX_split,1.6230924384777108,1.0502266332622134,0.4256665071747197,0.5743334928252803,5,0,2,3,0,0,
33,0,10,XYZ_split,1.6230924384777108,1.0502266332622134,0.9750517910736539,0.024948208926346083,1,2,3,0,4,0,
33,0,10,RL_adaptive,1.6230924384777108,1.0502266332622134,0.9085667346110496,0.09143326538895036,0,1,1,0,8,0,0.9085667346110496
33,0,25,Z_only,1.6230924384777108,1.0502266332622134,0.4738638611757559,0.526136138824244,13,12,0,0,0,0,
33,0,25,ZX_split,1.6230924384777108,1.0502266332622134,0.7449706418025339,0.2550293581974661,5,7,10,3,0,0,
33,0,25,XYZ_split,1.6230924384777108,1.0502266332622134,0.9231869549898817,0.07681304501011832,3,5,8,0,7,2,
33,0,25,RL_adaptive,1.6230924384777108,1.0502266332622134,0.8319005614066902,0.16809943859330978,0,1,13,5,5,1,0.8319005614066902
33,0,50,Z_only,1.6230924384777108,1.0502266332622134,0.5261361388242441,0.47386386117575585,23,27,0,0,0,0,
33,0,50,ZX_split,1.6230924384777108,1.0502266332622134,0.7464733017395724,0.2535266982604276,11,14,18,7,0,0,
33,0,50,XYZ_split,1.6230924384777108,1.0502266332622134,0.9927948973807932,0.007205102619206816,8,8,11,5,18,0,
33,0,50,RL_adaptive,1.6230924384777108,1.0502266332622134,0.988143767039772,0.011856232960227975,14,13,13,3,6,1,0.988143767039772
33,0,100,Z_only,1.6230924384777108,1.0502266332622134,0.4738638611757559,0.526136138824244,50,50,0,0,0,0,
33,0,100,ZX_split,1.6230924384777108,1.0502266332622134,0.7496229590221297,0.2503770409778703,23,27,40,10,0,0,
33,0,100,XYZ_split,1.6230924384777108,1.0502266332622134,0.9909179261319113,0.00908207386808868,19,14,26,7,33,1,
33,0,100,RL_adaptive,1.6230924384777108,1.0502266332622134,0.9967762482646474,0.003223751735352609,26,27,23,9,15,0,0.9967762482646474
33,0,250,Z_only,1.6230924384777108,1.0502266332622134,0.5261361388242441,0.47386386117575585,121,129,0,0,0,0,
33,0,250,ZX_split,1.6230924384777108,1.0502266332622134,0.7423969869641076,0.2576030130358924,50,75,97,28,0,0,
33,0,250,XYZ_split,1.6230924384777108,1.0502266332622134,0.9990726138257908,0.0009273861742091771,37,46,62,21,77,7,
33,0,250,RL_adaptive,1.6230924384777108,1.0502266332622134,0.9908819510354748,0.009118048964525172,51,42,86,22,44,5,0.9908819510354748
33,0,500,Z_only,1.6230924384777108,1.0502266332622134,0.5261361388242441,0.47386386117575585,244,256,0,0,0,0,
33,0,500,ZX_split,1.6230924384777108,1.0502266332622134,0.7438678479954728,0.2561321520045272,105,145,185,65,0,0,
33,0,500,XYZ_split,1.6230924384777108,1.0502266332622134,0.99976341971126,0.00023658028873996262,76,90,125,41,160,8,
33,0,500,RL_adaptive,1.6230924384777108,1.0502266332622134,0.9966785786227534,0.0033214213772465584,106,96,129,47,118,4,0.9966785786227534
33,1,10,Z_only,1.6230924384777108,1.0502266332622134,0.4738638611757559,0.526136138824244,5,5,0,0,0,0,
33,1,10,ZX_split,1.6230924384777108,1.0502266332622134,0.7438678479954728,0.2561321520045272,2,3,4,1,0,0,
33,1,10,XYZ_split,1.6230924384777108,1.0502266332622134,0.9630597081358397,0.03694029186416026,2,1,3,0,4,0,
33,1,10,RL_adaptive,1.6230924384777108,1.0502266332622134,0.5916206335692398,0.4083793664307602,1,0,0,1,8,0,0.5916206335692398
33,1,25,Z_only,1.6230924384777108,1.0502266332622134,0.4738638611757559,0.526136138824244,13,12,0,0,0,0,
33,1,25,ZX_split,1.6230924384777108,1.0502266332622134,0.7174804805173769,0.2825195194826231,7,5,9,4,0,0,
33,1,25,XYZ_split,1.6230924384777108,1.0502266332622134,0.9985077298710695,0.0014922701289304952,4,4,6,2,9,0,
33,1,25,RL_adaptive,1.6230924384777108,1.0502266332622134,0.8650524883282475,0.13494751167175245,1,0,14,3,7,0,0.8650524883282475
33,1,50,Z_only,1.6230924384777108,1.0502266332622134,0.5261361388242441,0.47386386117575585,24,26,0,0,0,0,
33,1,50,ZX_split,1.6230924384777108,1.0502266332622134,0.7235528512533904,0.2764471487466096,9,16,18,7,0,0,
33,1,50,XYZ_split,1.6230924384777108,1.0502266332622134,0.9826868744242949,0.01731312557570508,10,6,13,3,18,0,
33,1,50,RL_adaptive,1.6230924384777108,1.0502266332622134,0.9934793520317852,0.006520647968214832,15,12,12,4,7,0,0.9934793520317852
33,1,100,Z_only,1.6230924384777108,1.0502266332622134,0.4738638611757559,0.526136138824244,53,47,0,0,0,0,
33,1,100,ZX_split,1.6230924384777108,1.0502266332622134,0.747271153502182,0.252728846497818,22,28,37,13,0,0,
33,1,100,XYZ_split,1.6230924384777108,1.0502266332622134,0.9944780614990081,0.005521938500991919,17,16,23,10,33,1,
33,1,100,RL_adaptive,1.6230924384777108,1.0502266332622134,0.9887573437253551,0.011242656274644935,22,29,22,11,16,0,0.9887573437253551
33,1,250,Z_only,1.6230924384777108,1.0502266332622134,0.5261361388242441,0.47386386117575585,109,141,0,0,0,0,
33,1,250,ZX_split,1.6230924384777108,1.0502266332622134,0.7496672316756257,0.25033276832437434,60,65,92,33,0,0,
33,1,250,XYZ_split,1.6230924384777108,1.0502266332622134,0.9951368988259605,0.004863101174039541,42,41,66,17,75,9,
33,1,250,RL_adaptive,1.6230924384777108,1.0502266332622134,0.9986347156027336,0.001365284397266353,45,52,75,29,47,2,0.9986347156027336
33,1,500,Z_only,1.6230924384777108,1.0502266332622134,0.4738638611757559,0.526136138824244,251,249,0,0,0,0,
33,1,500,ZX_split,1.6230924384777108,1.0502266332622134,0.7493312729379084,0.25066872706209165,122,128,186,64,0,0,
33,1,500,XYZ_split,1.6230924384777108,1.0502266332622134,0.9974016796859156,0.002598320314084357,87,79,124,42,161,7,
33,1,500,RL_adaptive,1.6230924384777108,1.0502266332622134,0.9995008931608095,0.0004991068391905218,96,110,137,39,111,7,0.9995008931608095
33,2,10,Z_only,1.6230924384777108,1.0502266332622134,0.4738638611757559,0.526136138824244,6,4,0,0,0,0,
33,2,10,ZX_split,1.6230924384777108,1.0502266332622134,0.6053620448055944,0.3946379551944056,5,0,4,1,0,0,
33,2,10,XYZ_split,1.6230924384777108,1.0502266332622134,0.9588206674441807,0.04117933255581929,2,1,2,1,4,0,
33,2,10,RL_adaptive,1.6230924384777108,1.0502266332622134,0.5314832876081924,0.4685167123918076,1,0,0,1,7,1,0.5314832876081924
33,2,25,Z_only,1.6230924384777108,1.0502266332622134,0.4738638611757559,0.526136138824244,14,11,0,0,0,0,
33,2,25,ZX_split,1.6230924384777108,1.0502266332622134,0.6721361130191721,0.3278638869808279,3,9,9,4,0,0,
33,2,25,XYZ_split,1.6230924384777108,1.0502266332622134,0.9698117786862597,0.030188221313740327,2,6,7,1,9,0,
33,2,25,RL_adaptive,1.6230924384777108,1.0502266332622134,0.9042610270093062,0.09573897299069378,0,1,16,2,6,0,0.9042610270093062
33,2,50,Z_only,1.6230924384777108,1.0502266332622134,0.4738638611757559,0.526136138824244,26,24,0,0,0,0,
33,2,50,ZX_split,1.6230924384777108,1.0502266332622134,0.7439420250219917,0.2560579749780083,13,12,17,8,0,0,
33,2,50,XYZ_split,1.6230924384777108,1.0502266332622134,0.9573876016700467,0.04261239832995334,4,12,11,5,18,0,
33,2,50,RL_adaptive,1.6230924384777108,1.0502266332622134,0.9938539622550271,0.00614603774497291,15,13,13,2,7,0,0.9938539622550271
33,2,100,Z_only,1.6230924384777108,1.0502266332622134,0.4738638611757559,0.526136138824244,52,48,0,0,0,0,
33,2,100,ZX_split,1.6230924384777108,1.0502266332622134,0.717971598498365,0.282028401501635,31,19,39,11,0,0,
33,2,100,XYZ_split,1.6230924384777108,1.0502266332622134,0.9714409813606305,0.028559018639369493,9,24,26,7,33,1,
33,2,100,RL_adaptive,1.6230924384777108,1.0502266332622134,0.9822548403832626,0.017745159616737394,23,31,23,5,15,3,0.9822548403832626
33,2,250,Z_only,1.6230924384777108,1.0502266332622134,0.5261361388242441,0.47386386117575585,115,135,0,0,0,0,
33,2,250,ZX_split,1.6230924384777108,1.0502266332622134,0.7494002568809133,0.2505997431190867,56,69,104,21,0,0,
33,2,250,XYZ_split,1.6230924384777108,1.0502266332622134,0.9937256725672361,0.006274327432763904,37,46,69,14,77,7,
33,2,250,RL_adaptive,1.6230924384777108,1.0502266332622134,0.9938245148036896,0.006175485196310393,40,52,88,18,48,4,0.9938245148036896
33,2,500,Z_only,1.6230924384777108,1.0502266332622134,0.5261361388242441,0.47386386117575585,248,252,0,0,0,0,
33,2,500,ZX_split,1.6230924384777108,1.0502266332622134,0.7432693539698045,0.25673064603019546,106,144,180,70,0,0,
33,2,500,XYZ_split,1.6230924384777108,1.0502266332622134,0.999290248839547,0.0007097511604530204,76,90,118,48,151,17,
33,2,500,RL_adaptive,1.6230924384777108,1.0502266332622134,0.9959272598286947,0.004072740171305322,89,118,119,49,120,5,0.9959272598286947
33,3,10,Z_only,1.6230924384777108,1.0502266332622134,0.5261361388242441,0.47386386117575585,4,6,0,0,0,0,
33,3,10,ZX_split,1.6230924384777108,1.0502266332622134,0.7486502193189021,0.2513497806810979,2,3,5,0,0,0,
33,3,10,XYZ_split,1.6230924384777108,1.0502266332622134,0.8090616491611509,0.19093835083884914,2,1,1,2,4,0,
33,3,10,RL_adaptive,1.6230924384777108,1.0502266332622134,0.7925323874881692,0.20746761251183077,1,0,1,0,6,2,0.7925323874881692
33,3,25,Z_only,1.6230924384777108,1.0502266332622134,0.5261361388242441,0.47386386117575585,8,17,0,0,0,0,
33,3,25,ZX_split,1.6230924384777108,1.0502266332622134,0.7382643268925005,0.26173567310749946,5,7,9,4,0,0,
33,3,25,XYZ_split,1.6230924384777108,1.0502266332622134,0.9883914753308035,0.011608524669196485,4,4,5,3,8,1,
33,3,25,RL_adaptive,1.6230924384777108,1.0502266332622134,0.9071347822395346,0.09286521776046541,0,1,17,1,6,0,0.9071347822395346
33,3,50,Z_only,1.6230924384777108,1.0502266332622134,0.5261361388242441,0.47386386117575585,17,33,0,0,0,0,
33,3,50,ZX_split,1.6230924384777108,1.0502266332622134,0.5092481455812022,0.49075185441879776,16,9,13,12,0,0,
33,3,50,XYZ_split,1.6230924384777108,1.0502266332622134,0.9833644171149941,0.016635582885005884,7,9,10,6,17,1,
33,3,50,RL_adaptive,1.6230924384777108,1.0502266332622134,0.99660307038614,0.003396929613859956,12,15,12,4,6,1,0.99660307038614
33,3,100,Z_only,1.6230924384777108,1.0502266332622134,0.5261361388242441,0.47386386117575585,44,56,0,0,0,0,
33,3,100,ZX_split,1.6230924384777108,1.0502266332622134,0.7496935803116813,0.2503064196883187,24,26,36,14,0,0,
33,3,100,XYZ_split,1.6230924384777108,1.0502266332622134,0.9780952956141178,0.021904704385882212,21,12,27,6,33,1,
33,3,100,RL_adaptive,1.6230924384777108,1.0502266332622134,0.9823492164782437,0.017650783521756308,15,32,24,8,21,0,0.9823492164782437
33,3,250,Z_only,1.6230924384777108,1.0502266332622134,0.5261361388242441,0.47386386117575585,111,139,0,0,0,0,
33,3,250,ZX_split,1.6230924384777108,1.0502266332622134,0.7460564873596025,0.2539435126403975,53,72,96,29,0,0,
33,3,250,XYZ_split,1.6230924384777108,1.0502266332622134,0.9984656404208412,0.0015343595791588172,36,47,62,21,80,4,
33,3,250,RL_adaptive,1.6230924384777108,1.0502266332622134,0.9924406641621578,0.007559335837842185,49,50,64,36,45,6,0.9924406641621578
33,3,500,Z_only,1.6230924384777108,1.0502266332622134,0.5261361388242441,0.47386386117575585,242,258,0,0,0,0,
33,3,500,ZX_split,1.6230924384777108,1.0502266332622134,0.7462729834745965,0.2537270165254035,129,121,190,60,0,0,
33,3,500,XYZ_split,1.6230924384777108,1.0502266332622134,0.996895704261496,0.003104295738504015,87,79,122,44,162,6,
33,3,500,RL_adaptive,1.6230924384777108,1.0502266332622134,0.9993120472168621,0.0006879527831379351,102,102,133,43,113,7,0.9993120472168621
33,4,10,Z_only,1.6230924384777108,1.0502266332622134,0.5261361388242441,0.47386386117575585,4,6,0,0,0,0,
33,4,10,ZX_split,1.6230924384777108,1.0502266332622134,0.7438678479954728,0.2561321520045272,2,3,4,1,0,0,
33,4,10,XYZ_split,1.6230924384777108,1.0502266332622134,0.9630597081358397,0.03694029186416026,2,1,3,0,4,0,
33,4,10,RL_adaptive,1.6230924384777108,1.0502266332622134,0.9085667346110496,0.09143326538895036,0,1,1,0,8,0,0.9085667346110496
33,4,25,Z_only,1.6230924384777108,1.0502266332622134,0.5261361388242441,0.47386386117575585,12,13,0,0,0,0,
33,4,25,ZX_split,1.6230924384777108,1.0502266332622134,0.7483472363083927,0.2516527636916073,6,6,10,3,0,0,
33,4,25,XYZ_split,1.6230924384777108,1.0502266332622134,0.9437066661397107,0.05629333386028934,2,6,5,3,9,0,
33,4,25,RL_adaptive,1.6230924384777108,1.0502266332622134,0.8930981342929819,0.1069018657070181,0,1,14,4,6,0,0.8930981342929819
33,4,50,Z_only,1.6230924384777108,1.0502266332622134,0.5261361388242441,0.47386386117575585,23,27,0,0,0,0,
33,4,50,ZX_split,1.6230924384777108,1.0502266332622134,0.7496935803116813,0.2503064196883187,12,13,18,7,0,0,
33,4,50,XYZ_split,1.6230924384777108,1.0502266332622134,0.9861518342120111,0.013848165787988864,9,7,13,3,16,2,
33,4,50,RL_adaptive,1.6230924384777108,1.0502266332622134,0.9961779893836771,0.003822010616322924,14,14,13,2,7,0,0.9961779893836771
33,4,100,Z_only,1.6230924384777108,1.0502266332622134,0.4738638611757559,0.526136138824244,50,50,0,0,0,0,
33,4,100,ZX_split,1.6230924384777108,1.0502266332622134,0.7496229590221297,0.2503770409778703,23,27,40,10,0,0,
33,4,100,XYZ_split,1.6230924384777108,1.0502266332622134,0.9868390841812945,0.013160915818705488,18,15,22,11,33,1,
33,4,100,RL_adaptive,1.6230924384777108,1.0502266332622134,0.9943652074986744,0.005634792501325592,29,25,24,4,18,0,0.9943652074986744
33,4,250,Z_only,1.6230924384777108,1.0502266332622134,0.5261361388242441,0.47386386117575585,112,138,0,0,0,0,
33,4,250,ZX_split,1.6230924384777108,1.0502266332622134,0.7405045961671235,0.2594954038328765,68,57,95,30,0,0,
33,4,250,XYZ_split,1.6230924384777108,1.0502266332622134,0.9989543038913826,0.0010456961086173777,42,41,63,20,81,3,
33,4,250,RL_adaptive,1.6230924384777108,1.0502266332622134,0.9951508204376245,0.004849179562375516,48,44,89,20,46,3,0.9951508204376245
33,4,500,Z_only,1.6230924384777108,1.0502266332622134,0.5261361388242441,0.47386386117575585,229,271,0,0,0,0,
33,4,500,ZX_split,1.6230924384777108,1.0502266332622134,0.7494338229591248,0.25056617704087525,121,129,195,55,0,0,
33,4,500,XYZ_split,1.6230924384777108,1.0502266332622134,0.9994650799245233,0.0005349200754767303,75,91,127,39,158,10,
33,4,500,RL_adaptive,1.6230924384777108,1.0502266332622134,0.9987733807367102,0.0012266192632898187,98,106,123,49,117,7,0.9987733807367102
34,0,10,Z_only,0.8041672856933404,1.036528665223222,0.8468556203176907,0.15314437968230932,9,1,0,0,0,0,
34,0,10,ZX_split,0.8041672856933404,1.036528665223222,0.8760837730244055,0.12391622697559446,5,0,3,2,0,0,
34,0,10,XYZ_split,0.8041672856933404,1.036528665223222,0.9099674057248539,0.0900325942751461,3,0,1,2,4,0,
34,0,10,RL_adaptive,0.8041672856933404,1.036528665223222,0.9850758541878212,0.014924145812178824,1,0,1,0,8,0,0.9850758541878212
34,0,25,Z_only,0.8041672856933404,1.036528665223222,0.8468556203176907,0.15314437968230932,20,5,0,0,0,0,
34,0,25,ZX_split,0.8041672856933404,1.036528665223222,0.890853179325553,0.10914682067444703,11,1,10,3,0,0,
34,0,25,XYZ_split,0.8041672856933404,1.036528665223222,0.8999843800329164,0.10001561996708364,7,1,3,5,7,2,
34,0,25,RL_adaptive,0.8041672856933404,1.036528665223222,0.9531004100242576,0.046899589975742395,1,0,8,9,6,1,0.9531004100242576
34,0,50,Z_only,0.8041672856933404,1.036528665223222,0.8468556203176907,0.15314437968230932,38,12,0,0,0,0,
34,0,50,ZX_split,0.8041672856933404,1.036528665223222,0.8870461067281776,0.11295389327182237,23,2,16,9,0,0,
34,0,50,XYZ_split,0.8041672856933404,1.036528665223222,0.9614890577442359,0.038510942255764125,13,3,15,1,15,3,
34,0,50,RL_adaptive,0.8041672856933404,1.036528665223222,0.9948939650343257,0.0051060349656743,21,5,11,6,6,1,0.9948939650343257
34,0,100,Z_only,0.8041672856933404,1.036528665223222,0.8468556203176907,0.15314437968230932,90,10,0,0,0,0,
34,0,100,ZX_split,0.8041672856933404,1.036528665223222,0.8920582006961885,0.10794179930381154,44,6,36,14,0,0,
34,0,100,XYZ_split,0.8041672856933404,1.036528665223222,0.9892977502109529,0.010702249789047102,26,7,25,8,26,8,
34,0,100,RL_adaptive,0.8041672856933404,1.036528665223222,0.9992236877428555,0.0007763122571444736,54,10,12,6,15,3,0.9992236877428555
34,0,250,Z_only,0.8041672856933404,1.036528665223222,0.8468556203176907,0.15314437968230932,211,39,0,0,0,0,
34,0,250,ZX_split,0.8041672856933404,1.036528665223222,0.8900540579723529,0.10994594202764707,99,26,77,48,0,0,
34,0,250,XYZ_split,0.8041672856933404,1.036528665223222,0.9996510736407235,0.0003489263592765246,69,14,56,27,65,19,
34,0,250,RL_adaptive,0.8041672856933404,1.036528665223222,0.9975280571249042,0.0024719428750957784,76,18,80,32,36,8,0.9975280571249042
34,0,500,Z_only,0.8041672856933404,1.036528665223222,0.8468556203176907,0.15314437968230932,432,68,0,0,0,0,
34,0,500,ZX_split,0.8041672856933404,1.036528665223222,0.8920179821919776,0.10798201780802241,213,37,167,83,0,0,
34,0,500,XYZ_split,0.8041672856933404,1.036528665223222,0.9999122654804471,8.773451955290668e-05,144,22,115,51,137,31,
34,0,500,RL_adaptive,0.8041672856933404,1.036528665223222,0.997378787749455,0.002621212250545013,159,23,126,70,103,19,0.997378787749455
34,1,10,Z_only,0.8041672856933404,1.036528665223222,0.8468556203176907,0.15314437968230932,9,1,0,0,0,0,
34,1,10,ZX_split,0.8041672856933404,1.036528665223222,0.835703136519866,0.16429686348013395,4,1,5,0,0,0,
34,1,10,XYZ_split,0.8041672856933404,1.036528665223222,0.874933482632233,0.12506651736776697,2,1,2,1,2,2,
34,1,10,RL_adaptive,0.8041672856933404,1.036528665223222,0.2498226588664452,0.7501773411335548,0,1,0,1,6,2,0.2498226588664452
34,1,25,Z_only,0.8041672856933404,1.036528665223222,0.8468556203176907,0.15314437968230932,19,6,0,0,0,0,
34,1,25,ZX_split,0.8041672856933404,1.036528665223222,0.8598985863818032,0.14010141361819684,12,0,7,6,0,0,
34,1,25,XYZ_split,0.8041672856933404,1.036528665223222,0.9949008790243945,0.005099120975605498,7,1,6,2,7,2,
34,1,25,RL_adaptive,0.8041672856933404,1.036528665223222,0.38110763463011244,0.6188923653698876,0,1,14,4,4,2,0.38110763463011244
34,1,50,Z_only,0.8041672856933404,1.036528665223222,0.8468556203176907,0.15314437968230932,41,9,0,0,0,0,
34,1,50,ZX_split,0.8041672856933404,1.036528665223222,0.8354886093267256,0.16451139067327436,21,4,12,13,0,0,
34,1,50,XYZ_split,0.8041672856933404,1.036528665223222,0.9818745264839321,0.018125473516067858,14,2,9,7,16,2,
34,1,50,RL_adaptive,0.8041672856933404,1.036528665223222,0.9681924872107087,0.03180751278929128,23,2,10,8,5,2,0.9681924872107087
34,1,100,Z_only,0.8041672856933404,1.036528665223222,0.8468556203176907,0.15314437968230932,89,11,0,0,0,0,
34,1,100,ZX_split,0.8041672856933404,1.036528665223222,0.8870461067281776,0.11295389327182237,43,7,31,19,0,0,
34,1,100,XYZ_split,0.8041672856933404,1.036528665223222,0.9847948116347647,0.015205188365235323,30,3,22,11,24,10,
34,1,100,RL_adaptive,0.8041672856933404,1.036528665223222,0.9762251084660418,0.023774891533958176,53,15,17,5,7,3,0.9762251084660418
34,1,250,Z_only,0.8041672856933404,1.036528665223222,0.8468556203176907,0.15314437968230932,216,34,0,0,0,0,
34,1,250,ZX_split,0.8041672856933404,1.036528665223222,0.8909494947128233,0.10905050528717675,110,15,93,32,0,0,
34,1,250,XYZ_split,0.8041672856933404,1.036528665223222,0.9792397927891022,0.020760207210897774,69,14,68,15,63,21,
34,1,250,RL_adaptive,0.8041672856933404,1.036528665223222,0.998087807338652,0.0019121926613480111,81,15,70,38,35,11,0.998087807338652
34,1,500,Z_only,0.8041672856933404,1.036528665223222,0.8468556203176907,0.15314437968230932,419,81,0,0,0,0,
34,1,500,ZX_split,0.8041672856933404,1.036528665223222,0.8900871745902615,0.10991282540973846,205,45,179,71,0,0,
34,1,500,XYZ_split,0.8041672856933404,1.036528665223222,0.9994131177985456,0.0005868822014544195,142,24,117,49,143,25,
34,1,500,RL_adaptive,0.8041672856933404,1.036528665223222,0.9992508954610246,0.0007491045389753648,160,23,132,66,97,22,0.9992508954610246
34,2,10,Z_only,0.8041672856933404,1.036528665223222,0.8468556203176907,0.15314437968230932,6,4,0,0,0,0,
34,2,10,ZX_split,0.8041672856933404,1.036528665223222,0.874933482632233,0.12506651736776697,4,1,4,1,0,0,
34,2,10,XYZ_split,0.8041672856933404,1.036528665223222,0.874933482632233,0.12506651736776697,3,0,3,0,2,2,
34,2,10,RL_adaptive,0.8041672856933404,1.036528665223222,0.6155944398063782,0.3844055601936218,1,0,0,1,4,4,0.6155944398063782
34,2,25,Z_only,0.8041672856933404,1.036528665223222,0.8468556203176907,0.15314437968230932,22,3,0,0,0,0,
34,2,25,ZX_split,0.8041672856933404,1.036528665223222,0.883215566427078,0.11678443357292201,11,1,8,5,0,0,
34,2,25,XYZ_split,0.8041672856933404,1.036528665223222,0.8885320738704612,0.11146792612953882,7,1,4,4,5,4,
34,2,25,RL_adaptive,0.8041672856933404,1.036528665223222,0.992380511808379,0.007619488191620949,1,0,11,6,6,1,0.992380511808379
34,2,50,Z_only,0.8041672856933404,1.036528665223222,0.8468556203176907,0.15314437968230932,44,6,0,0,0,0,
34,2,50,ZX_split,0.8041672856933404,1.036528665223222,0.8822164269405661,0.11778357305943388,20,5,19,6,0,0,
34,2,50,XYZ_split,0.8041672856933404,1.036528665223222,0.9237413479443694,0.07625865205563065,15,1,12,4,10,8,
34,2,50,RL_adaptive,0.8041672856933404,1.036528665223222,0.9907507286285282,0.009249271371471801,20,6,12,6,4,2,0.9907507286285282
34,2,100,Z_only,0.8041672856933404,1.036528665223222,0.8468556203176907,0.15314437968230932,81,19,0,0,0,0,
34,2,100,ZX_split,0.8041672856933404,1.036528665223222,0.8798979670183734,0.12010203298162658,46,4,30,20,0,0,
34,2,100,XYZ_split,0.8041672856933404,1.036528665223222,0.9815488074950947,0.018451192504905345,29,4,22,11,23,11,
34,2,100,RL_adaptive,0.8041672856933404,1.036528665223222,0.9926880813085464,0.007311918691453645,57,9,11,5,13,5,0.9926880813085464
34,2,250,Z_only,0.8041672856933404,1.036528665223222,0.8468556203176907,0.15314437968230932,212,38,0,0,0,0,
34,2,250,ZX_split,0.8041672856933404,1.036528665223222,0.8914127712007577,0.10858722879924232,111,14,84,41,0,0,
34,2,250,XYZ_split,0.8041672856933404,1.036528665223222,0.9972790476139285,0.002720952386071507,74,9,63,20,69,15,
34,2,250,RL_adaptive,0.8041672856933404,1.036528665223222,0.9991981711464735,0.0008018288535265317,82,12,78,34,35,9,0.9991981711464735
34,2,500,Z_only,0.8041672856933404,1.036528665223222,0.8468556203176907,0.15314437968230932,424,76,0,0,0,0,
34,2,500,ZX_split,0.8041672856933404,1.036528665223222,0.8921469838894285,0.10785301611057152,211,39,167,83,0,0,
34,2,500,XYZ_split,0.8041672856933404,1.036528665223222,0.9992354425257672,0.0007645574742327632,136,30,115,51,137,31,
34,2,500,RL_adaptive,0.8041672856933404,1.036528665223222,0.9992883822973043,0.0007116177026956771,158,24,135,63,103,17,0.9992883822973043
34,3,10,Z_only,0.8041672856933404,1.036528665223222,0.8468556203176907,0.15314437968230932,7,3,0,0,0,0,
34,3,10,ZX_split,0.8041672856933404,1.036528665223222,0.835703136519866,0.16429686348013395,4,1,5,0,0,0,
34,3,10,XYZ_split,0.8041672856933404,1.036528665223222,0.9827167284879103,0.01728327151208975,2,1,2,1,3,1,
34,3,10,RL_adaptive,0.8041672856933404,1.036528665223222,0.49432985327789913,0.5056701467221009,0,1,1,0,6,2,0.49432985327789913
34,3,25,Z_only,0.8041672856933404,1.036528665223222,0.8468556203176907,0.15314437968230932,19,6,0,0,0,0,
34,3,25,ZX_split,0.8041672856933404,1.036528665223222,0.883981688500729,0.116018311499271,11,1,11,2,0,0,
34,3,25,XYZ_split,0.8041672856933404,1.036528665223222,0.9854212716604014,0.014578728339598612,7,1,7,1,9,0,
34,3,25,RL_adaptive,0.8041672856933404,1.036528665223222,0.5166632817947857,0.4833367182052143,0,1,12,6,6,0,0.5166632817947857
34,3,50,Z_only,0.8041672856933404,1.036528665223222,0.8468556203176907,0.15314437968230932,42,8,0,0,0,0,
34,3,50,ZX_split,0.8041672856933404,1.036528665223222,0.8898144220015087,0.11018557799849127,22,3,19,6,0,0,
34,3,50,XYZ_split,0.8041672856933404,1.036528665223222,0.9605616188083268,0.0394383811916732,14,2,8,8,17,1,
34,3,50,RL_adaptive,0.8041672856933404,1.036528665223222,0.9753648354499487,0.024635164550051325,22,5,10,6,7,0,0.9753648354499487
34,3,100,Z_only,0.8041672856933404,1.036528665223222,0.8468556203176907,0.15314437968230932,87,13,0,0,0,0,
34,3,100,ZX_split,0.8041672856933404,1.036528665223222,0.8913243931599512,0.10867560684004884,41,9,35,15,0,0,
34,3,100,XYZ_split,0.8041672856933404,1.036528665223222,0.9983828633242178,0.001617136675782227,25,8,22,11,26,8,
34,3,100,RL_adaptive,0.8041672856933404,1.036528665223222,0.9996029080043288,0.0003970919956711727,63,5,18,6,7,1,0.9996029080043288
34,3,250,Z_only,0.8041672856933404,1.036528665223222,0.8468556203176907,0.15314437968230932,211,39,0,0,0,0,
34,3,250,ZX_split,0.8041672856933404,1.036528665223222,0.8922783160647885,0.10772168393521153,115,10,89,36,0,0,
34,3,250,XYZ_split,0.8041672856933404,1.036528665223222,0.9999076895226907,9.231047730928754e-05,66,17,55,28,65,19,
34,3,250,RL_adaptive,0.8041672856933404,1.036528665223222,0.9975301889974777,0.002469811002522304,81,16,69,40,36,8,0.9975301889974777
34,3,500,Z_only,0.8041672856933404,1.036528665223222,0.8468556203176907,0.15314437968230932,437,63,0,0,0,0,
34,3,500,ZX_split,0.8041672856933404,1.036528665223222,0.8915264897060522,0.1084735102939478,221,29,184,66,0,0,
34,3,500,XYZ_split,0.8041672856933404,1.036528665223222,0.9997002118960127,0.0002997881039873418,143,23,113,53,141,27,
34,3,500,RL_adaptive,0.8041672856933404,1.036528665223222,0.9981800589985381,0.0018199410014618778,156,29,132,65,89,29,0.9981800589985381
34,4,10,Z_only,0.8041672856933404,1.036528665223222,0.8468556203176907,0.15314437968230932,7,3,0,0,0,0,
34,4,10,ZX_split,0.8041672856933404,1.036528665223222,0.6155944398063782,0.3844055601936218,3,2,2,3,0,0,
34,4,10,XYZ_split,0.8041672856933404,1.036528665223222,0.8870461067281776,0.11295389327182237,3,0,2,1,2,2,
34,4,10,RL_adaptive,0.8041672856933404,1.036528665223222,0.49432985327789913,0.5056701467221009,0,1,1,0,6,2,0.49432985327789913
34,4,25,Z_only,0.8041672856933404,1.036528665223222,0.8468556203176907,0.15314437968230932,22,3,0,0,0,0,
34,4,25,ZX_split,0.8041672856933404,1.036528665223222,0.7677880660166335,0.23221193398336648,10,2,5,8,0,0,
34,4,25,XYZ_split,0.8041672856933404,1.036528665223222,0.9979969810063924,0.0020030189936075526,7,1,6,2,8,1,
34,4,25,RL_adaptive,0.8041672856933404,1.036528665223222,0.9920344918403162,0.007965508159683776,1,0,11,6,7,0,0.9920344918403162
34,4,50,Z_only,0.8041672856933404,1.036528665223222,0.8468556203176907,0.15314437968230932,42,8,0,0,0,0,
34,4,50,ZX_split,0.8041672856933404,1.036528665223222,0.874933482632233,0.12506651736776697,19,6,19,6,0,0,
34,4,50,XYZ_split,0.8041672856933404,1.036528665223222,0.9818745264839321,0.018125473516067858,14,2,9,7,16,2,
34,4,50,RL_adaptive,0.8041672856933404,1.036528665223222,0.9681924872107087,0.03180751278929128,23,2,10,8,5,2,0.9681924872107087
34,4,100,Z_only,0.8041672856933404,1.036528665223222,0.8468556203176907,0.15314437968230932,91,9,0,0,0,0,
34,4,100,ZX_split,0.8041672856933404,1.036528665223222,0.8922151737564888,0.10778482624351116,41,9,34,16,0,0,
34,4,100,XYZ_split,0.8041672856933404,1.036528665223222,0.9944262682216558,0.005573731778344193,28,5,20,13,27,7,
34,4,100,RL_adaptive,0.8041672856933404,1.036528665223222,0.9900195177339798,0.009980482266020219,57,8,18,8,9,0,0.9900195177339798
34,4,250,Z_only,0.8041672856933404,1.036528665223222,0.8468556203176907,0.15314437968230932,207,43,0,0,0,0,
34,4,250,ZX_split,0.8041672856933404,1.036528665223222,0.8908549292913742,0.10914507070862578,104,21,80,45,0,0,
34,4,250,XYZ_split,0.8041672856933404,1.036528665223222,0.9948018519750002,0.005198148024999849,72,11,53,30,63,21,
34,4,250,RL_adaptive,0.8041672856933404,1.036528665223222,0.9936776013937706,0.006322398606229407,78,16,77,32,34,13,0.9936776013937706
34,4,500,Z_only,0.8041672856933404,1.036528665223222,0.8468556203176907,0.15314437968230932,435,65,0,0,0,0,
34,4,500,ZX_split,0.8041672856933404,1.036528665223222,0.8902448704472447,0.10975512955275535,202,48,156,94,0,0,
34,4,500,XYZ_split,0.8041672856933404,1.036528665223222,0.9994067615248711,0.0005932384751289321,145,21,118,48,136,32,
34,4,500,RL_adaptive,0.8041672856933404,1.036528665223222,0.9992430273393993,0.0007569726606007077,154,32,139,59,92,24,0.9992430273393993
35,0,10,Z_only,2.360501865237444,2.859479987682153,0.8550729931181166,0.14492700688188342,2,8,0,0,0,0,
35,0,10,ZX_split,2.360501865237444,2.859479987682153,0.9726116791645044,0.027388320835495583,1,4,0,5,0,0,
35,0,10,XYZ_split,2.360501865237444,2.859479987682153,0.9332588733213453,0.06674112667865473,1,2,0,3,3,1,
35,0,10,RL_adaptive,2.360501865237444,2.859479987682153,0.999731134668472,0.00026886533152803427,0,1,0,1,5,3,0.999731134668472
35,0,25,Z_only,2.360501865237444,2.859479987682153,0.8550729931181166,0.14492700688188342,2,23,0,0,0,0,
35,0,25,ZX_split,2.360501865237444,2.859479987682153,0.98172998291329,0.018270017086710055,1,11,3,10,0,0,
35,0,25,XYZ_split,2.360501865237444,2.859479987682153,0.9847591652502883,0.015240834749711718,0,8,1,7,7,2,
35,0,25,RL_adaptive,2.360501865237444,2.859479987682153,0.9900300085239093,0.009969991476090678,0,1,3,14,4,3,0.9900300085239093
35,0,50,Z_only,2.360501865237444,2.859479987682153,0.8550729931181166,0.14492700688188342,13,37,0,0,0,0,
35,0,50,ZX_split,2.360501865237444,2.859479987682153,0.9815145461860583,0.018485453813941732,5,20,2,23,0,0,
35,0,50,XYZ_split,2.360501865237444,2.859479987682153,0.9899451646785613,0.010054835321438693,2,14,2,14,13,5,
35,0,50,RL_adaptive,2.360501865237444,2.859479987682153,0.9767985402080447,0.023201459791955314,3,22,5,11,5,4,0.9767985402080447
35,0,100,Z_only,2.360501865237444,2.859479987682153,0.8550729931181166,0.14492700688188342,14,86,0,0,0,0,
35,0,100,ZX_split,2.360501865237444,2.859479987682153,0.9894509017068378,0.010549098293162196,11,39,10,40,0,0,
35,0,100,XYZ_split,2.360501865237444,2.859479987682153,0.9967739018610947,0.0032260981389052867,6,27,8,25,21,13,
35,0,100,RL_adaptive,2.360501865237444,2.859479987682153,0.983289365045859,0.016710634954141046,4,41,8,21,16,10,0.983289365045859
35,0,250,Z_only,2.360501865237444,2.859479987682153,0.8550729931181166,0.14492700688188342,40,210,0,0,0,0,
35,0,250,ZX_split,2.360501865237444,2.859479987682153,0.9902711548075344,0.00972884519246564,19,106,22,103,0,0,
35,0,250,XYZ_split,2.360501865237444,2.859479987682153,0.9943731828717444,0.0056268171282556345,8,75,17,66,47,37,
35,0,250,RL_adaptive,2.360501865237444,2.859479987682153,0.9900429748627092,0.009957025137290798,22,89,15,50,37,37,0.9900429748627092
35,0,500,Z_only,2.360501865237444,2.859479987682153,0.8550729931181166,0.14492700688188342,68,432,0,0,0,0,
35,0,500,ZX_split,2.360501865237444,2.859479987682153,0.990056443428058,0.009943556571942014,31,219,41,209,0,0,
35,0,500,XYZ_split,2.360501865237444,2.859479987682153,0.996386784435623,0.0036132155643769925,22,144,25,141,112,56,
35,0,500,RL_adaptive,2.360501865237444,2.859479987682153,0.9950872403472661,0.004912759652733856,26,195,23,97,86,73,0.9950872403472661
35,1,10,Z_only,2.360501865237444,2.859479987682153,0.8550729931181166,0.14492700688188342,1,9,0,0,0,0,
35,1,10,ZX_split,2.360501865237444,2.859479987682153,0.9901553831191655,0.00984461688083449,0,5,0,5,0,0,
35,1,10,XYZ_split,2.360501865237444,2.859479987682153,0.9332588733213453,0.06674112667865473,1,2,0,3,3,1,
35,1,10,RL_adaptive,2.360501865237444,2.859479987682153,0.9901553831191655,0.00984461688083449,0,1,0,1,4,4,0.9901553831191655
35,1,25,Z_only,2.360501865237444,2.859479987682153,0.8550729931181166,0.14492700688188342,3,22,0,0,0,0,
35,1,25,ZX_split,2.360501865237444,2.859479987682153,0.9893756399523381,0.010624360047661874,3,9,3,10,0,0,
35,1,25,XYZ_split,2.360501865237444,2.859479987682153,0.9463217564913798,0.05367824350862016,3,5,2,6,6,3,
35,1,25,RL_adaptive,2.360501865237444,2.859479987682153,0.9666895048385763,0.0333104951614237,0,1,3,14,3,4,0.9666895048385763
35,1,50,Z_only,2.360501865237444,2.859479987682153,0.8550729931181166,0.14492700688188342,6,44,0,0,0,0,
35,1,50,ZX_split,2.360501865237444,2.859479987682153,0.9884527000624426,0.011547299937557431,5,20,4,21,0,0,
35,1,50,XYZ_split,2.360501865237444,2.859479987682153,0.996659428815206,0.003340571184794028,3,13,2,14,11,7,
35,1,50,RL_adaptive,2.360501865237444,2.859479987682153,0.9054578889313443,0.09454211106865573,2,23,5,10,9,1,0.9054578889313443
35,1,100,Z_only,2.360501865237444,2.859479987682153,0.8550729931181166,0.14492700688188342,10,90,0,0,0,0,
35,1,100,ZX_split,2.360501865237444,2.859479987682153,0.9893889456806038,0.01061105431939624,6,44,9,41,0,0,
35,1,100,XYZ_split,2.360501865237444,2.859479987682153,0.9987476984190008,0.0012523015809992044,4,29,6,27,21,13,
35,1,100,RL_adaptive,2.360501865237444,2.859479987682153,0.9750419696123437,0.024958030387656316,11,37,8,21,16,7,0.9750419696123437
35,1,250,Z_only,2.360501865237444,2.859479987682153,0.8550729931181166,0.14492700688188342,25,225,0,0,0,0,
35,1,250,ZX_split,2.360501865237444,2.859479987682153,0.9903005785348701,0.00969942146512992,16,109,18,107,0,0,
35,1,250,XYZ_split,2.360501865237444,2.859479987682153,0.9975683792810928,0.0024316207189072347,16,67,12,71,51,33,
35,1,250,RL_adaptive,2.360501865237444,2.859479987682153,0.9974353511908859,0.0025646488091141117,22,92,13,55,43,25,0.9974353511908859
35,1,500,Z_only,2.360501865237444,2.859479987682153,0.8550729931181166,0.14492700688188342,70,430,0,0,0,0,
35,1,500,ZX_split,2.360501865237444,2.859479987682153,0.9900019998596771,0.009998000140322927,36,214,46,204,0,0,
35,1,500,XYZ_split,2.360501865237444,2.859479987682153,0.9977369692275743,0.0022630307724257337,26,140,23,143,108,60,
35,1,500,RL_adaptive,2.360501865237444,2.859479987682153,0.9943675269690606,0.005632473030939389,24,197,26,93,101,59,0.9943675269690606
35,2,10,Z_only,2.360501865237444,2.859479987682153,0.8550729931181166,0.14492700688188342,0,10,0,0,0,0,
35,2,10,ZX_split,2.360501865237444,2.859479987682153,0.9901553831191655,0.00984461688083449,1,4,1,4,0,0,
35,2,10,XYZ_split,2.360501865237444,2.859479987682153,0.9075487451430355,0.09245125485696448,1,2,1,2,3,1,
35,2,10,RL_adaptive,2.360501865237444,2.859479987682153,0.9789435892621067,0.021056410737893327,0,1,0,1,7,1,0.9789435892621067
35,2,25,Z_only,2.360501865237444,2.859479987682153,0.8550729931181166,0.14492700688188342,4,21,0,0,0,0,
35,2,25,ZX_split,2.360501865237444,2.859479987682153,0.981991770120252,0.01800822987974804,3,9,2,11,0,0,
35,2,25,XYZ_split,2.360501865237444,2.859479987682153,0.9995647862582634,0.00043521374173660643,0,8,0,8,6,3,
35,2,25,RL_adaptive,2.360501865237444,2.859479987682153,0.9414443715620763,0.058555628437923724,0,1,2,14,8,0,0.9414443715620763
35,2,50,Z_only,2.360501865237444,2.859479987682153,0.8550729931181166,0.14492700688188342,6,44,0,0,0,0,
35,2,50,ZX_split,2.360501865237444,2.859479987682153,0.9901553831191655,0.00984461688083449,4,21,4,21,0,0,
35,2,50,XYZ_split,2.360501865237444,2.859479987682153,0.934672707366613,0.06532729263338699,1,15,3,13,6,12,
35,2,50,RL_adaptive,2.360501865237444,2.859479987682153,0.9887772824945108,0.0112227175054892,4,20,5,12,5,4,0.9887772824945108
35,2,100,Z_only,2.360501865237444,2.859479987682153,0.8550729931181166,0.14492700688188342,18,82,0,0,0,0,
35,2,100,ZX_split,2.360501865237444,2.859479987682153,0.9899489878962596,0.010051012103740375,8,42,10,40,0,0,
35,2,100,XYZ_split,2.360501865237444,2.859479987682153,0.9938154819594981,0.006184518040501907,4,29,3,30,18,16,
35,2,100,RL_adaptive,2.360501865237444,2.859479987682153,0.9899034029104852,0.010096597089514825,9,40,6,21,12,12,0.9899034029104852
35,2,250,Z_only,2.360501865237444,2.859479987682153,0.8550729931181166,0.14492700688188342,34,216,0,0,0,0,
35,2,250,ZX_split,2.360501865237444,2.859479987682153,0.9860638752433771,0.01393612475662287,21,104,11,114,0,0,
35,2,250,XYZ_split,2.360501865237444,2.859479987682153,0.9959904876495191,0.004009512350480859,11,72,13,70,45,39,
35,2,250,RL_adaptive,2.360501865237444,2.859479987682153,0.9902953758764553,0.00970462412354467,22,95,6,56,38,33,0.9902953758764553
35,2,500,Z_only,2.360501865237444,2.859479987682153,0.8550729931181166,0.14492700688188342,76,424,0,0,0,0,
35,2,500,ZX_split,2.360501865237444,2.859479987682153,0.9898695860943206,0.01013041390567937,41,209,38,212,0,0,
35,2,500,XYZ_split,2.360501865237444,2.859479987682153,0.9985968883690801,0.0014031116309198843,21,145,29,137,106,62,
35,2,500,RL_adaptive,2.360501865237444,2.859479987682153,0.9967747809354027,0.0032252190645972734,37,179,13,104,97,70,0.9967747809354027
35,3,10,Z_only,2.360501865237444,2.859479987682153,0.8550729931181166,0.14492700688188342,4,6,0,0,0,0,
35,3,10,ZX_split,2.360501865237444,2.859479987682153,0.9011810455835453,0.09881895441645472,2,3,0,5,0,0,
35,3,10,XYZ_split,2.360501865237444,2.859479987682153,0.9429512137550196,0.05704878624498044,0,3,1,2,3,1,
35,3,10,RL_adaptive,2.360501865237444,2.859479987682153,0.9294565111117516,0.07054348888824835,0,1,0,1,2,6,0.9294565111117516
35,3,25,Z_only,2.360501865237444,2.859479987682153,0.8550729931181166,0.14492700688188342,5,20,0,0,0,0,
35,3,25,ZX_split,2.360501865237444,2.859479987682153,0.9901553831191655,0.00984461688083449,0,12,0,13,0,0,
35,3,25,XYZ_split,2.360501865237444,2.859479987682153,0.9625859498808297,0.03741405011917032,1,7,2,6,7,2,
35,3,25,RL_adaptive,2.360501865237444,2.859479987682153,0.9865142173244832,0.013485782675516811,0,1,3,14,5,2,0.9865142173244832
35,3,50,Z_only,2.360501865237444,2.859479987682153,0.8550729931181166,0.14492700688188342,6,44,0,0,0,0,
35,3,50,ZX_split,2.360501865237444,2.859479987682153,0.9893516932968943,0.010648306703105681,0,25,2,23,0,0,
35,3,50,XYZ_split,2.360501865237444,2.859479987682153,0.996659428815206,0.003340571184794028,3,13,2,14,11,7,
35,3,50,RL_adaptive,2.360501865237444,2.859479987682153,0.9690634607992069,0.03093653920079309,5,18,0,17,5,5,0.9690634607992069
35,3,100,Z_only,2.360501865237444,2.859479987682153,0.8550729931181166,0.14492700688188342,17,83,0,0,0,0,
35,3,100,ZX_split,2.360501865237444,2.859479987682153,0.9854580370986643,0.014541962901335692,4,46,10,40,0,0,
35,3,100,XYZ_split,2.360501865237444,2.859479987682153,0.9831504551833036,0.016849544816696427,7,26,4,29,24,10,
35,3,100,RL_adaptive,2.360501865237444,2.859479987682153,0.974051333326646,0.02594866667335405,10,41,8,18,11,12,0.974051333326646
35,3,250,Z_only,2.360501865237444,2.859479987682153,0.8550729931181166,0.14492700688188342,34,216,0,0,0,0,
35,3,250,ZX_split,2.360501865237444,2.859479987682153,0.9902617016888353,0.009738298311164684,19,106,20,105,0,0,
35,3,250,XYZ_split,2.360501865237444,2.859479987682153,0.9992047228976679,0.0007952771023320704,12,71,10,73,51,33,
35,3,250,RL_adaptive,2.360501865237444,2.859479987682153,0.9683834477372133,0.0316165522627867,19,101,7,63,49,11,0.9683834477372133
35,3,500,Z_only,2.360501865237444,2.859479987682153,0.8550729931181166,0.14492700688188342,81,419,0,0,0,0,
35,3,500,ZX_split,2.360501865237444,2.859479987682153,0.9902889515425035,0.009711048457496485,36,214,39,211,0,0,
35,3,500,XYZ_split,2.360501865237444,2.859479987682153,0.9982388865650877,0.0017611134349122537,20,146,32,134,98,70,
35,3,500,RL_adaptive,2.360501865237444,2.859479987682153,0.9978959527887851,0.002104047211214932,31,189,26,96,91,67,0.9978959527887851
35,4,10,Z_only,2.360501865237444,2.859479987682153,0.8550729931181166,0.14492700688188342,2,8,0,0,0,0,
35,4,10,ZX_split,2.360501865237444,2.859479987682153,0.9901553831191655,0.00984461688083449,0,5,0,5,0,0,
35,4,10,XYZ_split,2.360501865237444,2.859479987682153,0.9437720300116894,0.05622796998831059,0,3,1,2,2,2,
35,4,10,RL_adaptive,2.360501865237444,2.859479987682153,0.11288587771569808,0.887114122284302,1,0,1,0,7,1,0.11288587771569808
35,4,25,Z_only,2.360501865237444,2.859479987682153,0.8550729931181166,0.14492700688188342,4,21,0,0,0,0,
35,4,25,ZX_split,2.360501865237444,2.859479987682153,0.9891785698966246,0.01082143010337544,1,11,2,11,0,0,
35,4,25,XYZ_split,2.360501865237444,2.859479987682153,0.997698044953889,0.0023019550461109706,1,7,1,7,5,4,
35,4,25,RL_adaptive,2.360501865237444,2.859479987682153,0.9865142173244832,0.013485782675516811,0,1,3,14,5,2,0.9865142173244832
35,4,50,Z_only,2.360501865237444,2.859479987682153,0.8550729931181166,0.14492700688188342,7,43,0,0,0,0,
35,4,50,ZX_split,2.360501865237444,2.859479987682153,0.9887354284334924,0.01126457156650762,4,21,3,22,0,0,
35,4,50,XYZ_split,2.360501865237444,2.859479987682153,0.9624330806906477,0.0375669193093523,1,15,4,12,8,10,
35,4,50,RL_adaptive,2.360501865237444,2.859479987682153,0.9744102198082406,0.025589780191759393,4,21,5,11,6,3,0.9744102198082406
35,4,100,Z_only,2.360501865237444,2.859479987682153,0.8550729931181166,0.14492700688188342,16,84,0,0,0,0,
35,4,100,ZX_split,2.360501865237444,2.859479987682153,0.9896869045277691,0.010313095472230915,6,44,5,45,0,0,
35,4,100,XYZ_split,2.360501865237444,2.859479987682153,0.9892311516554921,0.010768848344507864,5,28,4,29,17,17,
35,4,100,RL_adaptive,2.360501865237444,2.859479987682153,0.9937220298328739,0.006277970167126057,7,41,4,23,13,12,0.9937220298328739
35,4,250,Z_only,2.360501865237444,2.859479987682153,0.8550729931181166,0.14492700688188342,42,208,0,0,0,0,
35,4,250,ZX_split,2.360501865237444,2.859479987682153,0.990301121396345,0.009698878603655037,17,108,19,106,0,0,
35,4,250,XYZ_split,2.360501865237444,2.859479987682153,0.9979591185192769,0.0020408814807231224,10,73,14,69,47,37,
35,4,250,RL_adaptive,2.360501865237444,2.859479987682153,0.9842654130199323,0.01573458698006769,17,96,10,51,36,40,0.9842654130199323
35,4,500,Z_only,2.360501865237444,2.859479987682153,0.8550729931181166,0.14492700688188342,86,414,0,0,0,0,
35,4,500,ZX_split,2.360501865237444,2.859479987682153,0.9893891792100894,0.010610820789910602,46,204,40,210,0,0,
35,4,500,XYZ_split,2.360501865237444,2.859479987682153,0.9859701129708026,0.014029887029197385,21,145,29,137,81,87,
35,4,500,RL_adaptive,2.360501865237444,2.859479987682153,0.9997353490653049,0.0002646509346950765,29,190,20,98,99,64,0.9997353490653049
36,0,10,Z_only,2.7828077580334467,0.18201849722616245,0.9681620913215045,0.03183790867849545,1,9,0,0,0,0,
36,0,10,ZX_split,2.7828077580334467,0.18201849722616245,0.925207709850378,0.07479229014962196,0,5,2,3,0,0,
36,0,10,XYZ_split,2.7828077580334467,0.18201849722616245,0.9369952944516264,0.06300470554837356,0,3,2,1,1,3,
36,0,10,RL_adaptive,2.7828077580334467,0.18201849722616245,0.7089458427165062,0.2910541572834938,0,1,0,1,4,4,0.7089458427165062
36,0,25,Z_only,2.7828077580334467,0.18201849722616245,0.9681620913215045,0.03183790867849545,2,23,0,0,0,0,
36,0,25,ZX_split,2.7828077580334467,0.18201849722616245,0.9832035911435977,0.016796408856402323,0,12,11,2,0,0,
36,0,25,XYZ_split,2.7828077580334467,0.18201849722616245,0.9855558604482987,0.014444139551701318,1,7,6,2,5,4,
36,0,25,RL_adaptive,2.7828077580334467,0.18201849722616245,0.9195250213094319,0.08047497869056808,0,1,16,3,1,4,0.9195250213094319
36,0,50,Z_only,2.7828077580334467,0.18201849722616245,0.9681620913215045,0.03183790867849545,2,48,0,0,0,0,
36,0,50,ZX_split,2.7828077580334467,0.18201849722616245,0.9988926910315916,0.0011073089684083826,1,24,17,8,0,0,
36,0,50,XYZ_split,2.7828077580334467,0.18201849722616245,0.9986504349323814,0.00134956506761863,1,15,11,5,10,8,
36,0,50,RL_adaptive,2.7828077580334467,0.18201849722616245,0.959244421729971,0.04075557827002896,1,26,10,5,6,2,0.959244421729971
36,0,100,Z_only,2.7828077580334467,0.18201849722616245,0.9681620913215045,0.03183790867849545,5,95,0,0,0,0,
36,0,100,ZX_split,2.7828077580334467,0.18201849722616245,0.9989026102182295,0.0010973897817705414,2,48,33,17,0,0,
36,0,100,XYZ_split,2.7828077580334467,0.18201849722616245,0.9977363957050398,0.0022636042949601975,3,30,23,10,18,16,
36,0,100,RL_adaptive,2.7828077580334467,0.18201849722616245,0.9533661251764688,0.04663387482353121,2,41,18,13,19,7,0.9533661251764688
36,0,250,Z_only,2.7828077580334467,0.18201849722616245,0.9681620913215045,0.03183790867849545,9,241,0,0,0,0,
36,0,250,ZX_split,2.7828077580334467,0.18201849722616245,0.9984334346866667,0.0015665653133333235,7,118,86,39,0,0,
36,0,250,XYZ_split,2.7828077580334467,0.18201849722616245,0.9975230847724905,0.0024769152275094797,5,78,51,32,45,39,
36,0,250,RL_adaptive,2.7828077580334467,0.18201849722616245,0.9831578835921679,0.016842116407832064,2,97,43,31,48,29,0.9831578835921679
36,0,500,Z_only,2.7828077580334467,0.18201849722616245,0.9681620913215045,0.03183790867849545,18,482,0,0,0,0,
36,0,500,ZX_split,2.7828077580334467,0.18201849722616245,0.9983779520491014,0.0016220479508985974,7,243,162,88,0,0,
36,0,500,XYZ_split,2.7828077580334467,0.18201849722616245,0.9993293952182362,0.0006706047817638394,8,158,109,57,93,75,
36,0,500,RL_adaptive,2.7828077580334467,0.18201849722616245,0.9988917772925049,0.00110822270749511,6,230,106,43,62,53,0.9988917772925049
36,1,10,Z_only,2.7828077580334467,0.18201849722616245,0.9681620913215045,0.03183790867849545,1,9,0,0,0,0,
36,1,10,ZX_split,2.7828077580334467,0.18201849722616245,0.9929336898314522,0.007066310168547751,0,5,3,2,0,0,
36,1,10,XYZ_split,2.7828077580334467,0.18201849722616245,0.8895351261307578,0.1104648738692422,0,3,1,2,2,2,
36,1,10,RL_adaptive,2.7828077580334467,0.18201849722616245,0.9166265831291966,0.08337341687080335,0,1,1,0,2,6,0.9166265831291966
36,1,25,Z_only,2.7828077580334467,0.18201849722616245,0.9681620913215045,0.03183790867849545,0,25,0,0,0,0,
36,1,25,ZX_split,2.7828077580334467,0.18201849722616245,0.970444056162811,0.029555943837188958,1,11,11,2,0,0,
36,1,25,XYZ_split,2.7828077580334467,0.18201849722616245,0.9855558604482987,0.014444139551701318,1,7,6,2,5,4,
36,1,25,RL_adaptive,2.7828077580334467,0.18201849722616245,0.9541874417960337,0.04581255820396635,0,1,9,9,4,2,0.9541874417960337
36,1,50,Z_only,2.7828077580334467,0.18201849722616245,0.9681620913215045,0.03183790867849545,2,48,0,0,0,0,
36,1,50,ZX_split,2.7828077580334467,0.18201849722616245,0.9752204411151795,0.02477955888482053,1,24,13,12,0,0,
36,1,50,XYZ_split,2.7828077580334467,0.18201849722616245,0.9960620943903093,0.003937905609690651,0,16,10,6,9,9,
36,1,50,RL_adaptive,2.7828077580334467,0.18201849722616245,0.9885471631527099,0.011452836847290149,1,25,12,5,3,4,0.9885471631527099
36,1,100,Z_only,2.7828077580334467,0.18201849722616245,0.9681620913215045,0.03183790867849545,7,93,0,0,0,0,
36,1,100,ZX_split,2.7828077580334467,0.18201849722616245,0.9988048920154659,0.0011951079845341495,0,50,35,15,0,0,
36,1,100,XYZ_split,2.7828077580334467,0.18201849722616245,0.9906925641035551,0.009307435896444893,2,31,19,14,17,17,
36,1,100,RL_adaptive,2.7828077580334467,0.18201849722616245,0.947295745675343,0.052704254324656974,1,50,18,4,8,19,0.947295745675343
36,1,250,Z_only,2.7828077580334467,0.18201849722616245,0.9681620913215045,0.03183790867849545,11,239,0,0,0,0,
36,1,250,ZX_split,2.7828077580334467,0.18201849722616245,0.996872998690186,0.003127001309814026,7,118,89,36,0,0,
36,1,250,XYZ_split,2.7828077580334467,0.18201849722616245,0.9986330250968599,0.0013669749031400835,1,82,56,27,48,36,
36,1,250,RL_adaptive,2.7828077580334467,0.18201849722616245,0.9982549813984838,0.0017450186015162128,3,94,46,27,43,37,0.9982549813984838
36,1,500,Z_only,2.7828077580334467,0.18201849722616245,0.9681620913215045,0.03183790867849545,11,489,0,0,0,0,
36,1,500,ZX_split,2.7828077580334467,0.18201849722616245,0.9989594990092504,0.0010405009907495932,10,240,166,84,0,0,
36,1,500,XYZ_split,2.7828077580334467,0.18201849722616245,0.9996082263613313,0.0003917736386687132,8,158,110,56,86,82,
36,1,500,RL_adaptive,2.7828077580334467,0.18201849722616245,0.9962778341189297,0.0037221658810703273,5,230,87,55,65,58,0.9962778341189297
36,2,10,Z_only,2.7828077580334467,0.18201849722616245,0.9681620913215045,0.03183790867849545,1,9,0,0,0,0,
36,2,10,ZX_split,2.7828077580334467,0.18201849722616245,0.925207709850378,0.07479229014962196,0,5,2,3,0,0,
36,2,10,XYZ_split,2.7828077580334467,0.18201849722616245,0.9166265831291966,0.08337341687080335,0,3,3,0,1,3,
36,2,10,RL_adaptive,2.7828077580334467,0.18201849722616245,0.9531353362193169,0.0468646637806831,0,1,1,0,4,4,0.9531353362193169
36,2,25,Z_only,2.7828077580334467,0.18201849722616245,0.9681620913215045,0.03183790867849545,2,23,0,0,0,0,
36,2,25,ZX_split,2.7828077580334467,0.18201849722616245,0.970444056162811,0.029555943837188958,1,11,11,2,0,0,
36,2,25,XYZ_split,2.7828077580334467,0.18201849722616245,0.8825245268140438,0.11747547318595619,0,8,3,5,3,6,
36,2,25,RL_adaptive,2.7828077580334467,0.18201849722616245,0.9800375264614812,0.019962473538518766,0,1,11,7,4,2,0.9800375264614812
36,2,50,Z_only,2.7828077580334467,0.18201849722616245,0.9681620913215045,0.03183790867849545,1,49,0,0,0,0,
36,2,50,ZX_split,2.7828077580334467,0.18201849722616245,0.9941567418825538,0.005843258117446237,1,24,15,10,0,0,
36,2,50,XYZ_split,2.7828077580334467,0.18201849722616245,0.9859637212850485,0.0140362787149515,0,16,9,7,9,9,
36,2,50,RL_adaptive,2.7828077580334467,0.18201849722616245,0.978413594081077,0.021586405918923024,0,26,9,6,6,3,0.978413594081077
36,2,100,Z_only,2.7828077580334467,0.18201849722616245,0.9681620913215045,0.03183790867849545,2,98,0,0,0,0,
36,2,100,ZX_split,2.7828077580334467,0.18201849722616245,0.9859637212850489,0.014036278714951056,1,49,28,22,0,0,
36,2,100,XYZ_split,2.7828077580334467,0.18201849722616245,0.9776750571450128,0.022324942854987206,0,33,27,6,14,20,
36,2,100,RL_adaptive,2.7828077580334467,0.18201849722616245,0.9449567575488707,0.05504324245112935,2,45,12,14,12,15,0.9449567575488707
36,2,250,Z_only,2.7828077580334467,0.18201849722616245,0.9681620913215045,0.03183790867849545,5,245,0,0,0,0,
36,2,250,ZX_split,2.7828077580334467,0.18201849722616245,0.9965701625741744,0.003429837425825588,3,122,78,47,0,0,
36,2,250,XYZ_split,2.7828077580334467,0.18201849722616245,0.9994770427389255,0.0005229572610745414,5,78,56,27,43,41,
36,2,250,RL_adaptive,2.7828077580334467,0.18201849722616245,0.9939902979337496,0.0060097020662504,2,95,43,29,42,39,0.9939902979337496
36,2,500,Z_only,2.7828077580334467,0.18201849722616245,0.9681620913215045,0.03183790867849545,15,485,0,0,0,0,
36,2,500,ZX_split,2.7828077580334467,0.18201849722616245,0.9988250019343182,0.001174998065681776,12,238,170,80,0,0,
36,2,500,XYZ_split,2.7828077580334467,0.18201849722616245,0.9950168538649847,0.004983146135015271,6,160,118,48,100,68,
36,2,500,RL_adaptive,2.7828077580334467,0.18201849722616245,0.9970981269958559,0.0029018730041441287,7,230,104,45,55,59,0.9970981269958559
36,3,10,Z_only,2.7828077580334467,0.18201849722616245,0.9681620913215045,0.03183790867849545,1,9,0,0,0,0,
36,3,10,ZX_split,2.7828077580334467,0.18201849722616245,0.9902826585459945,0.00971734145400549,0,5,4,1,0,0,
36,3,10,XYZ_split,2.7828077580334467,0.18201849722616245,0.9378136009666036,0.0621863990333964,0,3,3,0,3,1,
36,3,10,RL_adaptive,2.7828077580334467,0.18201849722616245,0.7089458427165062,0.2910541572834938,0,1,0,1,4,4,0.7089458427165062
36,3,25,Z_only,2.7828077580334467,0.18201849722616245,0.9681620913215045,0.03183790867849545,1,24,0,0,0,0,
36,3,25,ZX_split,2.7828077580334467,0.18201849722616245,0.9491130271429006,0.05088697285709942,2,10,11,2,0,0,
36,3,25,XYZ_split,2.7828077580334467,0.18201849722616245,0.9790665520078707,0.02093344799212926,0,8,7,1,5,4,
36,3,25,RL_adaptive,2.7828077580334467,0.18201849722616245,0.9420372880979204,0.05796271190207958,0,1,14,4,5,1,0.9420372880979204
36,3,50,Z_only,2.7828077580334467,0.18201849722616245,0.9681620913215045,0.03183790867849545,1,49,0,0,0,0,
36,3,50,ZX_split,2.7828077580334467,0.18201849722616245,0.9752204411151795,0.02477955888482053,1,24,13,12,0,0,
36,3,50,XYZ_split,2.7828077580334467,0.18201849722616245,0.9573378316681519,0.042662168331848105,0,16,11,5,14,4,
36,3,50,RL_adaptive,2.7828077580334467,0.18201849722616245,0.9970204964610299,0.0029795035389701408,1,25,10,6,4,4,0.9970204964610299
36,3,100,Z_only,2.7828077580334467,0.18201849722616245,0.9681620913215045,0.03183790867849545,1,99,0,0,0,0,
36,3,100,ZX_split,2.7828077580334467,0.18201849722616245,0.9988048920154659,0.0011951079845341495,0,50,35,15,0,0,
36,3,100,XYZ_split,2.7828077580334467,0.18201849722616245,0.9928551145007313,0.007144885499268727,0,33,26,7,18,16,
36,3,100,RL_adaptive,2.7828077580334467,0.18201849722616245,0.9837583872631301,0.01624161273686986,0,47,15,10,12,16,0.9837583872631301
36,3,250,Z_only,2.7828077580334467,0.18201849722616245,0.9681620913215045,0.03183790867849545,5,245,0,0,0,0,
36,3,250,ZX_split,2.7828077580334467,0.18201849722616245,0.9969678190642667,0.0030321809357333196,5,120,78,47,0,0,
36,3,250,XYZ_split,2.7828077580334467,0.18201849722616245,0.9745293954643384,0.025470604535661634,3,80,43,40,42,42,
36,3,250,RL_adaptive,2.7828077580334467,0.18201849722616245,0.9980915938860533,0.0019084061139467146,1,95,49,25,46,34,0.9980915938860533
36,3,500,Z_only,2.7828077580334467,0.18201849722616245,0.9681620913215045,0.03183790867849545,17,483,0,0,0,0,
36,3,500,ZX_split,2.7828077580334467,0.18201849722616245,0.9986971350770312,0.0013028649229688272,10,240,163,87,0,0,
36,3,500,XYZ_split,2.7828077580334467,0.18201849722616245,0.9991228171952776,0.0008771828047223762,4,162,110,56,94,74,
36,3,500,RL_adaptive,2.7828077580334467,0.18201849722616245,0.9984643324423157,0.001535667557684306,6,231,107,42,60,54,0.9984643324423157
36,4,10,Z_only,2.7828077580334467,0.18201849722616245,0.9681620913215045,0.03183790867849545,0,10,0,0,0,0,
36,4,10,ZX_split,2.7828077580334467,0.18201849722616245,0.925207709850378,0.07479229014962196,0,5,2,3,0,0,
36,4,10,XYZ_split,2.7828077580334467,0.18201849722616245,0.7607256239858345,0.23927437601416546,0,3,1,2,0,4,
36,4,10,RL_adaptive,2.7828077580334467,0.18201849722616245,0.9531353362193169,0.0468646637806831,0,1,1,0,4,4,0.9531353362193169
36,4,25,Z_only,2.7828077580334467,0.18201849722616245,0.9681620913215045,0.03183790867849545,0,25,0,0,0,0,
36,4,25,ZX_split,2.7828077580334467,0.18201849722616245,0.9940650818958517,0.005934918104148257,0,12,10,3,0,0,
36,4,25,XYZ_split,2.7828077580334467,0.18201849722616245,0.9492539691120176,0.05074603088798235,0,8,8,0,4,5,
36,4,25,RL_adaptive,2.7828077580334467,0.18201849722616245,0.9637769901238514,0.03622300987614857,0,1,17,2,2,3,0.9637769901238514
36,4,50,Z_only,2.7828077580334467,0.18201849722616245,0.9681620913215045,0.03183790867849545,0,50,0,0,0,0,
36,4,50,ZX_split,2.7828077580334467,0.18201849722616245,0.9968436218328235,0.00315637816717651,1,24,18,7,0,0,
36,4,50,XYZ_split,2.7828077580334467,0.18201849722616245,0.9977683341360722,0.0022316658639277565,1,15,10,6,10,8,
36,4,50,RL_adaptive,2.7828077580334467,0.18201849722616245,0.9834116468918982,0.016588353108101805,1,25,13,4,3,4,0.9834116468918982
36,4,100,Z_only,2.7828077580334467,0.18201849722616245,0.9681620913215045,0.03183790867849545,3,97,0,0,0,0,
36,4,100,ZX_split,2.7828077580334467,0.18201849722616245,0.9989816247633947,0.0010183752366053067,1,49,34,16,0,0,
36,4,100,XYZ_split,2.7828077580334467,0.18201849722616245,0.9863083120627846,0.013691687937215424,0,33,24,9,14,20,
36,4,100,RL_adaptive,2.7828077580334467,0.18201849722616245,0.9751038096163668,0.02489619038363322,0,42,20,11,19,8,0.9751038096163668
36,4,250,Z_only,2.7828077580334467,0.18201849722616245,0.9681620913215045,0.03183790867849545,8,242,0,0,0,0,
36,4,250,ZX_split,2.7828077580334467,0.18201849722616245,0.9858482447364711,0.014151755263528853,2,123,70,55,0,0,
36,4,250,XYZ_split,2.7828077580334467,0.18201849722616245,0.9940108392258237,0.0059891607741763275,2,81,54,29,51,33,
36,4,250,RL_adaptive,2.7828077580334467,0.18201849722616245,0.9946399388588744,0.005360061141125638,2,91,52,21,39,45,0.9946399388588744
36,4,500,Z_only,2.7828077580334467,0.18201849722616245,0.9681620913215045,0.03183790867849545,20,480,0,0,0,0,
36,4,500,ZX_split,2.7828077580334467,0.18201849722616245,0.9962804175692361,0.003719582430763868,11,239,154,96,0,0,
36,4,500,XYZ_split,2.7828077580334467,0.18201849722616245,0.9987933569520893,0.0012066430479107382,12,154,114,52,92,76,
36,4,500,RL_adaptive,2.7828077580334467,0.18201849722616245,0.995610841635917,0.004389158364083046,12,222,104,45,69,48,0.995610841635917
37,0,10,Z_only,1.4502363788814194,0.43097686722328005,0.43986594519169225,0.5601340548083078,4,6,0,0,0,0,
37,0,10,ZX_split,1.4502363788814194,0.43097686722328005,0.946854803678125,0.05314519632187498,3,2,4,1,0,0,
37,0,10,XYZ_split,1.4502363788814194,0.43097686722328005,0.7763709751186069,0.22362902488139313,0,3,3,0,2,2,
37,0,10,RL_adaptive,1.4502363788814194,0.43097686722328005,0.829686090834103,0.17031390916589695,0,1,1,0,6,2,0.829686090834103
37,0,25,Z_only,1.4502363788814194,0.43097686722328005,0.5601340548083076,0.4398659451916924,14,11,0,0,0,0,
37,0,25,ZX_split,1.4502363788814194,0.43097686722328005,0.8975564937264147,0.10244350627358534,4,8,12,1,0,0,
37,0,25,XYZ_split,1.4502363788814194,0.43097686722328005,0.9934127188891958,0.0065872811108041995,4,4,8,0,6,3,
37,0,25,RL_adaptive,1.4502363788814194,0.43097686722328005,0.8664318057613452,0.13356819423865485,1,0,16,2,4,2,0.8664318057613452
37,0,50,Z_only,1.4502363788814194,0.43097686722328005,0.5601340548083076,0.4398659451916924,26,24,0,0,0,0,
37,0,50,ZX_split,1.4502363788814194,0.43097686722328005,0.9531680372434468,0.046831962756553214,13,12,24,1,0,0,
37,0,50,XYZ_split,1.4502363788814194,0.43097686722328005,0.9814126503772187,0.018587349622781302,7,9,16,0,15,3,
37,0,50,RL_adaptive,1.4502363788814194,0.43097686722328005,0.993392800874652,0.006607199125348018,17,10,16,1,4,2,0.993392800874652
37,0,100,Z_only,1.4502363788814194,0.43097686722328005,0.5601340548083076,0.4398659451916924,59,41,0,0,0,0,
37,0,100,ZX_split,1.4502363788814194,0.43097686722328005,0.9537667876662936,0.046233212333706364,30,20,49,1,0,0,
37,0,100,XYZ_split,1.4502363788814194,0.43097686722328005,0.9923893975154725,0.0076106024845274955,21,12,32,1,27,7,
37,0,100,RL_adaptive,1.4502363788814194,0.43097686722328005,0.9814520401602217,0.018547959839778305,45,21,20,2,8,4,0.9814520401602217
37,0,250,Z_only,1.4502363788814194,0.43097686722328005,0.5601340548083076,0.4398659451916924,144,106,0,0,0,0,
37,0,250,ZX_split,1.4502363788814194,0.43097686722328005,0.9517483747996518,0.0482516252003482,76,49,115,10,0,0,
37,0,250,XYZ_split,1.4502363788814194,0.43097686722328005,0.995728146813519,0.004271853186481045,48,35,79,4,54,30,
37,0,250,RL_adaptive,1.4502363788814194,0.43097686722328005,0.9991344903452669,0.0008655096547330876,46,39,104,4,42,15,0.9991344903452669
37,0,500,Z_only,1.4502363788814194,0.43097686722328005,0.5601340548083076,0.4398659451916924,294,206,0,0,0,0,
37,0,500,ZX_split,1.4502363788814194,0.43097686722328005,0.9542995567137552,0.045700443286244785,146,104,236,14,0,0,
37,0,500,XYZ_split,1.4502363788814194,0.43097686722328005,0.9895941878283597,0.010405812171640272,98,68,156,10,102,66,
37,0,500,RL_adaptive,1.4502363788814194,0.43097686722328005,0.984663352191069,0.015336647808930959,114,94,187,12,54,39,0.984663352191069
37,1,10,Z_only,1.4502363788814194,0.43097686722328005,0.5601340548083076,0.4398659451916924,6,4,0,0,0,0,
37,1,10,ZX_split,1.4502363788814194,0.43097686722328005,0.9304306189998949,0.06956938100010512,2,3,5,0,0,0,
37,1,10,XYZ_split,1.4502363788814194,0.43097686722328005,0.7763709751186069,0.22362902488139313,0,3,3,0,2,2,
37,1,10,RL_adaptive,1.4502363788814194,0.43097686722328005,0.829686090834103,0.17031390916589695,0,1,1,0,6,2,0.829686090834103
37,1,25,Z_only,1.4502363788814194,0.43097686722328005,0.5601340548083076,0.4398659451916924,13,12,0,0,0,0,
37,1,25,ZX_split,1.4502363788814194,0.43097686722328005,0.9509816360673182,0.049018363932681774,6,6,13,0,0,0,
37,1,25,XYZ_split,1.4502363788814194,0.43097686722328005,0.9662176852553884,0.033782314744611575,3,5,8,0,6,3,
37,1,25,RL_adaptive,1.4502363788814194,0.43097686722328005,0.9148139290835112,0.08518607091648878,1,0,18,0,6,0,0.9148139290835112
37,1,50,Z_only,1.4502363788814194,0.43097686722328005,0.5601340548083076,0.4398659451916924,30,20,0,0,0,0,
37,1,50,ZX_split,1.4502363788814194,0.43097686722328005,0.9531680372434468,0.046831962756553214,13,12,24,1,0,0,
37,1,50,XYZ_split,1.4502363788814194,0.43097686722328005,0.9750517702071766,0.024948229792823406,7,9,16,0,16,2,
37,1,50,RL_adaptive,1.4502363788814194,0.43097686722328005,0.9528982999001241,0.04710170009987591,14,13,17,0,3,3,0.9528982999001241
37,1,100,Z_only,1.4502363788814194,0.43097686722328005,0.5601340548083076,0.4398659451916924,57,43,0,0,0,0,
37,1,100,ZX_split,1.4502363788814194,0.43097686722328005,0.9532470134142208,0.0467529865857792,26,24,47,3,0,0,
37,1,100,XYZ_split,1.4502363788814194,0.43097686722328005,0.9966856688111959,0.003314331188804087,18,15,31,2,26,8,
37,1,100,RL_adaptive,1.4502363788814194,0.43097686722328005,0.9995904744294211,0.0004095255705789391,36,26,20,1,12,5,0.9995904744294211
37,1,250,Z_only,1.4502363788814194,0.43097686722328005,0.5601340548083076,0.4398659451916924,145,105,0,0,0,0,
37,1,250,ZX_split,1.4502363788814194,0.43097686722328005,0.952396442203712,0.047603557796288,64,61,120,5,0,0,
37,1,250,XYZ_split,1.4502363788814194,0.43097686722328005,0.9988657332558398,0.0011342667441601728,45,38,81,2,63,21,
37,1,250,RL_adaptive,1.4502363788814194,0.43097686722328005,0.9973366604020563,0.002663339597943737,52,34,99,9,39,17,0.9973366604020563
37,1,500,Z_only,1.4502363788814194,0.43097686722328005,0.5601340548083076,0.4398659451916924,295,205,0,0,0,0,
37,1,500,ZX_split,1.4502363788814194,0.43097686722328005,0.9544979125462238,0.04550208745377615,145,105,236,14,0,0,
37,1,500,XYZ_split,1.4502363788814194,0.43097686722328005,0.9998496381421853,0.0001503618578146959,91,75,153,13,115,53,
37,1,500,RL_adaptive,1.4502363788814194,0.43097686722328005,0.9996121312831785,0.0003878687168215045,118,87,190,10,66,29,0.9996121312831785
37,2,10,Z_only,1.4502363788814194,0.43097686722328005,0.5601340548083076,0.4398659451916924,6,4,0,0,0,0,
37,2,10,ZX_split,1.4502363788814194,0.43097686722328005,0.908822688050995,0.09117731194900502,2,3,4,1,0,0,
37,2,10,XYZ_split,1.4502363788814194,0.43097686722328005,0.9926067508533416,0.007393249146658398,2,1,3,0,3,1,
37,2,10,RL_adaptive,1.4502363788814194,0.43097686722328005,0.8919925696769724,0.10800743032302762,1,0,1,0,5,3,0.8919925696769724
37,2,25,Z_only,1.4502363788814194,0.43097686722328005,0.5601340548083076,0.4398659451916924,15,10,0,0,0,0,
37,2,25,ZX_split,1.4502363788814194,0.43097686722328005,0.9308585577614542,0.06914144223854579,5,7,12,1,0,0,
37,2,25,XYZ_split,1.4502363788814194,0.43097686722328005,0.9939718643976847,0.006028135602315299,5,3,8,0,6,3,
37,2,25,RL_adaptive,1.4502363788814194,0.43097686722328005,0.9008762414386129,0.09912375856138711,1,0,17,1,5,1,0.9008762414386129
37,2,50,Z_only,1.4502363788814194,0.43097686722328005,0.5601340548083076,0.4398659451916924,26,24,0,0,0,0,
37,2,50,ZX_split,1.4502363788814194,0.43097686722328005,0.9479439243927424,0.05205607560725756,12,13,24,1,0,0,
37,2,50,XYZ_split,1.4502363788814194,0.43097686722328005,0.9857901688807399,0.014209831119260108,10,6,16,0,16,2,
37,2,50,RL_adaptive,1.4502363788814194,0.43097686722328005,0.9843904090414645,0.015609590958535535,12,15,17,0,4,2,0.9843904090414645
37,2,100,Z_only,1.4502363788814194,0.43097686722328005,0.5601340548083076,0.4398659451916924,61,39,0,0,0,0,
37,2,100,ZX_split,1.4502363788814194,0.43097686722328005,0.9436852660865005,0.056314733913499504,23,27,47,3,0,0,
37,2,100,XYZ_split,1.4502363788814194,0.43097686722328005,0.9951798854393895,0.004820114560610489,17,16,31,2,22,12,
37,2,100,RL_adaptive,1.4502363788814194,0.43097686722328005,0.995362723265366,0.004637276734633988,37,26,16,2,12,7,0.995362723265366
37,2,250,Z_only,1.4502363788814194,0.43097686722328005,0.5601340548083076,0.4398659451916924,144,106,0,0,0,0,
37,2,250,ZX_split,1.4502363788814194,0.43097686722328005,0.9544822389586819,0.045517761041318106,72,53,115,10,0,0,
37,2,250,XYZ_split,1.4502363788814194,0.43097686722328005,0.9937735363786835,0.006226463621316514,53,30,79,4,58,26,
37,2,250,RL_adaptive,1.4502363788814194,0.43097686722328005,0.9913523721755524,0.008647627824447612,50,37,100,9,43,11,0.9913523721755524
37,2,500,Z_only,1.4502363788814194,0.43097686722328005,0.5601340548083076,0.4398659451916924,275,225,0,0,0,0,
37,2,500,ZX_split,1.4502363788814194,0.43097686722328005,0.9549157956234654,0.0450842043765346,141,109,232,18,0,0,
37,2,500,XYZ_split,1.4502363788814194,0.43097686722328005,0.9999550869202616,4.491307973841785e-05,95,71,164,2,122,46,
37,2,500,RL_adaptive,1.4502363788814194,0.43097686722328005,0.9928492803096106,0.007150719690389384,117,89,204,0,57,33,0.9928492803096106
37,3,10,Z_only,1.4502363788814194,0.43097686722328005,0.43986594519169225,0.5601340548083078,4,6,0,0,0,0,
37,3,10,ZX_split,1.4502363788814194,0.43097686722328005,0.9540171358382808,0.04598286416171915,3,2,5,0,0,0,
37,3,10,XYZ_split,1.4502363788814194,0.43097686722328005,0.9668996274802347,0.033100372519765275,2,1,3,0,4,0,
37,3,10,RL_adaptive,1.4502363788814194,0.43097686722328005,0.808248607243839,0.19175139275616104,0,1,1,0,5,3,0.808248607243839
37,3,25,Z_only,1.4502363788814194,0.43097686722328005,0.43986594519169225,0.5601340548083078,11,14,0,0,0,0,
37,3,25,ZX_split,1.4502363788814194,0.43097686722328005,0.9547315232897325,0.04526847671026746,7,5,13,0,0,0,
37,3,25,XYZ_split,1.4502363788814194,0.43097686722328005,0.9934127188891958,0.0065872811108041995,4,4,8,0,6,3,
37,3,25,RL_adaptive,1.4502363788814194,0.43097686722328005,0.8354092372173525,0.1645907627826475,0,1,19,0,4,1,0.8354092372173525
37,3,50,Z_only,1.4502363788814194,0.43097686722328005,0.5601340548083076,0.4398659451916924,25,25,0,0,0,0,
37,3,50,ZX_split,1.4502363788814194,0.43097686722328005,0.9418862027672302,0.05811379723276977,17,8,24,1,0,0,
37,3,50,XYZ_split,1.4502363788814194,0.43097686722328005,0.9563374700888094,0.04366252991119057,10,6,15,1,18,0,
37,3,50,RL_adaptive,1.4502363788814194,0.43097686722328005,0.9720968821541947,0.027903117845805347,11,17,16,0,5,1,0.9720968821541947
37,3,100,Z_only,1.4502363788814194,0.43097686722328005,0.5601340548083076,0.4398659451916924,56,44,0,0,0,0,
37,3,100,ZX_split,1.4502363788814194,0.43097686722328005,0.9476109016645686,0.05238909833543137,24,26,46,4,0,0,
37,3,100,XYZ_split,1.4502363788814194,0.43097686722328005,0.9997512855771511,0.00024871442284890577,19,14,32,1,24,10,
37,3,100,RL_adaptive,1.4502363788814194,0.43097686722328005,0.9940579127422069,0.005942087257793105,34,28,24,0,9,5,0.9940579127422069
37,3,250,Z_only,1.4502363788814194,0.43097686722328005,0.43986594519169225,0.5601340548083078,122,128,0,0,0,0,
37,3,250,ZX_split,1.4502363788814194,0.43097686722328005,0.9524653602695365,0.04753463973046346,64,61,117,8,0,0,
37,3,250,XYZ_split,1.4502363788814194,0.43097686722328005,0.996255742013795,0.003744257986205035,44,39,78,5,64,20,
37,3,250,RL_adaptive,1.4502363788814194,0.43097686722328005,0.991646743158874,0.008353256841125978,41,46,94,8,43,18,0.991646743158874
37,3,500,Z_only,1.4502363788814194,0.43097686722328005,0.5601340548083076,0.4398659451916924,292,208,0,0,0,0,
37,3,500,ZX_split,1.4502363788814194,0.43097686722328005,0.9548614303739329,0.045138569626067104,142,108,234,16,0,0,
37,3,500,XYZ_split,1.4502363788814194,0.43097686722328005,0.9955253856877059,0.004474614312294123,104,62,164,2,131,37,
37,3,500,RL_adaptive,1.4502363788814194,0.43097686722328005,0.9968746867768821,0.0031253132231179315,126,76,205,1,65,27,0.9968746867768821
37,4,10,Z_only,1.4502363788814194,0.43097686722328005,0.5601340548083076,0.4398659451916924,5,5,0,0,0,0,
37,4,10,ZX_split,1.4502363788814194,0.43097686722328005,0.9304306189998949,0.06956938100010512,2,3,5,0,0,0,
37,4,10,XYZ_split,1.4502363788814194,0.43097686722328005,0.9926067508533416,0.007393249146658398,2,1,3,0,3,1,
37,4,10,RL_adaptive,1.4502363788814194,0.43097686722328005,0.808248607243839,0.19175139275616104,0,1,1,0,5,3,0.808248607243839
37,4,25,Z_only,1.4502363788814194,0.43097686722328005,0.5601340548083076,0.4398659451916924,15,10,0,0,0,0,
37,4,25,ZX_split,1.4502363788814194,0.43097686722328005,0.946854803678125,0.05314519632187498,8,4,13,0,0,0,
37,4,25,XYZ_split,1.4502363788814194,0.43097686722328005,0.9479444455095102,0.05205555449048982,3,5,8,0,9,0,
37,4,25,RL_adaptive,1.4502363788814194,0.43097686722328005,0.7225324985564532,0.2774675014435468,0,1,18,1,2,3,0.7225324985564532
37,4,50,Z_only,1.4502363788814194,0.43097686722328005,0.5601340548083076,0.4398659451916924,27,23,0,0,0,0,
37,4,50,ZX_split,1.4502363788814194,0.43097686722328005,0.9549712653453805,0.04502873465461954,14,11,24,1,0,0,
37,4,50,XYZ_split,1.4502363788814194,0.43097686722328005,0.9858177737743594,0.014182226225640582,8,8,14,2,14,4,
37,4,50,RL_adaptive,1.4502363788814194,0.43097686722328005,0.9766058611236845,0.023394138876315473,18,9,17,1,3,2,0.9766058611236845
37,4,100,Z_only,1.4502363788814194,0.43097686722328005,0.5601340548083076,0.4398659451916924,59,41,0,0,0,0,
37,4,100,ZX_split,1.4502363788814194,0.43097686722328005,0.9482178429157335,0.05178215708426648,24,26,50,0,0,0,
37,4,100,XYZ_split,1.4502363788814194,0.43097686722328005,0.9922615088629231,0.007738491137076919,18,15,32,1,28,6,
37,4,100,RL_adaptive,1.4502363788814194,0.43097686722328005,0.9734368124850004,0.026563187514999642,44,23,19,2,7,5,0.9734368124850004
37,4,250,Z_only,1.4502363788814194,0.43097686722328005,0.5601340548083076,0.4398659451916924,142,108,0,0,0,0,
37,4,250,ZX_split,1.4502363788814194,0.43097686722328005,0.9524416656446243,0.04755833435537571,64,61,118,7,0,0,
37,4,250,XYZ_split,1.4502363788814194,0.43097686722328005,0.9981775967584641,0.0018224032415359304,50,33,81,2,63,21,
37,4,250,RL_adaptive,1.4502363788814194,0.43097686722328005,0.994361236458351,0.00563876354164905,46,38,103,2,39,22,0.994361236458351
37,4,500,Z_only,1.4502363788814194,0.43097686722328005,0.5601340548083076,0.4398659451916924,302,198,0,0,0,0,
37,4,500,ZX_split,1.4502363788814194,0.43097686722328005,0.9534347671286442,0.04656523287135583,149,101,235,15,0,0,
37,4,500,XYZ_split,1.4502363788814194,0.43097686722328005,0.9982274663970498,0.0017725336029501548,87,79,156,10,122,46,
37,4,500,RL_adaptive,1.4502363788814194,0.43097686722328005,0.9993049140228194,0.0006950859771805984,116,88,181,16,71,28,0.9993049140228194
38,0,10,Z_only,1.6379460839592663,1.8120918989396586,0.46645034775399924,0.5335496522460008,5,5,0,0,0,0,
38,0,10,ZX_split,1.6379460839592663,1.8120918989396586,0.5605718328087823,0.4394281671912177,3,2,2,3,0,0,
38,0,10,XYZ_split,1.6379460839592663,1.8120918989396586,0.9123468186891597,0.08765318131084032,1,2,2,1,4,0,
38,0,10,RL_adaptive,1.6379460839592663,1.8120918989396586,0.8291369405252549,0.17086305947474512,1,0,0,1,8,0,0.8291369405252549
38,0,25,Z_only,1.6379460839592663,1.8120918989396586,0.5335496522460006,0.4664503477539994,10,15,0,0,0,0,
38,0,25,ZX_split,1.6379460839592663,1.8120918989396586,0.5960432789212136,0.40395672107878644,7,5,4,9,0,0,
38,0,25,XYZ_split,1.6379460839592663,1.8120918989396586,0.8353054162748047,0.1646945837251953,7,1,1,7,8,1,
38,0,25,RL_adaptive,1.6379460839592663,1.8120918989396586,0.8280716014673776,0.17192839853262243,1,0,7,9,8,0,0.8280716014673776
38,0,50,Z_only,1.6379460839592663,1.8120918989396586,0.46645034775399924,0.5335496522460008,26,24,0,0,0,0,
38,0,50,ZX_split,1.6379460839592663,1.8120918989396586,0.5974579249111748,0.4025420750888252,16,9,4,21,0,0,
38,0,50,XYZ_split,1.6379460839592663,1.8120918989396586,0.978571097660419,0.021428902339580946,5,11,5,11,18,0,
38,0,50,RL_adaptive,1.6379460839592663,1.8120918989396586,0.9644710108002437,0.03552898919975633,16,10,8,8,8,0,0.9644710108002437
38,0,100,Z_only,1.6379460839592663,1.8120918989396586,0.5335496522460006,0.4664503477539994,47,53,0,0,0,0,
38,0,100,ZX_split,1.6379460839592663,1.8120918989396586,0.5605718328087823,0.4394281671912177,27,23,23,27,0,0,
38,0,100,XYZ_split,1.6379460839592663,1.8120918989396586,0.9794742388186349,0.020525761181365065,12,21,8,25,34,0,
38,0,100,RL_adaptive,1.6379460839592663,1.8120918989396586,0.9836369084891429,0.01636309151085713,21,29,17,17,16,0,0.9836369084891429
38,0,250,Z_only,1.6379460839592663,1.8120918989396586,0.5335496522460006,0.4664503477539994,120,130,0,0,0,0,
38,0,250,ZX_split,1.6379460839592663,1.8120918989396586,0.5783898722107469,0.4216101277892531,43,82,54,71,0,0,
38,0,250,XYZ_split,1.6379460839592663,1.8120918989396586,0.9939327983422712,0.006067201657728782,36,47,25,58,83,1,
38,0,250,RL_adaptive,1.6379460839592663,1.8120918989396586,0.9978429977632999,0.002157002236700123,52,56,41,56,45,0,0.9978429977632999
38,0,500,Z_only,1.6379460839592663,1.8120918989396586,0.5335496522460006,0.4664503477539994,229,271,0,0,0,0,
38,0,500,ZX_split,1.6379460839592663,1.8120918989396586,0.6205660593024774,0.37943394069752256,104,146,87,163,0,0,
38,0,500,XYZ_split,1.6379460839592663,1.8120918989396586,0.9975254052362127,0.002474594763787308,84,82,68,98,167,1,
38,0,500,RL_adaptive,1.6379460839592663,1.8120918989396586,0.9967131291894498,0.0032868708105502353,87,115,63,85,147,3,0.9967131291894498
38,1,10,Z_only,1.6379460839592663,1.8120918989396586,0.5335496522460006,0.4664503477539994,4,6,0,0,0,0,
38,1,10,ZX_split,1.6379460839592663,1.8120918989396586,0.623702967730892,0.37629703226910804,2,3,1,4,0,0,
38,1,10,XYZ_split,1.6379460839592663,1.8120918989396586,0.9842338527899949,0.015766147210005133,1,2,1,2,4,0,
38,1,10,RL_adaptive,1.6379460839592663,1.8120918989396586,0.7804735862955153,0.21952641370448467,1,0,0,1,7,1,0.7804735862955153
38,1,25,Z_only,1.6379460839592663,1.8120918989396586,0.46645034775399924,0.5335496522460008,14,11,0,0,0,0,
38,1,25,ZX_split,1.6379460839592663,1.8120918989396586,0.5804181329212942,0.4195818670787058,5,7,6,7,0,0,
38,1,25,XYZ_split,1.6379460839592663,1.8120918989396586,0.9675436685623078,0.03245633143769222,5,3,2,6,9,0,
38,1,25,RL_adaptive,1.6379460839592663,1.8120918989396586,0.8346980882178834,0.16530191178211662,1,0,6,10,8,0,0.8346980882178834
38,1,50,Z_only,1.6379460839592663,1.8120918989396586,0.5335496522460006,0.4664503477539994,24,26,0,0,0,0,
38,1,50,ZX_split,1.6379460839592663,1.8120918989396586,0.6165064500622387,0.3834935499377613,10,15,9,16,0,0,
38,1,50,XYZ_split,1.6379460839592663,1.8120918989396586,0.9889680453424874,0.01103195465751261,6,10,7,9,18,0,
38,1,50,RL_adaptive,1.6379460839592663,1.8120918989396586,0.9453431967943332,0.05465680320566679,15,12,9,6,8,0,0.9453431967943332
38,1,100,Z_only,1.6379460839592663,1.8120918989396586,0.5335496522460006,0.4664503477539994,49,51,0,0,0,0,
38,1,100,ZX_split,1.6379460839592663,1.8120918989396586,0.61948387978707,0.38051612021293,19,31,15,35,0,0,
38,1,100,XYZ_split,1.6379460839592663,1.8120918989396586,0.9951517584679258,0.004848241532074193,16,17,10,23,34,0,
38,1,100,RL_adaptive,1.6379460839592663,1.8120918989396586,0.9933653548647952,0.006634645135204842,19,29,14,19,19,0,0.9933653548647952
38,1,250,Z_only,1.6379460839592663,1.8120918989396586,0.5335496522460006,0.4664503477539994,108,142,0,0,0,0,
38,1,250,ZX_split,1.6379460839592663,1.8120918989396586,0.6079041085295835,0.39209589147041646,67,58,44,81,0,0,
38,1,250,XYZ_split,1.6379460839592663,1.8120918989396586,0.9981289991454728,0.0018710008545271828,42,41,30,53,83,1,
38,1,250,RL_adaptive,1.6379460839592663,1.8120918989396586,0.9940507024559359,0.005949297544064147,49,64,27,64,46,0,0.9940507024559359
38,1,500,Z_only,1.6379460839592663,1.8120918989396586,0.5335496522460006,0.4664503477539994,227,273,0,0,0,0,
38,1,500,ZX_split,1.6379460839592663,1.8120918989396586,0.6237551556981318,0.3762448443018682,118,132,96,154,0,0,
38,1,500,XYZ_split,1.6379460839592663,1.8120918989396586,0.9980384412163917,0.0019615587836082637,82,84,57,109,166,2,
38,1,500,RL_adaptive,1.6379460839592663,1.8120918989396586,0.999768221777132,0.00023177822286801764,93,105,53,93,155,1,0.999768221777132
38,2,10,Z_only,1.6379460839592663,1.8120918989396586,0.46645034775399924,0.5335496522460008,6,4,0,0,0,0,
38,2,10,ZX_split,1.6379460839592663,1.8120918989396586,0.39198179397202254,0.6080182060279775,3,2,3,2,0,0,
38,2,10,XYZ_split,1.6379460839592663,1.8120918989396586,0.7590510531009197,0.2409489468990803,1,2,3,0,4,0,
38,2,10,RL_adaptive,1.6379460839592663,1.8120918989396586,0.8291369405252549,0.17086305947474512,1,0,0,1,8,0,0.8291369405252549
38,2,25,Z_only,1.6379460839592663,1.8120918989396586,0.5335496522460006,0.4664503477539994,10,15,0,0,0,0,
38,2,25,ZX_split,1.6379460839592663,1.8120918989396586,0.6192111597019763,0.38078884029802373,6,6,3,10,0,0,
38,2,25,XYZ_split,1.6379460839592663,1.8120918989396586,0.9634930637933772,0.03650693620662282,2,6,3,5,9,0,
38,2,25,RL_adaptive,1.6379460839592663,1.8120918989396586,0.8387185883304296,0.16128141166957044,1,0,5,11,8,0,0.8387185883304296
38,2,50,Z_only,1.6379460839592663,1.8120918989396586,0.5335496522460006,0.4664503477539994,17,33,0,0,0,0,
38,2,50,ZX_split,1.6379460839592663,1.8120918989396586,0.46430299948683995,0.53569700051316,7,18,16,9,0,0,
38,2,50,XYZ_split,1.6379460839592663,1.8120918989396586,0.9417968817936245,0.05820311820637547,11,5,8,8,18,0,
38,2,50,RL_adaptive,1.6379460839592663,1.8120918989396586,0.9176676919161827,0.08233230808381731,10,17,10,5,8,0,0.9176676919161827
38,2,100,Z_only,1.6379460839592663,1.8120918989396586,0.46645034775399924,0.5335496522460008,54,46,0,0,0,0,
38,2,100,ZX_split,1.6379460839592663,1.8120918989396586,0.6075148266412641,0.3924851733587359,27,23,17,33,0,0,
38,2,100,XYZ_split,1.6379460839592663,1.8120918989396586,0.98415941040933,0.01584058959067003,13,20,16,17,34,0,
38,2,100,RL_adaptive,1.6379460839592663,1.8120918989396586,0.9970148079263085,0.0029851920736915227,20,28,11,21,20,0,0.9970148079263085
38,2,250,Z_only,1.6379460839592663,1.8120918989396586,0.5335496522460006,0.4664503477539994,110,140,0,0,0,0,
38,2,250,ZX_split,1.6379460839592663,1.8120918989396586,0.6209755491426086,0.37902445085739145,62,63,54,71,0,0,
38,2,250,XYZ_split,1.6379460839592663,1.8120918989396586,0.9902111096743548,0.009788890325645228,47,36,31,52,83,1,
38,2,250,RL_adaptive,1.6379460839592663,1.8120918989396586,0.9947628752676362,0.005237124732363818,52,55,44,54,45,0,0.9947628752676362
38,2,500,Z_only,1.6379460839592663,1.8120918989396586,0.5335496522460006,0.4664503477539994,218,282,0,0,0,0,
38,2,500,ZX_split,1.6379460839592663,1.8120918989396586,0.6225623387598971,0.3774376612401029,113,137,98,152,0,0,
38,2,500,XYZ_split,1.6379460839592663,1.8120918989396586,0.9979052331363667,0.0020947668636333017,70,96,64,102,164,4,
38,2,500,RL_adaptive,1.6379460839592663,1.8120918989396586,0.9851295461905119,0.014870453809488149,101,97,78,80,142,2,0.9851295461905119
38,3,10,Z_only,1.6379460839592663,1.8120918989396586,0.5335496522460006,0.4664503477539994,4,6,0,0,0,0,
38,3,10,ZX_split,1.6379460839592663,1.8120918989396586,0.623702967730892,0.37629703226910804,2,3,1,4,0,0,
38,3,10,XYZ_split,1.6379460839592663,1.8120918989396586,0.9123468186891597,0.08765318131084032,1,2,2,1,4,0,
38,3,10,RL_adaptive,1.6379460839592663,1.8120918989396586,0.6914837502365682,0.30851624976343184,1,0,1,0,8,0,0.6914837502365682
38,3,25,Z_only,1.6379460839592663,1.8120918989396586,0.46645034775399924,0.5335496522460008,13,12,0,0,0,0,
38,3,25,ZX_split,1.6379460839592663,1.8120918989396586,0.3807888402980237,0.6192111597019763,6,6,8,5,0,0,
38,3,25,XYZ_split,1.6379460839592663,1.8120918989396586,0.9988697674025779,0.001130232597422065,4,4,3,5,9,0,
38,3,25,RL_adaptive,1.6379460839592663,1.8120918989396586,0.8849832763967687,0.11501672360323134,0,1,5,12,7,0,0.8849832763967687
38,3,50,Z_only,1.6379460839592663,1.8120918989396586,0.5335496522460006,0.4664503477539994,23,27,0,0,0,0,
38,3,50,ZX_split,1.6379460839592663,1.8120918989396586,0.5637340217843012,0.4362659782156988,7,18,11,14,0,0,
38,3,50,XYZ_split,1.6379460839592663,1.8120918989396586,0.9954659667135206,0.004534033286479389,8,8,7,9,18,0,
38,3,50,RL_adaptive,1.6379460839592663,1.8120918989396586,0.9954659667135206,0.004534033286479389,13,13,7,9,8,0,0.9954659667135206
38,3,100,Z_only,1.6379460839592663,1.8120918989396586,0.5335496522460006,0.4664503477539994,44,56,0,0,0,0,
38,3,100,ZX_split,1.6379460839592663,1.8120918989396586,0.5058698839756486,0.4941301160243514,31,19,23,27,0,0,
38,3,100,XYZ_split,1.6379460839592663,1.8120918989396586,0.9607440056672781,0.039255994332721866,14,19,5,28,33,1,
38,3,100,RL_adaptive,1.6379460839592663,1.8120918989396586,0.9723005243712118,0.02769947562878816,34,21,9,24,12,0,0.9723005243712118
38,3,250,Z_only,1.6379460839592663,1.8120918989396586,0.5335496522460006,0.4664503477539994,112,138,0,0,0,0,
38,3,250,ZX_split,1.6379460839592663,1.8120918989396586,0.6039102127540757,0.39608978724592425,67,58,48,77,0,0,
38,3,250,XYZ_split,1.6379460839592663,1.8120918989396586,0.9957786676304391,0.004221332369560904,43,40,28,55,83,1,
38,3,250,RL_adaptive,1.6379460839592663,1.8120918989396586,0.9990419388014583,0.0009580611985416931,48,62,35,58,46,1,0.9990419388014583
38,3,500,Z_only,1.6379460839592663,1.8120918989396586,0.5335496522460006,0.4664503477539994,210,290,0,0,0,0,
38,3,500,ZX_split,1.6379460839592663,1.8120918989396586,0.6236820295581846,0.37631797044181536,120,130,103,147,0,0,
38,3,500,XYZ_split,1.6379460839592663,1.8120918989396586,0.999281626095862,0.0007183739041379811,77,89,59,107,164,4,
38,3,500,RL_adaptive,1.6379460839592663,1.8120918989396586,0.9987105111205725,0.0012894888794274806,97,101,61,89,151,1,0.9987105111205725
38,4,10,Z_only,1.6379460839592663,1.8120918989396586,0.46645034775399924,0.5335496522460008,6,4,0,0,0,0,
38,4,10,ZX_split,1.6379460839592663,1.8120918989396586,0.5605718328087823,0.4394281671912177,3,2,2,3,0,0,
38,4,10,XYZ_split,1.6379460839592663,1.8120918989396586,0.9842338527899949,0.015766147210005133,1,2,1,2,4,0,
38,4,10,RL_adaptive,1.6379460839592663,1.8120918989396586,0.8291369405252549,0.17086305947474512,1,0,0,1,8,0,0.8291369405252549
38,4,25,Z_only,1.6379460839592663,1.8120918989396586,0.46645034775399924,0.5335496522460008,14,11,0,0,0,0,
38,4,25,ZX_split,1.6379460839592663,1.8120918989396586,0.5992765860799633,0.40072341392003674,3,9,4,9,0,0,
38,4,25,XYZ_split,1.6379460839592663,1.8120918989396586,0.9865916255737632,0.013408374426236769,4,4,2,6,9,0,
38,4,25,RL_adaptive,1.6379460839592663,1.8120918989396586,0.8142105962467292,0.1857894037532708,0,1,8,9,6,1,0.8142105962467292
38,4,50,Z_only,1.6379460839592663,1.8120918989396586,0.5335496522460006,0.4664503477539994,21,29,0,0,0,0,
38,4,50,ZX_split,1.6379460839592663,1.8120918989396586,0.6086143461882002,0.3913856538117998,14,11,6,19,0,0,
38,4,50,XYZ_split,1.6379460839592663,1.8120918989396586,0.9843724354091143,0.015627564590885656,7,9,8,8,17,1,
38,4,50,RL_adaptive,1.6379460839592663,1.8120918989396586,0.9106665538829822,0.08933344611701777,15,9,2,15,8,1,0.9106665538829822
38,4,100,Z_only,1.6379460839592663,1.8120918989396586,0.46645034775399924,0.5335496522460008,55,45,0,0,0,0,
38,4,100,ZX_split,1.6379460839592663,1.8120918989396586,0.623475787664178,0.376524212335822,24,26,20,30,0,0,
38,4,100,XYZ_split,1.6379460839592663,1.8120918989396586,0.9974003585737513,0.002599641426248689,17,16,13,20,34,0,
38,4,100,RL_adaptive,1.6379460839592663,1.8120918989396586,0.989349801302498,0.010650198697501945,22,28,9,20,19,2,0.989349801302498
38,4,250,Z_only,1.6379460839592663,1.8120918989396586,0.5335496522460006,0.4664503477539994,117,133,0,0,0,0,
38,4,250,ZX_split,1.6379460839592663,1.8120918989396586,0.6165064500622387,0.3834935499377613,50,75,45,80,0,0,
38,4,250,XYZ_split,1.6379460839592663,1.8120918989396586,0.997845488247916,0.002154511752084032,35,48,30,53,83,1,
38,4,250,RL_adaptive,1.6379460839592663,1.8120918989396586,0.9968617526255761,0.003138247374423919,57,54,33,61,44,1,0.9968617526255761
38,4,500,Z_only,1.6379460839592663,1.8120918989396586,0.5335496522460006,0.4664503477539994,236,264,0,0,0,0,
38,4,500,ZX_split,1.6379460839592663,1.8120918989396586,0.6192111597019763,0.38078884029802373,125,125,96,154,0,0,
38,4,500,XYZ_split,1.6379460839592663,1.8120918989396586,0.9993874649721521,0.0006125350278478603,80,86,60,106,165,3,
38,4,500,RL_adaptive,1.6379460839592663,1.8120918989396586,0.995567430959009,0.004432569040990986,101,96,66,88,147,2,0.995567430959009
39,0,10,Z_only,2.9318701610433173,3.013147667630632,0.9890443631200523,0.010955636879947717,0,10,0,0,0,0,
39,0,10,ZX_split,2.9318701610433173,3.013147667630632,0.9593010613755601,0.04069893862443985,0,5,3,2,0,0,
39,0,10,XYZ_split,2.9318701610433173,3.013147667630632,0.9965945432852795,0.0034054567147204784,0,3,1,2,2,2,
39,0,10,RL_adaptive,2.9318701610433173,3.013147667630632,0.7728071858116344,0.22719281418836557,0,1,1,0,4,4,0.7728071858116344
39,0,25,Z_only,2.9318701610433173,3.013147667630632,0.9890443631200523,0.010955636879947717,0,25,0,0,0,0,
39,0,25,ZX_split,2.9318701610433173,3.013147667630632,0.979533948961226,0.02046605103877397,0,12,3,10,0,0,
39,0,25,XYZ_split,2.9318701610433173,3.013147667630632,0.9596155861969048,0.04038441380309521,0,8,2,6,3,6,
39,0,25,RL_adaptive,2.9318701610433173,3.013147667630632,0.9855367608769049,0.014463239123095106,0,1,5,12,3,4,0.9855367608769049
39,0,50,Z_only,2.9318701610433173,3.013147667630632,0.9890443631200523,0.010955636879947717,0,50,0,0,0,0,
39,0,50,ZX_split,2.9318701610433173,3.013147667630632,0.9927797665116392,0.007220233488360761,0,25,12,13,0,0,
39,0,50,XYZ_split,2.9318701610433173,3.013147667630632,0.9890443631200523,0.010955636879947717,0,16,8,8,9,9,
39,0,50,RL_adaptive,2.9318701610433173,3.013147667630632,0.99803350655728,0.001966493442720041,0,25,6,10,5,4,0.99803350655728
39,0,100,Z_only,2.9318701610433173,3.013147667630632,0.9890443631200523,0.010955636879947717,1,99,0,0,0,0,
39,0,100,ZX_split,2.9318701610433173,3.013147667630632,0.9957195299014266,0.004280470098573352,0,50,23,27,0,0,
39,0,100,XYZ_split,2.9318701610433173,3.013147667630632,0.9997624760908026,0.0002375239091974013,0,33,13,20,18,16,
39,0,100,RL_adaptive,2.9318701610433173,3.013147667630632,0.9974538288980411,0.0025461711019588718,0,45,12,15,14,14,0.9974538288980411
39,0,250,Z_only,2.9318701610433173,3.013147667630632,0.9890443631200523,0.010955636879947717,4,246,0,0,0,0,
39,0,250,ZX_split,2.9318701610433173,3.013147667630632,0.9995438798452142,0.0004561201547857996,3,122,52,73,0,0,
39,0,250,XYZ_split,2.9318701610433173,3.013147667630632,0.9910599014471292,0.008940098552870812,1,82,27,56,49,35,
39,0,250,RL_adaptive,2.9318701610433173,3.013147667630632,0.9998531365458312,0.00014686345416881075,1,104,26,39,42,38,0.9998531365458312
39,0,500,Z_only,2.9318701610433173,3.013147667630632,0.9890443631200523,0.010955636879947717,6,494,0,0,0,0,
39,0,500,ZX_split,2.9318701610433173,3.013147667630632,0.999798393914726,0.0002016060852739754,3,247,98,152,0,0,
39,0,500,XYZ_split,2.9318701610433173,3.013147667630632,0.9982018512428209,0.0017981487571790966,2,164,70,96,92,76,
39,0,500,RL_adaptive,2.9318701610433173,3.013147667630632,0.9995263197199926,0.0004736802800073825,1,232,48,78,70,71,0.9995263197199926
39,1,10,Z_only,2.9318701610433173,3.013147667630632,0.9890443631200523,0.010955636879947717,0,10,0,0,0,0,
39,1,10,ZX_split,2.9318701610433173,3.013147667630632,0.9724669468003831,0.027533053199616853,0,5,1,4,0,0,
39,1,10,XYZ_split,2.9318701610433173,3.013147667630632,0.8953990920448986,0.10460090795510135,0,3,2,1,3,1,
39,1,10,RL_adaptive,2.9318701610433173,3.013147667630632,0.9188059851148562,0.08119401488514377,0,1,0,1,4,4,0.9188059851148562
39,1,25,Z_only,2.9318701610433173,3.013147667630632,0.9890443631200523,0.010955636879947717,0,25,0,0,0,0,
39,1,25,ZX_split,2.9318701610433173,3.013147667630632,0.9935072378031342,0.006492762196865787,0,12,4,9,0,0,
39,1,25,XYZ_split,2.9318701610433173,3.013147667630632,0.9818103488024313,0.018189651197568657,1,7,4,4,4,5,
39,1,25,RL_adaptive,2.9318701610433173,3.013147667630632,0.9746526471796373,0.025347352820362712,0,1,10,8,3,3,0.9746526471796373
39,1,50,Z_only,2.9318701610433173,3.013147667630632,0.9890443631200523,0.010955636879947717,0,50,0,0,0,0,
39,1,50,ZX_split,2.9318701610433173,3.013147667630632,0.9982891474090941,0.0017108525909058647,1,24,11,14,0,0,
39,1,50,XYZ_split,2.9318701610433173,3.013147667630632,0.9910734603330382,0.008926539666961775,0,16,6,10,11,7,
39,1,50,RL_adaptive,2.9318701610433173,3.013147667630632,0.9707676051893424,0.029232394810657647,1,25,9,7,4,4,0.9707676051893424
39,1,100,Z_only,2.9318701610433173,3.013147667630632,0.9890443631200523,0.010955636879947717,2,98,0,0,0,0,
39,1,100,ZX_split,2.9318701610433173,3.013147667630632,0.9987678405241386,0.0012321594758614163,0,50,18,32,0,0,
39,1,100,XYZ_split,2.9318701610433173,3.013147667630632,0.9734860408477716,0.026513959152228428,1,32,12,21,12,22,
39,1,100,RL_adaptive,2.9318701610433173,3.013147667630632,0.9310911576545131,0.06890884234548689,0,40,17,16,21,6,0.9310911576545131
39,1,250,Z_only,2.9318701610433173,3.013147667630632,0.9890443631200523,0.010955636879947717,4,246,0,0,0,0,
39,1,250,ZX_split,2.9318701610433173,3.013147667630632,0.9980300827192403,0.001969917280759681,2,123,55,70,0,0,
39,1,250,XYZ_split,2.9318701610433173,3.013147667630632,0.9955963964024468,0.004403603597553207,1,82,29,54,39,45,
39,1,250,RL_adaptive,2.9318701610433173,3.013147667630632,0.9887779042858271,0.011222095714172875,1,101,34,35,44,35,0.9887779042858271
39,1,500,Z_only,2.9318701610433173,3.013147667630632,0.9890443631200523,0.010955636879947717,3,497,0,0,0,0,
39,1,500,ZX_split,2.9318701610433173,3.013147667630632,0.9994813086322767,0.0005186913677233118,5,245,95,155,0,0,
39,1,500,XYZ_split,2.9318701610433173,3.013147667630632,0.999924847100201,7.515289979898032e-05,0,166,64,102,86,82,
39,1,500,RL_adaptive,2.9318701610433173,3.013147667630632,0.9999686399882075,3.1360011792491704e-05,3,229,50,77,73,68,0.9999686399882075
39,2,10,Z_only,2.9318701610433173,3.013147667630632,0.9890443631200523,0.010955636879947717,0,10,0,0,0,0,
39,2,10,ZX_split,2.9318701610433173,3.013147667630632,0.9593010613755601,0.04069893862443985,0,5,3,2,0,0,
39,2,10,XYZ_split,2.9318701610433173,3.013147667630632,0.9543915154919855,0.04560848450801447,0,3,1,2,3,1,
39,2,10,RL_adaptive,2.9318701610433173,3.013147667630632,0.7728071858116344,0.22719281418836557,0,1,1,0,4,4,0.7728071858116344
39,2,25,Z_only,2.9318701610433173,3.013147667630632,0.9890443631200523,0.010955636879947717,0,25,0,0,0,0,
39,2,25,ZX_split,2.9318701610433173,3.013147667630632,0.995521772451568,0.004478227548431968,0,12,6,7,0,0,
39,2,25,XYZ_split,2.9318701610433173,3.013147667630632,0.9234990413434652,0.07650095865653483,0,8,5,3,3,6,
39,2,25,RL_adaptive,2.9318701610433173,3.013147667630632,0.8992075737947408,0.10079242620525919,0,1,4,13,1,6,0.8992075737947408
39,2,50,Z_only,2.9318701610433173,3.013147667630632,0.9890443631200523,0.010955636879947717,0,50,0,0,0,0,
39,2,50,ZX_split,2.9318701610433173,3.013147667630632,0.9951039791337217,0.004896020866278272,0,25,8,17,0,0,
39,2,50,XYZ_split,2.9318701610433173,3.013147667630632,0.9811936295697959,0.018806370430204056,1,15,6,10,7,11,
39,2,50,RL_adaptive,2.9318701610433173,3.013147667630632,0.939885085327503,0.060114914672496966,0,26,10,6,5,3,0.939885085327503
39,2,100,Z_only,2.9318701610433173,3.013147667630632,0.9890443631200523,0.010955636879947717,1,99,0,0,0,0,
39,2,100,ZX_split,2.9318701610433173,3.013147667630632,0.9992126994028964,0.0007873005971036351,0,50,21,29,0,0,
39,2,100,XYZ_split,2.9318701610433173,3.013147667630632,0.9901376657302645,0.009862334269735484,0,33,16,17,19,15,
39,2,100,RL_adaptive,2.9318701610433173,3.013147667630632,0.9903518414549332,0.009648158545066843,1,44,8,19,14,14,0.9903518414549332
39,2,250,Z_only,2.9318701610433173,3.013147667630632,0.9890443631200523,0.010955636879947717,5,245,0,0,0,0,
39,2,250,ZX_split,2.9318701610433173,3.013147667630632,0.991380547679765,0.008619452320234977,0,125,61,64,0,0,
39,2,250,XYZ_split,2.9318701610433173,3.013147667630632,0.9984366006615426,0.001563399338457394,0,83,34,49,40,44,
39,2,250,RL_adaptive,2.9318701610433173,3.013147667630632,0.9962549848836159,0.0037450151163841428,2,105,25,41,44,33,0.9962549848836159
39,2,500,Z_only,2.9318701610433173,3.013147667630632,0.9890443631200523,0.010955636879947717,11,489,0,0,0,0,
39,2,500,ZX_split,2.9318701610433173,3.013147667630632,0.9958566277145441,0.004143372285455915,4,246,83,167,0,0,
39,2,500,XYZ_split,2.9318701610433173,3.013147667630632,0.9957537986619894,0.004246201338010569,3,163,73,93,78,90,
39,2,500,RL_adaptive,2.9318701610433173,3.013147667630632,0.9942687480861447,0.005731251913855262,2,231,61,70,74,62,0.9942687480861447
39,3,10,Z_only,2.9318701610433173,3.013147667630632,0.9890443631200523,0.010955636879947717,0,10,0,0,0,0,
39,3,10,ZX_split,2.9318701610433173,3.013147667630632,0.9188059851148562,0.08119401488514377,0,5,0,5,0,0,
39,3,10,XYZ_split,2.9318701610433173,3.013147667630632,0.9429626733037622,0.057037326696237844,0,3,1,2,1,3,
39,3,10,RL_adaptive,2.9318701610433173,3.013147667630632,0.910090534709365,0.08990946529063504,0,1,0,1,3,5,0.910090534709365
39,3,25,Z_only,2.9318701610433173,3.013147667630632,0.9890443631200523,0.010955636879947717,0,25,0,0,0,0,
39,3,25,ZX_split,2.9318701610433173,3.013147667630632,0.9935072378031342,0.006492762196865787,0,12,4,9,0,0,
39,3,25,XYZ_split,2.9318701610433173,3.013147667630632,0.9798943156976713,0.02010568430232873,0,8,2,6,4,5,
39,3,25,RL_adaptive,2.9318701610433173,3.013147667630632,0.9520309386224414,0.04796906137755863,0,1,5,12,2,5,0.9520309386224414
39,3,50,Z_only,2.9318701610433173,3.013147667630632,0.9890443631200523,0.010955636879947717,2,48,0,0,0,0,
39,3,50,ZX_split,2.9318701610433173,3.013147667630632,0.9998131367300039,0.00018686326999606262,1,24,10,15,0,0,
39,3,50,XYZ_split,2.9318701610433173,3.013147667630632,0.9694241538256086,0.030575846174391352,0,16,3,13,9,9,
39,3,50,RL_adaptive,2.9318701610433173,3.013147667630632,0.9793520905704778,0.020647909429522215,0,25,6,10,6,3,0.9793520905704778
39,3,100,Z_only,2.9318701610433173,3.013147667630632,0.9890443631200523,0.010955636879947717,2,98,0,0,0,0,
39,3,100,ZX_split,2.9318701610433173,3.013147667630632,0.9845274264624471,0.015472573537552936,0,50,26,24,0,0,
39,3,100,XYZ_split,2.9318701610433173,3.013147667630632,0.9759956152027,0.02400438479730005,0,33,18,15,19,15,
39,3,100,RL_adaptive,2.9318701610433173,3.013147667630632,0.9975047875068466,0.0024952124931534314,0,45,11,16,13,15,0.9975047875068466
39,3,250,Z_only,2.9318701610433173,3.013147667630632,0.9890443631200523,0.010955636879947717,1,249,0,0,0,0,
39,3,250,ZX_split,2.9318701610433173,3.013147667630632,0.9953547663759521,0.004645233624047895,2,123,58,67,0,0,
39,3,250,XYZ_split,2.9318701610433173,3.013147667630632,0.9944919680662929,0.0055080319337070804,1,82,35,48,49,35,
39,3,250,RL_adaptive,2.9318701610433173,3.013147667630632,0.9957476151764412,0.00425238482355883,4,98,29,37,38,44,0.9957476151764412
39,3,500,Z_only,2.9318701610433173,3.013147667630632,0.9890443631200523,0.010955636879947717,3,497,0,0,0,0,
39,3,500,ZX_split,2.9318701610433173,3.013147667630632,0.9988728254080761,0.0011271745919239073,2,248,91,159,0,0,
39,3,500,XYZ_split,2.9318701610433173,3.013147667630632,0.9954599929829184,0.004540007017081571,2,164,77,89,85,83,
39,3,500,RL_adaptive,2.9318701610433173,3.013147667630632,0.992398417824238,0.007601582175762012,2,230,40,83,66,79,0.992398417824238
39,4,10,Z_only,2.9318701610433173,3.013147667630632,0.9890443631200523,0.010955636879947717,0,10,0,0,0,0,
39,4,10,ZX_split,2.9318701610433173,3.013147667630632,0.9188059851148562,0.08119401488514377,0,5,0,5,0,0,
39,4,10,XYZ_split,2.9318701610433173,3.013147667630632,0.931301895310209,0.06869810468979098,0,3,2,1,2,2,
39,4,10,RL_adaptive,2.9318701610433173,3.013147667630632,0.8992986191748343,0.10070138082516567,0,1,0,1,6,2,0.8992986191748343
39,4,25,Z_only,2.9318701610433173,3.013147667630632,0.9890443631200523,0.010955636879947717,0,25,0,0,0,0,
39,4,25,ZX_split,2.9318701610433173,3.013147667630632,0.9872946194760268,0.012705380523973187,1,11,4,9,0,0,
39,4,25,XYZ_split,2.9318701610433173,3.013147667630632,0.9875256932703054,0.012474306729694629,0,8,4,4,5,4,
39,4,25,RL_adaptive,2.9318701610433173,3.013147667630632,0.9954977343226565,0.004502265677343464,0,1,6,11,4,3,0.9954977343226565
39,4,50,Z_only,2.9318701610433173,3.013147667630632,0.9890443631200523,0.010955636879947717,0,50,0,0,0,0,
39,4,50,ZX_split,2.9318701610433173,3.013147667630632,0.9732606568482549,0.026739343151745087,0,25,14,11,0,0,
39,4,50,XYZ_split,2.9318701610433173,3.013147667630632,0.9596155861969048,0.04038441380309521,0,16,4,12,6,12,
39,4,50,RL_adaptive,2.9318701610433173,3.013147667630632,0.992882329396746,0.007117670603253967,0,25,5,11,5,4,0.992882329396746
39,4,100,Z_only,2.9318701610433173,3.013147667630632,0.9890443631200523,0.010955636879947717,0,100,0,0,0,0,
39,4,100,ZX_split,2.9318701610433173,3.013147667630632,0.9995009596601588,0.0004990403398411614,2,48,21,29,0,0,
39,4,100,XYZ_split,2.9318701610433173,3.013147667630632,0.9950801734803193,0.004919826519680703,0,33,11,22,16,18,
39,4,100,RL_adaptive,2.9318701610433173,3.013147667630632,0.9736416986228208,0.026358301377179205,1,47,8,16,10,18,0.9736416986228208
39,4,250,Z_only,2.9318701610433173,3.013147667630632,0.9890443631200523,0.010955636879947717,4,246,0,0,0,0,
39,4,250,ZX_split,2.9318701610433173,3.013147667630632,0.9951955208631359,0.004804479136864104,0,125,58,67,0,0,
39,4,250,XYZ_split,2.9318701610433173,3.013147667630632,0.9925951494298119,0.007404850570188137,1,82,40,43,44,40,
39,4,250,RL_adaptive,2.9318701610433173,3.013147667630632,0.9905895105334539,0.009410489466546101,2,99,33,34,41,41,0.9905895105334539
39,4,500,Z_only,2.9318701610433173,3.013147667630632,0.9890443631200523,0.010955636879947717,7,493,0,0,0,0,
39,4,500,ZX_split,2.9318701610433173,3.013147667630632,0.9994038139924565,0.0005961860075435199,7,243,95,155,0,0,
39,4,500,XYZ_split,2.9318701610433173,3.013147667630632,0.998814273524224,0.0011857264757759722,2,164,61,105,83,85,
39,4,500,RL_adaptive,2.9318701610433173,3.013147667630632,0.9918035959526365,0.008196404047363548,4,230,52,77,58,79,0.9918035959526365
40,0,10,Z_only,2.7548726242541037,1.489907523868204,0.9630755446462718,0.036924455353728236,1,9,0,0,0,0,
40,0,10,ZX_split,2.7548726242541037,1.489907523868204,0.9049234199427508,0.09507658005724917,0,5,4,1,0,0,
40,0,10,XYZ_split,2.7548726242541037,1.489907523868204,0.9515688535297298,0.04843114647027025,0,3,2,1,4,0,
40,0,10,RL_adaptive,2.7548726242541037,1.489907523868204,0.8445542704781476,0.15544572952185243,0,1,0,1,5,3,0.8445542704781476
40,0,25,Z_only,2.7548726242541037,1.489907523868204,0.9630755446462718,0.036924455353728236,1,24,0,0,0,0,
40,0,25,ZX_split,2.7548726242541037,1.489907523868204,0.9546429374025617,0.045357062597438325,0,12,8,5,0,0,
40,0,25,XYZ_split,2.7548726242541037,1.489907523868204,0.9813908762998406,0.018609123700159436,0,8,3,5,7,2,
40,0,25,RL_adaptive,2.7548726242541037,1.489907523868204,0.9832968968655326,0.016703103134467434,0,1,8,9,4,3,0.9832968968655326
40,0,50,Z_only,2.7548726242541037,1.489907523868204,0.9630755446462718,0.036924455353728236,1,49,0,0,0,0,
40,0,50,ZX_split,2.7548726242541037,1.489907523868204,0.9618266526097129,0.038173347390287105,2,23,12,13,0,0,
40,0,50,XYZ_split,2.7548726242541037,1.489907523868204,0.9987501297503905,0.0012498702496095415,0,16,8,8,12,6,
40,0,50,RL_adaptive,2.7548726242541037,1.489907523868204,0.9818295312917782,0.01817046870822181,0,27,10,5,6,2,0.9818295312917782
40,0,100,Z_only,2.7548726242541037,1.489907523868204,0.9630755446462718,0.036924455353728236,4,96,0,0,0,0,
40,0,100,ZX_split,2.7548726242541037,1.489907523868204,0.9564495596834465,0.04355044031655353,1,49,30,20,0,0,
40,0,100,XYZ_split,2.7548726242541037,1.489907523868204,0.9776448229002174,0.02235517709978263,2,31,14,19,28,6,
40,0,100,RL_adaptive,2.7548726242541037,1.489907523868204,0.9989414198722759,0.0010585801277240847,2,41,15,16,18,8,0.9989414198722759
40,0,250,Z_only,2.7548726242541037,1.489907523868204,0.9630755446462718,0.036924455353728236,12,238,0,0,0,0,
40,0,250,ZX_split,2.7548726242541037,1.489907523868204,0.9631872333523862,0.03681276664761379,3,122,63,62,0,0,
40,0,250,XYZ_split,2.7548726242541037,1.489907523868204,0.999282665526965,0.000717334473035014,3,80,45,38,58,26,
40,0,250,RL_adaptive,2.7548726242541037,1.489907523868204,0.9990051673864081,0.0009948326135919006,5,97,40,35,48,25,0.9990051673864081
40,0,500,Z_only,2.7548726242541037,1.489907523868204,0.9630755446462718,0.036924455353728236,17,483,0,0,0,0,
40,0,500,ZX_split,2.7548726242541037,1.489907523868204,0.9626730616269372,0.03732693837306278,9,241,135,115,0,0,
40,0,500,XYZ_split,2.7548726242541037,1.489907523868204,0.997962468469316,0.002037531530683978,7,159,80,86,110,58,
40,0,500,RL_adaptive,2.7548726242541037,1.489907523868204,0.9973687476281897,0.0026312523718102776,10,219,73,62,100,36,0.9973687476281897
40,1,10,Z_only,2.7548726242541037,1.489907523868204,0.9630755446462718,0.036924455353728236,0,10,0,0,0,0,
40,1,10,ZX_split,2.7548726242541037,1.489907523868204,0.9570711689836666,0.04292883101633338,0,5,3,2,0,0,
40,1,10,XYZ_split,2.7548726242541037,1.489907523868204,0.8166696106193209,0.18333038938067914,0,3,0,3,2,2,
40,1,10,RL_adaptive,2.7548726242541037,1.489907523868204,0.8657737609139654,0.1342262390860346,0,1,1,0,5,3,0.8657737609139654
40,1,25,Z_only,2.7548726242541037,1.489907523868204,0.9630755446462718,0.036924455353728236,0,25,0,0,0,0,
40,1,25,ZX_split,2.7548726242541037,1.489907523868204,0.9605429177265936,0.039457082273406385,0,12,6,7,0,0,
40,1,25,XYZ_split,2.7548726242541037,1.489907523868204,0.9817718702855306,0.01822812971446941,0,8,3,5,6,3,
40,1,25,RL_adaptive,2.7548726242541037,1.489907523868204,0.9614064009693142,0.03859359903068582,0,1,6,11,4,3,0.9614064009693142
40,1,50,Z_only,2.7548726242541037,1.489907523868204,0.9630755446462718,0.036924455353728236,1,49,0,0,0,0,
40,1,50,ZX_split,2.7548726242541037,1.489907523868204,0.9572151481438456,0.04278485185615444,1,24,11,14,0,0,
40,1,50,XYZ_split,2.7548726242541037,1.489907523868204,0.9064004648524483,0.0935995351475517,0,16,7,9,7,11,
40,1,50,RL_adaptive,2.7548726242541037,1.489907523868204,0.9934512498234542,0.00654875017654577,1,24,7,9,6,3,0.9934512498234542
40,1,100,Z_only,2.7548726242541037,1.489907523868204,0.9630755446462718,0.036924455353728236,3,97,0,0,0,0,
40,1,100,ZX_split,2.7548726242541037,1.489907523868204,0.9630755446462718,0.036924455353728236,2,48,25,25,0,0,
40,1,100,XYZ_split,2.7548726242541037,1.489907523868204,0.9853884409882407,0.014611559011759256,0,33,15,18,20,14,
40,1,100,RL_adaptive,2.7548726242541037,1.489907523868204,0.9955047434155173,0.0044952565844826875,0,40,16,17,21,6,0.9955047434155173
40,1,250,Z_only,2.7548726242541037,1.489907523868204,0.9630755446462718,0.036924455353728236,6,244,0,0,0,0,
40,1,250,ZX_split,2.7548726242541037,1.489907523868204,0.9628527441801981,0.03714725581980194,5,120,67,58,0,0,
40,1,250,XYZ_split,2.7548726242541037,1.489907523868204,0.9992293542367491,0.0007706457632509212,7,76,43,40,54,30,
40,1,250,RL_adaptive,2.7548726242541037,1.489907523868204,0.9950661501114455,0.004933849888554498,4,97,45,32,51,21,0.9950661501114455
40,1,500,Z_only,2.7548726242541037,1.489907523868204,0.9630755446462718,0.036924455353728236,22,478,0,0,0,0,
40,1,500,ZX_split,2.7548726242541037,1.489907523868204,0.9624907681738297,0.037509231826170275,7,243,136,114,0,0,
40,1,500,XYZ_split,2.7548726242541037,1.489907523868204,0.999768469974994,0.00023153002500597708,10,156,87,79,116,52,
40,1,500,RL_adaptive,2.7548726242541037,1.489907523868204,0.9875520384806352,0.01244796151936478,5,229,87,54,80,45,0.9875520384806352
40,2,10,Z_only,2.7548726242541037,1.489907523868204,0.9630755446462718,0.036924455353728236,0,10,0,0,0,0,
40,2,10,ZX_split,2.7548726242541037,1.489907523868204,0.9510946919466978,0.04890530805330218,0,5,2,3,0,0,
40,2,10,XYZ_split,2.7548726242541037,1.489907523868204,0.9731226247106232,0.026877375289376837,0,3,1,2,3,1,
40,2,10,RL_adaptive,2.7548726242541037,1.489907523868204,0.8382181050227446,0.16178189497725537,0,1,1,0,4,4,0.8382181050227446
40,2,25,Z_only,2.7548726242541037,1.489907523868204,0.9630755446462718,0.036924455353728236,1,24,0,0,0,0,
40,2,25,ZX_split,2.7548726242541037,1.489907523868204,0.9605429177265936,0.039457082273406385,0,12,6,7,0,0,
40,2,25,XYZ_split,2.7548726242541037,1.489907523868204,0.960351478266648,0.03964852173335198,0,8,4,4,9,0,
40,2,25,RL_adaptive,2.7548726242541037,1.489907523868204,0.9441304247714459,0.05586957522855407,0,1,12,6,3,3,0.9441304247714459
40,2,50,Z_only,2.7548726242541037,1.489907523868204,0.9630755446462718,0.036924455353728236,4,46,0,0,0,0,
40,2,50,ZX_split,2.7548726242541037,1.489907523868204,0.9562665515091036,0.04373344849089644,2,23,11,14,0,0,
40,2,50,XYZ_split,2.7548726242541037,1.489907523868204,0.9873484391514408,0.012651560848559229,0,16,7,9,11,7,
40,2,50,RL_adaptive,2.7548726242541037,1.489907523868204,0.9763213514620839,0.023678648537916125,2,23,7,9,5,4,0.9763213514620839
40,2,100,Z_only,2.7548726242541037,1.489907523868204,0.9630755446462718,0.036924455353728236,4,96,0,0,0,0,
40,2,100,ZX_split,2.7548726242541037,1.489907523868204,0.9619060203844222,0.03809397961557781,3,47,24,26,0,0,
40,2,100,XYZ_split,2.7548726242541037,1.489907523868204,0.98148434258901,0.01851565741099004,1,32,20,13,20,14,
40,2,100,RL_adaptive,2.7548726242541037,1.489907523868204,0.9531796153708679,0.04682038462913207,1,40,25,8,21,5,0.9531796153708679
40,2,250,Z_only,2.7548726242541037,1.489907523868204,0.9630755446462718,0.036924455353728236,11,239,0,0,0,0,
40,2,250,ZX_split,2.7548726242541037,1.489907523868204,0.9629255466615856,0.037074453338414415,5,120,62,63,0,0,
40,2,250,XYZ_split,2.7548726242541037,1.489907523868204,0.9983926801644133,0.0016073198355867069,5,78,41,42,60,24,
40,2,250,RL_adaptive,2.7548726242541037,1.489907523868204,0.9951138867321598,0.004886113267840164,4,98,43,35,53,17,0.9951138867321598
40,2,500,Z_only,2.7548726242541037,1.489907523868204,0.9630755446462718,0.036924455353728236,22,478,0,0,0,0,
40,2,500,ZX_split,2.7548726242541037,1.489907523868204,0.9633255821519581,0.03667441784804193,9,241,129,121,0,0,
40,2,500,XYZ_split,2.7548726242541037,1.489907523868204,0.9992693671308233,0.0007306328691767394,5,161,90,76,115,53,
40,2,500,RL_adaptive,2.7548726242541037,1.489907523868204,0.9947624555844927,0.005237544415507278,11,220,73,64,81,51,0.9947624555844927
40,3,10,Z_only,2.7548726242541037,1.489907523868204,0.9630755446462718,0.036924455353728236,0,10,0,0,0,0,
40,3,10,ZX_split,2.7548726242541037,1.489907523868204,0.9049234199427508,0.09507658005724917,0,5,4,1,0,0,
40,3,10,XYZ_split,2.7548726242541037,1.489907523868204,0.9344936451116802,0.0655063548883198,0,3,1,2,2,2,
40,3,10,RL_adaptive,2.7548726242541037,1.489907523868204,0.8815283405678374,0.11847165943216265,0,1,1,0,6,2,0.8815283405678374
40,3,25,Z_only,2.7548726242541037,1.489907523868204,0.9630755446462718,0.036924455353728236,1,24,0,0,0,0,
40,3,25,ZX_split,2.7548726242541037,1.489907523868204,0.9546429374025617,0.045357062597438325,0,12,8,5,0,0,
40,3,25,XYZ_split,2.7548726242541037,1.489907523868204,0.9809258379672713,0.019074162032728714,0,8,4,4,8,1,
40,3,25,RL_adaptive,2.7548726242541037,1.489907523868204,0.9619259064660662,0.03807409353393376,0,1,10,8,3,3,0.9619259064660662
40,3,50,Z_only,2.7548726242541037,1.489907523868204,0.9630755446462718,0.036924455353728236,0,50,0,0,0,0,
40,3,50,ZX_split,2.7548726242541037,1.489907523868204,0.9579615567143475,0.04203844328565254,0,25,11,14,0,0,
40,3,50,XYZ_split,2.7548726242541037,1.489907523868204,0.9980035804169338,0.001996419583066178,0,16,9,7,13,5,
40,3,50,RL_adaptive,2.7548726242541037,1.489907523868204,0.9827964219522154,0.017203578047784607,2,24,10,6,6,2,0.9827964219522154
40,3,100,Z_only,2.7548726242541037,1.489907523868204,0.9630755446462718,0.036924455353728236,5,95,0,0,0,0,
40,3,100,ZX_split,2.7548726242541037,1.489907523868204,0.9630755446462718,0.036924455353728236,1,49,25,25,0,0,
40,3,100,XYZ_split,2.7548726242541037,1.489907523868204,0.9889308784728514,0.011069121527148562,0,33,17,16,20,14,
40,3,100,RL_adaptive,2.7548726242541037,1.489907523868204,0.99291964035945,0.0070803596405499825,2,39,17,15,21,6,0.99291964035945
40,3,250,Z_only,2.7548726242541037,1.489907523868204,0.9630755446462718,0.036924455353728236,16,234,0,0,0,0,
40,3,250,ZX_split,2.7548726242541037,1.489907523868204,0.9633069748462878,0.0366930251537122,3,122,65,60,0,0,
40,3,250,XYZ_split,2.7548726242541037,1.489907523868204,0.9997470760895235,0.000252923910476488,3,80,42,41,59,25,
40,3,250,RL_adaptive,2.7548726242541037,1.489907523868204,0.9982973145063777,0.0017026854936222913,2,101,36,36,49,26,0.9982973145063777
40,3,500,Z_only,2.7548726242541037,1.489907523868204,0.9630755446462718,0.036924455353728236,18,482,0,0,0,0,
40,3,500,ZX_split,2.7548726242541037,1.489907523868204,0.9629297936443962,0.03707020635560376,7,243,124,126,0,0,
40,3,500,XYZ_split,2.7548726242541037,1.489907523868204,0.9980571475970492,0.0019428524029507788,7,159,92,74,112,56,
40,3,500,RL_adaptive,2.7548726242541037,1.489907523868204,0.9995380200257308,0.0004619799742692221,6,225,72,62,93,42,0.9995380200257308
40,4,10,Z_only,2.7548726242541037,1.489907523868204,0.9630755446462718,0.036924455353728236,0,10,0,0,0,0,
40,4,10,ZX_split,2.7548726242541037,1.489907523868204,0.8892445872665722,0.11075541273342782,0,5,1,4,0,0,
40,4,10,XYZ_split,2.7548726242541037,1.489907523868204,0.9818295312917782,0.01817046870822181,0,3,2,1,3,1,
40,4,10,RL_adaptive,2.7548726242541037,1.489907523868204,0.8445542704781476,0.15544572952185243,0,1,0,1,5,3,0.8445542704781476
40,4,25,Z_only,2.7548726242541037,1.489907523868204,0.9630755446462718,0.036924455353728236,1,24,0,0,0,0,
40,4,25,ZX_split,2.7548726242541037,1.489907523868204,0.9268390121998906,0.07316098780010938,1,11,9,4,0,0,
40,4,25,XYZ_split,2.7548726242541037,1.489907523868204,0.9714487017381425,0.02855129826185754,1,7,5,3,7,2,
40,4,25,RL_adaptive,2.7548726242541037,1.489907523868204,0.9907887842667561,0.009211215733243905,0,1,7,10,5,2,0.9907887842667561
40,4,50,Z_only,2.7548726242541037,1.489907523868204,0.9630755446462718,0.036924455353728236,2,48,0,0,0,0,
40,4,50,ZX_split,2.7548726242541037,1.489907523868204,0.9611566528192083,0.03884334718079174,1,24,14,11,0,0,
40,4,50,XYZ_split,2.7548726242541037,1.489907523868204,0.9979888522290042,0.002011147770995758,1,15,8,8,13,5,
40,4,50,RL_adaptive,2.7548726242541037,1.489907523868204,0.9072869011671466,0.09271309883285339,2,24,11,6,3,4,0.9072869011671466
40,4,100,Z_only,2.7548726242541037,1.489907523868204,0.9630755446462718,0.036924455353728236,5,95,0,0,0,0,
40,4,100,ZX_split,2.7548726242541037,1.489907523868204,0.9632897813003287,0.03671021869967128,3,47,26,24,0,0,
40,4,100,XYZ_split,2.7548726242541037,1.489907523868204,0.9663058747985114,0.03369412520148862,2,31,23,10,26,8,
40,4,100,RL_adaptive,2.7548726242541037,1.489907523868204,0.9953167044788865,0.004683295521113462,0,42,18,13,18,9,0.9953167044788865
40,4,250,Z_only,2.7548726242541037,1.489907523868204,0.9630755446462718,0.036924455353728236,13,237,0,0,0,0,
40,4,250,ZX_split,2.7548726242541037,1.489907523868204,0.9601689754543372,0.039831024545662785,9,116,58,67,0,0,
40,4,250,XYZ_split,2.7548726242541037,1.489907523868204,0.9988023558424233,0.0011976441575767272,3,80,40,43,57,27,
40,4,250,RL_adaptive,2.7548726242541037,1.489907523868204,0.9823681041951263,0.017631895804873676,4,103,27,43,48,25,0.9823681041951263
40,4,500,Z_only,2.7548726242541037,1.489907523868204,0.9630755446462718,0.036924455353728236,14,486,0,0,0,0,
40,4,500,ZX_split,2.7548726242541037,1.489907523868204,0.9631913831062862,0.03680861689371384,11,239,126,124,0,0,
40,4,500,XYZ_split,2.7548726242541037,1.489907523868204,0.9987838032126802,0.0012161967873197677,5,161,87,79,110,58,
40,4,500,RL_adaptive,2.7548726242541037,1.489907523868204,0.9961124606597228,0.0038875393402771907,11,218,59,71,97,44,0.9961124606597228
41,0,10,Z_only,1.2344069246340243,1.8373431267311888,0.6650405089212114,0.33495949107878864,8,2,0,0,0,0,
41,0,10,ZX_split,1.2344069246340243,1.8373431267311888,0.7046083456599737,0.29539165434002634,3,2,2,3,0,0,
41,0,10,XYZ_split,1.2344069246340243,1.8373431267311888,0.8984330159284334,0.10156698407156661,3,0,2,1,4,0,
41,0,10,RL_adaptive,1.2344069246340243,1.8373431267311888,0.5958107809785708,0.40418921902142924,0,1,1,0,8,0,0.5958107809785708
41,0,25,Z_only,1.2344069246340243,1.8373431267311888,0.6650405089212114,0.33495949107878864,17,8,0,0,0,0,
41,0,25,ZX_split,1.2344069246340243,1.8373431267311888,0.6796912880983011,0.32030871190169885,7,5,4,9,0,0,
41,0,25,XYZ_split,1.2344069246340243,1.8373431267311888,0.9817428514271533,0.01825714857284666,5,3,4,4,9,0,
41,0,25,RL_adaptive,1.2344069246340243,1.8373431267311888,0.9331078675808805,0.06689213241911951,1,0,9,8,7,0,0.9331078675808805
41,0,50,Z_only,1.2344069246340243,1.8373431267311888,0.6650405089212114,0.33495949107878864,38,12,0,0,0,0,
41,0,50,ZX_split,1.2344069246340243,1.8373431267311888,0.7046083456599735,0.29539165434002645,14,11,11,14,0,0,
41,0,50,XYZ_split,1.2344069246340243,1.8373431267311888,0.9836567589802475,0.016343241019752486,11,5,8,8,17,1,
41,0,50,RL_adaptive,1.2344069246340243,1.8373431267311888,0.9742650347179169,0.025734965282083078,21,5,8,8,8,0,0.9742650347179169
41,0,100,Z_only,1.2344069246340243,1.8373431267311888,0.6650405089212114,0.33495949107878864,63,37,0,0,0,0,
41,0,100,ZX_split,1.2344069246340243,1.8373431267311888,0.7013068087827113,0.29869319121728866,34,16,21,29,0,0,
41,0,100,XYZ_split,1.2344069246340243,1.8373431267311888,0.9702000960592118,0.02979990394078824,17,16,15,18,33,1,
41,0,100,RL_adaptive,1.2344069246340243,1.8373431267311888,0.9827356667775812,0.017264333222418826,32,23,15,17,13,0,0.9827356667775812
41,0,250,Z_only,1.2344069246340243,1.8373431267311888,0.6650405089212114,0.33495949107878864,174,76,0,0,0,0,
41,0,250,ZX_split,1.2344069246340243,1.8373431267311888,0.7062529233861035,0.29374707661389654,76,49,51,74,0,0,
41,0,250,XYZ_split,1.2344069246340243,1.8373431267311888,0.9965437842814995,0.0034562157185005216,56,27,36,47,76,8,
41,0,250,RL_adaptive,1.2344069246340243,1.8373431267311888,0.9834759406471663,0.016524059352833742,74,30,52,53,39,2,0.9834759406471663
41,0,500,Z_only,1.2344069246340243,1.8373431267311888,0.6650405089212114,0.33495949107878864,336,164,0,0,0,0,
41,0,500,ZX_split,1.2344069246340243,1.8373431267311888,0.7066074599475551,0.29339254005244486,170,80,92,158,0,0,
41,0,500,XYZ_split,1.2344069246340243,1.8373431267311888,0.9984470876935142,0.0015529123064857986,118,48,64,102,163,5,
41,0,500,RL_adaptive,1.2344069246340243,1.8373431267311888,0.9999757946580912,2.4205341908833944e-05,124,64,60,100,145,7,0.9999757946580912
41,1,10,Z_only,1.2344069246340243,1.8373431267311888,0.6650405089212114,0.33495949107878864,5,5,0,0,0,0,
41,1,10,ZX_split,1.2344069246340243,1.8373431267311888,0.6958844168087683,0.30411558319123166,4,1,2,3,0,0,
41,1,10,XYZ_split,1.2344069246340243,1.8373431267311888,0.9299348102998641,0.07006518970013587,3,0,0,3,4,0,
41,1,10,RL_adaptive,1.2344069246340243,1.8373431267311888,0.7863831454842788,0.2136168545157212,1,0,1,0,8,0,0.7863831454842788
41,1,25,Z_only,1.2344069246340243,1.8373431267311888,0.6650405089212114,0.33495949107878864,15,10,0,0,0,0,
41,1,25,ZX_split,1.2344069246340243,1.8373431267311888,0.5484486203822538,0.45155137961774616,5,7,4,9,0,0,
41,1,25,XYZ_split,1.2344069246340243,1.8373431267311888,0.962838104587781,0.03716189541221904,4,4,2,6,9,0,
41,1,25,RL_adaptive,1.2344069246340243,1.8373431267311888,0.9478955684692435,0.0521044315307565,1,0,7,9,8,0,0.9478955684692435
41,1,50,Z_only,1.2344069246340243,1.8373431267311888,0.6650405089212114,0.33495949107878864,28,22,0,0,0,0,
41,1,50,ZX_split,1.2344069246340243,1.8373431267311888,0.6374544957617482,0.3625455042382518,15,10,13,12,0,0,
41,1,50,XYZ_split,1.2344069246340243,1.8373431267311888,0.9405929159703157,0.05940708402968431,10,6,2,14,16,2,
41,1,50,RL_adaptive,1.2344069246340243,1.8373431267311888,0.977807818736515,0.02219218126348499,14,11,4,12,9,0,0.977807818736515
41,1,100,Z_only,1.2344069246340243,1.8373431267311888,0.6650405089212114,0.33495949107878864,60,40,0,0,0,0,
41,1,100,ZX_split,1.2344069246340243,1.8373431267311888,0.6648761839447958,0.33512381605520425,27,23,18,32,0,0,
41,1,100,XYZ_split,1.2344069246340243,1.8373431267311888,0.9728088027706415,0.027191197229358477,18,15,16,17,33,1,
41,1,100,RL_adaptive,1.2344069246340243,1.8373431267311888,0.9906112248939523,0.009388775106047742,35,22,14,16,12,1,0.9906112248939523
41,1,250,Z_only,1.2344069246340243,1.8373431267311888,0.6650405089212114,0.33495949107878864,181,69,0,0,0,0,
41,1,250,ZX_split,1.2344069246340243,1.8373431267311888,0.6970906948267308,0.3029093051732692,75,50,45,80,0,0,
41,1,250,XYZ_split,1.2344069246340243,1.8373431267311888,0.9903735877009923,0.009626412299007736,63,20,36,47,82,2,
41,1,250,RL_adaptive,1.2344069246340243,1.8373431267311888,0.9979011487345856,0.0020988512654144253,76,34,33,66,39,2,0.9979011487345856
41,1,500,Z_only,1.2344069246340243,1.8373431267311888,0.6650405089212114,0.33495949107878864,321,179,0,0,0,0,
41,1,500,ZX_split,1.2344069246340243,1.8373431267311888,0.7056181100346909,0.2943818899653091,163,87,90,160,0,0,
41,1,500,XYZ_split,1.2344069246340243,1.8373431267311888,0.9994806133601852,0.0005193866398147673,109,57,67,99,157,11,
41,1,500,RL_adaptive,1.2344069246340243,1.8373431267311888,0.9975104839363996,0.002489516063600372,127,61,70,95,141,6,0.9975104839363996
41,2,10,Z_only,1.2344069246340243,1.8373431267311888,0.6650405089212114,0.33495949107878864,9,1,0,0,0,0,
41,2,10,ZX_split,1.2344069246340243,1.8373431267311888,0.6958844168087683,0.30411558319123166,4,1,2,3,0,0,
41,2,10,XYZ_split,1.2344069246340243,1.8373431267311888,0.9299348102998641,0.07006518970013587,3,0,0,3,4,0,
41,2,10,RL_adaptive,1.2344069246340243,1.8373431267311888,0.8446762775963029,0.15532372240369707,1,0,0,1,6,2,0.8446762775963029
41,2,25,Z_only,1.2344069246340243,1.8373431267311888,0.6650405089212114,0.33495949107878864,18,7,0,0,0,0,
41,2,25,ZX_split,1.2344069246340243,1.8373431267311888,0.6796912880983011,0.32030871190169885,7,5,4,9,0,0,
41,2,25,XYZ_split,1.2344069246340243,1.8373431267311888,0.9776934137909464,0.02230658620905357,5,3,2,6,8,1,
41,2,25,RL_adaptive,1.2344069246340243,1.8373431267311888,0.9535972077248057,0.04640279227519428,1,0,6,10,8,0,0.9535972077248057
41,2,50,Z_only,1.2344069246340243,1.8373431267311888,0.6650405089212114,0.33495949107878864,35,15,0,0,0,0,
41,2,50,ZX_split,1.2344069246340243,1.8373431267311888,0.7064580413947134,0.29354195860528665,18,7,8,17,0,0,
41,2,50,XYZ_split,1.2344069246340243,1.8373431267311888,0.9785288457760357,0.021471154223964284,13,3,7,9,17,1,
41,2,50,RL_adaptive,1.2344069246340243,1.8373431267311888,0.9950431142794425,0.0049568857205575245,17,9,7,9,8,0,0.9950431142794425
41,2,100,Z_only,1.2344069246340243,1.8373431267311888,0.6650405089212114,0.33495949107878864,63,37,0,0,0,0,
41,2,100,ZX_split,1.2344069246340243,1.8373431267311888,0.68500300082802,0.31499699917198,29,21,17,33,0,0,
41,2,100,XYZ_split,1.2344069246340243,1.8373431267311888,0.9937293317472721,0.006270668252727929,21,12,10,23,32,2,
41,2,100,RL_adaptive,1.2344069246340243,1.8373431267311888,0.9870325885616917,0.012967411438308263,44,18,11,16,9,2,0.9870325885616917
41,2,250,Z_only,1.2344069246340243,1.8373431267311888,0.6650405089212114,0.33495949107878864,179,71,0,0,0,0,
41,2,250,ZX_split,1.2344069246340243,1.8373431267311888,0.7060722499671911,0.2939277500328089,85,40,48,77,0,0,
41,2,250,XYZ_split,1.2344069246340243,1.8373431267311888,0.9968380970325981,0.0031619029674019306,59,24,34,49,80,4,
41,2,250,RL_adaptive,1.2344069246340243,1.8373431267311888,0.9967232974151929,0.0032767025848070563,75,32,44,60,39,0,0.9967232974151929
41,2,500,Z_only,1.2344069246340243,1.8373431267311888,0.6650405089212114,0.33495949107878864,342,158,0,0,0,0,
41,2,500,ZX_split,1.2344069246340243,1.8373431267311888,0.7066239794405613,0.2933760205594387,162,88,97,153,0,0,
41,2,500,XYZ_split,1.2344069246340243,1.8373431267311888,0.9995980307625655,0.0004019692374345185,107,59,64,102,160,8,
41,2,500,RL_adaptive,1.2344069246340243,1.8373431267311888,0.997951147612636,0.002048852387363964,129,57,53,106,148,7,0.997951147612636
41,3,10,Z_only,1.2344069246340243,1.8373431267311888,0.6650405089212114,0.33495949107878864,7,3,0,0,0,0,
41,3,10,ZX_split,1.2344069246340243,1.8373431267311888,0.6542722967137992,0.34572770328620084,3,2,0,5,0,0,
41,3,10,XYZ_split,1.2344069246340243,1.8373431267311888,0.936790531958651,0.06320946804134897,2,1,0,3,4,0,
41,3,10,RL_adaptive,1.2344069246340243,1.8373431267311888,0.8940836707182623,0.10591632928173766,1,0,0,1,7,1,0.8940836707182623
41,3,25,Z_only,1.2344069246340243,1.8373431267311888,0.6650405089212114,0.33495949107878864,15,10,0,0,0,0,
41,3,25,ZX_split,1.2344069246340243,1.8373431267311888,0.688768415193806,0.31123158480619395,8,4,6,7,0,0,
41,3,25,XYZ_split,1.2344069246340243,1.8373431267311888,0.9817428514271533,0.01825714857284666,5,3,4,4,9,0,
41,3,25,RL_adaptive,1.2344069246340243,1.8373431267311888,0.9514714412440587,0.04852855875594131,1,0,3,13,8,0,0.9514714412440587
41,3,50,Z_only,1.2344069246340243,1.8373431267311888,0.6650405089212114,0.33495949107878864,40,10,0,0,0,0,
41,3,50,ZX_split,1.2344069246340243,1.8373431267311888,0.6720559964514635,0.3279440035485365,21,4,12,13,0,0,
41,3,50,XYZ_split,1.2344069246340243,1.8373431267311888,0.9561022216767262,0.043897778323273795,15,1,6,10,17,1,
41,3,50,RL_adaptive,1.2344069246340243,1.8373431267311888,0.9846678274082854,0.015332172591714599,15,10,4,12,9,0,0.9846678274082854
41,3,100,Z_only,1.2344069246340243,1.8373431267311888,0.6650405089212114,0.33495949107878864,64,36,0,0,0,0,
41,3,100,ZX_split,1.2344069246340243,1.8373431267311888,0.6571612915287668,0.3428387084712332,27,23,16,34,0,0,
41,3,100,XYZ_split,1.2344069246340243,1.8373431267311888,0.9855559242540104,0.014444075745989604,25,8,15,18,32,2,
41,3,100,RL_adaptive,1.2344069246340243,1.8373431267311888,0.9953876435661982,0.004612356433801756,41,17,13,17,12,0,0.9953876435661982
41,3,250,Z_only,1.2344069246340243,1.8373431267311888,0.6650405089212114,0.33495949107878864,165,85,0,0,0,0,
41,3,250,ZX_split,1.2344069246340243,1.8373431267311888,0.68295044343781,0.31704955656219,90,35,58,67,0,0,
41,3,250,XYZ_split,1.2344069246340243,1.8373431267311888,0.9995017715975256,0.0004982284024743766,55,28,30,53,78,6,
41,3,250,RL_adaptive,1.2344069246340243,1.8373431267311888,0.9977105955267302,0.0022894044732697516,65,41,42,55,41,6,0.9977105955267302
41,3,500,Z_only,1.2344069246340243,1.8373431267311888,0.6650405089212114,0.33495949107878864,319,181,0,0,0,0,
41,3,500,ZX_split,1.2344069246340243,1.8373431267311888,0.7056168508215322,0.29438314917846775,171,79,97,153,0,0,
41,3,500,XYZ_split,1.2344069246340243,1.8373431267311888,0.9989314934837291,0.001068506516270884,108,58,67,99,162,6,
41,3,500,RL_adaptive,1.2344069246340243,1.8373431267311888,0.9972033466265787,0.002796653373421276,117,74,61,97,145,6,0.9972033466265787
41,4,10,Z_only,1.2344069246340243,1.8373431267311888,0.6650405089212114,0.33495949107878864,8,2,0,0,0,0,
41,4,10,ZX_split,1.2344069246340243,1.8373431267311888,0.528794180397361,0.47120581960263896,3,2,3,2,0,0,
41,4,10,XYZ_split,1.2344069246340243,1.8373431267311888,0.9990878124486506,0.0009121875513493638,2,1,1,2,4,0,
41,4,10,RL_adaptive,1.2344069246340243,1.8373431267311888,0.9299348102998641,0.07006518970013587,1,0,0,1,8,0,0.9299348102998641
41,4,25,Z_only,1.2344069246340243,1.8373431267311888,0.6650405089212114,0.33495949107878864,16,9,0,0,0,0,
41,4,25,ZX_split,1.2344069246340243,1.8373431267311888,0.6836091271094265,0.31639087289057355,8,4,2,11,0,0,
41,4,25,XYZ_split,1.2344069246340243,1.8373431267311888,0.9965846086802885,0.0034153913197114694,6,2,3,5,9,0,
41,4,25,RL_adaptive,1.2344069246340243,1.8373431267311888,0.5591438854625393,0.44085611453746065,0,1,6,11,5,2,0.5591438854625393
41,4,50,Z_only,1.2344069246340243,1.8373431267311888,0.6650405089212114,0.33495949107878864,38,12,0,0,0,0,
41,4,50,ZX_split,1.2344069246340243,1.8373431267311888,0.7016910757344045,0.2983089242655955,18,7,10,15,0,0,
41,4,50,XYZ_split,1.2344069246340243,1.8373431267311888,0.9833580500179788,0.016641949982021176,13,3,6,10,17,1,
41,4,50,RL_adaptive,1.2344069246340243,1.8373431267311888,0.9052380226865984,0.09476197731340164,16,11,11,5,7,0,0.9052380226865984
41,4,100,Z_only,1.2344069246340243,1.8373431267311888,0.6650405089212114,0.33495949107878864,76,24,0,0,0,0,
41,4,100,ZX_split,1.2344069246340243,1.8373431267311888,0.7065366920132802,0.2934633079867198,35,15,17,33,0,0,
41,4,100,XYZ_split,1.2344069246340243,1.8373431267311888,0.9984595231984099,0.001540476801590085,23,10,13,20,32,2,
41,4,100,RL_adaptive,1.2344069246340243,1.8373431267311888,0.9942497673975269,0.005750232602473093,43,17,10,19,10,1,0.9942497673975269
41,4,250,Z_only,1.2344069246340243,1.8373431267311888,0.6650405089212114,0.33495949107878864,158,92,0,0,0,0,
41,4,250,ZX_split,1.2344069246340243,1.8373431267311888,0.6924642571847168,0.3075357428152832,77,48,39,86,0,0,
41,4,250,XYZ_split,1.2344069246340243,1.8373431267311888,0.9990325042223432,0.0009674957776567572,53,30,33,50,80,4,
41,4,250,RL_adaptive,1.2344069246340243,1.8373431267311888,0.9830702078244781,0.01692979217552193,74,30,53,53,39,1,0.9830702078244781
41,4,500,Z_only,1.2344069246340243,1.8373431267311888,0.6650405089212114,0.33495949107878864,327,173,0,0,0,0,
41,4,500,ZX_split,1.2344069246340243,1.8373431267311888,0.7020750226660047,0.29792497733399526,168,82,105,145,0,0,
41,4,500,XYZ_split,1.2344069246340243,1.8373431267311888,0.9992856496603966,0.0007143503396034312,110,56,67,99,160,8,
41,4,500,RL_adaptive,1.2344069246340243,1.8373431267311888,0.9986014044006127,0.0013985955993872645,130,55,55,105,150,5,0.9986014044006127
42,0,10,Z_only,1.7809844037522118,0.6919444965026603,0.6043219206183481,0.3956780793816519,3,7,0,0,0,0,
42,0,10,ZX_split,1.7809844037522118,0.6919444965026603,0.8487589600816725,0.1512410399183275,3,2,5,0,0,0,
42,0,10,XYZ_split,1.7809844037522118,0.6919444965026603,0.8307117363765408,0.16928826362345917,0,3,2,1,3,1,
42,0,10,RL_adaptive,1.7809844037522118,0.6919444965026603,0.9465630327971793,0.05343696720282065,0,1,1,0,7,1,0.9465630327971793
42,0,25,Z_only,1.7809844037522118,0.6919444965026603,0.6043219206183481,0.3956780793816519,9,16,0,0,0,0,
42,0,25,ZX_split,1.7809844037522118,0.6919444965026603,0.8603232228932967,0.13967677710670334,2,10,12,1,0,0,
42,0,25,XYZ_split,1.7809844037522118,0.6919444965026603,0.8665574975747348,0.13344250242526523,5,3,5,3,7,2,
42,0,25,RL_adaptive,1.7809844037522118,0.6919444965026603,0.9116712039159802,0.08832879608401978,0,1,14,4,6,0,0.9116712039159802
42,0,50,Z_only,1.7809844037522118,0.6919444965026603,0.6043219206183481,0.3956780793816519,24,26,0,0,0,0,
42,0,50,ZX_split,1.7809844037522118,0.6919444965026603,0.8868603465253138,0.11313965347468624,11,14,24,1,0,0,
42,0,50,XYZ_split,1.7809844037522118,0.6919444965026603,0.9031547959688184,0.09684520403118158,2,14,12,4,13,5,
42,0,50,RL_adaptive,1.7809844037522118,0.6919444965026603,0.9846092622483295,0.015390737751670547,9,19,13,2,7,0,0.9846092622483295
42,0,100,Z_only,1.7809844037522118,0.6919444965026603,0.6043219206183481,0.3956780793816519,43,57,0,0,0,0,
42,0,100,ZX_split,1.7809844037522118,0.6919444965026603,0.8834329701474734,0.11656702985252665,17,33,41,9,0,0,
42,0,100,XYZ_split,1.7809844037522118,0.6919444965026603,0.9778488873094523,0.022151112690547703,18,15,31,2,28,6,
42,0,100,RL_adaptive,1.7809844037522118,0.6919444965026603,0.9876626024800488,0.012337397519951221,27,32,24,2,11,4,0.9876626024800488
42,0,250,Z_only,1.7809844037522118,0.6919444965026603,0.6043219206183481,0.3956780793816519,96,154,0,0,0,0,
42,0,250,ZX_split,1.7809844037522118,0.6919444965026603,0.8899818625110041,0.11001813748899592,52,73,112,13,0,0,
42,0,250,XYZ_split,1.7809844037522118,0.6919444965026603,0.9996307524127586,0.00036924758724143913,35,48,70,13,65,19,
42,0,250,RL_adaptive,1.7809844037522118,0.6919444965026603,0.9998508963465311,0.0001491036534688739,36,55,85,16,46,12,0.9998508963465311
42,0,500,Z_only,1.7809844037522118,0.6919444965026603,0.6043219206183481,0.3956780793816519,173,327,0,0,0,0,
42,0,500,ZX_split,1.7809844037522118,0.6919444965026603,0.886558585642115,0.11344141435788502,83,167,220,30,0,0,
42,0,500,XYZ_split,1.7809844037522118,0.6919444965026603,0.994313838475006,0.005686161524994016,58,108,134,32,135,33,
42,0,500,RL_adaptive,1.7809844037522118,0.6919444965026603,0.9985105190749811,0.0014894809250188823,90,121,171,14,88,16,0.9985105190749811
42,1,10,Z_only,1.7809844037522118,0.6919444965026603,0.6043219206183481,0.3956780793816519,4,6,0,0,0,0,
42,1,10,ZX_split,1.7809844037522118,0.6919444965026603,0.8765451104837869,0.12345488951621308,1,4,5,0,0,0,
42,1,10,XYZ_split,1.7809844037522118,0.6919444965026603,0.9602585149338999,0.03974148506610009,1,2,2,1,3,1,
42,1,10,RL_adaptive,1.7809844037522118,0.6919444965026603,0.9577514922598831,0.0422485077401169,0,1,1,0,8,0,0.9577514922598831
42,1,25,Z_only,1.7809844037522118,0.6919444965026603,0.6043219206183481,0.3956780793816519,11,14,0,0,0,0,
42,1,25,ZX_split,1.7809844037522118,0.6919444965026603,0.8288476288024712,0.1711523711975288,7,5,10,3,0,0,
42,1,25,XYZ_split,1.7809844037522118,0.6919444965026603,0.9887623949161317,0.011237605083868285,4,4,8,0,8,1,
42,1,25,RL_adaptive,1.7809844037522118,0.6919444965026603,0.7439190136272874,0.2560809863727126,0,1,16,3,2,3,0.7439190136272874
42,1,50,Z_only,1.7809844037522118,0.6919444965026603,0.6043219206183481,0.3956780793816519,24,26,0,0,0,0,
42,1,50,ZX_split,1.7809844037522118,0.6919444965026603,0.8893791053158081,0.1106208946841919,9,16,22,3,0,0,
42,1,50,XYZ_split,1.7809844037522118,0.6919444965026603,0.9806655900810057,0.019334409918994266,8,8,16,0,14,4,
42,1,50,RL_adaptive,1.7809844037522118,0.6919444965026603,0.997953950379081,0.0020460496209190326,12,16,15,1,5,1,0.997953950379081
42,1,100,Z_only,1.7809844037522118,0.6919444965026603,0.6043219206183481,0.3956780793816519,39,61,0,0,0,0,
42,1,100,ZX_split,1.7809844037522118,0.6919444965026603,0.8901973360308026,0.10980266396919736,18,32,46,4,0,0,
42,1,100,XYZ_split,1.7809844037522118,0.6919444965026603,0.9953102213354152,0.004689778664584754,11,22,31,2,27,7,
42,1,100,RL_adaptive,1.7809844037522118,0.6919444965026603,0.9760495775114247,0.023950422488575263,30,26,28,2,14,0,0.9760495775114247
42,1,250,Z_only,1.7809844037522118,0.6919444965026603,0.6043219206183481,0.3956780793816519,108,142,0,0,0,0,
42,1,250,ZX_split,1.7809844037522118,0.6919444965026603,0.8879739288287767,0.11202607117122332,56,69,105,20,0,0,
42,1,250,XYZ_split,1.7809844037522118,0.6919444965026603,0.9999187049151563,8.129508484366887e-05,33,50,71,12,66,18,
42,1,250,RL_adaptive,1.7809844037522118,0.6919444965026603,0.9917022147824328,0.008297785217567188,28,63,84,15,50,10,0.9917022147824328
42,1,500,Z_only,1.7809844037522118,0.6919444965026603,0.6043219206183481,0.3956780793816519,171,329,0,0,0,0,
42,1,500,ZX_split,1.7809844037522118,0.6919444965026603,0.8907146069468405,0.10928539305315954,96,154,230,20,0,0,
42,1,500,XYZ_split,1.7809844037522118,0.6919444965026603,0.9971223212789233,0.002877678721076693,72,94,150,16,132,36,
42,1,500,RL_adaptive,1.7809844037522118,0.6919444965026603,0.9937268754245685,0.006273124575431499,99,109,155,29,86,22,0.9937268754245685
42,2,10,Z_only,1.7809844037522118,0.6919444965026603,0.3956780793816517,0.6043219206183483,7,3,0,0,0,0,
42,2,10,ZX_split,1.7809844037522118,0.6919444965026603,0.8896773838453984,0.1103226161546016,2,3,5,0,0,0,
42,2,10,XYZ_split,1.7809844037522118,0.6919444965026603,0.8372909143571184,0.16270908564288156,3,0,3,0,4,0,
42,2,10,RL_adaptive,1.7809844037522118,0.6919444965026603,0.9577514922598831,0.0422485077401169,0,1,1,0,8,0,0.9577514922598831
42,2,25,Z_only,1.7809844037522118,0.6919444965026603,0.3956780793816517,0.6043219206183483,13,12,0,0,0,0,
42,2,25,ZX_split,1.7809844037522118,0.6919444965026603,0.884510756842687,0.11548924315731302,4,8,11,2,0,0,
42,2,25,XYZ_split,1.7809844037522118,0.6919444965026603,0.9848320777050857,0.01516792229491426,2,6,7,1,8,1,
42,2,25,RL_adaptive,1.7809844037522118,0.6919444965026603,0.7110829390002905,0.2889170609997095,1,0,12,5,6,1,0.7110829390002905
42,2,50,Z_only,1.7809844037522118,0.6919444965026603,0.6043219206183481,0.3956780793816519,18,32,0,0,0,0,
42,2,50,ZX_split,1.7809844037522118,0.6919444965026603,0.8868603465253138,0.11313965347468624,11,14,24,1,0,0,
42,2,50,XYZ_split,1.7809844037522118,0.6919444965026603,0.9986379066245434,0.0013620933754565634,6,10,14,2,14,4,
42,2,50,RL_adaptive,1.7809844037522118,0.6919444965026603,0.9972977502442946,0.0027022497557054326,10,18,16,0,5,1,0.9972977502442946
42,2,100,Z_only,1.7809844037522118,0.6919444965026603,0.6043219206183481,0.3956780793816519,37,63,0,0,0,0,
42,2,100,ZX_split,1.7809844037522118,0.6919444965026603,0.8765301327230245,0.12346986727697551,25,25,41,9,0,0,
42,2,100,XYZ_split,1.7809844037522118,0.6919444965026603,0.9998524640208385,0.00014753597916150607,13,20,30,3,28,6,
42,2,100,RL_adaptive,1.7809844037522118,0.6919444965026603,0.9835963077440096,0.016403692255990365,20,35,23,3,13,6,0.9835963077440096
42,2,250,Z_only,1.7809844037522118,0.6919444965026603,0.6043219206183481,0.3956780793816519,102,148,0,0,0,0,
42,2,250,ZX_split,1.7809844037522118,0.6919444965026603,0.8797630049464799,0.12023699505352015,61,64,108,17,0,0,
42,2,250,XYZ_split,1.7809844037522118,0.6919444965026603,0.9991650624571218,0.0008349375428782224,34,49,73,10,71,13,
42,2,250,RL_adaptive,1.7809844037522118,0.6919444965026603,0.9954252953003401,0.004574704699659926,32,60,84,16,49,9,0.9954252953003401
42,2,500,Z_only,1.7809844037522118,0.6919444965026603,0.6043219206183481,0.3956780793816519,203,297,0,0,0,0,
42,2,500,ZX_split,1.7809844037522118,0.6919444965026603,0.8907064387339103,0.10929356126608969,100,150,213,37,0,0,
42,2,500,XYZ_split,1.7809844037522118,0.6919444965026603,0.9992447932635034,0.0007552067364966497,63,103,147,19,133,35,
42,2,500,RL_adaptive,1.7809844037522118,0.6919444965026603,0.9986685872368432,0.0013314127631568473,87,126,165,18,82,22,0.9986685872368432
42,3,10,Z_only,1.7809844037522118,0.6919444965026603,0.6043219206183481,0.3956780793816519,3,7,0,0,0,0,
42,3,10,ZX_split,1.7809844037522118,0.6919444965026603,0.3075197273261173,0.6924802726738827,2,3,2,3,0,0,
42,3,10,XYZ_split,1.7809844037522118,0.6919444965026603,0.9978098167388322,0.002190183261167822,1,2,3,0,4,0,
42,3,10,RL_adaptive,1.7809844037522118,0.6919444965026603,0.34579124013971646,0.6542087598602835,1,0,0,1,7,1,0.34579124013971646
42,3,25,Z_only,1.7809844037522118,0.6919444965026603,0.3956780793816517,0.6043219206183483,14,11,0,0,0,0,
42,3,25,ZX_split,1.7809844037522118,0.6919444965026603,0.884510756842687,0.11548924315731302,4,8,11,2,0,0,
42,3,25,XYZ_split,1.7809844037522118,0.6919444965026603,0.985952066906269,0.01404793309373098,4,4,7,1,8,1,
42,3,25,RL_adaptive,1.7809844037522118,0.6919444965026603,0.7589235124341932,0.2410764875658068,1,0,18,0,4,2,0.7589235124341932
42,3,50,Z_only,1.7809844037522118,0.6919444965026603,0.6043219206183481,0.3956780793816519,21,29,0,0,0,0,
42,3,50,ZX_split,1.7809844037522118,0.6919444965026603,0.8881928356435278,0.1118071643564722,11,14,22,3,0,0,
42,3,50,XYZ_split,1.7809844037522118,0.6919444965026603,0.9982714085258358,0.001728591474164154,5,11,16,0,16,2,
42,3,50,RL_adaptive,1.7809844037522118,0.6919444965026603,0.9778555160480792,0.022144483951920813,14,13,13,4,4,2,0.9778555160480792
42,3,100,Z_only,1.7809844037522118,0.6919444965026603,0.6043219206183481,0.3956780793816519,45,55,0,0,0,0,
42,3,100,ZX_split,1.7809844037522118,0.6919444965026603,0.8805089105511946,0.11949108944880538,13,37,47,3,0,0,
42,3,100,XYZ_split,1.7809844037522118,0.6919444965026603,0.9979339318944088,0.002066068105591179,14,19,30,3,27,7,
42,3,100,RL_adaptive,1.7809844037522118,0.6919444965026603,0.9782698482044304,0.021730151795569586,29,27,21,4,17,2,0.9782698482044304
42,3,250,Z_only,1.7809844037522118,0.6919444965026603,0.6043219206183481,0.3956780793816519,112,138,0,0,0,0,
42,3,250,ZX_split,1.7809844037522118,0.6919444965026603,0.8823685883374404,0.11763141166255964,40,85,106,19,0,0,
42,3,250,XYZ_split,1.7809844037522118,0.6919444965026603,0.9971957837712498,0.002804216228750156,37,46,74,9,70,14,
42,3,250,RL_adaptive,1.7809844037522118,0.6919444965026603,0.995491093686643,0.004508906313356986,36,52,92,10,45,15,0.995491093686643
42,3,500,Z_only,1.7809844037522118,0.6919444965026603,0.6043219206183481,0.3956780793816519,178,322,0,0,0,0,
42,3,500,ZX_split,1.7809844037522118,0.6919444965026603,0.8899965444237719,0.11000345557622815,105,145,219,31,0,0,
42,3,500,XYZ_split,1.7809844037522118,0.6919444965026603,0.9999284889994593,7.15110005407027e-05,65,101,143,23,135,33,
42,3,500,RL_adaptive,1.7809844037522118,0.6919444965026603,0.9977152611825197,0.0022847388174802585,74,142,156,21,88,19,0.9977152611825197
42,4,10,Z_only,1.7809844037522118,0.6919444965026603,0.3956780793816517,0.6043219206183483,5,5,0,0,0,0,
42,4,10,ZX_split,1.7809844037522118,0.6919444965026603,0.718037746420204,0.281962253579796,1,4,3,2,0,0,
42,4,10,XYZ_split,1.7809844037522118,0.6919444965026603,0.8729121232476559,0.12708787675234412,0,3,2,1,4,0,
42,4,10,RL_adaptive,1.7809844037522118,0.6919444965026603,0.9465630327971793,0.05343696720282065,0,1,1,0,7,1,0.9465630327971793
42,4,25,Z_only,1.7809844037522118,0.6919444965026603,0.6043219206183481,0.3956780793816519,11,14,0,0,0,0,
42,4,25,ZX_split,1.7809844037522118,0.6919444965026603,0.84690479623348,0.15309520376651997,3,9,10,3,0,0,
42,4,25,XYZ_split,1.7809844037522118,0.6919444965026603,0.9918556439865683,0.008144356013431664,3,5,8,0,7,2,
42,4,25,RL_adaptive,1.7809844037522118,0.6919444965026603,0.9098899610495313,0.09011003895046865,0,1,15,3,5,1,0.9098899610495313
42,4,50,Z_only,1.7809844037522118,0.6919444965026603,0.6043219206183481,0.3956780793816519,16,34,0,0,0,0,
42,4,50,ZX_split,1.7809844037522118,0.6919444965026603,0.8905910821393217,0.1094089178606783,9,16,24,1,0,0,
42,4,50,XYZ_split,1.7809844037522118,0.6919444965026603,0.9977995372177423,0.002200462782257717,7,9,14,2,14,4,
42,4,50,RL_adaptive,1.7809844037522118,0.6919444965026603,0.9800610248646995,0.01993897513530052,15,13,14,2,5,1,0.9800610248646995
42,4,100,Z_only,1.7809844037522118,0.6919444965026603,0.6043219206183481,0.3956780793816519,36,64,0,0,0,0,
42,4,100,ZX_split,1.7809844037522118,0.6919444965026603,0.8875063416784291,0.11249365832157088,17,33,44,6,0,0,
42,4,100,XYZ_split,1.7809844037522118,0.6919444965026603,0.9869193354202146,0.013080664579785406,10,23,27,6,29,5,
42,4,100,RL_adaptive,1.7809844037522118,0.6919444965026603,0.9897805930119127,0.01021940698808732,16,36,24,3,16,5,0.9897805930119127
42,4,250,Z_only,1.7809844037522118,0.6919444965026603,0.6043219206183481,0.3956780793816519,85,165,0,0,0,0,
42,4,250,ZX_split,1.7809844037522118,0.6919444965026603,0.8906347935237825,0.1093652064762175,48,77,111,14,0,0,
42,4,250,XYZ_split,1.7809844037522118,0.6919444965026603,0.9959119499904691,0.004088050009530941,38,45,71,12,64,20,
42,4,250,RL_adaptive,1.7809844037522118,0.6919444965026603,0.9983044230259371,0.0016955769740628623,33,55,95,8,47,12,0.9983044230259371
42,4,500,Z_only,1.7809844037522118,0.6919444965026603,0.6043219206183481,0.3956780793816519,185,315,0,0,0,0,
42,4,500,ZX_split,1.7809844037522118,0.6919444965026603,0.8889114745291793,0.11108852547082071,92,158,211,39,0,0,
42,4,500,XYZ_split,1.7809844037522118,0.6919444965026603,0.9991652712294365,0.0008347287705634532,63,103,141,25,137,31,
42,4,500,RL_adaptive,1.7809844037522118,0.6919444965026603,0.9970757669390764,0.002924233060923598,94,116,164,21,84,21,0.9970757669390764
43,0,10,Z_only,0.5767284372018657,4.862928529510156,0.9191255325318207,0.08087446746817928,10,0,0,0,0,0,
43,0,10,ZX_split,0.5767284372018657,4.862928529510156,0.7674539052156714,0.23254609478432864,4,1,1,4,0,0,
43,0,10,XYZ_split,0.5767284372018657,4.862928529510156,0.753535576518061,0.24646442348193898,2,1,0,3,0,4,
43,0,10,RL_adaptive,0.5767284372018657,4.862928529510156,0.8965289946099098,0.10347100539009024,1,0,1,0,2,6,0.8965289946099098
43,0,25,Z_only,0.5767284372018657,4.862928529510156,0.9191255325318207,0.08087446746817928,22,3,0,0,0,0,
43,0,25,ZX_split,0.5767284372018657,4.862928529510156,0.9211095932759041,0.07889040672409586,11,1,7,6,0,0,
43,0,25,XYZ_split,0.5767284372018657,4.862928529510156,0.9963307228912223,0.0036692771087777354,8,0,4,4,1,8,
43,0,25,RL_adaptive,0.5767284372018657,4.862928529510156,0.985063064835713,0.014936935164286957,1,0,11,6,2,5,0.985063064835713
43,0,50,Z_only,0.5767284372018657,4.862928529510156,0.9191255325318207,0.08087446746817928,45,5,0,0,0,0,
43,0,50,ZX_split,0.5767284372018657,4.862928529510156,0.9204248707622951,0.07957512923770493,25,0,13,12,0,0,
43,0,50,XYZ_split,0.5767284372018657,4.862928529510156,0.9746845841891166,0.025315415810883368,16,0,7,9,6,12,
43,0,50,RL_adaptive,0.5767284372018657,4.862928529510156,0.9618853568031205,0.038114643196879516,21,3,14,7,0,5,0.9618853568031205
43,0,100,Z_only,0.5767284372018657,4.862928529510156,0.9191255325318207,0.08087446746817928,94,6,0,0,0,0,
43,0,100,ZX_split,0.5767284372018657,4.862928529510156,0.9056420958233448,0.09435790417665524,42,8,22,28,0,0,
43,0,100,XYZ_split,0.5767284372018657,4.862928529510156,0.9966671537634311,0.0033328462365689315,29,4,19,14,7,27,
43,0,100,RL_adaptive,0.5767284372018657,4.862928529510156,0.9849703880468412,0.015029611953158772,67,10,6,8,2,7,0.9849703880468412
43,0,250,Z_only,0.5767284372018657,4.862928529510156,0.9191255325318207,0.08087446746817928,226,24,0,0,0,0,
43,0,250,ZX_split,0.5767284372018657,4.862928529510156,0.9210380981655786,0.07896190183442142,120,5,67,58,0,0,
43,0,250,XYZ_split,0.5767284372018657,4.862928529510156,0.9738904392203954,0.02610956077960458,70,13,33,50,20,64,
43,0,250,RL_adaptive,0.5767284372018657,4.862928529510156,0.9978354687393372,0.0021645312606628497,88,7,52,41,17,45,0.9978354687393372
43,0,500,Z_only,0.5767284372018657,4.862928529510156,0.9191255325318207,0.08087446746817928,456,44,0,0,0,0,
43,0,500,ZX_split,0.5767284372018657,4.862928529510156,0.9209950868899407,0.0790049131100593,240,10,139,111,0,0,
43,0,500,XYZ_split,0.5767284372018657,4.862928529510156,0.9994371314802714,0.0005628685197286432,154,12,88,78,42,126,
43,0,500,RL_adaptive,0.5767284372018657,4.862928529510156,0.9966875231029897,0.003312476897010308,173,13,118,87,30,79,0.9966875231029897
43,1,10,Z_only,0.5767284372018657,4.862928529510156,0.9191255325318207,0.08087446746817928,9,1,0,0,0,0,
43,1,10,ZX_split,0.5767284372018657,4.862928529510156,0.9190053106150752,0.08099468938492482,5,0,3,2,0,0,
43,1,10,XYZ_split,0.5767284372018657,4.862928529510156,0.9833655055676598,0.01663449443234022,3,0,2,1,0,4,
43,1,10,RL_adaptive,0.5767284372018657,4.862928529510156,0.8625767477993886,0.13742325220061136,1,0,0,1,1,7,0.8625767477993886
43,1,25,Z_only,0.5767284372018657,4.862928529510156,0.9191255325318207,0.08087446746817928,22,3,0,0,0,0,
43,1,25,ZX_split,0.5767284372018657,4.862928529510156,0.8634142615081665,0.13658573849183353,11,1,4,9,0,0,
43,1,25,XYZ_split,0.5767284372018657,4.862928529510156,0.9533923181806009,0.046607681819399116,6,2,4,4,1,8,
43,1,25,RL_adaptive,0.5767284372018657,4.862928529510156,0.2280497470209193,0.7719502529790807,0,1,13,5,2,4,0.2280497470209193
43,1,50,Z_only,0.5767284372018657,4.862928529510156,0.9191255325318207,0.08087446746817928,49,1,0,0,0,0,
43,1,50,ZX_split,0.5767284372018657,4.862928529510156,0.9206956289115436,0.07930437108845645,23,2,14,11,0,0,
43,1,50,XYZ_split,0.5767284372018657,4.862928529510156,0.9936217421347441,0.006378257865255921,14,2,9,7,3,15,
43,1,50,RL_adaptive,0.5767284372018657,4.862928529510156,0.8747901268872975,0.12520987311270249,22,4,13,5,3,3,0.8747901268872975
43,1,100,Z_only,0.5767284372018657,4.862928529510156,0.9191255325318207,0.08087446746817928,92,8,0,0,0,0,
43,1,100,ZX_split,0.5767284372018657,4.862928529510156,0.9206952862228133,0.07930471377718673,44,6,26,24,0,0,
43,1,100,XYZ_split,0.5767284372018657,4.862928529510156,0.9964054383119941,0.0035945616880058706,28,5,16,17,9,25,
43,1,100,RL_adaptive,0.5767284372018657,4.862928529510156,0.9868685990562248,0.013131400943775184,75,3,6,8,2,6,0.9868685990562248
43,1,250,Z_only,0.5767284372018657,4.862928529510156,0.9191255325318207,0.08087446746817928,231,19,0,0,0,0,
43,1,250,ZX_split,0.5767284372018657,4.862928529510156,0.9210468685438119,0.0789531314561881,110,15,68,57,0,0,
43,1,250,XYZ_split,0.5767284372018657,4.862928529510156,0.9935450301508815,0.00645496984911853,76,7,51,32,22,62,
43,1,250,RL_adaptive,0.5767284372018657,4.862928529510156,0.9721615697775141,0.027838430222485888,86,6,64,35,21,38,0.9721615697775141
43,1,500,Z_only,0.5767284372018657,4.862928529510156,0.9191255325318207,0.08087446746817928,466,34,0,0,0,0,
43,1,500,ZX_split,0.5767284372018657,4.862928529510156,0.9206956289115436,0.07930437108845645,230,20,140,110,0,0,
43,1,500,XYZ_split,0.5767284372018657,4.862928529510156,0.9990271757383704,0.0009728242616295901,148,18,94,72,43,125,
43,1,500,RL_adaptive,0.5767284372018657,4.862928529510156,0.9987091869844347,0.0012908130155653286,170,16,101,99,27,87,0.9987091869844347
43,2,10,Z_only,0.5767284372018657,4.862928529510156,0.9191255325318207,0.08087446746817928,10,0,0,0,0,0,
43,2,10,ZX_split,0.5767284372018657,4.862928529510156,0.9190053106150752,0.08099468938492482,5,0,3,2,0,0,
43,2,10,XYZ_split,0.5767284372018657,4.862928529510156,0.9646045326725378,0.03539546732746224,3,0,1,2,0,4,
43,2,10,RL_adaptive,0.5767284372018657,4.862928529510156,0.8252791072276756,0.1747208927723244,1,0,1,0,4,4,0.8252791072276756
43,2,25,Z_only,0.5767284372018657,4.862928529510156,0.9191255325318207,0.08087446746817928,24,1,0,0,0,0,
43,2,25,ZX_split,0.5767284372018657,4.862928529510156,0.8213275453141337,0.17867245468586634,12,0,2,11,0,0,
43,2,25,XYZ_split,0.5767284372018657,4.862928529510156,0.9945546062902263,0.005445393709773705,8,0,5,3,2,7,
43,2,25,RL_adaptive,0.5767284372018657,4.862928529510156,0.9952101123469778,0.00478988765302224,1,0,8,9,1,6,0.9952101123469778
43,2,50,Z_only,0.5767284372018657,4.862928529510156,0.9191255325318207,0.08087446746817928,45,5,0,0,0,0,
43,2,50,ZX_split,0.5767284372018657,4.862928529510156,0.9171563970988565,0.08284360290114345,25,0,12,13,0,0,
43,2,50,XYZ_split,0.5767284372018657,4.862928529510156,0.9807092362998325,0.019290763700167468,14,2,7,9,6,12,
43,2,50,RL_adaptive,0.5767284372018657,4.862928529510156,0.9887392246940171,0.011260775305982906,23,2,11,8,2,4,0.9887392246940171
43,2,100,Z_only,0.5767284372018657,4.862928529510156,0.9191255325318207,0.08087446746817928,96,4,0,0,0,0,
43,2,100,ZX_split,0.5767284372018657,4.862928529510156,0.9209605992114281,0.07903940078857186,49,1,28,22,0,0,
43,2,100,XYZ_split,0.5767284372018657,4.862928529510156,0.9814775891807976,0.018522410819202362,32,1,15,18,11,23,
43,2,100,RL_adaptive,0.5767284372018657,4.862928529510156,0.9620339232768472,0.037966076723152775,73,4,10,5,3,5,0.9620339232768472
43,2,250,Z_only,0.5767284372018657,4.862928529510156,0.9191255325318207,0.08087446746817928,231,19,0,0,0,0,
43,2,250,ZX_split,0.5767284372018657,4.862928529510156,0.9203496025906738,0.07965039740932622,116,9,71,54,0,0,
43,2,250,XYZ_split,0.5767284372018657,4.862928529510156,0.9987567684543236,0.0012432315456764043,78,5,42,41,18,66,
43,2,250,RL_adaptive,0.5767284372018657,4.862928529510156,0.9949548643459208,0.005045135654079158,93,5,44,47,16,45,0.9949548643459208
43,2,500,Z_only,0.5767284372018657,4.862928529510156,0.9191255325318207,0.08087446746817928,455,45,0,0,0,0,
43,2,500,ZX_split,0.5767284372018657,4.862928529510156,0.9211148005978805,0.07888519940211947,236,14,136,114,0,0,
43,2,500,XYZ_split,0.5767284372018657,4.862928529510156,0.9945842567204874,0.005415743279512553,154,12,86,80,51,117,
43,2,500,RL_adaptive,0.5767284372018657,4.862928529510156,0.996331586410405,0.003668413589595021,165,23,95,100,33,84,0.996331586410405
43,3,10,Z_only,0.5767284372018657,4.862928529510156,0.9191255325318207,0.08087446746817928,10,0,0,0,0,0,
43,3,10,ZX_split,0.5767284372018657,4.862928529510156,0.9029674851636639,0.09703251483633613,5,0,2,3,0,0,
43,3,10,XYZ_split,0.5767284372018657,4.862928529510156,0.9212190864399493,0.07878091356005068,3,0,3,0,0,4,
43,3,10,RL_adaptive,0.5767284372018657,4.862928529510156,0.8965289946099098,0.10347100539009024,1,0,1,0,2,6,0.8965289946099098
43,3,25,Z_only,0.5767284372018657,4.862928529510156,0.9191255325318207,0.08087446746817928,24,1,0,0,0,0,
43,3,25,ZX_split,0.5767284372018657,4.862928529510156,0.9211095932759041,0.07889040672409586,11,1,7,6,0,0,
43,3,25,XYZ_split,0.5767284372018657,4.862928529510156,0.9770951404752036,0.022904859524796373,8,0,3,5,2,7,
43,3,25,RL_adaptive,0.5767284372018657,4.862928529510156,0.9952101123469778,0.00478988765302224,1,0,8,9,1,6,0.9952101123469778
43,3,50,Z_only,0.5767284372018657,4.862928529510156,0.9191255325318207,0.08087446746817928,47,3,0,0,0,0,
43,3,50,ZX_split,0.5767284372018657,4.862928529510156,0.8754078495015407,0.12459215049845929,24,1,8,17,0,0,
43,3,50,XYZ_split,0.5767284372018657,4.862928529510156,0.988956988541803,0.011043011458196972,15,1,7,9,3,15,
43,3,50,RL_adaptive,0.5767284372018657,4.862928529510156,0.9708576443233741,0.02914235567662593,24,0,16,5,0,5,0.9708576443233741
43,3,100,Z_only,0.5767284372018657,4.862928529510156,0.9191255325318207,0.08087446746817928,91,9,0,0,0,0,
43,3,100,ZX_split,0.5767284372018657,4.862928529510156,0.9142321968375009,0.0857678031624991,46,4,31,19,0,0,
43,3,100,XYZ_split,0.5767284372018657,4.862928529510156,0.9616815886915929,0.038318411308407074,28,5,13,20,12,22,
43,3,100,RL_adaptive,0.5767284372018657,4.862928529510156,0.9539989130469465,0.046001086953053494,71,6,5,9,3,6,0.9539989130469465
43,3,250,Z_only,0.5767284372018657,4.862928529510156,0.9191255325318207,0.08087446746817928,228,22,0,0,0,0,
43,3,250,ZX_split,0.5767284372018657,4.862928529510156,0.917742129041006,0.08225787095899395,113,12,74,51,0,0,
43,3,250,XYZ_split,0.5767284372018657,4.862928529510156,0.988845080364511,0.01115491963548898,77,6,36,47,19,65,
43,3,250,RL_adaptive,0.5767284372018657,4.862928529510156,0.9944198420064587,0.005580157993541279,86,11,42,45,13,53,0.9944198420064587
43,3,500,Z_only,0.5767284372018657,4.862928529510156,0.9191255325318207,0.08087446746817928,451,49,0,0,0,0,
43,3,500,ZX_split,0.5767284372018657,4.862928529510156,0.9206151196656396,0.07938488033436042,228,22,130,120,0,0,
43,3,500,XYZ_split,0.5767284372018657,4.862928529510156,0.9998034461790659,0.0001965538209340867,149,17,91,75,39,129,
43,3,500,RL_adaptive,0.5767284372018657,4.862928529510156,0.9996149341398487,0.0003850658601513013,167,21,104,95,27,86,0.9996149341398487
43,4,10,Z_only,0.5767284372018657,4.862928529510156,0.9191255325318207,0.08087446746817928,9,1,0,0,0,0,
43,4,10,ZX_split,0.5767284372018657,4.862928529510156,0.9029674851636639,0.09703251483633613,5,0,2,3,0,0,
43,4,10,XYZ_split,0.5767284372018657,4.862928529510156,0.9833655055676598,0.01663449443234022,3,0,2,1,0,4,
43,4,10,RL_adaptive,0.5767284372018657,4.862928529510156,0.2831768279459217,0.7168231720540783,0,1,0,1,2,6,0.2831768279459217
43,4,25,Z_only,0.5767284372018657,4.862928529510156,0.9191255325318207,0.08087446746817928,23,2,0,0,0,0,
43,4,25,ZX_split,0.5767284372018657,4.862928529510156,0.9094428818038001,0.09055711819619994,10,2,8,5,0,0,
43,4,25,XYZ_split,0.5767284372018657,4.862928529510156,0.9022995771002684,0.09770042289973158,6,2,3,5,4,5,
43,4,25,RL_adaptive,0.5767284372018657,4.862928529510156,0.9392391537921853,0.060760846207814745,1,0,7,10,3,4,0.9392391537921853
43,4,50,Z_only,0.5767284372018657,4.862928529510156,0.9191255325318207,0.08087446746817928,49,1,0,0,0,0,
43,4,50,ZX_split,0.5767284372018657,4.862928529510156,0.9204248707622951,0.07957512923770493,25,0,13,12,0,0,
43,4,50,XYZ_split,0.5767284372018657,4.862928529510156,0.9753363864494998,0.024663613550500174,15,1,6,10,3,15,
43,4,50,RL_adaptive,0.5767284372018657,4.862928529510156,0.9581861499615949,0.0418138500384051,20,3,9,12,0,6,0.9581861499615949
43,4,100,Z_only,0.5767284372018657,4.862928529510156,0.9191255325318207,0.08087446746817928,88,12,0,0,0,0,
43,4,100,ZX_split,0.5767284372018657,4.862928529510156,0.9211141804345099,0.07888581956549012,46,4,27,23,0,0,
43,4,100,XYZ_split,0.5767284372018657,4.862928529510156,0.9940244626414944,0.005975537358505645,31,2,17,16,4,30,
43,4,100,RL_adaptive,0.5767284372018657,4.862928529510156,0.9716289746661751,0.02837102533382485,71,7,10,4,2,6,0.9716289746661751
43,4,250,Z_only,0.5767284372018657,4.862928529510156,0.9191255325318207,0.08087446746817928,231,19,0,0,0,0,
43,4,250,ZX_split,0.5767284372018657,4.862928529510156,0.9205060313610549,0.07949396863894509,120,5,65,60,0,0,
43,4,250,XYZ_split,0.5767284372018657,4.862928529510156,0.9958281607526809,0.00417183924731912,80,3,40,43,20,64,
43,4,250,RL_adaptive,0.5767284372018657,4.862928529510156,0.9961866006277191,0.003813399372280868,88,7,46,42,10,57,0.9961866006277191
43,4,500,Z_only,0.5767284372018657,4.862928529510156,0.9191255325318207,0.08087446746817928,461,39,0,0,0,0,
43,4,500,ZX_split,0.5767284372018657,4.862928529510156,0.9209089327823046,0.07909106721769543,231,19,132,118,0,0,
43,4,500,XYZ_split,0.5767284372018657,4.862928529510156,0.9981736466726593,0.0018263533273407129,154,12,85,81,44,124,
43,4,500,RL_adaptive,0.5767284372018657,4.862928529510156,0.9995207922386949,0.00047920776130505605,172,14,110,94,22,88,0.9995207922386949
44,0,10,Z_only,1.512173594167113,5.842117257048275,0.5292945805038393,0.47070541949616074,8,2,0,0,0,0,
44,0,10,ZX_split,1.512173594167113,5.842117257048275,0.948351214325886,0.05164878567411402,3,2,5,0,0,0,
44,0,10,XYZ_split,1.512173594167113,5.842117257048275,0.8524132468769111,0.1475867531230889,0,3,3,0,1,3,
44,0,10,RL_adaptive,1.512173594167113,5.842117257048275,0.8309901032907492,0.16900989670925082,0,1,1,0,3,5,0.8309901032907492
44,0,25,Z_only,1.512173594167113,5.842117257048275,0.4707054194961607,0.5292945805038394,12,13,0,0,0,0,
44,0,25,ZX_split,1.512173594167113,5.842117257048275,0.9404140090126235,0.05958599098737649,5,7,13,0,0,0,
44,0,25,XYZ_split,1.512173594167113,5.842117257048275,0.9990108607025222,0.0009891392974777924,4,4,7,1,3,6,
44,0,25,RL_adaptive,1.512173594167113,5.842117257048275,0.7129131357848688,0.2870868642151312,1,0,15,2,5,2,0.7129131357848688
44,0,50,Z_only,1.512173594167113,5.842117257048275,0.5292945805038393,0.47070541949616074,28,22,0,0,0,0,
44,0,50,ZX_split,1.512173594167113,5.842117257048275,0.9513690050177682,0.04863099498223178,14,11,24,1,0,0,
44,0,50,XYZ_split,1.512173594167113,5.842117257048275,0.9955922509386288,0.004407749061371202,8,8,16,0,6,12,
44,0,50,RL_adaptive,1.512173594167113,5.842117257048275,0.9863592404227,0.013640759577300043,11,15,17,1,2,4,0.9863592404227
44,0,100,Z_only,1.512173594167113,5.842117257048275,0.5292945805038393,0.47070541949616074,58,42,0,0,0,0,
44,0,100,ZX_split,1.512173594167113,5.842117257048275,0.9493311146341722,0.05066888536582781,29,21,47,3,0,0,
44,0,100,XYZ_split,1.512173594167113,5.842117257048275,0.9872276402128739,0.012772359787126097,19,14,33,0,13,21,
44,0,100,RL_adaptive,1.512173594167113,5.842117257048275,0.9863501138205992,0.013649886179400772,48,26,14,0,2,10,0.9863501138205992
44,0,250,Z_only,1.512173594167113,5.842117257048275,0.5292945805038393,0.47070541949616074,152,98,0,0,0,0,
44,0,250,ZX_split,1.512173594167113,5.842117257048275,0.9522324077949021,0.04776759220509785,65,60,118,7,0,0,
44,0,250,XYZ_split,1.512173594167113,5.842117257048275,0.9856388982927621,0.014361101707237922,53,30,75,8,25,59,
44,0,250,RL_adaptive,1.512173594167113,5.842117257048275,0.9968052962973815,0.00319470370261854,43,39,80,9,20,59,0.9968052962973815
44,0,500,Z_only,1.512173594167113,5.842117257048275,0.5292945805038393,0.47070541949616074,258,242,0,0,0,0,
44,0,500,ZX_split,1.512173594167113,5.842117257048275,0.9504151814889996,0.049584818511000384,122,128,236,14,0,0,
44,0,500,XYZ_split,1.512173594167113,5.842117257048275,0.9985565633551239,0.0014434366448761171,91,75,158,8,54,114,
44,0,500,RL_adaptive,1.512173594167113,5.842117257048275,0.9920143259509543,0.00798567404904571,128,80,210,4,16,62,0.9920143259509543
44,1,10,Z_only,1.512173594167113,5.842117257048275,0.4707054194961607,0.5292945805038394,2,8,0,0,0,0,
44,1,10,ZX_split,1.512173594167113,5.842117257048275,0.9189447506003452,0.0810552493996548,2,3,4,1,0,0,
44,1,10,XYZ_split,1.512173594167113,5.842117257048275,0.9505903769918278,0.0494096230081722,1,2,3,0,0,4,
44,1,10,RL_adaptive,1.512173594167113,5.842117257048275,0.8524132468769111,0.1475867531230889,0,1,1,0,2,6,0.8524132468769111
44,1,25,Z_only,1.512173594167113,5.842117257048275,0.5292945805038393,0.47070541949616074,13,12,0,0,0,0,
44,1,25,ZX_split,1.512173594167113,5.842117257048275,0.9513714020573748,0.048628597942625196,6,6,13,0,0,0,
44,1,25,XYZ_split,1.512173594167113,5.842117257048275,0.9858926245035999,0.014107375496400065,5,3,7,1,3,6,
44,1,25,RL_adaptive,1.512173594167113,5.842117257048275,0.8797023208486917,0.12029767915130829,1,0,18,0,2,4,0.8797023208486917
44,1,50,Z_only,1.512173594167113,5.842117257048275,0.4707054194961607,0.5292945805038394,24,26,0,0,0,0,
44,1,50,ZX_split,1.512173594167113,5.842117257048275,0.9494671106963906,0.05053288930360944,12,13,23,2,0,0,
44,1,50,XYZ_split,1.512173594167113,5.842117257048275,0.9933093219490998,0.006690678050900178,8,8,14,2,7,11,
44,1,50,RL_adaptive,1.512173594167113,5.842117257048275,0.9441745930163771,0.05582540698362293,12,15,16,1,3,3,0.9441745930163771
44,1,100,Z_only,1.512173594167113,5.842117257048275,0.4707054194961607,0.5292945805038394,48,52,0,0,0,0,
44,1,100,ZX_split,1.512173594167113,5.842117257048275,0.943174712672244,0.05682528732775605,31,19,47,3,0,0,
44,1,100,XYZ_split,1.512173594167113,5.842117257048275,0.982228353563765,0.017771646436234967,18,15,33,0,14,20,
44,1,100,RL_adaptive,1.512173594167113,5.842117257048275,0.9324941220582976,0.06750587794170237,32,31,17,3,9,8,0.9324941220582976
44,1,250,Z_only,1.512173594167113,5.842117257048275,0.5292945805038393,0.47070541949616074,128,122,0,0,0,0,
44,1,250,ZX_split,1.512173594167113,5.842117257048275,0.9519300326830671,0.048069967316932916,68,57,114,11,0,0,
44,1,250,XYZ_split,1.512173594167113,5.842117257048275,0.9961525430618748,0.00384745693812516,46,37,78,5,19,65,
44,1,250,RL_adaptive,1.512173594167113,5.842117257048275,0.9996441063264869,0.00035589367351307466,42,40,85,6,22,55,0.9996441063264869
44,1,500,Z_only,1.512173594167113,5.842117257048275,0.5292945805038393,0.47070541949616074,267,233,0,0,0,0,
44,1,500,ZX_split,1.512173594167113,5.842117257048275,0.9511045444291997,0.04889545557080033,124,126,242,8,0,0,
44,1,500,XYZ_split,1.512173594167113,5.842117257048275,0.9977863452338153,0.002213654766184736,94,72,153,13,54,114,
44,1,500,RL_adaptive,1.512173594167113,5.842117257048275,0.9984433516008203,0.0015566483991796831,105,109,183,16,26,61,0.9984433516008203
44,2,10,Z_only,1.512173594167113,5.842117257048275,0.5292945805038393,0.47070541949616074,5,5,0,0,0,0,
44,2,10,ZX_split,1.512173594167113,5.842117257048275,0.9368609345080711,0.06313906549192894,2,3,5,0,0,0,
44,2,10,XYZ_split,1.512173594167113,5.842117257048275,0.9640316523612651,0.03596834763873491,2,1,3,0,0,4,
44,2,10,RL_adaptive,1.512173594167113,5.842117257048275,0.8914726875486969,0.10852731245130309,1,0,1,0,2,6,0.8914726875486969
44,2,25,Z_only,1.512173594167113,5.842117257048275,0.5292945805038393,0.47070541949616074,15,10,0,0,0,0,
44,2,25,ZX_split,1.512173594167113,5.842117257048275,0.9404140090126235,0.05958599098737649,5,7,13,0,0,0,
44,2,25,XYZ_split,1.512173594167113,5.842117257048275,0.9928241251000685,0.007175874899931545,5,3,8,0,2,7,
44,2,25,RL_adaptive,1.512173594167113,5.842117257048275,0.8445775441705955,0.1554224558294045,1,0,16,2,2,4,0.8445775441705955
44,2,50,Z_only,1.512173594167113,5.842117257048275,0.5292945805038393,0.47070541949616074,31,19,0,0,0,0,
44,2,50,ZX_split,1.512173594167113,5.842117257048275,0.9492078407772047,0.05079215922279534,12,13,22,3,0,0,
44,2,50,XYZ_split,1.512173594167113,5.842117257048275,0.9788124603126235,0.021187539687376522,10,6,14,2,7,11,
44,2,50,RL_adaptive,1.512173594167113,5.842117257048275,0.9879252061408489,0.012074793859151112,14,13,17,1,2,3,0.9879252061408489
44,2,100,Z_only,1.512173594167113,5.842117257048275,0.4707054194961607,0.5292945805038394,49,51,0,0,0,0,
44,2,100,ZX_split,1.512173594167113,5.842117257048275,0.9522700126990258,0.04772998730097422,27,23,50,0,0,0,
44,2,100,XYZ_split,1.512173594167113,5.842117257048275,0.9991033358973403,0.00089666410265965,18,15,31,2,9,25,
44,2,100,RL_adaptive,1.512173594167113,5.842117257048275,0.9626360590405066,0.03736394095949336,33,31,17,0,9,10,0.9626360590405066
44,2,250,Z_only,1.512173594167113,5.842117257048275,0.5292945805038393,0.47070541949616074,127,123,0,0,0,0,
44,2,250,ZX_split,1.512173594167113,5.842117257048275,0.9516169904448673,0.04838300955513275,63,62,118,7,0,0,
44,2,250,XYZ_split,1.512173594167113,5.842117257048275,0.9931614533189838,0.006838546681016244,37,46,80,3,22,62,
44,2,250,RL_adaptive,1.512173594167113,5.842117257048275,0.9952543769047647,0.004745623095235296,42,42,84,8,27,47,0.9952543769047647
44,2,500,Z_only,1.512173594167113,5.842117257048275,0.5292945805038393,0.47070541949616074,254,246,0,0,0,0,
44,2,500,ZX_split,1.512173594167113,5.842117257048275,0.9521881593661558,0.04781184063384425,135,115,237,13,0,0,
44,2,500,XYZ_split,1.512173594167113,5.842117257048275,0.9969471091736799,0.0030528908263200982,87,79,155,11,59,109,
44,2,500,RL_adaptive,1.512173594167113,5.842117257048275,0.9983111014939907,0.0016888985060092843,118,92,191,14,23,62,0.9983111014939907
44,3,10,Z_only,1.512173594167113,5.842117257048275,0.4707054194961607,0.5292945805038394,4,6,0,0,0,0,
44,3,10,ZX_split,1.512173594167113,5.842117257048275,0.948351214325886,0.05164878567411402,3,2,5,0,0,0,
44,3,10,XYZ_split,1.512173594167113,5.842117257048275,0.9374722700986041,0.06252772990139588,2,1,3,0,2,2,
44,3,10,RL_adaptive,1.512173594167113,5.842117257048275,0.8635046724813047,0.1364953275186953,0,1,1,0,1,7,0.8635046724813047
44,3,25,Z_only,1.512173594167113,5.842117257048275,0.5292945805038393,0.47070541949616074,16,9,0,0,0,0,
44,3,25,ZX_split,1.512173594167113,5.842117257048275,0.8918134174913394,0.10818658250866064,10,2,13,0,0,0,
44,3,25,XYZ_split,1.512173594167113,5.842117257048275,0.9652735722697813,0.03472642773021872,5,3,8,0,4,5,
44,3,25,RL_adaptive,1.512173594167113,5.842117257048275,0.857972949686789,0.14202705031321095,0,1,19,0,1,4,0.857972949686789
44,3,50,Z_only,1.512173594167113,5.842117257048275,0.5292945805038393,0.47070541949616074,26,24,0,0,0,0,
44,3,50,ZX_split,1.512173594167113,5.842117257048275,0.950977770225085,0.049022229774914994,14,11,23,2,0,0,
44,3,50,XYZ_split,1.512173594167113,5.842117257048275,0.976260517301371,0.023739482698629022,6,10,15,1,5,13,
44,3,50,RL_adaptive,1.512173594167113,5.842117257048275,0.9847189169289431,0.015281083071056911,15,12,18,0,2,3,0.9847189169289431
44,3,100,Z_only,1.512173594167113,5.842117257048275,0.5292945805038393,0.47070541949616074,50,50,0,0,0,0,
44,3,100,ZX_split,1.512173594167113,5.842117257048275,0.9495756322276596,0.050424367772340384,24,26,47,3,0,0,
44,3,100,XYZ_split,1.512173594167113,5.842117257048275,0.9845478372044715,0.015452162795528523,20,13,32,1,13,21,
44,3,100,RL_adaptive,1.512173594167113,5.842117257048275,0.997983377297496,0.002016622702504023,32,34,16,1,5,12,0.997983377297496
44,3,250,Z_only,1.512173594167113,5.842117257048275,0.5292945805038393,0.47070541949616074,132,118,0,0,0,0,
44,3,250,ZX_split,1.512173594167113,5.842117257048275,0.9520151169583253,0.0479848830416747,64,61,116,9,0,0,
44,3,250,XYZ_split,1.512173594167113,5.842117257048275,0.9996353078051752,0.00036469219482482274,45,38,77,6,26,58,
44,3,250,RL_adaptive,1.512173594167113,5.842117257048275,0.9971486313292639,0.0028513686707360986,46,36,87,7,25,49,0.9971486313292639
44,3,500,Z_only,1.512173594167113,5.842117257048275,0.5292945805038393,0.47070541949616074,255,245,0,0,0,0,
44,3,500,ZX_split,1.512173594167113,5.842117257048275,0.9491831858955344,0.05081681410446559,119,131,238,12,0,0,
44,3,500,XYZ_split,1.512173594167113,5.842117257048275,0.9977175288863631,0.002282471113636886,92,74,152,14,44,124,
44,3,500,RL_adaptive,1.512173594167113,5.842117257048275,0.9961659812635678,0.0038340187364321876,117,93,202,5,28,55,0.9961659812635678
44,4,10,Z_only,1.512173594167113,5.842117257048275,0.5292945805038393,0.47070541949616074,6,4,0,0,0,0,
44,4,10,ZX_split,1.512173594167113,5.842117257048275,0.9021197214594063,0.09788027854059367,4,1,5,0,0,0,
44,4,10,XYZ_split,1.512173594167113,5.842117257048275,0.9865822665604167,0.013417733439583301,2,1,3,0,1,3,
44,4,10,RL_adaptive,1.512173594167113,5.842117257048275,0.8914726875486969,0.10852731245130309,1,0,1,0,2,6,0.8914726875486969
44,4,25,Z_only,1.512173594167113,5.842117257048275,0.4707054194961607,0.5292945805038394,12,13,0,0,0,0,
44,4,25,ZX_split,1.512173594167113,5.842117257048275,0.9513714020573748,0.048628597942625196,6,6,13,0,0,0,
44,4,25,XYZ_split,1.512173594167113,5.842117257048275,0.9928241251000685,0.007175874899931545,5,3,8,0,2,7,
44,4,25,RL_adaptive,1.512173594167113,5.842117257048275,0.8253509054301935,0.17464909456980648,0,1,19,0,2,3,0.8253509054301935
44,4,50,Z_only,1.512173594167113,5.842117257048275,0.5292945805038393,0.47070541949616074,28,22,0,0,0,0,
44,4,50,ZX_split,1.512173594167113,5.842117257048275,0.9498398907583356,0.05016010924166436,12,13,25,0,0,0,
44,4,50,XYZ_split,1.512173594167113,5.842117257048275,0.9883725476452159,0.011627452354784129,10,6,15,1,6,12,
44,4,50,RL_adaptive,1.512173594167113,5.842117257048275,0.9402023129936043,0.05979768700639565,11,15,17,2,0,5,0.9402023129936043
44,4,100,Z_only,1.512173594167113,5.842117257048275,0.5292945805038393,0.47070541949616074,56,44,0,0,0,0,
44,4,100,ZX_split,1.512173594167113,5.842117257048275,0.950723159480011,0.04927684051998904,28,22,45,5,0,0,
44,4,100,XYZ_split,1.512173594167113,5.842117257048275,0.9975719010678318,0.002428098932168221,16,17,30,3,11,23,
44,4,100,RL_adaptive,1.512173594167113,5.842117257048275,0.9965265169194594,0.003473483080540629,32,35,15,0,4,14,0.9965265169194594
44,4,250,Z_only,1.512173594167113,5.842117257048275,0.4707054194961607,0.5292945805038394,123,127,0,0,0,0,
44,4,250,ZX_split,1.512173594167113,5.842117257048275,0.9511093015172372,0.04889069848276284,62,63,122,3,0,0,
44,4,250,XYZ_split,1.512173594167113,5.842117257048275,0.9995191919572771,0.00048080804272288,44,39,79,4,22,62,
44,4,250,RL_adaptive,1.512173594167113,5.842117257048275,0.9986571561812505,0.001342843818749495,40,41,87,4,23,55,0.9986571561812505
44,4,500,Z_only,1.512173594167113,5.842117257048275,0.5292945805038393,0.47070541949616074,269,231,0,0,0,0,
44,4,500,ZX_split,1.512173594167113,5.842117257048275,0.951974236130288,0.048025763869712024,137,113,240,10,0,0,
44,4,500,XYZ_split,1.512173594167113,5.842117257048275,0.99974099539895,0.0002590046010499947,90,76,153,13,51,117,
44,4,500,RL_adaptive,1.512173594167113,5.842117257048275,0.9946526406560852,0.005347359343914837,99,117,185,13,26,60,0.9946526406560852
45,0,10,Z_only,0.4614040978125488,1.5853024425696787,0.9477141339425235,0.05228586605747654,10,0,0,0,0,0,
45,0,10,ZX_split,0.4614040978125488,1.5853024425696787,0.9383865708806112,0.06161342911938883,5,0,3,2,0,0,
45,0,10,XYZ_split,0.4614040978125488,1.5853024425696787,0.7874411947187034,0.21255880528129656,3,0,2,1,1,3,
45,0,10,RL_adaptive,0.4614040978125488,1.5853024425696787,0.8527426034513768,0.14725739654862324,1,0,0,1,5,3,0.8527426034513768
45,0,25,Z_only,0.4614040978125488,1.5853024425696787,0.9477141339425235,0.05228586605747654,22,3,0,0,0,0,
45,0,25,ZX_split,0.4614040978125488,1.5853024425696787,0.9466430377204356,0.053356962279564435,12,0,6,7,0,0,
45,0,25,XYZ_split,0.4614040978125488,1.5853024425696787,0.9814078888846548,0.0185921111153452,8,0,3,5,8,1,
45,0,25,RL_adaptive,0.4614040978125488,1.5853024425696787,0.981051500584867,0.01894849941513299,1,0,11,6,5,2,0.981051500584867
45,0,50,Z_only,0.4614040978125488,1.5853024425696787,0.9477141339425235,0.05228586605747654,47,3,0,0,0,0,
45,0,50,ZX_split,0.4614040978125488,1.5853024425696787,0.9441402750936483,0.055859724906351715,25,0,14,11,0,0,
45,0,50,XYZ_split,0.4614040978125488,1.5853024425696787,0.8845465452649365,0.11545345473506352,13,3,13,3,14,4,
45,0,50,RL_adaptive,0.4614040978125488,1.5853024425696787,0.9673733480605957,0.03262665193940428,23,2,6,11,7,1,0.9673733480605957
45,0,100,Z_only,0.4614040978125488,1.5853024425696787,0.9477141339425235,0.05228586605747654,96,4,0,0,0,0,
45,0,100,ZX_split,0.4614040978125488,1.5853024425696787,0.9273762598098969,0.07262374019010309,48,2,32,18,0,0,
45,0,100,XYZ_split,0.4614040978125488,1.5853024425696787,0.999872523530774,0.00012747646922595113,32,1,16,17,25,9,
45,0,100,RL_adaptive,0.4614040978125488,1.5853024425696787,0.9886286008711964,0.011371399128803583,67,5,11,9,5,3,0.9886286008711964
45,0,250,Z_only,0.4614040978125488,1.5853024425696787,0.9477141339425235,0.05228586605747654,240,10,0,0,0,0,
45,0,250,ZX_split,0.4614040978125488,1.5853024425696787,0.9477254601954018,0.052274539804598175,122,3,62,63,0,0,
45,0,250,XYZ_split,0.4614040978125488,1.5853024425696787,0.994606545202287,0.0053934547977130265,77,6,37,46,65,19,
45,0,250,RL_adaptive,0.4614040978125488,1.5853024425696787,0.9984594838337321,0.0015405161662679356,98,4,48,57,31,12,0.9984594838337321
45,0,500,Z_only,0.4614040978125488,1.5853024425696787,0.9477141339425235,0.05228586605747654,478,22,0,0,0,0,
45,0,500,ZX_split,0.4614040978125488,1.5853024425696787,0.9475594698117962,0.05244053018820383,241,9,121,129,0,0,
45,0,500,XYZ_split,0.4614040978125488,1.5853024425696787,0.9963879978941386,0.0036120021058614338,157,9,74,92,128,40,
45,0,500,RL_adaptive,0.4614040978125488,1.5853024425696787,0.9982850415764521,0.001714958423547852,170,6,88,103,94,39,0.9982850415764521
45,1,10,Z_only,0.4614040978125488,1.5853024425696787,0.9477141339425235,0.05228586605747654,10,0,0,0,0,0,
45,1,10,ZX_split,0.4614040978125488,1.5853024425696787,0.8822504007959546,0.11774959920404537,5,0,4,1,0,0,
45,1,10,XYZ_split,0.4614040978125488,1.5853024425696787,0.9800687491827654,0.01993125081723457,3,0,1,2,3,1,
45,1,10,RL_adaptive,0.4614040978125488,1.5853024425696787,0.8748219117178649,0.12517808828213506,1,0,0,1,6,2,0.8748219117178649
45,1,25,Z_only,0.4614040978125488,1.5853024425696787,0.9477141339425235,0.05228586605747654,23,2,0,0,0,0,
45,1,25,ZX_split,0.4614040978125488,1.5853024425696787,0.9167128797869383,0.08328712021306173,12,0,9,4,0,0,
45,1,25,XYZ_split,0.4614040978125488,1.5853024425696787,0.981015429471966,0.01898457052803404,8,0,5,3,6,3,
45,1,25,RL_adaptive,0.4614040978125488,1.5853024425696787,0.9982902042767764,0.001709795723223606,1,0,9,8,5,2,0.9982902042767764
45,1,50,Z_only,0.4614040978125488,1.5853024425696787,0.9477141339425235,0.05228586605747654,43,7,0,0,0,0,
45,1,50,ZX_split,0.4614040978125488,1.5853024425696787,0.9212257551354064,0.07877424486459361,22,3,9,16,0,0,
45,1,50,XYZ_split,0.4614040978125488,1.5853024425696787,0.995124735005729,0.004875264994271045,16,0,8,8,12,6,
45,1,50,RL_adaptive,0.4614040978125488,1.5853024425696787,0.9692718291291574,0.030728170870842564,25,1,12,6,4,2,0.9692718291291574
45,1,100,Z_only,0.4614040978125488,1.5853024425696787,0.9477141339425235,0.05228586605747654,93,7,0,0,0,0,
45,1,100,ZX_split,0.4614040978125488,1.5853024425696787,0.932151182514805,0.067848817485195,44,6,30,20,0,0,
45,1,100,XYZ_split,0.4614040978125488,1.5853024425696787,0.9751114819401774,0.024888518059822617,32,1,21,12,30,4,
45,1,100,RL_adaptive,0.4614040978125488,1.5853024425696787,0.9440890903459315,0.05591090965406853,71,3,10,8,4,4,0.9440890903459315
45,1,250,Z_only,0.4614040978125488,1.5853024425696787,0.9477141339425235,0.05228586605747654,233,17,0,0,0,0,
45,1,250,ZX_split,0.4614040978125488,1.5853024425696787,0.9476379429470856,0.05236205705291441,118,7,61,64,0,0,
45,1,250,XYZ_split,0.4614040978125488,1.5853024425696787,0.9865318649337885,0.013468135066211473,80,3,31,52,64,20,
45,1,250,RL_adaptive,0.4614040978125488,1.5853024425696787,0.9943392816785165,0.0056607183214835155,95,3,63,48,32,9,0.9943392816785165
45,1,500,Z_only,0.4614040978125488,1.5853024425696787,0.9477141339425235,0.05228586605747654,472,28,0,0,0,0,
45,1,500,ZX_split,0.4614040978125488,1.5853024425696787,0.9475919398944075,0.05240806010559251,241,9,127,123,0,0,
45,1,500,XYZ_split,0.4614040978125488,1.5853024425696787,0.9945272959238061,0.005472704076193935,158,8,87,79,136,32,
45,1,500,RL_adaptive,0.4614040978125488,1.5853024425696787,0.9977792864470552,0.002220713552944842,168,11,106,90,88,37,0.9977792864470552
45,2,10,Z_only,0.4614040978125488,1.5853024425696787,0.9477141339425235,0.05228586605747654,10,0,0,0,0,0,
45,2,10,ZX_split,0.4614040978125488,1.5853024425696787,0.9383865708806112,0.06161342911938883,5,0,3,2,0,0,
45,2,10,XYZ_split,0.4614040978125488,1.5853024425696787,0.9257600175600131,0.07423998243998686,3,0,1,2,2,2,
45,2,10,RL_adaptive,0.4614040978125488,1.5853024425696787,0.8748219117178649,0.12517808828213506,1,0,0,1,6,2,0.8748219117178649
45,2,25,Z_only,0.4614040978125488,1.5853024425696787,0.9477141339425235,0.05228586605747654,24,1,0,0,0,0,
45,2,25,ZX_split,0.4614040978125488,1.5853024425696787,0.9369747794665855,0.06302522053341453,12,0,5,8,0,0,
45,2,25,XYZ_split,0.4614040978125488,1.5853024425696787,0.9695555878957496,0.030444412104250418,8,0,4,4,5,4,
45,2,25,RL_adaptive,0.4614040978125488,1.5853024425696787,0.9929726831331254,0.007027316866874633,1,0,9,8,6,1,0.9929726831331254
45,2,50,Z_only,0.4614040978125488,1.5853024425696787,0.9477141339425235,0.05228586605747654,48,2,0,0,0,0,
45,2,50,ZX_split,0.4614040978125488,1.5853024425696787,0.9473609706099376,0.052639029390062375,23,2,12,13,0,0,
45,2,50,XYZ_split,0.4614040978125488,1.5853024425696787,0.965884890447394,0.03411510955260599,15,1,11,5,13,5,
45,2,50,RL_adaptive,0.4614040978125488,1.5853024425696787,0.946798868576456,0.05320113142354399,24,1,10,9,3,3,0.946798868576456
45,2,100,Z_only,0.4614040978125488,1.5853024425696787,0.9477141339425235,0.05228586605747654,97,3,0,0,0,0,
45,2,100,ZX_split,0.4614040978125488,1.5853024425696787,0.947227335460712,0.05277266453928797,50,0,26,24,0,0,
45,2,100,XYZ_split,0.4614040978125488,1.5853024425696787,0.9677712790262502,0.03222872097374985,32,1,23,10,27,7,
45,2,100,RL_adaptive,0.4614040978125488,1.5853024425696787,0.9589818740208027,0.041018125979197295,67,4,15,6,6,2,0.9589818740208027
45,2,250,Z_only,0.4614040978125488,1.5853024425696787,0.9477141339425235,0.05228586605747654,241,9,0,0,0,0,
45,2,250,ZX_split,0.4614040978125488,1.5853024425696787,0.9476691309770536,0.05233086902294637,120,5,63,62,0,0,
45,2,250,XYZ_split,0.4614040978125488,1.5853024425696787,0.9996529261073193,0.0003470738926807382,76,7,42,41,58,26,
45,2,250,RL_adaptive,0.4614040978125488,1.5853024425696787,0.9983673242272231,0.0016326757727769259,99,3,49,58,31,10,0.9983673242272231
45,2,500,Z_only,0.4614040978125488,1.5853024425696787,0.9477141339425235,0.05228586605747654,469,31,0,0,0,0,
45,2,500,ZX_split,0.4614040978125488,1.5853024425696787,0.9449161214025438,0.055083878597456226,239,11,137,113,0,0,
45,2,500,XYZ_split,0.4614040978125488,1.5853024425696787,0.9995389765902648,0.00046102340973519507,159,7,79,87,121,47,
45,2,500,RL_adaptive,0.4614040978125488,1.5853024425696787,0.9988980786363714,0.001101921363628633,168,9,89,101,99,34,0.9988980786363714
45,3,10,Z_only,0.4614040978125488,1.5853024425696787,0.9477141339425235,0.05228586605747654,9,1,0,0,0,0,
45,3,10,ZX_split,0.4614040978125488,1.5853024425696787,0.8188649410780524,0.1811350589219476,4,1,1,4,0,0,
45,3,10,XYZ_split,0.4614040978125488,1.5853024425696787,0.9800687491827654,0.01993125081723457,3,0,1,2,3,1,
45,3,10,RL_adaptive,0.4614040978125488,1.5853024425696787,0.8748219117178649,0.12517808828213506,1,0,0,1,6,2,0.8748219117178649
45,3,25,Z_only,0.4614040978125488,1.5853024425696787,0.9477141339425235,0.05228586605747654,24,1,0,0,0,0,
45,3,25,ZX_split,0.4614040978125488,1.5853024425696787,0.9461477332192624,0.05385226678073762,12,0,7,6,0,0,
45,3,25,XYZ_split,0.4614040978125488,1.5853024425696787,0.952594392458553,0.04740560754144696,7,1,3,5,5,4,
45,3,25,RL_adaptive,0.4614040978125488,1.5853024425696787,0.9886432103862279,0.011356789613772067,1,0,6,10,6,2,0.9886432103862279
45,3,50,Z_only,0.4614040978125488,1.5853024425696787,0.9477141339425235,0.05228586605747654,47,3,0,0,0,0,
45,3,50,ZX_split,0.4614040978125488,1.5853024425696787,0.9469373070499141,0.05306269295008592,20,5,12,13,0,0,
45,3,50,XYZ_split,0.4614040978125488,1.5853024425696787,0.9607498039422634,0.03925019605773661,15,1,11,5,12,6,
45,3,50,RL_adaptive,0.4614040978125488,1.5853024425696787,0.978678696077249,0.021321303922751,24,2,11,7,5,1,0.978678696077249
45,3,100,Z_only,0.4614040978125488,1.5853024425696787,0.9477141339425235,0.05228586605747654,95,5,0,0,0,0,
45,3,100,ZX_split,0.4614040978125488,1.5853024425696787,0.938181602742792,0.06181839725720795,48,2,20,30,0,0,
45,3,100,XYZ_split,0.4614040978125488,1.5853024425696787,0.9600261879199339,0.03997381208006612,31,2,23,10,29,5,
45,3,100,RL_adaptive,0.4614040978125488,1.5853024425696787,0.989344383640473,0.010655616359527054,67,5,9,11,5,3,0.989344383640473
45,3,250,Z_only,0.4614040978125488,1.5853024425696787,0.9477141339425235,0.05228586605747654,237,13,0,0,0,0,
45,3,250,ZX_split,0.4614040978125488,1.5853024425696787,0.9477247588416606,0.05227524115833937,116,9,62,63,0,0,
45,3,250,XYZ_split,0.4614040978125488,1.5853024425696787,0.9911555678092768,0.008844432190723173,80,3,33,50,63,21,
45,3,250,RL_adaptive,0.4614040978125488,1.5853024425696787,0.9961974924391107,0.00380250756088929,94,7,56,52,32,9,0.9961974924391107
45,3,500,Z_only,0.4614040978125488,1.5853024425696787,0.9477141339425235,0.05228586605747654,464,36,0,0,0,0,
45,3,500,ZX_split,0.4614040978125488,1.5853024425696787,0.9403773374404009,0.05962266255959914,235,15,104,146,0,0,
45,3,500,XYZ_split,0.4614040978125488,1.5853024425696787,0.999212241378459,0.0007877586215410126,162,4,86,80,120,48,
45,3,500,RL_adaptive,0.4614040978125488,1.5853024425696787,0.999833001504052,0.00016699849594803418,167,11,97,96,91,38,0.999833001504052
45,4,10,Z_only,0.4614040978125488,1.5853024425696787,0.9477141339425235,0.05228586605747654,10,0,0,0,0,0,
45,4,10,ZX_split,0.4614040978125488,1.5853024425696787,0.8822504007959546,0.11774959920404537,5,0,4,1,0,0,
45,4,10,XYZ_split,0.4614040978125488,1.5853024425696787,0.9257600175600131,0.07423998243998686,3,0,1,2,2,2,
45,4,10,RL_adaptive,0.4614040978125488,1.5853024425696787,0.8819508952090394,0.11804910479096065,1,0,1,0,7,1,0.8819508952090394
45,4,25,Z_only,0.4614040978125488,1.5853024425696787,0.9477141339425235,0.05228586605747654,23,2,0,0,0,0,
45,4,25,ZX_split,0.4614040978125488,1.5853024425696787,0.8777949865337107,0.12220501346628931,11,1,3,10,0,0,
45,4,25,XYZ_split,0.4614040978125488,1.5853024425696787,0.8455337408834623,0.15446625911653766,8,0,3,5,3,6,
45,4,25,RL_adaptive,0.4614040978125488,1.5853024425696787,0.9719092258726596,0.0280907741273404,1,0,5,11,7,1,0.9719092258726596
45,4,50,Z_only,0.4614040978125488,1.5853024425696787,0.9477141339425235,0.05228586605747654,47,3,0,0,0,0,
45,4,50,ZX_split,0.4614040978125488,1.5853024425696787,0.9443711542814535,0.05562884571854654,24,1,11,14,0,0,
45,4,50,XYZ_split,0.4614040978125488,1.5853024425696787,0.9886398915366865,0.011360108463313479,16,0,6,10,14,4,
45,4,50,RL_adaptive,0.4614040978125488,1.5853024425696787,0.9920582641166925,0.007941735883307488,26,0,10,8,4,2,0.9920582641166925
45,4,100,Z_only,0.4614040978125488,1.5853024425696787,0.9477141339425235,0.05228586605747654,95,5,0,0,0,0,
45,4,100,ZX_split,0.4614040978125488,1.5853024425696787,0.9446573371574614,0.05534266284253864,49,1,22,28,0,0,
45,4,100,XYZ_split,0.4614040978125488,1.5853024425696787,0.9945710441795826,0.005428955820417358,31,2,14,19,25,9,
45,4,100,RL_adaptive,0.4614040978125488,1.5853024425696787,0.873186858436036,0.12681314156396395,74,3,7,8,3,5,0.873186858436036
45,4,250,Z_only,0.4614040978125488,1.5853024425696787,0.9477141339425235,0.05228586605747654,240,10,0,0,0,0,
45,4,250,ZX_split,0.4614040978125488,1.5853024425696787,0.9474318210735253,0.052568178926474696,120,5,60,65,0,0,
45,4,250,XYZ_split,0.4614040978125488,1.5853024425696787,0.9996748555727661,0.00032514442723385883,74,9,40,43,58,26,
45,4,250,RL_adaptive,0.4614040978125488,1.5853024425696787,0.999115826739376,0.000884173260623955,98,4,51,56,31,10,0.999115826739376
45,4,500,Z_only,0.4614040978125488,1.5853024425696787,0.9477141339425235,0.05228586605747654,473,27,0,0,0,0,
45,4,500,ZX_split,0.4614040978125488,1.5853024425696787,0.9473768423653767,0.05262315763462333,232,18,120,130,0,0,
45,4,500,XYZ_split,0.4614040978125488,1.5853024425696787,0.9994466094802599,0.0005533905197401268,158,8,79,87,124,44,
45,4,500,RL_adaptive,0.4614040978125488,1.5853024425696787,0.9993968652955348,0.000603134704465158,171,6,98,96,91,38,0.9993968652955348
46,0,10,Z_only,2.5846837038971593,6.191750080595153,0.9244464920369435,0.07555350796305649,0,10,0,0,0,0,
46,0,10,ZX_split,2.5846837038971593,6.191750080595153,0.8645904984089492,0.1354095015910508,0,5,2,3,0,0,
46,0,10,XYZ_split,2.5846837038971593,6.191750080595153,0.8838947130762724,0.11610528692372757,1,2,3,0,2,2,
46,0,10,RL_adaptive,2.5846837038971593,6.191750080595153,0.6140337654797787,0.3859662345202213,0,1,0,1,4,4,0.6140337654797787
46,0,25,Z_only,2.5846837038971593,6.191750080595153,0.9244464920369435,0.07555350796305649,2,23,0,0,0,0,
46,0,25,ZX_split,2.5846837038971593,6.191750080595153,0.9727550888063977,0.027244911193602284,0,12,8,5,0,0,
46,0,25,XYZ_split,2.5846837038971593,6.191750080595153,0.8976646587313116,0.10233534126868837,1,7,4,4,3,6,
46,0,25,RL_adaptive,2.5846837038971593,6.191750080595153,0.9557611613378572,0.04423883866214284,0,1,11,7,2,4,0.9557611613378572
46,0,50,Z_only,2.5846837038971593,6.191750080595153,0.9244464920369435,0.07555350796305649,3,47,0,0,0,0,
46,0,50,ZX_split,2.5846837038971593,6.191750080595153,0.9989739015237221,0.0010260984762778813,0,25,21,4,0,0,
46,0,50,XYZ_split,2.5846837038971593,6.191750080595153,0.9758204660570057,0.024179533942994325,2,14,13,3,6,12,
46,0,50,RL_adaptive,2.5846837038971593,6.191750080595153,0.8581194154419639,0.1418805845580361,2,24,8,7,7,2,0.8581194154419639
46,0,100,Z_only,2.5846837038971593,6.191750080595153,0.9244464920369435,0.07555350796305649,9,91,0,0,0,0,
46,0,100,ZX_split,2.5846837038971593,6.191750080595153,0.999406857222304,0.0005931427776959541,7,43,36,14,0,0,
46,0,100,XYZ_split,2.5846837038971593,6.191750080595153,0.9917128101552166,0.008287189844783382,3,30,28,5,18,16,
46,0,100,RL_adaptive,2.5846837038971593,6.191750080595153,0.9958170015832862,0.004182998416713768,3,47,20,4,11,15,0.9958170015832862
46,0,250,Z_only,2.5846837038971593,6.191750080595153,0.9244464920369435,0.07555350796305649,13,237,0,0,0,0,
46,0,250,ZX_split,2.5846837038971593,6.191750080595153,0.999041443937928,0.000958556062071958,7,118,94,31,0,0,
46,0,250,XYZ_split,2.5846837038971593,6.191750080595153,0.997665196306066,0.0023348036939340178,5,78,61,22,43,41,
46,0,250,RL_adaptive,2.5846837038971593,6.191750080595153,0.9990859483832618,0.0009140516167381874,7,83,61,16,38,45,0.9990859483832618
46,0,500,Z_only,2.5846837038971593,6.191750080595153,0.9244464920369435,0.07555350796305649,32,468,0,0,0,0,
46,0,500,ZX_split,2.5846837038971593,6.191750080595153,0.9993207686173073,0.0006792313826926577,20,230,193,57,0,0,
46,0,500,XYZ_split,2.5846837038971593,6.191750080595153,0.9996932745405135,0.0003067254594865121,9,157,132,34,78,90,
46,0,500,RL_adaptive,2.5846837038971593,6.191750080595153,0.9924707759563018,0.007529224043698157,23,209,108,45,63,52,0.9924707759563018
46,1,10,Z_only,2.5846837038971593,6.191750080595153,0.9244464920369435,0.07555350796305649,2,8,0,0,0,0,
46,1,10,ZX_split,2.5846837038971593,6.191750080595153,0.9993640310666415,0.0006359689333584884,0,5,4,1,0,0,
46,1,10,XYZ_split,2.5846837038971593,6.191750080595153,0.9862242200605509,0.013775779939449118,0,3,3,0,2,2,
46,1,10,RL_adaptive,2.5846837038971593,6.191750080595153,0.599468377780653,0.400531622219347,0,1,0,1,6,2,0.599468377780653
46,1,25,Z_only,2.5846837038971593,6.191750080595153,0.9244464920369435,0.07555350796305649,3,22,0,0,0,0,
46,1,25,ZX_split,2.5846837038971593,6.191750080595153,0.995667233937207,0.004332766062792981,1,11,9,4,0,0,
46,1,25,XYZ_split,2.5846837038971593,6.191750080595153,0.9860922119557413,0.01390778804425874,1,7,7,1,4,5,
46,1,25,RL_adaptive,2.5846837038971593,6.191750080595153,0.9745397611665524,0.025460238833447613,0,1,15,3,4,2,0.9745397611665524
46,1,50,Z_only,2.5846837038971593,6.191750080595153,0.9244464920369435,0.07555350796305649,5,45,0,0,0,0,
46,1,50,ZX_split,2.5846837038971593,6.191750080595153,0.9602985052596612,0.039701494740338794,3,22,14,11,0,0,
46,1,50,XYZ_split,2.5846837038971593,6.191750080595153,0.983153945009965,0.016846054990034998,1,15,13,3,6,12,
46,1,50,RL_adaptive,2.5846837038971593,6.191750080595153,0.9957590025413339,0.004240997458666129,3,23,12,5,3,4,0.9957590025413339
46,1,100,Z_only,2.5846837038971593,6.191750080595153,0.9244464920369435,0.07555350796305649,11,89,0,0,0,0,
46,1,100,ZX_split,2.5846837038971593,6.191750080595153,0.9993640310666415,0.0006359689333584884,5,45,37,13,0,0,
46,1,100,XYZ_split,2.5846837038971593,6.191750080595153,0.9849639816010928,0.015036018398907225,4,29,24,9,20,14,
46,1,100,RL_adaptive,2.5846837038971593,6.191750080595153,0.9816464076875404,0.018353592312459588,2,44,21,7,16,10,0.9816464076875404
46,1,250,Z_only,2.5846837038971593,6.191750080595153,0.9244464920369435,0.07555350796305649,17,233,0,0,0,0,
46,1,250,ZX_split,2.5846837038971593,6.191750080595153,0.9974970458380623,0.002502954161937687,8,117,90,35,0,0,
46,1,250,XYZ_split,2.5846837038971593,6.191750080595153,0.9932208153183976,0.006779184681602435,2,81,58,25,38,46,
46,1,250,RL_adaptive,2.5846837038971593,6.191750080595153,0.9967195333692698,0.0032804666307302277,7,85,54,20,36,48,0.9967195333692698
46,1,500,Z_only,2.5846837038971593,6.191750080595153,0.9244464920369435,0.07555350796305649,37,463,0,0,0,0,
46,1,500,ZX_split,2.5846837038971593,6.191750080595153,0.9990186778550951,0.0009813221449048726,19,231,185,65,0,0,
46,1,500,XYZ_split,2.5846837038971593,6.191750080595153,0.999893496525072,0.00010650347492802137,13,153,128,38,81,87,
46,1,500,RL_adaptive,2.5846837038971593,6.191750080595153,0.9993702525773167,0.0006297474226832911,23,211,122,37,49,58,0.9993702525773167
46,2,10,Z_only,2.5846837038971593,6.191750080595153,0.9244464920369435,0.07555350796305649,1,9,0,0,0,0,
46,2,10,ZX_split,2.5846837038971593,6.191750080595153,0.9678175575035048,0.032182442496495156,0,5,3,2,0,0,
46,2,10,XYZ_split,2.5846837038971593,6.191750080595153,0.8511049898812474,0.1488950101187526,1,2,2,1,1,3,
46,2,10,RL_adaptive,2.5846837038971593,6.191750080595153,0.9664602782686054,0.033539721731394634,0,1,1,0,2,6,0.9664602782686054
46,2,25,Z_only,2.5846837038971593,6.191750080595153,0.9244464920369435,0.07555350796305649,4,21,0,0,0,0,
46,2,25,ZX_split,2.5846837038971593,6.191750080595153,0.9544182128831172,0.045581787116882766,2,10,13,0,0,0,
46,2,25,XYZ_split,2.5846837038971593,6.191750080595153,0.9765300857890681,0.02346991421093192,1,7,6,2,3,6,
46,2,25,RL_adaptive,2.5846837038971593,6.191750080595153,0.9858896136134943,0.014110386386505747,0,1,12,6,3,3,0.9858896136134943
46,2,50,Z_only,2.5846837038971593,6.191750080595153,0.9244464920369435,0.07555350796305649,3,47,0,0,0,0,
46,2,50,ZX_split,2.5846837038971593,6.191750080595153,0.9979941314080536,0.0020058685919464025,0,25,19,6,0,0,
46,2,50,XYZ_split,2.5846837038971593,6.191750080595153,0.9681348120271497,0.03186518797285032,3,13,14,2,10,8,
46,2,50,RL_adaptive,2.5846837038971593,6.191750080595153,0.9977020973637775,0.0022979026362225374,1,25,14,3,3,4,0.9977020973637775
46,2,100,Z_only,2.5846837038971593,6.191750080595153,0.9244464920369435,0.07555350796305649,8,92,0,0,0,0,
46,2,100,ZX_split,2.5846837038971593,6.191750080595153,0.9932494987183536,0.006750501281646448,3,47,44,6,0,0,
46,2,100,XYZ_split,2.5846837038971593,6.191750080595153,0.9908381459447667,0.009161854055233287,3,30,29,4,16,18,
46,2,100,RL_adaptive,2.5846837038971593,6.191750080595153,0.9772788782362077,0.022721121763792262,1,45,17,10,14,13,0.9772788782362077
46,2,250,Z_only,2.5846837038971593,6.191750080595153,0.9244464920369435,0.07555350796305649,17,233,0,0,0,0,
46,2,250,ZX_split,2.5846837038971593,6.191750080595153,0.9994170313656494,0.0005829686343505891,7,118,97,28,0,0,
46,2,250,XYZ_split,2.5846837038971593,6.191750080595153,0.9986794394405603,0.001320560559439743,7,76,63,20,37,47,
46,2,250,RL_adaptive,2.5846837038971593,6.191750080595153,0.9980611543156959,0.0019388456843041357,9,81,62,17,41,40,0.9980611543156959
46,2,500,Z_only,2.5846837038971593,6.191750080595153,0.9244464920369435,0.07555350796305649,34,466,0,0,0,0,
46,2,500,ZX_split,2.5846837038971593,6.191750080595153,0.9994112139465348,0.00058878605346524,19,231,190,60,0,0,
46,2,500,XYZ_split,2.5846837038971593,6.191750080595153,0.995747588776727,0.004252411223273023,15,151,115,51,85,83,
46,2,500,RL_adaptive,2.5846837038971593,6.191750080595153,0.9958331799088272,0.0041668200911727515,17,217,118,37,60,51,0.9958331799088272
46,3,10,Z_only,2.5846837038971593,6.191750080595153,0.9244464920369435,0.07555350796305649,1,9,0,0,0,0,
46,3,10,ZX_split,2.5846837038971593,6.191750080595153,0.9862242200605509,0.013775779939449118,2,3,3,2,0,0,
46,3,10,XYZ_split,2.5846837038971593,6.191750080595153,0.5704515278977085,0.4295484721022915,1,2,1,2,0,4,
46,3,10,RL_adaptive,2.5846837038971593,6.191750080595153,0.9745998348578728,0.025400165142127173,0,1,1,0,5,3,0.9745998348578728
46,3,25,Z_only,2.5846837038971593,6.191750080595153,0.9244464920369435,0.07555350796305649,0,25,0,0,0,0,
46,3,25,ZX_split,2.5846837038971593,6.191750080595153,0.9987803597868161,0.0012196402131838813,0,12,11,2,0,0,
46,3,25,XYZ_split,2.5846837038971593,6.191750080595153,0.9072179021016308,0.09278209789836922,0,8,5,3,7,2,
46,3,25,RL_adaptive,2.5846837038971593,6.191750080595153,0.9959910542272277,0.004008945772772332,0,1,15,4,2,3,0.9959910542272277
46,3,50,Z_only,2.5846837038971593,6.191750080595153,0.9244464920369435,0.07555350796305649,2,48,0,0,0,0,
46,3,50,ZX_split,2.5846837038971593,6.191750080595153,0.9990061817192752,0.0009938182807247564,1,24,19,6,0,0,
46,3,50,XYZ_split,2.5846837038971593,6.191750080595153,0.9863565994870934,0.013643400512906578,1,15,11,5,7,11,
46,3,50,RL_adaptive,2.5846837038971593,6.191750080595153,0.9735247542378053,0.026475245762194732,2,25,16,1,2,4,0.9735247542378053
46,3,100,Z_only,2.5846837038971593,6.191750080595153,0.9244464920369435,0.07555350796305649,6,94,0,0,0,0,
46,3,100,ZX_split,2.5846837038971593,6.191750080595153,0.9971156835083376,0.002884316491662431,4,46,41,9,0,0,
46,3,100,XYZ_split,2.5846837038971593,6.191750080595153,0.9857504376893168,0.014249562310683195,1,32,22,11,18,16,
46,3,100,RL_adaptive,2.5846837038971593,6.191750080595153,0.997161473672511,0.0028385263274890438,1,46,19,7,13,14,0.997161473672511
46,3,250,Z_only,2.5846837038971593,6.191750080595153,0.9244464920369435,0.07555350796305649,18,232,0,0,0,0,
46,3,250,ZX_split,2.5846837038971593,6.191750080595153,0.9988506291666117,0.0011493708333882857,8,117,100,25,0,0,
46,3,250,XYZ_split,2.5846837038971593,6.191750080595153,0.9959311970587503,0.004068802941249672,10,73,67,16,41,43,
46,3,250,RL_adaptive,2.5846837038971593,6.191750080595153,0.9979677586095698,0.002032241390430234,5,84,60,15,37,49,0.9979677586095698
46,3,500,Z_only,2.5846837038971593,6.191750080595153,0.9244464920369435,0.07555350796305649,33,467,0,0,0,0,
46,3,500,ZX_split,2.5846837038971593,6.191750080595153,0.9990958050696982,0.0009041949303018049,20,230,185,65,0,0,
46,3,500,XYZ_split,2.5846837038971593,6.191750080595153,0.9990404181885615,0.0009595818114385146,13,153,125,41,75,93,
46,3,500,RL_adaptive,2.5846837038971593,6.191750080595153,0.9983210742377423,0.0016789257622576992,18,218,125,34,46,59,0.9983210742377423
46,4,10,Z_only,2.5846837038971593,6.191750080595153,0.9244464920369435,0.07555350796305649,1,9,0,0,0,0,
46,4,10,ZX_split,2.5846837038971593,6.191750080595153,0.9862242200605509,0.013775779939449118,0,5,5,0,0,0,
46,4,10,XYZ_split,2.5846837038971593,6.191750080595153,0.9664602782686054,0.033539721731394634,0,3,3,0,1,3,
46,4,10,RL_adaptive,2.5846837038971593,6.191750080595153,0.6080920109968896,0.3919079890031104,0,1,0,1,5,3,0.6080920109968896
46,4,25,Z_only,2.5846837038971593,6.191750080595153,0.9244464920369435,0.07555350796305649,2,23,0,0,0,0,
46,4,25,ZX_split,2.5846837038971593,6.191750080595153,0.995667233937207,0.004332766062792981,3,9,8,5,0,0,
46,4,25,XYZ_split,2.5846837038971593,6.191750080595153,0.9655201206377211,0.03447987936227892,1,7,8,0,4,5,
46,4,25,RL_adaptive,2.5846837038971593,6.191750080595153,0.9745397611665524,0.025460238833447613,0,1,15,3,4,2,0.9745397611665524
46,4,50,Z_only,2.5846837038971593,6.191750080595153,0.9244464920369435,0.07555350796305649,2,48,0,0,0,0,
46,4,50,ZX_split,2.5846837038971593,6.191750080595153,0.9918010617074773,0.008198938292522717,3,22,21,4,0,0,
46,4,50,XYZ_split,2.5846837038971593,6.191750080595153,0.9657607235559348,0.034239276444065214,1,15,15,1,5,13,
46,4,50,RL_adaptive,2.5846837038971593,6.191750080595153,0.9919510440843096,0.008048955915690437,1,26,13,3,4,3,0.9919510440843096
46,4,100,Z_only,2.5846837038971593,6.191750080595153,0.9244464920369435,0.07555350796305649,10,90,0,0,0,0,
46,4,100,ZX_split,2.5846837038971593,6.191750080595153,0.9950610007525207,0.004938999247479314,5,45,34,16,0,0,
46,4,100,XYZ_split,2.5846837038971593,6.191750080595153,0.9929177899260023,0.0070822100739976745,1,32,30,3,17,17,
46,4,100,RL_adaptive,2.5846837038971593,6.191750080595153,0.9970156084699269,0.002984391530073127,4,46,18,6,11,15,0.9970156084699269
46,4,250,Z_only,2.5846837038971593,6.191750080595153,0.9244464920369435,0.07555350796305649,14,236,0,0,0,0,
46,4,250,ZX_split,2.5846837038971593,6.191750080595153,0.9991078569086539,0.0008921430913461093,11,114,97,28,0,0,
46,4,250,XYZ_split,2.5846837038971593,6.191750080595153,0.9981837934543569,0.0018162065456430732,10,73,62,21,37,47,
46,4,250,RL_adaptive,2.5846837038971593,6.191750080595153,0.990270881661127,0.009729118338873022,9,83,61,20,44,33,0.990270881661127
46,4,500,Z_only,2.5846837038971593,6.191750080595153,0.9244464920369435,0.07555350796305649,29,471,0,0,0,0,
46,4,500,ZX_split,2.5846837038971593,6.191750080595153,0.9993894261202341,0.0006105738797659299,16,234,191,59,0,0,
46,4,500,XYZ_split,2.5846837038971593,6.191750080595153,0.9909301929652995,0.009069807034700506,13,153,112,54,88,80,
46,4,500,RL_adaptive,2.5846837038971593,6.191750080595153,0.9948349297676583,0.005165070232341695,15,220,114,39,61,51,0.9948349297676583
47,0,10,Z_only,2.6678393247096484,4.906168909934806,0.944931090522619,0.05506890947738097,0,10,0,0,0,0,
47,0,10,ZX_split,2.6678393247096484,4.906168909934806,0.8589245318985608,0.14107546810143923,0,5,1,4,0,0,
47,0,10,XYZ_split,2.6678393247096484,4.906168909934806,0.857386394989175,0.14261360501082498,1,2,1,2,1,3,
47,0,10,RL_adaptive,2.6678393247096484,4.906168909934806,0.8553809208666591,0.14461907913334093,0,1,0,1,1,7,0.8553809208666591
47,0,25,Z_only,2.6678393247096484,4.906168909934806,0.944931090522619,0.05506890947738097,1,24,0,0,0,0,
47,0,25,ZX_split,2.6678393247096484,4.906168909934806,0.9470852741006414,0.05291472589935864,1,11,7,6,0,0,
47,0,25,XYZ_split,2.6678393247096484,4.906168909934806,0.9384020184422073,0.061597981557792725,0,8,2,6,2,7,
47,0,25,RL_adaptive,2.6678393247096484,4.906168909934806,0.9603450083788905,0.039654991621109525,0,1,7,11,0,6,0.9603450083788905
47,0,50,Z_only,2.6678393247096484,4.906168909934806,0.944931090522619,0.05506890947738097,7,43,0,0,0,0,
47,0,50,ZX_split,2.6678393247096484,4.906168909934806,0.9209060067984947,0.07909399320150534,3,22,17,8,0,0,
47,0,50,XYZ_split,2.6678393247096484,4.906168909934806,0.9790974849847223,0.020902515015277734,0,16,11,5,6,12,
47,0,50,RL_adaptive,2.6678393247096484,4.906168909934806,0.9904450273223391,0.009554972677660922,1,25,11,6,2,5,0.9904450273223391
47,0,100,Z_only,2.6678393247096484,4.906168909934806,0.944931090522619,0.05506890947738097,6,94,0,0,0,0,
47,0,100,ZX_split,2.6678393247096484,4.906168909934806,0.9467863898350997,0.05321361016490034,3,47,28,22,0,0,
47,0,100,XYZ_split,2.6678393247096484,4.906168909934806,0.9853747137998534,0.014625286200146581,1,32,21,12,12,22,
47,0,100,RL_adaptive,2.6678393247096484,4.906168909934806,0.9359275938911396,0.06407240610886045,1,44,14,14,14,13,0.9359275938911396
47,0,250,Z_only,2.6678393247096484,4.906168909934806,0.944931090522619,0.05506890947738097,10,240,0,0,0,0,
47,0,250,ZX_split,2.6678393247096484,4.906168909934806,0.9470204835622141,0.05297951643778587,7,118,69,56,0,0,
47,0,250,XYZ_split,2.6678393247096484,4.906168909934806,0.9934352581894837,0.00656474181051625,1,82,39,44,25,59,
47,0,250,RL_adaptive,2.6678393247096484,4.906168909934806,0.9949291142280426,0.005070885771957356,3,96,29,32,26,64,0.9949291142280426
47,0,500,Z_only,2.6678393247096484,4.906168909934806,0.944931090522619,0.05506890947738097,25,475,0,0,0,0,
47,0,500,ZX_split,2.6678393247096484,4.906168909934806,0.9468425606808688,0.053157439319131194,12,238,140,110,0,0,
47,0,500,XYZ_split,2.6678393247096484,4.906168909934806,0.9895691589268116,0.010430841073188368,7,159,73,93,44,124,
47,0,500,RL_adaptive,2.6678393247096484,4.906168909934806,0.998865563187587,0.0011344368124129867,11,225,72,69,33,90,0.998865563187587
47,1,10,Z_only,2.6678393247096484,4.906168909934806,0.944931090522619,0.05506890947738097,0,10,0,0,0,0,
47,1,10,ZX_split,2.6678393247096484,4.906168909934806,0.9041259932068653,0.09587400679313474,0,5,4,1,0,0,
47,1,10,XYZ_split,2.6678393247096484,4.906168909934806,0.9898539879190258,0.01014601208097421,0,3,2,1,1,3,
47,1,10,RL_adaptive,2.6678393247096484,4.906168909934806,0.8607563576501789,0.13924364234982112,0,1,0,1,0,8,0.8607563576501789
47,1,25,Z_only,2.6678393247096484,4.906168909934806,0.944931090522619,0.05506890947738097,0,25,0,0,0,0,
47,1,25,ZX_split,2.6678393247096484,4.906168909934806,0.9405168937871774,0.0594831062128226,1,11,8,5,0,0,
47,1,25,XYZ_split,2.6678393247096484,4.906168909934806,0.9626898521731182,0.0373101478268818,1,7,3,5,2,7,
47,1,25,RL_adaptive,2.6678393247096484,4.906168909934806,0.974884099032986,0.025115900967013993,0,1,10,8,0,6,0.974884099032986
47,1,50,Z_only,2.6678393247096484,4.906168909934806,0.944931090522619,0.05506890947738097,5,45,0,0,0,0,
47,1,50,ZX_split,2.6678393247096484,4.906168909934806,0.9423380515179164,0.057661948482083614,2,23,12,13,0,0,
47,1,50,XYZ_split,2.6678393247096484,4.906168909934806,0.9947834218807594,0.005216578119240589,0,16,10,6,5,13,
47,1,50,RL_adaptive,2.6678393247096484,4.906168909934806,0.9906807348521124,0.009319265147887612,1,24,10,8,1,6,0.9906807348521124
47,1,100,Z_only,2.6678393247096484,4.906168909934806,0.944931090522619,0.05506890947738097,3,97,0,0,0,0,
47,1,100,ZX_split,2.6678393247096484,4.906168909934806,0.9466716544238573,0.053328345576142744,4,46,28,22,0,0,
47,1,100,XYZ_split,2.6678393247096484,4.906168909934806,0.9911517274381193,0.008848272561880699,0,33,19,14,4,30,
47,1,100,RL_adaptive,2.6678393247096484,4.906168909934806,0.9840073314450745,0.015992668554925538,5,49,10,10,4,22,0.9840073314450745
47,1,250,Z_only,2.6678393247096484,4.906168909934806,0.944931090522619,0.05506890947738097,13,237,0,0,0,0,
47,1,250,ZX_split,2.6678393247096484,4.906168909934806,0.9450618574633322,0.054938142536667844,9,116,73,52,0,0,
47,1,250,XYZ_split,2.6678393247096484,4.906168909934806,0.9982781267573951,0.0017218732426048655,8,75,43,40,22,62,
47,1,250,RL_adaptive,2.6678393247096484,4.906168909934806,0.9967478737499453,0.0032521262500546655,1,92,39,25,25,68,0.9967478737499453
47,1,500,Z_only,2.6678393247096484,4.906168909934806,0.944931090522619,0.05506890947738097,29,471,0,0,0,0,
47,1,500,ZX_split,2.6678393247096484,4.906168909934806,0.9440414781680797,0.055958521831920294,17,233,123,127,0,0,
47,1,500,XYZ_split,2.6678393247096484,4.906168909934806,0.9976303391109081,0.0023696608890918514,8,158,91,75,36,132,
47,1,500,RL_adaptive,2.6678393247096484,4.906168909934806,0.999562638656298,0.00043736134370198076,8,229,77,65,35,86,0.999562638656298
47,2,10,Z_only,2.6678393247096484,4.906168909934806,0.944931090522619,0.05506890947738097,0,10,0,0,0,0,
47,2,10,ZX_split,2.6678393247096484,4.906168909934806,0.9449058041406768,0.05509419585932318,0,5,3,2,0,0,
47,2,10,XYZ_split,2.6678393247096484,4.906168909934806,0.8456755245036706,0.15432447549632944,0,3,3,0,2,2,
47,2,10,RL_adaptive,2.6678393247096484,4.906168909934806,0.8553809208666591,0.14461907913334093,0,1,0,1,1,7,0.8553809208666591
47,2,25,Z_only,2.6678393247096484,4.906168909934806,0.944931090522619,0.05506890947738097,1,24,0,0,0,0,
47,2,25,ZX_split,2.6678393247096484,4.906168909934806,0.9236593258827093,0.07634067411729073,0,12,5,8,0,0,
47,2,25,XYZ_split,2.6678393247096484,4.906168909934806,0.9708852224155087,0.029114777584491325,0,8,3,5,1,8,
47,2,25,RL_adaptive,2.6678393247096484,4.906168909934806,0.9943720070441228,0.005627992955877237,0,1,9,9,1,5,0.9943720070441228
47,2,50,Z_only,2.6678393247096484,4.906168909934806,0.944931090522619,0.05506890947738097,3,47,0,0,0,0,
47,2,50,ZX_split,2.6678393247096484,4.906168909934806,0.9365279722573892,0.06347202774261085,0,25,11,14,0,0,
47,2,50,XYZ_split,2.6678393247096484,4.906168909934806,0.956978222947617,0.04302177705238297,1,15,6,10,7,11,
47,2,50,RL_adaptive,2.6678393247096484,4.906168909934806,0.9913699102384884,0.008630089761511583,0,26,11,6,2,5,0.9913699102384884
47,2,100,Z_only,2.6678393247096484,4.906168909934806,0.944931090522619,0.05506890947738097,4,96,0,0,0,0,
47,2,100,ZX_split,2.6678393247096484,4.906168909934806,0.9176036305033265,0.0823963694966735,1,49,37,13,0,0,
47,2,100,XYZ_split,2.6678393247096484,4.906168909934806,0.9935184465235596,0.006481553476440416,0,33,17,16,5,29,
47,2,100,RL_adaptive,2.6678393247096484,4.906168909934806,0.994484995063827,0.0055150049361729625,8,45,13,10,9,15,0.994484995063827
47,2,250,Z_only,2.6678393247096484,4.906168909934806,0.944931090522619,0.05506890947738097,18,232,0,0,0,0,
47,2,250,ZX_split,2.6678393247096484,4.906168909934806,0.9459874547855603,0.054012545214439656,9,116,64,61,0,0,
47,2,250,XYZ_split,2.6678393247096484,4.906168909934806,0.9973782223672822,0.002621777632717759,6,77,41,42,23,61,
47,2,250,RL_adaptive,2.6678393247096484,4.906168909934806,0.9848236461950162,0.015176353804983833,7,94,26,35,27,61,0.9848236461950162
47,2,500,Z_only,2.6678393247096484,4.906168909934806,0.944931090522619,0.05506890947738097,20,480,0,0,0,0,
47,2,500,ZX_split,2.6678393247096484,4.906168909934806,0.9458508503594472,0.05414914964055284,22,228,143,107,0,0,
47,2,500,XYZ_split,2.6678393247096484,4.906168909934806,0.9998031175322342,0.0001968824677658354,8,158,89,77,48,120,
47,2,500,RL_adaptive,2.6678393247096484,4.906168909934806,0.9977807157731229,0.0022192842268771162,13,224,87,60,32,84,0.9977807157731229
47,3,10,Z_only,2.6678393247096484,4.906168909934806,0.944931090522619,0.05506890947738097,1,9,0,0,0,0,
47,3,10,ZX_split,2.6678393247096484,4.906168909934806,0.9449058041406768,0.05509419585932318,0,5,3,2,0,0,
47,3,10,XYZ_split,2.6678393247096484,4.906168909934806,0.786368278640811,0.21363172135918895,1,2,3,0,0,4,
47,3,10,RL_adaptive,2.6678393247096484,4.906168909934806,0.9102640345243348,0.0897359654756652,0,1,1,0,1,7,0.9102640345243348
47,3,25,Z_only,2.6678393247096484,4.906168909934806,0.944931090522619,0.05506890947738097,0,25,0,0,0,0,
47,3,25,ZX_split,2.6678393247096484,4.906168909934806,0.9369633220208186,0.06303667797918144,2,10,6,7,0,0,
47,3,25,XYZ_split,2.6678393247096484,4.906168909934806,0.9955529080250279,0.004447091974972062,0,8,5,3,2,7,
47,3,25,RL_adaptive,2.6678393247096484,4.906168909934806,0.9947740123877343,0.00522598761226567,0,1,10,8,2,4,0.9947740123877343
47,3,50,Z_only,2.6678393247096484,4.906168909934806,0.944931090522619,0.05506890947738097,2,48,0,0,0,0,
47,3,50,ZX_split,2.6678393247096484,4.906168909934806,0.9466716544238573,0.053328345576142744,2,23,14,11,0,0,
47,3,50,XYZ_split,2.6678393247096484,4.906168909934806,0.9146930020285962,0.08530699797140384,0,16,4,12,7,11,
47,3,50,RL_adaptive,2.6678393247096484,4.906168909934806,0.9469128030243611,0.053087196975638906,2,23,9,8,4,4,0.9469128030243611
47,3,100,Z_only,2.6678393247096484,4.906168909934806,0.944931090522619,0.05506890947738097,5,95,0,0,0,0,
47,3,100,ZX_split,2.6678393247096484,4.906168909934806,0.9436022800180476,0.05639771998195242,3,47,30,20,0,0,
47,3,100,XYZ_split,2.6678393247096484,4.906168909934806,0.989249471773204,0.010750528226796008,1,32,15,18,11,23,
47,3,100,RL_adaptive,2.6678393247096484,4.906168909934806,0.9912522310811173,0.008747768918882737,0,48,13,11,10,18,0.9912522310811173
47,3,250,Z_only,2.6678393247096484,4.906168909934806,0.944931090522619,0.05506890947738097,11,239,0,0,0,0,
47,3,250,ZX_split,2.6678393247096484,4.906168909934806,0.9467210042127869,0.05327899578721307,9,116,70,55,0,0,
47,3,250,XYZ_split,2.6678393247096484,4.906168909934806,0.9962668394973293,0.003733160502670696,6,77,50,33,23,61,
47,3,250,RL_adaptive,2.6678393247096484,4.906168909934806,0.9953486741408657,0.004651325859134303,6,88,35,27,19,75,0.9953486741408657
47,3,500,Z_only,2.6678393247096484,4.906168909934806,0.944931090522619,0.05506890947738097,32,468,0,0,0,0,
47,3,500,ZX_split,2.6678393247096484,4.906168909934806,0.9470750801527206,0.05292491984727943,14,236,137,113,0,0,
47,3,500,XYZ_split,2.6678393247096484,4.906168909934806,0.9940087076674936,0.005991292332506393,10,156,83,83,58,110,
47,3,500,RL_adaptive,2.6678393247096484,4.906168909934806,0.9998660490922314,0.00013395090776857632,12,225,80,64,33,86,0.9998660490922314
47,4,10,Z_only,2.6678393247096484,4.906168909934806,0.944931090522619,0.05506890947738097,1,9,0,0,0,0,
47,4,10,ZX_split,2.6678393247096484,4.906168909934806,0.9359899237644269,0.06401007623557309,1,4,3,2,0,0,
47,4,10,XYZ_split,2.6678393247096484,4.906168909934806,0.9898539879190258,0.01014601208097421,0,3,2,1,1,3,
47,4,10,RL_adaptive,2.6678393247096484,4.906168909934806,0.8793641689222991,0.12063583107770093,0,1,1,0,3,5,0.8793641689222991
47,4,25,Z_only,2.6678393247096484,4.906168909934806,0.944931090522619,0.05506890947738097,0,25,0,0,0,0,
47,4,25,ZX_split,2.6678393247096484,4.906168909934806,0.9405168937871774,0.0594831062128226,1,11,8,5,0,0,
47,4,25,XYZ_split,2.6678393247096484,4.906168909934806,0.9729315858669811,0.02706841413301886,1,7,4,4,4,5,
47,4,25,RL_adaptive,2.6678393247096484,4.906168909934806,0.9855642169740106,0.014435783025989357,0,1,8,10,2,4,0.9855642169740106
47,4,50,Z_only,2.6678393247096484,4.906168909934806,0.944931090522619,0.05506890947738097,4,46,0,0,0,0,
47,4,50,ZX_split,2.6678393247096484,4.906168909934806,0.9465169280941469,0.05348307190585311,2,23,13,12,0,0,
47,4,50,XYZ_split,2.6678393247096484,4.906168909934806,0.9929575561569725,0.007042443843027546,0,16,10,6,3,15,
47,4,50,RL_adaptive,2.6678393247096484,4.906168909934806,0.8565136696910127,0.14348633030898728,3,23,9,7,5,3,0.8565136696910127
47,4,100,Z_only,2.6678393247096484,4.906168909934806,0.944931090522619,0.05506890947738097,5,95,0,0,0,0,
47,4,100,ZX_split,2.6678393247096484,4.906168909934806,0.9464192531348841,0.053580746865115936,2,48,26,24,0,0,
47,4,100,XYZ_split,2.6678393247096484,4.906168909934806,0.9978303872852152,0.0021696127147847744,1,32,18,15,7,27,
47,4,100,RL_adaptive,2.6678393247096484,4.906168909934806,0.9936941916866057,0.006305808313394334,2,49,10,11,6,22,0.9936941916866057
47,4,250,Z_only,2.6678393247096484,4.906168909934806,0.944931090522619,0.05506890947738097,10,240,0,0,0,0,
47,4,250,ZX_split,2.6678393247096484,4.906168909934806,0.9464379846623083,0.05356201533769167,6,119,65,60,0,0,
47,4,250,XYZ_split,2.6678393247096484,4.906168909934806,0.9740508516874552,0.0259491483125448,6,77,59,24,23,61,
47,4,250,RL_adaptive,2.6678393247096484,4.906168909934806,0.9977336773895318,0.002266322610468219,9,86,39,28,27,61,0.9977336773895318
47,4,500,Z_only,2.6678393247096484,4.906168909934806,0.944931090522619,0.05506890947738097,25,475,0,0,0,0,
47,4,500,ZX_split,2.6678393247096484,4.906168909934806,0.9453613036410972,0.05463869635890284,19,231,145,105,0,0,
47,4,500,XYZ_split,2.6678393247096484,4.906168909934806,0.9961777449238572,0.0038222550761427554,14,152,85,81,39,129,
47,4,500,RL_adaptive,2.6678393247096484,4.906168909934806,0.9976685839704525,0.0023314160295474506,9,227,74,67,39,84,0.9976685839704525
48,0,10,Z_only,1.3364303090485334,0.4696781142667909,0.6161131909631055,0.38388680903689454,6,4,0,0,0,0,
48,0,10,ZX_split,1.3364303090485334,0.4696781142667909,0.948018195191049,0.05198180480895098,3,2,5,0,0,0,
48,0,10,XYZ_split,1.3364303090485334,0.4696781142667909,0.9992248279919684,0.000775172008031566,2,1,3,0,3,1,
48,0,10,RL_adaptive,1.3364303090485334,0.4696781142667909,0.9398918399773555,0.06010816002264452,1,0,1,0,6,2,0.9398918399773555
48,0,25,Z_only,1.3364303090485334,0.4696781142667909,0.6161131909631055,0.38388680903689454,15,10,0,0,0,0,
48,0,25,ZX_split,1.3364303090485334,0.4696781142667909,0.9468564360250729,0.053143563974927144,7,5,13,0,0,0,
48,0,25,XYZ_split,1.3364303090485334,0.4696781142667909,0.9698861547026854,0.030113845297314645,5,3,8,0,5,4,
48,0,25,RL_adaptive,1.3364303090485334,0.4696781142667909,0.9337152029280708,0.06628479707192925,1,0,17,1,5,1,0.9337152029280708
48,0,50,Z_only,1.3364303090485334,0.4696781142667909,0.6161131909631055,0.38388680903689454,29,21,0,0,0,0,
48,0,50,ZX_split,1.3364303090485334,0.4696781142667909,0.9473626222981176,0.05263737770188237,17,8,25,0,0,0,
48,0,50,XYZ_split,1.3364303090485334,0.4696781142667909,0.9972015291761924,0.002798470823807575,10,6,15,1,12,6,
48,0,50,RL_adaptive,1.3364303090485334,0.4696781142667909,0.9848698227556978,0.015130177244302212,15,13,15,1,5,1,0.9848698227556978
48,0,100,Z_only,1.3364303090485334,0.4696781142667909,0.6161131909631055,0.38388680903689454,63,37,0,0,0,0,
48,0,100,ZX_split,1.3364303090485334,0.4696781142667909,0.9383023864888995,0.06169761351110048,26,24,48,2,0,0,
48,0,100,XYZ_split,1.3364303090485334,0.4696781142667909,0.9894767326851042,0.010523267314895834,17,16,31,2,24,10,
48,0,100,RL_adaptive,1.3364303090485334,0.4696781142667909,0.9989990163678384,0.0010009836321616117,42,22,23,1,9,3,0.9989990163678384
48,0,250,Z_only,1.3364303090485334,0.4696781142667909,0.6161131909631055,0.38388680903689454,153,97,0,0,0,0,
48,0,250,ZX_split,1.3364303090485334,0.4696781142667909,0.9481318658602722,0.051868134139727795,81,44,118,7,0,0,
48,0,250,XYZ_split,1.3364303090485334,0.4696781142667909,0.9983101211481292,0.0016898788518707741,49,34,73,10,55,29,
48,0,250,RL_adaptive,1.3364303090485334,0.4696781142667909,0.9983657346323179,0.001634265367682075,50,36,101,6,40,17,0.9983657346323179
48,0,500,Z_only,1.3364303090485334,0.4696781142667909,0.6161131909631055,0.38388680903689454,301,199,0,0,0,0,
48,0,500,ZX_split,1.3364303090485334,0.4696781142667909,0.9455215449438445,0.05447845505615545,170,80,236,14,0,0,
48,0,500,XYZ_split,1.3364303090485334,0.4696781142667909,0.9938986650229112,0.006101334977088757,103,63,148,18,132,36,
48,0,500,RL_adaptive,1.3364303090485334,0.4696781142667909,0.9911733972381124,0.008826602761887625,117,86,177,18,82,20,0.9911733972381124
48,1,10,Z_only,1.3364303090485334,0.4696781142667909,0.6161131909631055,0.38388680903689454,6,4,0,0,0,0,
48,1,10,ZX_split,1.3364303090485334,0.4696781142667909,0.948018195191049,0.05198180480895098,3,2,5,0,0,0,
48,1,10,XYZ_split,1.3364303090485334,0.4696781142667909,0.9481318658602722,0.051868134139727795,2,1,3,0,2,2,
48,1,10,RL_adaptive,1.3364303090485334,0.4696781142667909,0.9211352860466246,0.07886471395337535,1,0,1,0,5,3,0.9211352860466246
48,1,25,Z_only,1.3364303090485334,0.4696781142667909,0.6161131909631055,0.38388680903689454,16,9,0,0,0,0,
48,1,25,ZX_split,1.3364303090485334,0.4696781142667909,0.9468564360250729,0.053143563974927144,7,5,13,0,0,0,
48,1,25,XYZ_split,1.3364303090485334,0.4696781142667909,0.9592506637674921,0.04074933623250787,7,1,8,0,6,3,
48,1,25,RL_adaptive,1.3364303090485334,0.4696781142667909,0.7926794344546477,0.20732056554535228,0,1,19,0,4,1,0.7926794344546477
48,1,50,Z_only,1.3364303090485334,0.4696781142667909,0.6161131909631055,0.38388680903689454,28,22,0,0,0,0,
48,1,50,ZX_split,1.3364303090485334,0.4696781142667909,0.9437061652911204,0.05629383470887961,18,7,25,0,0,0,
48,1,50,XYZ_split,1.3364303090485334,0.4696781142667909,0.9884025014076218,0.011597498592378241,9,7,15,1,15,3,
48,1,50,RL_adaptive,1.3364303090485334,0.4696781142667909,0.9938551967136394,0.006144803286360578,16,11,17,0,4,2,0.9938551967136394
48,1,100,Z_only,1.3364303090485334,0.4696781142667909,0.6161131909631055,0.38388680903689454,65,35,0,0,0,0,
48,1,100,ZX_split,1.3364303090485334,0.4696781142667909,0.9282151170542954,0.07178488294570462,24,26,48,2,0,0,
48,1,100,XYZ_split,1.3364303090485334,0.4696781142667909,0.9539126109581838,0.046087389041816196,13,20,32,1,27,7,
48,1,100,RL_adaptive,1.3364303090485334,0.4696781142667909,0.9575445386108463,0.04245546138915368,37,28,18,0,9,8,0.9575445386108463
48,1,250,Z_only,1.3364303090485334,0.4696781142667909,0.6161131909631055,0.38388680903689454,150,100,0,0,0,0,
48,1,250,ZX_split,1.3364303090485334,0.4696781142667909,0.9454488175724157,0.05455118242758428,70,55,117,8,0,0,
48,1,250,XYZ_split,1.3364303090485334,0.4696781142667909,0.9926588944305379,0.007341105569462103,45,38,79,4,65,19,
48,1,250,RL_adaptive,1.3364303090485334,0.4696781142667909,0.9909115695602502,0.009088430439749828,51,35,95,9,37,23,0.9909115695602502
48,1,500,Z_only,1.3364303090485334,0.4696781142667909,0.6161131909631055,0.38388680903689454,323,177,0,0,0,0,
48,1,500,ZX_split,1.3364303090485334,0.4696781142667909,0.9489092153600281,0.051090784639971853,153,97,235,15,0,0,
48,1,500,XYZ_split,1.3364303090485334,0.4696781142667909,0.9997581459038876,0.00024185409611243713,104,62,155,11,119,49,
48,1,500,RL_adaptive,1.3364303090485334,0.4696781142667909,0.9981462159105554,0.0018537840894445878,119,84,187,12,74,24,0.9981462159105554
48,2,10,Z_only,1.3364303090485334,0.4696781142667909,0.6161131909631055,0.38388680903689454,6,4,0,0,0,0,
48,2,10,ZX_split,1.3364303090485334,0.4696781142667909,0.948018195191049,0.05198180480895098,3,2,5,0,0,0,
48,2,10,XYZ_split,1.3364303090485334,0.4696781142667909,0.9992248279919684,0.000775172008031566,2,1,3,0,3,1,
48,2,10,RL_adaptive,1.3364303090485334,0.4696781142667909,0.9465732571061498,0.05342674289385019,1,0,1,0,7,1,0.9465732571061498
48,2,25,Z_only,1.3364303090485334,0.4696781142667909,0.6161131909631055,0.38388680903689454,17,8,0,0,0,0,
48,2,25,ZX_split,1.3364303090485334,0.4696781142667909,0.9481318658602722,0.051868134139727795,8,4,13,0,0,0,
48,2,25,XYZ_split,1.3364303090485334,0.4696781142667909,0.8678360158510718,0.13216398414892816,2,6,7,1,7,2,
48,2,25,RL_adaptive,1.3364303090485334,0.4696781142667909,0.916989391647826,0.083010608352174,1,0,17,1,4,2,0.916989391647826
48,2,50,Z_only,1.3364303090485334,0.4696781142667909,0.6161131909631055,0.38388680903689454,29,21,0,0,0,0,
48,2,50,ZX_split,1.3364303090485334,0.4696781142667909,0.9443430740535951,0.05565692594640492,17,8,23,2,0,0,
48,2,50,XYZ_split,1.3364303090485334,0.4696781142667909,0.995740690516257,0.004259309483742979,11,5,15,1,13,5,
48,2,50,RL_adaptive,1.3364303090485334,0.4696781142667909,0.9466538633788921,0.053346136621107876,16,12,14,2,6,0,0.9466538633788921
48,2,100,Z_only,1.3364303090485334,0.4696781142667909,0.6161131909631055,0.38388680903689454,54,46,0,0,0,0,
48,2,100,ZX_split,1.3364303090485334,0.4696781142667909,0.9472392737153108,0.0527607262846892,33,17,47,3,0,0,
48,2,100,XYZ_split,1.3364303090485334,0.4696781142667909,0.987364898831836,0.01263510116816402,17,16,32,1,27,7,
48,2,100,RL_adaptive,1.3364303090485334,0.4696781142667909,0.9697833072019568,0.030216692798043177,46,21,17,4,7,5,0.9697833072019568
48,2,250,Z_only,1.3364303090485334,0.4696781142667909,0.6161131909631055,0.38388680903689454,161,89,0,0,0,0,
48,2,250,ZX_split,1.3364303090485334,0.4696781142667909,0.948511382685951,0.05148861731404897,75,50,119,6,0,0,
48,2,250,XYZ_split,1.3364303090485334,0.4696781142667909,0.9987785044971766,0.0012214955028233554,51,32,76,7,63,21,
48,2,250,RL_adaptive,1.3364303090485334,0.4696781142667909,0.994634925993798,0.005365074006202009,51,34,99,7,38,21,0.994634925993798
48,2,500,Z_only,1.3364303090485334,0.4696781142667909,0.6161131909631055,0.38388680903689454,329,171,0,0,0,0,
48,2,500,ZX_split,1.3364303090485334,0.4696781142667909,0.9488897289839641,0.051110271016035935,156,94,234,16,0,0,
48,2,500,XYZ_split,1.3364303090485334,0.4696781142667909,0.9973343724849464,0.0026656275150536146,103,63,153,13,130,38,
48,2,500,RL_adaptive,1.3364303090485334,0.4696781142667909,0.9967221276983438,0.003277872301656215,125,75,181,18,78,23,0.9967221276983438
48,3,10,Z_only,1.3364303090485334,0.4696781142667909,0.6161131909631055,0.38388680903689454,7,3,0,0,0,0,
48,3,10,ZX_split,1.3364303090485334,0.4696781142667909,0.4730167613244072,0.5269832386755928,4,1,2,3,0,0,
48,3,10,XYZ_split,1.3364303090485334,0.4696781142667909,0.8141924769120492,0.1858075230879508,1,2,2,1,3,1,
48,3,10,RL_adaptive,1.3364303090485334,0.4696781142667909,0.9211352860466246,0.07886471395337535,1,0,1,0,5,3,0.9211352860466246
48,3,25,Z_only,1.3364303090485334,0.4696781142667909,0.6161131909631055,0.38388680903689454,16,9,0,0,0,0,
48,3,25,ZX_split,1.3364303090485334,0.4696781142667909,0.9479323001257076,0.052067699874292384,7,5,12,1,0,0,
48,3,25,XYZ_split,1.3364303090485334,0.4696781142667909,0.9698861547026854,0.030113845297314645,5,3,8,0,5,4,
48,3,25,RL_adaptive,1.3364303090485334,0.4696781142667909,0.7926794344546477,0.20732056554535228,0,1,19,0,4,1,0.7926794344546477
48,3,50,Z_only,1.3364303090485334,0.4696781142667909,0.6161131909631055,0.38388680903689454,31,19,0,0,0,0,
48,3,50,ZX_split,1.3364303090485334,0.4696781142667909,0.9457303670513879,0.05426963294861209,14,11,23,2,0,0,
48,3,50,XYZ_split,1.3364303090485334,0.4696781142667909,0.9800318729201726,0.019968127079827425,9,7,15,1,16,2,
48,3,50,RL_adaptive,1.3364303090485334,0.4696781142667909,0.8922426984411711,0.1077573015588289,17,10,17,1,2,3,0.8922426984411711
48,3,100,Z_only,1.3364303090485334,0.4696781142667909,0.6161131909631055,0.38388680903689454,64,36,0,0,0,0,
48,3,100,ZX_split,1.3364303090485334,0.4696781142667909,0.9471498466126497,0.05285015338735033,29,21,48,2,0,0,
48,3,100,XYZ_split,1.3364303090485334,0.4696781142667909,0.983051875679955,0.016948124320045,25,8,32,1,23,11,
48,3,100,RL_adaptive,1.3364303090485334,0.4696781142667909,0.9963414597021184,0.003658540297881596,35,26,17,2,13,7,0.9963414597021184
48,3,250,Z_only,1.3364303090485334,0.4696781142667909,0.6161131909631055,0.38388680903689454,161,89,0,0,0,0,
48,3,250,ZX_split,1.3364303090485334,0.4696781142667909,0.9484692447198767,0.0515307552801233,74,51,115,10,0,0,
48,3,250,XYZ_split,1.3364303090485334,0.4696781142667909,0.9970398397990456,0.0029601602009543537,47,36,76,7,62,22,
48,3,250,RL_adaptive,1.3364303090485334,0.4696781142667909,0.9863736198476251,0.01362638015237494,53,32,97,8,36,24,0.9863736198476251
48,3,500,Z_only,1.3364303090485334,0.4696781142667909,0.6161131909631055,0.38388680903689454,338,162,0,0,0,0,
48,3,500,ZX_split,1.3364303090485334,0.4696781142667909,0.9461088485428347,0.053891151457165276,167,83,232,18,0,0,
48,3,500,XYZ_split,1.3364303090485334,0.4696781142667909,0.9999052703428065,9.472965719348192e-05,103,63,153,13,119,49,
48,3,500,RL_adaptive,1.3364303090485334,0.4696781142667909,0.999478478875436,0.0005215211245640505,123,79,192,9,73,24,0.999478478875436
48,4,10,Z_only,1.3364303090485334,0.4696781142667909,0.6161131909631055,0.38388680903689454,7,3,0,0,0,0,
48,4,10,ZX_split,1.3364303090485334,0.4696781142667909,0.9316070423895619,0.06839295761043807,4,1,5,0,0,0,
48,4,10,XYZ_split,1.3364303090485334,0.4696781142667909,0.9992248279919684,0.000775172008031566,2,1,3,0,3,1,
48,4,10,RL_adaptive,1.3364303090485334,0.4696781142667909,0.759433589179475,0.240566410820525,0,1,1,0,5,3,0.759433589179475
48,4,25,Z_only,1.3364303090485334,0.4696781142667909,0.6161131909631055,0.38388680903689454,17,8,0,0,0,0,
48,4,25,ZX_split,1.3364303090485334,0.4696781142667909,0.9479323001257076,0.052067699874292384,7,5,12,1,0,0,
48,4,25,XYZ_split,1.3364303090485334,0.4696781142667909,0.9307774253884634,0.06922257461153658,3,5,7,1,6,3,
48,4,25,RL_adaptive,1.3364303090485334,0.4696781142667909,0.9337152029280708,0.06628479707192925,1,0,17,1,5,1,0.9337152029280708
48,4,50,Z_only,1.3364303090485334,0.4696781142667909,0.6161131909631055,0.38388680903689454,29,21,0,0,0,0,
48,4,50,ZX_split,1.3364303090485334,0.4696781142667909,0.9473626222981176,0.05263737770188237,17,8,25,0,0,0,
48,4,50,XYZ_split,1.3364303090485334,0.4696781142667909,0.9012830546631675,0.0987169453368325,4,12,16,0,15,3,
48,4,50,RL_adaptive,1.3364303090485334,0.4696781142667909,0.9958137308127052,0.004186269187294811,17,11,16,0,5,1,0.9958137308127052
48,4,100,Z_only,1.3364303090485334,0.4696781142667909,0.6161131909631055,0.38388680903689454,67,33,0,0,0,0,
48,4,100,ZX_split,1.3364303090485334,0.4696781142667909,0.9440013585711848,0.055998641428815166,35,15,48,2,0,0,
48,4,100,XYZ_split,1.3364303090485334,0.4696781142667909,0.9861149416154288,0.013885058384571214,23,10,29,4,22,12,
48,4,100,RL_adaptive,1.3364303090485334,0.4696781142667909,0.9979100430468419,0.0020899569531580564,35,26,19,1,14,5,0.9979100430468419
48,4,250,Z_only,1.3364303090485334,0.4696781142667909,0.6161131909631055,0.38388680903689454,144,106,0,0,0,0,
48,4,250,ZX_split,1.3364303090485334,0.4696781142667909,0.9488195743576514,0.05118042564234859,75,50,114,11,0,0,
48,4,250,XYZ_split,1.3364303090485334,0.4696781142667909,0.9905519855405674,0.009448014459432552,45,38,76,7,54,30,
48,4,250,RL_adaptive,1.3364303090485334,0.4696781142667909,0.998086859593798,0.0019131404062020518,53,34,93,12,38,20,0.998086859593798
48,4,500,Z_only,1.3364303090485334,0.4696781142667909,0.6161131909631055,0.38388680903689454,308,192,0,0,0,0,
48,4,500,ZX_split,1.3364303090485334,0.4696781142667909,0.948691490558574,0.051308509441425953,151,99,237,13,0,0,
48,4,500,XYZ_split,1.3364303090485334,0.4696781142667909,0.9940000204773555,0.005999979522644527,90,76,161,5,122,46,
48,4,500,RL_adaptive,1.3364303090485334,0.4696781142667909,0.9996763056249589,0.00032369437504109477,127,74,189,13,69,28,0.9996763056249589
49,0,10,Z_only,1.8370599807017742,0.7827775891633867,0.3684356991884558,0.6315643008115441,6,4,0,0,0,0,
49,0,10,ZX_split,1.8370599807017742,0.7827775891633867,0.8609408203779555,0.1390591796220445,1,4,5,0,0,0,
49,0,10,XYZ_split,1.8370599807017742,0.7827775891633867,0.9996958968397903,0.00030410316020967887,1,2,3,0,4,0,
49,0,10,RL_adaptive,1.8370599807017742,0.7827775891633867,0.9698192662289213,0.03018073377107866,0,1,1,0,8,0,0.9698192662289213
49,0,25,Z_only,1.8370599807017742,0.7827775891633867,0.6315643008115442,0.36843569918845576,5,20,0,0,0,0,
49,0,25,ZX_split,1.8370599807017742,0.7827775891633867,0.8664092394813614,0.1335907605186386,4,8,12,1,0,0,
49,0,25,XYZ_split,1.8370599807017742,0.7827775891633867,0.942280072913684,0.057719927086316014,5,3,7,1,9,0,
49,0,25,RL_adaptive,1.8370599807017742,0.7827775891633867,0.7576715092046556,0.24232849079534435,1,0,15,2,6,1,0.7576715092046556
49,0,50,Z_only,1.8370599807017742,0.7827775891633867,0.6315643008115442,0.36843569918845576,16,34,0,0,0,0,
49,0,50,ZX_split,1.8370599807017742,0.7827775891633867,0.8618831396109964,0.13811686038900362,7,18,22,3,0,0,
49,0,50,XYZ_split,1.8370599807017742,0.7827775891633867,0.9987984278124376,0.0012015721875624497,5,11,15,1,16,2,
49,0,50,RL_adaptive,1.8370599807017742,0.7827775891633867,0.9659061759483377,0.03409382405166228,13,14,14,3,4,2,0.9659061759483377
49,0,100,Z_only,1.8370599807017742,0.7827775891633867,0.6315643008115442,0.36843569918845576,27,73,0,0,0,0,
49,0,100,ZX_split,1.8370599807017742,0.7827775891633867,0.8618831396109964,0.13811686038900362,14,36,44,6,0,0,
49,0,100,XYZ_split,1.8370599807017742,0.7827775891633867,0.9838928534225471,0.016107146577452935,16,17,26,7,29,5,
49,0,100,RL_adaptive,1.8370599807017742,0.7827775891633867,0.9930546593115162,0.0069453406884838476,13,36,27,4,17,3,0.9930546593115162
49,0,250,Z_only,1.8370599807017742,0.7827775891633867,0.6315643008115442,0.36843569918845576,102,148,0,0,0,0,
49,0,250,ZX_split,1.8370599807017742,0.7827775891633867,0.865966798897516,0.13403320110248396,45,80,102,23,0,0,
49,0,250,XYZ_split,1.8370599807017742,0.7827775891633867,0.9941095844206509,0.005890415579349106,27,56,64,19,66,18,
49,0,250,RL_adaptive,1.8370599807017742,0.7827775891633867,0.9956712141050396,0.004328785894960441,38,52,89,14,46,11,0.9956712141050396
49,0,500,Z_only,1.8370599807017742,0.7827775891633867,0.6315643008115442,0.36843569918845576,185,315,0,0,0,0,
49,0,500,ZX_split,1.8370599807017742,0.7827775891633867,0.8584463823222646,0.14155361767773544,110,140,219,31,0,0,
49,0,500,XYZ_split,1.8370599807017742,0.7827775891633867,0.9805584258024648,0.019441574197535227,81,85,124,42,140,28,
49,0,500,RL_adaptive,1.8370599807017742,0.7827775891633867,0.9973764154291488,0.0026235845708512118,87,124,159,22,94,14,0.9973764154291488
49,1,10,Z_only,1.8370599807017742,0.7827775891633867,0.6315643008115442,0.36843569918845576,4,6,0,0,0,0,
49,1,10,ZX_split,1.8370599807017742,0.7827775891633867,0.8348514291094444,0.16514857089055557,2,3,3,2,0,0,
49,1,10,XYZ_split,1.8370599807017742,0.7827775891633867,0.9505030710562754,0.049496928943724594,1,2,2,1,4,0,
49,1,10,RL_adaptive,1.8370599807017742,0.7827775891633867,0.9698192662289213,0.03018073377107866,0,1,1,0,8,0,0.9698192662289213
49,1,25,Z_only,1.8370599807017742,0.7827775891633867,0.6315643008115442,0.36843569918845576,9,16,0,0,0,0,
49,1,25,ZX_split,1.8370599807017742,0.7827775891633867,0.8609657369967088,0.13903426300329125,5,7,12,1,0,0,
49,1,25,XYZ_split,1.8370599807017742,0.7827775891633867,0.9822760352112898,0.01772396478871019,4,4,7,1,8,1,
49,1,25,RL_adaptive,1.8370599807017742,0.7827775891633867,0.7005596613407784,0.2994403386592216,0,1,14,5,2,3,0.7005596613407784
49,1,50,Z_only,1.8370599807017742,0.7827775891633867,0.6315643008115442,0.36843569918845576,17,33,0,0,0,0,
49,1,50,ZX_split,1.8370599807017742,0.7827775891633867,0.8585946644097963,0.14140533559020374,7,18,21,4,0,0,
49,1,50,XYZ_split,1.8370599807017742,0.7827775891633867,0.9608200241783921,0.039179975821607926,3,13,12,4,15,3,
49,1,50,RL_adaptive,1.8370599807017742,0.7827775891633867,0.9881632922195649,0.011836707780435107,12,14,11,6,5,2,0.9881632922195649
49,1,100,Z_only,1.8370599807017742,0.7827775891633867,0.6315643008115442,0.36843569918845576,38,62,0,0,0,0,
49,1,100,ZX_split,1.8370599807017742,0.7827775891633867,0.8654560419697338,0.1345439580302662,17,33,42,8,0,0,
49,1,100,XYZ_split,1.8370599807017742,0.7827775891633867,0.9973825855599427,0.002617414440057253,9,24,30,3,32,2,
49,1,100,RL_adaptive,1.8370599807017742,0.7827775891633867,0.971043460029866,0.028956539970134032,29,28,21,7,13,2,0.971043460029866
49,1,250,Z_only,1.8370599807017742,0.7827775891633867,0.6315643008115442,0.36843569918845576,88,162,0,0,0,0,
49,1,250,ZX_split,1.8370599807017742,0.7827775891633867,0.8663972144667133,0.13360278553328675,44,81,109,16,0,0,
49,1,250,XYZ_split,1.8370599807017742,0.7827775891633867,0.9855885389374933,0.01441146106250668,24,59,64,19,77,7,
49,1,250,RL_adaptive,1.8370599807017742,0.7827775891633867,0.98989131367671,0.010108686323289984,31,64,73,24,50,8,0.98989131367671
49,1,500,Z_only,1.8370599807017742,0.7827775891633867,0.6315643008115442,0.36843569918845576,170,330,0,0,0,0,
49,1,500,ZX_split,1.8370599807017742,0.7827775891633867,0.8662969173155843,0.13370308268441566,86,164,219,31,0,0,
49,1,500,XYZ_split,1.8370599807017742,0.7827775891633867,0.9985708591465782,0.0014291408534218286,53,113,142,24,147,21,
49,1,500,RL_adaptive,1.8370599807017742,0.7827775891633867,0.9978777175616715,0.00212228243832846,75,141,152,24,87,21,0.9978777175616715
49,2,10,Z_only,1.8370599807017742,0.7827775891633867,0.6315643008115442,0.36843569918845576,4,6,0,0,0,0,
49,2,10,ZX_split,1.8370599807017742,0.7827775891633867,0.8611478547939978,0.1388521452060022,2,3,5,0,0,0,
49,2,10,XYZ_split,1.8370599807017742,0.7827775891633867,0.9031472805359783,0.09685271946402174,0,3,2,1,4,0,
49,2,10,RL_adaptive,1.8370599807017742,0.7827775891633867,0.9291007573032698,0.0708992426967302,0,1,1,0,6,2,0.9291007573032698
49,2,25,Z_only,1.8370599807017742,0.7827775891633867,0.6315643008115442,0.36843569918845576,7,18,0,0,0,0,
49,2,25,ZX_split,1.8370599807017742,0.7827775891633867,0.8401290173921542,0.15987098260784582,3,9,10,3,0,0,
49,2,25,XYZ_split,1.8370599807017742,0.7827775891633867,0.9505745942585706,0.049425405741429396,4,4,5,3,7,2,
49,2,25,RL_adaptive,1.8370599807017742,0.7827775891633867,0.7580609326494211,0.2419390673505789,1,0,13,4,7,0,0.7580609326494211
49,2,50,Z_only,1.8370599807017742,0.7827775891633867,0.6315643008115442,0.36843569918845576,23,27,0,0,0,0,
49,2,50,ZX_split,1.8370599807017742,0.7827775891633867,0.8308892823101366,0.1691107176898634,13,12,19,6,0,0,
49,2,50,XYZ_split,1.8370599807017742,0.7827775891633867,0.9355301108421916,0.06446988915780838,10,6,14,2,15,3,
49,2,50,RL_adaptive,1.8370599807017742,0.7827775891633867,0.9715997805841722,0.02840021941582782,9,18,11,4,8,0,0.9715997805841722
49,2,100,Z_only,1.8370599807017742,0.7827775891633867,0.6315643008115442,0.36843569918845576,31,69,0,0,0,0,
49,2,100,ZX_split,1.8370599807017742,0.7827775891633867,0.8419871316150453,0.15801286838495465,25,25,39,11,0,0,
49,2,100,XYZ_split,1.8370599807017742,0.7827775891633867,0.9939667451133838,0.006033254886616213,12,21,25,8,29,5,
49,2,100,RL_adaptive,1.8370599807017742,0.7827775891633867,0.9941172767416719,0.00588272325832806,23,31,23,5,16,2,0.9941172767416719
49,2,250,Z_only,1.8370599807017742,0.7827775891633867,0.6315643008115442,0.36843569918845576,96,154,0,0,0,0,
49,2,250,ZX_split,1.8370599807017742,0.7827775891633867,0.8659113824051977,0.13408861759480228,49,76,104,21,0,0,
49,2,250,XYZ_split,1.8370599807017742,0.7827775891633867,0.9973323053838697,0.002667694616130256,29,54,70,13,66,18,
49,2,250,RL_adaptive,1.8370599807017742,0.7827775891633867,0.9975192302891311,0.0024807697108688576,34,57,82,17,46,14,0.9975192302891311
49,2,500,Z_only,1.8370599807017742,0.7827775891633867,0.6315643008115442,0.36843569918845576,164,336,0,0,0,0,
49,2,500,ZX_split,1.8370599807017742,0.7827775891633867,0.866403829510295,0.13359617048970496,91,159,216,34,0,0,
49,2,500,XYZ_split,1.8370599807017742,0.7827775891633867,0.9931895761131223,0.006810423886877692,51,115,141,25,132,36,
49,2,500,RL_adaptive,1.8370599807017742,0.7827775891633867,0.9979185361254725,0.002081463874527456,87,125,147,31,86,24,0.9979185361254725
49,3,10,Z_only,1.8370599807017742,0.7827775891633867,0.6315643008115442,0.36843569918845576,3,7,0,0,0,0,
49,3,10,ZX_split,1.8370599807017742,0.7827775891633867,0.8348514291094444,0.16514857089055557,1,4,4,1,0,0,
49,3,10,XYZ_split,1.8370599807017742,0.7827775891633867,0.9772376127832767,0.0227623872167233,1,2,2,1,3,1,
49,3,10,RL_adaptive,1.8370599807017742,0.7827775891633867,0.9698192662289213,0.03018073377107866,0,1,1,0,8,0,0.9698192662289213
49,3,25,Z_only,1.8370599807017742,0.7827775891633867,0.6315643008115442,0.36843569918845576,9,16,0,0,0,0,
49,3,25,ZX_split,1.8370599807017742,0.7827775891633867,0.7961047273030474,0.20389527269695262,1,11,10,3,0,0,
49,3,25,XYZ_split,1.8370599807017742,0.7827775891633867,0.9769731010918576,0.023026898908142357,2,6,6,2,8,1,
49,3,25,RL_adaptive,1.8370599807017742,0.7827775891633867,0.8061906981991054,0.19380930180089462,1,0,16,1,7,0,0.8061906981991054
49,3,50,Z_only,1.8370599807017742,0.7827775891633867,0.6315643008115442,0.36843569918845576,18,32,0,0,0,0,
49,3,50,ZX_split,1.8370599807017742,0.7827775891633867,0.8491227112072093,0.15087728879279072,12,13,21,4,0,0,
49,3,50,XYZ_split,1.8370599807017742,0.7827775891633867,0.976730300986465,0.02326969901353504,7,9,12,4,17,1,
49,3,50,RL_adaptive,1.8370599807017742,0.7827775891633867,0.9853050686934947,0.014694931306505343,6,22,13,2,6,1,0.9853050686934947
49,3,100,Z_only,1.8370599807017742,0.7827775891633867,0.6315643008115442,0.36843569918845576,32,68,0,0,0,0,
49,3,100,ZX_split,1.8370599807017742,0.7827775891633867,0.8664185932028391,0.1335814067971609,18,32,43,7,0,0,
49,3,100,XYZ_split,1.8370599807017742,0.7827775891633867,0.9934271893079513,0.006572810692048736,14,19,29,4,27,7,
49,3,100,RL_adaptive,1.8370599807017742,0.7827775891633867,0.9903037844416396,0.009696215558360421,23,31,23,7,14,2,0.9903037844416396
49,3,250,Z_only,1.8370599807017742,0.7827775891633867,0.6315643008115442,0.36843569918845576,93,157,0,0,0,0,
49,3,250,ZX_split,1.8370599807017742,0.7827775891633867,0.8660417648445984,0.13395823515540162,48,77,106,19,0,0,
49,3,250,XYZ_split,1.8370599807017742,0.7827775891633867,0.9932931187119174,0.006706881288082611,35,48,66,17,74,10,
49,3,250,RL_adaptive,1.8370599807017742,0.7827775891633867,0.9959425250116197,0.004057474988380272,31,58,90,11,48,12,0.9959425250116197
49,3,500,Z_only,1.8370599807017742,0.7827775891633867,0.6315643008115442,0.36843569918845576,188,312,0,0,0,0,
49,3,500,ZX_split,1.8370599807017742,0.7827775891633867,0.8602537974949447,0.13974620250505532,74,176,208,42,0,0,
49,3,500,XYZ_split,1.8370599807017742,0.7827775891633867,0.9988490864980805,0.0011509135019195371,56,110,138,28,144,24,
49,3,500,RL_adaptive,1.8370599807017742,0.7827775891633867,0.9992539908927596,0.0007460091072404307,78,135,148,27,99,13,0.9992539908927596
49,4,10,Z_only,1.8370599807017742,0.7827775891633867,0.6315643008115442,0.36843569918845576,4,6,0,0,0,0,
49,4,10,ZX_split,1.8370599807017742,0.7827775891633867,0.8609408203779555,0.1390591796220445,1,4,5,0,0,0,
49,4,10,XYZ_split,1.8370599807017742,0.7827775891633867,0.5178252421815425,0.48217475781845753,2,1,1,2,3,1,
49,4,10,RL_adaptive,1.8370599807017742,0.7827775891633867,0.9552158981761156,0.04478410182388437,0,1,1,0,7,1,0.9552158981761156
49,4,25,Z_only,1.8370599807017742,0.7827775891633867,0.6315643008115442,0.36843569918845576,4,21,0,0,0,0,
49,4,25,ZX_split,1.8370599807017742,0.7827775891633867,0.8664092394813614,0.1335907605186386,4,8,12,1,0,0,
49,4,25,XYZ_split,1.8370599807017742,0.7827775891633867,0.969458852834549,0.030541147165450977,3,5,7,1,6,3,
49,4,25,RL_adaptive,1.8370599807017742,0.7827775891633867,0.7576715092046556,0.24232849079534435,1,0,15,2,6,1,0.7576715092046556
49,4,50,Z_only,1.8370599807017742,0.7827775891633867,0.6315643008115442,0.36843569918845576,16,34,0,0,0,0,
49,4,50,ZX_split,1.8370599807017742,0.7827775891633867,0.7255622717112962,0.27443772828870383,17,8,20,5,0,0,
49,4,50,XYZ_split,1.8370599807017742,0.7827775891633867,0.9985046890887577,0.0014953109112423313,6,10,12,4,14,4,
49,4,50,RL_adaptive,1.8370599807017742,0.7827775891633867,0.9876413049133135,0.012358695086686522,12,15,12,4,6,1,0.9876413049133135
49,4,100,Z_only,1.8370599807017742,0.7827775891633867,0.6315643008115442,0.36843569918845576,37,63,0,0,0,0,
49,4,100,ZX_split,1.8370599807017742,0.7827775891633867,0.8647231039795854,0.1352768960204146,20,30,43,7,0,0,
49,4,100,XYZ_split,1.8370599807017742,0.7827775891633867,0.9829617598764101,0.0170382401235899,15,18,31,2,27,7,
49,4,100,RL_adaptive,1.8370599807017742,0.7827775891633867,0.9826411421356351,0.017358857864364863,19,32,24,8,16,1,0.9826411421356351
49,4,250,Z_only,1.8370599807017742,0.7827775891633867,0.6315643008115442,0.36843569918845576,87,163,0,0,0,0,
49,4,250,ZX_split,1.8370599807017742,0.7827775891633867,0.8645217774259586,0.1354782225740414,44,81,99,26,0,0,
49,4,250,XYZ_split,1.8370599807017742,0.7827775891633867,0.9930942571464414,0.006905742853558605,28,55,63,20,71,13,
49,4,250,RL_adaptive,1.8370599807017742,0.7827775891633867,0.9989508557472077,0.0010491442527923445,37,56,82,19,47,9,0.9989508557472077
49,4,500,Z_only,1.8370599807017742,0.7827775891633867,0.6315643008115442,0.36843569918845576,187,313,0,0,0,0,
49,4,500,ZX_split,1.8370599807017742,0.7827775891633867,0.8661614894478421,0.1338385105521579,86,164,216,34,0,0,
49,4,500,XYZ_split,1.8370599807017742,0.7827775891633867,0.999753365750189,0.00024663424981097304,58,108,141,25,142,26,
49,4,500,RL_adaptive,1.8370599807017742,0.7827775891633867,0.9990103317357024,0.000989668264297583,70,146,149,24,97,14,0.9990103317357024
