target_id,seed,N,method,plane,alpha1,alpha2,fidelity,infidelity,shots_ZZ,shots_ZX,shots_ZY,shots_XZ,shots_XX,shots_XY,shots_YZ,shots_YX,shots_YY
0,0,10,Z_only,XZ,1.9764760295607424,5.1328994338790945,0.9176252975926026,0.08237470240739742,,,,,,,,,
0,0,10,ZX_split,XZ,1.9764760295607424,5.1328994338790945,0.9524323920975867,0.04756760790241332,,,,,,,,,
0,0,10,XYZ_split,XZ,1.9764760295607424,5.1328994338790945,0.9575251162467575,0.04247488375324249,,,,,,,,,
0,0,10,ORACLE_plane,XZ,1.9764760295607424,5.1328994338790945,0.8752239594989489,0.12477604050105107,,,,,,,,,
0,0,10,RL_adaptive,XZ,1.9764760295607424,5.1328994338790945,0.942956327201004,0.057043672798996026,3.0,0.0,1.0,1.0,2.0,0.0,0.0,0.0,3.0
0,0,25,Z_only,XZ,1.9764760295607424,5.1328994338790945,0.9176252975926026,0.08237470240739742,,,,,,,,,
0,0,25,ZX_split,XZ,1.9764760295607424,5.1328994338790945,0.9696251815334962,0.030374818466503806,,,,,,,,,
0,0,25,XYZ_split,XZ,1.9764760295607424,5.1328994338790945,0.84415771313143,0.15584228686857005,,,,,,,,,
0,0,25,ORACLE_plane,XZ,1.9764760295607424,5.1328994338790945,0.9622716053446456,0.03772839465535438,,,,,,,,,
0,0,25,RL_adaptive,XZ,1.9764760295607424,5.1328994338790945,0.8787142018118208,0.1212857981881792,10.0,1.0,0.0,1.0,3.0,3.0,0.0,5.0,2.0
0,0,50,Z_only,XZ,1.9764760295607424,5.1328994338790945,0.9176252975926026,0.08237470240739742,,,,,,,,,
0,0,50,ZX_split,XZ,1.9764760295607424,5.1328994338790945,0.9062079314783278,0.09379206852167221,,,,,,,,,
0,0,50,XYZ_split,XZ,1.9764760295607424,5.1328994338790945,0.9087386842744141,0.09126131572558593,,,,,,,,,
0,0,50,ORACLE_plane,XZ,1.9764760295607424,5.1328994338790945,0.9660951677714553,0.03390483222854468,,,,,,,,,
0,0,50,RL_adaptive,XZ,1.9764760295607424,5.1328994338790945,0.9681102080655304,0.03188979193446961,9.0,1.0,0.0,0.0,9.0,3.0,1.0,19.0,8.0
0,0,100,Z_only,XZ,1.9764760295607424,5.1328994338790945,0.9176252975926026,0.08237470240739742,,,,,,,,,
0,0,100,ZX_split,XZ,1.9764760295607424,5.1328994338790945,0.9982777586606927,0.0017222413393073177,,,,,,,,,
0,0,100,XYZ_split,XZ,1.9764760295607424,5.1328994338790945,0.9885124062957504,0.011487593704249566,,,,,,,,,
0,0,100,ORACLE_plane,XZ,1.9764760295607424,5.1328994338790945,0.9837811228272044,0.016218877172795576,,,,,,,,,
0,0,100,RL_adaptive,XZ,1.9764760295607424,5.1328994338790945,0.9960765972668035,0.003923402733196468,2.0,4.0,10.0,42.0,12.0,6.0,18.0,2.0,4.0
0,0,250,Z_only,XZ,1.9764760295607424,5.1328994338790945,0.9176252975926026,0.08237470240739742,,,,,,,,,
0,0,250,ZX_split,XZ,1.9764760295607424,5.1328994338790945,0.998563813031748,0.0014361869682519846,,,,,,,,,
0,0,250,XYZ_split,XZ,1.9764760295607424,5.1328994338790945,0.9805938613548637,0.019406138645136295,,,,,,,,,
0,0,250,ORACLE_plane,XZ,1.9764760295607424,5.1328994338790945,0.9905371454703937,0.009462854529606268,,,,,,,,,
0,0,250,RL_adaptive,XZ,1.9764760295607424,5.1328994338790945,0.9792381219190678,0.020761878080932217,19.0,1.0,145.0,13.0,25.0,0.0,2.0,16.0,29.0
0,0,500,Z_only,XZ,1.9764760295607424,5.1328994338790945,0.9176252975926026,0.08237470240739742,,,,,,,,,
0,0,500,ZX_split,XZ,1.9764760295607424,5.1328994338790945,0.9999920797118382,7.92028816176682e-06,,,,,,,,,
0,0,500,XYZ_split,XZ,1.9764760295607424,5.1328994338790945,0.9939572380659591,0.006042761934040852,,,,,,,,,
0,0,500,ORACLE_plane,XZ,1.9764760295607424,5.1328994338790945,0.9990478874881247,0.0009521125118753249,,,,,,,,,
0,0,500,RL_adaptive,XZ,1.9764760295607424,5.1328994338790945,0.99715481184889,0.002845188151110012,98.0,70.0,139.0,0.0,26.0,52.0,21.0,14.0,80.0
0,1,10,Z_only,XZ,1.9764760295607424,5.1328994338790945,0.9176252975926026,0.08237470240739742,,,,,,,,,
0,1,10,ZX_split,XZ,1.9764760295607424,5.1328994338790945,0.9856421387180893,0.014357861281910744,,,,,,,,,
0,1,10,XYZ_split,XZ,1.9764760295607424,5.1328994338790945,0.9317322431151785,0.06826775688482145,,,,,,,,,
0,1,10,ORACLE_plane,XZ,1.9764760295607424,5.1328994338790945,0.9059494007720752,0.0940505992279248,,,,,,,,,
0,1,10,RL_adaptive,XZ,1.9764760295607424,5.1328994338790945,0.9239375806723221,0.07606241932767788,2.0,0.0,2.0,1.0,2.0,0.0,0.0,0.0,3.0
0,1,25,Z_only,XZ,1.9764760295607424,5.1328994338790945,0.9176252975926026,0.08237470240739742,,,,,,,,,
0,1,25,ZX_split,XZ,1.9764760295607424,5.1328994338790945,0.9973330078463719,0.0026669921536280894,,,,,,,,,
0,1,25,XYZ_split,XZ,1.9764760295607424,5.1328994338790945,0.9042693210140034,0.09573067898599663,,,,,,,,,
0,1,25,ORACLE_plane,XZ,1.9764760295607424,5.1328994338790945,0.9807880307846192,0.01921196921538082,,,,,,,,,
0,1,25,RL_adaptive,XZ,1.9764760295607424,5.1328994338790945,0.9253280146837136,0.07467198531628638,10.0,0.0,0.0,0.0,6.0,1.0,0.0,3.0,5.0
0,1,50,Z_only,XZ,1.9764760295607424,5.1328994338790945,0.9176252975926026,0.08237470240739742,,,,,,,,,
0,1,50,ZX_split,XZ,1.9764760295607424,5.1328994338790945,0.9856421387180893,0.014357861281910744,,,,,,,,,
0,1,50,XYZ_split,XZ,1.9764760295607424,5.1328994338790945,0.9536478467352514,0.04635215326474862,,,,,,,,,
0,1,50,ORACLE_plane,XZ,1.9764760295607424,5.1328994338790945,0.9968939371677996,0.0031060628322003847,,,,,,,,,
0,1,50,RL_adaptive,XZ,1.9764760295607424,5.1328994338790945,0.9837581532504845,0.016241846749515454,11.0,1.0,0.0,0.0,9.0,2.0,0.0,19.0,8.0
0,1,100,Z_only,XZ,1.9764760295607424,5.1328994338790945,0.9176252975926026,0.08237470240739742,,,,,,,,,
0,1,100,ZX_split,XZ,1.9764760295607424,5.1328994338790945,0.9941241977731479,0.005875802226852134,,,,,,,,,
0,1,100,XYZ_split,XZ,1.9764760295607424,5.1328994338790945,0.9779722069727785,0.022027793027221465,,,,,,,,,
0,1,100,ORACLE_plane,XZ,1.9764760295607424,5.1328994338790945,0.9973235584802129,0.002676441519787076,,,,,,,,,
0,1,100,RL_adaptive,XZ,1.9764760295607424,5.1328994338790945,0.9400993769117868,0.0599006230882132,3.0,6.0,7.0,41.0,11.0,7.0,20.0,0.0,5.0
0,1,250,Z_only,XZ,1.9764760295607424,5.1328994338790945,0.9176252975926026,0.08237470240739742,,,,,,,,,
0,1,250,ZX_split,XZ,1.9764760295607424,5.1328994338790945,0.999552416369915,0.00044758363008501334,,,,,,,,,
0,1,250,XYZ_split,XZ,1.9764760295607424,5.1328994338790945,0.9898736599983845,0.010126340001615497,,,,,,,,,
0,1,250,ORACLE_plane,XZ,1.9764760295607424,5.1328994338790945,0.9994758420081152,0.0005241579918847661,,,,,,,,,
0,1,250,RL_adaptive,XZ,1.9764760295607424,5.1328994338790945,0.9573357404375245,0.04266425956247555,12.0,7.0,144.0,18.0,15.0,6.0,3.0,21.0,24.0
0,1,500,Z_only,XZ,1.9764760295607424,5.1328994338790945,0.9176252975926026,0.08237470240739742,,,,,,,,,
0,1,500,ZX_split,XZ,1.9764760295607424,5.1328994338790945,0.9999973250996855,2.67490031446993e-06,,,,,,,,,
0,1,500,XYZ_split,XZ,1.9764760295607424,5.1328994338790945,0.9994042719132694,0.0005957280867305847,,,,,,,,,
0,1,500,ORACLE_plane,XZ,1.9764760295607424,5.1328994338790945,0.9988121420669233,0.0011878579330767414,,,,,,,,,
0,1,500,RL_adaptive,XZ,1.9764760295607424,5.1328994338790945,0.991481073638177,0.008518926361823054,100.0,59.0,144.0,0.0,35.0,44.0,17.0,12.0,89.0
0,2,10,Z_only,XZ,1.9764760295607424,5.1328994338790945,0.9176252975926026,0.08237470240739742,,,,,,,,,
0,2,10,ZX_split,XZ,1.9764760295607424,5.1328994338790945,0.976933987709667,0.023066012290333004,,,,,,,,,
0,2,10,XYZ_split,XZ,1.9764760295607424,5.1328994338790945,0.7651760638392197,0.23482393616078034,,,,,,,,,
0,2,10,ORACLE_plane,XZ,1.9764760295607424,5.1328994338790945,0.9566312262515836,0.04336877374841641,,,,,,,,,
0,2,10,RL_adaptive,XZ,1.9764760295607424,5.1328994338790945,0.9253995158330339,0.07460048416696607,2.0,0.0,3.0,0.0,2.0,0.0,0.0,1.0,2.0
0,2,25,Z_only,XZ,1.9764760295607424,5.1328994338790945,0.9176252975926026,0.08237470240739742,,,,,,,,,
0,2,25,ZX_split,XZ,1.9764760295607424,5.1328994338790945,0.9453679217086406,0.05463207829135941,,,,,,,,,
0,2,25,XYZ_split,XZ,1.9764760295607424,5.1328994338790945,0.9539758088247898,0.04602419117521017,,,,,,,,,
0,2,25,ORACLE_plane,XZ,1.9764760295607424,5.1328994338790945,0.9495310382792533,0.05046896172074666,,,,,,,,,
0,2,25,RL_adaptive,XZ,1.9764760295607424,5.1328994338790945,0.7918573421895879,0.20814265781041208,7.0,1.0,0.0,2.0,3.0,3.0,0.0,5.0,4.0
0,2,50,Z_only,XZ,1.9764760295607424,5.1328994338790945,0.9176252975926026,0.08237470240739742,,,,,,,,,
0,2,50,ZX_split,XZ,1.9764760295607424,5.1328994338790945,0.993411139791521,0.0065888602084790415,,,,,,,,,
0,2,50,XYZ_split,XZ,1.9764760295607424,5.1328994338790945,0.966744381643545,0.03325561835645496,,,,,,,,,
0,2,50,ORACLE_plane,XZ,1.9764760295607424,5.1328994338790945,0.9971230458333253,0.002876954166674661,,,,,,,,,
0,2,50,RL_adaptive,XZ,1.9764760295607424,5.1328994338790945,0.9449588723389489,0.05504112766105107,10.0,2.0,0.0,0.0,8.0,3.0,1.0,18.0,8.0
0,2,100,Z_only,XZ,1.9764760295607424,5.1328994338790945,0.9176252975926026,0.08237470240739742,,,,,,,,,
0,2,100,ZX_split,XZ,1.9764760295607424,5.1328994338790945,0.9994092003984699,0.0005907996015300787,,,,,,,,,
0,2,100,XYZ_split,XZ,1.9764760295607424,5.1328994338790945,0.9862411766975602,0.013758823302439827,,,,,,,,,
0,2,100,ORACLE_plane,XZ,1.9764760295607424,5.1328994338790945,0.9943390174893217,0.0056609825106782585,,,,,,,,,
0,2,100,RL_adaptive,XZ,1.9764760295607424,5.1328994338790945,0.9748293195675151,0.025170680432484938,4.0,4.0,9.0,43.0,10.0,6.0,18.0,3.0,3.0
0,2,250,Z_only,XZ,1.9764760295607424,5.1328994338790945,0.9176252975926026,0.08237470240739742,,,,,,,,,
0,2,250,ZX_split,XZ,1.9764760295607424,5.1328994338790945,0.9993714567995134,0.0006285432004865532,,,,,,,,,
0,2,250,XYZ_split,XZ,1.9764760295607424,5.1328994338790945,0.9798011285792312,0.020198871420768816,,,,,,,,,
0,2,250,ORACLE_plane,XZ,1.9764760295607424,5.1328994338790945,0.9991530737678527,0.000846926232147327,,,,,,,,,
0,2,250,RL_adaptive,XZ,1.9764760295607424,5.1328994338790945,0.9938407034101332,0.006159296589866803,17.0,5.0,141.0,16.0,20.0,4.0,1.0,19.0,27.0
0,2,500,Z_only,XZ,1.9764760295607424,5.1328994338790945,0.9176252975926026,0.08237470240739742,,,,,,,,,
0,2,500,ZX_split,XZ,1.9764760295607424,5.1328994338790945,0.9994587543313947,0.0005412456686052503,,,,,,,,,
0,2,500,XYZ_split,XZ,1.9764760295607424,5.1328994338790945,0.991832599607931,0.00816740039206898,,,,,,,,,
0,2,500,ORACLE_plane,XZ,1.9764760295607424,5.1328994338790945,0.9971291967281718,0.002870803271828204,,,,,,,,,
0,2,500,RL_adaptive,XZ,1.9764760295607424,5.1328994338790945,0.9850650937486274,0.014934906251372615,86.0,66.0,150.0,0.0,31.0,53.0,26.0,18.0,70.0
0,3,10,Z_only,XZ,1.9764760295607424,5.1328994338790945,0.9176252975926026,0.08237470240739742,,,,,,,,,
0,3,10,ZX_split,XZ,1.9764760295607424,5.1328994338790945,0.8752239594989489,0.12477604050105107,,,,,,,,,
0,3,10,XYZ_split,XZ,1.9764760295607424,5.1328994338790945,0.9159189198015177,0.08408108019848226,,,,,,,,,
0,3,10,ORACLE_plane,XZ,1.9764760295607424,5.1328994338790945,0.6710908852094282,0.32890911479057183,,,,,,,,,
0,3,10,RL_adaptive,XZ,1.9764760295607424,5.1328994338790945,0.6626713882463081,0.3373286117536919,2.0,0.0,0.0,1.0,2.0,0.0,2.0,1.0,2.0
0,3,25,Z_only,XZ,1.9764760295607424,5.1328994338790945,0.9176252975926026,0.08237470240739742,,,,,,,,,
0,3,25,ZX_split,XZ,1.9764760295607424,5.1328994338790945,0.9620348890840813,0.0379651109159187,,,,,,,,,
0,3,25,XYZ_split,XZ,1.9764760295607424,5.1328994338790945,0.7955771133401951,0.2044228866598049,,,,,,,,,
0,3,25,ORACLE_plane,XZ,1.9764760295607424,5.1328994338790945,0.9862156607605012,0.013784339239498844,,,,,,,,,
0,3,25,RL_adaptive,XZ,1.9764760295607424,5.1328994338790945,0.9109655988707821,0.0890344011292179,9.0,0.0,0.0,1.0,5.0,1.0,0.0,4.0,5.0
0,3,50,Z_only,XZ,1.9764760295607424,5.1328994338790945,0.9176252975926026,0.08237470240739742,,,,,,,,,
0,3,50,ZX_split,XZ,1.9764760295607424,5.1328994338790945,0.9947396178585276,0.005260382141472397,,,,,,,,,
0,3,50,XYZ_split,XZ,1.9764760295607424,5.1328994338790945,0.964911058092327,0.03508894190767298,,,,,,,,,
0,3,50,ORACLE_plane,XZ,1.9764760295607424,5.1328994338790945,0.9803801828735644,0.019619817126435568,,,,,,,,,
0,3,50,RL_adaptive,XZ,1.9764760295607424,5.1328994338790945,0.9492008978758029,0.05079910212419714,10.0,2.0,0.0,0.0,7.0,4.0,2.0,18.0,7.0
0,3,100,Z_only,XZ,1.9764760295607424,5.1328994338790945,0.9176252975926026,0.08237470240739742,,,,,,,,,
0,3,100,ZX_split,XZ,1.9764760295607424,5.1328994338790945,0.9972890371178867,0.0027109628821132548,,,,,,,,,
0,3,100,XYZ_split,XZ,1.9764760295607424,5.1328994338790945,0.9485805077908812,0.05141949220911879,,,,,,,,,
0,3,100,ORACLE_plane,XZ,1.9764760295607424,5.1328994338790945,0.9967713916150027,0.003228608384997278,,,,,,,,,
0,3,100,RL_adaptive,XZ,1.9764760295607424,5.1328994338790945,0.9364262800528944,0.06357371994710559,4.0,2.0,10.0,38.0,14.0,5.0,20.0,1.0,6.0
0,3,250,Z_only,XZ,1.9764760295607424,5.1328994338790945,0.9176252975926026,0.08237470240739742,,,,,,,,,
0,3,250,ZX_split,XZ,1.9764760295607424,5.1328994338790945,0.9973927972394416,0.002607202760558369,,,,,,,,,
0,3,250,XYZ_split,XZ,1.9764760295607424,5.1328994338790945,0.9939513775183805,0.0060486224816195255,,,,,,,,,
0,3,250,ORACLE_plane,XZ,1.9764760295607424,5.1328994338790945,0.9997364322739357,0.00026356772606428436,,,,,,,,,
0,3,250,RL_adaptive,XZ,1.9764760295607424,5.1328994338790945,0.9950975930166769,0.004902406983323115,14.0,6.0,146.0,18.0,19.0,2.0,1.0,18.0,26.0
0,3,500,Z_only,XZ,1.9764760295607424,5.1328994338790945,0.9176252975926026,0.08237470240739742,,,,,,,,,
0,3,500,ZX_split,XZ,1.9764760295607424,5.1328994338790945,0.9982133104887407,0.0017866895112592651,,,,,,,,,
0,3,500,XYZ_split,XZ,1.9764760295607424,5.1328994338790945,0.9986897223058805,0.0013102776941195104,,,,,,,,,
0,3,500,ORACLE_plane,XZ,1.9764760295607424,5.1328994338790945,0.9969108385158226,0.003089161484177372,,,,,,,,,
0,3,500,RL_adaptive,XZ,1.9764760295607424,5.1328994338790945,0.9905085508998883,0.009491449100111682,92.0,77.0,139.0,0.0,19.0,57.0,28.0,13.0,75.0
0,4,10,Z_only,XZ,1.9764760295607424,5.1328994338790945,0.9176252975926026,0.08237470240739742,,,,,,,,,
0,4,10,ZX_split,XZ,1.9764760295607424,5.1328994338790945,0.9867835116767446,0.013216488323255393,,,,,,,,,
0,4,10,XYZ_split,XZ,1.9764760295607424,5.1328994338790945,0.6146792880847591,0.38532071191524087,,,,,,,,,
0,4,10,ORACLE_plane,XZ,1.9764760295607424,5.1328994338790945,0.9004972604462222,0.09950273955377775,,,,,,,,,
0,4,10,RL_adaptive,XZ,1.9764760295607424,5.1328994338790945,0.8278837739987667,0.17211622600123333,3.0,0.0,1.0,1.0,2.0,0.0,0.0,0.0,3.0
0,4,25,Z_only,XZ,1.9764760295607424,5.1328994338790945,0.9176252975926026,0.08237470240739742,,,,,,,,,
0,4,25,ZX_split,XZ,1.9764760295607424,5.1328994338790945,0.9927734357749267,0.007226564225073284,,,,,,,,,
0,4,25,XYZ_split,XZ,1.9764760295607424,5.1328994338790945,0.8937742657357644,0.10622573426423565,,,,,,,,,
0,4,25,ORACLE_plane,XZ,1.9764760295607424,5.1328994338790945,0.9733860877451801,0.026613912254819905,,,,,,,,,
0,4,25,RL_adaptive,XZ,1.9764760295607424,5.1328994338790945,0.8818782921762284,0.11812170782377163,8.0,1.0,0.0,3.0,2.0,2.0,0.0,5.0,4.0
0,4,50,Z_only,XZ,1.9764760295607424,5.1328994338790945,0.9176252975926026,0.08237470240739742,,,,,,,,,
0,4,50,ZX_split,XZ,1.9764760295607424,5.1328994338790945,0.9857905503198434,0.014209449680156583,,,,,,,,,
0,4,50,XYZ_split,XZ,1.9764760295607424,5.1328994338790945,0.9522061525637739,0.047793847436226056,,,,,,,,,
0,4,50,ORACLE_plane,XZ,1.9764760295607424,5.1328994338790945,0.9975441696823762,0.002455830317623753,,,,,,,,,
0,4,50,RL_adaptive,XZ,1.9764760295607424,5.1328994338790945,0.9870686701917301,0.012931329808269942,11.0,0.0,0.0,0.0,11.0,1.0,1.0,18.0,8.0
0,4,100,Z_only,XZ,1.9764760295607424,5.1328994338790945,0.9176252975926026,0.08237470240739742,,,,,,,,,
0,4,100,ZX_split,XZ,1.9764760295607424,5.1328994338790945,0.9862709949443675,0.01372900505563246,,,,,,,,,
0,4,100,XYZ_split,XZ,1.9764760295607424,5.1328994338790945,0.9308549390812566,0.0691450609187434,,,,,,,,,
0,4,100,ORACLE_plane,XZ,1.9764760295607424,5.1328994338790945,0.9789325014670837,0.02106749853291634,,,,,,,,,
0,4,100,RL_adaptive,XZ,1.9764760295607424,5.1328994338790945,0.967417138021812,0.03258286197818805,5.0,3.0,7.0,42.0,12.0,6.0,19.0,1.0,5.0
0,4,250,Z_only,XZ,1.9764760295607424,5.1328994338790945,0.9176252975926026,0.08237470240739742,,,,,,,,,
0,4,250,ZX_split,XZ,1.9764760295607424,5.1328994338790945,0.997329304253182,0.002670695746817997,,,,,,,,,
0,4,250,XYZ_split,XZ,1.9764760295607424,5.1328994338790945,0.9844298736731368,0.015570126326863165,,,,,,,,,
0,4,250,ORACLE_plane,XZ,1.9764760295607424,5.1328994338790945,0.9994162263406839,0.0005837736593160558,,,,,,,,,
0,4,250,RL_adaptive,XZ,1.9764760295607424,5.1328994338790945,0.9819934963779865,0.018006503622013503,24.0,1.0,138.0,7.0,33.0,0.0,0.0,12.0,35.0
0,4,500,Z_only,XZ,1.9764760295607424,5.1328994338790945,0.9176252975926026,0.08237470240739742,,,,,,,,,
0,4,500,ZX_split,XZ,1.9764760295607424,5.1328994338790945,0.9995500252243387,0.0004499747756613326,,,,,,,,,
0,4,500,XYZ_split,XZ,1.9764760295607424,5.1328994338790945,0.998596050663726,0.0014039493362739686,,,,,,,,,
0,4,500,ORACLE_plane,XZ,1.9764760295607424,5.1328994338790945,0.9992372488930943,0.0007627511069057125,,,,,,,,,
0,4,500,RL_adaptive,XZ,1.9764760295607424,5.1328994338790945,0.9967570332360871,0.003242966763912891,96.0,70.0,139.0,0.0,26.0,52.0,21.0,13.0,83.0
1,0,10,Z_only,XY,2.4580605652563854,2.2352685165643478,0.2500000000000001,0.7499999999999999,,,,,,,,,
1,0,10,ZX_split,XY,2.4580605652563854,2.2352685165643478,0.2481864211485603,0.7518135788514397,,,,,,,,,
1,0,10,XYZ_split,XY,2.4580605652563854,2.2352685165643478,0.4476621611140007,0.5523378388859993,,,,,,,,,
1,0,10,ORACLE_plane,XY,2.4580605652563854,2.2352685165643478,0.9439910965102404,0.05600890348975962,,,,,,,,,
1,0,10,RL_adaptive,XY,2.4580605652563854,2.2352685165643478,0.9166406007125493,0.08335939928745073,5.0,0.0,0.0,0.0,3.0,0.0,0.0,0.0,2.0
1,0,25,Z_only,XY,2.4580605652563854,2.2352685165643478,0.24999999999999994,0.75,,,,,,,,,
1,0,25,ZX_split,XY,2.4580605652563854,2.2352685165643478,0.7092033878997137,0.2907966121002863,,,,,,,,,
1,0,25,XYZ_split,XY,2.4580605652563854,2.2352685165643478,0.9107594112566701,0.08924058874332985,,,,,,,,,
1,0,25,ORACLE_plane,XY,2.4580605652563854,2.2352685165643478,0.9755080632848173,0.024491936715182683,,,,,,,,,
1,0,25,RL_adaptive,XY,2.4580605652563854,2.2352685165643478,0.9214747488251592,0.07852525117484077,2.0,2.0,1.0,6.0,2.0,1.0,0.0,7.0,4.0
1,0,50,Z_only,XY,2.4580605652563854,2.2352685165643478,0.24999999999999994,0.75,,,,,,,,,
1,0,50,ZX_split,XY,2.4580605652563854,2.2352685165643478,0.6685860844992106,0.33141391550078936,,,,,,,,,
1,0,50,XYZ_split,XY,2.4580605652563854,2.2352685165643478,0.9752621851929892,0.02473781480701076,,,,,,,,,
1,0,50,ORACLE_plane,XY,2.4580605652563854,2.2352685165643478,0.9889026278844834,0.011097372115516646,,,,,,,,,
1,0,50,RL_adaptive,XY,2.4580605652563854,2.2352685165643478,0.9067954333040744,0.09320456669592558,11.0,0.0,0.0,0.0,9.0,0.0,0.0,18.0,12.0
1,0,100,Z_only,XY,2.4580605652563854,2.2352685165643478,0.2500000000000001,0.7499999999999999,,,,,,,,,
1,0,100,ZX_split,XY,2.4580605652563854,2.2352685165643478,0.7128381592174841,0.28716184078251594,,,,,,,,,
1,0,100,XYZ_split,XY,2.4580605652563854,2.2352685165643478,0.9755627292994707,0.024437270700529257,,,,,,,,,
1,0,100,ORACLE_plane,XY,2.4580605652563854,2.2352685165643478,0.9856611439542303,0.014338856045769677,,,,,,,,,
1,0,100,RL_adaptive,XY,2.4580605652563854,2.2352685165643478,0.9937217058652035,0.006278294134796525,12.0,1.0,4.0,36.0,14.0,6.0,15.0,4.0,8.0
1,0,250,Z_only,XY,2.4580605652563854,2.2352685165643478,0.2500000000000001,0.7499999999999999,,,,,,,,,
1,0,250,ZX_split,XY,2.4580605652563854,2.2352685165643478,0.7081148876613221,0.29188511233867787,,,,,,,,,
1,0,250,XYZ_split,XY,2.4580605652563854,2.2352685165643478,0.982813815808823,0.017186184191177012,,,,,,,,,
1,0,250,ORACLE_plane,XY,2.4580605652563854,2.2352685165643478,0.9974808660080332,0.0025191339919667932,,,,,,,,,
1,0,250,RL_adaptive,XY,2.4580605652563854,2.2352685165643478,0.9967597573921927,0.0032402426078073088,14.0,7.0,144.0,10.0,29.0,0.0,0.0,3.0,43.0
1,0,500,Z_only,XY,2.4580605652563854,2.2352685165643478,0.2500000000000001,0.7499999999999999,,,,,,,,,
1,0,500,ZX_split,XY,2.4580605652563854,2.2352685165643478,0.7123998033033827,0.2876001966966173,,,,,,,,,
1,0,500,XYZ_split,XY,2.4580605652563854,2.2352685165643478,0.9878653064971165,0.012134693502883542,,,,,,,,,
1,0,500,ORACLE_plane,XY,2.4580605652563854,2.2352685165643478,0.9982842575809368,0.0017157424190632486,,,,,,,,,
1,0,500,RL_adaptive,XY,2.4580605652563854,2.2352685165643478,0.9905702226311489,0.009429777368851089,80.0,113.0,105.0,4.0,12.0,55.0,12.0,0.0,119.0
1,1,10,Z_only,XY,2.4580605652563854,2.2352685165643478,0.2500000000000001,0.7499999999999999,,,,,,,,,
1,1,10,ZX_split,XY,2.4580605652563854,2.2352685165643478,0.6975148110494319,0.3024851889505681,,,,,,,,,
1,1,10,XYZ_split,XY,2.4580605652563854,2.2352685165643478,0.9541522329921809,0.04584776700781912,,,,,,,,,
1,1,10,ORACLE_plane,XY,2.4580605652563854,2.2352685165643478,0.6340855108274448,0.3659144891725552,,,,,,,,,
1,1,10,RL_adaptive,XY,2.4580605652563854,2.2352685165643478,0.6747243616812305,0.3252756383187695,2.0,1.0,2.0,0.0,3.0,0.0,0.0,0.0,2.0
1,1,25,Z_only,XY,2.4580605652563854,2.2352685165643478,0.2500000000000001,0.7499999999999999,,,,,,,,,
1,1,25,ZX_split,XY,2.4580605652563854,2.2352685165643478,0.7143987135731686,0.28560128642683136,,,,,,,,,
1,1,25,XYZ_split,XY,2.4580605652563854,2.2352685165643478,0.9290893339042748,0.07091066609572516,,,,,,,,,
1,1,25,ORACLE_plane,XY,2.4580605652563854,2.2352685165643478,0.9973524008883813,0.0026475991116187148,,,,,,,,,
1,1,25,RL_adaptive,XY,2.4580605652563854,2.2352685165643478,0.9437184574710591,0.05628154252894091,8.0,1.0,0.0,3.0,2.0,0.0,0.0,6.0,5.0
1,1,50,Z_only,XY,2.4580605652563854,2.2352685165643478,0.2500000000000001,0.7499999999999999,,,,,,,,,
1,1,50,ZX_split,XY,2.4580605652563854,2.2352685165643478,0.7147952431468941,0.28520475685310587,,,,,,,,,
1,1,50,XYZ_split,XY,2.4580605652563854,2.2352685165643478,0.8445959385853674,0.1554040614146326,,,,,,,,,
1,1,50,ORACLE_plane,XY,2.4580605652563854,2.2352685165643478,0.9955404890440677,0.004459510955932333,,,,,,,,,
1,1,50,RL_adaptive,XY,2.4580605652563854,2.2352685165643478,0.9158728762278029,0.08412712377219711,11.0,0.0,0.0,0.0,10.0,0.0,0.0,18.0,11.0
1,1,100,Z_only,XY,2.4580605652563854,2.2352685165643478,0.2500000000000001,0.7499999999999999,,,,,,,,,
1,1,100,ZX_split,XY,2.4580605652563854,2.2352685165643478,0.7166698840721935,0.28333011592780655,,,,,,,,,
1,1,100,XYZ_split,XY,2.4580605652563854,2.2352685165643478,0.9875701765188374,0.012429823481162616,,,,,,,,,
1,1,100,ORACLE_plane,XY,2.4580605652563854,2.2352685165643478,0.996341437281459,0.0036585627185410363,,,,,,,,,
1,1,100,RL_adaptive,XY,2.4580605652563854,2.2352685165643478,0.9754121953992041,0.024587804600795904,10.0,3.0,6.0,33.0,12.0,7.0,17.0,6.0,6.0
1,1,250,Z_only,XY,2.4580605652563854,2.2352685165643478,0.2500000000000001,0.7499999999999999,,,,,,,,,
1,1,250,ZX_split,XY,2.4580605652563854,2.2352685165643478,0.7165574791191326,0.2834425208808674,,,,,,,,,
1,1,250,XYZ_split,XY,2.4580605652563854,2.2352685165643478,0.9719709243106708,0.02802907568932922,,,,,,,,,
1,1,250,ORACLE_plane,XY,2.4580605652563854,2.2352685165643478,0.9994293864387616,0.0005706135612384422,,,,,,,,,
1,1,250,RL_adaptive,XY,2.4580605652563854,2.2352685165643478,0.9947730331131719,0.0052269668868281105,15.0,7.0,139.0,7.0,33.0,0.0,2.0,0.0,47.0
1,1,500,Z_only,XY,2.4580605652563854,2.2352685165643478,0.24999999999999994,0.75,,,,,,,,,
1,1,500,ZX_split,XY,2.4580605652563854,2.2352685165643478,0.7164682870570501,0.2835317129429499,,,,,,,,,
1,1,500,XYZ_split,XY,2.4580605652563854,2.2352685165643478,0.999124056746768,0.0008759432532320366,,,,,,,,,
1,1,500,ORACLE_plane,XY,2.4580605652563854,2.2352685165643478,0.9997274310392045,0.0002725689607955273,,,,,,,,,
1,1,500,RL_adaptive,XY,2.4580605652563854,2.2352685165643478,0.998451676355109,0.001548323644890992,85.0,102.0,118.0,1.0,22.0,50.0,2.0,1.0,119.0
1,2,10,Z_only,XY,2.4580605652563854,2.2352685165643478,0.24999999999999994,0.75,,,,,,,,,
1,2,10,ZX_split,XY,2.4580605652563854,2.2352685165643478,0.4625405494321458,0.5374594505678543,,,,,,,,,
1,2,10,XYZ_split,XY,2.4580605652563854,2.2352685165643478,0.8560018688464941,0.1439981311535059,,,,,,,,,
1,2,10,ORACLE_plane,XY,2.4580605652563854,2.2352685165643478,0.6943178726876955,0.3056821273123045,,,,,,,,,
1,2,10,RL_adaptive,XY,2.4580605652563854,2.2352685165643478,0.8070699462897227,0.19293005371027727,4.0,1.0,0.0,0.0,2.0,1.0,0.0,0.0,2.0
1,2,25,Z_only,XY,2.4580605652563854,2.2352685165643478,0.2500000000000001,0.7499999999999999,,,,,,,,,
1,2,25,ZX_split,XY,2.4580605652563854,2.2352685165643478,0.6855914626781767,0.3144085373218233,,,,,,,,,
1,2,25,XYZ_split,XY,2.4580605652563854,2.2352685165643478,0.9229234146402632,0.07707658535973683,,,,,,,,,
1,2,25,ORACLE_plane,XY,2.4580605652563854,2.2352685165643478,0.9958082596365238,0.0041917403634762485,,,,,,,,,
1,2,25,RL_adaptive,XY,2.4580605652563854,2.2352685165643478,0.9520027166573628,0.0479972833426372,7.0,0.0,0.0,4.0,2.0,0.0,0.0,6.0,6.0
1,2,50,Z_only,XY,2.4580605652563854,2.2352685165643478,0.2500000000000001,0.7499999999999999,,,,,,,,,
1,2,50,ZX_split,XY,2.4580605652563854,2.2352685165643478,0.6694644061322458,0.3305355938677542,,,,,,,,,
1,2,50,XYZ_split,XY,2.4580605652563854,2.2352685165643478,0.9348287824809628,0.0651712175190372,,,,,,,,,
1,2,50,ORACLE_plane,XY,2.4580605652563854,2.2352685165643478,0.9767296004655066,0.02327039953449339,,,,,,,,,
1,2,50,RL_adaptive,XY,2.4580605652563854,2.2352685165643478,0.9801454832922671,0.01985451670773286,8.0,1.0,0.0,0.0,8.0,2.0,0.0,20.0,11.0
1,2,100,Z_only,XY,2.4580605652563854,2.2352685165643478,0.24999999999999994,0.75,,,,,,,,,
1,2,100,ZX_split,XY,2.4580605652563854,2.2352685165643478,0.7075411039918891,0.2924588960081109,,,,,,,,,
1,2,100,XYZ_split,XY,2.4580605652563854,2.2352685165643478,0.9368976768217953,0.06310232317820474,,,,,,,,,
1,2,100,ORACLE_plane,XY,2.4580605652563854,2.2352685165643478,0.9999301433542779,6.985664572212169e-05,,,,,,,,,
1,2,100,RL_adaptive,XY,2.4580605652563854,2.2352685165643478,0.9836055012630489,0.01639449873695109,15.0,0.0,4.0,35.0,17.0,3.0,13.0,2.0,11.0
1,2,250,Z_only,XY,2.4580605652563854,2.2352685165643478,0.2500000000000001,0.7499999999999999,,,,,,,,,
1,2,250,ZX_split,XY,2.4580605652563854,2.2352685165643478,0.7156664951016296,0.2843335048983704,,,,,,,,,
1,2,250,XYZ_split,XY,2.4580605652563854,2.2352685165643478,0.9880155742613544,0.011984425738645554,,,,,,,,,
1,2,250,ORACLE_plane,XY,2.4580605652563854,2.2352685165643478,0.9983822451005553,0.0016177548994447122,,,,,,,,,
1,2,250,RL_adaptive,XY,2.4580605652563854,2.2352685165643478,0.9674398720530372,0.032560127946962836,16.0,6.0,140.0,5.0,35.0,0.0,2.0,0.0,46.0
1,2,500,Z_only,XY,2.4580605652563854,2.2352685165643478,0.2500000000000001,0.7499999999999999,,,,,,,,,
1,2,500,ZX_split,XY,2.4580605652563854,2.2352685165643478,0.710246644946182,0.28975335505381805,,,,,,,,,
1,2,500,XYZ_split,XY,2.4580605652563854,2.2352685165643478,0.9986575291199147,0.0013424708800853224,,,,,,,,,
1,2,500,ORACLE_plane,XY,2.4580605652563854,2.2352685165643478,0.9986719741900189,0.0013280258099811482,,,,,,,,,
1,2,500,RL_adaptive,XY,2.4580605652563854,2.2352685165643478,0.9972803425781384,0.002719657421861643,74.0,107.0,117.0,4.0,19.0,58.0,11.0,0.0,110.0
1,3,10,Z_only,XY,2.4580605652563854,2.2352685165643478,0.2500000000000001,0.7499999999999999,,,,,,,,,
1,3,10,ZX_split,XY,2.4580605652563854,2.2352685165643478,0.5796902197028669,0.42030978029713306,,,,,,,,,
1,3,10,XYZ_split,XY,2.4580605652563854,2.2352685165643478,0.8168623141180787,0.18313768588192125,,,,,,,,,
1,3,10,ORACLE_plane,XY,2.4580605652563854,2.2352685165643478,0.8563495027009569,0.1436504972990431,,,,,,,,,
1,3,10,RL_adaptive,XY,2.4580605652563854,2.2352685165643478,0.9251820963219916,0.07481790367800845,4.0,0.0,0.0,0.0,4.0,0.0,0.0,0.0,2.0
1,3,25,Z_only,XY,2.4580605652563854,2.2352685165643478,0.2500000000000001,0.7499999999999999,,,,,,,,,
1,3,25,ZX_split,XY,2.4580605652563854,2.2352685165643478,0.6971803446925711,0.30281965530742894,,,,,,,,,
1,3,25,XYZ_split,XY,2.4580605652563854,2.2352685165643478,0.9306071850537683,0.06939281494623173,,,,,,,,,
1,3,25,ORACLE_plane,XY,2.4580605652563854,2.2352685165643478,0.9876087435629142,0.01239125643708583,,,,,,,,,
1,3,25,RL_adaptive,XY,2.4580605652563854,2.2352685165643478,0.8610126118256101,0.13898738817438994,8.0,0.0,0.0,3.0,2.0,1.0,1.0,6.0,4.0
1,3,50,Z_only,XY,2.4580605652563854,2.2352685165643478,0.24999999999999994,0.75,,,,,,,,,
1,3,50,ZX_split,XY,2.4580605652563854,2.2352685165643478,0.7041970078723095,0.29580299212769046,,,,,,,,,
1,3,50,XYZ_split,XY,2.4580605652563854,2.2352685165643478,0.9857411497486784,0.014258850251321564,,,,,,,,,
1,3,50,ORACLE_plane,XY,2.4580605652563854,2.2352685165643478,0.9727382816043196,0.027261718395680368,,,,,,,,,
1,3,50,RL_adaptive,XY,2.4580605652563854,2.2352685165643478,0.9735566761587822,0.026443323841217836,9.0,0.0,1.0,0.0,8.0,1.0,0.0,20.0,11.0
1,3,100,Z_only,XY,2.4580605652563854,2.2352685165643478,0.2500000000000001,0.7499999999999999,,,,,,,,,
1,3,100,ZX_split,XY,2.4580605652563854,2.2352685165643478,0.7071938334962695,0.2928061665037305,,,,,,,,,
1,3,100,XYZ_split,XY,2.4580605652563854,2.2352685165643478,0.9478702245209276,0.05212977547907238,,,,,,,,,
1,3,100,ORACLE_plane,XY,2.4580605652563854,2.2352685165643478,0.9987230471533536,0.0012769528466464175,,,,,,,,,
1,3,100,RL_adaptive,XY,2.4580605652563854,2.2352685165643478,0.9794041445962027,0.02059585540379727,11.0,1.0,6.0,37.0,13.0,6.0,15.0,4.0,7.0
1,3,250,Z_only,XY,2.4580605652563854,2.2352685165643478,0.2500000000000001,0.7499999999999999,,,,,,,,,
1,3,250,ZX_split,XY,2.4580605652563854,2.2352685165643478,0.7153266350338826,0.2846733649661174,,,,,,,,,
1,3,250,XYZ_split,XY,2.4580605652563854,2.2352685165643478,0.9884255672043629,0.01157443279563708,,,,,,,,,
1,3,250,ORACLE_plane,XY,2.4580605652563854,2.2352685165643478,0.999620590314421,0.0003794096855790352,,,,,,,,,
1,3,250,RL_adaptive,XY,2.4580605652563854,2.2352685165643478,0.9807786132968612,0.019221386703138776,16.0,7.0,143.0,7.0,32.0,0.0,0.0,0.0,45.0
1,3,500,Z_only,XY,2.4580605652563854,2.2352685165643478,0.2500000000000001,0.7499999999999999,,,,,,,,,
1,3,500,ZX_split,XY,2.4580605652563854,2.2352685165643478,0.7161050727848,0.28389492721520004,,,,,,,,,
1,3,500,XYZ_split,XY,2.4580605652563854,2.2352685165643478,0.9904084737286487,0.009591526271351292,,,,,,,,,
1,3,500,ORACLE_plane,XY,2.4580605652563854,2.2352685165643478,0.9991971678578192,0.0008028321421807982,,,,,,,,,
1,3,500,RL_adaptive,XY,2.4580605652563854,2.2352685165643478,0.992638615644164,0.007361384355835998,86.0,102.0,114.0,4.0,18.0,50.0,3.0,0.0,123.0
1,4,10,Z_only,XY,2.4580605652563854,2.2352685165643478,0.24999999999999994,0.75,,,,,,,,,
1,4,10,ZX_split,XY,2.4580605652563854,2.2352685165643478,0.5258866382175639,0.4741133617824361,,,,,,,,,
1,4,10,XYZ_split,XY,2.4580605652563854,2.2352685165643478,0.8489847196306254,0.15101528036937462,,,,,,,,,
1,4,10,ORACLE_plane,XY,2.4580605652563854,2.2352685165643478,0.9639159005328745,0.03608409946712554,,,,,,,,,
1,4,10,RL_adaptive,XY,2.4580605652563854,2.2352685165643478,0.9366328435387653,0.0633671564612347,4.0,0.0,0.0,0.0,3.0,0.0,0.0,1.0,2.0
1,4,25,Z_only,XY,2.4580605652563854,2.2352685165643478,0.24999999999999994,0.75,,,,,,,,,
1,4,25,ZX_split,XY,2.4580605652563854,2.2352685165643478,0.5618436641052622,0.4381563358947378,,,,,,,,,
1,4,25,XYZ_split,XY,2.4580605652563854,2.2352685165643478,0.7979194019586986,0.2020805980413014,,,,,,,,,
1,4,25,ORACLE_plane,XY,2.4580605652563854,2.2352685165643478,0.9345618047222648,0.0654381952777352,,,,,,,,,
1,4,25,RL_adaptive,XY,2.4580605652563854,2.2352685165643478,0.9742912374307539,0.025708762569246146,6.0,0.0,0.0,2.0,2.0,5.0,0.0,8.0,2.0
1,4,50,Z_only,XY,2.4580605652563854,2.2352685165643478,0.24999999999999994,0.75,,,,,,,,,
1,4,50,ZX_split,XY,2.4580605652563854,2.2352685165643478,0.6905730239813473,0.30942697601865266,,,,,,,,,
1,4,50,XYZ_split,XY,2.4580605652563854,2.2352685165643478,0.9824323937192861,0.017567606280713854,,,,,,,,,
1,4,50,ORACLE_plane,XY,2.4580605652563854,2.2352685165643478,0.9933887618289193,0.006611238171080669,,,,,,,,,
1,4,50,RL_adaptive,XY,2.4580605652563854,2.2352685165643478,0.899007601068716,0.10099239893128398,7.0,3.0,0.0,0.0,8.0,3.0,1.0,20.0,8.0
1,4,100,Z_only,XY,2.4580605652563854,2.2352685165643478,0.2500000000000001,0.7499999999999999,,,,,,,,,
1,4,100,ZX_split,XY,2.4580605652563854,2.2352685165643478,0.7064625634627385,0.2935374365372615,,,,,,,,,
1,4,100,XYZ_split,XY,2.4580605652563854,2.2352685165643478,0.9834205317173337,0.01657946828266632,,,,,,,,,
1,4,100,ORACLE_plane,XY,2.4580605652563854,2.2352685165643478,0.9786697902503718,0.02133020974962818,,,,,,,,,
1,4,100,RL_adaptive,XY,2.4580605652563854,2.2352685165643478,0.9925762781662254,0.007423721833774599,12.0,1.0,4.0,37.0,14.0,6.0,15.0,4.0,7.0
1,4,250,Z_only,XY,2.4580605652563854,2.2352685165643478,0.2500000000000001,0.7499999999999999,,,,,,,,,
1,4,250,ZX_split,XY,2.4580605652563854,2.2352685165643478,0.7145166523377127,0.28548334766228733,,,,,,,,,
1,4,250,XYZ_split,XY,2.4580605652563854,2.2352685165643478,0.9958195719216051,0.0041804280783949155,,,,,,,,,
1,4,250,ORACLE_plane,XY,2.4580605652563854,2.2352685165643478,0.9986936719511242,0.00130632804887576,,,,,,,,,
1,4,250,RL_adaptive,XY,2.4580605652563854,2.2352685165643478,0.9698346332326144,0.03016536676738557,23.0,1.0,131.0,0.0,40.0,0.0,1.0,0.0,54.0
1,4,500,Z_only,XY,2.4580605652563854,2.2352685165643478,0.24999999999999994,0.75,,,,,,,,,
1,4,500,ZX_split,XY,2.4580605652563854,2.2352685165643478,0.7142001748498278,0.2857998251501722,,,,,,,,,
1,4,500,XYZ_split,XY,2.4580605652563854,2.2352685165643478,0.9919987536154522,0.0080012463845478,,,,,,,,,
1,4,500,ORACLE_plane,XY,2.4580605652563854,2.2352685165643478,0.9998208201925393,0.0001791798074607387,,,,,,,,,
1,4,500,RL_adaptive,XY,2.4580605652563854,2.2352685165643478,0.9843863924382089,0.015613607561791087,81.0,105.0,118.0,2.0,19.0,51.0,8.0,1.0,115.0
2,0,10,Z_only,YZ,1.976954275637126,0.9161014384177302,0.8601449798751016,0.13985502012489837,,,,,,,,,
2,0,10,ZX_split,YZ,1.976954275637126,0.9161014384177302,0.6588232837544752,0.3411767162455248,,,,,,,,,
2,0,10,XYZ_split,YZ,1.976954275637126,0.9161014384177302,0.819998874280969,0.18000112571903104,,,,,,,,,
2,0,10,ORACLE_plane,YZ,1.976954275637126,0.9161014384177302,0.938325904903887,0.06167409509611299,,,,,,,,,
2,0,10,RL_adaptive,YZ,1.976954275637126,0.9161014384177302,0.5629622472086031,0.4370377527913969,4.0,0.0,0.0,0.0,2.0,0.0,0.0,1.0,3.0
2,0,25,Z_only,YZ,1.976954275637126,0.9161014384177302,0.8601449798751016,0.13985502012489837,,,,,,,,,
2,0,25,ZX_split,YZ,1.976954275637126,0.9161014384177302,0.824550839738402,0.17544916026159796,,,,,,,,,
2,0,25,XYZ_split,YZ,1.976954275637126,0.9161014384177302,0.7314420320837958,0.26855796791620423,,,,,,,,,
2,0,25,ORACLE_plane,YZ,1.976954275637126,0.9161014384177302,0.9996750244151601,0.00032497558483990385,,,,,,,,,
2,0,25,RL_adaptive,YZ,1.976954275637126,0.9161014384177302,0.8325821183510569,0.1674178816489431,8.0,1.0,0.0,4.0,5.0,0.0,0.0,0.0,7.0
2,0,50,Z_only,YZ,1.976954275637126,0.9161014384177302,0.8601449798751016,0.13985502012489837,,,,,,,,,
2,0,50,ZX_split,YZ,1.976954275637126,0.9161014384177302,0.8363654478370601,0.16363455216293987,,,,,,,,,
2,0,50,XYZ_split,YZ,1.976954275637126,0.9161014384177302,0.9686546484477951,0.03134535155220486,,,,,,,,,
2,0,50,ORACLE_plane,YZ,1.976954275637126,0.9161014384177302,0.9847419270485851,0.015258072951414903,,,,,,,,,
2,0,50,RL_adaptive,YZ,1.976954275637126,0.9161014384177302,0.9694411888556722,0.03055881114432779,10.0,0.0,0.0,0.0,10.0,1.0,0.0,19.0,10.0
2,0,100,Z_only,YZ,1.976954275637126,0.9161014384177302,0.8601449798751016,0.13985502012489837,,,,,,,,,
2,0,100,ZX_split,YZ,1.976954275637126,0.9161014384177302,0.8405654634376146,0.15943453656238538,,,,,,,,,
2,0,100,XYZ_split,YZ,1.976954275637126,0.9161014384177302,0.9875648197840843,0.01243518021591572,,,,,,,,,
2,0,100,ORACLE_plane,YZ,1.976954275637126,0.9161014384177302,0.9951763502697314,0.004823649730268609,,,,,,,,,
2,0,100,RL_adaptive,YZ,1.976954275637126,0.9161014384177302,0.964114413993324,0.03588558600667602,8.0,2.0,3.0,37.0,18.0,6.0,19.0,0.0,7.0
2,0,250,Z_only,YZ,1.976954275637126,0.9161014384177302,0.8601449798751016,0.13985502012489837,,,,,,,,,
2,0,250,ZX_split,YZ,1.976954275637126,0.9161014384177302,0.857332048268128,0.14266795173187197,,,,,,,,,
2,0,250,XYZ_split,YZ,1.976954275637126,0.9161014384177302,0.9705675063752618,0.02943249362473821,,,,,,,,,
2,0,250,ORACLE_plane,YZ,1.976954275637126,0.9161014384177302,0.9988547652813679,0.0011452347186321488,,,,,,,,,
2,0,250,RL_adaptive,YZ,1.976954275637126,0.9161014384177302,0.9387335036789414,0.06126649632105863,17.0,4.0,150.0,11.0,18.0,8.0,6.0,13.0,23.0
2,0,500,Z_only,YZ,1.976954275637126,0.9161014384177302,0.8601449798751016,0.13985502012489837,,,,,,,,,
2,0,500,ZX_split,YZ,1.976954275637126,0.9161014384177302,0.8592500912260356,0.14074990877396443,,,,,,,,,
2,0,500,XYZ_split,YZ,1.976954275637126,0.9161014384177302,0.9922825025153189,0.007717497484681091,,,,,,,,,
2,0,500,ORACLE_plane,YZ,1.976954275637126,0.9161014384177302,0.9998985103950893,0.00010148960491074277,,,,,,,,,
2,0,500,RL_adaptive,YZ,1.976954275637126,0.9161014384177302,0.9919074830306392,0.008092516969360752,81.0,81.0,126.0,2.0,32.0,49.0,31.0,2.0,96.0
2,1,10,Z_only,YZ,1.976954275637126,0.9161014384177302,0.8601449798751016,0.13985502012489837,,,,,,,,,
2,1,10,ZX_split,YZ,1.976954275637126,0.9161014384177302,0.8199654641944853,0.18003453580551465,,,,,,,,,
2,1,10,XYZ_split,YZ,1.976954275637126,0.9161014384177302,0.8413177577592413,0.15868224224075866,,,,,,,,,
2,1,10,ORACLE_plane,YZ,1.976954275637126,0.9161014384177302,0.8299393992306343,0.1700606007693657,,,,,,,,,
2,1,10,RL_adaptive,YZ,1.976954275637126,0.9161014384177302,0.8863616426621023,0.11363835733789773,3.0,0.0,0.0,1.0,2.0,0.0,1.0,1.0,2.0
2,1,25,Z_only,YZ,1.976954275637126,0.9161014384177302,0.8601449798751016,0.13985502012489837,,,,,,,,,
2,1,25,ZX_split,YZ,1.976954275637126,0.9161014384177302,0.7873958580875312,0.2126041419124688,,,,,,,,,
2,1,25,XYZ_split,YZ,1.976954275637126,0.9161014384177302,0.8840154518553017,0.11598454814469827,,,,,,,,,
2,1,25,ORACLE_plane,YZ,1.976954275637126,0.9161014384177302,0.9931760336678647,0.006823966332135334,,,,,,,,,
2,1,25,RL_adaptive,YZ,1.976954275637126,0.9161014384177302,0.8483777903418295,0.15162220965817053,6.0,2.0,2.0,4.0,2.0,2.0,0.0,4.0,3.0
2,1,50,Z_only,YZ,1.976954275637126,0.9161014384177302,0.8601449798751016,0.13985502012489837,,,,,,,,,
2,1,50,ZX_split,YZ,1.976954275637126,0.9161014384177302,0.8593199159823575,0.14068008401764254,,,,,,,,,
2,1,50,XYZ_split,YZ,1.976954275637126,0.9161014384177302,0.9874304584841506,0.012569541515849436,,,,,,,,,
2,1,50,ORACLE_plane,YZ,1.976954275637126,0.9161014384177302,0.9994994313051403,0.0005005686948597043,,,,,,,,,
2,1,50,RL_adaptive,YZ,1.976954275637126,0.9161014384177302,0.9540959573475564,0.04590404265244363,10.0,1.0,1.0,0.0,9.0,1.0,0.0,19.0,9.0
2,1,100,Z_only,YZ,1.976954275637126,0.9161014384177302,0.8601449798751016,0.13985502012489837,,,,,,,,,
2,1,100,ZX_split,YZ,1.976954275637126,0.9161014384177302,0.8571513664007449,0.14284863359925515,,,,,,,,,
2,1,100,XYZ_split,YZ,1.976954275637126,0.9161014384177302,0.9924916270706472,0.007508372929352802,,,,,,,,,
2,1,100,ORACLE_plane,YZ,1.976954275637126,0.9161014384177302,0.9971198172478137,0.0028801827521862666,,,,,,,,,
2,1,100,RL_adaptive,YZ,1.976954275637126,0.9161014384177302,0.9828617770353257,0.017138222964674266,7.0,4.0,2.0,38.0,15.0,8.0,22.0,0.0,4.0
2,1,250,Z_only,YZ,1.976954275637126,0.9161014384177302,0.8601449798751016,0.13985502012489837,,,,,,,,,
2,1,250,ZX_split,YZ,1.976954275637126,0.9161014384177302,0.8540522628600227,0.14594773713997733,,,,,,,,,
2,1,250,XYZ_split,YZ,1.976954275637126,0.9161014384177302,0.9907799168276371,0.009220083172362892,,,,,,,,,
2,1,250,ORACLE_plane,YZ,1.976954275637126,0.9161014384177302,0.9987912292767473,0.0012087707232526501,,,,,,,,,
2,1,250,RL_adaptive,YZ,1.976954275637126,0.9161014384177302,0.9958777003865956,0.004122299613404379,18.0,4.0,145.0,8.0,15.0,11.0,9.0,16.0,24.0
2,1,500,Z_only,YZ,1.976954275637126,0.9161014384177302,0.8601449798751016,0.13985502012489837,,,,,,,,,
2,1,500,ZX_split,YZ,1.976954275637126,0.9161014384177302,0.8599593328291644,0.14004066717083563,,,,,,,,,
2,1,500,XYZ_split,YZ,1.976954275637126,0.9161014384177302,0.9994056176221625,0.0005943823778374879,,,,,,,,,
2,1,500,ORACLE_plane,YZ,1.976954275637126,0.9161014384177302,0.9994894737375138,0.0005105262624861551,,,,,,,,,
2,1,500,RL_adaptive,YZ,1.976954275637126,0.9161014384177302,0.9956102359077598,0.004389764092240234,77.0,88.0,125.0,0.0,29.0,55.0,35.0,2.0,89.0
2,2,10,Z_only,YZ,1.976954275637126,0.9161014384177302,0.8601449798751016,0.13985502012489837,,,,,,,,,
2,2,10,ZX_split,YZ,1.976954275637126,0.9161014384177302,0.8448273582290048,0.1551726417709952,,,,,,,,,
2,2,10,XYZ_split,YZ,1.976954275637126,0.9161014384177302,0.7760988674840447,0.22390113251595534,,,,,,,,,
2,2,10,ORACLE_plane,YZ,1.976954275637126,0.9161014384177302,0.7764757762263493,0.22352422377365067,,,,,,,,,
2,2,10,RL_adaptive,YZ,1.976954275637126,0.9161014384177302,0.36021534240556813,0.6397846575944319,6.0,0.0,0.0,0.0,2.0,0.0,0.0,0.0,2.0
2,2,25,Z_only,YZ,1.976954275637126,0.9161014384177302,0.8601449798751016,0.13985502012489837,,,,,,,,,
2,2,25,ZX_split,YZ,1.976954275637126,0.9161014384177302,0.8545415005201951,0.14545849947980494,,,,,,,,,
2,2,25,XYZ_split,YZ,1.976954275637126,0.9161014384177302,0.9518819197041835,0.048118080295816545,,,,,,,,,
2,2,25,ORACLE_plane,YZ,1.976954275637126,0.9161014384177302,0.9955171209695771,0.004482879030422882,,,,,,,,,
2,2,25,RL_adaptive,YZ,1.976954275637126,0.9161014384177302,0.8709659104852302,0.1290340895147698,14.0,0.0,0.0,0.0,5.0,2.0,0.0,1.0,3.0
2,2,50,Z_only,YZ,1.976954275637126,0.9161014384177302,0.8601449798751016,0.13985502012489837,,,,,,,,,
2,2,50,ZX_split,YZ,1.976954275637126,0.9161014384177302,0.7878466600677428,0.21215333993225716,,,,,,,,,
2,2,50,XYZ_split,YZ,1.976954275637126,0.9161014384177302,0.9782703998624576,0.021729600137542437,,,,,,,,,
2,2,50,ORACLE_plane,YZ,1.976954275637126,0.9161014384177302,0.9990812659832965,0.0009187340167035041,,,,,,,,,
2,2,50,RL_adaptive,YZ,1.976954275637126,0.9161014384177302,0.9710272410387859,0.028972758961214096,10.0,2.0,0.0,0.0,9.0,1.0,1.0,17.0,10.0
2,2,100,Z_only,YZ,1.976954275637126,0.9161014384177302,0.8601449798751016,0.13985502012489837,,,,,,,,,
2,2,100,ZX_split,YZ,1.976954275637126,0.9161014384177302,0.8506642286249826,0.1493357713750174,,,,,,,,,
2,2,100,XYZ_split,YZ,1.976954275637126,0.9161014384177302,0.9681257879569154,0.031874212043084604,,,,,,,,,
2,2,100,ORACLE_plane,YZ,1.976954275637126,0.9161014384177302,0.9981196263101344,0.0018803736898655998,,,,,,,,,
2,2,100,RL_adaptive,YZ,1.976954275637126,0.9161014384177302,0.9824125946746436,0.01758740532535641,6.0,4.0,2.0,38.0,15.0,8.0,21.0,0.0,6.0
2,2,250,Z_only,YZ,1.976954275637126,0.9161014384177302,0.8601449798751016,0.13985502012489837,,,,,,,,,
2,2,250,ZX_split,YZ,1.976954275637126,0.9161014384177302,0.8550710717660016,0.1449289282339984,,,,,,,,,
2,2,250,XYZ_split,YZ,1.976954275637126,0.9161014384177302,0.9966206119186464,0.0033793880813536292,,,,,,,,,
2,2,250,ORACLE_plane,YZ,1.976954275637126,0.9161014384177302,0.9976508718626775,0.002349128137322465,,,,,,,,,
2,2,250,RL_adaptive,YZ,1.976954275637126,0.9161014384177302,0.9803482690029207,0.019651730997079286,15.0,6.0,142.0,11.0,13.0,12.0,10.0,18.0,23.0
2,2,500,Z_only,YZ,1.976954275637126,0.9161014384177302,0.8601449798751016,0.13985502012489837,,,,,,,,,
2,2,500,ZX_split,YZ,1.976954275637126,0.9161014384177302,0.859438976789454,0.14056102321054598,,,,,,,,,
2,2,500,XYZ_split,YZ,1.976954275637126,0.9161014384177302,0.9963045389496862,0.0036954610503138197,,,,,,,,,
2,2,500,ORACLE_plane,YZ,1.976954275637126,0.9161014384177302,0.9997370521968191,0.00026294780318092403,,,,,,,,,
2,2,500,RL_adaptive,YZ,1.976954275637126,0.9161014384177302,0.9997888192976908,0.00021118070230918828,76.0,84.0,127.0,3.0,30.0,52.0,34.0,5.0,89.0
2,3,10,Z_only,YZ,1.976954275637126,0.9161014384177302,0.8601449798751016,0.13985502012489837,,,,,,,,,
2,3,10,ZX_split,YZ,1.976954275637126,0.9161014384177302,0.5944022664018975,0.4055977335981025,,,,,,,,,
2,3,10,XYZ_split,YZ,1.976954275637126,0.9161014384177302,0.47209856755700175,0.5279014324429983,,,,,,,,,
2,3,10,ORACLE_plane,YZ,1.976954275637126,0.9161014384177302,0.9546514529640512,0.045348547035948816,,,,,,,,,
2,3,10,RL_adaptive,YZ,1.976954275637126,0.9161014384177302,0.6382359465965364,0.3617640534034636,4.0,0.0,0.0,0.0,2.0,0.0,0.0,0.0,4.0
2,3,25,Z_only,YZ,1.976954275637126,0.9161014384177302,0.8601449798751016,0.13985502012489837,,,,,,,,,
2,3,25,ZX_split,YZ,1.976954275637126,0.9161014384177302,0.8320143517031892,0.16798564829681084,,,,,,,,,
2,3,25,XYZ_split,YZ,1.976954275637126,0.9161014384177302,0.9338851203879028,0.06611487961209717,,,,,,,,,
2,3,25,ORACLE_plane,YZ,1.976954275637126,0.9161014384177302,0.9938182053214193,0.00618179467858071,,,,,,,,,
2,3,25,RL_adaptive,YZ,1.976954275637126,0.9161014384177302,0.955907263226644,0.04409273677335601,9.0,0.0,0.0,1.0,5.0,3.0,0.0,3.0,4.0
2,3,50,Z_only,YZ,1.976954275637126,0.9161014384177302,0.8601449798751016,0.13985502012489837,,,,,,,,,
2,3,50,ZX_split,YZ,1.976954275637126,0.9161014384177302,0.856256799207014,0.14374320079298597,,,,,,,,,
2,3,50,XYZ_split,YZ,1.976954275637126,0.9161014384177302,0.9319527021312107,0.06804729786878927,,,,,,,,,
2,3,50,ORACLE_plane,YZ,1.976954275637126,0.9161014384177302,0.9770258028521802,0.022974197147819786,,,,,,,,,
2,3,50,RL_adaptive,YZ,1.976954275637126,0.9161014384177302,0.9681735171091417,0.03182648289085832,9.0,0.0,0.0,0.0,11.0,1.0,1.0,19.0,9.0
2,3,100,Z_only,YZ,1.976954275637126,0.9161014384177302,0.8601449798751016,0.13985502012489837,,,,,,,,,
2,3,100,ZX_split,YZ,1.976954275637126,0.9161014384177302,0.8303171175846339,0.1696828824153661,,,,,,,,,
2,3,100,XYZ_split,YZ,1.976954275637126,0.9161014384177302,0.9561636065041146,0.04383639349588542,,,,,,,,,
2,3,100,ORACLE_plane,YZ,1.976954275637126,0.9161014384177302,0.9802176772957981,0.019782322704201882,,,,,,,,,
2,3,100,RL_adaptive,YZ,1.976954275637126,0.9161014384177302,0.9863450071415755,0.01365499285842453,8.0,3.0,0.0,39.0,17.0,7.0,20.0,0.0,6.0
2,3,250,Z_only,YZ,1.976954275637126,0.9161014384177302,0.8601449798751016,0.13985502012489837,,,,,,,,,
2,3,250,ZX_split,YZ,1.976954275637126,0.9161014384177302,0.8588941697916533,0.14110583020834666,,,,,,,,,
2,3,250,XYZ_split,YZ,1.976954275637126,0.9161014384177302,0.9838831887496792,0.01611681125032083,,,,,,,,,
2,3,250,ORACLE_plane,YZ,1.976954275637126,0.9161014384177302,0.9943224835827543,0.005677516417245676,,,,,,,,,
2,3,250,RL_adaptive,YZ,1.976954275637126,0.9161014384177302,0.9792305501799432,0.020769449820056796,23.0,1.0,141.0,5.0,21.0,9.0,5.0,13.0,32.0
2,3,500,Z_only,YZ,1.976954275637126,0.9161014384177302,0.8601449798751016,0.13985502012489837,,,,,,,,,
2,3,500,ZX_split,YZ,1.976954275637126,0.9161014384177302,0.8577661875780747,0.14223381242192534,,,,,,,,,
2,3,500,XYZ_split,YZ,1.976954275637126,0.9161014384177302,0.9944427047871411,0.005557295212858859,,,,,,,,,
2,3,500,ORACLE_plane,YZ,1.976954275637126,0.9161014384177302,0.9997847997604734,0.00021520023952659173,,,,,,,,,
2,3,500,RL_adaptive,YZ,1.976954275637126,0.9161014384177302,0.9893379977484479,0.010662002251552116,73.0,76.0,142.0,2.0,42.0,45.0,30.0,4.0,86.0
2,4,10,Z_only,YZ,1.976954275637126,0.9161014384177302,0.8601449798751016,0.13985502012489837,,,,,,,,,
2,4,10,ZX_split,YZ,1.976954275637126,0.9161014384177302,0.7984299380592814,0.20157006194071858,,,,,,,,,
2,4,10,XYZ_split,YZ,1.976954275637126,0.9161014384177302,0.8727273341221996,0.1272726658778004,,,,,,,,,
2,4,10,ORACLE_plane,YZ,1.976954275637126,0.9161014384177302,0.9849256168806689,0.01507438311933107,,,,,,,,,
2,4,10,RL_adaptive,YZ,1.976954275637126,0.9161014384177302,0.7704467963128927,0.2295532036871073,5.0,1.0,0.0,0.0,2.0,0.0,0.0,0.0,2.0
2,4,25,Z_only,YZ,1.976954275637126,0.9161014384177302,0.8601449798751016,0.13985502012489837,,,,,,,,,
2,4,25,ZX_split,YZ,1.976954275637126,0.9161014384177302,0.8545415005201951,0.14545849947980494,,,,,,,,,
2,4,25,XYZ_split,YZ,1.976954275637126,0.9161014384177302,0.9563407759741233,0.04365922402587674,,,,,,,,,
2,4,25,ORACLE_plane,YZ,1.976954275637126,0.9161014384177302,0.9872407913775789,0.012759208622421081,,,,,,,,,
2,4,25,RL_adaptive,YZ,1.976954275637126,0.9161014384177302,0.8599747368070669,0.14002526319293307,9.0,2.0,0.0,3.0,2.0,3.0,0.0,3.0,3.0
2,4,50,Z_only,YZ,1.976954275637126,0.9161014384177302,0.8601449798751016,0.13985502012489837,,,,,,,,,
2,4,50,ZX_split,YZ,1.976954275637126,0.9161014384177302,0.8218487782689903,0.17815122173100972,,,,,,,,,
2,4,50,XYZ_split,YZ,1.976954275637126,0.9161014384177302,0.9606445925306784,0.039355407469321646,,,,,,,,,
2,4,50,ORACLE_plane,YZ,1.976954275637126,0.9161014384177302,0.9983120748700423,0.0016879251299577458,,,,,,,,,
2,4,50,RL_adaptive,YZ,1.976954275637126,0.9161014384177302,0.9342188115013755,0.06578118849862447,10.0,1.0,0.0,0.0,8.0,3.0,1.0,18.0,9.0
2,4,100,Z_only,YZ,1.976954275637126,0.9161014384177302,0.8601449798751016,0.13985502012489837,,,,,,,,,
2,4,100,ZX_split,YZ,1.976954275637126,0.9161014384177302,0.8601449798751016,0.13985502012489837,,,,,,,,,
2,4,100,XYZ_split,YZ,1.976954275637126,0.9161014384177302,0.9823775397661703,0.01762246023382974,,,,,,,,,
2,4,100,ORACLE_plane,YZ,1.976954275637126,0.9161014384177302,0.9852671054809626,0.014732894519037365,,,,,,,,,
2,4,100,RL_adaptive,YZ,1.976954275637126,0.9161014384177302,0.9959970577361252,0.004002942263874765,6.0,5.0,3.0,37.0,16.0,8.0,20.0,0.0,5.0
2,4,250,Z_only,YZ,1.976954275637126,0.9161014384177302,0.8601449798751016,0.13985502012489837,,,,,,,,,
2,4,250,ZX_split,YZ,1.976954275637126,0.9161014384177302,0.8586304120791397,0.1413695879208603,,,,,,,,,
2,4,250,XYZ_split,YZ,1.976954275637126,0.9161014384177302,0.9922409885174146,0.007759011482585398,,,,,,,,,
2,4,250,ORACLE_plane,YZ,1.976954275637126,0.9161014384177302,0.997141370659084,0.0028586293409159635,,,,,,,,,
2,4,250,RL_adaptive,YZ,1.976954275637126,0.9161014384177302,0.9948226583072096,0.005177341692790383,19.0,3.0,144.0,8.0,15.0,11.0,7.0,17.0,26.0
2,4,500,Z_only,YZ,1.976954275637126,0.9161014384177302,0.8601449798751016,0.13985502012489837,,,,,,,,,
2,4,500,ZX_split,YZ,1.976954275637126,0.9161014384177302,0.8586521770380864,0.14134782296191362,,,,,,,,,
2,4,500,XYZ_split,YZ,1.976954275637126,0.9161014384177302,0.9961934331865687,0.003806566813431278,,,,,,,,,
2,4,500,ORACLE_plane,YZ,1.976954275637126,0.9161014384177302,0.9990394792455061,0.000960520754493932,,,,,,,,,
2,4,500,RL_adaptive,YZ,1.976954275637126,0.9161014384177302,0.9931683175681133,0.006831682431886699,79.0,86.0,122.0,1.0,29.0,54.0,35.0,3.0,91.0
3,0,10,Z_only,XZ,5.925256568902241,5.668888841636105,0.25603034069814434,0.7439696593018557,,,,,,,,,
3,0,10,ZX_split,XZ,5.925256568902241,5.668888841636105,0.9236033951712878,0.07639660482871224,,,,,,,,,
3,0,10,XYZ_split,XZ,5.925256568902241,5.668888841636105,0.852988590570453,0.14701140942954705,,,,,,,,,
3,0,10,ORACLE_plane,XZ,5.925256568902241,5.668888841636105,0.9983094356223858,0.0016905643776141677,,,,,,,,,
3,0,10,RL_adaptive,XZ,5.925256568902241,5.668888841636105,0.948036256043023,0.051963743956977004,3.0,0.0,1.0,0.0,2.0,0.0,0.0,1.0,3.0
3,0,25,Z_only,XZ,5.925256568902241,5.668888841636105,0.5321615349437735,0.4678384650562265,,,,,,,,,
3,0,25,ZX_split,XZ,5.925256568902241,5.668888841636105,0.9846424481334058,0.015357551866594155,,,,,,,,,
3,0,25,XYZ_split,XZ,5.925256568902241,5.668888841636105,0.9792983280995559,0.02070167190044414,,,,,,,,,
3,0,25,ORACLE_plane,XZ,5.925256568902241,5.668888841636105,0.9697542834151127,0.030245716584887283,,,,,,,,,
3,0,25,RL_adaptive,XZ,5.925256568902241,5.668888841636105,0.9409441825520534,0.059055817447946635,6.0,1.0,2.0,3.0,2.0,1.0,0.0,7.0,3.0
3,0,50,Z_only,XZ,5.925256568902241,5.668888841636105,0.5321615349437735,0.4678384650562265,,,,,,,,,
3,0,50,ZX_split,XZ,5.925256568902241,5.668888841636105,0.9991492446048202,0.0008507553951797586,,,,,,,,,
3,0,50,XYZ_split,XZ,5.925256568902241,5.668888841636105,0.9914189876798977,0.008581012320102333,,,,,,,,,
3,0,50,ORACLE_plane,XZ,5.925256568902241,5.668888841636105,0.9981893864478444,0.0018106135521556155,,,,,,,,,
3,0,50,RL_adaptive,XZ,5.925256568902241,5.668888841636105,0.9554331534717244,0.04456684652827558,12.0,0.0,0.0,0.0,9.0,1.0,0.0,17.0,11.0
3,0,100,Z_only,XZ,5.925256568902241,5.668888841636105,0.5321615349437735,0.4678384650562265,,,,,,,,,
3,0,100,ZX_split,XZ,5.925256568902241,5.668888841636105,0.9930167324319435,0.0069832675680564504,,,,,,,,,
3,0,100,XYZ_split,XZ,5.925256568902241,5.668888841636105,0.9744970480942492,0.025502951905750804,,,,,,,,,
3,0,100,ORACLE_plane,XZ,5.925256568902241,5.668888841636105,0.9984828243838797,0.0015171756161203032,,,,,,,,,
3,0,100,RL_adaptive,XZ,5.925256568902241,5.668888841636105,0.9866778931412586,0.013322106858741356,13.0,0.0,11.0,33.0,18.0,0.0,8.0,0.0,17.0
3,0,250,Z_only,XZ,5.925256568902241,5.668888841636105,0.5321615349437735,0.4678384650562265,,,,,,,,,
3,0,250,ZX_split,XZ,5.925256568902241,5.668888841636105,0.9991506111273349,0.0008493888726650578,,,,,,,,,
3,0,250,XYZ_split,XZ,5.925256568902241,5.668888841636105,0.9983465789798537,0.0016534210201463173,,,,,,,,,
3,0,250,ORACLE_plane,XZ,5.925256568902241,5.668888841636105,0.9934363459156994,0.006563654084300596,,,,,,,,,
3,0,250,RL_adaptive,XZ,5.925256568902241,5.668888841636105,0.9958171518799688,0.004182848120031224,18.0,3.0,147.0,10.0,32.0,0.0,0.0,0.0,40.0
3,0,500,Z_only,XZ,5.925256568902241,5.668888841636105,0.5321615349437735,0.4678384650562265,,,,,,,,,
3,0,500,ZX_split,XZ,5.925256568902241,5.668888841636105,0.9990180013075339,0.0009819986924660684,,,,,,,,,
3,0,500,XYZ_split,XZ,5.925256568902241,5.668888841636105,0.9961257638003072,0.0038742361996928487,,,,,,,,,
3,0,500,ORACLE_plane,XZ,5.925256568902241,5.668888841636105,0.9975441607567612,0.0024558392432387777,,,,,,,,,
3,0,500,RL_adaptive,XZ,5.925256568902241,5.668888841636105,0.9920517054416601,0.007948294558339897,78.0,66.0,163.0,0.0,54.0,38.0,16.0,8.0,77.0
3,1,10,Z_only,XZ,5.925256568902241,5.668888841636105,0.5321615349437735,0.4678384650562265,,,,,,,,,
3,1,10,ZX_split,XZ,5.925256568902241,5.668888841636105,0.9236033951712878,0.07639660482871224,,,,,,,,,
3,1,10,XYZ_split,XZ,5.925256568902241,5.668888841636105,0.5543538086410001,0.44564619135899985,,,,,,,,,
3,1,10,ORACLE_plane,XZ,5.925256568902241,5.668888841636105,0.9236033951712878,0.07639660482871224,,,,,,,,,
3,1,10,RL_adaptive,XZ,5.925256568902241,5.668888841636105,0.6891841723642089,0.3108158276357911,3.0,0.0,0.0,0.0,2.0,0.0,0.0,3.0,2.0
3,1,25,Z_only,XZ,5.925256568902241,5.668888841636105,0.5321615349437735,0.4678384650562265,,,,,,,,,
3,1,25,ZX_split,XZ,5.925256568902241,5.668888841636105,0.9946522506099263,0.005347749390073653,,,,,,,,,
3,1,25,XYZ_split,XZ,5.925256568902241,5.668888841636105,0.8970410475496436,0.10295895245035636,,,,,,,,,
3,1,25,ORACLE_plane,XZ,5.925256568902241,5.668888841636105,0.9527485444846852,0.047251455515314844,,,,,,,,,
3,1,25,RL_adaptive,XZ,5.925256568902241,5.668888841636105,0.9392461035218664,0.06075389647813356,6.0,0.0,2.0,3.0,3.0,1.0,0.0,7.0,3.0
3,1,50,Z_only,XZ,5.925256568902241,5.668888841636105,0.5321615349437735,0.4678384650562265,,,,,,,,,
3,1,50,ZX_split,XZ,5.925256568902241,5.668888841636105,0.9883877637463991,0.01161223625360086,,,,,,,,,
3,1,50,XYZ_split,XZ,5.925256568902241,5.668888841636105,0.9664290477839261,0.03357095221607387,,,,,,,,,
3,1,50,ORACLE_plane,XZ,5.925256568902241,5.668888841636105,0.9620227518458017,0.03797724815419834,,,,,,,,,
3,1,50,RL_adaptive,XZ,5.925256568902241,5.668888841636105,0.9806646000955139,0.019335399904486072,14.0,1.0,0.0,0.0,8.0,1.0,0.0,14.0,12.0
3,1,100,Z_only,XZ,5.925256568902241,5.668888841636105,0.5321615349437735,0.4678384650562265,,,,,,,,,
3,1,100,ZX_split,XZ,5.925256568902241,5.668888841636105,0.9927153683872726,0.00728463161272741,,,,,,,,,
3,1,100,XYZ_split,XZ,5.925256568902241,5.668888841636105,0.9885903099903409,0.01140969000965908,,,,,,,,,
3,1,100,ORACLE_plane,XZ,5.925256568902241,5.668888841636105,0.9922748449712613,0.007725155028738717,,,,,,,,,
3,1,100,RL_adaptive,XZ,5.925256568902241,5.668888841636105,0.9785151062256945,0.021484893774305514,10.0,4.0,9.0,36.0,16.0,1.0,11.0,0.0,13.0
3,1,250,Z_only,XZ,5.925256568902241,5.668888841636105,0.5321615349437735,0.4678384650562265,,,,,,,,,
3,1,250,ZX_split,XZ,5.925256568902241,5.668888841636105,0.9923881562365516,0.007611843763448367,,,,,,,,,
3,1,250,XYZ_split,XZ,5.925256568902241,5.668888841636105,0.9723264057031774,0.02767359429682259,,,,,,,,,
3,1,250,ORACLE_plane,XZ,5.925256568902241,5.668888841636105,0.9987721804101827,0.001227819589817325,,,,,,,,,
3,1,250,RL_adaptive,XZ,5.925256568902241,5.668888841636105,0.9951807279776569,0.004819272022343113,20.0,5.0,151.0,8.0,29.0,0.0,1.0,0.0,36.0
3,1,500,Z_only,XZ,5.925256568902241,5.668888841636105,0.5321615349437735,0.4678384650562265,,,,,,,,,
3,1,500,ZX_split,XZ,5.925256568902241,5.668888841636105,0.9986022786834524,0.0013977213165475844,,,,,,,,,
3,1,500,XYZ_split,XZ,5.925256568902241,5.668888841636105,0.9975339345961152,0.0024660654038848318,,,,,,,,,
3,1,500,ORACLE_plane,XZ,5.925256568902241,5.668888841636105,0.9998854618000832,0.0001145381999168027,,,,,,,,,
3,1,500,RL_adaptive,XZ,5.925256568902241,5.668888841636105,0.9918449619327623,0.008155038067237719,87.0,65.0,161.0,0.0,57.0,29.0,11.0,3.0,87.0
3,2,10,Z_only,XZ,5.925256568902241,5.668888841636105,0.5321615349437735,0.4678384650562265,,,,,,,,,
3,2,10,ZX_split,XZ,5.925256568902241,5.668888841636105,0.948036256043023,0.051963743956977004,,,,,,,,,
3,2,10,XYZ_split,XZ,5.925256568902241,5.668888841636105,0.9564592649243838,0.04354073507561618,,,,,,,,,
3,2,10,ORACLE_plane,XZ,5.925256568902241,5.668888841636105,0.9903448530417723,0.009655146958227667,,,,,,,,,
3,2,10,RL_adaptive,XZ,5.925256568902241,5.668888841636105,0.5629026591800615,0.43709734081993845,3.0,0.0,1.0,0.0,2.0,0.0,0.0,1.0,3.0
3,2,25,Z_only,XZ,5.925256568902241,5.668888841636105,0.5321615349437735,0.4678384650562265,,,,,,,,,
3,2,25,ZX_split,XZ,5.925256568902241,5.668888841636105,0.9717555924344808,0.02824440756551916,,,,,,,,,
3,2,25,XYZ_split,XZ,5.925256568902241,5.668888841636105,0.9678922702063791,0.032107729793620865,,,,,,,,,
3,2,25,ORACLE_plane,XZ,5.925256568902241,5.668888841636105,0.9696908465459039,0.030309153454096127,,,,,,,,,
3,2,25,RL_adaptive,XZ,5.925256568902241,5.668888841636105,0.9350491287645949,0.0649508712354051,8.0,0.0,2.0,1.0,2.0,1.0,0.0,9.0,2.0
3,2,50,Z_only,XZ,5.925256568902241,5.668888841636105,0.5321615349437735,0.4678384650562265,,,,,,,,,
3,2,50,ZX_split,XZ,5.925256568902241,5.668888841636105,0.9807385057388789,0.019261494261121115,,,,,,,,,
3,2,50,XYZ_split,XZ,5.925256568902241,5.668888841636105,0.9681987713912096,0.03180122860879042,,,,,,,,,
3,2,50,ORACLE_plane,XZ,5.925256568902241,5.668888841636105,0.9989009181245568,0.0010990818754431642,,,,,,,,,
3,2,50,RL_adaptive,XZ,5.925256568902241,5.668888841636105,0.9520676202473755,0.04793237975262454,13.0,0.0,0.0,0.0,9.0,2.0,0.0,15.0,11.0
3,2,100,Z_only,XZ,5.925256568902241,5.668888841636105,0.5321615349437735,0.4678384650562265,,,,,,,,,
3,2,100,ZX_split,XZ,5.925256568902241,5.668888841636105,0.9980257096382374,0.001974290361762554,,,,,,,,,
3,2,100,XYZ_split,XZ,5.925256568902241,5.668888841636105,0.9772012104346932,0.022798789565306787,,,,,,,,,
3,2,100,ORACLE_plane,XZ,5.925256568902241,5.668888841636105,0.9874547461414427,0.012545253858557315,,,,,,,,,
3,2,100,RL_adaptive,XZ,5.925256568902241,5.668888841636105,0.9602446520746918,0.039755347925308215,11.0,2.0,9.0,35.0,17.0,1.0,11.0,0.0,14.0
3,2,250,Z_only,XZ,5.925256568902241,5.668888841636105,0.5321615349437735,0.4678384650562265,,,,,,,,,
3,2,250,ZX_split,XZ,5.925256568902241,5.668888841636105,0.9934164641294532,0.0065835358705468305,,,,,,,,,
3,2,250,XYZ_split,XZ,5.925256568902241,5.668888841636105,0.9861714929757699,0.013828507024230108,,,,,,,,,
3,2,250,ORACLE_plane,XZ,5.925256568902241,5.668888841636105,0.9992989089379173,0.0007010910620827149,,,,,,,,,
3,2,250,RL_adaptive,XZ,5.925256568902241,5.668888841636105,0.9830254640132786,0.016974535986721384,15.0,8.0,150.0,15.0,26.0,0.0,1.0,0.0,35.0
3,2,500,Z_only,XZ,5.925256568902241,5.668888841636105,0.5321615349437735,0.4678384650562265,,,,,,,,,
3,2,500,ZX_split,XZ,5.925256568902241,5.668888841636105,0.9998256520253407,0.00017434797465931684,,,,,,,,,
3,2,500,XYZ_split,XZ,5.925256568902241,5.668888841636105,0.9966942627391205,0.00330573726087946,,,,,,,,,
3,2,500,ORACLE_plane,XZ,5.925256568902241,5.668888841636105,0.9991418743775742,0.0008581256224258205,,,,,,,,,
3,2,500,RL_adaptive,XZ,5.925256568902241,5.668888841636105,0.9949150989175085,0.005084901082491489,82.0,67.0,169.0,2.0,47.0,37.0,9.0,7.0,80.0
3,3,10,Z_only,XZ,5.925256568902241,5.668888841636105,0.25603034069814434,0.7439696593018557,,,,,,,,,
3,3,10,ZX_split,XZ,5.925256568902241,5.668888841636105,0.5813722626468365,0.4186277373531635,,,,,,,,,
3,3,10,XYZ_split,XZ,5.925256568902241,5.668888841636105,0.9564592649243838,0.04354073507561618,,,,,,,,,
3,3,10,ORACLE_plane,XZ,5.925256568902241,5.668888841636105,0.9142682951377511,0.0857317048622489,,,,,,,,,
3,3,10,RL_adaptive,XZ,5.925256568902241,5.668888841636105,0.9375335884225808,0.06246641157741917,4.0,0.0,1.0,0.0,2.0,0.0,0.0,0.0,3.0
3,3,25,Z_only,XZ,5.925256568902241,5.668888841636105,0.5321615349437735,0.4678384650562265,,,,,,,,,
3,3,25,ZX_split,XZ,5.925256568902241,5.668888841636105,0.9937826778023557,0.006217322197644259,,,,,,,,,
3,3,25,XYZ_split,XZ,5.925256568902241,5.668888841636105,0.9630972587985096,0.0369027412014904,,,,,,,,,
3,3,25,ORACLE_plane,XZ,5.925256568902241,5.668888841636105,0.9618578470983704,0.03814215290162959,,,,,,,,,
3,3,25,RL_adaptive,XZ,5.925256568902241,5.668888841636105,0.7787451820698067,0.2212548179301933,3.0,1.0,2.0,5.0,2.0,1.0,0.0,8.0,3.0
3,3,50,Z_only,XZ,5.925256568902241,5.668888841636105,0.5321615349437735,0.4678384650562265,,,,,,,,,
3,3,50,ZX_split,XZ,5.925256568902241,5.668888841636105,0.9834176953952242,0.016582304604775833,,,,,,,,,
3,3,50,XYZ_split,XZ,5.925256568902241,5.668888841636105,0.8990462623818771,0.10095373761812287,,,,,,,,,
3,3,50,ORACLE_plane,XZ,5.925256568902241,5.668888841636105,0.9892791402371883,0.010720859762811674,,,,,,,,,
3,3,50,RL_adaptive,XZ,5.925256568902241,5.668888841636105,0.9490311008878768,0.05096889911212321,11.0,2.0,0.0,0.0,7.0,2.0,0.0,17.0,11.0
3,3,100,Z_only,XZ,5.925256568902241,5.668888841636105,0.5321615349437735,0.4678384650562265,,,,,,,,,
3,3,100,ZX_split,XZ,5.925256568902241,5.668888841636105,0.9993347723977025,0.0006652276022974801,,,,,,,,,
3,3,100,XYZ_split,XZ,5.925256568902241,5.668888841636105,0.9764350303859953,0.02356496961400467,,,,,,,,,
3,3,100,ORACLE_plane,XZ,5.925256568902241,5.668888841636105,0.9908735659611174,0.00912643403888258,,,,,,,,,
3,3,100,RL_adaptive,XZ,5.925256568902241,5.668888841636105,0.9801057849119826,0.019894215088017364,13.0,1.0,7.0,36.0,18.0,2.0,7.0,0.0,16.0
3,3,250,Z_only,XZ,5.925256568902241,5.668888841636105,0.5321615349437735,0.4678384650562265,,,,,,,,,
3,3,250,ZX_split,XZ,5.925256568902241,5.668888841636105,0.9992281554340905,0.0007718445659095075,,,,,,,,,
3,3,250,XYZ_split,XZ,5.925256568902241,5.668888841636105,0.9984137205895329,0.001586279410467073,,,,,,,,,
3,3,250,ORACLE_plane,XZ,5.925256568902241,5.668888841636105,0.9915671399426599,0.008432860057340119,,,,,,,,,
3,3,250,RL_adaptive,XZ,5.925256568902241,5.668888841636105,0.9806436952524452,0.019356304747554787,12.0,9.0,153.0,12.0,25.0,0.0,2.0,0.0,37.0
3,3,500,Z_only,XZ,5.925256568902241,5.668888841636105,0.5321615349437735,0.4678384650562265,,,,,,,,,
3,3,500,ZX_split,XZ,5.925256568902241,5.668888841636105,0.9986579948676313,0.0013420051323687066,,,,,,,,,
3,3,500,XYZ_split,XZ,5.925256568902241,5.668888841636105,0.9936614300412832,0.006338569958716844,,,,,,,,,
3,3,500,ORACLE_plane,XZ,5.925256568902241,5.668888841636105,0.9995444231134315,0.0004555768865684984,,,,,,,,,
3,3,500,RL_adaptive,XZ,5.925256568902241,5.668888841636105,0.9916230086974466,0.008376991302553427,71.0,85.0,155.0,0.0,39.0,48.0,23.0,9.0,70.0
3,4,10,Z_only,XZ,5.925256568902241,5.668888841636105,0.5321615349437735,0.4678384650562265,,,,,,,,,
3,4,10,ZX_split,XZ,5.925256568902241,5.668888841636105,0.9492270492908386,0.050772950709161435,,,,,,,,,
3,4,10,XYZ_split,XZ,5.925256568902241,5.668888841636105,0.852988590570453,0.14701140942954705,,,,,,,,,
3,4,10,ORACLE_plane,XZ,5.925256568902241,5.668888841636105,0.9844568696575716,0.01554313034242838,,,,,,,,,
3,4,10,RL_adaptive,XZ,5.925256568902241,5.668888841636105,0.8930532292834523,0.10694677071654768,2.0,0.0,2.0,0.0,2.0,0.0,0.0,1.0,3.0
3,4,25,Z_only,XZ,5.925256568902241,5.668888841636105,0.5321615349437735,0.4678384650562265,,,,,,,,,
3,4,25,ZX_split,XZ,5.925256568902241,5.668888841636105,0.9952965271822976,0.004703472817702448,,,,,,,,,
3,4,25,XYZ_split,XZ,5.925256568902241,5.668888841636105,0.901311548872696,0.09868845112730396,,,,,,,,,
3,4,25,ORACLE_plane,XZ,5.925256568902241,5.668888841636105,0.9867148075626877,0.013285192437312299,,,,,,,,,
3,4,25,RL_adaptive,XZ,5.925256568902241,5.668888841636105,0.9237157871535988,0.07628421284640119,8.0,0.0,2.0,2.0,4.0,0.0,0.0,6.0,3.0
3,4,50,Z_only,XZ,5.925256568902241,5.668888841636105,0.5321615349437735,0.4678384650562265,,,,,,,,,
3,4,50,ZX_split,XZ,5.925256568902241,5.668888841636105,0.9973004512409817,0.0026995487590183442,,,,,,,,,
3,4,50,XYZ_split,XZ,5.925256568902241,5.668888841636105,0.9454128718680362,0.05458712813196376,,,,,,,,,
3,4,50,ORACLE_plane,XZ,5.925256568902241,5.668888841636105,0.9988657396595867,0.0011342603404133067,,,,,,,,,
3,4,50,RL_adaptive,XZ,5.925256568902241,5.668888841636105,0.9520698612318718,0.04793013876812824,14.0,0.0,0.0,0.0,9.0,1.0,0.0,13.0,13.0
3,4,100,Z_only,XZ,5.925256568902241,5.668888841636105,0.5321615349437735,0.4678384650562265,,,,,,,,,
3,4,100,ZX_split,XZ,5.925256568902241,5.668888841636105,0.9998987061428882,0.00010129385711177274,,,,,,,,,
3,4,100,XYZ_split,XZ,5.925256568902241,5.668888841636105,0.9628707822964413,0.0371292177035587,,,,,,,,,
3,4,100,ORACLE_plane,XZ,5.925256568902241,5.668888841636105,0.9857495023712446,0.01425049762875541,,,,,,,,,
3,4,100,RL_adaptive,XZ,5.925256568902241,5.668888841636105,0.9939738022756368,0.0060261977243631915,12.0,2.0,9.0,35.0,18.0,0.0,9.0,0.0,15.0
3,4,250,Z_only,XZ,5.925256568902241,5.668888841636105,0.5321615349437735,0.4678384650562265,,,,,,,,,
3,4,250,ZX_split,XZ,5.925256568902241,5.668888841636105,0.9993207767303764,0.0006792232696235523,,,,,,,,,
3,4,250,XYZ_split,XZ,5.925256568902241,5.668888841636105,0.9935013266901681,0.006498673309831893,,,,,,,,,
3,4,250,ORACLE_plane,XZ,5.925256568902241,5.668888841636105,0.9994835800567206,0.0005164199432794447,,,,,,,,,
3,4,250,RL_adaptive,XZ,5.925256568902241,5.668888841636105,0.9661878603812281,0.03381213961877194,16.0,10.0,148.0,11.0,26.0,0.0,1.0,0.0,38.0
3,4,500,Z_only,XZ,5.925256568902241,5.668888841636105,0.5321615349437735,0.4678384650562265,,,,,,,,,
3,4,500,ZX_split,XZ,5.925256568902241,5.668888841636105,0.9991678522699706,0.0008321477300293756,,,,,,,,,
3,4,500,XYZ_split,XZ,5.925256568902241,5.668888841636105,0.9998037834988762,0.00019621650112378042,,,,,,,,,
3,4,500,ORACLE_plane,XZ,5.925256568902241,5.668888841636105,0.9986751913465324,0.001324808653467624,,,,,,,,,
3,4,500,RL_adaptive,XZ,5.925256568902241,5.668888841636105,0.9909996687831054,0.009000331216894586,76.0,67.0,169.0,0.0,49.0,40.0,16.0,10.0,73.0
4,0,10,Z_only,XZ,0.9188933965884498,5.146987253554923,0.8557508433971713,0.14424915660282867,,,,,,,,,
4,0,10,ZX_split,XZ,0.9188933965884498,5.146987253554923,0.9829390823489126,0.017060917651087415,,,,,,,,,
4,0,10,XYZ_split,XZ,0.9188933965884498,5.146987253554923,0.7652606976243721,0.2347393023756279,,,,,,,,,
4,0,10,ORACLE_plane,XZ,0.9188933965884498,5.146987253554923,0.9665396611855568,0.03346033881444321,,,,,,,,,
4,0,10,RL_adaptive,XZ,0.9188933965884498,5.146987253554923,0.9479600548593368,0.052039945140663235,2.0,0.0,2.0,1.0,2.0,0.0,0.0,1.0,2.0
4,0,25,Z_only,XZ,0.9188933965884498,5.146987253554923,0.8557508433971713,0.14424915660282867,,,,,,,,,
4,0,25,ZX_split,XZ,0.9188933965884498,5.146987253554923,0.9752302861369273,0.024769713863072695,,,,,,,,,
4,0,25,XYZ_split,XZ,0.9188933965884498,5.146987253554923,0.9436146388449389,0.0563853611550611,,,,,,,,,
4,0,25,ORACLE_plane,XZ,0.9188933965884498,5.146987253554923,0.994206562994705,0.005793437005294999,,,,,,,,,
4,0,25,RL_adaptive,XZ,0.9188933965884498,5.146987253554923,0.9629157750628261,0.03708422493717389,8.0,1.0,0.0,2.0,2.0,1.0,0.0,7.0,4.0
4,0,50,Z_only,XZ,0.9188933965884498,5.146987253554923,0.8557508433971713,0.14424915660282867,,,,,,,,,
4,0,50,ZX_split,XZ,0.9188933965884498,5.146987253554923,0.9764052516312441,0.023594748368755858,,,,,,,,,
4,0,50,XYZ_split,XZ,0.9188933965884498,5.146987253554923,0.9784963187453505,0.02150368125464952,,,,,,,,,
4,0,50,ORACLE_plane,XZ,0.9188933965884498,5.146987253554923,0.9652358990231288,0.034764100976871215,,,,,,,,,
4,0,50,RL_adaptive,XZ,0.9188933965884498,5.146987253554923,0.9734562355884515,0.026543764411548487,9.0,2.0,0.0,0.0,8.0,3.0,2.0,18.0,8.0
4,0,100,Z_only,XZ,0.9188933965884498,5.146987253554923,0.8557508433971713,0.14424915660282867,,,,,,,,,
4,0,100,ZX_split,XZ,0.9188933965884498,5.146987253554923,0.994606923541305,0.005393076458695023,,,,,,,,,
4,0,100,XYZ_split,XZ,0.9188933965884498,5.146987253554923,0.9767818623493587,0.02321813765064129,,,,,,,,,
4,0,100,ORACLE_plane,XZ,0.9188933965884498,5.146987253554923,0.9953931752798434,0.00460682472015661,,,,,,,,,
4,0,100,RL_adaptive,XZ,0.9188933965884498,5.146987253554923,0.9139480466354425,0.08605195336455751,5.0,6.0,7.0,41.0,12.0,6.0,15.0,0.0,8.0
4,0,250,Z_only,XZ,0.9188933965884498,5.146987253554923,0.8557508433971713,0.14424915660282867,,,,,,,,,
4,0,250,ZX_split,XZ,0.9188933965884498,5.146987253554923,0.9998263525687527,0.00017364743124725912,,,,,,,,,
4,0,250,XYZ_split,XZ,0.9188933965884498,5.146987253554923,0.9924052504852849,0.00759474951471506,,,,,,,,,
4,0,250,ORACLE_plane,XZ,0.9188933965884498,5.146987253554923,0.9975857099077295,0.0024142900922704547,,,,,,,,,
4,0,250,RL_adaptive,XZ,0.9188933965884498,5.146987253554923,0.9599496210135887,0.040050378986411284,13.0,5.0,154.0,16.0,21.0,2.0,1.0,11.0,27.0
4,0,500,Z_only,XZ,0.9188933965884498,5.146987253554923,0.8557508433971713,0.14424915660282867,,,,,,,,,
4,0,500,ZX_split,XZ,0.9188933965884498,5.146987253554923,0.999421187288394,0.0005788127116059805,,,,,,,,,
4,0,500,XYZ_split,XZ,0.9188933965884498,5.146987253554923,0.9974680490914135,0.002531950908586489,,,,,,,,,
4,0,500,ORACLE_plane,XZ,0.9188933965884498,5.146987253554923,0.9995284278703138,0.0004715721296861819,,,,,,,,,
4,0,500,RL_adaptive,XZ,0.9188933965884498,5.146987253554923,0.9954579404594365,0.0045420595405635256,95.0,53.0,166.0,0.0,52.0,34.0,8.0,15.0,77.0
4,1,10,Z_only,XZ,0.9188933965884498,5.146987253554923,0.8557508433971713,0.14424915660282867,,,,,,,,,
4,1,10,ZX_split,XZ,0.9188933965884498,5.146987253554923,0.9359489347845209,0.0640510652154791,,,,,,,,,
4,1,10,XYZ_split,XZ,0.9188933965884498,5.146987253554923,0.7192377334551104,0.28076226654488956,,,,,,,,,
4,1,10,ORACLE_plane,XZ,0.9188933965884498,5.146987253554923,0.8609924978798321,0.13900750212016788,,,,,,,,,
4,1,10,RL_adaptive,XZ,0.9188933965884498,5.146987253554923,0.9332833330770275,0.06671666692297251,3.0,0.0,1.0,0.0,2.0,0.0,0.0,0.0,4.0
4,1,25,Z_only,XZ,0.9188933965884498,5.146987253554923,0.8557508433971713,0.14424915660282867,,,,,,,,,
4,1,25,ZX_split,XZ,0.9188933965884498,5.146987253554923,0.981508408207595,0.018491591792405004,,,,,,,,,
4,1,25,XYZ_split,XZ,0.9188933965884498,5.146987253554923,0.8898563356196475,0.1101436643803525,,,,,,,,,
4,1,25,ORACLE_plane,XZ,0.9188933965884498,5.146987253554923,0.8671358831345247,0.13286411686547528,,,,,,,,,
4,1,25,RL_adaptive,XZ,0.9188933965884498,5.146987253554923,0.9384800745077578,0.06151992549224217,6.0,1.0,0.0,5.0,2.0,1.0,0.0,6.0,4.0
4,1,50,Z_only,XZ,0.9188933965884498,5.146987253554923,0.8557508433971713,0.14424915660282867,,,,,,,,,
4,1,50,ZX_split,XZ,0.9188933965884498,5.146987253554923,0.9959513223288485,0.004048677671151468,,,,,,,,,
4,1,50,XYZ_split,XZ,0.9188933965884498,5.146987253554923,0.9558833740138406,0.0441166259861594,,,,,,,,,
4,1,50,ORACLE_plane,XZ,0.9188933965884498,5.146987253554923,0.9902165818169792,0.009783418183020753,,,,,,,,,
4,1,50,RL_adaptive,XZ,0.9188933965884498,5.146987253554923,0.803537882333319,0.19646211766668098,9.0,3.0,0.0,0.0,6.0,5.0,3.0,17.0,7.0
4,1,100,Z_only,XZ,0.9188933965884498,5.146987253554923,0.8557508433971713,0.14424915660282867,,,,,,,,,
4,1,100,ZX_split,XZ,0.9188933965884498,5.146987253554923,0.9864231153934839,0.013576884606516071,,,,,,,,,
4,1,100,XYZ_split,XZ,0.9188933965884498,5.146987253554923,0.9751134280947034,0.02488657190529664,,,,,,,,,
4,1,100,ORACLE_plane,XZ,0.9188933965884498,5.146987253554923,0.9948653437171731,0.005134656282826944,,,,,,,,,
4,1,100,RL_adaptive,XZ,0.9188933965884498,5.146987253554923,0.9988806162234293,0.001119383776570726,6.0,3.0,12.0,38.0,17.0,2.0,14.0,0.0,8.0
4,1,250,Z_only,XZ,0.9188933965884498,5.146987253554923,0.8557508433971713,0.14424915660282867,,,,,,,,,
4,1,250,ZX_split,XZ,0.9188933965884498,5.146987253554923,0.994281282075672,0.005718717924327987,,,,,,,,,
4,1,250,XYZ_split,XZ,0.9188933965884498,5.146987253554923,0.9908016938464342,0.00919830615356576,,,,,,,,,
4,1,250,ORACLE_plane,XZ,0.9188933965884498,5.146987253554923,0.9985094595646838,0.0014905404353161567,,,,,,,,,
4,1,250,RL_adaptive,XZ,0.9188933965884498,5.146987253554923,0.9837586424578117,0.01624135754218825,10.0,10.0,150.0,18.0,14.0,4.0,3.0,16.0,25.0
4,1,500,Z_only,XZ,0.9188933965884498,5.146987253554923,0.8557508433971713,0.14424915660282867,,,,,,,,,
4,1,500,ZX_split,XZ,0.9188933965884498,5.146987253554923,0.9998740060541672,0.0001259939458327919,,,,,,,,,
4,1,500,XYZ_split,XZ,0.9188933965884498,5.146987253554923,0.9943134655777138,0.005686534422286171,,,,,,,,,
4,1,500,ORACLE_plane,XZ,0.9188933965884498,5.146987253554923,0.9993291131746357,0.0006708868253643141,,,,,,,,,
4,1,500,RL_adaptive,XZ,0.9188933965884498,5.146987253554923,0.9967049950037105,0.003295004996289541,83.0,64.0,164.0,0.0,39.0,47.0,17.0,19.0,67.0
4,2,10,Z_only,XZ,0.9188933965884498,5.146987253554923,0.8557508433971713,0.14424915660282867,,,,,,,,,
4,2,10,ZX_split,XZ,0.9188933965884498,5.146987253554923,0.9665396611855568,0.03346033881444321,,,,,,,,,
4,2,10,XYZ_split,XZ,0.9188933965884498,5.146987253554923,0.9502638343937432,0.04973616560625682,,,,,,,,,
4,2,10,ORACLE_plane,XZ,0.9188933965884498,5.146987253554923,0.9941078378701818,0.005892162129818246,,,,,,,,,
4,2,10,RL_adaptive,XZ,0.9188933965884498,5.146987253554923,0.9923852412266794,0.007614758773320629,2.0,1.0,0.0,1.0,2.0,0.0,0.0,0.0,4.0
4,2,25,Z_only,XZ,0.9188933965884498,5.146987253554923,0.8557508433971713,0.14424915660282867,,,,,,,,,
4,2,25,ZX_split,XZ,0.9188933965884498,5.146987253554923,0.9990610601458979,0.0009389398541020944,,,,,,,,,
4,2,25,XYZ_split,XZ,0.9188933965884498,5.146987253554923,0.9237429210574487,0.07625707894255129,,,,,,,,,
4,2,25,ORACLE_plane,XZ,0.9188933965884498,5.146987253554923,0.9820703603287003,0.01792963967129968,,,,,,,,,
4,2,25,RL_adaptive,XZ,0.9188933965884498,5.146987253554923,0.9186522886338591,0.08134771136614094,11.0,0.0,0.0,0.0,8.0,0.0,0.0,1.0,5.0
4,2,50,Z_only,XZ,0.9188933965884498,5.146987253554923,0.8557508433971713,0.14424915660282867,,,,,,,,,
4,2,50,ZX_split,XZ,0.9188933965884498,5.146987253554923,0.9720593024337866,0.027940697566213424,,,,,,,,,
4,2,50,XYZ_split,XZ,0.9188933965884498,5.146987253554923,0.9561941276460625,0.043805872353937514,,,,,,,,,
4,2,50,ORACLE_plane,XZ,0.9188933965884498,5.146987253554923,0.9908782511133634,0.009121748886636638,,,,,,,,,
4,2,50,RL_adaptive,XZ,0.9188933965884498,5.146987253554923,0.9353895230309052,0.06461047696909483,13.0,0.0,0.0,0.0,11.0,0.0,0.0,15.0,11.0
4,2,100,Z_only,XZ,0.9188933965884498,5.146987253554923,0.8557508433971713,0.14424915660282867,,,,,,,,,
4,2,100,ZX_split,XZ,0.9188933965884498,5.146987253554923,0.988507458132382,0.011492541867617945,,,,,,,,,
4,2,100,XYZ_split,XZ,0.9188933965884498,5.146987253554923,0.9460971409834937,0.053902859016506266,,,,,,,,,
4,2,100,ORACLE_plane,XZ,0.9188933965884498,5.146987253554923,0.9834856517361305,0.01651434826386955,,,,,,,,,
4,2,100,RL_adaptive,XZ,0.9188933965884498,5.146987253554923,0.9882827559499454,0.011717244050054587,6.0,2.0,10.0,38.0,17.0,3.0,16.0,0.0,8.0
4,2,250,Z_only,XZ,0.9188933965884498,5.146987253554923,0.8557508433971713,0.14424915660282867,,,,,,,,,
4,2,250,ZX_split,XZ,0.9188933965884498,5.146987253554923,0.9958870690823557,0.0041129309176443085,,,,,,,,,
4,2,250,XYZ_split,XZ,0.9188933965884498,5.146987253554923,0.9886939553557891,0.011306044644210922,,,,,,,,,
4,2,250,ORACLE_plane,XZ,0.9188933965884498,5.146987253554923,0.9984399007450181,0.001560099254981906,,,,,,,,,
4,2,250,RL_adaptive,XZ,0.9188933965884498,5.146987253554923,0.9822836512773306,0.01771634872266936,15.0,6.0,149.0,15.0,20.0,3.0,2.0,12.0,28.0
4,2,500,Z_only,XZ,0.9188933965884498,5.146987253554923,0.8557508433971713,0.14424915660282867,,,,,,,,,
4,2,500,ZX_split,XZ,0.9188933965884498,5.146987253554923,0.9985119814363064,0.0014880185636936272,,,,,,,,,
4,2,500,XYZ_split,XZ,0.9188933965884498,5.146987253554923,0.9931448635588106,0.006855136441189402,,,,,,,,,
4,2,500,ORACLE_plane,XZ,0.9188933965884498,5.146987253554923,0.9973913556949185,0.0026086443050814534,,,,,,,,,
4,2,500,RL_adaptive,XZ,0.9188933965884498,5.146987253554923,0.9978565540559948,0.0021434459440051734,86.0,64.0,162.0,1.0,37.0,48.0,16.0,21.0,65.0
4,3,10,Z_only,XZ,0.9188933965884498,5.146987253554923,0.8557508433971713,0.14424915660282867,,,,,,,,,
4,3,10,ZX_split,XZ,0.9188933965884498,5.146987253554923,0.9511097652398885,0.04889023476011145,,,,,,,,,
4,3,10,XYZ_split,XZ,0.9188933965884498,5.146987253554923,0.8478669007659779,0.15213309923402207,,,,,,,,,
4,3,10,ORACLE_plane,XZ,0.9188933965884498,5.146987253554923,0.8279328489486038,0.17206715105139625,,,,,,,,,
4,3,10,RL_adaptive,XZ,0.9188933965884498,5.146987253554923,0.8233672306131099,0.1766327693868901,2.0,0.0,4.0,0.0,2.0,0.0,0.0,0.0,2.0
4,3,25,Z_only,XZ,0.9188933965884498,5.146987253554923,0.8557508433971713,0.14424915660282867,,,,,,,,,
4,3,25,ZX_split,XZ,0.9188933965884498,5.146987253554923,0.9430269586084451,0.0569730413915549,,,,,,,,,
4,3,25,XYZ_split,XZ,0.9188933965884498,5.146987253554923,0.981195306418566,0.018804693581433995,,,,,,,,,
4,3,25,ORACLE_plane,XZ,0.9188933965884498,5.146987253554923,0.9705359842690041,0.029464015730995885,,,,,,,,,
4,3,25,RL_adaptive,XZ,0.9188933965884498,5.146987253554923,0.9682676817792165,0.031732318220783484,9.0,0.0,1.0,0.0,3.0,3.0,0.0,6.0,3.0
4,3,50,Z_only,XZ,0.9188933965884498,5.146987253554923,0.8557508433971713,0.14424915660282867,,,,,,,,,
4,3,50,ZX_split,XZ,0.9188933965884498,5.146987253554923,0.9998398451613918,0.00016015483860820634,,,,,,,,,
4,3,50,XYZ_split,XZ,0.9188933965884498,5.146987253554923,0.9488132333444868,0.05118676665551325,,,,,,,,,
4,3,50,ORACLE_plane,XZ,0.9188933965884498,5.146987253554923,0.9842820726875922,0.015717927312407842,,,,,,,,,
4,3,50,RL_adaptive,XZ,0.9188933965884498,5.146987253554923,0.9060243590125523,0.0939756409874477,12.0,0.0,0.0,0.0,9.0,2.0,2.0,16.0,9.0
4,3,100,Z_only,XZ,0.9188933965884498,5.146987253554923,0.8557508433971713,0.14424915660282867,,,,,,,,,
4,3,100,ZX_split,XZ,0.9188933965884498,5.146987253554923,0.9912124563622104,0.008787543637789552,,,,,,,,,
4,3,100,XYZ_split,XZ,0.9188933965884498,5.146987253554923,0.9794991474170853,0.020500852582914675,,,,,,,,,
4,3,100,ORACLE_plane,XZ,0.9188933965884498,5.146987253554923,0.9983606934511975,0.0016393065488025105,,,,,,,,,
4,3,100,RL_adaptive,XZ,0.9188933965884498,5.146987253554923,0.9861222320966467,0.013877767903353266,5.0,1.0,10.0,39.0,18.0,3.0,17.0,0.0,7.0
4,3,250,Z_only,XZ,0.9188933965884498,5.146987253554923,0.8557508433971713,0.14424915660282867,,,,,,,,,
4,3,250,ZX_split,XZ,0.9188933965884498,5.146987253554923,0.9988932684608787,0.0011067315391213306,,,,,,,,,
4,3,250,XYZ_split,XZ,0.9188933965884498,5.146987253554923,0.9961334315826174,0.003866568417382643,,,,,,,,,
4,3,250,ORACLE_plane,XZ,0.9188933965884498,5.146987253554923,0.9962575248935983,0.003742475106401688,,,,,,,,,
4,3,250,RL_adaptive,XZ,0.9188933965884498,5.146987253554923,0.9908162765238897,0.009183723476110295,15.0,5.0,151.0,14.0,23.0,0.0,0.0,12.0,30.0
4,3,500,Z_only,XZ,0.9188933965884498,5.146987253554923,0.8557508433971713,0.14424915660282867,,,,,,,,,
4,3,500,ZX_split,XZ,0.9188933965884498,5.146987253554923,0.9991434611516771,0.0008565388483229297,,,,,,,,,
4,3,500,XYZ_split,XZ,0.9188933965884498,5.146987253554923,0.9969354342926194,0.003064565707380562,,,,,,,,,
4,3,500,ORACLE_plane,XZ,0.9188933965884498,5.146987253554923,0.9998760081526821,0.000123991847317928,,,,,,,,,
4,3,500,RL_adaptive,XZ,0.9188933965884498,5.146987253554923,0.9989851899528764,0.00101481004712356,90.0,56.0,165.0,1.0,46.0,38.0,14.0,17.0,73.0
4,4,10,Z_only,XZ,0.9188933965884498,5.146987253554923,0.8557508433971713,0.14424915660282867,,,,,,,,,
4,4,10,ZX_split,XZ,0.9188933965884498,5.146987253554923,0.9816131990613443,0.018386800938655745,,,,,,,,,
4,4,10,XYZ_split,XZ,0.9188933965884498,5.146987253554923,0.867779573895487,0.132220426104513,,,,,,,,,
4,4,10,ORACLE_plane,XZ,0.9188933965884498,5.146987253554923,0.9006214606746143,0.09937853932538565,,,,,,,,,
4,4,10,RL_adaptive,XZ,0.9188933965884498,5.146987253554923,0.7249390978695105,0.2750609021304895,3.0,0.0,1.0,0.0,2.0,0.0,0.0,1.0,3.0
4,4,25,Z_only,XZ,0.9188933965884498,5.146987253554923,0.8557508433971713,0.14424915660282867,,,,,,,,,
4,4,25,ZX_split,XZ,0.9188933965884498,5.146987253554923,0.9778079229026152,0.0221920770973848,,,,,,,,,
4,4,25,XYZ_split,XZ,0.9188933965884498,5.146987253554923,0.8084917866327315,0.19150821336726853,,,,,,,,,
4,4,25,ORACLE_plane,XZ,0.9188933965884498,5.146987253554923,0.9831410527979397,0.01685894720206027,,,,,,,,,
4,4,25,RL_adaptive,XZ,0.9188933965884498,5.146987253554923,0.8809479311339817,0.11905206886601827,11.0,0.0,1.0,0.0,6.0,2.0,0.0,2.0,3.0
4,4,50,Z_only,XZ,0.9188933965884498,5.146987253554923,0.8557508433971713,0.14424915660282867,,,,,,,,,
4,4,50,ZX_split,XZ,0.9188933965884498,5.146987253554923,0.9857525904475731,0.01424740955242687,,,,,,,,,
4,4,50,XYZ_split,XZ,0.9188933965884498,5.146987253554923,0.981355529261937,0.018644470738062968,,,,,,,,,
4,4,50,ORACLE_plane,XZ,0.9188933965884498,5.146987253554923,0.9948304055339093,0.005169594466090666,,,,,,,,,
4,4,50,RL_adaptive,XZ,0.9188933965884498,5.146987253554923,0.9770047672067704,0.02299523279322957,13.0,0.0,0.0,0.0,12.0,0.0,0.0,14.0,11.0
4,4,100,Z_only,XZ,0.9188933965884498,5.146987253554923,0.8557508433971713,0.14424915660282867,,,,,,,,,
4,4,100,ZX_split,XZ,0.9188933965884498,5.146987253554923,0.9889264932233591,0.011073506776640873,,,,,,,,,
4,4,100,XYZ_split,XZ,0.9188933965884498,5.146987253554923,0.9862337694877611,0.013766230512238908,,,,,,,,,
4,4,100,ORACLE_plane,XZ,0.9188933965884498,5.146987253554923,0.9917227711508158,0.008277228849184248,,,,,,,,,
4,4,100,RL_adaptive,XZ,0.9188933965884498,5.146987253554923,0.9136557183751458,0.08634428162485419,5.0,2.0,13.0,37.0,19.0,1.0,16.0,0.0,7.0
4,4,250,Z_only,XZ,0.9188933965884498,5.146987253554923,0.8557508433971713,0.14424915660282867,,,,,,,,,
4,4,250,ZX_split,XZ,0.9188933965884498,5.146987253554923,0.9993877344141024,0.0006122655858975534,,,,,,,,,
4,4,250,XYZ_split,XZ,0.9188933965884498,5.146987253554923,0.9845258488166799,0.015474151183320073,,,,,,,,,
4,4,250,ORACLE_plane,XZ,0.9188933965884498,5.146987253554923,0.9980042875681951,0.0019957124318048525,,,,,,,,,
4,4,250,RL_adaptive,XZ,0.9188933965884498,5.146987253554923,0.9846774960889731,0.015322503911026852,14.0,8.0,152.0,12.0,23.0,0.0,1.0,9.0,31.0
4,4,500,Z_only,XZ,0.9188933965884498,5.146987253554923,0.8557508433971713,0.14424915660282867,,,,,,,,,
4,4,500,ZX_split,XZ,0.9188933965884498,5.146987253554923,0.9997191828195219,0.0002808171804781212,,,,,,,,,
4,4,500,XYZ_split,XZ,0.9188933965884498,5.146987253554923,0.9921515717478119,0.007848428252188122,,,,,,,,,
4,4,500,ORACLE_plane,XZ,0.9188933965884498,5.146987253554923,0.9997716922151388,0.0002283077848611592,,,,,,,,,
4,4,500,RL_adaptive,XZ,0.9188933965884498,5.146987253554923,0.9974874713824415,0.0025125286175584627,88.0,66.0,157.0,1.0,37.0,47.0,15.0,17.0,72.0
5,0,10,Z_only,XY,1.0669791918558666,0.9242601026445283,0.2500000000000001,0.7499999999999999,,,,,,,,,
5,0,10,ZX_split,XY,1.0669791918558666,0.9242601026445283,0.4781918286961221,0.5218081713038779,,,,,,,,,
5,0,10,XYZ_split,XY,1.0669791918558666,0.9242601026445283,0.9611331610594911,0.03886683894050891,,,,,,,,,
5,0,10,ORACLE_plane,XY,1.0669791918558666,0.9242601026445283,0.9277836337775819,0.07221636622241812,,,,,,,,,
5,0,10,RL_adaptive,XY,1.0669791918558666,0.9242601026445283,0.8842103446990113,0.11578965530098873,2.0,0.0,2.0,0.0,2.0,0.0,0.0,2.0,2.0
5,0,25,Z_only,XY,1.0669791918558666,0.9242601026445283,0.2500000000000001,0.7499999999999999,,,,,,,,,
5,0,25,ZX_split,XY,1.0669791918558666,0.9242601026445283,0.38045303329258245,0.6195469667074176,,,,,,,,,
5,0,25,XYZ_split,XY,1.0669791918558666,0.9242601026445283,0.978443366449164,0.021556633550836035,,,,,,,,,
5,0,25,ORACLE_plane,XY,1.0669791918558666,0.9242601026445283,0.9499816155234765,0.050018384476523514,,,,,,,,,
5,0,25,RL_adaptive,XY,1.0669791918558666,0.9242601026445283,0.9650586911207129,0.03494130887928715,8.0,0.0,0.0,4.0,4.0,0.0,0.0,3.0,6.0
5,0,50,Z_only,XY,1.0669791918558666,0.9242601026445283,0.25,0.75,,,,,,,,,
5,0,50,ZX_split,XY,1.0669791918558666,0.9242601026445283,0.589340771144899,0.410659228855101,,,,,,,,,
5,0,50,XYZ_split,XY,1.0669791918558666,0.9242601026445283,0.9516467563380719,0.04835324366192806,,,,,,,,,
5,0,50,ORACLE_plane,XY,1.0669791918558666,0.9242601026445283,0.9662431043437565,0.03375689565624351,,,,,,,,,
5,0,50,RL_adaptive,XY,1.0669791918558666,0.9242601026445283,0.9439419977089287,0.056058002291071274,10.0,2.0,0.0,0.0,5.0,4.0,0.0,18.0,11.0
5,0,100,Z_only,XY,1.0669791918558666,0.9242601026445283,0.25,0.75,,,,,,,,,
5,0,100,ZX_split,XY,1.0669791918558666,0.9242601026445283,0.5432237404766268,0.4567762595233732,,,,,,,,,
5,0,100,XYZ_split,XY,1.0669791918558666,0.9242601026445283,0.9902286148650475,0.00977138513495246,,,,,,,,,
5,0,100,ORACLE_plane,XY,1.0669791918558666,0.9242601026445283,0.9977482844600005,0.002251715539999477,,,,,,,,,
5,0,100,RL_adaptive,XY,1.0669791918558666,0.9242601026445283,0.9688276146686047,0.031172385331395325,12.0,0.0,6.0,35.0,18.0,3.0,12.0,0.0,14.0
5,0,250,Z_only,XY,1.0669791918558666,0.9242601026445283,0.2500000000000001,0.7499999999999999,,,,,,,,,
5,0,250,ZX_split,XY,1.0669791918558666,0.9242601026445283,0.5906442709890343,0.40935572901096573,,,,,,,,,
5,0,250,XYZ_split,XY,1.0669791918558666,0.9242601026445283,0.9976923797369288,0.002307620263071186,,,,,,,,,
5,0,250,ORACLE_plane,XY,1.0669791918558666,0.9242601026445283,0.9968002057604438,0.0031997942395561862,,,,,,,,,
5,0,250,RL_adaptive,XY,1.0669791918558666,0.9242601026445283,0.9938745936773495,0.006125406322650462,19.0,5.0,145.0,2.0,36.0,0.0,0.0,0.0,43.0
5,0,500,Z_only,XY,1.0669791918558666,0.9242601026445283,0.25,0.75,,,,,,,,,
5,0,500,ZX_split,XY,1.0669791918558666,0.9242601026445283,0.5893332832835192,0.4106667167164808,,,,,,,,,
5,0,500,XYZ_split,XY,1.0669791918558666,0.9242601026445283,0.9983353619743068,0.0016646380256931659,,,,,,,,,
5,0,500,ORACLE_plane,XY,1.0669791918558666,0.9242601026445283,0.9964973606440192,0.00350263935598083,,,,,,,,,
5,0,500,RL_adaptive,XY,1.0669791918558666,0.9242601026445283,0.9976435633173876,0.0023564366826124283,78.0,111.0,114.0,1.0,21.0,51.0,19.0,0.0,105.0
5,1,10,Z_only,XY,1.0669791918558666,0.9242601026445283,0.2500000000000001,0.7499999999999999,,,,,,,,,
5,1,10,ZX_split,XY,1.0669791918558666,0.9242601026445283,0.18411065730800297,0.8158893426919971,,,,,,,,,
5,1,10,XYZ_split,XY,1.0669791918558666,0.9242601026445283,0.650446525537145,0.349553474462855,,,,,,,,,
5,1,10,ORACLE_plane,XY,1.0669791918558666,0.9242601026445283,0.747665162352995,0.25233483764700504,,,,,,,,,
5,1,10,RL_adaptive,XY,1.0669791918558666,0.9242601026445283,0.9628416267984901,0.03715837320150994,2.0,0.0,1.0,0.0,2.0,0.0,0.0,3.0,2.0
5,1,25,Z_only,XY,1.0669791918558666,0.9242601026445283,0.2500000000000001,0.7499999999999999,,,,,,,,,
5,1,25,ZX_split,XY,1.0669791918558666,0.9242601026445283,0.513023290057375,0.486976709942625,,,,,,,,,
5,1,25,XYZ_split,XY,1.0669791918558666,0.9242601026445283,0.9432424220240403,0.056757577975959705,,,,,,,,,
5,1,25,ORACLE_plane,XY,1.0669791918558666,0.9242601026445283,0.9936992886211322,0.006300711378867785,,,,,,,,,
5,1,25,RL_adaptive,XY,1.0669791918558666,0.9242601026445283,0.9717325824589492,0.028267417541050777,5.0,0.0,0.0,5.0,4.0,0.0,0.0,5.0,6.0
5,1,50,Z_only,XY,1.0669791918558666,0.9242601026445283,0.2500000000000001,0.7499999999999999,,,,,,,,,
5,1,50,ZX_split,XY,1.0669791918558666,0.9242601026445283,0.5723101294301466,0.4276898705698534,,,,,,,,,
5,1,50,XYZ_split,XY,1.0669791918558666,0.9242601026445283,0.9660573670559787,0.033942632944021334,,,,,,,,,
5,1,50,ORACLE_plane,XY,1.0669791918558666,0.9242601026445283,0.9908129597251143,0.009187040274885705,,,,,,,,,
5,1,50,RL_adaptive,XY,1.0669791918558666,0.9242601026445283,0.9474395887396558,0.052560411260344164,11.0,0.0,0.0,0.0,8.0,1.0,0.0,18.0,12.0
5,1,100,Z_only,XY,1.0669791918558666,0.9242601026445283,0.25,0.75,,,,,,,,,
5,1,100,ZX_split,XY,1.0669791918558666,0.9242601026445283,0.5725845861877455,0.42741541381225445,,,,,,,,,
5,1,100,XYZ_split,XY,1.0669791918558666,0.9242601026445283,0.9924901338929973,0.007509866107002661,,,,,,,,,
5,1,100,ORACLE_plane,XY,1.0669791918558666,0.9242601026445283,0.9803562274797298,0.019643772520270164,,,,,,,,,
5,1,100,RL_adaptive,XY,1.0669791918558666,0.9242601026445283,0.9134532248872055,0.08654677511279452,11.0,0.0,5.0,38.0,14.0,6.0,14.0,0.0,12.0
5,1,250,Z_only,XY,1.0669791918558666,0.9242601026445283,0.25,0.75,,,,,,,,,
5,1,250,ZX_split,XY,1.0669791918558666,0.9242601026445283,0.5934903347052279,0.40650966529477206,,,,,,,,,
5,1,250,XYZ_split,XY,1.0669791918558666,0.9242601026445283,0.995793343712672,0.00420665628732797,,,,,,,,,
5,1,250,ORACLE_plane,XY,1.0669791918558666,0.9242601026445283,0.9986231739093605,0.0013768260906394936,,,,,,,,,
5,1,250,RL_adaptive,XY,1.0669791918558666,0.9242601026445283,0.9917863824115974,0.008213617588402555,12.0,9.0,148.0,8.0,29.0,1.0,2.0,0.0,41.0
5,1,500,Z_only,XY,1.0669791918558666,0.9242601026445283,0.25,0.75,,,,,,,,,
5,1,500,ZX_split,XY,1.0669791918558666,0.9242601026445283,0.5934256227602579,0.4065743772397421,,,,,,,,,
5,1,500,XYZ_split,XY,1.0669791918558666,0.9242601026445283,0.9915327363932038,0.008467263606796172,,,,,,,,,
5,1,500,ORACLE_plane,XY,1.0669791918558666,0.9242601026445283,0.9994474010480255,0.000552598951974459,,,,,,,,,
5,1,500,RL_adaptive,XY,1.0669791918558666,0.9242601026445283,0.9965036937811994,0.0034963062188005933,66.0,118.0,117.0,0.0,17.0,59.0,28.0,0.0,95.0
5,2,10,Z_only,XY,1.0669791918558666,0.9242601026445283,0.2500000000000001,0.7499999999999999,,,,,,,,,
5,2,10,ZX_split,XY,1.0669791918558666,0.9242601026445283,0.5040741335077612,0.4959258664922388,,,,,,,,,
5,2,10,XYZ_split,XY,1.0669791918558666,0.9242601026445283,0.9611331610594909,0.03886683894050913,,,,,,,,,
5,2,10,ORACLE_plane,XY,1.0669791918558666,0.9242601026445283,0.988946501021039,0.011053498978961018,,,,,,,,,
5,2,10,RL_adaptive,XY,1.0669791918558666,0.9242601026445283,0.9209723283376141,0.07902767166238589,3.0,0.0,1.0,0.0,2.0,0.0,0.0,2.0,2.0
5,2,25,Z_only,XY,1.0669791918558666,0.9242601026445283,0.25,0.75,,,,,,,,,
5,2,25,ZX_split,XY,1.0669791918558666,0.9242601026445283,0.48416490238909665,0.5158350976109034,,,,,,,,,
5,2,25,XYZ_split,XY,1.0669791918558666,0.9242601026445283,0.8426001886174637,0.15739981138253634,,,,,,,,,
5,2,25,ORACLE_plane,XY,1.0669791918558666,0.9242601026445283,0.9987047706932599,0.0012952293067400866,,,,,,,,,
5,2,25,RL_adaptive,XY,1.0669791918558666,0.9242601026445283,0.9580747833551779,0.04192521664482207,5.0,1.0,0.0,5.0,3.0,0.0,0.0,6.0,5.0
5,2,50,Z_only,XY,1.0669791918558666,0.9242601026445283,0.25,0.75,,,,,,,,,
5,2,50,ZX_split,XY,1.0669791918558666,0.9242601026445283,0.5391496106972165,0.46085038930278355,,,,,,,,,
5,2,50,XYZ_split,XY,1.0669791918558666,0.9242601026445283,0.9369818110413797,0.06301818895862032,,,,,,,,,
5,2,50,ORACLE_plane,XY,1.0669791918558666,0.9242601026445283,0.997959816877253,0.002040183122747008,,,,,,,,,
5,2,50,RL_adaptive,XY,1.0669791918558666,0.9242601026445283,0.9748067243282272,0.025193275671772764,12.0,0.0,0.0,0.0,10.0,0.0,0.0,15.0,13.0
5,2,100,Z_only,XY,1.0669791918558666,0.9242601026445283,0.2500000000000001,0.7499999999999999,,,,,,,,,
5,2,100,ZX_split,XY,1.0669791918558666,0.9242601026445283,0.5880470856980511,0.4119529143019489,,,,,,,,,
5,2,100,XYZ_split,XY,1.0669791918558666,0.9242601026445283,0.9991861487717298,0.0008138512282701571,,,,,,,,,
5,2,100,ORACLE_plane,XY,1.0669791918558666,0.9242601026445283,0.9995943544861451,0.0004056455138549131,,,,,,,,,
5,2,100,RL_adaptive,XY,1.0669791918558666,0.9242601026445283,0.9883831709623032,0.011616829037696785,14.0,0.0,3.0,38.0,17.0,2.0,11.0,0.0,15.0
5,2,250,Z_only,XY,1.0669791918558666,0.9242601026445283,0.2499999999999999,0.7500000000000001,,,,,,,,,
5,2,250,ZX_split,XY,1.0669791918558666,0.9242601026445283,0.5810859570514314,0.4189140429485686,,,,,,,,,
5,2,250,XYZ_split,XY,1.0669791918558666,0.9242601026445283,0.9936109925461734,0.006389007453826645,,,,,,,,,
5,2,250,ORACLE_plane,XY,1.0669791918558666,0.9242601026445283,0.9993101795781072,0.0006898204218928061,,,,,,,,,
5,2,250,RL_adaptive,XY,1.0669791918558666,0.9242601026445283,0.9967562050789814,0.0032437949210185613,15.0,7.0,148.0,4.0,32.0,0.0,3.0,0.0,41.0
5,2,500,Z_only,XY,1.0669791918558666,0.9242601026445283,0.25,0.75,,,,,,,,,
5,2,500,ZX_split,XY,1.0669791918558666,0.9242601026445283,0.5906119652412465,0.4093880347587535,,,,,,,,,
5,2,500,XYZ_split,XY,1.0669791918558666,0.9242601026445283,0.9886012953112888,0.011398704688711181,,,,,,,,,
5,2,500,ORACLE_plane,XY,1.0669791918558666,0.9242601026445283,0.9990637614620574,0.0009362385379425575,,,,,,,,,
5,2,500,RL_adaptive,XY,1.0669791918558666,0.9242601026445283,0.984889987374779,0.015110012625221048,85.0,94.0,123.0,2.0,36.0,35.0,10.0,0.0,115.0
5,3,10,Z_only,XY,1.0669791918558666,0.9242601026445283,0.2500000000000001,0.7499999999999999,,,,,,,,,
5,3,10,ZX_split,XY,1.0669791918558666,0.9242601026445283,0.27145879988022037,0.7285412001197796,,,,,,,,,
5,3,10,XYZ_split,XY,1.0669791918558666,0.9242601026445283,0.9396015151256648,0.06039848487433519,,,,,,,,,
5,3,10,ORACLE_plane,XY,1.0669791918558666,0.9242601026445283,0.9425559012686551,0.05744409873134493,,,,,,,,,
5,3,10,RL_adaptive,XY,1.0669791918558666,0.9242601026445283,0.6765572329318333,0.32344276706816666,2.0,0.0,4.0,0.0,2.0,0.0,0.0,0.0,2.0
5,3,25,Z_only,XY,1.0669791918558666,0.9242601026445283,0.2500000000000001,0.7499999999999999,,,,,,,,,
5,3,25,ZX_split,XY,1.0669791918558666,0.9242601026445283,0.27742787703478916,0.7225721229652109,,,,,,,,,
5,3,25,XYZ_split,XY,1.0669791918558666,0.9242601026445283,0.9785668077265814,0.021433192273418555,,,,,,,,,
5,3,25,ORACLE_plane,XY,1.0669791918558666,0.9242601026445283,0.9971455967423865,0.002854403257613547,,,,,,,,,
5,3,25,RL_adaptive,XY,1.0669791918558666,0.9242601026445283,0.9494187391896587,0.05058126081034131,5.0,1.0,1.0,5.0,3.0,0.0,0.0,4.0,6.0
5,3,50,Z_only,XY,1.0669791918558666,0.9242601026445283,0.2499999999999999,0.7500000000000001,,,,,,,,,
5,3,50,ZX_split,XY,1.0669791918558666,0.9242601026445283,0.587334623027772,0.41266537697222805,,,,,,,,,
5,3,50,XYZ_split,XY,1.0669791918558666,0.9242601026445283,0.9491219126433098,0.050878087356690194,,,,,,,,,
5,3,50,ORACLE_plane,XY,1.0669791918558666,0.9242601026445283,0.9805954375529184,0.019404562447081553,,,,,,,,,
5,3,50,RL_adaptive,XY,1.0669791918558666,0.9242601026445283,0.9740315837792559,0.025968416220744084,12.0,0.0,0.0,0.0,7.0,1.0,0.0,17.0,13.0
5,3,100,Z_only,XY,1.0669791918558666,0.9242601026445283,0.2500000000000001,0.7499999999999999,,,,,,,,,
5,3,100,ZX_split,XY,1.0669791918558666,0.9242601026445283,0.5825750389599456,0.41742496104005444,,,,,,,,,
5,3,100,XYZ_split,XY,1.0669791918558666,0.9242601026445283,0.9438643054017162,0.056135694598283825,,,,,,,,,
5,3,100,ORACLE_plane,XY,1.0669791918558666,0.9242601026445283,0.9968513131885438,0.0031486868114561917,,,,,,,,,
5,3,100,RL_adaptive,XY,1.0669791918558666,0.9242601026445283,0.9847614412413429,0.015238558758657095,14.0,0.0,4.0,35.0,18.0,2.0,11.0,0.0,16.0
5,3,250,Z_only,XY,1.0669791918558666,0.9242601026445283,0.25,0.75,,,,,,,,,
5,3,250,ZX_split,XY,1.0669791918558666,0.9242601026445283,0.5919719312536498,0.4080280687463502,,,,,,,,,
5,3,250,XYZ_split,XY,1.0669791918558666,0.9242601026445283,0.9985130344815197,0.0014869655184802655,,,,,,,,,
5,3,250,ORACLE_plane,XY,1.0669791918558666,0.9242601026445283,0.9982742494715865,0.0017257505284135055,,,,,,,,,
5,3,250,RL_adaptive,XY,1.0669791918558666,0.9242601026445283,0.9807742361118156,0.01922576388818442,16.0,6.0,148.0,6.0,32.0,0.0,1.0,0.0,41.0
5,3,500,Z_only,XY,1.0669791918558666,0.9242601026445283,0.25,0.75,,,,,,,,,
5,3,500,ZX_split,XY,1.0669791918558666,0.9242601026445283,0.5881348606831315,0.4118651393168685,,,,,,,,,
5,3,500,XYZ_split,XY,1.0669791918558666,0.9242601026445283,0.9988474549095242,0.0011525450904757983,,,,,,,,,
5,3,500,ORACLE_plane,XY,1.0669791918558666,0.9242601026445283,0.9995477698382628,0.00045223016173723263,,,,,,,,,
5,3,500,RL_adaptive,XY,1.0669791918558666,0.9242601026445283,0.9970595289367288,0.0029404710632712217,71.0,116.0,117.0,1.0,17.0,57.0,21.0,0.0,100.0
5,4,10,Z_only,XY,1.0669791918558666,0.9242601026445283,0.2500000000000001,0.7499999999999999,,,,,,,,,
5,4,10,ZX_split,XY,1.0669791918558666,0.9242601026445283,0.5269948766910981,0.4730051233089019,,,,,,,,,
5,4,10,XYZ_split,XY,1.0669791918558666,0.9242601026445283,0.4017538949352144,0.5982461050647856,,,,,,,,,
5,4,10,ORACLE_plane,XY,1.0669791918558666,0.9242601026445283,0.890718097367205,0.10928190263279502,,,,,,,,,
5,4,10,RL_adaptive,XY,1.0669791918558666,0.9242601026445283,0.8890006989469372,0.11099930105306277,2.0,0.0,2.0,0.0,2.0,0.0,0.0,2.0,2.0
5,4,25,Z_only,XY,1.0669791918558666,0.9242601026445283,0.25,0.75,,,,,,,,,
5,4,25,ZX_split,XY,1.0669791918558666,0.9242601026445283,0.47943530151078584,0.5205646984892142,,,,,,,,,
5,4,25,XYZ_split,XY,1.0669791918558666,0.9242601026445283,0.873790903743579,0.12620909625642096,,,,,,,,,
5,4,25,ORACLE_plane,XY,1.0669791918558666,0.9242601026445283,0.9907903295660121,0.009209670433987904,,,,,,,,,
5,4,25,RL_adaptive,XY,1.0669791918558666,0.9242601026445283,0.9608889572520185,0.039111042747981495,5.0,1.0,1.0,4.0,2.0,1.0,0.0,7.0,4.0
5,4,50,Z_only,XY,1.0669791918558666,0.9242601026445283,0.2500000000000001,0.7499999999999999,,,,,,,,,
5,4,50,ZX_split,XY,1.0669791918558666,0.9242601026445283,0.5788935676585663,0.42110643234143375,,,,,,,,,
5,4,50,XYZ_split,XY,1.0669791918558666,0.9242601026445283,0.9794901672431758,0.020509832756824165,,,,,,,,,
5,4,50,ORACLE_plane,XY,1.0669791918558666,0.9242601026445283,0.9911463805311913,0.008853619468808693,,,,,,,,,
5,4,50,RL_adaptive,XY,1.0669791918558666,0.9242601026445283,0.9387570761233505,0.061242923876649535,10.0,2.0,0.0,0.0,5.0,4.0,0.0,20.0,9.0
5,4,100,Z_only,XY,1.0669791918558666,0.9242601026445283,0.2499999999999999,0.7500000000000001,,,,,,,,,
5,4,100,ZX_split,XY,1.0669791918558666,0.9242601026445283,0.583744999284812,0.41625500071518795,,,,,,,,,
5,4,100,XYZ_split,XY,1.0669791918558666,0.9242601026445283,0.9881385284065766,0.011861471593423434,,,,,,,,,
5,4,100,ORACLE_plane,XY,1.0669791918558666,0.9242601026445283,0.9941924210732532,0.00580757892674677,,,,,,,,,
5,4,100,RL_adaptive,XY,1.0669791918558666,0.9242601026445283,0.9912778899890727,0.008722110010927264,10.0,3.0,5.0,37.0,14.0,6.0,13.0,0.0,12.0
5,4,250,Z_only,XY,1.0669791918558666,0.9242601026445283,0.2500000000000001,0.7499999999999999,,,,,,,,,
5,4,250,ZX_split,XY,1.0669791918558666,0.9242601026445283,0.5910144057495502,0.4089855942504498,,,,,,,,,
5,4,250,XYZ_split,XY,1.0669791918558666,0.9242601026445283,0.9926115815106022,0.007388418489397752,,,,,,,,,
5,4,250,ORACLE_plane,XY,1.0669791918558666,0.9242601026445283,0.9997055654262528,0.0002944345737472265,,,,,,,,,
5,4,250,RL_adaptive,XY,1.0669791918558666,0.9242601026445283,0.9703844958535778,0.029615504146422222,14.0,7.0,148.0,8.0,31.0,1.0,2.0,0.0,39.0
5,4,500,Z_only,XY,1.0669791918558666,0.9242601026445283,0.25,0.75,,,,,,,,,
5,4,500,ZX_split,XY,1.0669791918558666,0.9242601026445283,0.5930264907690233,0.40697350923097675,,,,,,,,,
5,4,500,XYZ_split,XY,1.0669791918558666,0.9242601026445283,0.9985460818645576,0.001453918135442378,,,,,,,,,
5,4,500,ORACLE_plane,XY,1.0669791918558666,0.9242601026445283,0.999408936428197,0.0005910635718030521,,,,,,,,,
5,4,500,RL_adaptive,XY,1.0669791918558666,0.9242601026445283,0.9961100739910196,0.0038899260089804155,66.0,120.0,114.0,2.0,13.0,62.0,28.0,0.0,95.0
6,0,10,Z_only,XY,5.772706021533899,3.6609471304801025,0.2500000000000001,0.7499999999999999,,,,,,,,,
6,0,10,ZX_split,XY,5.772706021533899,3.6609471304801025,0.84591329343058,0.15408670656942003,,,,,,,,,
6,0,10,XYZ_split,XY,5.772706021533899,3.6609471304801025,0.9368714951261269,0.06312850487387311,,,,,,,,,
6,0,10,ORACLE_plane,XY,5.772706021533899,3.6609471304801025,0.9811147646384283,0.018885235361571717,,,,,,,,,
6,0,10,RL_adaptive,XY,5.772706021533899,3.6609471304801025,0.9542964276894795,0.04570357231052047,4.0,0.0,0.0,0.0,2.0,0.0,0.0,1.0,3.0
6,0,25,Z_only,XY,5.772706021533899,3.6609471304801025,0.2500000000000001,0.7499999999999999,,,,,,,,,
6,0,25,ZX_split,XY,5.772706021533899,3.6609471304801025,0.8345515335876589,0.16544846641234112,,,,,,,,,
6,0,25,XYZ_split,XY,5.772706021533899,3.6609471304801025,0.8971347398740717,0.10286526012592834,,,,,,,,,
6,0,25,ORACLE_plane,XY,5.772706021533899,3.6609471304801025,0.9838647068039137,0.01613529319608631,,,,,,,,,
6,0,25,RL_adaptive,XY,5.772706021533899,3.6609471304801025,0.9025910043876176,0.09740899561238237,8.0,0.0,0.0,0.0,2.0,4.0,0.0,9.0,2.0
6,0,50,Z_only,XY,5.772706021533899,3.6609471304801025,0.2500000000000001,0.7499999999999999,,,,,,,,,
6,0,50,ZX_split,XY,5.772706021533899,3.6609471304801025,0.8737423690990813,0.12625763090091868,,,,,,,,,
6,0,50,XYZ_split,XY,5.772706021533899,3.6609471304801025,0.9723491304246478,0.027650869575352233,,,,,,,,,
6,0,50,ORACLE_plane,XY,5.772706021533899,3.6609471304801025,0.970282029917528,0.02971797008247201,,,,,,,,,
6,0,50,RL_adaptive,XY,5.772706021533899,3.6609471304801025,0.9631545742386004,0.0368454257613996,9.0,1.0,0.0,0.0,7.0,1.0,1.0,21.0,10.0
6,0,100,Z_only,XY,5.772706021533899,3.6609471304801025,0.2500000000000001,0.7499999999999999,,,,,,,,,
6,0,100,ZX_split,XY,5.772706021533899,3.6609471304801025,0.8629742430738707,0.13702575692612928,,,,,,,,,
6,0,100,XYZ_split,XY,5.772706021533899,3.6609471304801025,0.9912031107082679,0.008796889291732057,,,,,,,,,
6,0,100,ORACLE_plane,XY,5.772706021533899,3.6609471304801025,0.9965815733641578,0.003418426635842242,,,,,,,,,
6,0,100,RL_adaptive,XY,5.772706021533899,3.6609471304801025,0.9986028203516275,0.001397179648372493,12.0,2.0,8.0,34.0,19.0,4.0,10.0,0.0,11.0
6,0,250,Z_only,XY,5.772706021533899,3.6609471304801025,0.2499999999999999,0.7500000000000001,,,,,,,,,
6,0,250,ZX_split,XY,5.772706021533899,3.6609471304801025,0.8725244270224902,0.12747557297750978,,,,,,,,,
6,0,250,XYZ_split,XY,5.772706021533899,3.6609471304801025,0.9834563483287697,0.016543651671230286,,,,,,,,,
6,0,250,ORACLE_plane,XY,5.772706021533899,3.6609471304801025,0.9999513695713806,4.863042861935618e-05,,,,,,,,,
6,0,250,RL_adaptive,XY,5.772706021533899,3.6609471304801025,0.9785658478294154,0.02143415217058464,9.0,11.0,140.0,18.0,13.0,7.0,8.0,14.0,30.0
6,0,500,Z_only,XY,5.772706021533899,3.6609471304801025,0.2500000000000001,0.7499999999999999,,,,,,,,,
6,0,500,ZX_split,XY,5.772706021533899,3.6609471304801025,0.8737603996652324,0.12623960033476755,,,,,,,,,
6,0,500,XYZ_split,XY,5.772706021533899,3.6609471304801025,0.9924642809912811,0.007535719008718855,,,,,,,,,
6,0,500,ORACLE_plane,XY,5.772706021533899,3.6609471304801025,0.9975177202418151,0.0024822797581849354,,,,,,,,,
6,0,500,RL_adaptive,XY,5.772706021533899,3.6609471304801025,0.9920279427087252,0.007972057291274814,71.0,47.0,183.0,1.0,77.0,28.0,0.0,16.0,77.0
6,1,10,Z_only,XY,5.772706021533899,3.6609471304801025,0.2500000000000001,0.7499999999999999,,,,,,,,,
6,1,10,ZX_split,XY,5.772706021533899,3.6609471304801025,0.8090892068325943,0.19091079316740567,,,,,,,,,
6,1,10,XYZ_split,XY,5.772706021533899,3.6609471304801025,0.9074184262792544,0.0925815737207456,,,,,,,,,
6,1,10,ORACLE_plane,XY,5.772706021533899,3.6609471304801025,0.7716240473904156,0.22837595260958443,,,,,,,,,
6,1,10,RL_adaptive,XY,5.772706021533899,3.6609471304801025,0.8902825402482392,0.10971745975176084,5.0,0.0,0.0,0.0,2.0,0.0,0.0,0.0,3.0
6,1,25,Z_only,XY,5.772706021533899,3.6609471304801025,0.2500000000000001,0.7499999999999999,,,,,,,,,
6,1,25,ZX_split,XY,5.772706021533899,3.6609471304801025,0.8456996119970718,0.15430038800292822,,,,,,,,,
6,1,25,XYZ_split,XY,5.772706021533899,3.6609471304801025,0.9686571940393754,0.031342805960624553,,,,,,,,,
6,1,25,ORACLE_plane,XY,5.772706021533899,3.6609471304801025,0.9257769822953554,0.07422301770464457,,,,,,,,,
6,1,25,RL_adaptive,XY,5.772706021533899,3.6609471304801025,0.8345361664375809,0.16546383356241912,7.0,0.0,1.0,1.0,2.0,4.0,0.0,8.0,2.0
6,1,50,Z_only,XY,5.772706021533899,3.6609471304801025,0.25,0.75,,,,,,,,,
6,1,50,ZX_split,XY,5.772706021533899,3.6609471304801025,0.8454922587845866,0.15450774121541344,,,,,,,,,
6,1,50,XYZ_split,XY,5.772706021533899,3.6609471304801025,0.9654318417433396,0.034568158256660375,,,,,,,,,
6,1,50,ORACLE_plane,XY,5.772706021533899,3.6609471304801025,0.998631083456223,0.0013689165437770212,,,,,,,,,
6,1,50,RL_adaptive,XY,5.772706021533899,3.6609471304801025,0.9320685491178954,0.06793145088210462,9.0,1.0,0.0,0.0,10.0,1.0,0.0,18.0,11.0
6,1,100,Z_only,XY,5.772706021533899,3.6609471304801025,0.25,0.75,,,,,,,,,
6,1,100,ZX_split,XY,5.772706021533899,3.6609471304801025,0.8588490741012492,0.14115092589875078,,,,,,,,,
6,1,100,XYZ_split,XY,5.772706021533899,3.6609471304801025,0.9676554253527061,0.0323445746472939,,,,,,,,,
6,1,100,ORACLE_plane,XY,5.772706021533899,3.6609471304801025,0.9978270558498566,0.002172944150143352,,,,,,,,,
6,1,100,RL_adaptive,XY,5.772706021533899,3.6609471304801025,0.9854734551905264,0.014526544809473574,11.0,2.0,8.0,35.0,20.0,3.0,11.0,0.0,10.0
6,1,250,Z_only,XY,5.772706021533899,3.6609471304801025,0.25,0.75,,,,,,,,,
6,1,250,ZX_split,XY,5.772706021533899,3.6609471304801025,0.8664776495183207,0.13352235048167926,,,,,,,,,
6,1,250,XYZ_split,XY,5.772706021533899,3.6609471304801025,0.9906609573253714,0.009339042674628595,,,,,,,,,
6,1,250,ORACLE_plane,XY,5.772706021533899,3.6609471304801025,0.9988156875106433,0.001184312489356687,,,,,,,,,
6,1,250,RL_adaptive,XY,5.772706021533899,3.6609471304801025,0.9898100290813749,0.010189970918625058,10.0,9.0,139.0,20.0,12.0,8.0,7.0,12.0,33.0
6,1,500,Z_only,XY,5.772706021533899,3.6609471304801025,0.2499999999999999,0.7500000000000001,,,,,,,,,
6,1,500,ZX_split,XY,5.772706021533899,3.6609471304801025,0.8735762955926386,0.1264237044073614,,,,,,,,,
6,1,500,XYZ_split,XY,5.772706021533899,3.6609471304801025,0.987111634550107,0.012888365449893024,,,,,,,,,
6,1,500,ORACLE_plane,XY,5.772706021533899,3.6609471304801025,0.9998412112011822,0.0001587887988178105,,,,,,,,,
6,1,500,RL_adaptive,XY,5.772706021533899,3.6609471304801025,0.996918223714171,0.003081776285828952,68.0,51.0,179.0,0.0,76.0,35.0,2.0,19.0,70.0
6,2,10,Z_only,XY,5.772706021533899,3.6609471304801025,0.2500000000000001,0.7499999999999999,,,,,,,,,
6,2,10,ZX_split,XY,5.772706021533899,3.6609471304801025,0.8587939492099614,0.14120605079003856,,,,,,,,,
6,2,10,XYZ_split,XY,5.772706021533899,3.6609471304801025,0.7695871953538359,0.2304128046461641,,,,,,,,,
6,2,10,ORACLE_plane,XY,5.772706021533899,3.6609471304801025,0.9811147646384283,0.018885235361571717,,,,,,,,,
6,2,10,RL_adaptive,XY,5.772706021533899,3.6609471304801025,0.8165080689081053,0.18349193109189466,4.0,0.0,0.0,0.0,2.0,0.0,0.0,0.0,4.0
6,2,25,Z_only,XY,5.772706021533899,3.6609471304801025,0.2499999999999999,0.7500000000000001,,,,,,,,,
6,2,25,ZX_split,XY,5.772706021533899,3.6609471304801025,0.8427876298629575,0.15721237013704248,,,,,,,,,
6,2,25,XYZ_split,XY,5.772706021533899,3.6609471304801025,0.8558653316883039,0.14413466831169608,,,,,,,,,
6,2,25,ORACLE_plane,XY,5.772706021533899,3.6609471304801025,0.9768802355906722,0.023119764409327836,,,,,,,,,
6,2,25,RL_adaptive,XY,5.772706021533899,3.6609471304801025,0.9359416453067951,0.06405835469320487,8.0,0.0,0.0,0.0,2.0,3.0,0.0,10.0,2.0
6,2,50,Z_only,XY,5.772706021533899,3.6609471304801025,0.2499999999999999,0.7500000000000001,,,,,,,,,
6,2,50,ZX_split,XY,5.772706021533899,3.6609471304801025,0.8396204309325964,0.16037956906740358,,,,,,,,,
6,2,50,XYZ_split,XY,5.772706021533899,3.6609471304801025,0.9500201639649231,0.04997983603507694,,,,,,,,,
6,2,50,ORACLE_plane,XY,5.772706021533899,3.6609471304801025,0.9768828519882768,0.023117148011723154,,,,,,,,,
6,2,50,RL_adaptive,XY,5.772706021533899,3.6609471304801025,0.9812678738454178,0.018732126154582196,8.0,2.0,0.0,0.0,8.0,1.0,1.0,20.0,10.0
6,2,100,Z_only,XY,5.772706021533899,3.6609471304801025,0.25,0.75,,,,,,,,,
6,2,100,ZX_split,XY,5.772706021533899,3.6609471304801025,0.8699823270902388,0.13001767290976118,,,,,,,,,
6,2,100,XYZ_split,XY,5.772706021533899,3.6609471304801025,0.9736952478257462,0.026304752174253765,,,,,,,,,
6,2,100,ORACLE_plane,XY,5.772706021533899,3.6609471304801025,0.9964969765972042,0.0035030234027958462,,,,,,,,,
6,2,100,RL_adaptive,XY,5.772706021533899,3.6609471304801025,0.9783393515932588,0.0216606484067412,13.0,0.0,8.0,35.0,20.0,3.0,9.0,0.0,12.0
6,2,250,Z_only,XY,5.772706021533899,3.6609471304801025,0.25,0.75,,,,,,,,,
6,2,250,ZX_split,XY,5.772706021533899,3.6609471304801025,0.8692710145201846,0.13072898547981537,,,,,,,,,
6,2,250,XYZ_split,XY,5.772706021533899,3.6609471304801025,0.9978991292593317,0.002100870740668337,,,,,,,,,
6,2,250,ORACLE_plane,XY,5.772706021533899,3.6609471304801025,0.9943529310906701,0.0056470689093298665,,,,,,,,,
6,2,250,RL_adaptive,XY,5.772706021533899,3.6609471304801025,0.994873966412354,0.005126033587645962,14.0,8.0,138.0,16.0,15.0,7.0,7.0,12.0,33.0
6,2,500,Z_only,XY,5.772706021533899,3.6609471304801025,0.25,0.75,,,,,,,,,
6,2,500,ZX_split,XY,5.772706021533899,3.6609471304801025,0.8701600663731133,0.12983993362688673,,,,,,,,,
6,2,500,XYZ_split,XY,5.772706021533899,3.6609471304801025,0.9997365534899887,0.0002634465100113115,,,,,,,,,
6,2,500,ORACLE_plane,XY,5.772706021533899,3.6609471304801025,0.9963377289322239,0.0036622710677760573,,,,,,,,,
6,2,500,RL_adaptive,XY,5.772706021533899,3.6609471304801025,0.9968470819943555,0.003152918005644545,55.0,70.0,178.0,4.0,54.0,49.0,9.0,24.0,57.0
6,3,10,Z_only,XY,5.772706021533899,3.6609471304801025,0.25,0.75,,,,,,,,,
6,3,10,ZX_split,XY,5.772706021533899,3.6609471304801025,0.8459132934305806,0.15408670656941936,,,,,,,,,
6,3,10,XYZ_split,XY,5.772706021533899,3.6609471304801025,0.8671915076428099,0.13280849235719006,,,,,,,,,
6,3,10,ORACLE_plane,XY,5.772706021533899,3.6609471304801025,0.8691863995760087,0.13081360042399126,,,,,,,,,
6,3,10,RL_adaptive,XY,5.772706021533899,3.6609471304801025,0.527150417592926,0.472849582407074,4.0,0.0,1.0,0.0,2.0,0.0,1.0,0.0,2.0
6,3,25,Z_only,XY,5.772706021533899,3.6609471304801025,0.2500000000000001,0.7499999999999999,,,,,,,,,
6,3,25,ZX_split,XY,5.772706021533899,3.6609471304801025,0.8586076192360002,0.14139238076399985,,,,,,,,,
6,3,25,XYZ_split,XY,5.772706021533899,3.6609471304801025,0.9635777826500372,0.03642221734996276,,,,,,,,,
6,3,25,ORACLE_plane,XY,5.772706021533899,3.6609471304801025,0.9994003205582644,0.0005996794417355567,,,,,,,,,
6,3,25,RL_adaptive,XY,5.772706021533899,3.6609471304801025,0.9249803444736986,0.07501965552630141,9.0,0.0,0.0,0.0,2.0,3.0,0.0,9.0,2.0
6,3,50,Z_only,XY,5.772706021533899,3.6609471304801025,0.2500000000000001,0.7499999999999999,,,,,,,,,
6,3,50,ZX_split,XY,5.772706021533899,3.6609471304801025,0.8647959267344834,0.13520407326551664,,,,,,,,,
6,3,50,XYZ_split,XY,5.772706021533899,3.6609471304801025,0.9680511288597973,0.03194887114020273,,,,,,,,,
6,3,50,ORACLE_plane,XY,5.772706021533899,3.6609471304801025,0.996094167554782,0.003905832445218027,,,,,,,,,
6,3,50,RL_adaptive,XY,5.772706021533899,3.6609471304801025,0.9641333095741884,0.03586669042581159,8.0,1.0,1.0,0.0,9.0,1.0,0.0,19.0,11.0
6,3,100,Z_only,XY,5.772706021533899,3.6609471304801025,0.2500000000000001,0.7499999999999999,,,,,,,,,
6,3,100,ZX_split,XY,5.772706021533899,3.6609471304801025,0.8710271638038377,0.1289728361961623,,,,,,,,,
6,3,100,XYZ_split,XY,5.772706021533899,3.6609471304801025,0.9945020563138799,0.00549794368612011,,,,,,,,,
6,3,100,ORACLE_plane,XY,5.772706021533899,3.6609471304801025,0.9880920051419604,0.011907994858039617,,,,,,,,,
6,3,100,RL_adaptive,XY,5.772706021533899,3.6609471304801025,0.950486604972883,0.049513395027117046,14.0,1.0,5.0,38.0,19.0,3.0,7.0,0.0,13.0
6,3,250,Z_only,XY,5.772706021533899,3.6609471304801025,0.25,0.75,,,,,,,,,
6,3,250,ZX_split,XY,5.772706021533899,3.6609471304801025,0.8631259194869036,0.13687408051309635,,,,,,,,,
6,3,250,XYZ_split,XY,5.772706021533899,3.6609471304801025,0.9847913077282304,0.015208692271769575,,,,,,,,,
6,3,250,ORACLE_plane,XY,5.772706021533899,3.6609471304801025,0.9970173748458057,0.0029826251541943405,,,,,,,,,
6,3,250,RL_adaptive,XY,5.772706021533899,3.6609471304801025,0.9946709001455167,0.005329099854483266,9.0,10.0,140.0,21.0,11.0,9.0,8.0,13.0,29.0
6,3,500,Z_only,XY,5.772706021533899,3.6609471304801025,0.2499999999999999,0.7500000000000001,,,,,,,,,
6,3,500,ZX_split,XY,5.772706021533899,3.6609471304801025,0.8721307470833213,0.12786925291667872,,,,,,,,,
6,3,500,XYZ_split,XY,5.772706021533899,3.6609471304801025,0.9979147357461816,0.0020852642538183863,,,,,,,,,
6,3,500,ORACLE_plane,XY,5.772706021533899,3.6609471304801025,0.9971447368524428,0.002855263147557241,,,,,,,,,
6,3,500,RL_adaptive,XY,5.772706021533899,3.6609471304801025,0.9884755561402081,0.0115244438597919,71.0,55.0,173.0,0.0,79.0,31.0,2.0,16.0,73.0
6,4,10,Z_only,XY,5.772706021533899,3.6609471304801025,0.2499999999999999,0.7500000000000001,,,,,,,,,
6,4,10,ZX_split,XY,5.772706021533899,3.6609471304801025,0.8587939492099617,0.14120605079003834,,,,,,,,,
6,4,10,XYZ_split,XY,5.772706021533899,3.6609471304801025,0.6734726611613754,0.3265273388386246,,,,,,,,,
6,4,10,ORACLE_plane,XY,5.772706021533899,3.6609471304801025,0.9656585531037486,0.034341446896251404,,,,,,,,,
6,4,10,RL_adaptive,XY,5.772706021533899,3.6609471304801025,0.9136133270262103,0.08638667297378966,4.0,0.0,0.0,0.0,2.0,0.0,0.0,0.0,4.0
6,4,25,Z_only,XY,5.772706021533899,3.6609471304801025,0.25,0.75,,,,,,,,,
6,4,25,ZX_split,XY,5.772706021533899,3.6609471304801025,0.8721320996866759,0.12786790031332407,,,,,,,,,
6,4,25,XYZ_split,XY,5.772706021533899,3.6609471304801025,0.7101077743137698,0.2898922256862302,,,,,,,,,
6,4,25,ORACLE_plane,XY,5.772706021533899,3.6609471304801025,0.9897270283399744,0.01027297166002561,,,,,,,,,
6,4,25,RL_adaptive,XY,5.772706021533899,3.6609471304801025,0.8998428916501268,0.10015710834987324,8.0,1.0,0.0,0.0,2.0,4.0,0.0,8.0,2.0
6,4,50,Z_only,XY,5.772706021533899,3.6609471304801025,0.2500000000000001,0.7499999999999999,,,,,,,,,
6,4,50,ZX_split,XY,5.772706021533899,3.6609471304801025,0.8194620023511993,0.18053799764880074,,,,,,,,,
6,4,50,XYZ_split,XY,5.772706021533899,3.6609471304801025,0.9450720862405534,0.05492791375944661,,,,,,,,,
6,4,50,ORACLE_plane,XY,5.772706021533899,3.6609471304801025,0.9970307896980787,0.002969210301921321,,,,,,,,,
6,4,50,RL_adaptive,XY,5.772706021533899,3.6609471304801025,0.8255413515978963,0.17445864840210368,10.0,0.0,0.0,0.0,12.0,0.0,0.0,17.0,11.0
6,4,100,Z_only,XY,5.772706021533899,3.6609471304801025,0.25,0.75,,,,,,,,,
6,4,100,ZX_split,XY,5.772706021533899,3.6609471304801025,0.8597168627635351,0.1402831372364649,,,,,,,,,
6,4,100,XYZ_split,XY,5.772706021533899,3.6609471304801025,0.9907129591079933,0.009287040892006715,,,,,,,,,
6,4,100,ORACLE_plane,XY,5.772706021533899,3.6609471304801025,0.9840214947175314,0.01597850528246858,,,,,,,,,
6,4,100,RL_adaptive,XY,5.772706021533899,3.6609471304801025,0.9899007218784229,0.010099278121577071,12.0,1.0,10.0,34.0,21.0,0.0,9.0,0.0,13.0
6,4,250,Z_only,XY,5.772706021533899,3.6609471304801025,0.25,0.75,,,,,,,,,
6,4,250,ZX_split,XY,5.772706021533899,3.6609471304801025,0.8624794771673906,0.1375205228326094,,,,,,,,,
6,4,250,XYZ_split,XY,5.772706021533899,3.6609471304801025,0.9731330869494179,0.026866913050582086,,,,,,,,,
6,4,250,ORACLE_plane,XY,5.772706021533899,3.6609471304801025,0.9934153160347285,0.006584683965271454,,,,,,,,,
6,4,250,RL_adaptive,XY,5.772706021533899,3.6609471304801025,0.9909713928497624,0.009028607150237566,16.0,6.0,138.0,13.0,20.0,4.0,6.0,6.0,41.0
6,4,500,Z_only,XY,5.772706021533899,3.6609471304801025,0.25,0.75,,,,,,,,,
6,4,500,ZX_split,XY,5.772706021533899,3.6609471304801025,0.8727546549704466,0.12724534502955342,,,,,,,,,
6,4,500,XYZ_split,XY,5.772706021533899,3.6609471304801025,0.9941317080193405,0.0058682919806595235,,,,,,,,,
6,4,500,ORACLE_plane,XY,5.772706021533899,3.6609471304801025,0.9995836413354333,0.000416358664566685,,,,,,,,,
6,4,500,RL_adaptive,XY,5.772706021533899,3.6609471304801025,0.9980576059872437,0.00194239401275631,53.0,72.0,172.0,5.0,55.0,52.0,12.0,24.0,55.0
7,0,10,Z_only,YZ,5.242851331957521,2.363535438188355,0.792476926642277,0.20752307335772302,,,,,,,,,
7,0,10,ZX_split,YZ,5.242851331957521,2.363535438188355,0.49181765931052696,0.508182340689473,,,,,,,,,
7,0,10,XYZ_split,YZ,5.242851331957521,2.363535438188355,0.8908995627304704,0.10910043726952956,,,,,,,,,
7,0,10,ORACLE_plane,YZ,5.242851331957521,2.363535438188355,0.8291483384967321,0.17085166150326792,,,,,,,,,
7,0,10,RL_adaptive,YZ,5.242851331957521,2.363535438188355,0.7110338008361465,0.28896619916385347,3.0,0.0,2.0,0.0,2.0,0.0,0.0,0.0,3.0
7,0,25,Z_only,YZ,5.242851331957521,2.363535438188355,0.792476926642277,0.20752307335772302,,,,,,,,,
7,0,25,ZX_split,YZ,5.242851331957521,2.363535438188355,0.7588479446474551,0.24115205535254491,,,,,,,,,
7,0,25,XYZ_split,YZ,5.242851331957521,2.363535438188355,0.902057293452249,0.09794270654775095,,,,,,,,,
7,0,25,ORACLE_plane,YZ,5.242851331957521,2.363535438188355,0.990307715168054,0.009692284831945952,,,,,,,,,
7,0,25,RL_adaptive,YZ,5.242851331957521,2.363535438188355,0.9567666539982908,0.04323334600170925,7.0,0.0,0.0,3.0,2.0,3.0,0.0,8.0,2.0
7,0,50,Z_only,YZ,5.242851331957521,2.363535438188355,0.792476926642277,0.20752307335772302,,,,,,,,,
7,0,50,ZX_split,YZ,5.242851331957521,2.363535438188355,0.7844403559751378,0.21555964402486216,,,,,,,,,
7,0,50,XYZ_split,YZ,5.242851331957521,2.363535438188355,0.9622276020901922,0.0377723979098078,,,,,,,,,
7,0,50,ORACLE_plane,YZ,5.242851331957521,2.363535438188355,0.9875013435540944,0.012498656445905643,,,,,,,,,
7,0,50,RL_adaptive,YZ,5.242851331957521,2.363535438188355,0.9487355212662367,0.051264478733763275,12.0,0.0,0.0,0.0,5.0,1.0,0.0,20.0,12.0
7,0,100,Z_only,YZ,5.242851331957521,2.363535438188355,0.792476926642277,0.20752307335772302,,,,,,,,,
7,0,100,ZX_split,YZ,5.242851331957521,2.363535438188355,0.7688262885510206,0.23117371144897936,,,,,,,,,
7,0,100,XYZ_split,YZ,5.242851331957521,2.363535438188355,0.9642118612276966,0.03578813877230336,,,,,,,,,
7,0,100,ORACLE_plane,YZ,5.242851331957521,2.363535438188355,0.9934015060322716,0.0065984939677283805,,,,,,,,,
7,0,100,RL_adaptive,YZ,5.242851331957521,2.363535438188355,0.9700204260587034,0.029979573941296578,14.0,0.0,2.0,43.0,18.0,1.0,5.0,1.0,16.0
7,0,250,Z_only,YZ,5.242851331957521,2.363535438188355,0.792476926642277,0.20752307335772302,,,,,,,,,
7,0,250,ZX_split,YZ,5.242851331957521,2.363535438188355,0.7905673246572534,0.20943267534274657,,,,,,,,,
7,0,250,XYZ_split,YZ,5.242851331957521,2.363535438188355,0.9981451821466342,0.001854817853365831,,,,,,,,,
7,0,250,ORACLE_plane,YZ,5.242851331957521,2.363535438188355,0.9985099231150809,0.0014900768849190893,,,,,,,,,
7,0,250,RL_adaptive,YZ,5.242851331957521,2.363535438188355,0.9678816485870222,0.03211835141297781,15.0,12.0,135.0,18.0,13.0,9.0,17.0,4.0,27.0
7,0,500,Z_only,YZ,5.242851331957521,2.363535438188355,0.792476926642277,0.20752307335772302,,,,,,,,,
7,0,500,ZX_split,YZ,5.242851331957521,2.363535438188355,0.7837873186113655,0.21621268138863448,,,,,,,,,
7,0,500,XYZ_split,YZ,5.242851331957521,2.363535438188355,0.9984499863930674,0.001550013606932632,,,,,,,,,
7,0,500,ORACLE_plane,YZ,5.242851331957521,2.363535438188355,0.9997807304612703,0.00021926953872974941,,,,,,,,,
7,0,500,RL_adaptive,YZ,5.242851331957521,2.363535438188355,0.9891602738083831,0.010839726191616883,70.0,109.0,134.0,9.0,12.0,55.0,21.0,2.0,88.0
7,1,10,Z_only,YZ,5.242851331957521,2.363535438188355,0.792476926642277,0.20752307335772302,,,,,,,,,
7,1,10,ZX_split,YZ,5.242851331957521,2.363535438188355,0.5638800404795191,0.4361199595204809,,,,,,,,,
7,1,10,XYZ_split,YZ,5.242851331957521,2.363535438188355,0.9419375868689345,0.05806241313106553,,,,,,,,,
7,1,10,ORACLE_plane,YZ,5.242851331957521,2.363535438188355,0.9588565637829315,0.04114343621706851,,,,,,,,,
7,1,10,RL_adaptive,YZ,5.242851331957521,2.363535438188355,0.588004433705871,0.41199556629412903,4.0,0.0,1.0,0.0,2.0,0.0,0.0,0.0,3.0
7,1,25,Z_only,YZ,5.242851331957521,2.363535438188355,0.792476926642277,0.20752307335772302,,,,,,,,,
7,1,25,ZX_split,YZ,5.242851331957521,2.363535438188355,0.7259969563500157,0.2740030436499843,,,,,,,,,
7,1,25,XYZ_split,YZ,5.242851331957521,2.363535438188355,0.7024371574571896,0.2975628425428104,,,,,,,,,
7,1,25,ORACLE_plane,YZ,5.242851331957521,2.363535438188355,0.9933489914861575,0.006651008513842482,,,,,,,,,
7,1,25,RL_adaptive,YZ,5.242851331957521,2.363535438188355,0.8902946147599278,0.10970538524007223,8.0,0.0,0.0,3.0,3.0,1.0,0.0,7.0,3.0
7,1,50,Z_only,YZ,5.242851331957521,2.363535438188355,0.792476926642277,0.20752307335772302,,,,,,,,,
7,1,50,ZX_split,YZ,5.242851331957521,2.363535438188355,0.7800894177327804,0.2199105822672196,,,,,,,,,
7,1,50,XYZ_split,YZ,5.242851331957521,2.363535438188355,0.941777829549854,0.058222170450145994,,,,,,,,,
7,1,50,ORACLE_plane,YZ,5.242851331957521,2.363535438188355,0.9952450295897729,0.0047549704102270995,,,,,,,,,
7,1,50,RL_adaptive,YZ,5.242851331957521,2.363535438188355,0.9899691187552573,0.010030881244742718,14.0,0.0,0.0,0.0,5.0,2.0,0.0,17.0,12.0
7,1,100,Z_only,YZ,5.242851331957521,2.363535438188355,0.792476926642277,0.20752307335772302,,,,,,,,,
7,1,100,ZX_split,YZ,5.242851331957521,2.363535438188355,0.7885161429692799,0.21148385703072015,,,,,,,,,
7,1,100,XYZ_split,YZ,5.242851331957521,2.363535438188355,0.9906029865912829,0.009397013408717125,,,,,,,,,
7,1,100,ORACLE_plane,YZ,5.242851331957521,2.363535438188355,0.9981457890298095,0.0018542109701904508,,,,,,,,,
7,1,100,RL_adaptive,YZ,5.242851331957521,2.363535438188355,0.9541814407587571,0.045818559241242895,16.0,0.0,1.0,44.0,17.0,1.0,4.0,1.0,16.0
7,1,250,Z_only,YZ,5.242851331957521,2.363535438188355,0.792476926642277,0.20752307335772302,,,,,,,,,
7,1,250,ZX_split,YZ,5.242851331957521,2.363535438188355,0.7912584003024972,0.20874159969750283,,,,,,,,,
7,1,250,XYZ_split,YZ,5.242851331957521,2.363535438188355,0.9880217749623211,0.011978225037678869,,,,,,,,,
7,1,250,ORACLE_plane,YZ,5.242851331957521,2.363535438188355,0.9938586084262315,0.006141391573768473,,,,,,,,,
7,1,250,RL_adaptive,YZ,5.242851331957521,2.363535438188355,0.962186794405156,0.037813205594844024,16.0,11.0,134.0,18.0,15.0,7.0,16.0,5.0,28.0
7,1,500,Z_only,YZ,5.242851331957521,2.363535438188355,0.792476926642277,0.20752307335772302,,,,,,,,,
7,1,500,ZX_split,YZ,5.242851331957521,2.363535438188355,0.7911976908264443,0.2088023091735557,,,,,,,,,
7,1,500,XYZ_split,YZ,5.242851331957521,2.363535438188355,0.9991918664696449,0.0008081335303551374,,,,,,,,,
7,1,500,ORACLE_plane,YZ,5.242851331957521,2.363535438188355,0.9994525259864858,0.000547474013514182,,,,,,,,,
7,1,500,RL_adaptive,YZ,5.242851331957521,2.363535438188355,0.9934989156091754,0.006501084390824641,56.0,106.0,147.0,18.0,12.0,58.0,25.0,4.0,74.0
7,2,10,Z_only,YZ,5.242851331957521,2.363535438188355,0.792476926642277,0.20752307335772302,,,,,,,,,
7,2,10,ZX_split,YZ,5.242851331957521,2.363535438188355,0.6507667401594872,0.3492332598405128,,,,,,,,,
7,2,10,XYZ_split,YZ,5.242851331957521,2.363535438188355,0.8501732813667437,0.14982671863325625,,,,,,,,,
7,2,10,ORACLE_plane,YZ,5.242851331957521,2.363535438188355,0.9999617420172938,3.8257982706180194e-05,,,,,,,,,
7,2,10,RL_adaptive,YZ,5.242851331957521,2.363535438188355,0.7853489056274114,0.21465109437258856,6.0,0.0,0.0,0.0,2.0,0.0,0.0,0.0,2.0
7,2,25,Z_only,YZ,5.242851331957521,2.363535438188355,0.792476926642277,0.20752307335772302,,,,,,,,,
7,2,25,ZX_split,YZ,5.242851331957521,2.363535438188355,0.7676286071764219,0.2323713928235781,,,,,,,,,
7,2,25,XYZ_split,YZ,5.242851331957521,2.363535438188355,0.9072770157734903,0.09272298422650971,,,,,,,,,
7,2,25,ORACLE_plane,YZ,5.242851331957521,2.363535438188355,0.9500399065351735,0.04996009346482655,,,,,,,,,
7,2,25,RL_adaptive,YZ,5.242851331957521,2.363535438188355,0.9330179345303071,0.06698206546969288,8.0,0.0,0.0,2.0,2.0,2.0,0.0,8.0,3.0
7,2,50,Z_only,YZ,5.242851331957521,2.363535438188355,0.792476926642277,0.20752307335772302,,,,,,,,,
7,2,50,ZX_split,YZ,5.242851331957521,2.363535438188355,0.7726874735276757,0.22731252647232425,,,,,,,,,
7,2,50,XYZ_split,YZ,5.242851331957521,2.363535438188355,0.9435339914935402,0.056466008506459775,,,,,,,,,
7,2,50,ORACLE_plane,YZ,5.242851331957521,2.363535438188355,0.990738478471576,0.009261521528423966,,,,,,,,,
7,2,50,RL_adaptive,YZ,5.242851331957521,2.363535438188355,0.8265112857978257,0.17348871420217427,13.0,0.0,0.0,0.0,5.0,0.0,0.0,20.0,12.0
7,2,100,Z_only,YZ,5.242851331957521,2.363535438188355,0.792476926642277,0.20752307335772302,,,,,,,,,
7,2,100,ZX_split,YZ,5.242851331957521,2.363535438188355,0.7907581934276686,0.20924180657233138,,,,,,,,,
7,2,100,XYZ_split,YZ,5.242851331957521,2.363535438188355,0.9873676311159908,0.012632368884009204,,,,,,,,,
7,2,100,ORACLE_plane,YZ,5.242851331957521,2.363535438188355,0.9996394647498843,0.0003605352501157011,,,,,,,,,
7,2,100,RL_adaptive,YZ,5.242851331957521,2.363535438188355,0.966717136093409,0.033282863906590965,12.0,2.0,3.0,42.0,14.0,5.0,7.0,3.0,12.0
7,2,250,Z_only,YZ,5.242851331957521,2.363535438188355,0.792476926642277,0.20752307335772302,,,,,,,,,
7,2,250,ZX_split,YZ,5.242851331957521,2.363535438188355,0.7754520127702927,0.22454798722970726,,,,,,,,,
7,2,250,XYZ_split,YZ,5.242851331957521,2.363535438188355,0.9969702492678413,0.0030297507321587203,,,,,,,,,
7,2,250,ORACLE_plane,YZ,5.242851331957521,2.363535438188355,0.9954093840443325,0.004590615955667454,,,,,,,,,
7,2,250,RL_adaptive,YZ,5.242851331957521,2.363535438188355,0.9953377025033846,0.004662297496615397,18.0,13.0,124.0,16.0,13.0,10.0,21.0,4.0,31.0
7,2,500,Z_only,YZ,5.242851331957521,2.363535438188355,0.792476926642277,0.20752307335772302,,,,,,,,,
7,2,500,ZX_split,YZ,5.242851331957521,2.363535438188355,0.7920232920830954,0.2079767079169046,,,,,,,,,
7,2,500,XYZ_split,YZ,5.242851331957521,2.363535438188355,0.990207980714715,0.009792019285284947,,,,,,,,,
7,2,500,ORACLE_plane,YZ,5.242851331957521,2.363535438188355,0.9992376387682044,0.0007623612317956274,,,,,,,,,
7,2,500,RL_adaptive,YZ,5.242851331957521,2.363535438188355,0.9711273300635045,0.02887266993649551,81.0,91.0,141.0,10.0,22.0,45.0,12.0,2.0,96.0
7,3,10,Z_only,YZ,5.242851331957521,2.363535438188355,0.792476926642277,0.20752307335772302,,,,,,,,,
7,3,10,ZX_split,YZ,5.242851331957521,2.363535438188355,0.768728794139477,0.23127120586052297,,,,,,,,,
7,3,10,XYZ_split,YZ,5.242851331957521,2.363535438188355,0.9556938769748088,0.04430612302519121,,,,,,,,,
7,3,10,ORACLE_plane,YZ,5.242851331957521,2.363535438188355,0.6290539883117229,0.3709460116882771,,,,,,,,,
7,3,10,RL_adaptive,YZ,5.242851331957521,2.363535438188355,0.6217678726927405,0.3782321273072595,6.0,0.0,0.0,0.0,2.0,0.0,0.0,0.0,2.0
7,3,25,Z_only,YZ,5.242851331957521,2.363535438188355,0.792476926642277,0.20752307335772302,,,,,,,,,
7,3,25,ZX_split,YZ,5.242851331957521,2.363535438188355,0.7778932064970012,0.22210679350299878,,,,,,,,,
7,3,25,XYZ_split,YZ,5.242851331957521,2.363535438188355,0.9673913557877153,0.03260864421228471,,,,,,,,,
7,3,25,ORACLE_plane,YZ,5.242851331957521,2.363535438188355,0.9913599959059662,0.00864000409403376,,,,,,,,,
7,3,25,RL_adaptive,YZ,5.242851331957521,2.363535438188355,0.9899592074093667,0.010040792590633285,7.0,0.0,0.0,3.0,2.0,2.0,0.0,9.0,2.0
7,3,50,Z_only,YZ,5.242851331957521,2.363535438188355,0.792476926642277,0.20752307335772302,,,,,,,,,
7,3,50,ZX_split,YZ,5.242851331957521,2.363535438188355,0.7122543645894036,0.2877456354105964,,,,,,,,,
7,3,50,XYZ_split,YZ,5.242851331957521,2.363535438188355,0.9677234308226913,0.0322765691773087,,,,,,,,,
7,3,50,ORACLE_plane,YZ,5.242851331957521,2.363535438188355,0.972988628852712,0.02701137114728802,,,,,,,,,
7,3,50,RL_adaptive,YZ,5.242851331957521,2.363535438188355,0.931135077661523,0.06886492233847696,11.0,0.0,0.0,1.0,5.0,1.0,0.0,22.0,10.0
7,3,100,Z_only,YZ,5.242851331957521,2.363535438188355,0.792476926642277,0.20752307335772302,,,,,,,,,
7,3,100,ZX_split,YZ,5.242851331957521,2.363535438188355,0.7790418228790421,0.2209581771209579,,,,,,,,,
7,3,100,XYZ_split,YZ,5.242851331957521,2.363535438188355,0.9970189549783296,0.002981045021670403,,,,,,,,,
7,3,100,ORACLE_plane,YZ,5.242851331957521,2.363535438188355,0.9916580722740934,0.008341927725906584,,,,,,,,,
7,3,100,RL_adaptive,YZ,5.242851331957521,2.363535438188355,0.9931852826461322,0.00681471735386785,14.0,0.0,4.0,41.0,17.0,2.0,6.0,0.0,16.0
7,3,250,Z_only,YZ,5.242851331957521,2.363535438188355,0.792476926642277,0.20752307335772302,,,,,,,,,
7,3,250,ZX_split,YZ,5.242851331957521,2.363535438188355,0.7924373517522527,0.20756264824774728,,,,,,,,,
7,3,250,XYZ_split,YZ,5.242851331957521,2.363535438188355,0.9961145213871131,0.0038854786128869057,,,,,,,,,
7,3,250,ORACLE_plane,YZ,5.242851331957521,2.363535438188355,0.9965840269982975,0.003415973001702488,,,,,,,,,
7,3,250,RL_adaptive,YZ,5.242851331957521,2.363535438188355,0.9958622596721908,0.004137740327809225,17.0,13.0,133.0,14.0,15.0,7.0,19.0,1.0,31.0
7,3,500,Z_only,YZ,5.242851331957521,2.363535438188355,0.792476926642277,0.20752307335772302,,,,,,,,,
7,3,500,ZX_split,YZ,5.242851331957521,2.363535438188355,0.7914195311175437,0.2085804688824563,,,,,,,,,
7,3,500,XYZ_split,YZ,5.242851331957521,2.363535438188355,0.9973675709812084,0.002632429018791571,,,,,,,,,
7,3,500,ORACLE_plane,YZ,5.242851331957521,2.363535438188355,0.9994501176309147,0.0005498823690852639,,,,,,,,,
7,3,500,RL_adaptive,YZ,5.242851331957521,2.363535438188355,0.9901624100486902,0.009837589951309789,79.0,95.0,135.0,10.0,21.0,47.0,15.0,2.0,96.0
7,4,10,Z_only,YZ,5.242851331957521,2.363535438188355,0.792476926642277,0.20752307335772302,,,,,,,,,
7,4,10,ZX_split,YZ,5.242851331957521,2.363535438188355,0.779060173538828,0.22093982646117205,,,,,,,,,
7,4,10,XYZ_split,YZ,5.242851331957521,2.363535438188355,0.8927735829852138,0.10722641701478619,,,,,,,,,
7,4,10,ORACLE_plane,YZ,5.242851331957521,2.363535438188355,0.970015212740066,0.02998478725993403,,,,,,,,,
7,4,10,RL_adaptive,YZ,5.242851331957521,2.363535438188355,0.8291483384967321,0.17085166150326792,4.0,0.0,1.0,0.0,2.0,0.0,0.0,0.0,3.0
7,4,25,Z_only,YZ,5.242851331957521,2.363535438188355,0.792476926642277,0.20752307335772302,,,,,,,,,
7,4,25,ZX_split,YZ,5.242851331957521,2.363535438188355,0.6667303308037649,0.33326966919623513,,,,,,,,,
7,4,25,XYZ_split,YZ,5.242851331957521,2.363535438188355,0.9188799212208532,0.08112007877914684,,,,,,,,,
7,4,25,ORACLE_plane,YZ,5.242851331957521,2.363535438188355,0.9609673956351333,0.03903260436486666,,,,,,,,,
7,4,25,RL_adaptive,YZ,5.242851331957521,2.363535438188355,0.9006390300806308,0.09936096991936916,4.0,1.0,0.0,4.0,2.0,2.0,0.0,9.0,3.0
7,4,50,Z_only,YZ,5.242851331957521,2.363535438188355,0.792476926642277,0.20752307335772302,,,,,,,,,
7,4,50,ZX_split,YZ,5.242851331957521,2.363535438188355,0.7455821324344641,0.25441786756553586,,,,,,,,,
7,4,50,XYZ_split,YZ,5.242851331957521,2.363535438188355,0.9210593426712562,0.07894065732874378,,,,,,,,,
7,4,50,ORACLE_plane,YZ,5.242851331957521,2.363535438188355,0.9960720994642056,0.003927900535794393,,,,,,,,,
7,4,50,RL_adaptive,YZ,5.242851331957521,2.363535438188355,0.8614806473421137,0.13851935265788629,14.0,0.0,0.0,0.0,5.0,1.0,0.0,18.0,12.0
7,4,100,Z_only,YZ,5.242851331957521,2.363535438188355,0.792476926642277,0.20752307335772302,,,,,,,,,
7,4,100,ZX_split,YZ,5.242851331957521,2.363535438188355,0.7904771398555738,0.20952286014442623,,,,,,,,,
7,4,100,XYZ_split,YZ,5.242851331957521,2.363535438188355,0.9694383382414173,0.03056166175858266,,,,,,,,,
7,4,100,ORACLE_plane,YZ,5.242851331957521,2.363535438188355,0.9990048051433186,0.000995194856681425,,,,,,,,,
7,4,100,RL_adaptive,YZ,5.242851331957521,2.363535438188355,0.984440753840571,0.015559246159429052,15.0,1.0,4.0,39.0,16.0,3.0,3.0,4.0,15.0
7,4,250,Z_only,YZ,5.242851331957521,2.363535438188355,0.792476926642277,0.20752307335772302,,,,,,,,,
7,4,250,ZX_split,YZ,5.242851331957521,2.363535438188355,0.7870833158131789,0.21291668418682108,,,,,,,,,
7,4,250,XYZ_split,YZ,5.242851331957521,2.363535438188355,0.9963014322175916,0.0036985677824084018,,,,,,,,,
7,4,250,ORACLE_plane,YZ,5.242851331957521,2.363535438188355,0.9991582918600618,0.0008417081399382242,,,,,,,,,
7,4,250,RL_adaptive,YZ,5.242851331957521,2.363535438188355,0.9554353349056302,0.04456466509436985,20.0,12.0,127.0,12.0,18.0,7.0,13.0,0.0,41.0
7,4,500,Z_only,YZ,5.242851331957521,2.363535438188355,0.792476926642277,0.20752307335772302,,,,,,,,,
7,4,500,ZX_split,YZ,5.242851331957521,2.363535438188355,0.7896874335004982,0.2103125664995018,,,,,,,,,
7,4,500,XYZ_split,YZ,5.242851331957521,2.363535438188355,0.9971923305960004,0.0028076694039995687,,,,,,,,,
7,4,500,ORACLE_plane,YZ,5.242851331957521,2.363535438188355,0.999467230838236,0.0005327691617640351,,,,,,,,,
7,4,500,RL_adaptive,YZ,5.242851331957521,2.363535438188355,0.991232851180125,0.008767148819874948,78.0,96.0,143.0,9.0,24.0,45.0,10.0,0.0,95.0
8,0,10,Z_only,XZ,2.5139912072138797,0.6223218745840554,0.6281059378328948,0.3718940621671052,,,,,,,,,
8,0,10,ZX_split,XZ,2.5139912072138797,0.6223218745840554,0.9537200250691323,0.04627997493086766,,,,,,,,,
8,0,10,XYZ_split,XZ,2.5139912072138797,0.6223218745840554,0.7006672094883332,0.29933279051166684,,,,,,,,,
8,0,10,ORACLE_plane,XZ,2.5139912072138797,0.6223218745840554,0.9921223042591177,0.007877695740882262,,,,,,,,,
8,0,10,RL_adaptive,XZ,2.5139912072138797,0.6223218745840554,0.883801339724583,0.11619866027541703,5.0,0.0,0.0,0.0,2.0,0.0,0.0,1.0,2.0
8,0,25,Z_only,XZ,2.5139912072138797,0.6223218745840554,0.6281059378328948,0.3718940621671052,,,,,,,,,
8,0,25,ZX_split,XZ,2.5139912072138797,0.6223218745840554,0.9973290002689964,0.0026709997310035982,,,,,,,,,
8,0,25,XYZ_split,XZ,2.5139912072138797,0.6223218745840554,0.9424482051729388,0.05755179482706119,,,,,,,,,
8,0,25,ORACLE_plane,XZ,2.5139912072138797,0.6223218745840554,0.9889313744101854,0.011068625589814585,,,,,,,,,
8,0,25,RL_adaptive,XZ,2.5139912072138797,0.6223218745840554,0.9888844014049568,0.011115598595043186,9.0,2.0,0.0,5.0,2.0,0.0,0.0,3.0,4.0
8,0,50,Z_only,XZ,2.5139912072138797,0.6223218745840554,0.6281059378328948,0.3718940621671052,,,,,,,,,
8,0,50,ZX_split,XZ,2.5139912072138797,0.6223218745840554,0.9915678648627467,0.008432135137253272,,,,,,,,,
8,0,50,XYZ_split,XZ,2.5139912072138797,0.6223218745840554,0.9187924003069726,0.08120759969302738,,,,,,,,,
8,0,50,ORACLE_plane,XZ,2.5139912072138797,0.6223218745840554,0.9576310364167898,0.042368963583210184,,,,,,,,,
8,0,50,RL_adaptive,XZ,2.5139912072138797,0.6223218745840554,0.8890231043957123,0.1109768956042877,13.0,0.0,0.0,0.0,6.0,3.0,0.0,17.0,11.0
8,0,100,Z_only,XZ,2.5139912072138797,0.6223218745840554,0.6281059378328948,0.3718940621671052,,,,,,,,,
8,0,100,ZX_split,XZ,2.5139912072138797,0.6223218745840554,0.9978093274415685,0.002190672558431528,,,,,,,,,
8,0,100,XYZ_split,XZ,2.5139912072138797,0.6223218745840554,0.9620196311590071,0.03798036884099287,,,,,,,,,
8,0,100,ORACLE_plane,XZ,2.5139912072138797,0.6223218745840554,0.997038556332121,0.0029614436678789824,,,,,,,,,
8,0,100,RL_adaptive,XZ,2.5139912072138797,0.6223218745840554,0.9783803569861258,0.0216196430138742,6.0,5.0,5.0,46.0,9.0,7.0,16.0,2.0,4.0
8,0,250,Z_only,XZ,2.5139912072138797,0.6223218745840554,0.6281059378328948,0.3718940621671052,,,,,,,,,
8,0,250,ZX_split,XZ,2.5139912072138797,0.6223218745840554,0.9980262179534077,0.001973782046592265,,,,,,,,,
8,0,250,XYZ_split,XZ,2.5139912072138797,0.6223218745840554,0.9881493568202406,0.011850643179759368,,,,,,,,,
8,0,250,ORACLE_plane,XZ,2.5139912072138797,0.6223218745840554,0.9989564266558099,0.0010435733441901407,,,,,,,,,
8,0,250,RL_adaptive,XZ,2.5139912072138797,0.6223218745840554,0.978089093064955,0.02191090693504505,28.0,0.0,146.0,5.0,37.0,0.0,1.0,3.0,30.0
8,0,500,Z_only,XZ,2.5139912072138797,0.6223218745840554,0.6281059378328948,0.3718940621671052,,,,,,,,,
8,0,500,ZX_split,XZ,2.5139912072138797,0.6223218745840554,0.9999149186586461,8.508134135387646e-05,,,,,,,,,
8,0,500,XYZ_split,XZ,2.5139912072138797,0.6223218745840554,0.9883469880975669,0.011653011902433064,,,,,,,,,
8,0,500,ORACLE_plane,XZ,2.5139912072138797,0.6223218745840554,0.995795711316924,0.004204288683075985,,,,,,,,,
8,0,500,RL_adaptive,XZ,2.5139912072138797,0.6223218745840554,0.9981062488074687,0.0018937511925313233,85.0,92.0,127.0,5.0,25.0,52.0,35.0,0.0,79.0
8,1,10,Z_only,XZ,2.5139912072138797,0.6223218745840554,0.6281059378328948,0.3718940621671052,,,,,,,,,
8,1,10,ZX_split,XZ,2.5139912072138797,0.6223218745840554,0.9481084370457916,0.05189156295420838,,,,,,,,,
8,1,10,XYZ_split,XZ,2.5139912072138797,0.6223218745840554,0.7644899565833783,0.23551004341662174,,,,,,,,,
8,1,10,ORACLE_plane,XZ,2.5139912072138797,0.6223218745840554,0.9529901777146147,0.047009822285385305,,,,,,,,,
8,1,10,RL_adaptive,XZ,2.5139912072138797,0.6223218745840554,0.7169420887436522,0.2830579112563478,5.0,1.0,0.0,0.0,2.0,0.0,0.0,0.0,2.0
8,1,25,Z_only,XZ,2.5139912072138797,0.6223218745840554,0.6281059378328948,0.3718940621671052,,,,,,,,,
8,1,25,ZX_split,XZ,2.5139912072138797,0.6223218745840554,0.9987377014853924,0.0012622985146075738,,,,,,,,,
8,1,25,XYZ_split,XZ,2.5139912072138797,0.6223218745840554,0.9819792465911023,0.01802075340889775,,,,,,,,,
8,1,25,ORACLE_plane,XZ,2.5139912072138797,0.6223218745840554,0.9820960024373261,0.017903997562673912,,,,,,,,,
8,1,25,RL_adaptive,XZ,2.5139912072138797,0.6223218745840554,0.9719024290232725,0.028097570976727493,5.0,2.0,0.0,6.0,2.0,1.0,1.0,5.0,3.0
8,1,50,Z_only,XZ,2.5139912072138797,0.6223218745840554,0.6281059378328948,0.3718940621671052,,,,,,,,,
8,1,50,ZX_split,XZ,2.5139912072138797,0.6223218745840554,0.9939085504195231,0.006091449580476915,,,,,,,,,
8,1,50,XYZ_split,XZ,2.5139912072138797,0.6223218745840554,0.9319981636322365,0.06800183636776347,,,,,,,,,
8,1,50,ORACLE_plane,XZ,2.5139912072138797,0.6223218745840554,0.9994932922843432,0.0005067077156567512,,,,,,,,,
8,1,50,RL_adaptive,XZ,2.5139912072138797,0.6223218745840554,0.9591209432565495,0.04087905674345049,12.0,1.0,0.0,0.0,7.0,2.0,0.0,19.0,9.0
8,1,100,Z_only,XZ,2.5139912072138797,0.6223218745840554,0.6281059378328948,0.3718940621671052,,,,,,,,,
8,1,100,ZX_split,XZ,2.5139912072138797,0.6223218745840554,0.995101608989231,0.004898391010769054,,,,,,,,,
8,1,100,XYZ_split,XZ,2.5139912072138797,0.6223218745840554,0.9285457673052044,0.07145423269479556,,,,,,,,,
8,1,100,ORACLE_plane,XZ,2.5139912072138797,0.6223218745840554,0.9984524441010203,0.0015475558989797022,,,,,,,,,
8,1,100,RL_adaptive,XZ,2.5139912072138797,0.6223218745840554,0.9947898876130415,0.005210112386958454,7.0,5.0,4.0,47.0,8.0,9.0,15.0,0.0,5.0
8,1,250,Z_only,XZ,2.5139912072138797,0.6223218745840554,0.6281059378328948,0.3718940621671052,,,,,,,,,
8,1,250,ZX_split,XZ,2.5139912072138797,0.6223218745840554,0.9975128521835422,0.0024871478164577576,,,,,,,,,
8,1,250,XYZ_split,XZ,2.5139912072138797,0.6223218745840554,0.9954846720555298,0.004515327944470182,,,,,,,,,
8,1,250,ORACLE_plane,XZ,2.5139912072138797,0.6223218745840554,0.9936494259479857,0.006350574052014335,,,,,,,,,
8,1,250,RL_adaptive,XZ,2.5139912072138797,0.6223218745840554,0.9867156710966649,0.013284328903335085,30.0,0.0,146.0,1.0,39.0,0.0,0.0,1.0,33.0
8,1,500,Z_only,XZ,2.5139912072138797,0.6223218745840554,0.6281059378328948,0.3718940621671052,,,,,,,,,
8,1,500,ZX_split,XZ,2.5139912072138797,0.6223218745840554,0.9948243199291902,0.005175680070809818,,,,,,,,,
8,1,500,XYZ_split,XZ,2.5139912072138797,0.6223218745840554,0.9966285745196535,0.003371425480346524,,,,,,,,,
8,1,500,ORACLE_plane,XZ,2.5139912072138797,0.6223218745840554,0.998854867840791,0.0011451321592089725,,,,,,,,,
8,1,500,RL_adaptive,XZ,2.5139912072138797,0.6223218745840554,0.9961385583174447,0.003861441682555311,85.0,93.0,127.0,6.0,21.0,53.0,33.0,3.0,79.0
8,2,10,Z_only,XZ,2.5139912072138797,0.6223218745840554,0.6281059378328948,0.3718940621671052,,,,,,,,,
8,2,10,ZX_split,XZ,2.5139912072138797,0.6223218745840554,0.9366953538446919,0.06330464615530806,,,,,,,,,
8,2,10,XYZ_split,XZ,2.5139912072138797,0.6223218745840554,0.5534076425173968,0.4465923574826032,,,,,,,,,
8,2,10,ORACLE_plane,XZ,2.5139912072138797,0.6223218745840554,0.9751583747419286,0.02484162525807143,,,,,,,,,
8,2,10,RL_adaptive,XZ,2.5139912072138797,0.6223218745840554,0.7783345191481478,0.22166548085185223,4.0,0.0,0.0,1.0,2.0,0.0,0.0,0.0,3.0
8,2,25,Z_only,XZ,2.5139912072138797,0.6223218745840554,0.6281059378328948,0.3718940621671052,,,,,,,,,
8,2,25,ZX_split,XZ,2.5139912072138797,0.6223218745840554,0.9926114860183315,0.00738851398166851,,,,,,,,,
8,2,25,XYZ_split,XZ,2.5139912072138797,0.6223218745840554,0.981248798607908,0.018751201392091965,,,,,,,,,
8,2,25,ORACLE_plane,XZ,2.5139912072138797,0.6223218745840554,0.9932299383138674,0.006770061686132589,,,,,,,,,
8,2,25,RL_adaptive,XZ,2.5139912072138797,0.6223218745840554,0.9315137757105008,0.06848622428949924,9.0,0.0,1.0,4.0,2.0,0.0,0.0,5.0,4.0
8,2,50,Z_only,XZ,2.5139912072138797,0.6223218745840554,0.6281059378328948,0.3718940621671052,,,,,,,,,
8,2,50,ZX_split,XZ,2.5139912072138797,0.6223218745840554,0.9917863262351042,0.00821367376489579,,,,,,,,,
8,2,50,XYZ_split,XZ,2.5139912072138797,0.6223218745840554,0.9797989617558072,0.020201038244192837,,,,,,,,,
8,2,50,ORACLE_plane,XZ,2.5139912072138797,0.6223218745840554,0.9931777551832692,0.006822244816730771,,,,,,,,,
8,2,50,RL_adaptive,XZ,2.5139912072138797,0.6223218745840554,0.9110577265248768,0.08894227347512318,10.0,2.0,0.0,0.0,7.0,3.0,0.0,19.0,9.0
8,2,100,Z_only,XZ,2.5139912072138797,0.6223218745840554,0.6281059378328948,0.3718940621671052,,,,,,,,,
8,2,100,ZX_split,XZ,2.5139912072138797,0.6223218745840554,0.9956933323316649,0.004306667668335096,,,,,,,,,
8,2,100,XYZ_split,XZ,2.5139912072138797,0.6223218745840554,0.9657782196241863,0.03422178037581369,,,,,,,,,
8,2,100,ORACLE_plane,XZ,2.5139912072138797,0.6223218745840554,0.9924463242694763,0.007553675730523679,,,,,,,,,
8,2,100,RL_adaptive,XZ,2.5139912072138797,0.6223218745840554,0.9525678768989447,0.04743212310105527,8.0,5.0,5.0,43.0,9.0,7.0,14.0,3.0,6.0
8,2,250,Z_only,XZ,2.5139912072138797,0.6223218745840554,0.6281059378328948,0.3718940621671052,,,,,,,,,
8,2,250,ZX_split,XZ,2.5139912072138797,0.6223218745840554,0.9978017141144803,0.002198285885519735,,,,,,,,,
8,2,250,XYZ_split,XZ,2.5139912072138797,0.6223218745840554,0.9930729293111966,0.006927070688803383,,,,,,,,,
8,2,250,ORACLE_plane,XZ,2.5139912072138797,0.6223218745840554,0.9999011738651553,9.882613484468727e-05,,,,,,,,,
8,2,250,RL_adaptive,XZ,2.5139912072138797,0.6223218745840554,0.9900158211472705,0.009984178852729508,33.0,0.0,142.0,0.0,40.0,0.0,0.0,0.0,35.0
8,2,500,Z_only,XZ,2.5139912072138797,0.6223218745840554,0.6281059378328948,0.3718940621671052,,,,,,,,,
8,2,500,ZX_split,XZ,2.5139912072138797,0.6223218745840554,0.998608698513825,0.001391301486174945,,,,,,,,,
8,2,500,XYZ_split,XZ,2.5139912072138797,0.6223218745840554,0.9937897376922563,0.006210262307743686,,,,,,,,,
8,2,500,ORACLE_plane,XZ,2.5139912072138797,0.6223218745840554,0.9994358124550182,0.0005641875449817757,,,,,,,,,
8,2,500,RL_adaptive,XZ,2.5139912072138797,0.6223218745840554,0.9943101368566689,0.0056898631433310864,97.0,78.0,128.0,0.0,36.0,42.0,27.0,0.0,92.0
8,3,10,Z_only,XZ,2.5139912072138797,0.6223218745840554,0.6281059378328948,0.3718940621671052,,,,,,,,,
8,3,10,ZX_split,XZ,2.5139912072138797,0.6223218745840554,0.9528402501572442,0.04715974984275584,,,,,,,,,
8,3,10,XYZ_split,XZ,2.5139912072138797,0.6223218745840554,0.9068000364121643,0.09319996358783567,,,,,,,,,
8,3,10,ORACLE_plane,XZ,2.5139912072138797,0.6223218745840554,0.9495987325420298,0.050401267457970245,,,,,,,,,
8,3,10,RL_adaptive,XZ,2.5139912072138797,0.6223218745840554,0.711045077687752,0.28895492231224795,4.0,0.0,0.0,0.0,3.0,0.0,0.0,1.0,2.0
8,3,25,Z_only,XZ,2.5139912072138797,0.6223218745840554,0.6281059378328948,0.3718940621671052,,,,,,,,,
8,3,25,ZX_split,XZ,2.5139912072138797,0.6223218745840554,0.9925861285704924,0.007413871429507557,,,,,,,,,
8,3,25,XYZ_split,XZ,2.5139912072138797,0.6223218745840554,0.9236596153197819,0.07634038468021809,,,,,,,,,
8,3,25,ORACLE_plane,XZ,2.5139912072138797,0.6223218745840554,0.9798477654161964,0.020152234583803552,,,,,,,,,
8,3,25,RL_adaptive,XZ,2.5139912072138797,0.6223218745840554,0.8165230574749366,0.1834769425250634,8.0,0.0,0.0,5.0,2.0,0.0,0.0,7.0,3.0
8,3,50,Z_only,XZ,2.5139912072138797,0.6223218745840554,0.6281059378328948,0.3718940621671052,,,,,,,,,
8,3,50,ZX_split,XZ,2.5139912072138797,0.6223218745840554,0.9832866817474676,0.016713318252532416,,,,,,,,,
8,3,50,XYZ_split,XZ,2.5139912072138797,0.6223218745840554,0.9857017938368161,0.01429820616318389,,,,,,,,,
8,3,50,ORACLE_plane,XZ,2.5139912072138797,0.6223218745840554,0.9677196118321347,0.03228038816786527,,,,,,,,,
8,3,50,RL_adaptive,XZ,2.5139912072138797,0.6223218745840554,0.9921038413763986,0.00789615862360138,14.0,0.0,0.0,0.0,7.0,3.0,0.0,16.0,10.0
8,3,100,Z_only,XZ,2.5139912072138797,0.6223218745840554,0.6281059378328948,0.3718940621671052,,,,,,,,,
8,3,100,ZX_split,XZ,2.5139912072138797,0.6223218745840554,0.9972742070447884,0.002725792955211581,,,,,,,,,
8,3,100,XYZ_split,XZ,2.5139912072138797,0.6223218745840554,0.989129639773171,0.010870360226828968,,,,,,,,,
8,3,100,ORACLE_plane,XZ,2.5139912072138797,0.6223218745840554,0.9895398259268058,0.010460174073194217,,,,,,,,,
8,3,100,RL_adaptive,XZ,2.5139912072138797,0.6223218745840554,0.9767621666582869,0.023237833341713143,8.0,6.0,4.0,44.0,9.0,8.0,14.0,1.0,6.0
8,3,250,Z_only,XZ,2.5139912072138797,0.6223218745840554,0.6281059378328948,0.3718940621671052,,,,,,,,,
8,3,250,ZX_split,XZ,2.5139912072138797,0.6223218745840554,0.9970923321266627,0.002907667873337294,,,,,,,,,
8,3,250,XYZ_split,XZ,2.5139912072138797,0.6223218745840554,0.9960911542764576,0.003908845723542442,,,,,,,,,
8,3,250,ORACLE_plane,XZ,2.5139912072138797,0.6223218745840554,0.99703106915658,0.0029689308434199813,,,,,,,,,
8,3,250,RL_adaptive,XZ,2.5139912072138797,0.6223218745840554,0.9872380748061711,0.012761925193828905,28.0,2.0,143.0,5.0,36.0,0.0,0.0,4.0,32.0
8,3,500,Z_only,XZ,2.5139912072138797,0.6223218745840554,0.6281059378328948,0.3718940621671052,,,,,,,,,
8,3,500,ZX_split,XZ,2.5139912072138797,0.6223218745840554,0.9990238944570959,0.0009761055429040599,,,,,,,,,
8,3,500,XYZ_split,XZ,2.5139912072138797,0.6223218745840554,0.998689809828132,0.0013101901718679532,,,,,,,,,
8,3,500,ORACLE_plane,XZ,2.5139912072138797,0.6223218745840554,0.9999909709577313,9.029042268737797e-06,,,,,,,,,
8,3,500,RL_adaptive,XZ,2.5139912072138797,0.6223218745840554,0.9977368014075213,0.002263198592478699,92.0,95.0,113.0,7.0,16.0,55.0,32.0,1.0,89.0
8,4,10,Z_only,XZ,2.5139912072138797,0.6223218745840554,0.6281059378328948,0.3718940621671052,,,,,,,,,
8,4,10,ZX_split,XZ,2.5139912072138797,0.6223218745840554,0.8308473552616022,0.16915264473839775,,,,,,,,,
8,4,10,XYZ_split,XZ,2.5139912072138797,0.6223218745840554,0.9368413909685908,0.06315860903140924,,,,,,,,,
8,4,10,ORACLE_plane,XZ,2.5139912072138797,0.6223218745840554,0.9964281506112599,0.0035718493887401115,,,,,,,,,
8,4,10,RL_adaptive,XZ,2.5139912072138797,0.6223218745840554,0.7799696450667701,0.22003035493322987,4.0,0.0,0.0,0.0,2.0,0.0,0.0,2.0,2.0
8,4,25,Z_only,XZ,2.5139912072138797,0.6223218745840554,0.6281059378328948,0.3718940621671052,,,,,,,,,
8,4,25,ZX_split,XZ,2.5139912072138797,0.6223218745840554,0.9540115992520037,0.04598840074799626,,,,,,,,,
8,4,25,XYZ_split,XZ,2.5139912072138797,0.6223218745840554,0.9772431018409746,0.022756898159025374,,,,,,,,,
8,4,25,ORACLE_plane,XZ,2.5139912072138797,0.6223218745840554,0.9643768213210844,0.035623178678915624,,,,,,,,,
8,4,25,RL_adaptive,XZ,2.5139912072138797,0.6223218745840554,0.9722659831889378,0.027734016811062245,11.0,0.0,0.0,2.0,4.0,0.0,0.0,2.0,6.0
8,4,50,Z_only,XZ,2.5139912072138797,0.6223218745840554,0.6281059378328948,0.3718940621671052,,,,,,,,,
8,4,50,ZX_split,XZ,2.5139912072138797,0.6223218745840554,0.9968592695418561,0.003140730458143892,,,,,,,,,
8,4,50,XYZ_split,XZ,2.5139912072138797,0.6223218745840554,0.97241399221721,0.027586007782789967,,,,,,,,,
8,4,50,ORACLE_plane,XZ,2.5139912072138797,0.6223218745840554,0.9962330284021983,0.003766971597801705,,,,,,,,,
8,4,50,RL_adaptive,XZ,2.5139912072138797,0.6223218745840554,0.970222760105544,0.02977723989445602,14.0,0.0,1.0,0.0,8.0,0.0,0.0,17.0,10.0
8,4,100,Z_only,XZ,2.5139912072138797,0.6223218745840554,0.6281059378328948,0.3718940621671052,,,,,,,,,
8,4,100,ZX_split,XZ,2.5139912072138797,0.6223218745840554,0.9913400727271429,0.008659927272857137,,,,,,,,,
8,4,100,XYZ_split,XZ,2.5139912072138797,0.6223218745840554,0.9920799026354087,0.007920097364591316,,,,,,,,,
8,4,100,ORACLE_plane,XZ,2.5139912072138797,0.6223218745840554,0.9737422829773321,0.02625771702266788,,,,,,,,,
8,4,100,RL_adaptive,XZ,2.5139912072138797,0.6223218745840554,0.9886910131904167,0.011308986809583255,9.0,2.0,6.0,44.0,12.0,4.0,15.0,1.0,7.0
8,4,250,Z_only,XZ,2.5139912072138797,0.6223218745840554,0.6281059378328948,0.3718940621671052,,,,,,,,,
8,4,250,ZX_split,XZ,2.5139912072138797,0.6223218745840554,0.9987284387105942,0.0012715612894057537,,,,,,,,,
8,4,250,XYZ_split,XZ,2.5139912072138797,0.6223218745840554,0.9887253357459848,0.011274664254015243,,,,,,,,,
8,4,250,ORACLE_plane,XZ,2.5139912072138797,0.6223218745840554,0.99633981162566,0.003660188374340012,,,,,,,,,
8,4,250,RL_adaptive,XZ,2.5139912072138797,0.6223218745840554,0.9840005839242298,0.015999416075770156,28.0,3.0,144.0,3.0,38.0,0.0,2.0,0.0,32.0
8,4,500,Z_only,XZ,2.5139912072138797,0.6223218745840554,0.6281059378328948,0.3718940621671052,,,,,,,,,
8,4,500,ZX_split,XZ,2.5139912072138797,0.6223218745840554,0.9992450830934925,0.0007549169065075301,,,,,,,,,
8,4,500,XYZ_split,XZ,2.5139912072138797,0.6223218745840554,0.9973553158240406,0.002644684175959422,,,,,,,,,
8,4,500,ORACLE_plane,XZ,2.5139912072138797,0.6223218745840554,0.9982161151821188,0.001783884817881165,,,,,,,,,
8,4,500,RL_adaptive,XZ,2.5139912072138797,0.6223218745840554,0.994805915233993,0.005194084766007023,90.0,95.0,115.0,5.0,19.0,55.0,36.0,1.0,84.0
9,0,10,Z_only,XY,0.5765887268848022,5.782665357574839,0.2500000000000001,0.7499999999999999,,,,,,,,,
9,0,10,ZX_split,XY,0.5765887268848022,5.782665357574839,0.8346395611876334,0.16536043881236662,,,,,,,,,
9,0,10,XYZ_split,XY,0.5765887268848022,5.782665357574839,0.6000379668743335,0.39996203312566647,,,,,,,,,
9,0,10,ORACLE_plane,XY,0.5765887268848022,5.782665357574839,0.9640979954666223,0.03590200453337766,,,,,,,,,
9,0,10,RL_adaptive,XY,0.5765887268848022,5.782665357574839,0.9343119417768255,0.06568805822317447,4.0,0.0,0.0,0.0,2.0,0.0,0.0,2.0,2.0
9,0,25,Z_only,XY,0.5765887268848022,5.782665357574839,0.2500000000000001,0.7499999999999999,,,,,,,,,
9,0,25,ZX_split,XY,0.5765887268848022,5.782665357574839,0.8599246376356543,0.1400753623643457,,,,,,,,,
9,0,25,XYZ_split,XY,0.5765887268848022,5.782665357574839,0.917223803789361,0.08277619621063903,,,,,,,,,
9,0,25,ORACLE_plane,XY,0.5765887268848022,5.782665357574839,0.9992006876903448,0.0007993123096552424,,,,,,,,,
9,0,25,RL_adaptive,XY,0.5765887268848022,5.782665357574839,0.9307383800951621,0.06926161990483792,7.0,0.0,0.0,2.0,2.0,1.0,0.0,11.0,2.0
9,0,50,Z_only,XY,0.5765887268848022,5.782665357574839,0.2500000000000001,0.7499999999999999,,,,,,,,,
9,0,50,ZX_split,XY,0.5765887268848022,5.782665357574839,0.8589578175968354,0.14104218240316457,,,,,,,,,
9,0,50,XYZ_split,XY,0.5765887268848022,5.782665357574839,0.9757770730060665,0.02422292699393347,,,,,,,,,
9,0,50,ORACLE_plane,XY,0.5765887268848022,5.782665357574839,0.9951710119342447,0.004828988065755269,,,,,,,,,
9,0,50,RL_adaptive,XY,0.5765887268848022,5.782665357574839,0.9884127209257373,0.011587279074262713,13.0,0.0,0.0,0.0,7.0,0.0,0.0,16.0,14.0
9,0,100,Z_only,XY,0.5765887268848022,5.782665357574839,0.24999999999999994,0.75,,,,,,,,,
9,0,100,ZX_split,XY,0.5765887268848022,5.782665357574839,0.8543129453530854,0.14568705464691456,,,,,,,,,
9,0,100,XYZ_split,XY,0.5765887268848022,5.782665357574839,0.9801265613453772,0.019873438654622766,,,,,,,,,
9,0,100,ORACLE_plane,XY,0.5765887268848022,5.782665357574839,0.995374050250936,0.004625949749064051,,,,,,,,,
9,0,100,RL_adaptive,XY,0.5765887268848022,5.782665357574839,0.9771830765283337,0.022816923471666306,12.0,0.0,9.0,39.0,15.0,2.0,8.0,0.0,15.0
9,0,250,Z_only,XY,0.5765887268848022,5.782665357574839,0.24999999999999994,0.75,,,,,,,,,
9,0,250,ZX_split,XY,0.5765887268848022,5.782665357574839,0.86191718177682,0.13808281822318003,,,,,,,,,
9,0,250,XYZ_split,XY,0.5765887268848022,5.782665357574839,0.9946671486369679,0.005332851363032076,,,,,,,,,
9,0,250,ORACLE_plane,XY,0.5765887268848022,5.782665357574839,0.9984767077680414,0.0015232922319585729,,,,,,,,,
9,0,250,RL_adaptive,XY,0.5765887268848022,5.782665357574839,0.994134178387543,0.005865821612456967,12.0,15.0,145.0,11.0,22.0,4.0,8.0,3.0,30.0
9,0,500,Z_only,XY,0.5765887268848022,5.782665357574839,0.2500000000000001,0.7499999999999999,,,,,,,,,
9,0,500,ZX_split,XY,0.5765887268848022,5.782665357574839,0.861515358868237,0.13848464113176295,,,,,,,,,
9,0,500,XYZ_split,XY,0.5765887268848022,5.782665357574839,0.9966273082510355,0.0033726917489644848,,,,,,,,,
9,0,500,ORACLE_plane,XY,0.5765887268848022,5.782665357574839,0.9994916220167203,0.0005083779832797397,,,,,,,,,
9,0,500,RL_adaptive,XY,0.5765887268848022,5.782665357574839,0.9973752380911498,0.0026247619088501928,86.0,83.0,144.0,0.0,51.0,33.0,12.0,1.0,90.0
9,1,10,Z_only,XY,0.5765887268848022,5.782665357574839,0.2500000000000001,0.7499999999999999,,,,,,,,,
9,1,10,ZX_split,XY,0.5765887268848022,5.782665357574839,0.7407637429193457,0.25923625708065434,,,,,,,,,
9,1,10,XYZ_split,XY,0.5765887268848022,5.782665357574839,0.9082807161882408,0.0917192838117592,,,,,,,,,
9,1,10,ORACLE_plane,XY,0.5765887268848022,5.782665357574839,0.8400049041112235,0.15999509588877647,,,,,,,,,
9,1,10,RL_adaptive,XY,0.5765887268848022,5.782665357574839,0.8076032451323122,0.1923967548676878,2.0,0.0,2.0,0.0,2.0,0.0,0.0,2.0,2.0
9,1,25,Z_only,XY,0.5765887268848022,5.782665357574839,0.2500000000000001,0.7499999999999999,,,,,,,,,
9,1,25,ZX_split,XY,0.5765887268848022,5.782665357574839,0.8499002904528067,0.15009970954719332,,,,,,,,,
9,1,25,XYZ_split,XY,0.5765887268848022,5.782665357574839,0.9255627148724623,0.07443728512753767,,,,,,,,,
9,1,25,ORACLE_plane,XY,0.5765887268848022,5.782665357574839,0.9751830750297334,0.024816924970266552,,,,,,,,,
9,1,25,RL_adaptive,XY,0.5765887268848022,5.782665357574839,0.9416713500744729,0.05832864992552711,8.0,0.0,0.0,3.0,2.0,0.0,0.0,9.0,3.0
9,1,50,Z_only,XY,0.5765887268848022,5.782665357574839,0.2500000000000001,0.7499999999999999,,,,,,,,,
9,1,50,ZX_split,XY,0.5765887268848022,5.782665357574839,0.823028061174663,0.17697193882533702,,,,,,,,,
9,1,50,XYZ_split,XY,0.5765887268848022,5.782665357574839,0.8872629668485513,0.11273703315144867,,,,,,,,,
9,1,50,ORACLE_plane,XY,0.5765887268848022,5.782665357574839,0.9987838137344768,0.0012161862655232225,,,,,,,,,
9,1,50,RL_adaptive,XY,0.5765887268848022,5.782665357574839,0.9600761137781729,0.039923886221827076,12.0,0.0,0.0,0.0,8.0,0.0,0.0,17.0,13.0
9,1,100,Z_only,XY,0.5765887268848022,5.782665357574839,0.2500000000000001,0.7499999999999999,,,,,,,,,
9,1,100,ZX_split,XY,0.5765887268848022,5.782665357574839,0.8566274782433352,0.14337252175666482,,,,,,,,,
9,1,100,XYZ_split,XY,0.5765887268848022,5.782665357574839,0.9947989520512684,0.005201047948731552,,,,,,,,,
9,1,100,ORACLE_plane,XY,0.5765887268848022,5.782665357574839,0.9940333869747763,0.0059666130252237215,,,,,,,,,
9,1,100,RL_adaptive,XY,0.5765887268848022,5.782665357574839,0.9916590537779085,0.008340946222091472,16.0,0.0,8.0,32.0,17.0,0.0,5.0,0.0,22.0
9,1,250,Z_only,XY,0.5765887268848022,5.782665357574839,0.24999999999999994,0.75,,,,,,,,,
9,1,250,ZX_split,XY,0.5765887268848022,5.782665357574839,0.8622361762897048,0.13776382371029516,,,,,,,,,
9,1,250,XYZ_split,XY,0.5765887268848022,5.782665357574839,0.9833219467762382,0.016678053223761813,,,,,,,,,
9,1,250,ORACLE_plane,XY,0.5765887268848022,5.782665357574839,0.9943823285717437,0.00561767142825631,,,,,,,,,
9,1,250,RL_adaptive,XY,0.5765887268848022,5.782665357574839,0.9964204401819536,0.003579559818046363,8.0,18.0,145.0,16.0,17.0,5.0,8.0,5.0,28.0
9,1,500,Z_only,XY,0.5765887268848022,5.782665357574839,0.2500000000000001,0.7499999999999999,,,,,,,,,
9,1,500,ZX_split,XY,0.5765887268848022,5.782665357574839,0.8621786912957913,0.13782130870420872,,,,,,,,,
9,1,500,XYZ_split,XY,0.5765887268848022,5.782665357574839,0.9975793861141918,0.002420613885808165,,,,,,,,,
9,1,500,ORACLE_plane,XY,0.5765887268848022,5.782665357574839,0.9988901167644076,0.0011098832355923571,,,,,,,,,
9,1,500,RL_adaptive,XY,0.5765887268848022,5.782665357574839,0.9949682782361956,0.005031721763804398,71.0,97.0,139.0,4.0,34.0,50.0,26.0,5.0,74.0
9,2,10,Z_only,XY,0.5765887268848022,5.782665357574839,0.2500000000000001,0.7499999999999999,,,,,,,,,
9,2,10,ZX_split,XY,0.5765887268848022,5.782665357574839,0.7981966353334098,0.2018033646665902,,,,,,,,,
9,2,10,XYZ_split,XY,0.5765887268848022,5.782665357574839,0.8831916892206171,0.11680831077938292,,,,,,,,,
9,2,10,ORACLE_plane,XY,0.5765887268848022,5.782665357574839,0.981257377176352,0.018742622823648025,,,,,,,,,
9,2,10,RL_adaptive,XY,0.5765887268848022,5.782665357574839,0.6243125053144832,0.37568749468551677,3.0,0.0,0.0,0.0,2.0,0.0,0.0,3.0,2.0
9,2,25,Z_only,XY,0.5765887268848022,5.782665357574839,0.24999999999999994,0.75,,,,,,,,,
9,2,25,ZX_split,XY,0.5765887268848022,5.782665357574839,0.8499002904528067,0.15009970954719332,,,,,,,,,
9,2,25,XYZ_split,XY,0.5765887268848022,5.782665357574839,0.96418909133516,0.03581090866484005,,,,,,,,,
9,2,25,ORACLE_plane,XY,0.5765887268848022,5.782665357574839,0.998055409729914,0.0019445902700859774,,,,,,,,,
9,2,25,RL_adaptive,XY,0.5765887268848022,5.782665357574839,0.9680755382789805,0.03192446172101948,6.0,0.0,2.0,3.0,3.0,1.0,0.0,7.0,3.0
9,2,50,Z_only,XY,0.5765887268848022,5.782665357574839,0.2500000000000001,0.7499999999999999,,,,,,,,,
9,2,50,ZX_split,XY,0.5765887268848022,5.782665357574839,0.8620364156272502,0.1379635843727498,,,,,,,,,
9,2,50,XYZ_split,XY,0.5765887268848022,5.782665357574839,0.9416058271701283,0.05839417282987169,,,,,,,,,
9,2,50,ORACLE_plane,XY,0.5765887268848022,5.782665357574839,0.9795275158115869,0.020472484188413076,,,,,,,,,
9,2,50,RL_adaptive,XY,0.5765887268848022,5.782665357574839,0.953647194812671,0.04635280518732898,13.0,0.0,0.0,0.0,6.0,2.0,0.0,16.0,13.0
9,2,100,Z_only,XY,0.5765887268848022,5.782665357574839,0.24999999999999994,0.75,,,,,,,,,
9,2,100,ZX_split,XY,0.5765887268848022,5.782665357574839,0.8531866450035521,0.14681335499644788,,,,,,,,,
9,2,100,XYZ_split,XY,0.5765887268848022,5.782665357574839,0.9614563191127321,0.038543680887267895,,,,,,,,,
9,2,100,ORACLE_plane,XY,0.5765887268848022,5.782665357574839,0.9975143537608516,0.002485646239148376,,,,,,,,,
9,2,100,RL_adaptive,XY,0.5765887268848022,5.782665357574839,0.9777118489683888,0.022288151031611192,15.0,1.0,6.0,37.0,15.0,3.0,5.0,0.0,18.0
9,2,250,Z_only,XY,0.5765887268848022,5.782665357574839,0.2500000000000001,0.7499999999999999,,,,,,,,,
9,2,250,ZX_split,XY,0.5765887268848022,5.782665357574839,0.8616590130208547,0.13834098697914532,,,,,,,,,
9,2,250,XYZ_split,XY,0.5765887268848022,5.782665357574839,0.9749775306979054,0.02502246930209462,,,,,,,,,
9,2,250,ORACLE_plane,XY,0.5765887268848022,5.782665357574839,0.9985833728987885,0.0014166271012114873,,,,,,,,,
9,2,250,RL_adaptive,XY,0.5765887268848022,5.782665357574839,0.9511895526279213,0.048810447372078736,23.0,7.0,137.0,2.0,35.0,0.0,1.0,0.0,45.0
9,2,500,Z_only,XY,0.5765887268848022,5.782665357574839,0.24999999999999994,0.75,,,,,,,,,
9,2,500,ZX_split,XY,0.5765887268848022,5.782665357574839,0.8526768225166551,0.1473231774833449,,,,,,,,,
9,2,500,XYZ_split,XY,0.5765887268848022,5.782665357574839,0.9949839495844474,0.005016050415552642,,,,,,,,,
9,2,500,ORACLE_plane,XY,0.5765887268848022,5.782665357574839,0.9985517293203956,0.001448270679604402,,,,,,,,,
9,2,500,RL_adaptive,XY,0.5765887268848022,5.782665357574839,0.9982471778157898,0.0017528221842102454,70.0,103.0,133.0,2.0,30.0,56.0,30.0,4.0,72.0
9,3,10,Z_only,XY,0.5765887268848022,5.782665357574839,0.2500000000000001,0.7499999999999999,,,,,,,,,
9,3,10,ZX_split,XY,0.5765887268848022,5.782665357574839,0.7981966353334098,0.2018033646665902,,,,,,,,,
9,3,10,XYZ_split,XY,0.5765887268848022,5.782665357574839,0.8238228644666533,0.17617713553334668,,,,,,,,,
9,3,10,ORACLE_plane,XY,0.5765887268848022,5.782665357574839,0.9887455843446004,0.011254415655399641,,,,,,,,,
9,3,10,RL_adaptive,XY,0.5765887268848022,5.782665357574839,0.8668702034856737,0.13312979651432633,5.0,0.0,0.0,0.0,2.0,0.0,0.0,1.0,2.0
9,3,25,Z_only,XY,0.5765887268848022,5.782665357574839,0.2500000000000001,0.7499999999999999,,,,,,,,,
9,3,25,ZX_split,XY,0.5765887268848022,5.782665357574839,0.8347898711195149,0.16521012888048514,,,,,,,,,
9,3,25,XYZ_split,XY,0.5765887268848022,5.782665357574839,0.9149696400917867,0.08503035990821328,,,,,,,,,
9,3,25,ORACLE_plane,XY,0.5765887268848022,5.782665357574839,0.980393564523638,0.019606435476361983,,,,,,,,,
9,3,25,RL_adaptive,XY,0.5765887268848022,5.782665357574839,0.9649034303912992,0.03509656960870078,7.0,0.0,0.0,4.0,2.0,0.0,0.0,8.0,4.0
9,3,50,Z_only,XY,0.5765887268848022,5.782665357574839,0.24999999999999994,0.75,,,,,,,,,
9,3,50,ZX_split,XY,0.5765887268848022,5.782665357574839,0.8447012503798149,0.15529874962018508,,,,,,,,,
9,3,50,XYZ_split,XY,0.5765887268848022,5.782665357574839,0.903499959363508,0.09650004063649198,,,,,,,,,
9,3,50,ORACLE_plane,XY,0.5765887268848022,5.782665357574839,0.9986069064867851,0.001393093513214927,,,,,,,,,
9,3,50,RL_adaptive,XY,0.5765887268848022,5.782665357574839,0.9664916660804067,0.03350833391959329,11.0,1.0,0.0,0.0,7.0,0.0,0.0,18.0,13.0
9,3,100,Z_only,XY,0.5765887268848022,5.782665357574839,0.2500000000000001,0.7499999999999999,,,,,,,,,
9,3,100,ZX_split,XY,0.5765887268848022,5.782665357574839,0.8527715733660968,0.14722842663390323,,,,,,,,,
9,3,100,XYZ_split,XY,0.5765887268848022,5.782665357574839,0.9827295048971647,0.017270495102835293,,,,,,,,,
9,3,100,ORACLE_plane,XY,0.5765887268848022,5.782665357574839,0.9572231612000566,0.04277683879994343,,,,,,,,,
9,3,100,RL_adaptive,XY,0.5765887268848022,5.782665357574839,0.9772531120024984,0.022746887997501575,11.0,2.0,7.0,40.0,13.0,5.0,9.0,0.0,13.0
9,3,250,Z_only,XY,0.5765887268848022,5.782665357574839,0.24999999999999994,0.75,,,,,,,,,
9,3,250,ZX_split,XY,0.5765887268848022,5.782665357574839,0.8559039011440805,0.14409609885591945,,,,,,,,,
9,3,250,XYZ_split,XY,0.5765887268848022,5.782665357574839,0.9896186174879865,0.010381382512013482,,,,,,,,,
9,3,250,ORACLE_plane,XY,0.5765887268848022,5.782665357574839,0.9996809992335913,0.0003190007664086725,,,,,,,,,
9,3,250,RL_adaptive,XY,0.5765887268848022,5.782665357574839,0.9960670439362425,0.003932956063757542,19.0,10.0,141.0,6.0,32.0,0.0,3.0,0.0,39.0
9,3,500,Z_only,XY,0.5765887268848022,5.782665357574839,0.2500000000000001,0.7499999999999999,,,,,,,,,
9,3,500,ZX_split,XY,0.5765887268848022,5.782665357574839,0.8625153505444922,0.13748464945550776,,,,,,,,,
9,3,500,XYZ_split,XY,0.5765887268848022,5.782665357574839,0.996174845527047,0.003825154472952952,,,,,,,,,
9,3,500,ORACLE_plane,XY,0.5765887268848022,5.782665357574839,0.9996474507680085,0.0003525492319914614,,,,,,,,,
9,3,500,RL_adaptive,XY,0.5765887268848022,5.782665357574839,0.9956461581775257,0.004353841822474336,77.0,99.0,135.0,1.0,38.0,46.0,22.0,2.0,80.0
9,4,10,Z_only,XY,0.5765887268848022,5.782665357574839,0.2500000000000001,0.7499999999999999,,,,,,,,,
9,4,10,ZX_split,XY,0.5765887268848022,5.782665357574839,0.7981966353334098,0.2018033646665902,,,,,,,,,
9,4,10,XYZ_split,XY,0.5765887268848022,5.782665357574839,0.5241421358709565,0.4758578641290435,,,,,,,,,
9,4,10,ORACLE_plane,XY,0.5765887268848022,5.782665357574839,0.991707219422776,0.008292780577224046,,,,,,,,,
9,4,10,RL_adaptive,XY,0.5765887268848022,5.782665357574839,0.8290556984550781,0.1709443015449219,4.0,0.0,1.0,0.0,2.0,0.0,0.0,0.0,3.0
9,4,25,Z_only,XY,0.5765887268848022,5.782665357574839,0.24999999999999994,0.75,,,,,,,,,
9,4,25,ZX_split,XY,0.5765887268848022,5.782665357574839,0.8240828349830338,0.1759171650169662,,,,,,,,,
9,4,25,XYZ_split,XY,0.5765887268848022,5.782665357574839,0.7899368236578213,0.21006317634217875,,,,,,,,,
9,4,25,ORACLE_plane,XY,0.5765887268848022,5.782665357574839,0.9601647464492402,0.039835253550759786,,,,,,,,,
9,4,25,RL_adaptive,XY,0.5765887268848022,5.782665357574839,0.9631139534760045,0.03688604652399552,7.0,0.0,0.0,4.0,2.0,0.0,0.0,9.0,3.0
9,4,50,Z_only,XY,0.5765887268848022,5.782665357574839,0.24999999999999994,0.75,,,,,,,,,
9,4,50,ZX_split,XY,0.5765887268848022,5.782665357574839,0.829663662419248,0.17033633758075195,,,,,,,,,
9,4,50,XYZ_split,XY,0.5765887268848022,5.782665357574839,0.985099660626519,0.014900339373481009,,,,,,,,,
9,4,50,ORACLE_plane,XY,0.5765887268848022,5.782665357574839,0.9903314736874504,0.009668526312549552,,,,,,,,,
9,4,50,RL_adaptive,XY,0.5765887268848022,5.782665357574839,0.9278190257328258,0.07218097426717418,11.0,1.0,0.0,0.0,6.0,1.0,0.0,19.0,12.0
9,4,100,Z_only,XY,0.5765887268848022,5.782665357574839,0.2500000000000001,0.7499999999999999,,,,,,,,,
9,4,100,ZX_split,XY,0.5765887268848022,5.782665357574839,0.8562844189848632,0.14371558101513682,,,,,,,,,
9,4,100,XYZ_split,XY,0.5765887268848022,5.782665357574839,0.9782849323466642,0.02171506765333575,,,,,,,,,
9,4,100,ORACLE_plane,XY,0.5765887268848022,5.782665357574839,0.9970891543274641,0.0029108456725358556,,,,,,,,,
9,4,100,RL_adaptive,XY,0.5765887268848022,5.782665357574839,0.9665437552746714,0.0334562447253286,12.0,1.0,10.0,35.0,15.0,2.0,9.0,0.0,16.0
9,4,250,Z_only,XY,0.5765887268848022,5.782665357574839,0.24999999999999994,0.75,,,,,,,,,
9,4,250,ZX_split,XY,0.5765887268848022,5.782665357574839,0.8609905791838197,0.13900942081618028,,,,,,,,,
9,4,250,XYZ_split,XY,0.5765887268848022,5.782665357574839,0.9905078439689508,0.009492156031049248,,,,,,,,,
9,4,250,ORACLE_plane,XY,0.5765887268848022,5.782665357574839,0.9964555743243864,0.0035444256756136383,,,,,,,,,
9,4,250,RL_adaptive,XY,0.5765887268848022,5.782665357574839,0.9549133992892056,0.0450866007107944,21.0,6.0,146.0,5.0,31.0,0.0,2.0,0.0,39.0
9,4,500,Z_only,XY,0.5765887268848022,5.782665357574839,0.24999999999999994,0.75,,,,,,,,,
9,4,500,ZX_split,XY,0.5765887268848022,5.782665357574839,0.8609721010526511,0.1390278989473489,,,,,,,,,
9,4,500,XYZ_split,XY,0.5765887268848022,5.782665357574839,0.9979676133731187,0.0020323866268813218,,,,,,,,,
9,4,500,ORACLE_plane,XY,0.5765887268848022,5.782665357574839,0.9994476121576609,0.0005523878423391304,,,,,,,,,
9,4,500,RL_adaptive,XY,0.5765887268848022,5.782665357574839,0.9971636145887546,0.0028363854112454234,70.0,101.0,140.0,0.0,34.0,51.0,27.0,3.0,74.0
10,0,10,Z_only,XY,1.0885520653714535,5.479392872212688,0.25,0.75,,,,,,,,,
10,0,10,ZX_split,XY,1.0885520653714535,5.479392872212688,0.49489403063029486,0.5051059693697051,,,,,,,,,
10,0,10,XYZ_split,XY,1.0885520653714535,5.479392872212688,0.6566541368318172,0.34334586316818283,,,,,,,,,
10,0,10,ORACLE_plane,XY,1.0885520653714535,5.479392872212688,0.9771171923767937,0.02288280762320627,,,,,,,,,
10,0,10,RL_adaptive,XY,1.0885520653714535,5.479392872212688,0.5721419319882978,0.42785806801170223,2.0,0.0,3.0,0.0,2.0,0.0,0.0,1.0,2.0
10,0,25,Z_only,XY,1.0885520653714535,5.479392872212688,0.25,0.75,,,,,,,,,
10,0,25,ZX_split,XY,1.0885520653714535,5.479392872212688,0.5791292820047399,0.4208707179952601,,,,,,,,,
10,0,25,XYZ_split,XY,1.0885520653714535,5.479392872212688,0.9481449164826367,0.05185508351736334,,,,,,,,,
10,0,25,ORACLE_plane,XY,1.0885520653714535,5.479392872212688,0.9614921250169861,0.03850787498301389,,,,,,,,,
10,0,25,RL_adaptive,XY,1.0885520653714535,5.479392872212688,0.9294568989998813,0.07054310100011874,4.0,1.0,1.0,6.0,2.0,0.0,0.0,7.0,4.0
10,0,50,Z_only,XY,1.0885520653714535,5.479392872212688,0.2500000000000001,0.7499999999999999,,,,,,,,,
10,0,50,ZX_split,XY,1.0885520653714535,5.479392872212688,0.6116346245858003,0.3883653754141997,,,,,,,,,
10,0,50,XYZ_split,XY,1.0885520653714535,5.479392872212688,0.982842225880229,0.01715777411977104,,,,,,,,,
10,0,50,ORACLE_plane,XY,1.0885520653714535,5.479392872212688,0.9831824273353487,0.016817572664651337,,,,,,,,,
10,0,50,RL_adaptive,XY,1.0885520653714535,5.479392872212688,0.9967267926832724,0.0032732073167276443,13.0,0.0,0.0,1.0,5.0,2.0,0.0,16.0,13.0
10,0,100,Z_only,XY,1.0885520653714535,5.479392872212688,0.25,0.75,,,,,,,,,
10,0,100,ZX_split,XY,1.0885520653714535,5.479392872212688,0.6043696316934576,0.3956303683065424,,,,,,,,,
10,0,100,XYZ_split,XY,1.0885520653714535,5.479392872212688,0.9435247341286304,0.05647526587136964,,,,,,,,,
10,0,100,ORACLE_plane,XY,1.0885520653714535,5.479392872212688,0.9977975737244398,0.002202426275560221,,,,,,,,,
10,0,100,RL_adaptive,XY,1.0885520653714535,5.479392872212688,0.9589610202230432,0.04103897977695681,12.0,1.0,5.0,46.0,10.0,5.0,7.0,1.0,13.0
10,0,250,Z_only,XY,1.0885520653714535,5.479392872212688,0.2500000000000001,0.7499999999999999,,,,,,,,,
10,0,250,ZX_split,XY,1.0885520653714535,5.479392872212688,0.59838477140826,0.40161522859174004,,,,,,,,,
10,0,250,XYZ_split,XY,1.0885520653714535,5.479392872212688,0.9920318979648002,0.00796810203519982,,,,,,,,,
10,0,250,ORACLE_plane,XY,1.0885520653714535,5.479392872212688,0.9999147352346477,8.526476535231087e-05,,,,,,,,,
10,0,250,RL_adaptive,XY,1.0885520653714535,5.479392872212688,0.9918520540301693,0.008147945969830706,19.0,13.0,137.0,7.0,30.0,1.0,5.0,0.0,38.0
10,0,500,Z_only,XY,1.0885520653714535,5.479392872212688,0.25,0.75,,,,,,,,,
10,0,500,ZX_split,XY,1.0885520653714535,5.479392872212688,0.616936605925438,0.383063394074562,,,,,,,,,
10,0,500,XYZ_split,XY,1.0885520653714535,5.479392872212688,0.9964410128583852,0.0035589871416148444,,,,,,,,,
10,0,500,ORACLE_plane,XY,1.0885520653714535,5.479392872212688,0.9998783780103938,0.00012162198960619097,,,,,,,,,
10,0,500,RL_adaptive,XY,1.0885520653714535,5.479392872212688,0.9965650294015173,0.003434970598482745,74.0,114.0,122.0,0.0,25.0,57.0,27.0,1.0,80.0
10,1,10,Z_only,XY,1.0885520653714535,5.479392872212688,0.25,0.75,,,,,,,,,
10,1,10,ZX_split,XY,1.0885520653714535,5.479392872212688,0.4389949289323671,0.5610050710676329,,,,,,,,,
10,1,10,XYZ_split,XY,1.0885520653714535,5.479392872212688,0.7234289406485425,0.27657105935145754,,,,,,,,,
10,1,10,ORACLE_plane,XY,1.0885520653714535,5.479392872212688,0.9603516367325916,0.03964836326740839,,,,,,,,,
10,1,10,RL_adaptive,XY,1.0885520653714535,5.479392872212688,0.8874726034225681,0.11252739657743194,3.0,0.0,1.0,0.0,2.0,0.0,0.0,2.0,2.0
10,1,25,Z_only,XY,1.0885520653714535,5.479392872212688,0.2500000000000001,0.7499999999999999,,,,,,,,,
10,1,25,ZX_split,XY,1.0885520653714535,5.479392872212688,0.568829900507774,0.43117009949222596,,,,,,,,,
10,1,25,XYZ_split,XY,1.0885520653714535,5.479392872212688,0.9426166676190942,0.05738333238090576,,,,,,,,,
10,1,25,ORACLE_plane,XY,1.0885520653714535,5.479392872212688,0.9031169076790214,0.09688309232097858,,,,,,,,,
10,1,25,RL_adaptive,XY,1.0885520653714535,5.479392872212688,0.8911764676422169,0.10882353235778308,8.0,0.0,1.0,4.0,3.0,0.0,0.0,4.0,5.0
10,1,50,Z_only,XY,1.0885520653714535,5.479392872212688,0.2500000000000001,0.7499999999999999,,,,,,,,,
10,1,50,ZX_split,XY,1.0885520653714535,5.479392872212688,0.5898353027697619,0.4101646972302381,,,,,,,,,
10,1,50,XYZ_split,XY,1.0885520653714535,5.479392872212688,0.9782719723101531,0.02172802768984694,,,,,,,,,
10,1,50,ORACLE_plane,XY,1.0885520653714535,5.479392872212688,0.988523334848738,0.011476665151262,,,,,,,,,
10,1,50,RL_adaptive,XY,1.0885520653714535,5.479392872212688,0.9339100743887765,0.06608992561122351,15.0,0.0,0.0,0.0,7.0,0.0,0.0,13.0,15.0
10,1,100,Z_only,XY,1.0885520653714535,5.479392872212688,0.25,0.75,,,,,,,,,
10,1,100,ZX_split,XY,1.0885520653714535,5.479392872212688,0.6148694723612637,0.38513052763873634,,,,,,,,,
10,1,100,XYZ_split,XY,1.0885520653714535,5.479392872212688,0.9920233347533631,0.007976665246636871,,,,,,,,,
10,1,100,ORACLE_plane,XY,1.0885520653714535,5.479392872212688,0.9793490756388245,0.02065092436117555,,,,,,,,,
10,1,100,RL_adaptive,XY,1.0885520653714535,5.479392872212688,0.9705107745107648,0.02948922548923516,15.0,0.0,5.0,39.0,15.0,3.0,5.0,0.0,18.0
10,1,250,Z_only,XY,1.0885520653714535,5.479392872212688,0.2500000000000001,0.7499999999999999,,,,,,,,,
10,1,250,ZX_split,XY,1.0885520653714535,5.479392872212688,0.6164549869261373,0.3835450130738627,,,,,,,,,
10,1,250,XYZ_split,XY,1.0885520653714535,5.479392872212688,0.9805587998810751,0.019441200118924917,,,,,,,,,
10,1,250,ORACLE_plane,XY,1.0885520653714535,5.479392872212688,0.9991639841877635,0.000836015812236468,,,,,,,,,
10,1,250,RL_adaptive,XY,1.0885520653714535,5.479392872212688,0.9844997815944283,0.015500218405571697,17.0,15.0,134.0,11.0,26.0,4.0,7.0,0.0,36.0
10,1,500,Z_only,XY,1.0885520653714535,5.479392872212688,0.2500000000000001,0.7499999999999999,,,,,,,,,
10,1,500,ZX_split,XY,1.0885520653714535,5.479392872212688,0.6189760057875098,0.3810239942124902,,,,,,,,,
10,1,500,XYZ_split,XY,1.0885520653714535,5.479392872212688,0.9989091362780294,0.0010908637219706474,,,,,,,,,
10,1,500,ORACLE_plane,XY,1.0885520653714535,5.479392872212688,0.999417957825036,0.0005820421749640481,,,,,,,,,
10,1,500,RL_adaptive,XY,1.0885520653714535,5.479392872212688,0.9992929463294443,0.0007070536705556796,64.0,120.0,124.0,2.0,18.0,64.0,35.0,3.0,70.0
10,2,10,Z_only,XY,1.0885520653714535,5.479392872212688,0.25,0.75,,,,,,,,,
10,2,10,ZX_split,XY,1.0885520653714535,5.479392872212688,0.5295415387718163,0.4704584612281837,,,,,,,,,
10,2,10,XYZ_split,XY,1.0885520653714535,5.479392872212688,0.8357482917371066,0.16425170826289337,,,,,,,,,
10,2,10,ORACLE_plane,XY,1.0885520653714535,5.479392872212688,0.9819274159328516,0.0180725840671484,,,,,,,,,
10,2,10,RL_adaptive,XY,1.0885520653714535,5.479392872212688,0.868044751987221,0.13195524801277903,3.0,0.0,2.0,0.0,2.0,0.0,0.0,1.0,2.0
10,2,25,Z_only,XY,1.0885520653714535,5.479392872212688,0.25,0.75,,,,,,,,,
10,2,25,ZX_split,XY,1.0885520653714535,5.479392872212688,0.34532674262917273,0.6546732573708273,,,,,,,,,
10,2,25,XYZ_split,XY,1.0885520653714535,5.479392872212688,0.9934902118716489,0.006509788128351124,,,,,,,,,
10,2,25,ORACLE_plane,XY,1.0885520653714535,5.479392872212688,0.9992099639282663,0.0007900360717336685,,,,,,,,,
10,2,25,RL_adaptive,XY,1.0885520653714535,5.479392872212688,0.9419476449929597,0.05805235500704031,4.0,0.0,2.0,4.0,2.0,0.0,0.0,10.0,3.0
10,2,50,Z_only,XY,1.0885520653714535,5.479392872212688,0.25,0.75,,,,,,,,,
10,2,50,ZX_split,XY,1.0885520653714535,5.479392872212688,0.5618635074659699,0.4381364925340301,,,,,,,,,
10,2,50,XYZ_split,XY,1.0885520653714535,5.479392872212688,0.9720303667544008,0.0279696332455992,,,,,,,,,
10,2,50,ORACLE_plane,XY,1.0885520653714535,5.479392872212688,0.9999153969850962,8.460301490376132e-05,,,,,,,,,
10,2,50,RL_adaptive,XY,1.0885520653714535,5.479392872212688,0.8955042872591766,0.10449571274082337,16.0,0.0,0.0,0.0,6.0,2.0,0.0,13.0,13.0
10,2,100,Z_only,XY,1.0885520653714535,5.479392872212688,0.2500000000000001,0.7499999999999999,,,,,,,,,
10,2,100,ZX_split,XY,1.0885520653714535,5.479392872212688,0.6183825177549617,0.38161748224503833,,,,,,,,,
10,2,100,XYZ_split,XY,1.0885520653714535,5.479392872212688,0.9390239347614875,0.06097606523851251,,,,,,,,,
10,2,100,ORACLE_plane,XY,1.0885520653714535,5.479392872212688,0.9989906699093339,0.0010093300906660607,,,,,,,,,
10,2,100,RL_adaptive,XY,1.0885520653714535,5.479392872212688,0.9929588624984481,0.007041137501551886,14.0,1.0,5.0,40.0,14.0,4.0,5.0,0.0,17.0
10,2,250,Z_only,XY,1.0885520653714535,5.479392872212688,0.25,0.75,,,,,,,,,
10,2,250,ZX_split,XY,1.0885520653714535,5.479392872212688,0.6185304551359695,0.3814695448640305,,,,,,,,,
10,2,250,XYZ_split,XY,1.0885520653714535,5.479392872212688,0.9975977929356727,0.0024022070643272553,,,,,,,,,
10,2,250,ORACLE_plane,XY,1.0885520653714535,5.479392872212688,0.9995754150689621,0.00042458493103791906,,,,,,,,,
10,2,250,RL_adaptive,XY,1.0885520653714535,5.479392872212688,0.9761388446483571,0.023861155351642904,24.0,12.0,130.0,4.0,32.0,1.0,4.0,0.0,43.0
10,2,500,Z_only,XY,1.0885520653714535,5.479392872212688,0.2500000000000001,0.7499999999999999,,,,,,,,,
10,2,500,ZX_split,XY,1.0885520653714535,5.479392872212688,0.6044388351621298,0.3955611648378702,,,,,,,,,
10,2,500,XYZ_split,XY,1.0885520653714535,5.479392872212688,0.9924750830890422,0.007524916910957802,,,,,,,,,
10,2,500,ORACLE_plane,XY,1.0885520653714535,5.479392872212688,0.9998221135918847,0.0001778864081153353,,,,,,,,,
10,2,500,RL_adaptive,XY,1.0885520653714535,5.479392872212688,0.9989776345070356,0.0010223654929644166,73.0,115.0,121.0,2.0,22.0,58.0,29.0,1.0,79.0
10,3,10,Z_only,XY,1.0885520653714535,5.479392872212688,0.25,0.75,,,,,,,,,
10,3,10,ZX_split,XY,1.0885520653714535,5.479392872212688,0.27863326147979817,0.7213667385202018,,,,,,,,,
10,3,10,XYZ_split,XY,1.0885520653714535,5.479392872212688,0.9659372845669131,0.03406271543308692,,,,,,,,,
10,3,10,ORACLE_plane,XY,1.0885520653714535,5.479392872212688,0.9990696356164671,0.000930364383532889,,,,,,,,,
10,3,10,RL_adaptive,XY,1.0885520653714535,5.479392872212688,0.9226694953360292,0.07733050466397084,4.0,0.0,0.0,0.0,2.0,0.0,0.0,1.0,3.0
10,3,25,Z_only,XY,1.0885520653714535,5.479392872212688,0.2500000000000001,0.7499999999999999,,,,,,,,,
10,3,25,ZX_split,XY,1.0885520653714535,5.479392872212688,0.6159476168090449,0.38405238319095514,,,,,,,,,
10,3,25,XYZ_split,XY,1.0885520653714535,5.479392872212688,0.9566868036791559,0.04331319632084407,,,,,,,,,
10,3,25,ORACLE_plane,XY,1.0885520653714535,5.479392872212688,0.9884532892254934,0.011546710774506641,,,,,,,,,
10,3,25,RL_adaptive,XY,1.0885520653714535,5.479392872212688,0.9790053171261845,0.02099468287381545,3.0,1.0,0.0,7.0,2.0,0.0,0.0,9.0,3.0
10,3,50,Z_only,XY,1.0885520653714535,5.479392872212688,0.25,0.75,,,,,,,,,
10,3,50,ZX_split,XY,1.0885520653714535,5.479392872212688,0.6092670129471475,0.39073298705285253,,,,,,,,,
10,3,50,XYZ_split,XY,1.0885520653714535,5.479392872212688,0.9734603090480455,0.02653969095195452,,,,,,,,,
10,3,50,ORACLE_plane,XY,1.0885520653714535,5.479392872212688,0.9890113296649293,0.010988670335070672,,,,,,,,,
10,3,50,RL_adaptive,XY,1.0885520653714535,5.479392872212688,0.9576388611566531,0.04236113884334691,14.0,0.0,0.0,0.0,6.0,2.0,0.0,14.0,14.0
10,3,100,Z_only,XY,1.0885520653714535,5.479392872212688,0.25,0.75,,,,,,,,,
10,3,100,ZX_split,XY,1.0885520653714535,5.479392872212688,0.5869131720109041,0.4130868279890959,,,,,,,,,
10,3,100,XYZ_split,XY,1.0885520653714535,5.479392872212688,0.9761632644323818,0.023836735567618228,,,,,,,,,
10,3,100,ORACLE_plane,XY,1.0885520653714535,5.479392872212688,0.999880817502379,0.00011918249762099542,,,,,,,,,
10,3,100,RL_adaptive,XY,1.0885520653714535,5.479392872212688,0.9559936203831011,0.044006379616898905,15.0,0.0,5.0,40.0,14.0,4.0,4.0,0.0,18.0
10,3,250,Z_only,XY,1.0885520653714535,5.479392872212688,0.25,0.75,,,,,,,,,
10,3,250,ZX_split,XY,1.0885520653714535,5.479392872212688,0.6110235212602287,0.38897647873977126,,,,,,,,,
10,3,250,XYZ_split,XY,1.0885520653714535,5.479392872212688,0.98916815225513,0.010831847744870005,,,,,,,,,
10,3,250,ORACLE_plane,XY,1.0885520653714535,5.479392872212688,0.9992979843784733,0.0007020156215267193,,,,,,,,,
10,3,250,RL_adaptive,XY,1.0885520653714535,5.479392872212688,0.9953541487901962,0.004645851209803764,21.0,11.0,138.0,7.0,30.0,0.0,5.0,0.0,38.0
10,3,500,Z_only,XY,1.0885520653714535,5.479392872212688,0.2500000000000001,0.7499999999999999,,,,,,,,,
10,3,500,ZX_split,XY,1.0885520653714535,5.479392872212688,0.6185510840136345,0.38144891598636554,,,,,,,,,
10,3,500,XYZ_split,XY,1.0885520653714535,5.479392872212688,0.9970900497311072,0.002909950268892847,,,,,,,,,
10,3,500,ORACLE_plane,XY,1.0885520653714535,5.479392872212688,0.9995200055119915,0.0004799944880085061,,,,,,,,,
10,3,500,RL_adaptive,XY,1.0885520653714535,5.479392872212688,0.994690546395914,0.0053094536040859674,69.0,120.0,121.0,1.0,16.0,64.0,32.0,3.0,74.0
10,4,10,Z_only,XY,1.0885520653714535,5.479392872212688,0.25,0.75,,,,,,,,,
10,4,10,ZX_split,XY,1.0885520653714535,5.479392872212688,0.49489403063029486,0.5051059693697051,,,,,,,,,
10,4,10,XYZ_split,XY,1.0885520653714535,5.479392872212688,0.5887925657017082,0.41120743429829176,,,,,,,,,
10,4,10,ORACLE_plane,XY,1.0885520653714535,5.479392872212688,0.9603516367325916,0.03964836326740839,,,,,,,,,
10,4,10,RL_adaptive,XY,1.0885520653714535,5.479392872212688,0.8079453430191073,0.19205465698089275,2.0,0.0,1.0,0.0,2.0,0.0,0.0,0.0,5.0
10,4,25,Z_only,XY,1.0885520653714535,5.479392872212688,0.25,0.75,,,,,,,,,
10,4,25,ZX_split,XY,1.0885520653714535,5.479392872212688,0.5705638745395765,0.42943612546042353,,,,,,,,,
10,4,25,XYZ_split,XY,1.0885520653714535,5.479392872212688,0.9686928860736572,0.03130711392634278,,,,,,,,,
10,4,25,ORACLE_plane,XY,1.0885520653714535,5.479392872212688,0.9746108189852747,0.025389181014725315,,,,,,,,,
10,4,25,RL_adaptive,XY,1.0885520653714535,5.479392872212688,0.9661944121535679,0.03380558784643206,4.0,0.0,0.0,6.0,2.0,0.0,0.0,10.0,3.0
10,4,50,Z_only,XY,1.0885520653714535,5.479392872212688,0.2500000000000001,0.7499999999999999,,,,,,,,,
10,4,50,ZX_split,XY,1.0885520653714535,5.479392872212688,0.6111083532057593,0.3888916467942407,,,,,,,,,
10,4,50,XYZ_split,XY,1.0885520653714535,5.479392872212688,0.9556903233693409,0.0443096766306591,,,,,,,,,
10,4,50,ORACLE_plane,XY,1.0885520653714535,5.479392872212688,0.9846616165174514,0.015338383482548568,,,,,,,,,
10,4,50,RL_adaptive,XY,1.0885520653714535,5.479392872212688,0.9146367041606907,0.08536329583930935,14.0,0.0,0.0,0.0,6.0,0.0,0.0,15.0,15.0
10,4,100,Z_only,XY,1.0885520653714535,5.479392872212688,0.25,0.75,,,,,,,,,
10,4,100,ZX_split,XY,1.0885520653714535,5.479392872212688,0.61552609613719,0.38447390386281,,,,,,,,,
10,4,100,XYZ_split,XY,1.0885520653714535,5.479392872212688,0.9576029812572455,0.04239701874275448,,,,,,,,,
10,4,100,ORACLE_plane,XY,1.0885520653714535,5.479392872212688,0.9942088139845405,0.005791186015459471,,,,,,,,,
10,4,100,RL_adaptive,XY,1.0885520653714535,5.479392872212688,0.9831176119841236,0.01688238801587638,9.0,4.0,6.0,42.0,8.0,9.0,10.0,3.0,9.0
10,4,250,Z_only,XY,1.0885520653714535,5.479392872212688,0.25,0.75,,,,,,,,,
10,4,250,ZX_split,XY,1.0885520653714535,5.479392872212688,0.6172851964916245,0.3827148035083755,,,,,,,,,
10,4,250,XYZ_split,XY,1.0885520653714535,5.479392872212688,0.9975745360086321,0.0024254639913678933,,,,,,,,,
10,4,250,ORACLE_plane,XY,1.0885520653714535,5.479392872212688,0.9998149080863094,0.00018509191369064926,,,,,,,,,
10,4,250,RL_adaptive,XY,1.0885520653714535,5.479392872212688,0.9918494517884605,0.008150548211539488,18.0,13.0,135.0,9.0,30.0,2.0,4.0,0.0,39.0
10,4,500,Z_only,XY,1.0885520653714535,5.479392872212688,0.25,0.75,,,,,,,,,
10,4,500,ZX_split,XY,1.0885520653714535,5.479392872212688,0.6170603406333907,0.38293965936660934,,,,,,,,,
10,4,500,XYZ_split,XY,1.0885520653714535,5.479392872212688,0.9948885056708406,0.005111494329159361,,,,,,,,,
10,4,500,ORACLE_plane,XY,1.0885520653714535,5.479392872212688,0.9996116248881051,0.0003883751118949341,,,,,,,,,
10,4,500,RL_adaptive,XY,1.0885520653714535,5.479392872212688,0.9939824448400595,0.006017555159940513,71.0,114.0,128.0,3.0,20.0,58.0,26.0,4.0,76.0
11,0,10,Z_only,YZ,0.7553890699885276,4.074447791284449,0.7599079133487815,0.2400920866512185,,,,,,,,,
11,0,10,ZX_split,YZ,0.7553890699885276,4.074447791284449,0.7376105759789384,0.2623894240210616,,,,,,,,,
11,0,10,XYZ_split,YZ,0.7553890699885276,4.074447791284449,0.9659225408183356,0.03407745918166438,,,,,,,,,
11,0,10,ORACLE_plane,YZ,0.7553890699885276,4.074447791284449,0.9568933088736796,0.04310669112632037,,,,,,,,,
11,0,10,RL_adaptive,YZ,0.7553890699885276,4.074447791284449,0.8491925289693986,0.15080747103060144,2.0,0.0,1.0,0.0,2.0,0.0,0.0,1.0,4.0
11,0,25,Z_only,YZ,0.7553890699885276,4.074447791284449,0.7599079133487815,0.2400920866512185,,,,,,,,,
11,0,25,ZX_split,YZ,0.7553890699885276,4.074447791284449,0.6678398212140891,0.33216017878591086,,,,,,,,,
11,0,25,XYZ_split,YZ,0.7553890699885276,4.074447791284449,0.9510411271997258,0.04895887280027422,,,,,,,,,
11,0,25,ORACLE_plane,YZ,0.7553890699885276,4.074447791284449,0.9203741200303305,0.07962587996966952,,,,,,,,,
11,0,25,RL_adaptive,YZ,0.7553890699885276,4.074447791284449,0.9249414238982486,0.07505857610175137,5.0,2.0,0.0,6.0,2.0,0.0,0.0,5.0,5.0
11,0,50,Z_only,YZ,0.7553890699885276,4.074447791284449,0.7599079133487815,0.2400920866512185,,,,,,,,,
11,0,50,ZX_split,YZ,0.7553890699885276,4.074447791284449,0.7590322674033588,0.24096773259664117,,,,,,,,,
11,0,50,XYZ_split,YZ,0.7553890699885276,4.074447791284449,0.9402876950377825,0.059712304962217466,,,,,,,,,
11,0,50,ORACLE_plane,YZ,0.7553890699885276,4.074447791284449,0.9708623411181417,0.029137658881858264,,,,,,,,,
11,0,50,RL_adaptive,YZ,0.7553890699885276,4.074447791284449,0.8963216805169257,0.10367831948307427,10.0,0.0,0.0,0.0,10.0,2.0,0.0,19.0,9.0
11,0,100,Z_only,YZ,0.7553890699885276,4.074447791284449,0.7599079133487815,0.2400920866512185,,,,,,,,,
11,0,100,ZX_split,YZ,0.7553890699885276,4.074447791284449,0.7442115124166795,0.2557884875833205,,,,,,,,,
11,0,100,XYZ_split,YZ,0.7553890699885276,4.074447791284449,0.9924050649023939,0.007594935097606115,,,,,,,,,
11,0,100,ORACLE_plane,YZ,0.7553890699885276,4.074447791284449,0.9996394480041649,0.0003605519958350678,,,,,,,,,
11,0,100,RL_adaptive,YZ,0.7553890699885276,4.074447791284449,0.959306058338988,0.040693941661012034,11.0,0.0,9.0,42.0,15.0,2.0,9.0,1.0,11.0
11,0,250,Z_only,YZ,0.7553890699885276,4.074447791284449,0.7599079133487815,0.2400920866512185,,,,,,,,,
11,0,250,ZX_split,YZ,0.7553890699885276,4.074447791284449,0.7597609256296171,0.24023907437038294,,,,,,,,,
11,0,250,XYZ_split,YZ,0.7553890699885276,4.074447791284449,0.9975125424955135,0.0024874575044865344,,,,,,,,,
11,0,250,ORACLE_plane,YZ,0.7553890699885276,4.074447791284449,0.9993204996994172,0.000679500300582836,,,,,,,,,
11,0,250,RL_adaptive,YZ,0.7553890699885276,4.074447791284449,0.9866715466082588,0.013328453391741157,18.0,11.0,142.0,9.0,20.0,2.0,8.0,6.0,34.0
11,0,500,Z_only,YZ,0.7553890699885276,4.074447791284449,0.7599079133487815,0.2400920866512185,,,,,,,,,
11,0,500,ZX_split,YZ,0.7553890699885276,4.074447791284449,0.7593873616798978,0.24061263832010216,,,,,,,,,
11,0,500,XYZ_split,YZ,0.7553890699885276,4.074447791284449,0.9951835444254673,0.0048164555745326965,,,,,,,,,
11,0,500,ORACLE_plane,YZ,0.7553890699885276,4.074447791284449,0.9993820736244573,0.0006179263755426989,,,,,,,,,
11,0,500,RL_adaptive,YZ,0.7553890699885276,4.074447791284449,0.9945131642320728,0.0054868357679271895,90.0,87.0,143.0,0.0,20.0,51.0,17.0,11.0,81.0
11,1,10,Z_only,YZ,0.7553890699885276,4.074447791284449,0.7599079133487815,0.2400920866512185,,,,,,,,,
11,1,10,ZX_split,YZ,0.7553890699885276,4.074447791284449,0.7096695458662945,0.2903304541337055,,,,,,,,,
11,1,10,XYZ_split,YZ,0.7553890699885276,4.074447791284449,0.9660712638409293,0.03392873615907066,,,,,,,,,
11,1,10,ORACLE_plane,YZ,0.7553890699885276,4.074447791284449,0.8990402516496707,0.10095974835032928,,,,,,,,,
11,1,10,RL_adaptive,YZ,0.7553890699885276,4.074447791284449,0.7879145392964446,0.21208546070355538,3.0,0.0,2.0,0.0,2.0,0.0,0.0,1.0,2.0
11,1,25,Z_only,YZ,0.7553890699885276,4.074447791284449,0.7599079133487815,0.2400920866512185,,,,,,,,,
11,1,25,ZX_split,YZ,0.7553890699885276,4.074447791284449,0.7599079133487815,0.2400920866512185,,,,,,,,,
11,1,25,XYZ_split,YZ,0.7553890699885276,4.074447791284449,0.8684040737578627,0.13159592624213734,,,,,,,,,
11,1,25,ORACLE_plane,YZ,0.7553890699885276,4.074447791284449,0.9955259095989911,0.004474090401008879,,,,,,,,,
11,1,25,RL_adaptive,YZ,0.7553890699885276,4.074447791284449,0.8593472932275663,0.1406527067724337,7.0,1.0,0.0,2.0,2.0,3.0,0.0,8.0,2.0
11,1,50,Z_only,YZ,0.7553890699885276,4.074447791284449,0.7599079133487815,0.2400920866512185,,,,,,,,,
11,1,50,ZX_split,YZ,0.7553890699885276,4.074447791284449,0.720430470807177,0.27956952919282296,,,,,,,,,
11,1,50,XYZ_split,YZ,0.7553890699885276,4.074447791284449,0.9826269619968215,0.017373038003178465,,,,,,,,,
11,1,50,ORACLE_plane,YZ,0.7553890699885276,4.074447791284449,0.9981467942463463,0.001853205753653664,,,,,,,,,
11,1,50,RL_adaptive,YZ,0.7553890699885276,4.074447791284449,0.9883967103248177,0.011603289675182316,12.0,0.0,1.0,0.0,9.0,1.0,0.0,17.0,10.0
11,1,100,Z_only,YZ,0.7553890699885276,4.074447791284449,0.7599079133487815,0.2400920866512185,,,,,,,,,
11,1,100,ZX_split,YZ,0.7553890699885276,4.074447791284449,0.7427903797387433,0.2572096202612567,,,,,,,,,
11,1,100,XYZ_split,YZ,0.7553890699885276,4.074447791284449,0.9851241022987718,0.014875897701228213,,,,,,,,,
11,1,100,ORACLE_plane,YZ,0.7553890699885276,4.074447791284449,0.9852210962924285,0.014778903707571511,,,,,,,,,
11,1,100,RL_adaptive,YZ,0.7553890699885276,4.074447791284449,0.9872789215001854,0.012721078499814631,8.0,0.0,11.0,42.0,13.0,4.0,13.0,2.0,7.0
11,1,250,Z_only,YZ,0.7553890699885276,4.074447791284449,0.7599079133487815,0.2400920866512185,,,,,,,,,
11,1,250,ZX_split,YZ,0.7553890699885276,4.074447791284449,0.7505975973208252,0.2494024026791748,,,,,,,,,
11,1,250,XYZ_split,YZ,0.7553890699885276,4.074447791284449,0.9901917089534621,0.00980829104653791,,,,,,,,,
11,1,250,ORACLE_plane,YZ,0.7553890699885276,4.074447791284449,0.9997761143163328,0.00022388568366715766,,,,,,,,,
11,1,250,RL_adaptive,YZ,0.7553890699885276,4.074447791284449,0.9905970773953213,0.009402922604678676,16.0,12.0,136.0,13.0,16.0,4.0,12.0,11.0,30.0
11,1,500,Z_only,YZ,0.7553890699885276,4.074447791284449,0.7599079133487815,0.2400920866512185,,,,,,,,,
11,1,500,ZX_split,YZ,0.7553890699885276,4.074447791284449,0.757965349937685,0.24203465006231495,,,,,,,,,
11,1,500,XYZ_split,YZ,0.7553890699885276,4.074447791284449,0.9936855576562114,0.00631444234378864,,,,,,,,,
11,1,500,ORACLE_plane,YZ,0.7553890699885276,4.074447791284449,0.9995770477657028,0.00042295223429722473,,,,,,,,,
11,1,500,RL_adaptive,YZ,0.7553890699885276,4.074447791284449,0.9979141788962727,0.0020858211037273477,91.0,90.0,138.0,0.0,20.0,52.0,18.0,9.0,82.0
11,2,10,Z_only,YZ,0.7553890699885276,4.074447791284449,0.7599079133487815,0.2400920866512185,,,,,,,,,
11,2,10,ZX_split,YZ,0.7553890699885276,4.074447791284449,0.626887421367802,0.37311257863219804,,,,,,,,,
11,2,10,XYZ_split,YZ,0.7553890699885276,4.074447791284449,0.6848675471931641,0.3151324528068359,,,,,,,,,
11,2,10,ORACLE_plane,YZ,0.7553890699885276,4.074447791284449,0.9973996791113171,0.0026003208886828943,,,,,,,,,
11,2,10,RL_adaptive,YZ,0.7553890699885276,4.074447791284449,0.8553138937532021,0.1446861062467979,2.0,0.0,2.0,0.0,3.0,0.0,0.0,0.0,3.0
11,2,25,Z_only,YZ,0.7553890699885276,4.074447791284449,0.7599079133487815,0.2400920866512185,,,,,,,,,
11,2,25,ZX_split,YZ,0.7553890699885276,4.074447791284449,0.7363501158711993,0.26364988412880075,,,,,,,,,
11,2,25,XYZ_split,YZ,0.7553890699885276,4.074447791284449,0.8115535697109886,0.18844643028901142,,,,,,,,,
11,2,25,ORACLE_plane,YZ,0.7553890699885276,4.074447791284449,0.9236158350836782,0.07638416491632183,,,,,,,,,
11,2,25,RL_adaptive,YZ,0.7553890699885276,4.074447791284449,0.8679627099930869,0.1320372900069131,4.0,1.0,0.0,7.0,2.0,0.0,0.0,8.0,3.0
11,2,50,Z_only,YZ,0.7553890699885276,4.074447791284449,0.7599079133487815,0.2400920866512185,,,,,,,,,
11,2,50,ZX_split,YZ,0.7553890699885276,4.074447791284449,0.7337487382099682,0.2662512617900318,,,,,,,,,
11,2,50,XYZ_split,YZ,0.7553890699885276,4.074447791284449,0.9497709801455801,0.050229019854419854,,,,,,,,,
11,2,50,ORACLE_plane,YZ,0.7553890699885276,4.074447791284449,0.9973181685261587,0.0026818314738412674,,,,,,,,,
11,2,50,RL_adaptive,YZ,0.7553890699885276,4.074447791284449,0.9624840494085515,0.03751595059144852,11.0,0.0,0.0,0.0,9.0,3.0,2.0,17.0,8.0
11,2,100,Z_only,YZ,0.7553890699885276,4.074447791284449,0.7599079133487815,0.2400920866512185,,,,,,,,,
11,2,100,ZX_split,YZ,0.7553890699885276,4.074447791284449,0.7440975886745308,0.2559024113254692,,,,,,,,,
11,2,100,XYZ_split,YZ,0.7553890699885276,4.074447791284449,0.9845679493286368,0.015432050671363218,,,,,,,,,
11,2,100,ORACLE_plane,YZ,0.7553890699885276,4.074447791284449,0.9995294199561946,0.00047058004380540197,,,,,,,,,
11,2,100,RL_adaptive,YZ,0.7553890699885276,4.074447791284449,0.982875411086426,0.017124588913574046,8.0,0.0,9.0,41.0,16.0,2.0,14.0,0.0,10.0
11,2,250,Z_only,YZ,0.7553890699885276,4.074447791284449,0.7599079133487815,0.2400920866512185,,,,,,,,,
11,2,250,ZX_split,YZ,0.7553890699885276,4.074447791284449,0.7531440849012625,0.2468559150987375,,,,,,,,,
11,2,250,XYZ_split,YZ,0.7553890699885276,4.074447791284449,0.9661841073065195,0.03381589269348051,,,,,,,,,
11,2,250,ORACLE_plane,YZ,0.7553890699885276,4.074447791284449,0.9997814326067836,0.0002185673932163512,,,,,,,,,
11,2,250,RL_adaptive,YZ,0.7553890699885276,4.074447791284449,0.9883266114211424,0.01167338857885758,14.0,14.0,135.0,13.0,17.0,4.0,13.0,9.0,31.0
11,2,500,Z_only,YZ,0.7553890699885276,4.074447791284449,0.7599079133487815,0.2400920866512185,,,,,,,,,
11,2,500,ZX_split,YZ,0.7553890699885276,4.074447791284449,0.7554786021591566,0.24452139784084337,,,,,,,,,
11,2,500,XYZ_split,YZ,0.7553890699885276,4.074447791284449,0.9955359393441645,0.004464060655835489,,,,,,,,,
11,2,500,ORACLE_plane,YZ,0.7553890699885276,4.074447791284449,0.9983711097085006,0.0016288902914993741,,,,,,,,,
11,2,500,RL_adaptive,YZ,0.7553890699885276,4.074447791284449,0.9987048794768196,0.0012951205231803709,92.0,86.0,141.0,0.0,22.0,49.0,17.0,10.0,83.0
11,3,10,Z_only,YZ,0.7553890699885276,4.074447791284449,0.7599079133487815,0.2400920866512185,,,,,,,,,
11,3,10,ZX_split,YZ,0.7553890699885276,4.074447791284449,0.7473840374345168,0.25261596256548324,,,,,,,,,
11,3,10,XYZ_split,YZ,0.7553890699885276,4.074447791284449,0.8792657301990771,0.12073426980092294,,,,,,,,,
11,3,10,ORACLE_plane,YZ,0.7553890699885276,4.074447791284449,0.9012528499994256,0.09874715000057444,,,,,,,,,
11,3,10,RL_adaptive,YZ,0.7553890699885276,4.074447791284449,0.5873256212083142,0.4126743787916858,2.0,0.0,3.0,0.0,2.0,0.0,0.0,0.0,3.0
11,3,25,Z_only,YZ,0.7553890699885276,4.074447791284449,0.7599079133487815,0.2400920866512185,,,,,,,,,
11,3,25,ZX_split,YZ,0.7553890699885276,4.074447791284449,0.7553020535360534,0.2446979464639466,,,,,,,,,
11,3,25,XYZ_split,YZ,0.7553890699885276,4.074447791284449,0.9889612771871933,0.011038722812806712,,,,,,,,,
11,3,25,ORACLE_plane,YZ,0.7553890699885276,4.074447791284449,0.9759267011562629,0.0240732988437371,,,,,,,,,
11,3,25,RL_adaptive,YZ,0.7553890699885276,4.074447791284449,0.879569473726873,0.120430526273127,4.0,2.0,1.0,6.0,3.0,0.0,0.0,4.0,5.0
11,3,50,Z_only,YZ,0.7553890699885276,4.074447791284449,0.7599079133487815,0.2400920866512185,,,,,,,,,
11,3,50,ZX_split,YZ,0.7553890699885276,4.074447791284449,0.738201835828839,0.261798164171161,,,,,,,,,
11,3,50,XYZ_split,YZ,0.7553890699885276,4.074447791284449,0.9673975956130474,0.03260240438695261,,,,,,,,,
11,3,50,ORACLE_plane,YZ,0.7553890699885276,4.074447791284449,0.9715663236875045,0.028433676312495493,,,,,,,,,
11,3,50,RL_adaptive,YZ,0.7553890699885276,4.074447791284449,0.9706161357691143,0.02938386423088568,12.0,0.0,0.0,0.0,9.0,1.0,1.0,17.0,10.0
11,3,100,Z_only,YZ,0.7553890699885276,4.074447791284449,0.7599079133487815,0.2400920866512185,,,,,,,,,
11,3,100,ZX_split,YZ,0.7553890699885276,4.074447791284449,0.7445511853418056,0.25544881465819436,,,,,,,,,
11,3,100,XYZ_split,YZ,0.7553890699885276,4.074447791284449,0.9230482867345505,0.07695171326544947,,,,,,,,,
11,3,100,ORACLE_plane,YZ,0.7553890699885276,4.074447791284449,0.9955177131270339,0.004482286872966146,,,,,,,,,
11,3,100,RL_adaptive,YZ,0.7553890699885276,4.074447791284449,0.9717519445056176,0.028248055494382363,7.0,1.0,10.0,41.0,13.0,4.0,15.0,0.0,9.0
11,3,250,Z_only,YZ,0.7553890699885276,4.074447791284449,0.7599079133487815,0.2400920866512185,,,,,,,,,
11,3,250,ZX_split,YZ,0.7553890699885276,4.074447791284449,0.7552822183881679,0.2447177816118321,,,,,,,,,
11,3,250,XYZ_split,YZ,0.7553890699885276,4.074447791284449,0.9922518560681923,0.007748143931807672,,,,,,,,,
11,3,250,ORACLE_plane,YZ,0.7553890699885276,4.074447791284449,0.9988166203674455,0.0011833796325545487,,,,,,,,,
11,3,250,RL_adaptive,YZ,0.7553890699885276,4.074447791284449,0.9536828192449877,0.046317180755012344,15.0,12.0,145.0,12.0,20.0,1.0,8.0,5.0,32.0
11,3,500,Z_only,YZ,0.7553890699885276,4.074447791284449,0.7599079133487815,0.2400920866512185,,,,,,,,,
11,3,500,ZX_split,YZ,0.7553890699885276,4.074447791284449,0.7568731813263225,0.24312681867367747,,,,,,,,,
11,3,500,XYZ_split,YZ,0.7553890699885276,4.074447791284449,0.9969264744292127,0.0030735255707873277,,,,,,,,,
11,3,500,ORACLE_plane,YZ,0.7553890699885276,4.074447791284449,0.9985187665126495,0.0014812334873505195,,,,,,,,,
11,3,500,RL_adaptive,YZ,0.7553890699885276,4.074447791284449,0.999590715665049,0.0004092843349510211,89.0,91.0,138.0,0.0,20.0,53.0,19.0,10.0,80.0
11,4,10,Z_only,YZ,0.7553890699885276,4.074447791284449,0.7599079133487815,0.2400920866512185,,,,,,,,,
11,4,10,ZX_split,YZ,0.7553890699885276,4.074447791284449,0.6469678090627764,0.3530321909372236,,,,,,,,,
11,4,10,XYZ_split,YZ,0.7553890699885276,4.074447791284449,0.47979687037771035,0.5202031296222897,,,,,,,,,
11,4,10,ORACLE_plane,YZ,0.7553890699885276,4.074447791284449,0.9617735953354933,0.038226404664506664,,,,,,,,,
11,4,10,RL_adaptive,YZ,0.7553890699885276,4.074447791284449,0.9553947217839404,0.04460527821605964,2.0,0.0,3.0,0.0,2.0,0.0,0.0,1.0,2.0
11,4,25,Z_only,YZ,0.7553890699885276,4.074447791284449,0.7599079133487815,0.2400920866512185,,,,,,,,,
11,4,25,ZX_split,YZ,0.7553890699885276,4.074447791284449,0.6099121919507519,0.39008780804924814,,,,,,,,,
11,4,25,XYZ_split,YZ,0.7553890699885276,4.074447791284449,0.9873580545343998,0.012641945465600157,,,,,,,,,
11,4,25,ORACLE_plane,YZ,0.7553890699885276,4.074447791284449,0.9623683496371941,0.03763165036280591,,,,,,,,,
11,4,25,RL_adaptive,YZ,0.7553890699885276,4.074447791284449,0.9354436130026405,0.06455638699735955,5.0,2.0,0.0,4.0,3.0,2.0,0.0,6.0,3.0
11,4,50,Z_only,YZ,0.7553890699885276,4.074447791284449,0.7599079133487815,0.2400920866512185,,,,,,,,,
11,4,50,ZX_split,YZ,0.7553890699885276,4.074447791284449,0.7510402288537873,0.2489597711462127,,,,,,,,,
11,4,50,XYZ_split,YZ,0.7553890699885276,4.074447791284449,0.9157080599259414,0.0842919400740586,,,,,,,,,
11,4,50,ORACLE_plane,YZ,0.7553890699885276,4.074447791284449,0.9758901461031755,0.024109853896824518,,,,,,,,,
11,4,50,RL_adaptive,YZ,0.7553890699885276,4.074447791284449,0.9631935938345525,0.0368064061654475,13.0,0.0,0.0,0.0,9.0,0.0,0.0,17.0,11.0
11,4,100,Z_only,YZ,0.7553890699885276,4.074447791284449,0.7599079133487815,0.2400920866512185,,,,,,,,,
11,4,100,ZX_split,YZ,0.7553890699885276,4.074447791284449,0.7503011469442661,0.24969885305573392,,,,,,,,,
11,4,100,XYZ_split,YZ,0.7553890699885276,4.074447791284449,0.9930491170680323,0.006950882931967661,,,,,,,,,
11,4,100,ORACLE_plane,YZ,0.7553890699885276,4.074447791284449,0.9967794024346361,0.0032205975653638585,,,,,,,,,
11,4,100,RL_adaptive,YZ,0.7553890699885276,4.074447791284449,0.9697714058698029,0.030228594130197073,6.0,4.0,9.0,42.0,10.0,7.0,15.0,2.0,5.0
11,4,250,Z_only,YZ,0.7553890699885276,4.074447791284449,0.7599079133487815,0.2400920866512185,,,,,,,,,
11,4,250,ZX_split,YZ,0.7553890699885276,4.074447791284449,0.7533005902404953,0.24669940975950466,,,,,,,,,
11,4,250,XYZ_split,YZ,0.7553890699885276,4.074447791284449,0.9915627463553506,0.008437253644649423,,,,,,,,,
11,4,250,ORACLE_plane,YZ,0.7553890699885276,4.074447791284449,0.9917763352991763,0.008223664700823696,,,,,,,,,
11,4,250,RL_adaptive,YZ,0.7553890699885276,4.074447791284449,0.9711639101989452,0.028836089801054787,19.0,7.0,143.0,11.0,22.0,0.0,6.0,10.0,32.0
11,4,500,Z_only,YZ,0.7553890699885276,4.074447791284449,0.7599079133487815,0.2400920866512185,,,,,,,,,
11,4,500,ZX_split,YZ,0.7553890699885276,4.074447791284449,0.754555708030116,0.24544429196988404,,,,,,,,,
11,4,500,XYZ_split,YZ,0.7553890699885276,4.074447791284449,0.9920195258506809,0.007980474149319128,,,,,,,,,
11,4,500,ORACLE_plane,YZ,0.7553890699885276,4.074447791284449,0.9981360108903016,0.0018639891096984273,,,,,,,,,
11,4,500,RL_adaptive,YZ,0.7553890699885276,4.074447791284449,0.9865507834375731,0.013449216562426924,94.0,85.0,143.0,0.0,22.0,48.0,12.0,9.0,87.0
12,0,10,Z_only,XY,5.198971707993199,2.716104873148455,0.2500000000000001,0.7499999999999999,,,,,,,,,
12,0,10,ZX_split,XY,5.198971707993199,2.716104873148455,0.40330210774506553,0.5966978922549344,,,,,,,,,
12,0,10,XYZ_split,XY,5.198971707993199,2.716104873148455,0.9221347943290605,0.07786520567093946,,,,,,,,,
12,0,10,ORACLE_plane,XY,5.198971707993199,2.716104873148455,0.9760077909715772,0.023992209028422806,,,,,,,,,
12,0,10,RL_adaptive,XY,5.198971707993199,2.716104873148455,0.7673846832391318,0.23261531676086822,4.0,0.0,0.0,0.0,2.0,0.0,0.0,0.0,4.0
12,0,25,Z_only,XY,5.198971707993199,2.716104873148455,0.2499999999999999,0.7500000000000001,,,,,,,,,
12,0,25,ZX_split,XY,5.198971707993199,2.716104873148455,0.6771345883878052,0.32286541161219484,,,,,,,,,
12,0,25,XYZ_split,XY,5.198971707993199,2.716104873148455,0.9536466700098583,0.046353329990141745,,,,,,,,,
12,0,25,ORACLE_plane,XY,5.198971707993199,2.716104873148455,0.9812885907444653,0.018711409255534717,,,,,,,,,
12,0,25,RL_adaptive,XY,5.198971707993199,2.716104873148455,0.9459023694763814,0.0540976305236186,11.0,0.0,0.0,0.0,3.0,4.0,0.0,5.0,2.0
12,0,50,Z_only,XY,5.198971707993199,2.716104873148455,0.2500000000000001,0.7499999999999999,,,,,,,,,
12,0,50,ZX_split,XY,5.198971707993199,2.716104873148455,0.6968183460418801,0.3031816539581199,,,,,,,,,
12,0,50,XYZ_split,XY,5.198971707993199,2.716104873148455,0.9833887635187576,0.01661123648124241,,,,,,,,,
12,0,50,ORACLE_plane,XY,5.198971707993199,2.716104873148455,0.9937916168889392,0.006208383111060756,,,,,,,,,
12,0,50,RL_adaptive,XY,5.198971707993199,2.716104873148455,0.8911611229698186,0.10883887703018136,8.0,2.0,0.0,0.0,7.0,4.0,1.0,19.0,9.0
12,0,100,Z_only,XY,5.198971707993199,2.716104873148455,0.2500000000000001,0.7499999999999999,,,,,,,,,
12,0,100,ZX_split,XY,5.198971707993199,2.716104873148455,0.6993651157275614,0.30063488427243856,,,,,,,,,
12,0,100,XYZ_split,XY,5.198971707993199,2.716104873148455,0.9876404415915584,0.012359558408441607,,,,,,,,,
12,0,100,ORACLE_plane,XY,5.198971707993199,2.716104873148455,0.99999015620955,9.843790449992618e-06,,,,,,,,,
12,0,100,RL_adaptive,XY,5.198971707993199,2.716104873148455,0.9558163969830052,0.044183603016994755,12.0,2.0,4.0,36.0,19.0,5.0,11.0,0.0,11.0
12,0,250,Z_only,XY,5.198971707993199,2.716104873148455,0.2500000000000001,0.7499999999999999,,,,,,,,,
12,0,250,ZX_split,XY,5.198971707993199,2.716104873148455,0.6995428718446202,0.30045712815537984,,,,,,,,,
12,0,250,XYZ_split,XY,5.198971707993199,2.716104873148455,0.9905003084990076,0.009499691500992391,,,,,,,,,
12,0,250,ORACLE_plane,XY,5.198971707993199,2.716104873148455,0.9997723581683438,0.00022764183165624452,,,,,,,,,
12,0,250,RL_adaptive,XY,5.198971707993199,2.716104873148455,0.9740939999626381,0.025906000037361876,14.0,2.0,150.0,15.0,19.0,5.0,0.0,8.0,37.0
12,0,500,Z_only,XY,5.198971707993199,2.716104873148455,0.25,0.75,,,,,,,,,
12,0,500,ZX_split,XY,5.198971707993199,2.716104873148455,0.7000403812621394,0.2999596187378606,,,,,,,,,
12,0,500,XYZ_split,XY,5.198971707993199,2.716104873148455,0.990411314952722,0.009588685047277945,,,,,,,,,
12,0,500,ORACLE_plane,XY,5.198971707993199,2.716104873148455,0.9997517120560819,0.0002482879439180685,,,,,,,,,
12,0,500,RL_adaptive,XY,5.198971707993199,2.716104873148455,0.9994670167271479,0.0005329832728521167,61.0,57.0,161.0,6.0,68.0,44.0,7.0,12.0,84.0
12,1,10,Z_only,XY,5.198971707993199,2.716104873148455,0.25,0.75,,,,,,,,,
12,1,10,ZX_split,XY,5.198971707993199,2.716104873148455,0.5469163960123772,0.4530836039876228,,,,,,,,,
12,1,10,XYZ_split,XY,5.198971707993199,2.716104873148455,0.7563799320195849,0.24362006798041513,,,,,,,,,
12,1,10,ORACLE_plane,XY,5.198971707993199,2.716104873148455,0.9752145563790706,0.02478544362092938,,,,,,,,,
12,1,10,RL_adaptive,XY,5.198971707993199,2.716104873148455,0.9153367913341075,0.0846632086658925,4.0,0.0,0.0,0.0,2.0,1.0,0.0,0.0,3.0
12,1,25,Z_only,XY,5.198971707993199,2.716104873148455,0.25,0.75,,,,,,,,,
12,1,25,ZX_split,XY,5.198971707993199,2.716104873148455,0.6535045583887802,0.3464954416112198,,,,,,,,,
12,1,25,XYZ_split,XY,5.198971707993199,2.716104873148455,0.9874908945650175,0.012509105434982515,,,,,,,,,
12,1,25,ORACLE_plane,XY,5.198971707993199,2.716104873148455,0.942447042394228,0.05755295760577195,,,,,,,,,
12,1,25,RL_adaptive,XY,5.198971707993199,2.716104873148455,0.8850098728974344,0.11499012710256562,9.0,0.0,0.0,0.0,2.0,6.0,0.0,6.0,2.0
12,1,50,Z_only,XY,5.198971707993199,2.716104873148455,0.2500000000000001,0.7499999999999999,,,,,,,,,
12,1,50,ZX_split,XY,5.198971707993199,2.716104873148455,0.6959853771848062,0.30401462281519376,,,,,,,,,
12,1,50,XYZ_split,XY,5.198971707993199,2.716104873148455,0.9641662382937559,0.03583376170624408,,,,,,,,,
12,1,50,ORACLE_plane,XY,5.198971707993199,2.716104873148455,0.9934834893922779,0.00651651060772207,,,,,,,,,
12,1,50,RL_adaptive,XY,5.198971707993199,2.716104873148455,0.9672152077227629,0.032784792277237074,8.0,1.0,0.0,0.0,10.0,3.0,0.0,19.0,9.0
12,1,100,Z_only,XY,5.198971707993199,2.716104873148455,0.25,0.75,,,,,,,,,
12,1,100,ZX_split,XY,5.198971707993199,2.716104873148455,0.6868672553935138,0.3131327446064862,,,,,,,,,
12,1,100,XYZ_split,XY,5.198971707993199,2.716104873148455,0.9961365975142924,0.003863402485707601,,,,,,,,,
12,1,100,ORACLE_plane,XY,5.198971707993199,2.716104873148455,0.987295193929721,0.012704806070279018,,,,,,,,,
12,1,100,RL_adaptive,XY,5.198971707993199,2.716104873148455,0.9510671721172691,0.0489328278827309,14.0,0.0,2.0,36.0,20.0,5.0,12.0,0.0,11.0
12,1,250,Z_only,XY,5.198971707993199,2.716104873148455,0.2499999999999999,0.7500000000000001,,,,,,,,,
12,1,250,ZX_split,XY,5.198971707993199,2.716104873148455,0.6990408039775087,0.3009591960224913,,,,,,,,,
12,1,250,XYZ_split,XY,5.198971707993199,2.716104873148455,0.9882586799398155,0.011741320060184468,,,,,,,,,
12,1,250,ORACLE_plane,XY,5.198971707993199,2.716104873148455,0.9975476609911911,0.0024523390088089236,,,,,,,,,
12,1,250,RL_adaptive,XY,5.198971707993199,2.716104873148455,0.9914672190459287,0.008532780954071284,13.0,1.0,147.0,18.0,17.0,7.0,1.0,10.0,36.0
12,1,500,Z_only,XY,5.198971707993199,2.716104873148455,0.25,0.75,,,,,,,,,
12,1,500,ZX_split,XY,5.198971707993199,2.716104873148455,0.7009251789480917,0.2990748210519083,,,,,,,,,
12,1,500,XYZ_split,XY,5.198971707993199,2.716104873148455,0.9921214373195932,0.007878562680406764,,,,,,,,,
12,1,500,ORACLE_plane,XY,5.198971707993199,2.716104873148455,0.9976489187452939,0.0023510812547060667,,,,,,,,,
12,1,500,RL_adaptive,XY,5.198971707993199,2.716104873148455,0.993911208041667,0.006088791958333006,67.0,54.0,168.0,2.0,68.0,42.0,3.0,12.0,84.0
12,2,10,Z_only,XY,5.198971707993199,2.716104873148455,0.2500000000000001,0.7499999999999999,,,,,,,,,
12,2,10,ZX_split,XY,5.198971707993199,2.716104873148455,0.5469163960123772,0.4530836039876228,,,,,,,,,
12,2,10,XYZ_split,XY,5.198971707993199,2.716104873148455,0.7159221672213129,0.28407783277868714,,,,,,,,,
12,2,10,ORACLE_plane,XY,5.198971707993199,2.716104873148455,0.8592526392799991,0.14074736072000094,,,,,,,,,
12,2,10,RL_adaptive,XY,5.198971707993199,2.716104873148455,0.7486182303298062,0.25138176967019377,4.0,0.0,0.0,0.0,2.0,0.0,0.0,0.0,4.0
12,2,25,Z_only,XY,5.198971707993199,2.716104873148455,0.2499999999999999,0.7500000000000001,,,,,,,,,
12,2,25,ZX_split,XY,5.198971707993199,2.716104873148455,0.6689234893701179,0.3310765106298821,,,,,,,,,
12,2,25,XYZ_split,XY,5.198971707993199,2.716104873148455,0.9874908945650175,0.012509105434982515,,,,,,,,,
12,2,25,ORACLE_plane,XY,5.198971707993199,2.716104873148455,0.9972985578324727,0.0027014421675273237,,,,,,,,,
12,2,25,RL_adaptive,XY,5.198971707993199,2.716104873148455,0.898281157086371,0.10171884291362898,9.0,0.0,0.0,0.0,3.0,6.0,0.0,5.0,2.0
12,2,50,Z_only,XY,5.198971707993199,2.716104873148455,0.25,0.75,,,,,,,,,
12,2,50,ZX_split,XY,5.198971707993199,2.716104873148455,0.6999706465201788,0.3000293534798212,,,,,,,,,
12,2,50,XYZ_split,XY,5.198971707993199,2.716104873148455,0.987185247881033,0.012814752118966988,,,,,,,,,
12,2,50,ORACLE_plane,XY,5.198971707993199,2.716104873148455,0.9985959226597763,0.0014040773402237416,,,,,,,,,
12,2,50,RL_adaptive,XY,5.198971707993199,2.716104873148455,0.9215505972110567,0.0784494027889433,7.0,3.0,0.0,0.0,8.0,3.0,1.0,18.0,10.0
12,2,100,Z_only,XY,5.198971707993199,2.716104873148455,0.2499999999999999,0.7500000000000001,,,,,,,,,
12,2,100,ZX_split,XY,5.198971707993199,2.716104873148455,0.6954394557647634,0.3045605442352366,,,,,,,,,
12,2,100,XYZ_split,XY,5.198971707993199,2.716104873148455,0.9752131869333829,0.02478681306661712,,,,,,,,,
12,2,100,ORACLE_plane,XY,5.198971707993199,2.716104873148455,0.992145798209155,0.00785420179084495,,,,,,,,,
12,2,100,RL_adaptive,XY,5.198971707993199,2.716104873148455,0.9667492372176777,0.03325076278232231,8.0,4.0,6.0,38.0,14.0,10.0,16.0,0.0,4.0
12,2,250,Z_only,XY,5.198971707993199,2.716104873148455,0.25,0.75,,,,,,,,,
12,2,250,ZX_split,XY,5.198971707993199,2.716104873148455,0.6961522423053379,0.3038477576946621,,,,,,,,,
12,2,250,XYZ_split,XY,5.198971707993199,2.716104873148455,0.9929338007030584,0.007066199296941633,,,,,,,,,
12,2,250,ORACLE_plane,XY,5.198971707993199,2.716104873148455,0.9995913360577606,0.0004086639422393734,,,,,,,,,
12,2,250,RL_adaptive,XY,5.198971707993199,2.716104873148455,0.9868712931765315,0.01312870682346845,8.0,4.0,152.0,20.0,14.0,7.0,2.0,11.0,32.0
12,2,500,Z_only,XY,5.198971707993199,2.716104873148455,0.25,0.75,,,,,,,,,
12,2,500,ZX_split,XY,5.198971707993199,2.716104873148455,0.7007192641240133,0.2992807358759867,,,,,,,,,
12,2,500,XYZ_split,XY,5.198971707993199,2.716104873148455,0.996138301154063,0.0038616988459370116,,,,,,,,,
12,2,500,ORACLE_plane,XY,5.198971707993199,2.716104873148455,0.9988951241243982,0.0011048758756018184,,,,,,,,,
12,2,500,RL_adaptive,XY,5.198971707993199,2.716104873148455,0.9932283340021955,0.0067716659978045435,57.0,67.0,164.0,8.0,53.0,49.0,10.0,12.0,80.0
12,3,10,Z_only,XY,5.198971707993199,2.716104873148455,0.2499999999999999,0.7500000000000001,,,,,,,,,
12,3,10,ZX_split,XY,5.198971707993199,2.716104873148455,0.6832433304770793,0.3167566695229207,,,,,,,,,
12,3,10,XYZ_split,XY,5.198971707993199,2.716104873148455,0.8500398832142735,0.14996011678572652,,,,,,,,,
12,3,10,ORACLE_plane,XY,5.198971707993199,2.716104873148455,0.9672629778457325,0.03273702215426755,,,,,,,,,
12,3,10,RL_adaptive,XY,5.198971707993199,2.716104873148455,0.8122227999993833,0.1877772000006167,4.0,0.0,0.0,0.0,2.0,0.0,0.0,0.0,4.0
12,3,25,Z_only,XY,5.198971707993199,2.716104873148455,0.2499999999999999,0.7500000000000001,,,,,,,,,
12,3,25,ZX_split,XY,5.198971707993199,2.716104873148455,0.6778993869945151,0.32210061300548487,,,,,,,,,
12,3,25,XYZ_split,XY,5.198971707993199,2.716104873148455,0.9252885690051026,0.07471143099489741,,,,,,,,,
12,3,25,ORACLE_plane,XY,5.198971707993199,2.716104873148455,0.9887392694730744,0.011260730526925555,,,,,,,,,
12,3,25,RL_adaptive,XY,5.198971707993199,2.716104873148455,0.9934950136943534,0.006504986305646554,8.0,0.0,0.0,0.0,2.0,6.0,0.0,7.0,2.0
12,3,50,Z_only,XY,5.198971707993199,2.716104873148455,0.25,0.75,,,,,,,,,
12,3,50,ZX_split,XY,5.198971707993199,2.716104873148455,0.698042380769652,0.30195761923034803,,,,,,,,,
12,3,50,XYZ_split,XY,5.198971707993199,2.716104873148455,0.9171926237289603,0.08280737627103973,,,,,,,,,
12,3,50,ORACLE_plane,XY,5.198971707993199,2.716104873148455,0.9963235359566127,0.003676464043387284,,,,,,,,,
12,3,50,RL_adaptive,XY,5.198971707993199,2.716104873148455,0.9702087217149921,0.02979127828500794,7.0,2.0,0.0,0.0,10.0,3.0,0.0,18.0,10.0
12,3,100,Z_only,XY,5.198971707993199,2.716104873148455,0.2500000000000001,0.7499999999999999,,,,,,,,,
12,3,100,ZX_split,XY,5.198971707993199,2.716104873148455,0.697784881668797,0.30221511833120296,,,,,,,,,
12,3,100,XYZ_split,XY,5.198971707993199,2.716104873148455,0.9703871303876658,0.029612869612334225,,,,,,,,,
12,3,100,ORACLE_plane,XY,5.198971707993199,2.716104873148455,0.9997603081627086,0.00023969183729144472,,,,,,,,,
12,3,100,RL_adaptive,XY,5.198971707993199,2.716104873148455,0.9906491784649895,0.009350821535010545,8.0,5.0,5.0,37.0,14.0,10.0,16.0,0.0,5.0
12,3,250,Z_only,XY,5.198971707993199,2.716104873148455,0.25,0.75,,,,,,,,,
12,3,250,ZX_split,XY,5.198971707993199,2.716104873148455,0.6804944217274796,0.31950557827252035,,,,,,,,,
12,3,250,XYZ_split,XY,5.198971707993199,2.716104873148455,0.9963840565695241,0.0036159434304758875,,,,,,,,,
12,3,250,ORACLE_plane,XY,5.198971707993199,2.716104873148455,0.9992120647836665,0.0007879352163334685,,,,,,,,,
12,3,250,RL_adaptive,XY,5.198971707993199,2.716104873148455,0.9910299424402443,0.008970057559755662,15.0,0.0,144.0,19.0,19.0,6.0,0.0,9.0,38.0
12,3,500,Z_only,XY,5.198971707993199,2.716104873148455,0.2500000000000001,0.7499999999999999,,,,,,,,,
12,3,500,ZX_split,XY,5.198971707993199,2.716104873148455,0.7004532890501355,0.2995467109498645,,,,,,,,,
12,3,500,XYZ_split,XY,5.198971707993199,2.716104873148455,0.9882671512647512,0.011732848735248824,,,,,,,,,
12,3,500,ORACLE_plane,XY,5.198971707993199,2.716104873148455,0.9982926309514002,0.001707369048599805,,,,,,,,,
12,3,500,RL_adaptive,XY,5.198971707993199,2.716104873148455,0.9849166027665197,0.015083397233480289,73.0,41.0,169.0,1.0,85.0,27.0,0.0,5.0,99.0
12,4,10,Z_only,XY,5.198971707993199,2.716104873148455,0.2500000000000001,0.7499999999999999,,,,,,,,,
12,4,10,ZX_split,XY,5.198971707993199,2.716104873148455,0.6297793143613671,0.37022068563863286,,,,,,,,,
12,4,10,XYZ_split,XY,5.198971707993199,2.716104873148455,0.8307450041938617,0.16925499580613834,,,,,,,,,
12,4,10,ORACLE_plane,XY,5.198971707993199,2.716104873148455,0.9478673174529301,0.05213268254706993,,,,,,,,,
12,4,10,RL_adaptive,XY,5.198971707993199,2.716104873148455,0.8900285698887295,0.10997143011127053,4.0,0.0,0.0,0.0,2.0,1.0,0.0,0.0,3.0
12,4,25,Z_only,XY,5.198971707993199,2.716104873148455,0.25,0.75,,,,,,,,,
12,4,25,ZX_split,XY,5.198971707993199,2.716104873148455,0.6056581801467098,0.3943418198532902,,,,,,,,,
12,4,25,XYZ_split,XY,5.198971707993199,2.716104873148455,0.936224514380302,0.06377548561969804,,,,,,,,,
12,4,25,ORACLE_plane,XY,5.198971707993199,2.716104873148455,0.9977419853864264,0.0022580146135735557,,,,,,,,,
12,4,25,RL_adaptive,XY,5.198971707993199,2.716104873148455,0.9083657659557157,0.09163423404428428,10.0,0.0,0.0,0.0,4.0,4.0,0.0,4.0,3.0
12,4,50,Z_only,XY,5.198971707993199,2.716104873148455,0.25,0.75,,,,,,,,,
12,4,50,ZX_split,XY,5.198971707993199,2.716104873148455,0.6565741895854957,0.34342581041450426,,,,,,,,,
12,4,50,XYZ_split,XY,5.198971707993199,2.716104873148455,0.9774123132357028,0.022587686764297232,,,,,,,,,
12,4,50,ORACLE_plane,XY,5.198971707993199,2.716104873148455,0.9778134638709342,0.022186536129065848,,,,,,,,,
12,4,50,RL_adaptive,XY,5.198971707993199,2.716104873148455,0.9435709267896295,0.056429073210370495,8.0,2.0,0.0,0.0,9.0,4.0,1.0,18.0,8.0
12,4,100,Z_only,XY,5.198971707993199,2.716104873148455,0.25,0.75,,,,,,,,,
12,4,100,ZX_split,XY,5.198971707993199,2.716104873148455,0.691864407926176,0.308135592073824,,,,,,,,,
12,4,100,XYZ_split,XY,5.198971707993199,2.716104873148455,0.9748296515965085,0.025170348403491527,,,,,,,,,
12,4,100,ORACLE_plane,XY,5.198971707993199,2.716104873148455,0.9954369807353001,0.00456301926469993,,,,,,,,,
12,4,100,RL_adaptive,XY,5.198971707993199,2.716104873148455,0.9633671962716075,0.036632803728392505,12.0,2.0,6.0,35.0,20.0,6.0,11.0,0.0,8.0
12,4,250,Z_only,XY,5.198971707993199,2.716104873148455,0.25,0.75,,,,,,,,,
12,4,250,ZX_split,XY,5.198971707993199,2.716104873148455,0.6751433903843107,0.3248566096156893,,,,,,,,,
12,4,250,XYZ_split,XY,5.198971707993199,2.716104873148455,0.9955274089973466,0.004472591002653403,,,,,,,,,
12,4,250,ORACLE_plane,XY,5.198971707993199,2.716104873148455,0.9987977458982537,0.0012022541017463473,,,,,,,,,
12,4,250,RL_adaptive,XY,5.198971707993199,2.716104873148455,0.9935941140533358,0.006405885946664247,13.0,1.0,149.0,16.0,19.0,6.0,1.0,9.0,36.0
12,4,500,Z_only,XY,5.198971707993199,2.716104873148455,0.2500000000000001,0.7499999999999999,,,,,,,,,
12,4,500,ZX_split,XY,5.198971707993199,2.716104873148455,0.6963076991555688,0.3036923008444312,,,,,,,,,
12,4,500,XYZ_split,XY,5.198971707993199,2.716104873148455,0.994512368272636,0.005487631727363995,,,,,,,,,
12,4,500,ORACLE_plane,XY,5.198971707993199,2.716104873148455,0.9984457825763883,0.0015542174236117257,,,,,,,,,
12,4,500,RL_adaptive,XY,5.198971707993199,2.716104873148455,0.9924258250514459,0.007574174948554058,69.0,52.0,159.0,5.0,74.0,39.0,5.0,7.0,90.0
13,0,10,Z_only,XZ,5.264699787022772,2.0520327661283773,0.8730906554863359,0.1269093445136641,,,,,,,,,
13,0,10,ZX_split,XZ,5.264699787022772,2.0520327661283773,0.9264540061762773,0.07354599382372273,,,,,,,,,
13,0,10,XYZ_split,XZ,5.264699787022772,2.0520327661283773,0.8784417706675474,0.12155822933245264,,,,,,,,,
13,0,10,ORACLE_plane,XZ,5.264699787022772,2.0520327661283773,0.9770146339168979,0.022985366083102088,,,,,,,,,
13,0,10,RL_adaptive,XZ,5.264699787022772,2.0520327661283773,0.9638384460601117,0.03616155393988829,4.0,0.0,0.0,0.0,2.0,0.0,0.0,0.0,4.0
13,0,25,Z_only,XZ,5.264699787022772,2.0520327661283773,0.8730906554863359,0.1269093445136641,,,,,,,,,
13,0,25,ZX_split,XZ,5.264699787022772,2.0520327661283773,0.9224943157443002,0.07750568425569981,,,,,,,,,
13,0,25,XYZ_split,XZ,5.264699787022772,2.0520327661283773,0.9878071214777914,0.012192878522208628,,,,,,,,,
13,0,25,ORACLE_plane,XZ,5.264699787022772,2.0520327661283773,0.9512073623361446,0.04879263766385544,,,,,,,,,
13,0,25,RL_adaptive,XZ,5.264699787022772,2.0520327661283773,0.8845973258953581,0.11540267410464189,7.0,1.0,1.0,1.0,2.0,4.0,0.0,6.0,3.0
13,0,50,Z_only,XZ,5.264699787022772,2.0520327661283773,0.8730906554863359,0.1269093445136641,,,,,,,,,
13,0,50,ZX_split,XZ,5.264699787022772,2.0520327661283773,0.981847226763836,0.018152773236164044,,,,,,,,,
13,0,50,XYZ_split,XZ,5.264699787022772,2.0520327661283773,0.9237863671876263,0.0762136328123737,,,,,,,,,
13,0,50,ORACLE_plane,XZ,5.264699787022772,2.0520327661283773,0.9654444507088633,0.03455554929113669,,,,,,,,,
13,0,50,RL_adaptive,XZ,5.264699787022772,2.0520327661283773,0.8804033614704915,0.11959663852950853,11.0,1.0,0.0,0.0,5.0,2.0,0.0,20.0,11.0
13,0,100,Z_only,XZ,5.264699787022772,2.0520327661283773,0.8730906554863359,0.1269093445136641,,,,,,,,,
13,0,100,ZX_split,XZ,5.264699787022772,2.0520327661283773,0.9999120671165593,8.793288344066674e-05,,,,,,,,,
13,0,100,XYZ_split,XZ,5.264699787022772,2.0520327661283773,0.97588016329955,0.024119836700450037,,,,,,,,,
13,0,100,ORACLE_plane,XZ,5.264699787022772,2.0520327661283773,0.9940471159657429,0.005952884034257089,,,,,,,,,
13,0,100,RL_adaptive,XZ,5.264699787022772,2.0520327661283773,0.9696212573241658,0.03037874267583418,16.0,0.0,2.0,34.0,26.0,1.0,5.0,0.0,16.0
13,0,250,Z_only,XZ,5.264699787022772,2.0520327661283773,0.8730906554863359,0.1269093445136641,,,,,,,,,
13,0,250,ZX_split,XZ,5.264699787022772,2.0520327661283773,0.9983716882844852,0.0016283117155148075,,,,,,,,,
13,0,250,XYZ_split,XZ,5.264699787022772,2.0520327661283773,0.993537261508715,0.006462738491284981,,,,,,,,,
13,0,250,ORACLE_plane,XZ,5.264699787022772,2.0520327661283773,0.9971448454806878,0.0028551545193121752,,,,,,,,,
13,0,250,RL_adaptive,XZ,5.264699787022772,2.0520327661283773,0.996261216160113,0.0037387838398870166,12.0,9.0,148.0,16.0,16.0,7.0,8.0,3.0,31.0
13,0,500,Z_only,XZ,5.264699787022772,2.0520327661283773,0.8730906554863359,0.1269093445136641,,,,,,,,,
13,0,500,ZX_split,XZ,5.264699787022772,2.0520327661283773,0.9992938290169133,0.0007061709830866736,,,,,,,,,
13,0,500,XYZ_split,XZ,5.264699787022772,2.0520327661283773,0.994141126066516,0.0058588739334840545,,,,,,,,,
13,0,500,ORACLE_plane,XZ,5.264699787022772,2.0520327661283773,0.9995344772981861,0.0004655227018138808,,,,,,,,,
13,0,500,RL_adaptive,XZ,5.264699787022772,2.0520327661283773,0.9978475693690865,0.0021524306309135266,58.0,91.0,158.0,26.0,20.0,55.0,7.0,9.0,76.0
13,1,10,Z_only,XZ,5.264699787022772,2.0520327661283773,0.8730906554863359,0.1269093445136641,,,,,,,,,
13,1,10,ZX_split,XZ,5.264699787022772,2.0520327661283773,0.9770146339168979,0.022985366083102088,,,,,,,,,
13,1,10,XYZ_split,XZ,5.264699787022772,2.0520327661283773,0.9531413633805085,0.04685863661949152,,,,,,,,,
13,1,10,ORACLE_plane,XZ,5.264699787022772,2.0520327661283773,0.8615063138138518,0.1384936861861482,,,,,,,,,
13,1,10,RL_adaptive,XZ,5.264699787022772,2.0520327661283773,0.8042760438613488,0.19572395613865123,4.0,0.0,0.0,0.0,2.0,0.0,0.0,0.0,4.0
13,1,25,Z_only,XZ,5.264699787022772,2.0520327661283773,0.8730906554863359,0.1269093445136641,,,,,,,,,
13,1,25,ZX_split,XZ,5.264699787022772,2.0520327661283773,0.9471988570979266,0.052801142902073384,,,,,,,,,
13,1,25,XYZ_split,XZ,5.264699787022772,2.0520327661283773,0.859606962065869,0.14039303793413105,,,,,,,,,
13,1,25,ORACLE_plane,XZ,5.264699787022772,2.0520327661283773,0.9684216353090774,0.03157836469092257,,,,,,,,,
13,1,25,RL_adaptive,XZ,5.264699787022772,2.0520327661283773,0.8591375084163395,0.1408624915836605,10.0,0.0,0.0,0.0,2.0,4.0,0.0,7.0,2.0
13,1,50,Z_only,XZ,5.264699787022772,2.0520327661283773,0.8730906554863359,0.1269093445136641,,,,,,,,,
13,1,50,ZX_split,XZ,5.264699787022772,2.0520327661283773,0.9988461206147687,0.00115387938523126,,,,,,,,,
13,1,50,XYZ_split,XZ,5.264699787022772,2.0520327661283773,0.9841768441080947,0.015823155891905305,,,,,,,,,
13,1,50,ORACLE_plane,XZ,5.264699787022772,2.0520327661283773,0.9814737456111924,0.018526254388807617,,,,,,,,,
13,1,50,RL_adaptive,XZ,5.264699787022772,2.0520327661283773,0.9707152311576092,0.02928476884239084,10.0,1.0,0.0,1.0,5.0,3.0,0.0,20.0,10.0
13,1,100,Z_only,XZ,5.264699787022772,2.0520327661283773,0.8730906554863359,0.1269093445136641,,,,,,,,,
13,1,100,ZX_split,XZ,5.264699787022772,2.0520327661283773,0.9944075419116843,0.005592458088315655,,,,,,,,,
13,1,100,XYZ_split,XZ,5.264699787022772,2.0520327661283773,0.9679363764602841,0.032063623539715924,,,,,,,,,
13,1,100,ORACLE_plane,XZ,5.264699787022772,2.0520327661283773,0.9997975864024699,0.00020241359753014887,,,,,,,,,
13,1,100,RL_adaptive,XZ,5.264699787022772,2.0520327661283773,0.9941404934116934,0.0058595065883065844,13.0,2.0,3.0,37.0,22.0,2.0,7.0,0.0,14.0
13,1,250,Z_only,XZ,5.264699787022772,2.0520327661283773,0.8730906554863359,0.1269093445136641,,,,,,,,,
13,1,250,ZX_split,XZ,5.264699787022772,2.0520327661283773,0.9998606853579659,0.00013931464203409405,,,,,,,,,
13,1,250,XYZ_split,XZ,5.264699787022772,2.0520327661283773,0.9988128868243129,0.0011871131756870934,,,,,,,,,
13,1,250,ORACLE_plane,XZ,5.264699787022772,2.0520327661283773,0.9960407432856537,0.003959256714346271,,,,,,,,,
13,1,250,RL_adaptive,XZ,5.264699787022772,2.0520327661283773,0.9626320346537063,0.03736796534629372,17.0,4.0,146.0,15.0,20.0,5.0,4.0,1.0,38.0
13,1,500,Z_only,XZ,5.264699787022772,2.0520327661283773,0.8730906554863359,0.1269093445136641,,,,,,,,,
13,1,500,ZX_split,XZ,5.264699787022772,2.0520327661283773,0.9988961309248635,0.0011038690751364877,,,,,,,,,
13,1,500,XYZ_split,XZ,5.264699787022772,2.0520327661283773,0.990784881119994,0.009215118880006035,,,,,,,,,
13,1,500,ORACLE_plane,XZ,5.264699787022772,2.0520327661283773,0.9995426500248208,0.00045734997517921094,,,,,,,,,
13,1,500,RL_adaptive,XZ,5.264699787022772,2.0520327661283773,0.9946164275586513,0.005383572441348683,64.0,85.0,163.0,22.0,34.0,47.0,1.0,3.0,81.0
13,2,10,Z_only,XZ,5.264699787022772,2.0520327661283773,0.8730906554863359,0.1269093445136641,,,,,,,,,
13,2,10,ZX_split,XZ,5.264699787022772,2.0520327661283773,0.9802192816814266,0.01978071831857342,,,,,,,,,
13,2,10,XYZ_split,XZ,5.264699787022772,2.0520327661283773,0.8319312905434602,0.16806870945653984,,,,,,,,,
13,2,10,ORACLE_plane,XZ,5.264699787022772,2.0520327661283773,0.9222788912170077,0.07772110878299232,,,,,,,,,
13,2,10,RL_adaptive,XZ,5.264699787022772,2.0520327661283773,0.8233804355319974,0.17661956446800264,6.0,0.0,0.0,0.0,2.0,0.0,0.0,0.0,2.0
13,2,25,Z_only,XZ,5.264699787022772,2.0520327661283773,0.8730906554863359,0.1269093445136641,,,,,,,,,
13,2,25,ZX_split,XZ,5.264699787022772,2.0520327661283773,0.9755566394882297,0.024443360511770318,,,,,,,,,
13,2,25,XYZ_split,XZ,5.264699787022772,2.0520327661283773,0.7374848659093997,0.26251513409060034,,,,,,,,,
13,2,25,ORACLE_plane,XZ,5.264699787022772,2.0520327661283773,0.9754955713854807,0.02450442861451929,,,,,,,,,
13,2,25,RL_adaptive,XZ,5.264699787022772,2.0520327661283773,0.8287692647749774,0.17123073522502263,8.0,0.0,1.0,1.0,3.0,3.0,0.0,7.0,2.0
13,2,50,Z_only,XZ,5.264699787022772,2.0520327661283773,0.8730906554863359,0.1269093445136641,,,,,,,,,
13,2,50,ZX_split,XZ,5.264699787022772,2.0520327661283773,0.973882704631572,0.026117295368427995,,,,,,,,,
13,2,50,XYZ_split,XZ,5.264699787022772,2.0520327661283773,0.9251996911885351,0.07480030881146493,,,,,,,,,
13,2,50,ORACLE_plane,XZ,5.264699787022772,2.0520327661283773,0.9995247249218876,0.00047527507811240266,,,,,,,,,
13,2,50,RL_adaptive,XZ,5.264699787022772,2.0520327661283773,0.9163200271860384,0.08367997281396156,11.0,0.0,0.0,0.0,8.0,1.0,0.0,18.0,12.0
13,2,100,Z_only,XZ,5.264699787022772,2.0520327661283773,0.8730906554863359,0.1269093445136641,,,,,,,,,
13,2,100,ZX_split,XZ,5.264699787022772,2.0520327661283773,0.9952718408227786,0.004728159177221358,,,,,,,,,
13,2,100,XYZ_split,XZ,5.264699787022772,2.0520327661283773,0.9606287912889933,0.039371208711006744,,,,,,,,,
13,2,100,ORACLE_plane,XZ,5.264699787022772,2.0520327661283773,0.9927634699683778,0.007236530031622168,,,,,,,,,
13,2,100,RL_adaptive,XZ,5.264699787022772,2.0520327661283773,0.9698873686943449,0.030112631305655113,10.0,5.0,4.0,41.0,16.0,4.0,10.0,0.0,10.0
13,2,250,Z_only,XZ,5.264699787022772,2.0520327661283773,0.8730906554863359,0.1269093445136641,,,,,,,,,
13,2,250,ZX_split,XZ,5.264699787022772,2.0520327661283773,0.991259332466647,0.008740667533353008,,,,,,,,,
13,2,250,XYZ_split,XZ,5.264699787022772,2.0520327661283773,0.991029343900775,0.008970656099224983,,,,,,,,,
13,2,250,ORACLE_plane,XZ,5.264699787022772,2.0520327661283773,0.9980693191608803,0.001930680839119736,,,,,,,,,
13,2,250,RL_adaptive,XZ,5.264699787022772,2.0520327661283773,0.9871840711213773,0.012815928878622707,14.0,11.0,140.0,16.0,13.0,10.0,7.0,5.0,34.0
13,2,500,Z_only,XZ,5.264699787022772,2.0520327661283773,0.8730906554863359,0.1269093445136641,,,,,,,,,
13,2,500,ZX_split,XZ,5.264699787022772,2.0520327661283773,0.9983313124537708,0.001668687546229175,,,,,,,,,
13,2,500,XYZ_split,XZ,5.264699787022772,2.0520327661283773,0.9989659926883605,0.0010340073116394954,,,,,,,,,
13,2,500,ORACLE_plane,XZ,5.264699787022772,2.0520327661283773,0.9994215387462089,0.0005784612537911293,,,,,,,,,
13,2,500,RL_adaptive,XZ,5.264699787022772,2.0520327661283773,0.9962716879070146,0.0037283120929854086,73.0,74.0,161.0,17.0,44.0,39.0,0.0,2.0,90.0
13,3,10,Z_only,XZ,5.264699787022772,2.0520327661283773,0.8730906554863359,0.1269093445136641,,,,,,,,,
13,3,10,ZX_split,XZ,5.264699787022772,2.0520327661283773,0.9494548686740193,0.05054513132598071,,,,,,,,,
13,3,10,XYZ_split,XZ,5.264699787022772,2.0520327661283773,0.7619215743674838,0.23807842563251624,,,,,,,,,
13,3,10,ORACLE_plane,XZ,5.264699787022772,2.0520327661283773,0.9670274117458508,0.03297258825414917,,,,,,,,,
13,3,10,RL_adaptive,XZ,5.264699787022772,2.0520327661283773,0.42679797474725034,0.5732020252527497,4.0,0.0,0.0,1.0,2.0,0.0,0.0,1.0,2.0
13,3,25,Z_only,XZ,5.264699787022772,2.0520327661283773,0.8730906554863359,0.1269093445136641,,,,,,,,,
13,3,25,ZX_split,XZ,5.264699787022772,2.0520327661283773,0.9324317477054354,0.06756825229456465,,,,,,,,,
13,3,25,XYZ_split,XZ,5.264699787022772,2.0520327661283773,0.888805317633207,0.11119468236679297,,,,,,,,,
13,3,25,ORACLE_plane,XZ,5.264699787022772,2.0520327661283773,0.9528823259568794,0.047117674043120616,,,,,,,,,
13,3,25,RL_adaptive,XZ,5.264699787022772,2.0520327661283773,0.9208361863105683,0.0791638136894317,10.0,0.0,0.0,0.0,2.0,4.0,0.0,6.0,3.0
13,3,50,Z_only,XZ,5.264699787022772,2.0520327661283773,0.8730906554863359,0.1269093445136641,,,,,,,,,
13,3,50,ZX_split,XZ,5.264699787022772,2.0520327661283773,0.9807234487766139,0.019276551223386118,,,,,,,,,
13,3,50,XYZ_split,XZ,5.264699787022772,2.0520327661283773,0.927772865785936,0.07222713421406401,,,,,,,,,
13,3,50,ORACLE_plane,XZ,5.264699787022772,2.0520327661283773,0.9637968452758505,0.03620315472414948,,,,,,,,,
13,3,50,RL_adaptive,XZ,5.264699787022772,2.0520327661283773,0.9689364493582098,0.031063550641790227,11.0,0.0,0.0,0.0,7.0,0.0,0.0,20.0,12.0
13,3,100,Z_only,XZ,5.264699787022772,2.0520327661283773,0.8730906554863359,0.1269093445136641,,,,,,,,,
13,3,100,ZX_split,XZ,5.264699787022772,2.0520327661283773,0.988290824488926,0.011709175511073977,,,,,,,,,
13,3,100,XYZ_split,XZ,5.264699787022772,2.0520327661283773,0.9800931643692089,0.019906835630791098,,,,,,,,,
13,3,100,ORACLE_plane,XZ,5.264699787022772,2.0520327661283773,0.9820121235414379,0.017987876458562146,,,,,,,,,
13,3,100,RL_adaptive,XZ,5.264699787022772,2.0520327661283773,0.9386991657393976,0.0613008342606024,10.0,5.0,6.0,36.0,17.0,5.0,8.0,1.0,12.0
13,3,250,Z_only,XZ,5.264699787022772,2.0520327661283773,0.8730906554863359,0.1269093445136641,,,,,,,,,
13,3,250,ZX_split,XZ,5.264699787022772,2.0520327661283773,0.996978941443069,0.003021058556931022,,,,,,,,,
13,3,250,XYZ_split,XZ,5.264699787022772,2.0520327661283773,0.9855150076950729,0.014484992304927058,,,,,,,,,
13,3,250,ORACLE_plane,XZ,5.264699787022772,2.0520327661283773,0.9958464775147112,0.004153522485288774,,,,,,,,,
13,3,250,RL_adaptive,XZ,5.264699787022772,2.0520327661283773,0.97475385217647,0.025246147823529963,18.0,8.0,127.0,19.0,16.0,12.0,7.0,3.0,40.0
13,3,500,Z_only,XZ,5.264699787022772,2.0520327661283773,0.8730906554863359,0.1269093445136641,,,,,,,,,
13,3,500,ZX_split,XZ,5.264699787022772,2.0520327661283773,0.9984439529179437,0.0015560470820562555,,,,,,,,,
13,3,500,XYZ_split,XZ,5.264699787022772,2.0520327661283773,0.998497191522572,0.0015028084774280082,,,,,,,,,
13,3,500,ORACLE_plane,XZ,5.264699787022772,2.0520327661283773,0.9971855874231083,0.002814412576891745,,,,,,,,,
13,3,500,RL_adaptive,XZ,5.264699787022772,2.0520327661283773,0.9974451477206582,0.002554852279341824,62.0,88.0,160.0,23.0,29.0,51.0,3.0,6.0,78.0
13,4,10,Z_only,XZ,5.264699787022772,2.0520327661283773,0.8730906554863359,0.1269093445136641,,,,,,,,,
13,4,10,ZX_split,XZ,5.264699787022772,2.0520327661283773,0.9856153871512474,0.014384612848752587,,,,,,,,,
13,4,10,XYZ_split,XZ,5.264699787022772,2.0520327661283773,0.7830420988902224,0.21695790110977764,,,,,,,,,
13,4,10,ORACLE_plane,XZ,5.264699787022772,2.0520327661283773,0.877864713000144,0.12213528699985599,,,,,,,,,
13,4,10,RL_adaptive,XZ,5.264699787022772,2.0520327661283773,0.9511611251855574,0.0488388748144426,4.0,0.0,1.0,0.0,2.0,0.0,0.0,0.0,3.0
13,4,25,Z_only,XZ,5.264699787022772,2.0520327661283773,0.8730906554863359,0.1269093445136641,,,,,,,,,
13,4,25,ZX_split,XZ,5.264699787022772,2.0520327661283773,0.9553217086668054,0.044678291333194564,,,,,,,,,
13,4,25,XYZ_split,XZ,5.264699787022772,2.0520327661283773,0.8790328911562981,0.12096710884370188,,,,,,,,,
13,4,25,ORACLE_plane,XZ,5.264699787022772,2.0520327661283773,0.9710558158132868,0.028944184186713184,,,,,,,,,
13,4,25,RL_adaptive,XZ,5.264699787022772,2.0520327661283773,0.9769917214716896,0.023008278528310444,9.0,0.0,0.0,0.0,4.0,5.0,0.0,5.0,2.0
13,4,50,Z_only,XZ,5.264699787022772,2.0520327661283773,0.8730906554863359,0.1269093445136641,,,,,,,,,
13,4,50,ZX_split,XZ,5.264699787022772,2.0520327661283773,0.9609126019313908,0.03908739806860917,,,,,,,,,
13,4,50,XYZ_split,XZ,5.264699787022772,2.0520327661283773,0.9831049824704666,0.016895017529533374,,,,,,,,,
13,4,50,ORACLE_plane,XZ,5.264699787022772,2.0520327661283773,0.9964800611372772,0.003519938862722838,,,,,,,,,
13,4,50,RL_adaptive,XZ,5.264699787022772,2.0520327661283773,0.9739595842109898,0.026040415789010174,10.0,2.0,0.0,0.0,6.0,3.0,0.0,18.0,11.0
13,4,100,Z_only,XZ,5.264699787022772,2.0520327661283773,0.8730906554863359,0.1269093445136641,,,,,,,,,
13,4,100,ZX_split,XZ,5.264699787022772,2.0520327661283773,0.9990187399185317,0.0009812600814682604,,,,,,,,,
13,4,100,XYZ_split,XZ,5.264699787022772,2.0520327661283773,0.9441500943939276,0.05584990560607239,,,,,,,,,
13,4,100,ORACLE_plane,XZ,5.264699787022772,2.0520327661283773,0.9996416770187329,0.0003583229812671451,,,,,,,,,
13,4,100,RL_adaptive,XZ,5.264699787022772,2.0520327661283773,0.9923758884333564,0.007624111566643554,10.0,5.0,3.0,40.0,16.0,5.0,10.0,1.0,10.0
13,4,250,Z_only,XZ,5.264699787022772,2.0520327661283773,0.8730906554863359,0.1269093445136641,,,,,,,,,
13,4,250,ZX_split,XZ,5.264699787022772,2.0520327661283773,0.999981088859192,1.8911140807986726e-05,,,,,,,,,
13,4,250,XYZ_split,XZ,5.264699787022772,2.0520327661283773,0.9916065825121958,0.0083934174878042,,,,,,,,,
13,4,250,ORACLE_plane,XZ,5.264699787022772,2.0520327661283773,0.9957673115156537,0.004232688484346325,,,,,,,,,
13,4,250,RL_adaptive,XZ,5.264699787022772,2.0520327661283773,0.973547081014708,0.026452918985292007,12.0,13.0,139.0,17.0,14.0,9.0,10.0,2.0,34.0
13,4,500,Z_only,XZ,5.264699787022772,2.0520327661283773,0.8730906554863359,0.1269093445136641,,,,,,,,,
13,4,500,ZX_split,XZ,5.264699787022772,2.0520327661283773,0.9999051337973666,9.486620263343681e-05,,,,,,,,,
13,4,500,XYZ_split,XZ,5.264699787022772,2.0520327661283773,0.9970811671211514,0.002918832878848643,,,,,,,,,
13,4,500,ORACLE_plane,XZ,5.264699787022772,2.0520327661283773,0.9998093760207563,0.00019062397924374253,,,,,,,,,
13,4,500,RL_adaptive,XZ,5.264699787022772,2.0520327661283773,0.9946343889841202,0.005365611015879845,72.0,80.0,155.0,17.0,37.0,45.0,1.0,4.0,89.0
14,0,10,Z_only,XY,2.397292558242699,4.108844908047073,0.24999999999999994,0.75,,,,,,,,,
14,0,10,ZX_split,XY,2.397292558242699,4.108844908047073,0.5947992791992172,0.40520072080078284,,,,,,,,,
14,0,10,XYZ_split,XY,2.397292558242699,4.108844908047073,0.9610804533368502,0.038919546663149784,,,,,,,,,
14,0,10,ORACLE_plane,XY,2.397292558242699,4.108844908047073,0.9985823699291392,0.0014176300708608203,,,,,,,,,
14,0,10,RL_adaptive,XY,2.397292558242699,4.108844908047073,0.7333427181369572,0.2666572818630428,4.0,1.0,0.0,0.0,2.0,1.0,0.0,0.0,2.0
14,0,25,Z_only,XY,2.397292558242699,4.108844908047073,0.24999999999999994,0.75,,,,,,,,,
14,0,25,ZX_split,XY,2.397292558242699,4.108844908047073,0.5866346733636442,0.41336532663635583,,,,,,,,,
14,0,25,XYZ_split,XY,2.397292558242699,4.108844908047073,0.9403634396635411,0.05963656033645892,,,,,,,,,
14,0,25,ORACLE_plane,XY,2.397292558242699,4.108844908047073,0.9925732825677419,0.00742671743225809,,,,,,,,,
14,0,25,RL_adaptive,XY,2.397292558242699,4.108844908047073,0.9924967683877834,0.007503231612216554,3.0,1.0,0.0,5.0,2.0,2.0,0.0,10.0,2.0
14,0,50,Z_only,XY,2.397292558242699,4.108844908047073,0.24999999999999978,0.7500000000000002,,,,,,,,,
14,0,50,ZX_split,XY,2.397292558242699,4.108844908047073,0.6720418685699746,0.3279581314300254,,,,,,,,,
14,0,50,XYZ_split,XY,2.397292558242699,4.108844908047073,0.9496494467099358,0.050350553290064215,,,,,,,,,
14,0,50,ORACLE_plane,XY,2.397292558242699,4.108844908047073,0.9991108700068337,0.00088912999316626,,,,,,,,,
14,0,50,RL_adaptive,XY,2.397292558242699,4.108844908047073,0.8698683946091881,0.13013160539081192,8.0,2.0,0.0,2.0,4.0,2.0,0.0,22.0,10.0
14,0,100,Z_only,XY,2.397292558242699,4.108844908047073,0.24999999999999994,0.75,,,,,,,,,
14,0,100,ZX_split,XY,2.397292558242699,4.108844908047073,0.6726719187179014,0.32732808128209856,,,,,,,,,
14,0,100,XYZ_split,XY,2.397292558242699,4.108844908047073,0.9732222546119539,0.026777745388046115,,,,,,,,,
14,0,100,ORACLE_plane,XY,2.397292558242699,4.108844908047073,0.9938923798867917,0.006107620113208312,,,,,,,,,
14,0,100,RL_adaptive,XY,2.397292558242699,4.108844908047073,0.9620263726368652,0.03797362736313481,9.0,3.0,7.0,42.0,7.0,8.0,11.0,7.0,6.0
14,0,250,Z_only,XY,2.397292558242699,4.108844908047073,0.24999999999999994,0.75,,,,,,,,,
14,0,250,ZX_split,XY,2.397292558242699,4.108844908047073,0.6685625998904551,0.3314374001095449,,,,,,,,,
14,0,250,XYZ_split,XY,2.397292558242699,4.108844908047073,0.9957639949411401,0.004236005058859904,,,,,,,,,
14,0,250,ORACLE_plane,XY,2.397292558242699,4.108844908047073,0.9977414447818105,0.0022585552181895174,,,,,,,,,
14,0,250,RL_adaptive,XY,2.397292558242699,4.108844908047073,0.9882562778836231,0.011743722116376865,19.0,13.0,128.0,11.0,21.0,5.0,11.0,8.0,34.0
14,0,500,Z_only,XY,2.397292558242699,4.108844908047073,0.24999999999999994,0.75,,,,,,,,,
14,0,500,ZX_split,XY,2.397292558242699,4.108844908047073,0.6776419091316525,0.32235809086834755,,,,,,,,,
14,0,500,XYZ_split,XY,2.397292558242699,4.108844908047073,0.996847488775057,0.0031525112249429776,,,,,,,,,
14,0,500,ORACLE_plane,XY,2.397292558242699,4.108844908047073,0.9987022733094539,0.0012977266905460638,,,,,,,,,
14,0,500,RL_adaptive,XY,2.397292558242699,4.108844908047073,0.9983692841969803,0.0016307158030196556,68.0,110.0,130.0,1.0,23.0,62.0,22.0,7.0,77.0
14,1,10,Z_only,XY,2.397292558242699,4.108844908047073,0.24999999999999978,0.7500000000000002,,,,,,,,,
14,1,10,ZX_split,XY,2.397292558242699,4.108844908047073,0.6345787044097942,0.36542129559020575,,,,,,,,,
14,1,10,XYZ_split,XY,2.397292558242699,4.108844908047073,0.8299003838112505,0.17009961618874947,,,,,,,,,
14,1,10,ORACLE_plane,XY,2.397292558242699,4.108844908047073,0.9589195977183957,0.041080402281604256,,,,,,,,,
14,1,10,RL_adaptive,XY,2.397292558242699,4.108844908047073,0.9025020348485853,0.09749796515141473,4.0,1.0,0.0,0.0,2.0,0.0,0.0,1.0,2.0
14,1,25,Z_only,XY,2.397292558242699,4.108844908047073,0.2500000000000001,0.7499999999999999,,,,,,,,,
14,1,25,ZX_split,XY,2.397292558242699,4.108844908047073,0.6163694598394469,0.3836305401605531,,,,,,,,,
14,1,25,XYZ_split,XY,2.397292558242699,4.108844908047073,0.8782122753946751,0.12178772460532494,,,,,,,,,
14,1,25,ORACLE_plane,XY,2.397292558242699,4.108844908047073,0.982133782476912,0.017866217523088035,,,,,,,,,
14,1,25,RL_adaptive,XY,2.397292558242699,4.108844908047073,0.904682465986141,0.095317534013859,4.0,1.0,0.0,5.0,2.0,1.0,0.0,10.0,2.0
14,1,50,Z_only,XY,2.397292558242699,4.108844908047073,0.2500000000000001,0.7499999999999999,,,,,,,,,
14,1,50,ZX_split,XY,2.397292558242699,4.108844908047073,0.6794126084288173,0.32058739157118266,,,,,,,,,
14,1,50,XYZ_split,XY,2.397292558242699,4.108844908047073,0.9520994034412753,0.047900596558724695,,,,,,,,,
14,1,50,ORACLE_plane,XY,2.397292558242699,4.108844908047073,0.9933964745653856,0.006603525434614399,,,,,,,,,
14,1,50,RL_adaptive,XY,2.397292558242699,4.108844908047073,0.8058688757361958,0.1941311242638042,9.0,2.0,0.0,2.0,4.0,3.0,0.0,19.0,11.0
14,1,100,Z_only,XY,2.397292558242699,4.108844908047073,0.24999999999999978,0.7500000000000002,,,,,,,,,
14,1,100,ZX_split,XY,2.397292558242699,4.108844908047073,0.6447346444467184,0.35526535555328165,,,,,,,,,
14,1,100,XYZ_split,XY,2.397292558242699,4.108844908047073,0.9874046900811971,0.012595309918802866,,,,,,,,,
14,1,100,ORACLE_plane,XY,2.397292558242699,4.108844908047073,0.9989048158901472,0.0010951841098527648,,,,,,,,,
14,1,100,RL_adaptive,XY,2.397292558242699,4.108844908047073,0.9931693458840584,0.006830654115941637,13.0,0.0,5.0,43.0,12.0,7.0,8.0,5.0,7.0
14,1,250,Z_only,XY,2.397292558242699,4.108844908047073,0.24999999999999994,0.75,,,,,,,,,
14,1,250,ZX_split,XY,2.397292558242699,4.108844908047073,0.6762082777600015,0.3237917222399985,,,,,,,,,
14,1,250,XYZ_split,XY,2.397292558242699,4.108844908047073,0.9975337002495003,0.002466299750499723,,,,,,,,,
14,1,250,ORACLE_plane,XY,2.397292558242699,4.108844908047073,0.9967092068797225,0.0032907931202774687,,,,,,,,,
14,1,250,RL_adaptive,XY,2.397292558242699,4.108844908047073,0.9556744536176707,0.04432554638232933,19.0,15.0,126.0,11.0,26.0,1.0,9.0,3.0,40.0
14,1,500,Z_only,XY,2.397292558242699,4.108844908047073,0.2500000000000001,0.7499999999999999,,,,,,,,,
14,1,500,ZX_split,XY,2.397292558242699,4.108844908047073,0.6796205734543137,0.3203794265456863,,,,,,,,,
14,1,500,XYZ_split,XY,2.397292558242699,4.108844908047073,0.9980202872654756,0.0019797127345243526,,,,,,,,,
14,1,500,ORACLE_plane,XY,2.397292558242699,4.108844908047073,0.9995331551430576,0.0004668448569423722,,,,,,,,,
14,1,500,RL_adaptive,XY,2.397292558242699,4.108844908047073,0.9933255839135215,0.006674416086478452,89.0,109.0,115.0,0.0,19.0,54.0,10.0,1.0,103.0
14,2,10,Z_only,XY,2.397292558242699,4.108844908047073,0.24999999999999978,0.7500000000000002,,,,,,,,,
14,2,10,ZX_split,XY,2.397292558242699,4.108844908047073,0.5075530571350729,0.4924469428649271,,,,,,,,,
14,2,10,XYZ_split,XY,2.397292558242699,4.108844908047073,0.9610804533368502,0.038919546663149784,,,,,,,,,
14,2,10,ORACLE_plane,XY,2.397292558242699,4.108844908047073,0.49936995935754963,0.5006300406424504,,,,,,,,,
14,2,10,RL_adaptive,XY,2.397292558242699,4.108844908047073,0.41936428824917743,0.5806357117508225,2.0,0.0,2.0,0.0,2.0,0.0,0.0,2.0,2.0
14,2,25,Z_only,XY,2.397292558242699,4.108844908047073,0.24999999999999978,0.7500000000000002,,,,,,,,,
14,2,25,ZX_split,XY,2.397292558242699,4.108844908047073,0.6776810399697594,0.32231896003024063,,,,,,,,,
14,2,25,XYZ_split,XY,2.397292558242699,4.108844908047073,0.8368481296657707,0.1631518703342293,,,,,,,,,
14,2,25,ORACLE_plane,XY,2.397292558242699,4.108844908047073,0.9975694088998524,0.00243059110014765,,,,,,,,,
14,2,25,RL_adaptive,XY,2.397292558242699,4.108844908047073,0.9245184376769935,0.07548156232300651,6.0,0.0,0.0,5.0,2.0,1.0,0.0,8.0,3.0
14,2,50,Z_only,XY,2.397292558242699,4.108844908047073,0.24999999999999994,0.75,,,,,,,,,
14,2,50,ZX_split,XY,2.397292558242699,4.108844908047073,0.6336534954435048,0.3663465045564952,,,,,,,,,
14,2,50,XYZ_split,XY,2.397292558242699,4.108844908047073,0.9864907469511938,0.013509253048806236,,,,,,,,,
14,2,50,ORACLE_plane,XY,2.397292558242699,4.108844908047073,0.9844696319079024,0.015530368092097624,,,,,,,,,
14,2,50,RL_adaptive,XY,2.397292558242699,4.108844908047073,0.9639696543442589,0.03603034565574115,8.0,3.0,0.0,1.0,3.0,5.0,0.0,22.0,8.0
14,2,100,Z_only,XY,2.397292558242699,4.108844908047073,0.24999999999999994,0.75,,,,,,,,,
14,2,100,ZX_split,XY,2.397292558242699,4.108844908047073,0.6134135568664743,0.38658644313352575,,,,,,,,,
14,2,100,XYZ_split,XY,2.397292558242699,4.108844908047073,0.9633209181557244,0.036679081844275596,,,,,,,,,
14,2,100,ORACLE_plane,XY,2.397292558242699,4.108844908047073,0.9750783240749561,0.024921675925043907,,,,,,,,,
14,2,100,RL_adaptive,XY,2.397292558242699,4.108844908047073,0.9893088801029889,0.010691119897011103,12.0,1.0,5.0,44.0,9.0,6.0,8.0,8.0,7.0
14,2,250,Z_only,XY,2.397292558242699,4.108844908047073,0.24999999999999978,0.7500000000000002,,,,,,,,,
14,2,250,ZX_split,XY,2.397292558242699,4.108844908047073,0.6759903145287918,0.32400968547120823,,,,,,,,,
14,2,250,XYZ_split,XY,2.397292558242699,4.108844908047073,0.9883801620710022,0.01161983792899779,,,,,,,,,
14,2,250,ORACLE_plane,XY,2.397292558242699,4.108844908047073,0.998799518605965,0.0012004813940349468,,,,,,,,,
14,2,250,RL_adaptive,XY,2.397292558242699,4.108844908047073,0.9619914563236877,0.038008543676312345,27.0,9.0,119.0,6.0,32.0,1.0,5.0,6.0,45.0
14,2,500,Z_only,XY,2.397292558242699,4.108844908047073,0.24999999999999978,0.7500000000000002,,,,,,,,,
14,2,500,ZX_split,XY,2.397292558242699,4.108844908047073,0.6791025484154893,0.32089745158451066,,,,,,,,,
14,2,500,XYZ_split,XY,2.397292558242699,4.108844908047073,0.999430549860774,0.0005694501392260465,,,,,,,,,
14,2,500,ORACLE_plane,XY,2.397292558242699,4.108844908047073,0.999580196160872,0.0004198038391279857,,,,,,,,,
14,2,500,RL_adaptive,XY,2.397292558242699,4.108844908047073,0.9909622581050573,0.009037741894942664,92.0,103.0,120.0,1.0,27.0,47.0,4.0,1.0,105.0
14,3,10,Z_only,XY,2.397292558242699,4.108844908047073,0.24999999999999994,0.75,,,,,,,,,
14,3,10,ZX_split,XY,2.397292558242699,4.108844908047073,0.6397483365996967,0.36025166340030335,,,,,,,,,
14,3,10,XYZ_split,XY,2.397292558242699,4.108844908047073,0.912001274756261,0.08799872524373897,,,,,,,,,
14,3,10,ORACLE_plane,XY,2.397292558242699,4.108844908047073,0.9814845388382678,0.018515461161732194,,,,,,,,,
14,3,10,RL_adaptive,XY,2.397292558242699,4.108844908047073,0.9740648387814215,0.02593516121857853,3.0,1.0,0.0,0.0,2.0,1.0,0.0,1.0,2.0
14,3,25,Z_only,XY,2.397292558242699,4.108844908047073,0.24999999999999994,0.75,,,,,,,,,
14,3,25,ZX_split,XY,2.397292558242699,4.108844908047073,0.6654074516617908,0.3345925483382092,,,,,,,,,
14,3,25,XYZ_split,XY,2.397292558242699,4.108844908047073,0.9835565702284301,0.016443429771569873,,,,,,,,,
14,3,25,ORACLE_plane,XY,2.397292558242699,4.108844908047073,0.8783300781414372,0.12166992185856285,,,,,,,,,
14,3,25,RL_adaptive,XY,2.397292558242699,4.108844908047073,0.8558447678256516,0.14415523217434845,4.0,1.0,0.0,4.0,2.0,2.0,0.0,8.0,4.0
14,3,50,Z_only,XY,2.397292558242699,4.108844908047073,0.2500000000000001,0.7499999999999999,,,,,,,,,
14,3,50,ZX_split,XY,2.397292558242699,4.108844908047073,0.6526994825405531,0.3473005174594469,,,,,,,,,
14,3,50,XYZ_split,XY,2.397292558242699,4.108844908047073,0.972691147478118,0.027308852521881977,,,,,,,,,
14,3,50,ORACLE_plane,XY,2.397292558242699,4.108844908047073,0.9970090039150327,0.0029909960849673345,,,,,,,,,
14,3,50,RL_adaptive,XY,2.397292558242699,4.108844908047073,0.9792697494494684,0.02073025055053157,10.0,2.0,0.0,0.0,4.0,3.0,0.0,22.0,9.0
14,3,100,Z_only,XY,2.397292558242699,4.108844908047073,0.2500000000000001,0.7499999999999999,,,,,,,,,
14,3,100,ZX_split,XY,2.397292558242699,4.108844908047073,0.6689414179667099,0.3310585820332901,,,,,,,,,
14,3,100,XYZ_split,XY,2.397292558242699,4.108844908047073,0.9873779505616287,0.012622049438371308,,,,,,,,,
14,3,100,ORACLE_plane,XY,2.397292558242699,4.108844908047073,0.9921197126634501,0.007880287336549885,,,,,,,,,
14,3,100,RL_adaptive,XY,2.397292558242699,4.108844908047073,0.9923848990346541,0.0076151009653459,7.0,5.0,6.0,42.0,6.0,10.0,12.0,7.0,5.0
14,3,250,Z_only,XY,2.397292558242699,4.108844908047073,0.24999999999999994,0.75,,,,,,,,,
14,3,250,ZX_split,XY,2.397292558242699,4.108844908047073,0.6725910256466956,0.3274089743533044,,,,,,,,,
14,3,250,XYZ_split,XY,2.397292558242699,4.108844908047073,0.9985647183952453,0.0014352816047547012,,,,,,,,,
14,3,250,ORACLE_plane,XY,2.397292558242699,4.108844908047073,0.9900234567538502,0.009976543246149827,,,,,,,,,
14,3,250,RL_adaptive,XY,2.397292558242699,4.108844908047073,0.9969243100370038,0.003075689962996231,24.0,12.0,123.0,7.0,30.0,1.0,7.0,5.0,41.0
14,3,500,Z_only,XY,2.397292558242699,4.108844908047073,0.2500000000000001,0.7499999999999999,,,,,,,,,
14,3,500,ZX_split,XY,2.397292558242699,4.108844908047073,0.6792337628661707,0.32076623713382935,,,,,,,,,
14,3,500,XYZ_split,XY,2.397292558242699,4.108844908047073,0.9980862111550789,0.001913788844921105,,,,,,,,,
14,3,500,ORACLE_plane,XY,2.397292558242699,4.108844908047073,0.9972921838594058,0.0027078161405942325,,,,,,,,,
14,3,500,RL_adaptive,XY,2.397292558242699,4.108844908047073,0.997579055188376,0.002420944811624026,81.0,112.0,120.0,1.0,19.0,59.0,14.0,3.0,91.0
14,4,10,Z_only,XY,2.397292558242699,4.108844908047073,0.2500000000000001,0.7499999999999999,,,,,,,,,
14,4,10,ZX_split,XY,2.397292558242699,4.108844908047073,0.6698105329476216,0.3301894670523784,,,,,,,,,
14,4,10,XYZ_split,XY,2.397292558242699,4.108844908047073,0.6203887330110991,0.3796112669889009,,,,,,,,,
14,4,10,ORACLE_plane,XY,2.397292558242699,4.108844908047073,0.949389979544767,0.050610020455232996,,,,,,,,,
14,4,10,RL_adaptive,XY,2.397292558242699,4.108844908047073,0.6240749028808995,0.3759250971191005,2.0,0.0,2.0,0.0,2.0,0.0,1.0,1.0,2.0
14,4,25,Z_only,XY,2.397292558242699,4.108844908047073,0.24999999999999994,0.75,,,,,,,,,
14,4,25,ZX_split,XY,2.397292558242699,4.108844908047073,0.6241780241144972,0.3758219758855028,,,,,,,,,
14,4,25,XYZ_split,XY,2.397292558242699,4.108844908047073,0.9224805001005413,0.07751949989945872,,,,,,,,,
14,4,25,ORACLE_plane,XY,2.397292558242699,4.108844908047073,0.9909279865215994,0.009072013478400587,,,,,,,,,
14,4,25,RL_adaptive,XY,2.397292558242699,4.108844908047073,0.8825292421416413,0.1174707578583587,4.0,1.0,1.0,3.0,2.0,3.0,0.0,9.0,2.0
14,4,50,Z_only,XY,2.397292558242699,4.108844908047073,0.24999999999999978,0.7500000000000002,,,,,,,,,
14,4,50,ZX_split,XY,2.397292558242699,4.108844908047073,0.6734500367689125,0.32654996323108754,,,,,,,,,
14,4,50,XYZ_split,XY,2.397292558242699,4.108844908047073,0.9364628232666053,0.06353717673339465,,,,,,,,,
14,4,50,ORACLE_plane,XY,2.397292558242699,4.108844908047073,0.9993641687713871,0.000635831228612882,,,,,,,,,
14,4,50,RL_adaptive,XY,2.397292558242699,4.108844908047073,0.9451440250068144,0.05485597499318562,8.0,3.0,0.0,1.0,3.0,4.0,0.0,22.0,9.0
14,4,100,Z_only,XY,2.397292558242699,4.108844908047073,0.24999999999999994,0.75,,,,,,,,,
14,4,100,ZX_split,XY,2.397292558242699,4.108844908047073,0.6801512081010506,0.31984879189894944,,,,,,,,,
14,4,100,XYZ_split,XY,2.397292558242699,4.108844908047073,0.9912205860669815,0.00877941393301851,,,,,,,,,
14,4,100,ORACLE_plane,XY,2.397292558242699,4.108844908047073,0.9959014120020134,0.004098587997986569,,,,,,,,,
14,4,100,RL_adaptive,XY,2.397292558242699,4.108844908047073,0.9200206694326417,0.07997933056735829,10.0,3.0,6.0,43.0,8.0,7.0,10.0,7.0,6.0
14,4,250,Z_only,XY,2.397292558242699,4.108844908047073,0.24999999999999978,0.7500000000000002,,,,,,,,,
14,4,250,ZX_split,XY,2.397292558242699,4.108844908047073,0.6755886858116119,0.3244113141883881,,,,,,,,,
14,4,250,XYZ_split,XY,2.397292558242699,4.108844908047073,0.9939041341471271,0.006095865852872917,,,,,,,,,
14,4,250,ORACLE_plane,XY,2.397292558242699,4.108844908047073,0.9994006156189381,0.0005993843810618849,,,,,,,,,
14,4,250,RL_adaptive,XY,2.397292558242699,4.108844908047073,0.996253065263866,0.0037469347361339667,17.0,15.0,127.0,12.0,22.0,5.0,9.0,8.0,35.0
14,4,500,Z_only,XY,2.397292558242699,4.108844908047073,0.24999999999999978,0.7500000000000002,,,,,,,,,
14,4,500,ZX_split,XY,2.397292558242699,4.108844908047073,0.6798965888929285,0.3201034111070715,,,,,,,,,
14,4,500,XYZ_split,XY,2.397292558242699,4.108844908047073,0.9858534268904023,0.01414657310959766,,,,,,,,,
14,4,500,ORACLE_plane,XY,2.397292558242699,4.108844908047073,0.9994729974001074,0.0005270025998925787,,,,,,,,,
14,4,500,RL_adaptive,XY,2.397292558242699,4.108844908047073,0.9945060511692017,0.005493948830798345,71.0,121.0,120.0,2.0,11.0,68.0,20.0,5.0,82.0
15,0,10,Z_only,XZ,5.570802902628844,3.6919177292706205,0.6296081700761341,0.3703918299238659,,,,,,,,,
15,0,10,ZX_split,XZ,5.570802902628844,3.6919177292706205,0.9169249394576465,0.08307506054235347,,,,,,,,,
15,0,10,XYZ_split,XZ,5.570802902628844,3.6919177292706205,0.5532805989363243,0.4467194010636757,,,,,,,,,
15,0,10,ORACLE_plane,XZ,5.570802902628844,3.6919177292706205,0.8602293478328081,0.13977065216719187,,,,,,,,,
15,0,10,RL_adaptive,XZ,5.570802902628844,3.6919177292706205,0.9253666932261139,0.07463330677388613,2.0,0.0,2.0,0.0,2.0,0.0,0.0,0.0,4.0
15,0,25,Z_only,XZ,5.570802902628844,3.6919177292706205,0.6296081700761341,0.3703918299238659,,,,,,,,,
15,0,25,ZX_split,XZ,5.570802902628844,3.6919177292706205,0.9997720445148368,0.0002279554851631893,,,,,,,,,
15,0,25,XYZ_split,XZ,5.570802902628844,3.6919177292706205,0.9541300418703876,0.045869958129612365,,,,,,,,,
15,0,25,ORACLE_plane,XZ,5.570802902628844,3.6919177292706205,0.9960686377825908,0.0039313622174091956,,,,,,,,,
15,0,25,RL_adaptive,XZ,5.570802902628844,3.6919177292706205,0.9187343697310983,0.08126563026890166,11.0,0.0,0.0,0.0,3.0,3.0,0.0,6.0,2.0
15,0,50,Z_only,XZ,5.570802902628844,3.6919177292706205,0.6296081700761341,0.3703918299238659,,,,,,,,,
15,0,50,ZX_split,XZ,5.570802902628844,3.6919177292706205,0.9909864277739657,0.009013572226034272,,,,,,,,,
15,0,50,XYZ_split,XZ,5.570802902628844,3.6919177292706205,0.9594254898808873,0.04057451011911273,,,,,,,,,
15,0,50,ORACLE_plane,XZ,5.570802902628844,3.6919177292706205,0.9807112053347224,0.019288794665277553,,,,,,,,,
15,0,50,RL_adaptive,XZ,5.570802902628844,3.6919177292706205,0.8521947648489666,0.1478052351510334,8.0,1.0,0.0,0.0,9.0,2.0,0.0,19.0,11.0
15,0,100,Z_only,XZ,5.570802902628844,3.6919177292706205,0.6296081700761341,0.3703918299238659,,,,,,,,,
15,0,100,ZX_split,XZ,5.570802902628844,3.6919177292706205,0.9953435666052175,0.0046564333947825,,,,,,,,,
15,0,100,XYZ_split,XZ,5.570802902628844,3.6919177292706205,0.9706436302315912,0.02935636976840883,,,,,,,,,
15,0,100,ORACLE_plane,XZ,5.570802902628844,3.6919177292706205,0.9958759156726877,0.004124084327312261,,,,,,,,,
15,0,100,RL_adaptive,XZ,5.570802902628844,3.6919177292706205,0.9754099521075925,0.024590047892407485,13.0,2.0,5.0,37.0,20.0,2.0,7.0,0.0,14.0
15,0,250,Z_only,XZ,5.570802902628844,3.6919177292706205,0.6296081700761341,0.3703918299238659,,,,,,,,,
15,0,250,ZX_split,XZ,5.570802902628844,3.6919177292706205,0.9950229081094148,0.00497709189058515,,,,,,,,,
15,0,250,XYZ_split,XZ,5.570802902628844,3.6919177292706205,0.9950193903707482,0.004980609629251842,,,,,,,,,
15,0,250,ORACLE_plane,XZ,5.570802902628844,3.6919177292706205,0.9970457088195541,0.0029542911804458782,,,,,,,,,
15,0,250,RL_adaptive,XZ,5.570802902628844,3.6919177292706205,0.9971254906725951,0.0028745093274048505,7.0,13.0,142.0,23.0,12.0,6.0,6.0,7.0,34.0
15,0,500,Z_only,XZ,5.570802902628844,3.6919177292706205,0.6296081700761341,0.3703918299238659,,,,,,,,,
15,0,500,ZX_split,XZ,5.570802902628844,3.6919177292706205,0.9998288746316063,0.00017112536839369863,,,,,,,,,
15,0,500,XYZ_split,XZ,5.570802902628844,3.6919177292706205,0.9972933213923623,0.002706678607637736,,,,,,,,,
15,0,500,ORACLE_plane,XZ,5.570802902628844,3.6919177292706205,0.999687933868416,0.0003120661315839657,,,,,,,,,
15,0,500,RL_adaptive,XZ,5.570802902628844,3.6919177292706205,0.9928313950194718,0.0071686049805281815,66.0,75.0,173.0,14.0,32.0,52.0,1.0,15.0,72.0
15,1,10,Z_only,XZ,5.570802902628844,3.6919177292706205,0.6296081700761341,0.3703918299238659,,,,,,,,,
15,1,10,ZX_split,XZ,5.570802902628844,3.6919177292706205,0.9926010408133166,0.007398959186683429,,,,,,,,,
15,1,10,XYZ_split,XZ,5.570802902628844,3.6919177292706205,0.5778949411431534,0.42210505885684657,,,,,,,,,
15,1,10,ORACLE_plane,XZ,5.570802902628844,3.6919177292706205,0.9365276742031818,0.06347232579681816,,,,,,,,,
15,1,10,RL_adaptive,XZ,5.570802902628844,3.6919177292706205,0.8210832338213252,0.1789167661786748,4.0,0.0,0.0,0.0,2.0,0.0,0.0,0.0,4.0
15,1,25,Z_only,XZ,5.570802902628844,3.6919177292706205,0.6296081700761341,0.3703918299238659,,,,,,,,,
15,1,25,ZX_split,XZ,5.570802902628844,3.6919177292706205,0.9946333949652069,0.005366605034793137,,,,,,,,,
15,1,25,XYZ_split,XZ,5.570802902628844,3.6919177292706205,0.8722973938113767,0.12770260618862328,,,,,,,,,
15,1,25,ORACLE_plane,XZ,5.570802902628844,3.6919177292706205,0.951131834099218,0.048868165900782023,,,,,,,,,
15,1,25,RL_adaptive,XZ,5.570802902628844,3.6919177292706205,0.9936124384274617,0.006387561572538281,9.0,0.0,1.0,0.0,2.0,3.0,0.0,8.0,2.0
15,1,50,Z_only,XZ,5.570802902628844,3.6919177292706205,0.6296081700761341,0.3703918299238659,,,,,,,,,
15,1,50,ZX_split,XZ,5.570802902628844,3.6919177292706205,0.986173003691729,0.013826996308271,,,,,,,,,
15,1,50,XYZ_split,XZ,5.570802902628844,3.6919177292706205,0.9601482393556264,0.03985176064437357,,,,,,,,,
15,1,50,ORACLE_plane,XZ,5.570802902628844,3.6919177292706205,0.9982927668611601,0.0017072331388399142,,,,,,,,,
15,1,50,RL_adaptive,XZ,5.570802902628844,3.6919177292706205,0.9538548549104718,0.04614514508952816,10.0,0.0,0.0,0.0,9.0,1.0,0.0,18.0,12.0
15,1,100,Z_only,XZ,5.570802902628844,3.6919177292706205,0.6296081700761341,0.3703918299238659,,,,,,,,,
15,1,100,ZX_split,XZ,5.570802902628844,3.6919177292706205,0.9910746239417884,0.008925376058211643,,,,,,,,,
15,1,100,XYZ_split,XZ,5.570802902628844,3.6919177292706205,0.9822041550846046,0.01779584491539543,,,,,,,,,
15,1,100,ORACLE_plane,XZ,5.570802902628844,3.6919177292706205,0.9931915397249083,0.006808460275091743,,,,,,,,,
15,1,100,RL_adaptive,XZ,5.570802902628844,3.6919177292706205,0.995156675811595,0.0048433241884050515,15.0,0.0,9.0,31.0,24.0,0.0,7.0,0.0,14.0
15,1,250,Z_only,XZ,5.570802902628844,3.6919177292706205,0.6296081700761341,0.3703918299238659,,,,,,,,,
15,1,250,ZX_split,XZ,5.570802902628844,3.6919177292706205,0.9985534555088112,0.0014465444911887504,,,,,,,,,
15,1,250,XYZ_split,XZ,5.570802902628844,3.6919177292706205,0.9961863500329341,0.003813649967065902,,,,,,,,,
15,1,250,ORACLE_plane,XZ,5.570802902628844,3.6919177292706205,0.9986627430204328,0.001337256979567214,,,,,,,,,
15,1,250,RL_adaptive,XZ,5.570802902628844,3.6919177292706205,0.997205654171723,0.0027943458282769784,12.0,7.0,140.0,20.0,20.0,2.0,3.0,2.0,44.0
15,1,500,Z_only,XZ,5.570802902628844,3.6919177292706205,0.6296081700761341,0.3703918299238659,,,,,,,,,
15,1,500,ZX_split,XZ,5.570802902628844,3.6919177292706205,0.9973692972154704,0.0026307027845295927,,,,,,,,,
15,1,500,XYZ_split,XZ,5.570802902628844,3.6919177292706205,0.9983164460647974,0.0016835539352025863,,,,,,,,,
15,1,500,ORACLE_plane,XZ,5.570802902628844,3.6919177292706205,0.9998642386229663,0.00013576137703374958,,,,,,,,,
15,1,500,RL_adaptive,XZ,5.570802902628844,3.6919177292706205,0.9949670461387828,0.00503295386121716,68.0,63.0,181.0,10.0,43.0,45.0,0.0,16.0,74.0
15,2,10,Z_only,XZ,5.570802902628844,3.6919177292706205,0.6296081700761341,0.3703918299238659,,,,,,,,,
15,2,10,ZX_split,XZ,5.570802902628844,3.6919177292706205,0.7040871021741661,0.29591289782583385,,,,,,,,,
15,2,10,XYZ_split,XZ,5.570802902628844,3.6919177292706205,0.9590382382810058,0.04096176171899424,,,,,,,,,
15,2,10,ORACLE_plane,XZ,5.570802902628844,3.6919177292706205,0.9229881592445114,0.07701184075548861,,,,,,,,,
15,2,10,RL_adaptive,XZ,5.570802902628844,3.6919177292706205,0.7966927484283077,0.20330725157169227,2.0,0.0,2.0,0.0,3.0,0.0,0.0,0.0,3.0
15,2,25,Z_only,XZ,5.570802902628844,3.6919177292706205,0.6296081700761341,0.3703918299238659,,,,,,,,,
15,2,25,ZX_split,XZ,5.570802902628844,3.6919177292706205,0.9963892031638542,0.0036107968361458465,,,,,,,,,
15,2,25,XYZ_split,XZ,5.570802902628844,3.6919177292706205,0.9347003454016273,0.06529965459837273,,,,,,,,,
15,2,25,ORACLE_plane,XZ,5.570802902628844,3.6919177292706205,0.9795357582080264,0.020464241791973592,,,,,,,,,
15,2,25,RL_adaptive,XZ,5.570802902628844,3.6919177292706205,0.7978795863112725,0.20212041368872746,6.0,0.0,1.0,2.0,2.0,3.0,0.0,8.0,3.0
15,2,50,Z_only,XZ,5.570802902628844,3.6919177292706205,0.6296081700761341,0.3703918299238659,,,,,,,,,
15,2,50,ZX_split,XZ,5.570802902628844,3.6919177292706205,0.9974475367564688,0.0025524632435312,,,,,,,,,
15,2,50,XYZ_split,XZ,5.570802902628844,3.6919177292706205,0.944109603541047,0.055890396458952996,,,,,,,,,
15,2,50,ORACLE_plane,XZ,5.570802902628844,3.6919177292706205,0.9926240729043209,0.007375927095679136,,,,,,,,,
15,2,50,RL_adaptive,XZ,5.570802902628844,3.6919177292706205,0.940911606599601,0.05908839340039895,10.0,1.0,0.0,0.0,8.0,2.0,0.0,19.0,10.0
15,2,100,Z_only,XZ,5.570802902628844,3.6919177292706205,0.6296081700761341,0.3703918299238659,,,,,,,,,
15,2,100,ZX_split,XZ,5.570802902628844,3.6919177292706205,0.9951975319112933,0.004802468088706657,,,,,,,,,
15,2,100,XYZ_split,XZ,5.570802902628844,3.6919177292706205,0.9843052803928679,0.01569471960713209,,,,,,,,,
15,2,100,ORACLE_plane,XZ,5.570802902628844,3.6919177292706205,0.9948896835834968,0.005110316416503169,,,,,,,,,
15,2,100,RL_adaptive,XZ,5.570802902628844,3.6919177292706205,0.986759508034979,0.013240491965020973,12.0,1.0,7.0,38.0,20.0,2.0,10.0,0.0,10.0
15,2,250,Z_only,XZ,5.570802902628844,3.6919177292706205,0.6296081700761341,0.3703918299238659,,,,,,,,,
15,2,250,ZX_split,XZ,5.570802902628844,3.6919177292706205,0.9998369715730618,0.000163028426938161,,,,,,,,,
15,2,250,XYZ_split,XZ,5.570802902628844,3.6919177292706205,0.9835672597239571,0.016432740276042912,,,,,,,,,
15,2,250,ORACLE_plane,XZ,5.570802902628844,3.6919177292706205,0.9993024469907098,0.0006975530092901971,,,,,,,,,
15,2,250,RL_adaptive,XZ,5.570802902628844,3.6919177292706205,0.9917979798945107,0.008202020105489316,12.0,9.0,141.0,21.0,16.0,3.0,3.0,5.0,40.0
15,2,500,Z_only,XZ,5.570802902628844,3.6919177292706205,0.6296081700761341,0.3703918299238659,,,,,,,,,
15,2,500,ZX_split,XZ,5.570802902628844,3.6919177292706205,0.9962388593190722,0.0037611406809278103,,,,,,,,,
15,2,500,XYZ_split,XZ,5.570802902628844,3.6919177292706205,0.9938338813727084,0.00616611862729155,,,,,,,,,
15,2,500,ORACLE_plane,XZ,5.570802902628844,3.6919177292706205,0.9977982911956439,0.002201708804356106,,,,,,,,,
15,2,500,RL_adaptive,XZ,5.570802902628844,3.6919177292706205,0.9967057399708722,0.0032942600291278046,78.0,58.0,170.0,4.0,59.0,39.0,0.0,10.0,82.0
15,3,10,Z_only,XZ,5.570802902628844,3.6919177292706205,0.6296081700761341,0.3703918299238659,,,,,,,,,
15,3,10,ZX_split,XZ,5.570802902628844,3.6919177292706205,0.9797164865958204,0.020283513404179554,,,,,,,,,
15,3,10,XYZ_split,XZ,5.570802902628844,3.6919177292706205,0.9005503832586742,0.0994496167413258,,,,,,,,,
15,3,10,ORACLE_plane,XZ,5.570802902628844,3.6919177292706205,0.9749082831886502,0.025091716811349807,,,,,,,,,
15,3,10,RL_adaptive,XZ,5.570802902628844,3.6919177292706205,0.9742200468164891,0.025779953183510895,2.0,0.0,3.0,0.0,3.0,0.0,0.0,0.0,2.0
15,3,25,Z_only,XZ,5.570802902628844,3.6919177292706205,0.6296081700761341,0.3703918299238659,,,,,,,,,
15,3,25,ZX_split,XZ,5.570802902628844,3.6919177292706205,0.9823660875784384,0.01763391242156165,,,,,,,,,
15,3,25,XYZ_split,XZ,5.570802902628844,3.6919177292706205,0.9774199456495963,0.022580054350403667,,,,,,,,,
15,3,25,ORACLE_plane,XZ,5.570802902628844,3.6919177292706205,0.98730314818664,0.01269685181336,,,,,,,,,
15,3,25,RL_adaptive,XZ,5.570802902628844,3.6919177292706205,0.991780497017163,0.008219502982837024,7.0,0.0,1.0,1.0,2.0,4.0,0.0,8.0,2.0
15,3,50,Z_only,XZ,5.570802902628844,3.6919177292706205,0.6296081700761341,0.3703918299238659,,,,,,,,,
15,3,50,ZX_split,XZ,5.570802902628844,3.6919177292706205,0.9849347471538682,0.015065252846131805,,,,,,,,,
15,3,50,XYZ_split,XZ,5.570802902628844,3.6919177292706205,0.9544599397011982,0.045540060298801754,,,,,,,,,
15,3,50,ORACLE_plane,XZ,5.570802902628844,3.6919177292706205,0.9966601153082602,0.0033398846917398473,,,,,,,,,
15,3,50,RL_adaptive,XZ,5.570802902628844,3.6919177292706205,0.9869868962376113,0.013013103762388734,10.0,1.0,0.0,0.0,9.0,2.0,0.0,17.0,11.0
15,3,100,Z_only,XZ,5.570802902628844,3.6919177292706205,0.6296081700761341,0.3703918299238659,,,,,,,,,
15,3,100,ZX_split,XZ,5.570802902628844,3.6919177292706205,0.999303644300496,0.0006963556995039921,,,,,,,,,
15,3,100,XYZ_split,XZ,5.570802902628844,3.6919177292706205,0.9749597026305161,0.025040297369483877,,,,,,,,,
15,3,100,ORACLE_plane,XZ,5.570802902628844,3.6919177292706205,0.9815181216269162,0.018481878373083793,,,,,,,,,
15,3,100,RL_adaptive,XZ,5.570802902628844,3.6919177292706205,0.9979304533152223,0.0020695466847776567,13.0,0.0,8.0,38.0,21.0,0.0,8.0,0.0,12.0
15,3,250,Z_only,XZ,5.570802902628844,3.6919177292706205,0.6296081700761341,0.3703918299238659,,,,,,,,,
15,3,250,ZX_split,XZ,5.570802902628844,3.6919177292706205,0.9956532036004582,0.00434679639954183,,,,,,,,,
15,3,250,XYZ_split,XZ,5.570802902628844,3.6919177292706205,0.9954195534982792,0.004580446501720847,,,,,,,,,
15,3,250,ORACLE_plane,XZ,5.570802902628844,3.6919177292706205,0.9989244089107862,0.0010755910892138454,,,,,,,,,
15,3,250,RL_adaptive,XZ,5.570802902628844,3.6919177292706205,0.9925872965261757,0.007412703473824278,9.0,11.0,141.0,21.0,14.0,5.0,5.0,6.0,38.0
15,3,500,Z_only,XZ,5.570802902628844,3.6919177292706205,0.6296081700761341,0.3703918299238659,,,,,,,,,
15,3,500,ZX_split,XZ,5.570802902628844,3.6919177292706205,0.9984626032281083,0.0015373967718916859,,,,,,,,,
15,3,500,XYZ_split,XZ,5.570802902628844,3.6919177292706205,0.9891633833556441,0.010836616644355868,,,,,,,,,
15,3,500,ORACLE_plane,XZ,5.570802902628844,3.6919177292706205,0.998392801297027,0.0016071987029729895,,,,,,,,,
15,3,500,RL_adaptive,XZ,5.570802902628844,3.6919177292706205,0.9938417154124183,0.006158284587581719,74.0,64.0,174.0,6.0,48.0,42.0,0.0,11.0,81.0
15,4,10,Z_only,XZ,5.570802902628844,3.6919177292706205,0.6296081700761341,0.3703918299238659,,,,,,,,,
15,4,10,ZX_split,XZ,5.570802902628844,3.6919177292706205,0.8946617769050961,0.10533822309490393,,,,,,,,,
15,4,10,XYZ_split,XZ,5.570802902628844,3.6919177292706205,0.758955874948148,0.24104412505185202,,,,,,,,,
15,4,10,ORACLE_plane,XZ,5.570802902628844,3.6919177292706205,0.8830485328151947,0.11695146718480531,,,,,,,,,
15,4,10,RL_adaptive,XZ,5.570802902628844,3.6919177292706205,0.9406195798663777,0.059380420133622325,4.0,0.0,0.0,0.0,2.0,0.0,0.0,0.0,4.0
15,4,25,Z_only,XZ,5.570802902628844,3.6919177292706205,0.6296081700761341,0.3703918299238659,,,,,,,,,
15,4,25,ZX_split,XZ,5.570802902628844,3.6919177292706205,0.9394961761170587,0.06050382388294129,,,,,,,,,
15,4,25,XYZ_split,XZ,5.570802902628844,3.6919177292706205,0.938051105677923,0.06194889432207695,,,,,,,,,
15,4,25,ORACLE_plane,XZ,5.570802902628844,3.6919177292706205,0.9729708380593491,0.02702916194065086,,,,,,,,,
15,4,25,RL_adaptive,XZ,5.570802902628844,3.6919177292706205,0.8314074355808065,0.16859256441919346,8.0,0.0,0.0,0.0,2.0,6.0,0.0,7.0,2.0
15,4,50,Z_only,XZ,5.570802902628844,3.6919177292706205,0.6296081700761341,0.3703918299238659,,,,,,,,,
15,4,50,ZX_split,XZ,5.570802902628844,3.6919177292706205,0.9912059790025547,0.008794020997445307,,,,,,,,,
15,4,50,XYZ_split,XZ,5.570802902628844,3.6919177292706205,0.8729245935973646,0.12707540640263537,,,,,,,,,
15,4,50,ORACLE_plane,XZ,5.570802902628844,3.6919177292706205,0.9780011738492294,0.021998826150770645,,,,,,,,,
15,4,50,RL_adaptive,XZ,5.570802902628844,3.6919177292706205,0.727028376963589,0.272971623036411,7.0,2.0,0.0,0.0,10.0,2.0,1.0,18.0,10.0
15,4,100,Z_only,XZ,5.570802902628844,3.6919177292706205,0.6296081700761341,0.3703918299238659,,,,,,,,,
15,4,100,ZX_split,XZ,5.570802902628844,3.6919177292706205,0.9567773274864881,0.04322267251351186,,,,,,,,,
15,4,100,XYZ_split,XZ,5.570802902628844,3.6919177292706205,0.9850099143909383,0.014990085609061676,,,,,,,,,
15,4,100,ORACLE_plane,XZ,5.570802902628844,3.6919177292706205,0.9969047257686579,0.003095274231342149,,,,,,,,,
15,4,100,RL_adaptive,XZ,5.570802902628844,3.6919177292706205,0.9459752171321478,0.05402478286785217,14.0,0.0,7.0,35.0,21.0,1.0,8.0,0.0,14.0
15,4,250,Z_only,XZ,5.570802902628844,3.6919177292706205,0.6296081700761341,0.3703918299238659,,,,,,,,,
15,4,250,ZX_split,XZ,5.570802902628844,3.6919177292706205,0.9933863825442619,0.0066136174557380745,,,,,,,,,
15,4,250,XYZ_split,XZ,5.570802902628844,3.6919177292706205,0.9959811837125708,0.004018816287429172,,,,,,,,,
15,4,250,ORACLE_plane,XZ,5.570802902628844,3.6919177292706205,0.9995582438556246,0.00044175614437536037,,,,,,,,,
15,4,250,RL_adaptive,XZ,5.570802902628844,3.6919177292706205,0.991464039005302,0.008535960994698,8.0,14.0,137.0,22.0,13.0,6.0,5.0,5.0,40.0
15,4,500,Z_only,XZ,5.570802902628844,3.6919177292706205,0.6296081700761341,0.3703918299238659,,,,,,,,,
15,4,500,ZX_split,XZ,5.570802902628844,3.6919177292706205,0.9993605725451421,0.0006394274548578993,,,,,,,,,
15,4,500,XYZ_split,XZ,5.570802902628844,3.6919177292706205,0.9978431369385778,0.002156863061422154,,,,,,,,,
15,4,500,ORACLE_plane,XZ,5.570802902628844,3.6919177292706205,0.9998451137869624,0.0001548862130376083,,,,,,,,,
15,4,500,RL_adaptive,XZ,5.570802902628844,3.6919177292706205,0.9931069195469079,0.006893080453092115,68.0,68.0,177.0,10.0,43.0,46.0,0.0,15.0,73.0
16,0,10,Z_only,YZ,0.9803128900977544,3.6761998350489042,0.6908511066733747,0.3091488933266253,,,,,,,,,
16,0,10,ZX_split,YZ,0.9803128900977544,3.6761998350489042,0.5822972086521746,0.4177027913478254,,,,,,,,,
16,0,10,XYZ_split,YZ,0.9803128900977544,3.6761998350489042,0.9207616973849322,0.07923830261506781,,,,,,,,,
16,0,10,ORACLE_plane,YZ,0.9803128900977544,3.6761998350489042,0.9468200461360028,0.05317995386399721,,,,,,,,,
16,0,10,RL_adaptive,YZ,0.9803128900977544,3.6761998350489042,0.8864320710145644,0.11356792898543555,4.0,0.0,0.0,0.0,4.0,0.0,0.0,0.0,2.0
16,0,25,Z_only,YZ,0.9803128900977544,3.6761998350489042,0.6908511066733747,0.3091488933266253,,,,,,,,,
16,0,25,ZX_split,YZ,0.9803128900977544,3.6761998350489042,0.6849415551755339,0.3150584448244661,,,,,,,,,
16,0,25,XYZ_split,YZ,0.9803128900977544,3.6761998350489042,0.8644723070912521,0.1355276929087479,,,,,,,,,
16,0,25,ORACLE_plane,YZ,0.9803128900977544,3.6761998350489042,0.9632466996614244,0.0367533003385756,,,,,,,,,
16,0,25,RL_adaptive,YZ,0.9803128900977544,3.6761998350489042,0.9848307494501888,0.01516925054981122,5.0,1.0,0.0,5.0,2.0,1.0,0.0,9.0,2.0
16,0,50,Z_only,YZ,0.9803128900977544,3.6761998350489042,0.6908511066733747,0.3091488933266253,,,,,,,,,
16,0,50,ZX_split,YZ,0.9803128900977544,3.6761998350489042,0.6766712671942785,0.3233287328057215,,,,,,,,,
16,0,50,XYZ_split,YZ,0.9803128900977544,3.6761998350489042,0.9635096956062766,0.03649030439372336,,,,,,,,,
16,0,50,ORACLE_plane,YZ,0.9803128900977544,3.6761998350489042,0.998531444146845,0.0014685558531549736,,,,,,,,,
16,0,50,RL_adaptive,YZ,0.9803128900977544,3.6761998350489042,0.9617365825353452,0.03826341746465478,13.0,0.0,0.0,0.0,8.0,2.0,1.0,16.0,10.0
16,0,100,Z_only,YZ,0.9803128900977544,3.6761998350489042,0.6908511066733747,0.3091488933266253,,,,,,,,,
16,0,100,ZX_split,YZ,0.9803128900977544,3.6761998350489042,0.6819116841234865,0.31808831587651354,,,,,,,,,
16,0,100,XYZ_split,YZ,0.9803128900977544,3.6761998350489042,0.9744009164285176,0.02559908357148244,,,,,,,,,
16,0,100,ORACLE_plane,YZ,0.9803128900977544,3.6761998350489042,0.9963485219642213,0.003651478035778699,,,,,,,,,
16,0,100,RL_adaptive,YZ,0.9803128900977544,3.6761998350489042,0.8451486627057841,0.15485133729421585,7.0,3.0,7.0,46.0,10.0,6.0,14.0,0.0,7.0
16,0,250,Z_only,YZ,0.9803128900977544,3.6761998350489042,0.6908511066733747,0.3091488933266253,,,,,,,,,
16,0,250,ZX_split,YZ,0.9803128900977544,3.6761998350489042,0.6794980719056876,0.32050192809431244,,,,,,,,,
16,0,250,XYZ_split,YZ,0.9803128900977544,3.6761998350489042,0.9916765373456942,0.008323462654305835,,,,,,,,,
16,0,250,ORACLE_plane,YZ,0.9803128900977544,3.6761998350489042,0.9965975469777115,0.0034024530222884763,,,,,,,,,
16,0,250,RL_adaptive,YZ,0.9803128900977544,3.6761998350489042,0.9930680687319514,0.006931931268048586,15.0,13.0,129.0,14.0,13.0,8.0,18.0,16.0,24.0
16,0,500,Z_only,YZ,0.9803128900977544,3.6761998350489042,0.6908511066733747,0.3091488933266253,,,,,,,,,
16,0,500,ZX_split,YZ,0.9803128900977544,3.6761998350489042,0.6894480145000667,0.31055198549993335,,,,,,,,,
16,0,500,XYZ_split,YZ,0.9803128900977544,3.6761998350489042,0.9965500358158724,0.003449964184127574,,,,,,,,,
16,0,500,ORACLE_plane,YZ,0.9803128900977544,3.6761998350489042,0.9986296492900764,0.00137035070992364,,,,,,,,,
16,0,500,RL_adaptive,YZ,0.9803128900977544,3.6761998350489042,0.9943092042315846,0.005690795768415358,89.0,86.0,138.0,0.0,25.0,48.0,23.0,14.0,77.0
16,1,10,Z_only,YZ,0.9803128900977544,3.6761998350489042,0.6908511066733747,0.3091488933266253,,,,,,,,,
16,1,10,ZX_split,YZ,0.9803128900977544,3.6761998350489042,0.29020260863002756,0.7097973913699724,,,,,,,,,
16,1,10,XYZ_split,YZ,0.9803128900977544,3.6761998350489042,0.9750384027883064,0.024961597211693554,,,,,,,,,
16,1,10,ORACLE_plane,YZ,0.9803128900977544,3.6761998350489042,0.9750384027883064,0.024961597211693554,,,,,,,,,
16,1,10,RL_adaptive,YZ,0.9803128900977544,3.6761998350489042,0.7107281058218646,0.28927189417813537,6.0,0.0,0.0,0.0,2.0,0.0,0.0,0.0,2.0
16,1,25,Z_only,YZ,0.9803128900977544,3.6761998350489042,0.6908511066733747,0.3091488933266253,,,,,,,,,
16,1,25,ZX_split,YZ,0.9803128900977544,3.6761998350489042,0.6677663589851984,0.3322336410148016,,,,,,,,,
16,1,25,XYZ_split,YZ,0.9803128900977544,3.6761998350489042,0.8654589852514836,0.13454101474851643,,,,,,,,,
16,1,25,ORACLE_plane,YZ,0.9803128900977544,3.6761998350489042,0.9936370386030813,0.00636296139691872,,,,,,,,,
16,1,25,RL_adaptive,YZ,0.9803128900977544,3.6761998350489042,0.8784627767993791,0.12153722320062088,6.0,0.0,0.0,5.0,2.0,1.0,0.0,9.0,2.0
16,1,50,Z_only,YZ,0.9803128900977544,3.6761998350489042,0.6908511066733747,0.3091488933266253,,,,,,,,,
16,1,50,ZX_split,YZ,0.9803128900977544,3.6761998350489042,0.6901741623081618,0.30982583769183825,,,,,,,,,
16,1,50,XYZ_split,YZ,0.9803128900977544,3.6761998350489042,0.9912666091136921,0.008733390886307868,,,,,,,,,
16,1,50,ORACLE_plane,YZ,0.9803128900977544,3.6761998350489042,0.9941008337229031,0.005899166277096857,,,,,,,,,
16,1,50,RL_adaptive,YZ,0.9803128900977544,3.6761998350489042,0.8796706812395053,0.12032931876049469,10.0,0.0,0.0,0.0,10.0,0.0,2.0,18.0,10.0
16,1,100,Z_only,YZ,0.9803128900977544,3.6761998350489042,0.6908511066733747,0.3091488933266253,,,,,,,,,
16,1,100,ZX_split,YZ,0.9803128900977544,3.6761998350489042,0.6709438174643478,0.32905618253565216,,,,,,,,,
16,1,100,XYZ_split,YZ,0.9803128900977544,3.6761998350489042,0.9831193663072996,0.01688063369270043,,,,,,,,,
16,1,100,ORACLE_plane,YZ,0.9803128900977544,3.6761998350489042,0.9954743566555262,0.0045256433444738065,,,,,,,,,
16,1,100,RL_adaptive,YZ,0.9803128900977544,3.6761998350489042,0.9968052538610983,0.003194746138901694,8.0,0.0,6.0,46.0,12.0,4.0,14.0,2.0,8.0
16,1,250,Z_only,YZ,0.9803128900977544,3.6761998350489042,0.6908511066733747,0.3091488933266253,,,,,,,,,
16,1,250,ZX_split,YZ,0.9803128900977544,3.6761998350489042,0.6901623405865713,0.30983765941342867,,,,,,,,,
16,1,250,XYZ_split,YZ,0.9803128900977544,3.6761998350489042,0.9874235341145962,0.012576465885403842,,,,,,,,,
16,1,250,ORACLE_plane,YZ,0.9803128900977544,3.6761998350489042,0.9999186628330917,8.133716690827963e-05,,,,,,,,,
16,1,250,RL_adaptive,YZ,0.9803128900977544,3.6761998350489042,0.9864626853952247,0.013537314604775252,18.0,10.0,135.0,11.0,17.0,6.0,15.0,13.0,25.0
16,1,500,Z_only,YZ,0.9803128900977544,3.6761998350489042,0.6908511066733747,0.3091488933266253,,,,,,,,,
16,1,500,ZX_split,YZ,0.9803128900977544,3.6761998350489042,0.6906917106737337,0.3093082893262663,,,,,,,,,
16,1,500,XYZ_split,YZ,0.9803128900977544,3.6761998350489042,0.9987518549824758,0.0012481450175242381,,,,,,,,,
16,1,500,ORACLE_plane,YZ,0.9803128900977544,3.6761998350489042,0.999813510941985,0.0001864890580149936,,,,,,,,,
16,1,500,RL_adaptive,YZ,0.9803128900977544,3.6761998350489042,0.9901604399302942,0.009839560069705766,81.0,87.0,139.0,0.0,21.0,54.0,32.0,19.0,67.0
16,2,10,Z_only,YZ,0.9803128900977544,3.6761998350489042,0.6908511066733747,0.3091488933266253,,,,,,,,,
16,2,10,ZX_split,YZ,0.9803128900977544,3.6761998350489042,0.46825185121646945,0.5317481487835305,,,,,,,,,
16,2,10,XYZ_split,YZ,0.9803128900977544,3.6761998350489042,0.45087259901987037,0.5491274009801297,,,,,,,,,
16,2,10,ORACLE_plane,YZ,0.9803128900977544,3.6761998350489042,0.9255794137151601,0.07442058628483994,,,,,,,,,
16,2,10,RL_adaptive,YZ,0.9803128900977544,3.6761998350489042,0.9750384027883064,0.024961597211693554,2.0,0.0,4.0,0.0,2.0,0.0,0.0,0.0,2.0
16,2,25,Z_only,YZ,0.9803128900977544,3.6761998350489042,0.6908511066733747,0.3091488933266253,,,,,,,,,
16,2,25,ZX_split,YZ,0.9803128900977544,3.6761998350489042,0.6908511066733747,0.3091488933266253,,,,,,,,,
16,2,25,XYZ_split,YZ,0.9803128900977544,3.6761998350489042,0.9924360207010408,0.007563979298959245,,,,,,,,,
16,2,25,ORACLE_plane,YZ,0.9803128900977544,3.6761998350489042,0.9854992365006932,0.014500763499306846,,,,,,,,,
16,2,25,RL_adaptive,YZ,0.9803128900977544,3.6761998350489042,0.9236807984413957,0.07631920155860428,7.0,0.0,0.0,3.0,2.0,2.0,0.0,9.0,2.0
16,2,50,Z_only,YZ,0.9803128900977544,3.6761998350489042,0.6908511066733747,0.3091488933266253,,,,,,,,,
16,2,50,ZX_split,YZ,0.9803128900977544,3.6761998350489042,0.6749615932493941,0.3250384067506059,,,,,,,,,
16,2,50,XYZ_split,YZ,0.9803128900977544,3.6761998350489042,0.9769238267030806,0.023076173296919356,,,,,,,,,
16,2,50,ORACLE_plane,YZ,0.9803128900977544,3.6761998350489042,0.9911733057049524,0.008826694295047566,,,,,,,,,
16,2,50,RL_adaptive,YZ,0.9803128900977544,3.6761998350489042,0.966660494455905,0.03333950554409504,12.0,0.0,0.0,0.0,9.0,0.0,2.0,17.0,10.0
16,2,100,Z_only,YZ,0.9803128900977544,3.6761998350489042,0.6908511066733747,0.3091488933266253,,,,,,,,,
16,2,100,ZX_split,YZ,0.9803128900977544,3.6761998350489042,0.6880157531699356,0.3119842468300644,,,,,,,,,
16,2,100,XYZ_split,YZ,0.9803128900977544,3.6761998350489042,0.9827200879661542,0.017279912033845823,,,,,,,,,
16,2,100,ORACLE_plane,YZ,0.9803128900977544,3.6761998350489042,0.9991850380670466,0.0008149619329533841,,,,,,,,,
16,2,100,RL_adaptive,YZ,0.9803128900977544,3.6761998350489042,0.9624974725587729,0.03750252744122706,11.0,0.0,6.0,46.0,16.0,2.0,10.0,0.0,9.0
16,2,250,Z_only,YZ,0.9803128900977544,3.6761998350489042,0.6908511066733747,0.3091488933266253,,,,,,,,,
16,2,250,ZX_split,YZ,0.9803128900977544,3.6761998350489042,0.6877270933892188,0.3122729066107812,,,,,,,,,
16,2,250,XYZ_split,YZ,0.9803128900977544,3.6761998350489042,0.9896221139201268,0.010377886079873222,,,,,,,,,
16,2,250,ORACLE_plane,YZ,0.9803128900977544,3.6761998350489042,0.9996704096872687,0.00032959031273127604,,,,,,,,,
16,2,250,RL_adaptive,YZ,0.9803128900977544,3.6761998350489042,0.9938231098669017,0.006176890133098301,18.0,11.0,132.0,12.0,16.0,5.0,16.0,13.0,27.0
16,2,500,Z_only,YZ,0.9803128900977544,3.6761998350489042,0.6908511066733747,0.3091488933266253,,,,,,,,,
16,2,500,ZX_split,YZ,0.9803128900977544,3.6761998350489042,0.6904673946961914,0.30953260530380855,,,,,,,,,
16,2,500,XYZ_split,YZ,0.9803128900977544,3.6761998350489042,0.9864338440998689,0.013566155900131105,,,,,,,,,
16,2,500,ORACLE_plane,YZ,0.9803128900977544,3.6761998350489042,0.9983961719690606,0.0016038280309393915,,,,,,,,,
16,2,500,RL_adaptive,YZ,0.9803128900977544,3.6761998350489042,0.9958524873254062,0.00414751267459379,88.0,82.0,138.0,0.0,31.0,46.0,25.0,14.0,76.0
16,3,10,Z_only,YZ,0.9803128900977544,3.6761998350489042,0.6908511066733747,0.3091488933266253,,,,,,,,,
16,3,10,ZX_split,YZ,0.9803128900977544,3.6761998350489042,0.6518261819928949,0.3481738180071051,,,,,,,,,
16,3,10,XYZ_split,YZ,0.9803128900977544,3.6761998350489042,0.7032244450887797,0.2967755549112203,,,,,,,,,
16,3,10,ORACLE_plane,YZ,0.9803128900977544,3.6761998350489042,0.9993650909843274,0.0006349090156726467,,,,,,,,,
16,3,10,RL_adaptive,YZ,0.9803128900977544,3.6761998350489042,0.7967901634584919,0.20320983654150815,4.0,1.0,0.0,0.0,2.0,0.0,0.0,1.0,2.0
16,3,25,Z_only,YZ,0.9803128900977544,3.6761998350489042,0.6908511066733747,0.3091488933266253,,,,,,,,,
16,3,25,ZX_split,YZ,0.9803128900977544,3.6761998350489042,0.6385538815603942,0.36144611843960583,,,,,,,,,
16,3,25,XYZ_split,YZ,0.9803128900977544,3.6761998350489042,0.9630412935179886,0.03695870648201138,,,,,,,,,
16,3,25,ORACLE_plane,YZ,0.9803128900977544,3.6761998350489042,0.9113971427876828,0.0886028572123172,,,,,,,,,
16,3,25,RL_adaptive,YZ,0.9803128900977544,3.6761998350489042,0.9378407166583445,0.06215928334165555,5.0,1.0,0.0,5.0,2.0,1.0,0.0,9.0,2.0
16,3,50,Z_only,YZ,0.9803128900977544,3.6761998350489042,0.6908511066733747,0.3091488933266253,,,,,,,,,
16,3,50,ZX_split,YZ,0.9803128900977544,3.6761998350489042,0.6875338160120756,0.31246618398792436,,,,,,,,,
16,3,50,XYZ_split,YZ,0.9803128900977544,3.6761998350489042,0.9768858497465918,0.02311415025340824,,,,,,,,,
16,3,50,ORACLE_plane,YZ,0.9803128900977544,3.6761998350489042,0.9732266356437661,0.026773364356233897,,,,,,,,,
16,3,50,RL_adaptive,YZ,0.9803128900977544,3.6761998350489042,0.9891885932353891,0.010811406764610898,9.0,1.0,0.0,0.0,7.0,3.0,4.0,18.0,8.0
16,3,100,Z_only,YZ,0.9803128900977544,3.6761998350489042,0.6908511066733747,0.3091488933266253,,,,,,,,,
16,3,100,ZX_split,YZ,0.9803128900977544,3.6761998350489042,0.6855425921176598,0.3144574078823402,,,,,,,,,
16,3,100,XYZ_split,YZ,0.9803128900977544,3.6761998350489042,0.9921539250540755,0.007846074945924486,,,,,,,,,
16,3,100,ORACLE_plane,YZ,0.9803128900977544,3.6761998350489042,0.9948919620860031,0.005108037913996943,,,,,,,,,
16,3,100,RL_adaptive,YZ,0.9803128900977544,3.6761998350489042,0.9577081622108943,0.042291837789105724,11.0,1.0,5.0,46.0,13.0,2.0,10.0,1.0,11.0
16,3,250,Z_only,YZ,0.9803128900977544,3.6761998350489042,0.6908511066733747,0.3091488933266253,,,,,,,,,
16,3,250,ZX_split,YZ,0.9803128900977544,3.6761998350489042,0.6743031314479683,0.3256968685520317,,,,,,,,,
16,3,250,XYZ_split,YZ,0.9803128900977544,3.6761998350489042,0.9939797377379612,0.006020262262038778,,,,,,,,,
16,3,250,ORACLE_plane,YZ,0.9803128900977544,3.6761998350489042,0.9950225214141091,0.0049774785858909265,,,,,,,,,
16,3,250,RL_adaptive,YZ,0.9803128900977544,3.6761998350489042,0.9730761890718486,0.026923810928151437,19.0,7.0,137.0,12.0,20.0,3.0,12.0,14.0,26.0
16,3,500,Z_only,YZ,0.9803128900977544,3.6761998350489042,0.6908511066733747,0.3091488933266253,,,,,,,,,
16,3,500,ZX_split,YZ,0.9803128900977544,3.6761998350489042,0.6905638407121161,0.3094361592878839,,,,,,,,,
16,3,500,XYZ_split,YZ,0.9803128900977544,3.6761998350489042,0.9983770413282429,0.001622958671757102,,,,,,,,,
16,3,500,ORACLE_plane,YZ,0.9803128900977544,3.6761998350489042,0.9999724926745572,2.7507325442766017e-05,,,,,,,,,
16,3,500,RL_adaptive,YZ,0.9803128900977544,3.6761998350489042,0.9936353013876111,0.006364698612388864,74.0,92.0,141.0,2.0,16.0,59.0,34.0,21.0,61.0
16,4,10,Z_only,YZ,0.9803128900977544,3.6761998350489042,0.6908511066733747,0.3091488933266253,,,,,,,,,
16,4,10,ZX_split,YZ,0.9803128900977544,3.6761998350489042,0.6419432035688761,0.35805679643112387,,,,,,,,,
16,4,10,XYZ_split,YZ,0.9803128900977544,3.6761998350489042,0.9475997619539909,0.05240023804600913,,,,,,,,,
16,4,10,ORACLE_plane,YZ,0.9803128900977544,3.6761998350489042,0.9750384027883064,0.024961597211693554,,,,,,,,,
16,4,10,RL_adaptive,YZ,0.9803128900977544,3.6761998350489042,0.4052682224928319,0.5947317775071681,5.0,0.0,0.0,0.0,3.0,0.0,0.0,0.0,2.0
16,4,25,Z_only,YZ,0.9803128900977544,3.6761998350489042,0.6908511066733747,0.3091488933266253,,,,,,,,,
16,4,25,ZX_split,YZ,0.9803128900977544,3.6761998350489042,0.628459668566166,0.371540331433834,,,,,,,,,
16,4,25,XYZ_split,YZ,0.9803128900977544,3.6761998350489042,0.8729367818624238,0.12706321813757615,,,,,,,,,
16,4,25,ORACLE_plane,YZ,0.9803128900977544,3.6761998350489042,0.9917030623917085,0.008296937608291532,,,,,,,,,
16,4,25,RL_adaptive,YZ,0.9803128900977544,3.6761998350489042,0.8037728450581002,0.1962271549418998,3.0,1.0,0.0,8.0,2.0,0.0,0.0,8.0,3.0
16,4,50,Z_only,YZ,0.9803128900977544,3.6761998350489042,0.6908511066733747,0.3091488933266253,,,,,,,,,
16,4,50,ZX_split,YZ,0.9803128900977544,3.6761998350489042,0.6749615932493941,0.3250384067506059,,,,,,,,,
16,4,50,XYZ_split,YZ,0.9803128900977544,3.6761998350489042,0.9734186897416203,0.02658131025837973,,,,,,,,,
16,4,50,ORACLE_plane,YZ,0.9803128900977544,3.6761998350489042,0.9945519997500107,0.00544800024998926,,,,,,,,,
16,4,50,RL_adaptive,YZ,0.9803128900977544,3.6761998350489042,0.8736439277553951,0.12635607224460488,12.0,0.0,0.0,0.0,11.0,0.0,0.0,15.0,12.0
16,4,100,Z_only,YZ,0.9803128900977544,3.6761998350489042,0.6908511066733747,0.3091488933266253,,,,,,,,,
16,4,100,ZX_split,YZ,0.9803128900977544,3.6761998350489042,0.6483191619065289,0.35168083809347106,,,,,,,,,
16,4,100,XYZ_split,YZ,0.9803128900977544,3.6761998350489042,0.9729268827271778,0.027073117272822245,,,,,,,,,
16,4,100,ORACLE_plane,YZ,0.9803128900977544,3.6761998350489042,0.9898340094410776,0.010165990558922422,,,,,,,,,
16,4,100,RL_adaptive,YZ,0.9803128900977544,3.6761998350489042,0.9968912057511976,0.0031087942488023934,9.0,0.0,8.0,43.0,15.0,2.0,12.0,0.0,11.0
16,4,250,Z_only,YZ,0.9803128900977544,3.6761998350489042,0.6908511066733747,0.3091488933266253,,,,,,,,,
16,4,250,ZX_split,YZ,0.9803128900977544,3.6761998350489042,0.6667045953790804,0.33329540462091956,,,,,,,,,
16,4,250,XYZ_split,YZ,0.9803128900977544,3.6761998350489042,0.988774073736062,0.011225926263938035,,,,,,,,,
16,4,250,ORACLE_plane,YZ,0.9803128900977544,3.6761998350489042,0.9991574208448962,0.0008425791551037731,,,,,,,,,
16,4,250,RL_adaptive,YZ,0.9803128900977544,3.6761998350489042,0.9777128886538601,0.02228711134613992,18.0,9.0,136.0,12.0,19.0,3.0,12.0,14.0,27.0
16,4,500,Z_only,YZ,0.9803128900977544,3.6761998350489042,0.6908511066733747,0.3091488933266253,,,,,,,,,
16,4,500,ZX_split,YZ,0.9803128900977544,3.6761998350489042,0.6896074066687757,0.31039259333122426,,,,,,,,,
16,4,500,XYZ_split,YZ,0.9803128900977544,3.6761998350489042,0.9916364865200792,0.008363513479920814,,,,,,,,,
16,4,500,ORACLE_plane,YZ,0.9803128900977544,3.6761998350489042,0.9994183261092333,0.0005816738907666874,,,,,,,,,
16,4,500,RL_adaptive,YZ,0.9803128900977544,3.6761998350489042,0.9910934674457157,0.008906532554284308,84.0,92.0,133.0,0.0,20.0,54.0,31.0,16.0,70.0
17,0,10,Z_only,XY,0.9973485164239602,1.054689625987445,0.2500000000000001,0.7499999999999999,,,,,,,,,
17,0,10,ZX_split,XY,0.9973485164239602,1.054689625987445,0.5166486192652929,0.48335138073470707,,,,,,,,,
17,0,10,XYZ_split,XY,0.9973485164239602,1.054689625987445,0.7879394325443845,0.21206056745561552,,,,,,,,,
17,0,10,ORACLE_plane,XY,0.9973485164239602,1.054689625987445,0.8682130237518434,0.1317869762481566,,,,,,,,,
17,0,10,RL_adaptive,XY,0.9973485164239602,1.054689625987445,0.5701327287326585,0.4298672712673415,5.0,0.0,0.0,0.0,2.0,0.0,0.0,1.0,2.0
17,0,25,Z_only,XY,0.9973485164239602,1.054689625987445,0.25,0.75,,,,,,,,,
17,0,25,ZX_split,XY,0.9973485164239602,1.054689625987445,0.5191094730065888,0.48089052699341117,,,,,,,,,
17,0,25,XYZ_split,XY,0.9973485164239602,1.054689625987445,0.795229804282759,0.20477019571724098,,,,,,,,,
17,0,25,ORACLE_plane,XY,0.9973485164239602,1.054689625987445,0.9977445301721675,0.0022554698278325347,,,,,,,,,
17,0,25,RL_adaptive,XY,0.9973485164239602,1.054689625987445,0.8969140650995414,0.10308593490045859,8.0,0.0,0.0,2.0,4.0,1.0,0.0,5.0,5.0
17,0,50,Z_only,XY,0.9973485164239602,1.054689625987445,0.24999999999999994,0.75,,,,,,,,,
17,0,50,ZX_split,XY,0.9973485164239602,1.054689625987445,0.5746890330944504,0.4253109669055496,,,,,,,,,
17,0,50,XYZ_split,XY,0.9973485164239602,1.054689625987445,0.9630447671254606,0.03695523287453939,,,,,,,,,
17,0,50,ORACLE_plane,XY,0.9973485164239602,1.054689625987445,0.9991180616528461,0.0008819383471538877,,,,,,,,,
17,0,50,RL_adaptive,XY,0.9973485164239602,1.054689625987445,0.9774832462914811,0.02251675370851891,10.0,2.0,0.0,0.0,6.0,4.0,0.0,18.0,10.0
17,0,100,Z_only,XY,0.9973485164239602,1.054689625987445,0.25,0.75,,,,,,,,,
17,0,100,ZX_split,XY,0.9973485164239602,1.054689625987445,0.5747028750445538,0.42529712495544625,,,,,,,,,
17,0,100,XYZ_split,XY,0.9973485164239602,1.054689625987445,0.9858440999820894,0.014155900017910561,,,,,,,,,
17,0,100,ORACLE_plane,XY,0.9973485164239602,1.054689625987445,0.9942233068469793,0.005776693153020651,,,,,,,,,
17,0,100,RL_adaptive,XY,0.9973485164239602,1.054689625987445,0.9664509967011651,0.03354900329883492,10.0,2.0,3.0,44.0,12.0,6.0,15.0,0.0,8.0
17,0,250,Z_only,XY,0.9973485164239602,1.054689625987445,0.25,0.75,,,,,,,,,
17,0,250,ZX_split,XY,0.9973485164239602,1.054689625987445,0.5620894079163055,0.43791059208369454,,,,,,,,,
17,0,250,XYZ_split,XY,0.9973485164239602,1.054689625987445,0.997835911771329,0.0021640882286709795,,,,,,,,,
17,0,250,ORACLE_plane,XY,0.9973485164239602,1.054689625987445,0.9948398755591304,0.005160124440869551,,,,,,,,,
17,0,250,RL_adaptive,XY,0.9973485164239602,1.054689625987445,0.9777837922723349,0.022216207727665083,13.0,12.0,143.0,10.0,26.0,3.0,2.0,0.0,41.0
17,0,500,Z_only,XY,0.9973485164239602,1.054689625987445,0.2500000000000001,0.7499999999999999,,,,,,,,,
17,0,500,ZX_split,XY,0.9973485164239602,1.054689625987445,0.5655467398555716,0.4344532601444284,,,,,,,,,
17,0,500,XYZ_split,XY,0.9973485164239602,1.054689625987445,0.9966365220828297,0.0033634779171702878,,,,,,,,,
17,0,500,ORACLE_plane,XY,0.9973485164239602,1.054689625987445,0.9992109859397542,0.0007890140602457851,,,,,,,,,
17,0,500,RL_adaptive,XY,0.9973485164239602,1.054689625987445,0.9928809797931033,0.007119020206896698,81.0,102.0,123.0,0.0,30.0,41.0,10.0,0.0,113.0
17,1,10,Z_only,XY,0.9973485164239602,1.054689625987445,0.2500000000000001,0.7499999999999999,,,,,,,,,
17,1,10,ZX_split,XY,0.9973485164239602,1.054689625987445,0.24653272263304932,0.7534672773669506,,,,,,,,,
17,1,10,XYZ_split,XY,0.9973485164239602,1.054689625987445,0.7662195072622713,0.23378049273772872,,,,,,,,,
17,1,10,ORACLE_plane,XY,0.9973485164239602,1.054689625987445,0.5942779892834859,0.40572201071651415,,,,,,,,,
17,1,10,RL_adaptive,XY,0.9973485164239602,1.054689625987445,0.8054690265323665,0.19453097346763348,3.0,0.0,0.0,0.0,2.0,0.0,0.0,2.0,3.0
17,1,25,Z_only,XY,0.9973485164239602,1.054689625987445,0.2500000000000001,0.7499999999999999,,,,,,,,,
17,1,25,ZX_split,XY,0.9973485164239602,1.054689625987445,0.563567734684699,0.436432265315301,,,,,,,,,
17,1,25,XYZ_split,XY,0.9973485164239602,1.054689625987445,0.9700150997354853,0.029984900264514724,,,,,,,,,
17,1,25,ORACLE_plane,XY,0.9973485164239602,1.054689625987445,0.9900972853653625,0.009902714634637544,,,,,,,,,
17,1,25,RL_adaptive,XY,0.9973485164239602,1.054689625987445,0.9124158507315233,0.08758414926847669,4.0,2.0,0.0,5.0,2.0,1.0,0.0,6.0,5.0
17,1,50,Z_only,XY,0.9973485164239602,1.054689625987445,0.2500000000000001,0.7499999999999999,,,,,,,,,
17,1,50,ZX_split,XY,0.9973485164239602,1.054689625987445,0.5669151327662675,0.4330848672337325,,,,,,,,,
17,1,50,XYZ_split,XY,0.9973485164239602,1.054689625987445,0.9698208263139496,0.030179173686050387,,,,,,,,,
17,1,50,ORACLE_plane,XY,0.9973485164239602,1.054689625987445,0.9957103922252998,0.0042896077747002215,,,,,,,,,
17,1,50,RL_adaptive,XY,0.9973485164239602,1.054689625987445,0.9177527847842113,0.0822472152157887,12.0,0.0,0.0,0.0,11.0,0.0,0.0,15.0,12.0
17,1,100,Z_only,XY,0.9973485164239602,1.054689625987445,0.25,0.75,,,,,,,,,
17,1,100,ZX_split,XY,0.9973485164239602,1.054689625987445,0.5750567659888004,0.4249432340111996,,,,,,,,,
17,1,100,XYZ_split,XY,0.9973485164239602,1.054689625987445,0.9924715398096225,0.007528460190377451,,,,,,,,,
17,1,100,ORACLE_plane,XY,0.9973485164239602,1.054689625987445,0.9979603449641666,0.0020396550358333654,,,,,,,,,
17,1,100,RL_adaptive,XY,0.9973485164239602,1.054689625987445,0.9864394396030894,0.01356056039691056,14.0,0.0,3.0,37.0,18.0,2.0,11.0,0.0,15.0
17,1,250,Z_only,XY,0.9973485164239602,1.054689625987445,0.2500000000000001,0.7499999999999999,,,,,,,,,
17,1,250,ZX_split,XY,0.9973485164239602,1.054689625987445,0.5652693641337371,0.4347306358662629,,,,,,,,,
17,1,250,XYZ_split,XY,0.9973485164239602,1.054689625987445,0.994495466574368,0.005504533425631952,,,,,,,,,
17,1,250,ORACLE_plane,XY,0.9973485164239602,1.054689625987445,0.9973481252297135,0.0026518747702864998,,,,,,,,,
17,1,250,RL_adaptive,XY,0.9973485164239602,1.054689625987445,0.9961153470382069,0.003884652961793078,15.0,7.0,146.0,5.0,33.0,0.0,1.0,0.0,43.0
17,1,500,Z_only,XY,0.9973485164239602,1.054689625987445,0.2500000000000001,0.7499999999999999,,,,,,,,,
17,1,500,ZX_split,XY,0.9973485164239602,1.054689625987445,0.5711184768705453,0.4288815231294547,,,,,,,,,
17,1,500,XYZ_split,XY,0.9973485164239602,1.054689625987445,0.99588320415407,0.004116795845930055,,,,,,,,,
17,1,500,ORACLE_plane,XY,0.9973485164239602,1.054689625987445,0.9990709625882681,0.0009290374117318922,,,,,,,,,
17,1,500,RL_adaptive,XY,0.9973485164239602,1.054689625987445,0.9831790195589755,0.016820980441024536,76.0,109.0,117.0,1.0,21.0,50.0,21.0,0.0,105.0
17,2,10,Z_only,XY,0.9973485164239602,1.054689625987445,0.2500000000000001,0.7499999999999999,,,,,,,,,
17,2,10,ZX_split,XY,0.9973485164239602,1.054689625987445,0.5078512310247276,0.4921487689752724,,,,,,,,,
17,2,10,XYZ_split,XY,0.9973485164239602,1.054689625987445,0.946129263877845,0.05387073612215498,,,,,,,,,
17,2,10,ORACLE_plane,XY,0.9973485164239602,1.054689625987445,0.9886651248119388,0.0113348751880612,,,,,,,,,
17,2,10,RL_adaptive,XY,0.9973485164239602,1.054689625987445,0.8982785411206691,0.10172145887933093,2.0,0.0,2.0,0.0,2.0,0.0,0.0,2.0,2.0
17,2,25,Z_only,XY,0.9973485164239602,1.054689625987445,0.2500000000000001,0.7499999999999999,,,,,,,,,
17,2,25,ZX_split,XY,0.9973485164239602,1.054689625987445,0.5480676705288908,0.4519323294711092,,,,,,,,,
17,2,25,XYZ_split,XY,0.9973485164239602,1.054689625987445,0.9795026836685161,0.020497316331483884,,,,,,,,,
17,2,25,ORACLE_plane,XY,0.9973485164239602,1.054689625987445,0.9901959488748159,0.009804051125184121,,,,,,,,,
17,2,25,RL_adaptive,XY,0.9973485164239602,1.054689625987445,0.8863605926295851,0.11363940737041489,11.0,0.0,0.0,1.0,6.0,0.0,0.0,0.0,7.0
17,2,50,Z_only,XY,0.9973485164239602,1.054689625987445,0.2500000000000001,0.7499999999999999,,,,,,,,,
17,2,50,ZX_split,XY,0.9973485164239602,1.054689625987445,0.5307383527767433,0.4692616472232567,,,,,,,,,
17,2,50,XYZ_split,XY,0.9973485164239602,1.054689625987445,0.9979355020265565,0.0020644979734435465,,,,,,,,,
17,2,50,ORACLE_plane,XY,0.9973485164239602,1.054689625987445,0.9995738232456162,0.0004261767543838335,,,,,,,,,
17,2,50,RL_adaptive,XY,0.9973485164239602,1.054689625987445,0.9323496359368035,0.06765036406319647,13.0,0.0,0.0,0.0,8.0,2.0,0.0,15.0,12.0
17,2,100,Z_only,XY,0.9973485164239602,1.054689625987445,0.25,0.75,,,,,,,,,
17,2,100,ZX_split,XY,0.9973485164239602,1.054689625987445,0.5624579722099542,0.4375420277900458,,,,,,,,,
17,2,100,XYZ_split,XY,0.9973485164239602,1.054689625987445,0.9831605927504953,0.016839407249504723,,,,,,,,,
17,2,100,ORACLE_plane,XY,0.9973485164239602,1.054689625987445,0.9987641888326976,0.0012358111673024252,,,,,,,,,
17,2,100,RL_adaptive,XY,0.9973485164239602,1.054689625987445,0.9636962207153029,0.03630377928469708,10.0,2.0,3.0,40.0,14.0,6.0,15.0,0.0,10.0
17,2,250,Z_only,XY,0.9973485164239602,1.054689625987445,0.2500000000000001,0.7499999999999999,,,,,,,,,
17,2,250,ZX_split,XY,0.9973485164239602,1.054689625987445,0.5587192408427983,0.44128075915720166,,,,,,,,,
17,2,250,XYZ_split,XY,0.9973485164239602,1.054689625987445,0.9935512724964579,0.006448727503542084,,,,,,,,,
17,2,250,ORACLE_plane,XY,0.9973485164239602,1.054689625987445,0.9997461005524344,0.00025389944756559757,,,,,,,,,
17,2,250,RL_adaptive,XY,0.9973485164239602,1.054689625987445,0.9938850777705744,0.006114922229425557,13.0,11.0,145.0,8.0,27.0,2.0,2.0,0.0,42.0
17,2,500,Z_only,XY,0.9973485164239602,1.054689625987445,0.24999999999999994,0.75,,,,,,,,,
17,2,500,ZX_split,XY,0.9973485164239602,1.054689625987445,0.5737743132605116,0.42622568673948835,,,,,,,,,
17,2,500,XYZ_split,XY,0.9973485164239602,1.054689625987445,0.9919144851931456,0.008085514806854377,,,,,,,,,
17,2,500,ORACLE_plane,XY,0.9973485164239602,1.054689625987445,0.9983627974043288,0.0016372025956712388,,,,,,,,,
17,2,500,RL_adaptive,XY,0.9973485164239602,1.054689625987445,0.9980183277474906,0.0019816722525094477,70.0,111.0,122.0,1.0,22.0,52.0,21.0,0.0,101.0
17,3,10,Z_only,XY,0.9973485164239602,1.054689625987445,0.25,0.75,,,,,,,,,
17,3,10,ZX_split,XY,0.9973485164239602,1.054689625987445,0.3998883667347217,0.6001116332652783,,,,,,,,,
17,3,10,XYZ_split,XY,0.9973485164239602,1.054689625987445,0.759162113334539,0.24083788666546102,,,,,,,,,
17,3,10,ORACLE_plane,XY,0.9973485164239602,1.054689625987445,0.8900350327525168,0.10996496724748317,,,,,,,,,
17,3,10,RL_adaptive,XY,0.9973485164239602,1.054689625987445,0.6310607872069287,0.3689392127930713,2.0,0.0,3.0,0.0,2.0,0.0,0.0,1.0,2.0
17,3,25,Z_only,XY,0.9973485164239602,1.054689625987445,0.24999999999999994,0.75,,,,,,,,,
17,3,25,ZX_split,XY,0.9973485164239602,1.054689625987445,0.2282251209221463,0.7717748790778537,,,,,,,,,
17,3,25,XYZ_split,XY,0.9973485164239602,1.054689625987445,0.8735869103718313,0.12641308962816866,,,,,,,,,
17,3,25,ORACLE_plane,XY,0.9973485164239602,1.054689625987445,0.9962953736545709,0.0037046263454291184,,,,,,,,,
17,3,25,RL_adaptive,XY,0.9973485164239602,1.054689625987445,0.6954363675016592,0.30456363249834084,6.0,1.0,1.0,3.0,2.0,2.0,0.0,7.0,3.0
17,3,50,Z_only,XY,0.9973485164239602,1.054689625987445,0.2500000000000001,0.7499999999999999,,,,,,,,,
17,3,50,ZX_split,XY,0.9973485164239602,1.054689625987445,0.5393982628004128,0.4606017371995872,,,,,,,,,
17,3,50,XYZ_split,XY,0.9973485164239602,1.054689625987445,0.9512522894500123,0.04874771054998772,,,,,,,,,
17,3,50,ORACLE_plane,XY,0.9973485164239602,1.054689625987445,0.9922021611788859,0.007797838821114067,,,,,,,,,
17,3,50,RL_adaptive,XY,0.9973485164239602,1.054689625987445,0.9253512359240266,0.07464876407597343,11.0,0.0,0.0,0.0,7.0,2.0,0.0,18.0,12.0
17,3,100,Z_only,XY,0.9973485164239602,1.054689625987445,0.24999999999999983,0.7500000000000002,,,,,,,,,
17,3,100,ZX_split,XY,0.9973485164239602,1.054689625987445,0.5730460062010564,0.4269539937989436,,,,,,,,,
17,3,100,XYZ_split,XY,0.9973485164239602,1.054689625987445,0.9771256188766955,0.022874381123304532,,,,,,,,,
17,3,100,ORACLE_plane,XY,0.9973485164239602,1.054689625987445,0.9991641632314234,0.00083583676857657,,,,,,,,,
17,3,100,RL_adaptive,XY,0.9973485164239602,1.054689625987445,0.9891713252499598,0.010828674750040235,11.0,1.0,6.0,37.0,16.0,4.0,13.0,0.0,12.0
17,3,250,Z_only,XY,0.9973485164239602,1.054689625987445,0.25,0.75,,,,,,,,,
17,3,250,ZX_split,XY,0.9973485164239602,1.054689625987445,0.5706816540219005,0.4293183459780995,,,,,,,,,
17,3,250,XYZ_split,XY,0.9973485164239602,1.054689625987445,0.9963047453130464,0.003695254686953642,,,,,,,,,
17,3,250,ORACLE_plane,XY,0.9973485164239602,1.054689625987445,0.9986058443208239,0.0013941556791761123,,,,,,,,,
17,3,250,RL_adaptive,XY,0.9973485164239602,1.054689625987445,0.9620642777113624,0.03793572228863762,11.0,14.0,143.0,10.0,21.0,6.0,6.0,2.0,37.0
17,3,500,Z_only,XY,0.9973485164239602,1.054689625987445,0.2500000000000001,0.7499999999999999,,,,,,,,,
17,3,500,ZX_split,XY,0.9973485164239602,1.054689625987445,0.5736162940694428,0.4263837059305572,,,,,,,,,
17,3,500,XYZ_split,XY,0.9973485164239602,1.054689625987445,0.9960091289366308,0.00399087106336915,,,,,,,,,
17,3,500,ORACLE_plane,XY,0.9973485164239602,1.054689625987445,0.9979177044343648,0.002082295565635217,,,,,,,,,
17,3,500,RL_adaptive,XY,0.9973485164239602,1.054689625987445,0.9961555484324162,0.0038444515675838398,71.0,113.0,115.0,3.0,21.0,52.0,22.0,0.0,103.0
17,4,10,Z_only,XY,0.9973485164239602,1.054689625987445,0.24999999999999994,0.75,,,,,,,,,
17,4,10,ZX_split,XY,0.9973485164239602,1.054689625987445,0.4666130863887376,0.5333869136112623,,,,,,,,,
17,4,10,XYZ_split,XY,0.9973485164239602,1.054689625987445,0.8223175514701462,0.17768244852985382,,,,,,,,,
17,4,10,ORACLE_plane,XY,0.9973485164239602,1.054689625987445,0.9886651248119388,0.0113348751880612,,,,,,,,,
17,4,10,RL_adaptive,XY,0.9973485164239602,1.054689625987445,0.8816744816478329,0.11832551835216709,3.0,0.0,0.0,0.0,2.0,0.0,0.0,3.0,2.0
17,4,25,Z_only,XY,0.9973485164239602,1.054689625987445,0.2500000000000001,0.7499999999999999,,,,,,,,,
17,4,25,ZX_split,XY,0.9973485164239602,1.054689625987445,0.5082015245024057,0.49179847549759426,,,,,,,,,
17,4,25,XYZ_split,XY,0.9973485164239602,1.054689625987445,0.9936631554740869,0.006336844525913099,,,,,,,,,
17,4,25,ORACLE_plane,XY,0.9973485164239602,1.054689625987445,0.9672541407898508,0.032745859210149164,,,,,,,,,
17,4,25,RL_adaptive,XY,0.9973485164239602,1.054689625987445,0.9567887574469182,0.04321124255308184,5.0,3.0,0.0,6.0,2.0,0.0,0.0,3.0,6.0
17,4,50,Z_only,XY,0.9973485164239602,1.054689625987445,0.24999999999999994,0.75,,,,,,,,,
17,4,50,ZX_split,XY,0.9973485164239602,1.054689625987445,0.5292839768676554,0.4707160231323446,,,,,,,,,
17,4,50,XYZ_split,XY,0.9973485164239602,1.054689625987445,0.9921283738535933,0.007871626146406685,,,,,,,,,
17,4,50,ORACLE_plane,XY,0.9973485164239602,1.054689625987445,0.9863240494803114,0.013675950519688618,,,,,,,,,
17,4,50,RL_adaptive,XY,0.9973485164239602,1.054689625987445,0.9141223022753523,0.0858776977246477,11.0,1.0,0.0,0.0,10.0,0.0,0.0,15.0,13.0
17,4,100,Z_only,XY,0.9973485164239602,1.054689625987445,0.25,0.75,,,,,,,,,
17,4,100,ZX_split,XY,0.9973485164239602,1.054689625987445,0.5508673226340841,0.4491326773659159,,,,,,,,,
17,4,100,XYZ_split,XY,0.9973485164239602,1.054689625987445,0.9909681590897335,0.009031840910266542,,,,,,,,,
17,4,100,ORACLE_plane,XY,0.9973485164239602,1.054689625987445,0.9803959852153235,0.01960401478467655,,,,,,,,,
17,4,100,RL_adaptive,XY,0.9973485164239602,1.054689625987445,0.9871683262328051,0.012831673767194851,12.0,1.0,2.0,41.0,14.0,6.0,13.0,0.0,11.0
17,4,250,Z_only,XY,0.9973485164239602,1.054689625987445,0.24999999999999994,0.75,,,,,,,,,
17,4,250,ZX_split,XY,0.9973485164239602,1.054689625987445,0.5731601647588679,0.4268398352411321,,,,,,,,,
17,4,250,XYZ_split,XY,0.9973485164239602,1.054689625987445,0.9960491365586184,0.003950863441381625,,,,,,,,,
17,4,250,ORACLE_plane,XY,0.9973485164239602,1.054689625987445,0.9967052957408926,0.003294704259107384,,,,,,,,,
17,4,250,RL_adaptive,XY,0.9973485164239602,1.054689625987445,0.9686385353521134,0.03136146464788658,14.0,9.0,144.0,8.0,31.0,1.0,0.0,0.0,43.0
17,4,500,Z_only,XY,0.9973485164239602,1.054689625987445,0.24999999999999994,0.75,,,,,,,,,
17,4,500,ZX_split,XY,0.9973485164239602,1.054689625987445,0.5729546231693523,0.4270453768306477,,,,,,,,,
17,4,500,XYZ_split,XY,0.9973485164239602,1.054689625987445,0.9944727935826138,0.005527206417386243,,,,,,,,,
17,4,500,ORACLE_plane,XY,0.9973485164239602,1.054689625987445,0.9997111785608391,0.000288821439160869,,,,,,,,,
17,4,500,RL_adaptive,XY,0.9973485164239602,1.054689625987445,0.9902598513036637,0.009740148696336326,90.0,93.0,121.0,0.0,37.0,33.0,6.0,0.0,120.0
18,0,10,Z_only,YZ,0.5303230243223374,4.017970181767093,0.6657291944381951,0.3342708055618049,,,,,,,,,
18,0,10,ZX_split,YZ,0.5303230243223374,4.017970181767093,0.5238404188751431,0.4761595811248569,,,,,,,,,
18,0,10,XYZ_split,YZ,0.5303230243223374,4.017970181767093,0.774996894965373,0.22500310503462695,,,,,,,,,
18,0,10,ORACLE_plane,YZ,0.5303230243223374,4.017970181767093,0.9817877393674127,0.018212260632587296,,,,,,,,,
18,0,10,RL_adaptive,YZ,0.5303230243223374,4.017970181767093,0.7387362238995431,0.2612637761004569,2.0,0.0,3.0,0.0,2.0,0.0,0.0,0.0,3.0
18,0,25,Z_only,YZ,0.5303230243223374,4.017970181767093,0.6657291944381951,0.3342708055618049,,,,,,,,,
18,0,25,ZX_split,YZ,0.5303230243223374,4.017970181767093,0.647292756384121,0.352707243615879,,,,,,,,,
18,0,25,XYZ_split,YZ,0.5303230243223374,4.017970181767093,0.9443025516659828,0.05569744833401724,,,,,,,,,
18,0,25,ORACLE_plane,YZ,0.5303230243223374,4.017970181767093,0.996917847744528,0.003082152255472037,,,,,,,,,
18,0,25,RL_adaptive,YZ,0.5303230243223374,4.017970181767093,0.9446495534846165,0.055350446515383456,6.0,0.0,0.0,5.0,2.0,1.0,0.0,9.0,2.0
18,0,50,Z_only,YZ,0.5303230243223374,4.017970181767093,0.6657291944381951,0.3342708055618049,,,,,,,,,
18,0,50,ZX_split,YZ,0.5303230243223374,4.017970181767093,0.6551585357814265,0.34484146421857353,,,,,,,,,
18,0,50,XYZ_split,YZ,0.5303230243223374,4.017970181767093,0.946421690346711,0.053578309653289025,,,,,,,,,
18,0,50,ORACLE_plane,YZ,0.5303230243223374,4.017970181767093,0.9978692694974505,0.002130730502549527,,,,,,,,,
18,0,50,RL_adaptive,YZ,0.5303230243223374,4.017970181767093,0.9375741540552581,0.062425845944741876,10.0,1.0,0.0,0.0,8.0,3.0,2.0,17.0,9.0
18,0,100,Z_only,YZ,0.5303230243223374,4.017970181767093,0.6657291944381951,0.3342708055618049,,,,,,,,,
18,0,100,ZX_split,YZ,0.5303230243223374,4.017970181767093,0.6407298923559837,0.35927010764401635,,,,,,,,,
18,0,100,XYZ_split,YZ,0.5303230243223374,4.017970181767093,0.9792553274374795,0.02074467256252055,,,,,,,,,
18,0,100,ORACLE_plane,YZ,0.5303230243223374,4.017970181767093,0.9988982148909608,0.0011017851090392439,,,,,,,,,
18,0,100,RL_adaptive,YZ,0.5303230243223374,4.017970181767093,0.9537036220826839,0.04629637791731611,9.0,1.0,8.0,45.0,12.0,4.0,11.0,1.0,9.0
18,0,250,Z_only,YZ,0.5303230243223374,4.017970181767093,0.6657291944381951,0.3342708055618049,,,,,,,,,
18,0,250,ZX_split,YZ,0.5303230243223374,4.017970181767093,0.6635135855365317,0.3364864144634683,,,,,,,,,
18,0,250,XYZ_split,YZ,0.5303230243223374,4.017970181767093,0.9983840592825122,0.0016159407174878293,,,,,,,,,
18,0,250,ORACLE_plane,YZ,0.5303230243223374,4.017970181767093,0.9987987505795305,0.0012012494204695079,,,,,,,,,
18,0,250,RL_adaptive,YZ,0.5303230243223374,4.017970181767093,0.9890565467747432,0.010943453225256805,21.0,12.0,135.0,9.0,24.0,0.0,5.0,3.0,41.0
18,0,500,Z_only,YZ,0.5303230243223374,4.017970181767093,0.6657291944381951,0.3342708055618049,,,,,,,,,
18,0,500,ZX_split,YZ,0.5303230243223374,4.017970181767093,0.6616767407196138,0.3383232592803862,,,,,,,,,
18,0,500,XYZ_split,YZ,0.5303230243223374,4.017970181767093,0.9978153378104583,0.0021846621895417195,,,,,,,,,
18,0,500,ORACLE_plane,YZ,0.5303230243223374,4.017970181767093,0.9965971007706595,0.0034028992293404503,,,,,,,,,
18,0,500,RL_adaptive,YZ,0.5303230243223374,4.017970181767093,0.9987110377593489,0.0012889622406511148,87.0,98.0,135.0,0.0,21.0,52.0,17.0,7.0,83.0
18,1,10,Z_only,YZ,0.5303230243223374,4.017970181767093,0.6657291944381951,0.3342708055618049,,,,,,,,,
18,1,10,ZX_split,YZ,0.5303230243223374,4.017970181767093,0.5238404188751431,0.4761595811248569,,,,,,,,,
18,1,10,XYZ_split,YZ,0.5303230243223374,4.017970181767093,0.8668089568434209,0.13319104315657915,,,,,,,,,
18,1,10,ORACLE_plane,YZ,0.5303230243223374,4.017970181767093,0.9817877393674127,0.018212260632587296,,,,,,,,,
18,1,10,RL_adaptive,YZ,0.5303230243223374,4.017970181767093,0.697865280476627,0.302134719523373,2.0,0.0,1.0,0.0,2.0,0.0,0.0,1.0,4.0
18,1,25,Z_only,YZ,0.5303230243223374,4.017970181767093,0.6657291944381951,0.3342708055618049,,,,,,,,,
18,1,25,ZX_split,YZ,0.5303230243223374,4.017970181767093,0.6657291944381951,0.3342708055618049,,,,,,,,,
18,1,25,XYZ_split,YZ,0.5303230243223374,4.017970181767093,0.9649269471644173,0.03507305283558271,,,,,,,,,
18,1,25,ORACLE_plane,YZ,0.5303230243223374,4.017970181767093,0.964116656253105,0.03588334374689495,,,,,,,,,
18,1,25,RL_adaptive,YZ,0.5303230243223374,4.017970181767093,0.9051068816670842,0.0948931183329158,7.0,0.0,0.0,5.0,2.0,1.0,0.0,8.0,2.0
18,1,50,Z_only,YZ,0.5303230243223374,4.017970181767093,0.6657291944381951,0.3342708055618049,,,,,,,,,
18,1,50,ZX_split,YZ,0.5303230243223374,4.017970181767093,0.6504328783514559,0.3495671216485441,,,,,,,,,
18,1,50,XYZ_split,YZ,0.5303230243223374,4.017970181767093,0.9615755017193286,0.038424498280671404,,,,,,,,,
18,1,50,ORACLE_plane,YZ,0.5303230243223374,4.017970181767093,0.9845225745087334,0.015477425491266628,,,,,,,,,
18,1,50,RL_adaptive,YZ,0.5303230243223374,4.017970181767093,0.8321855492065451,0.16781445079345492,8.0,0.0,2.0,2.0,6.0,3.0,0.0,19.0,10.0
18,1,100,Z_only,YZ,0.5303230243223374,4.017970181767093,0.6657291944381951,0.3342708055618049,,,,,,,,,
18,1,100,ZX_split,YZ,0.5303230243223374,4.017970181767093,0.6522646929790833,0.3477353070209167,,,,,,,,,
18,1,100,XYZ_split,YZ,0.5303230243223374,4.017970181767093,0.9859900395153066,0.014009960484693385,,,,,,,,,
18,1,100,ORACLE_plane,YZ,0.5303230243223374,4.017970181767093,0.9996960652906018,0.00030393470939815703,,,,,,,,,
18,1,100,RL_adaptive,YZ,0.5303230243223374,4.017970181767093,0.9753665262577307,0.02463347374226932,10.0,1.0,9.0,41.0,11.0,5.0,10.0,4.0,9.0
18,1,250,Z_only,YZ,0.5303230243223374,4.017970181767093,0.6657291944381951,0.3342708055618049,,,,,,,,,
18,1,250,ZX_split,YZ,0.5303230243223374,4.017970181767093,0.6551439383018036,0.3448560616981964,,,,,,,,,
18,1,250,XYZ_split,YZ,0.5303230243223374,4.017970181767093,0.9988285623510164,0.001171437648983642,,,,,,,,,
18,1,250,ORACLE_plane,YZ,0.5303230243223374,4.017970181767093,0.9945684948423152,0.005431505157684757,,,,,,,,,
18,1,250,RL_adaptive,YZ,0.5303230243223374,4.017970181767093,0.9944049614749009,0.0055950385250991275,13.0,14.0,138.0,14.0,13.0,5.0,13.0,12.0,28.0
18,1,500,Z_only,YZ,0.5303230243223374,4.017970181767093,0.6657291944381951,0.3342708055618049,,,,,,,,,
18,1,500,ZX_split,YZ,0.5303230243223374,4.017970181767093,0.6650655333511776,0.3349344666488224,,,,,,,,,
18,1,500,XYZ_split,YZ,0.5303230243223374,4.017970181767093,0.988050934202031,0.01194906579796895,,,,,,,,,
18,1,500,ORACLE_plane,YZ,0.5303230243223374,4.017970181767093,0.9999536117356609,4.638826433911447e-05,,,,,,,,,
18,1,500,RL_adaptive,YZ,0.5303230243223374,4.017970181767093,0.9946691417590902,0.0053308582409098415,92.0,97.0,133.0,0.0,16.0,54.0,13.0,7.0,88.0
18,2,10,Z_only,YZ,0.5303230243223374,4.017970181767093,0.6657291944381951,0.3342708055618049,,,,,,,,,
18,2,10,ZX_split,YZ,0.5303230243223374,4.017970181767093,0.5772122385664068,0.4227877614335932,,,,,,,,,
18,2,10,XYZ_split,YZ,0.5303230243223374,4.017970181767093,0.7730875388733703,0.22691246112662966,,,,,,,,,
18,2,10,ORACLE_plane,YZ,0.5303230243223374,4.017970181767093,0.9817877393674127,0.018212260632587296,,,,,,,,,
18,2,10,RL_adaptive,YZ,0.5303230243223374,4.017970181767093,0.7582967458698321,0.2417032541301679,2.0,0.0,3.0,0.0,2.0,0.0,0.0,1.0,2.0
18,2,25,Z_only,YZ,0.5303230243223374,4.017970181767093,0.6657291944381951,0.3342708055618049,,,,,,,,,
18,2,25,ZX_split,YZ,0.5303230243223374,4.017970181767093,0.6159053841671501,0.3840946158328499,,,,,,,,,
18,2,25,XYZ_split,YZ,0.5303230243223374,4.017970181767093,0.8882785187282785,0.11172148127172155,,,,,,,,,
18,2,25,ORACLE_plane,YZ,0.5303230243223374,4.017970181767093,0.9651066607686257,0.034893339231374276,,,,,,,,,
18,2,25,RL_adaptive,YZ,0.5303230243223374,4.017970181767093,0.9072473720723503,0.09275262792764971,6.0,0.0,0.0,5.0,2.0,1.0,0.0,9.0,2.0
18,2,50,Z_only,YZ,0.5303230243223374,4.017970181767093,0.6657291944381951,0.3342708055618049,,,,,,,,,
18,2,50,ZX_split,YZ,0.5303230243223374,4.017970181767093,0.6193813775560707,0.3806186224439293,,,,,,,,,
18,2,50,XYZ_split,YZ,0.5303230243223374,4.017970181767093,0.9781288409970524,0.02187115900294756,,,,,,,,,
18,2,50,ORACLE_plane,YZ,0.5303230243223374,4.017970181767093,0.9376047540980942,0.062395245901905816,,,,,,,,,
18,2,50,RL_adaptive,YZ,0.5303230243223374,4.017970181767093,0.9941457135644848,0.005854286435515221,10.0,0.0,2.0,0.0,7.0,2.0,1.0,19.0,9.0
18,2,100,Z_only,YZ,0.5303230243223374,4.017970181767093,0.6657291944381951,0.3342708055618049,,,,,,,,,
18,2,100,ZX_split,YZ,0.5303230243223374,4.017970181767093,0.6635227904410145,0.3364772095589855,,,,,,,,,
18,2,100,XYZ_split,YZ,0.5303230243223374,4.017970181767093,0.9732966490547555,0.026703350945244453,,,,,,,,,
18,2,100,ORACLE_plane,YZ,0.5303230243223374,4.017970181767093,0.9986297305975113,0.001370269402488744,,,,,,,,,
18,2,100,RL_adaptive,YZ,0.5303230243223374,4.017970181767093,0.9641838990693187,0.03581610093068133,8.0,0.0,9.0,45.0,13.0,3.0,13.0,0.0,9.0
18,2,250,Z_only,YZ,0.5303230243223374,4.017970181767093,0.6657291944381951,0.3342708055618049,,,,,,,,,
18,2,250,ZX_split,YZ,0.5303230243223374,4.017970181767093,0.6655643613354527,0.3344356386645473,,,,,,,,,
18,2,250,XYZ_split,YZ,0.5303230243223374,4.017970181767093,0.9860492093201271,0.013950790679872926,,,,,,,,,
18,2,250,ORACLE_plane,YZ,0.5303230243223374,4.017970181767093,0.9994316558407984,0.0005683441592015948,,,,,,,,,
18,2,250,RL_adaptive,YZ,0.5303230243223374,4.017970181767093,0.9807155922120223,0.019284407787977687,21.0,12.0,133.0,9.0,22.0,1.0,12.0,5.0,35.0
18,2,500,Z_only,YZ,0.5303230243223374,4.017970181767093,0.6657291944381951,0.3342708055618049,,,,,,,,,
18,2,500,ZX_split,YZ,0.5303230243223374,4.017970181767093,0.6654047116498896,0.33459528835011043,,,,,,,,,
18,2,500,XYZ_split,YZ,0.5303230243223374,4.017970181767093,0.9917478733417109,0.008252126658289116,,,,,,,,,
18,2,500,ORACLE_plane,YZ,0.5303230243223374,4.017970181767093,0.9992187151342619,0.000781284865738141,,,,,,,,,
18,2,500,RL_adaptive,YZ,0.5303230243223374,4.017970181767093,0.9985568910276028,0.001443108972397189,92.0,95.0,133.0,0.0,19.0,51.0,16.0,8.0,86.0
18,3,10,Z_only,YZ,0.5303230243223374,4.017970181767093,0.6657291944381951,0.3342708055618049,,,,,,,,,
18,3,10,ZX_split,YZ,0.5303230243223374,4.017970181767093,0.28158498861578185,0.7184150113842181,,,,,,,,,
18,3,10,XYZ_split,YZ,0.5303230243223374,4.017970181767093,0.8668089568434206,0.13319104315657937,,,,,,,,,
18,3,10,ORACLE_plane,YZ,0.5303230243223374,4.017970181767093,0.8747224138897237,0.12527758611027628,,,,,,,,,
18,3,10,RL_adaptive,YZ,0.5303230243223374,4.017970181767093,0.9552152299250916,0.04478477007490844,2.0,0.0,4.0,0.0,2.0,0.0,0.0,0.0,2.0
18,3,25,Z_only,YZ,0.5303230243223374,4.017970181767093,0.6657291944381951,0.3342708055618049,,,,,,,,,
18,3,25,ZX_split,YZ,0.5303230243223374,4.017970181767093,0.6112806071322686,0.3887193928677314,,,,,,,,,
18,3,25,XYZ_split,YZ,0.5303230243223374,4.017970181767093,0.8181929489834532,0.18180705101654682,,,,,,,,,
18,3,25,ORACLE_plane,YZ,0.5303230243223374,4.017970181767093,0.9045470330308901,0.09545296696910988,,,,,,,,,
18,3,25,RL_adaptive,YZ,0.5303230243223374,4.017970181767093,0.9431342094467993,0.056865790553200735,5.0,0.0,1.0,5.0,2.0,1.0,0.0,9.0,2.0
18,3,50,Z_only,YZ,0.5303230243223374,4.017970181767093,0.6657291944381951,0.3342708055618049,,,,,,,,,
18,3,50,ZX_split,YZ,0.5303230243223374,4.017970181767093,0.6526310152376069,0.3473689847623931,,,,,,,,,
18,3,50,XYZ_split,YZ,0.5303230243223374,4.017970181767093,0.959383921854213,0.04061607814578705,,,,,,,,,
18,3,50,ORACLE_plane,YZ,0.5303230243223374,4.017970181767093,0.998060304945017,0.0019396950549830372,,,,,,,,,
18,3,50,RL_adaptive,YZ,0.5303230243223374,4.017970181767093,0.960505787864723,0.03949421213527704,12.0,0.0,1.0,0.0,8.0,2.0,1.0,16.0,10.0
18,3,100,Z_only,YZ,0.5303230243223374,4.017970181767093,0.6657291944381951,0.3342708055618049,,,,,,,,,
18,3,100,ZX_split,YZ,0.5303230243223374,4.017970181767093,0.6244579511359599,0.3755420488640401,,,,,,,,,
18,3,100,XYZ_split,YZ,0.5303230243223374,4.017970181767093,0.9889252373765538,0.0110747626234462,,,,,,,,,
18,3,100,ORACLE_plane,YZ,0.5303230243223374,4.017970181767093,0.994690104269737,0.00530989573026297,,,,,,,,,
18,3,100,RL_adaptive,YZ,0.5303230243223374,4.017970181767093,0.9817534384701266,0.018246561529873362,8.0,2.0,9.0,45.0,11.0,5.0,12.0,1.0,7.0
18,3,250,Z_only,YZ,0.5303230243223374,4.017970181767093,0.6657291944381951,0.3342708055618049,,,,,,,,,
18,3,250,ZX_split,YZ,0.5303230243223374,4.017970181767093,0.662001718235529,0.337998281764471,,,,,,,,,
18,3,250,XYZ_split,YZ,0.5303230243223374,4.017970181767093,0.9859360698116021,0.01406393018839791,,,,,,,,,
18,3,250,ORACLE_plane,YZ,0.5303230243223374,4.017970181767093,0.9977147784632598,0.0022852215367401563,,,,,,,,,
18,3,250,RL_adaptive,YZ,0.5303230243223374,4.017970181767093,0.9739172252851903,0.026082774714809687,16.0,14.0,135.0,12.0,16.0,4.0,11.0,8.0,34.0
18,3,500,Z_only,YZ,0.5303230243223374,4.017970181767093,0.6657291944381951,0.3342708055618049,,,,,,,,,
18,3,500,ZX_split,YZ,0.5303230243223374,4.017970181767093,0.6598427580112334,0.3401572419887666,,,,,,,,,
18,3,500,XYZ_split,YZ,0.5303230243223374,4.017970181767093,0.9971694698182124,0.0028305301817875828,,,,,,,,,
18,3,500,ORACLE_plane,YZ,0.5303230243223374,4.017970181767093,0.9901872674860484,0.00981273251395165,,,,,,,,,
18,3,500,RL_adaptive,YZ,0.5303230243223374,4.017970181767093,0.9822660183743137,0.01773398162568629,88.0,95.0,137.0,1.0,18.0,52.0,17.0,7.0,85.0
18,4,10,Z_only,YZ,0.5303230243223374,4.017970181767093,0.6657291944381951,0.3342708055618049,,,,,,,,,
18,4,10,ZX_split,YZ,0.5303230243223374,4.017970181767093,0.5238404188751431,0.4761595811248569,,,,,,,,,
18,4,10,XYZ_split,YZ,0.5303230243223374,4.017970181767093,0.853946139826462,0.14605386017353805,,,,,,,,,
18,4,10,ORACLE_plane,YZ,0.5303230243223374,4.017970181767093,0.9453597282649329,0.054640271735067136,,,,,,,,,
18,4,10,RL_adaptive,YZ,0.5303230243223374,4.017970181767093,0.7895845835620174,0.21041541643798256,2.0,0.0,1.0,0.0,2.0,0.0,0.0,0.0,5.0
18,4,25,Z_only,YZ,0.5303230243223374,4.017970181767093,0.6657291944381951,0.3342708055618049,,,,,,,,,
18,4,25,ZX_split,YZ,0.5303230243223374,4.017970181767093,0.6617932805796365,0.3382067194203635,,,,,,,,,
18,4,25,XYZ_split,YZ,0.5303230243223374,4.017970181767093,0.9187046860761153,0.08129531392388467,,,,,,,,,
18,4,25,ORACLE_plane,YZ,0.5303230243223374,4.017970181767093,0.9789130118561165,0.021086988143883545,,,,,,,,,
18,4,25,RL_adaptive,YZ,0.5303230243223374,4.017970181767093,0.7615434157083033,0.2384565842916967,5.0,0.0,1.0,5.0,2.0,0.0,0.0,10.0,2.0
18,4,50,Z_only,YZ,0.5303230243223374,4.017970181767093,0.6657291944381951,0.3342708055618049,,,,,,,,,
18,4,50,ZX_split,YZ,0.5303230243223374,4.017970181767093,0.6650029336907092,0.3349970663092908,,,,,,,,,
18,4,50,XYZ_split,YZ,0.5303230243223374,4.017970181767093,0.982359077741644,0.017640922258356007,,,,,,,,,
18,4,50,ORACLE_plane,YZ,0.5303230243223374,4.017970181767093,0.9901071949297521,0.009892805070247923,,,,,,,,,
18,4,50,RL_adaptive,YZ,0.5303230243223374,4.017970181767093,0.9326023021931161,0.06739769780688387,11.0,2.0,0.0,0.0,4.0,5.0,0.0,19.0,9.0
18,4,100,Z_only,YZ,0.5303230243223374,4.017970181767093,0.6657291944381951,0.3342708055618049,,,,,,,,,
18,4,100,ZX_split,YZ,0.5303230243223374,4.017970181767093,0.5976102753140535,0.40238972468594647,,,,,,,,,
18,4,100,XYZ_split,YZ,0.5303230243223374,4.017970181767093,0.997503333772533,0.002496666227467026,,,,,,,,,
18,4,100,ORACLE_plane,YZ,0.5303230243223374,4.017970181767093,0.9917858654116035,0.008214134588396482,,,,,,,,,
18,4,100,RL_adaptive,YZ,0.5303230243223374,4.017970181767093,0.97406472911646,0.025935270883539974,9.0,0.0,7.0,46.0,12.0,4.0,12.0,2.0,8.0
18,4,250,Z_only,YZ,0.5303230243223374,4.017970181767093,0.6657291944381951,0.3342708055618049,,,,,,,,,
18,4,250,ZX_split,YZ,0.5303230243223374,4.017970181767093,0.6652157159593997,0.33478428404060034,,,,,,,,,
18,4,250,XYZ_split,YZ,0.5303230243223374,4.017970181767093,0.9939905970209988,0.0060094029790012105,,,,,,,,,
18,4,250,ORACLE_plane,YZ,0.5303230243223374,4.017970181767093,0.9991031364177962,0.0008968635822037552,,,,,,,,,
18,4,250,RL_adaptive,YZ,0.5303230243223374,4.017970181767093,0.9766929748497025,0.023307025150297478,13.0,16.0,136.0,15.0,15.0,4.0,9.0,9.0,33.0
18,4,500,Z_only,YZ,0.5303230243223374,4.017970181767093,0.6657291944381951,0.3342708055618049,,,,,,,,,
18,4,500,ZX_split,YZ,0.5303230243223374,4.017970181767093,0.6619694422738475,0.33803055772615254,,,,,,,,,
18,4,500,XYZ_split,YZ,0.5303230243223374,4.017970181767093,0.9974403172967282,0.0025596827032717817,,,,,,,,,
18,4,500,ORACLE_plane,YZ,0.5303230243223374,4.017970181767093,0.9998946671204502,0.00010533287954983539,,,,,,,,,
18,4,500,RL_adaptive,YZ,0.5303230243223374,4.017970181767093,0.9955282885073707,0.00447171149262926,73.0,106.0,137.0,2.0,14.0,61.0,27.0,9.0,71.0
19,0,10,Z_only,XY,1.009571230102027,2.2981688301771133,0.2500000000000001,0.7499999999999999,,,,,,,,,
19,0,10,ZX_split,XY,1.009571230102027,2.2981688301771133,0.22922065326129928,0.7707793467387007,,,,,,,,,
19,0,10,XYZ_split,XY,1.009571230102027,2.2981688301771133,0.9630506016435263,0.036949398356473706,,,,,,,,,
19,0,10,ORACLE_plane,XY,1.009571230102027,2.2981688301771133,0.9990503686025397,0.0009496313974602932,,,,,,,,,
19,0,10,RL_adaptive,XY,1.009571230102027,2.2981688301771133,0.8366673721958843,0.16333262780411573,2.0,0.0,2.0,0.0,2.0,0.0,0.0,0.0,4.0
19,0,25,Z_only,XY,1.009571230102027,2.2981688301771133,0.25,0.75,,,,,,,,,
19,0,25,ZX_split,XY,1.009571230102027,2.2981688301771133,0.5946709968079851,0.4053290031920149,,,,,,,,,
19,0,25,XYZ_split,XY,1.009571230102027,2.2981688301771133,0.885949388322516,0.11405061167748398,,,,,,,,,
19,0,25,ORACLE_plane,XY,1.009571230102027,2.2981688301771133,0.9987111406050491,0.0012888593949509364,,,,,,,,,
19,0,25,RL_adaptive,XY,1.009571230102027,2.2981688301771133,0.9708136203356944,0.029186379664305595,8.0,0.0,0.0,2.0,2.0,2.0,0.0,6.0,5.0
19,0,50,Z_only,XY,1.009571230102027,2.2981688301771133,0.25,0.75,,,,,,,,,
19,0,50,ZX_split,XY,1.009571230102027,2.2981688301771133,0.6303558303281844,0.36964416967181557,,,,,,,,,
19,0,50,XYZ_split,XY,1.009571230102027,2.2981688301771133,0.987407085276245,0.012592914723755011,,,,,,,,,
19,0,50,ORACLE_plane,XY,1.009571230102027,2.2981688301771133,0.9937603254668298,0.006239674533170203,,,,,,,,,
19,0,50,RL_adaptive,XY,1.009571230102027,2.2981688301771133,0.9718721917948414,0.02812780820515859,10.0,0.0,0.0,0.0,10.0,0.0,0.0,18.0,12.0
19,0,100,Z_only,XY,1.009571230102027,2.2981688301771133,0.2500000000000001,0.7499999999999999,,,,,,,,,
19,0,100,ZX_split,XY,1.009571230102027,2.2981688301771133,0.637753435730048,0.36224656426995205,,,,,,,,,
19,0,100,XYZ_split,XY,1.009571230102027,2.2981688301771133,0.9787043498850668,0.021295650114933173,,,,,,,,,
19,0,100,ORACLE_plane,XY,1.009571230102027,2.2981688301771133,0.9993818503008689,0.0006181496991310986,,,,,,,,,
19,0,100,RL_adaptive,XY,1.009571230102027,2.2981688301771133,0.9623992023476472,0.0376007976523528,17.0,0.0,3.0,31.0,22.0,2.0,8.0,0.0,17.0
19,0,250,Z_only,XY,1.009571230102027,2.2981688301771133,0.2499999999999999,0.7500000000000001,,,,,,,,,
19,0,250,ZX_split,XY,1.009571230102027,2.2981688301771133,0.6346215265707879,0.36537847342921215,,,,,,,,,
19,0,250,XYZ_split,XY,1.009571230102027,2.2981688301771133,0.978209006039766,0.021790993960233984,,,,,,,,,
19,0,250,ORACLE_plane,XY,1.009571230102027,2.2981688301771133,0.9982420230195314,0.0017579769804686451,,,,,,,,,
19,0,250,RL_adaptive,XY,1.009571230102027,2.2981688301771133,0.9710881299418539,0.028911870058146105,10.0,10.0,147.0,13.0,20.0,4.0,4.0,4.0,38.0
19,0,500,Z_only,XY,1.009571230102027,2.2981688301771133,0.2500000000000001,0.7499999999999999,,,,,,,,,
19,0,500,ZX_split,XY,1.009571230102027,2.2981688301771133,0.635618793736638,0.364381206263362,,,,,,,,,
19,0,500,XYZ_split,XY,1.009571230102027,2.2981688301771133,0.993716344505986,0.0062836554940139955,,,,,,,,,
19,0,500,ORACLE_plane,XY,1.009571230102027,2.2981688301771133,0.9999689499461273,3.105005387271653e-05,,,,,,,,,
19,0,500,RL_adaptive,XY,1.009571230102027,2.2981688301771133,0.9936855600822107,0.0063144399177893495,72.0,110.0,122.0,2.0,23.0,58.0,6.0,1.0,106.0
19,1,10,Z_only,XY,1.009571230102027,2.2981688301771133,0.2500000000000001,0.7499999999999999,,,,,,,,,
19,1,10,ZX_split,XY,1.009571230102027,2.2981688301771133,0.5402664390821815,0.4597335609178185,,,,,,,,,
19,1,10,XYZ_split,XY,1.009571230102027,2.2981688301771133,0.7930697395038557,0.20693026049614427,,,,,,,,,
19,1,10,ORACLE_plane,XY,1.009571230102027,2.2981688301771133,0.8879902986392815,0.11200970136071853,,,,,,,,,
19,1,10,RL_adaptive,XY,1.009571230102027,2.2981688301771133,0.8834657469717666,0.11653425302823339,2.0,0.0,0.0,0.0,2.0,0.0,0.0,0.0,6.0
19,1,25,Z_only,XY,1.009571230102027,2.2981688301771133,0.2500000000000001,0.7499999999999999,,,,,,,,,
19,1,25,ZX_split,XY,1.009571230102027,2.2981688301771133,0.5635634753179619,0.4364365246820381,,,,,,,,,
19,1,25,XYZ_split,XY,1.009571230102027,2.2981688301771133,0.9736477257787204,0.026352274221279615,,,,,,,,,
19,1,25,ORACLE_plane,XY,1.009571230102027,2.2981688301771133,0.9513037527590704,0.04869624724092958,,,,,,,,,
19,1,25,RL_adaptive,XY,1.009571230102027,2.2981688301771133,0.7823085267487893,0.21769147325121074,9.0,0.0,1.0,1.0,2.0,4.0,1.0,4.0,3.0
19,1,50,Z_only,XY,1.009571230102027,2.2981688301771133,0.2499999999999999,0.7500000000000001,,,,,,,,,
19,1,50,ZX_split,XY,1.009571230102027,2.2981688301771133,0.6029164565893202,0.39708354341067975,,,,,,,,,
19,1,50,XYZ_split,XY,1.009571230102027,2.2981688301771133,0.963067599260783,0.036932400739217,,,,,,,,,
19,1,50,ORACLE_plane,XY,1.009571230102027,2.2981688301771133,0.9877111721029309,0.012288827897069088,,,,,,,,,
19,1,50,RL_adaptive,XY,1.009571230102027,2.2981688301771133,0.8355946127179458,0.16440538728205423,10.0,1.0,0.0,0.0,12.0,0.0,0.0,14.0,13.0
19,1,100,Z_only,XY,1.009571230102027,2.2981688301771133,0.2499999999999999,0.7500000000000001,,,,,,,,,
19,1,100,ZX_split,XY,1.009571230102027,2.2981688301771133,0.6305982002281043,0.3694017997718957,,,,,,,,,
19,1,100,XYZ_split,XY,1.009571230102027,2.2981688301771133,0.973089943847883,0.026910056152116946,,,,,,,,,
19,1,100,ORACLE_plane,XY,1.009571230102027,2.2981688301771133,0.997647020658555,0.0023529793414449607,,,,,,,,,
19,1,100,RL_adaptive,XY,1.009571230102027,2.2981688301771133,0.9890999585763353,0.010900041423664741,11.0,2.0,5.0,37.0,16.0,6.0,14.0,0.0,9.0
19,1,250,Z_only,XY,1.009571230102027,2.2981688301771133,0.2500000000000001,0.7499999999999999,,,,,,,,,
19,1,250,ZX_split,XY,1.009571230102027,2.2981688301771133,0.6297693058893549,0.37023069411064513,,,,,,,,,
19,1,250,XYZ_split,XY,1.009571230102027,2.2981688301771133,0.985889595074795,0.014110404925204989,,,,,,,,,
19,1,250,ORACLE_plane,XY,1.009571230102027,2.2981688301771133,0.9990653375233491,0.0009346624766508604,,,,,,,,,
19,1,250,RL_adaptive,XY,1.009571230102027,2.2981688301771133,0.9842905239168264,0.015709476083173635,9.0,14.0,140.0,13.0,18.0,7.0,5.0,4.0,40.0
19,1,500,Z_only,XY,1.009571230102027,2.2981688301771133,0.2499999999999999,0.7500000000000001,,,,,,,,,
19,1,500,ZX_split,XY,1.009571230102027,2.2981688301771133,0.6370790378064985,0.36292096219350145,,,,,,,,,
19,1,500,XYZ_split,XY,1.009571230102027,2.2981688301771133,0.9971587881794991,0.0028412118205008996,,,,,,,,,
19,1,500,ORACLE_plane,XY,1.009571230102027,2.2981688301771133,0.9997503633945141,0.0002496366054859367,,,,,,,,,
19,1,500,RL_adaptive,XY,1.009571230102027,2.2981688301771133,0.9975259200060906,0.0024740799939093616,74.0,104.0,134.0,0.0,33.0,51.0,0.0,0.0,104.0
19,2,10,Z_only,XY,1.009571230102027,2.2981688301771133,0.2500000000000001,0.7499999999999999,,,,,,,,,
19,2,10,ZX_split,XY,1.009571230102027,2.2981688301771133,0.5907362344307323,0.4092637655692677,,,,,,,,,
19,2,10,XYZ_split,XY,1.009571230102027,2.2981688301771133,0.7954148086768119,0.2045851913231881,,,,,,,,,
19,2,10,ORACLE_plane,XY,1.009571230102027,2.2981688301771133,0.8167395665321541,0.18326043346784593,,,,,,,,,
19,2,10,RL_adaptive,XY,1.009571230102027,2.2981688301771133,0.7265529271372393,0.2734470728627607,3.0,0.0,1.0,0.0,4.0,0.0,0.0,0.0,2.0
19,2,25,Z_only,XY,1.009571230102027,2.2981688301771133,0.25,0.75,,,,,,,,,
19,2,25,ZX_split,XY,1.009571230102027,2.2981688301771133,0.5728943710682011,0.42710562893179893,,,,,,,,,
19,2,25,XYZ_split,XY,1.009571230102027,2.2981688301771133,0.8474641000679791,0.15253589993202088,,,,,,,,,
19,2,25,ORACLE_plane,XY,1.009571230102027,2.2981688301771133,0.9955669489025162,0.00443305109748382,,,,,,,,,
19,2,25,RL_adaptive,XY,1.009571230102027,2.2981688301771133,0.9934215323685803,0.006578467631419671,7.0,0.0,0.0,4.0,2.0,1.0,0.0,7.0,4.0
19,2,50,Z_only,XY,1.009571230102027,2.2981688301771133,0.2499999999999999,0.7500000000000001,,,,,,,,,
19,2,50,ZX_split,XY,1.009571230102027,2.2981688301771133,0.6364921406032268,0.3635078593967732,,,,,,,,,
19,2,50,XYZ_split,XY,1.009571230102027,2.2981688301771133,0.9513039850384035,0.04869601496159648,,,,,,,,,
19,2,50,ORACLE_plane,XY,1.009571230102027,2.2981688301771133,0.995940815732244,0.0040591842677559775,,,,,,,,,
19,2,50,RL_adaptive,XY,1.009571230102027,2.2981688301771133,0.8678819374911878,0.1321180625088122,8.0,2.0,0.0,0.0,8.0,4.0,0.0,18.0,10.0
19,2,100,Z_only,XY,1.009571230102027,2.2981688301771133,0.2499999999999999,0.7500000000000001,,,,,,,,,
19,2,100,ZX_split,XY,1.009571230102027,2.2981688301771133,0.6373220310602447,0.36267796893975535,,,,,,,,,
19,2,100,XYZ_split,XY,1.009571230102027,2.2981688301771133,0.9780069286408716,0.021993071359128424,,,,,,,,,
19,2,100,ORACLE_plane,XY,1.009571230102027,2.2981688301771133,0.9979095890196279,0.002090410980372104,,,,,,,,,
19,2,100,RL_adaptive,XY,1.009571230102027,2.2981688301771133,0.9714977692990089,0.028502230700991116,16.0,0.0,3.0,33.0,21.0,2.0,11.0,0.0,14.0
19,2,250,Z_only,XY,1.009571230102027,2.2981688301771133,0.2499999999999999,0.7500000000000001,,,,,,,,,
19,2,250,ZX_split,XY,1.009571230102027,2.2981688301771133,0.632368042547127,0.367631957452873,,,,,,,,,
19,2,250,XYZ_split,XY,1.009571230102027,2.2981688301771133,0.9899108440197508,0.010089155980249176,,,,,,,,,
19,2,250,ORACLE_plane,XY,1.009571230102027,2.2981688301771133,0.9999675826558595,3.241734414050068e-05,,,,,,,,,
19,2,250,RL_adaptive,XY,1.009571230102027,2.2981688301771133,0.997388922168754,0.0026110778312460337,11.0,11.0,140.0,10.0,24.0,4.0,3.0,0.0,47.0
19,2,500,Z_only,XY,1.009571230102027,2.2981688301771133,0.25,0.75,,,,,,,,,
19,2,500,ZX_split,XY,1.009571230102027,2.2981688301771133,0.6333910953188108,0.36660890468118923,,,,,,,,,
19,2,500,XYZ_split,XY,1.009571230102027,2.2981688301771133,0.9972099993197111,0.0027900006802888955,,,,,,,,,
19,2,500,ORACLE_plane,XY,1.009571230102027,2.2981688301771133,0.9995499209121188,0.00045007908788119444,,,,,,,,,
19,2,500,RL_adaptive,XY,1.009571230102027,2.2981688301771133,0.9961890249260595,0.003810975073940459,74.0,104.0,126.0,1.0,33.0,49.0,6.0,0.0,107.0
19,3,10,Z_only,XY,1.009571230102027,2.2981688301771133,0.2500000000000001,0.7499999999999999,,,,,,,,,
19,3,10,ZX_split,XY,1.009571230102027,2.2981688301771133,0.6135481897725469,0.3864518102274531,,,,,,,,,
19,3,10,XYZ_split,XY,1.009571230102027,2.2981688301771133,0.8383254052053796,0.16167459479462043,,,,,,,,,
19,3,10,ORACLE_plane,XY,1.009571230102027,2.2981688301771133,0.9788856981065374,0.02111430189346264,,,,,,,,,
19,3,10,RL_adaptive,XY,1.009571230102027,2.2981688301771133,0.907340592637229,0.092659407362771,2.0,0.0,2.0,0.0,2.0,0.0,0.0,2.0,2.0
19,3,25,Z_only,XY,1.009571230102027,2.2981688301771133,0.25,0.75,,,,,,,,,
19,3,25,ZX_split,XY,1.009571230102027,2.2981688301771133,0.616505072539749,0.38349492746025104,,,,,,,,,
19,3,25,XYZ_split,XY,1.009571230102027,2.2981688301771133,0.9544363586595794,0.04556364134042057,,,,,,,,,
19,3,25,ORACLE_plane,XY,1.009571230102027,2.2981688301771133,0.9953602022386334,0.004639797761366582,,,,,,,,,
19,3,25,RL_adaptive,XY,1.009571230102027,2.2981688301771133,0.9055167086733098,0.0944832913266902,5.0,2.0,0.0,5.0,2.0,3.0,0.0,5.0,3.0
19,3,50,Z_only,XY,1.009571230102027,2.2981688301771133,0.2500000000000001,0.7499999999999999,,,,,,,,,
19,3,50,ZX_split,XY,1.009571230102027,2.2981688301771133,0.6282393026626482,0.37176069733735184,,,,,,,,,
19,3,50,XYZ_split,XY,1.009571230102027,2.2981688301771133,0.9953986131543409,0.004601386845659139,,,,,,,,,
19,3,50,ORACLE_plane,XY,1.009571230102027,2.2981688301771133,0.9985821876922287,0.0014178123077712712,,,,,,,,,
19,3,50,RL_adaptive,XY,1.009571230102027,2.2981688301771133,0.8804169501234586,0.11958304987654145,9.0,1.0,0.0,0.0,9.0,2.0,0.0,18.0,11.0
19,3,100,Z_only,XY,1.009571230102027,2.2981688301771133,0.2500000000000001,0.7499999999999999,,,,,,,,,
19,3,100,ZX_split,XY,1.009571230102027,2.2981688301771133,0.6355192040202108,0.3644807959797892,,,,,,,,,
19,3,100,XYZ_split,XY,1.009571230102027,2.2981688301771133,0.9767778310627759,0.023222168937224064,,,,,,,,,
19,3,100,ORACLE_plane,XY,1.009571230102027,2.2981688301771133,0.9886438047325576,0.01135619526744236,,,,,,,,,
19,3,100,RL_adaptive,XY,1.009571230102027,2.2981688301771133,0.9938049553701986,0.006195044629801361,15.0,0.0,4.0,31.0,20.0,5.0,12.0,0.0,13.0
19,3,250,Z_only,XY,1.009571230102027,2.2981688301771133,0.25,0.75,,,,,,,,,
19,3,250,ZX_split,XY,1.009571230102027,2.2981688301771133,0.6360919255504206,0.3639080744495794,,,,,,,,,
19,3,250,XYZ_split,XY,1.009571230102027,2.2981688301771133,0.9931341705940735,0.006865829405926505,,,,,,,,,
19,3,250,ORACLE_plane,XY,1.009571230102027,2.2981688301771133,0.9988134029748413,0.0011865970251586644,,,,,,,,,
19,3,250,RL_adaptive,XY,1.009571230102027,2.2981688301771133,0.9770894953100645,0.022910504689935496,11.0,11.0,139.0,12.0,23.0,3.0,2.0,0.0,49.0
19,3,500,Z_only,XY,1.009571230102027,2.2981688301771133,0.2499999999999999,0.7500000000000001,,,,,,,,,
19,3,500,ZX_split,XY,1.009571230102027,2.2981688301771133,0.6367863029091458,0.36321369709085416,,,,,,,,,
19,3,500,XYZ_split,XY,1.009571230102027,2.2981688301771133,0.996828305188221,0.0031716948117790356,,,,,,,,,
19,3,500,ORACLE_plane,XY,1.009571230102027,2.2981688301771133,0.9995264782695791,0.0004735217304209227,,,,,,,,,
19,3,500,RL_adaptive,XY,1.009571230102027,2.2981688301771133,0.9871211515002494,0.012878848499750628,86.0,93.0,124.0,0.0,38.0,42.0,0.0,0.0,117.0
19,4,10,Z_only,XY,1.009571230102027,2.2981688301771133,0.25,0.75,,,,,,,,,
19,4,10,ZX_split,XY,1.009571230102027,2.2981688301771133,0.6204694770795107,0.3795305229204893,,,,,,,,,
19,4,10,XYZ_split,XY,1.009571230102027,2.2981688301771133,0.9403339665799318,0.059666033420068154,,,,,,,,,
19,4,10,ORACLE_plane,XY,1.009571230102027,2.2981688301771133,0.9593247560258675,0.04067524397413247,,,,,,,,,
19,4,10,RL_adaptive,XY,1.009571230102027,2.2981688301771133,0.7488518006045807,0.2511481993954193,3.0,0.0,1.0,0.0,4.0,0.0,0.0,0.0,2.0
19,4,25,Z_only,XY,1.009571230102027,2.2981688301771133,0.2499999999999999,0.7500000000000001,,,,,,,,,
19,4,25,ZX_split,XY,1.009571230102027,2.2981688301771133,0.6012329301570782,0.39876706984292176,,,,,,,,,
19,4,25,XYZ_split,XY,1.009571230102027,2.2981688301771133,0.9714828018987276,0.0285171981012724,,,,,,,,,
19,4,25,ORACLE_plane,XY,1.009571230102027,2.2981688301771133,0.9955669489025162,0.00443305109748382,,,,,,,,,
19,4,25,RL_adaptive,XY,1.009571230102027,2.2981688301771133,0.9638714985941201,0.036128501405879865,7.0,2.0,0.0,2.0,2.0,3.0,0.0,5.0,4.0
19,4,50,Z_only,XY,1.009571230102027,2.2981688301771133,0.25,0.75,,,,,,,,,
19,4,50,ZX_split,XY,1.009571230102027,2.2981688301771133,0.6210829799850137,0.3789170200149863,,,,,,,,,
19,4,50,XYZ_split,XY,1.009571230102027,2.2981688301771133,0.950009914088878,0.04999008591112197,,,,,,,,,
19,4,50,ORACLE_plane,XY,1.009571230102027,2.2981688301771133,0.9933570933187914,0.0066429066812085935,,,,,,,,,
19,4,50,RL_adaptive,XY,1.009571230102027,2.2981688301771133,0.9723457199209417,0.027654280079058347,8.0,2.0,0.0,0.0,7.0,4.0,0.0,19.0,10.0
19,4,100,Z_only,XY,1.009571230102027,2.2981688301771133,0.25,0.75,,,,,,,,,
19,4,100,ZX_split,XY,1.009571230102027,2.2981688301771133,0.616528439230986,0.383471560769014,,,,,,,,,
19,4,100,XYZ_split,XY,1.009571230102027,2.2981688301771133,0.9811052446486319,0.018894755351368087,,,,,,,,,
19,4,100,ORACLE_plane,XY,1.009571230102027,2.2981688301771133,0.9998263863123905,0.00017361368760948626,,,,,,,,,
19,4,100,RL_adaptive,XY,1.009571230102027,2.2981688301771133,0.9780818661192194,0.021918133880780566,14.0,0.0,7.0,32.0,20.0,4.0,11.0,0.0,12.0
19,4,250,Z_only,XY,1.009571230102027,2.2981688301771133,0.2499999999999999,0.7500000000000001,,,,,,,,,
19,4,250,ZX_split,XY,1.009571230102027,2.2981688301771133,0.6363538919236794,0.3636461080763206,,,,,,,,,
19,4,250,XYZ_split,XY,1.009571230102027,2.2981688301771133,0.9911209631871819,0.008879036812818097,,,,,,,,,
19,4,250,ORACLE_plane,XY,1.009571230102027,2.2981688301771133,0.9994738556599877,0.0005261443400123023,,,,,,,,,
19,4,250,RL_adaptive,XY,1.009571230102027,2.2981688301771133,0.9598677613772748,0.04013223862272519,9.0,11.0,145.0,13.0,20.0,4.0,4.0,3.0,41.0
19,4,500,Z_only,XY,1.009571230102027,2.2981688301771133,0.2500000000000001,0.7499999999999999,,,,,,,,,
19,4,500,ZX_split,XY,1.009571230102027,2.2981688301771133,0.6370401069782573,0.3629598930217427,,,,,,,,,
19,4,500,XYZ_split,XY,1.009571230102027,2.2981688301771133,0.9939900189195707,0.006009981080429272,,,,,,,,,
19,4,500,ORACLE_plane,XY,1.009571230102027,2.2981688301771133,0.9994394988237926,0.0005605011762074286,,,,,,,,,
19,4,500,RL_adaptive,XY,1.009571230102027,2.2981688301771133,0.9958901789638417,0.004109821036158312,67.0,111.0,128.0,2.0,25.0,60.0,7.0,1.0,99.0
20,0,10,Z_only,XY,2.249213865814126,3.5241841796318485,0.25,0.75,,,,,,,,,
20,0,10,ZX_split,XY,2.249213865814126,3.5241841796318485,0.689278429639653,0.310721570360347,,,,,,,,,
20,0,10,XYZ_split,XY,2.249213865814126,3.5241841796318485,0.7809588377969101,0.2190411622030899,,,,,,,,,
20,0,10,ORACLE_plane,XY,2.249213865814126,3.5241841796318485,0.9633255135802,0.03667448641979998,,,,,,,,,
20,0,10,RL_adaptive,XY,2.249213865814126,3.5241841796318485,0.15180033201457016,0.8481996679854298,4.0,0.0,0.0,0.0,2.0,1.0,0.0,0.0,3.0
20,0,25,Z_only,XY,2.249213865814126,3.5241841796318485,0.24999999999999994,0.75,,,,,,,,,
20,0,25,ZX_split,XY,2.249213865814126,3.5241841796318485,0.7812603984542361,0.21873960154576388,,,,,,,,,
20,0,25,XYZ_split,XY,2.249213865814126,3.5241841796318485,0.8751991355273212,0.1248008644726788,,,,,,,,,
20,0,25,ORACLE_plane,XY,2.249213865814126,3.5241841796318485,0.9613283536248131,0.03867164637518694,,,,,,,,,
20,0,25,RL_adaptive,XY,2.249213865814126,3.5241841796318485,0.8668953623666517,0.13310463763334834,7.0,0.0,0.0,2.0,2.0,2.0,0.0,10.0,2.0
20,0,50,Z_only,XY,2.249213865814126,3.5241841796318485,0.2500000000000001,0.7499999999999999,,,,,,,,,
20,0,50,ZX_split,XY,2.249213865814126,3.5241841796318485,0.7704453999131253,0.22955460008687467,,,,,,,,,
20,0,50,XYZ_split,XY,2.249213865814126,3.5241841796318485,0.9772516834570304,0.022748316542969604,,,,,,,,,
20,0,50,ORACLE_plane,XY,2.249213865814126,3.5241841796318485,0.9970175494267537,0.002982450573246309,,,,,,,,,
20,0,50,RL_adaptive,XY,2.249213865814126,3.5241841796318485,0.9498770020872899,0.05012299791271013,11.0,0.0,1.0,1.0,6.0,1.0,0.0,19.0,11.0
20,0,100,Z_only,XY,2.249213865814126,3.5241841796318485,0.24999999999999994,0.75,,,,,,,,,
20,0,100,ZX_split,XY,2.249213865814126,3.5241841796318485,0.7814479215050439,0.21855207849495606,,,,,,,,,
20,0,100,XYZ_split,XY,2.249213865814126,3.5241841796318485,0.9916675712845328,0.008332428715467244,,,,,,,,,
20,0,100,ORACLE_plane,XY,2.249213865814126,3.5241841796318485,0.9821541744924369,0.017845825507563084,,,,,,,,,
20,0,100,RL_adaptive,XY,2.249213865814126,3.5241841796318485,0.9743831690860532,0.025616830913946842,10.0,1.0,9.0,40.0,11.0,8.0,13.0,3.0,5.0
20,0,250,Z_only,XY,2.249213865814126,3.5241841796318485,0.24999999999999994,0.75,,,,,,,,,
20,0,250,ZX_split,XY,2.249213865814126,3.5241841796318485,0.783496929584628,0.21650307041537198,,,,,,,,,
20,0,250,XYZ_split,XY,2.249213865814126,3.5241841796318485,0.9821486728933678,0.017851327106632175,,,,,,,,,
20,0,250,ORACLE_plane,XY,2.249213865814126,3.5241841796318485,0.9970532760254847,0.0029467239745153417,,,,,,,,,
20,0,250,RL_adaptive,XY,2.249213865814126,3.5241841796318485,0.9938441194076357,0.006155880592364271,19.0,13.0,121.0,15.0,21.0,8.0,7.0,5.0,41.0
20,0,500,Z_only,XY,2.249213865814126,3.5241841796318485,0.24999999999999983,0.7500000000000002,,,,,,,,,
20,0,500,ZX_split,XY,2.249213865814126,3.5241841796318485,0.7833391433594689,0.21666085664053114,,,,,,,,,
20,0,500,XYZ_split,XY,2.249213865814126,3.5241841796318485,0.9971095688955002,0.0028904311044998243,,,,,,,,,
20,0,500,ORACLE_plane,XY,2.249213865814126,3.5241841796318485,0.9964515300449852,0.003548469955014788,,,,,,,,,
20,0,500,RL_adaptive,XY,2.249213865814126,3.5241841796318485,0.9949318143566891,0.005068185643310907,81.0,114.0,111.0,5.0,15.0,69.0,8.0,2.0,95.0
20,1,10,Z_only,XY,2.249213865814126,3.5241841796318485,0.2500000000000001,0.7499999999999999,,,,,,,,,
20,1,10,ZX_split,XY,2.249213865814126,3.5241841796318485,0.7712143020710539,0.2287856979289461,,,,,,,,,
20,1,10,XYZ_split,XY,2.249213865814126,3.5241841796318485,0.6687714893753289,0.33122851062467107,,,,,,,,,
20,1,10,ORACLE_plane,XY,2.249213865814126,3.5241841796318485,0.9909447771893537,0.009055222810646302,,,,,,,,,
20,1,10,RL_adaptive,XY,2.249213865814126,3.5241841796318485,0.923036728644839,0.07696327135516101,4.0,1.0,0.0,0.0,3.0,0.0,0.0,0.0,2.0
20,1,25,Z_only,XY,2.249213865814126,3.5241841796318485,0.24999999999999983,0.7500000000000002,,,,,,,,,
20,1,25,ZX_split,XY,2.249213865814126,3.5241841796318485,0.6987613777423652,0.30123862225763476,,,,,,,,,
20,1,25,XYZ_split,XY,2.249213865814126,3.5241841796318485,0.8789001175900707,0.1210998824099293,,,,,,,,,
20,1,25,ORACLE_plane,XY,2.249213865814126,3.5241841796318485,0.9882259068830442,0.011774093116955764,,,,,,,,,
20,1,25,RL_adaptive,XY,2.249213865814126,3.5241841796318485,0.954360046444365,0.04563995355563499,5.0,1.0,0.0,3.0,2.0,3.0,0.0,8.0,3.0
20,1,50,Z_only,XY,2.249213865814126,3.5241841796318485,0.24999999999999983,0.7500000000000002,,,,,,,,,
20,1,50,ZX_split,XY,2.249213865814126,3.5241841796318485,0.7627757253913974,0.23722427460860263,,,,,,,,,
20,1,50,XYZ_split,XY,2.249213865814126,3.5241841796318485,0.9815120810125387,0.01848791898746127,,,,,,,,,
20,1,50,ORACLE_plane,XY,2.249213865814126,3.5241841796318485,0.999658839406431,0.0003411605935690343,,,,,,,,,
20,1,50,RL_adaptive,XY,2.249213865814126,3.5241841796318485,0.8987937439765263,0.10120625602347366,9.0,0.0,3.0,2.0,6.0,0.0,0.0,18.0,12.0
20,1,100,Z_only,XY,2.249213865814126,3.5241841796318485,0.2500000000000001,0.7499999999999999,,,,,,,,,
20,1,100,ZX_split,XY,2.249213865814126,3.5241841796318485,0.7776961064932753,0.22230389350672475,,,,,,,,,
20,1,100,XYZ_split,XY,2.249213865814126,3.5241841796318485,0.9957793774890659,0.0042206225109341355,,,,,,,,,
20,1,100,ORACLE_plane,XY,2.249213865814126,3.5241841796318485,0.9945370461916117,0.005462953808388349,,,,,,,,,
20,1,100,RL_adaptive,XY,2.249213865814126,3.5241841796318485,0.9752311590198883,0.024768840980111673,10.0,3.0,7.0,40.0,10.0,8.0,12.0,6.0,4.0
20,1,250,Z_only,XY,2.249213865814126,3.5241841796318485,0.25,0.75,,,,,,,,,
20,1,250,ZX_split,XY,2.249213865814126,3.5241841796318485,0.7816133044483409,0.21838669555165913,,,,,,,,,
20,1,250,XYZ_split,XY,2.249213865814126,3.5241841796318485,0.9911571698748042,0.008842830125195822,,,,,,,,,
20,1,250,ORACLE_plane,XY,2.249213865814126,3.5241841796318485,0.9930679950850645,0.006932004914935508,,,,,,,,,
20,1,250,RL_adaptive,XY,2.249213865814126,3.5241841796318485,0.9984433299746966,0.0015566700253033527,20.0,13.0,123.0,13.0,24.0,5.0,4.0,5.0,43.0
20,1,500,Z_only,XY,2.249213865814126,3.5241841796318485,0.24999999999999983,0.7500000000000002,,,,,,,,,
20,1,500,ZX_split,XY,2.249213865814126,3.5241841796318485,0.7839208194986764,0.21607918050132358,,,,,,,,,
20,1,500,XYZ_split,XY,2.249213865814126,3.5241841796318485,0.9923128264088056,0.007687173591194418,,,,,,,,,
20,1,500,ORACLE_plane,XY,2.249213865814126,3.5241841796318485,0.9992797890952453,0.0007202109047547145,,,,,,,,,
20,1,500,RL_adaptive,XY,2.249213865814126,3.5241841796318485,0.9970418287383495,0.002958171261650544,72.0,121.0,118.0,5.0,12.0,72.0,10.0,4.0,86.0
20,2,10,Z_only,XY,2.249213865814126,3.5241841796318485,0.24999999999999994,0.75,,,,,,,,,
20,2,10,ZX_split,XY,2.249213865814126,3.5241841796318485,0.7616574868950492,0.2383425131049508,,,,,,,,,
20,2,10,XYZ_split,XY,2.249213865814126,3.5241841796318485,0.8238539136419295,0.1761460863580705,,,,,,,,,
20,2,10,ORACLE_plane,XY,2.249213865814126,3.5241841796318485,0.8150892301946738,0.18491076980532617,,,,,,,,,
20,2,10,RL_adaptive,XY,2.249213865814126,3.5241841796318485,0.9218904686712263,0.07810953132877374,4.0,0.0,1.0,0.0,3.0,0.0,0.0,0.0,2.0
20,2,25,Z_only,XY,2.249213865814126,3.5241841796318485,0.24999999999999994,0.75,,,,,,,,,
20,2,25,ZX_split,XY,2.249213865814126,3.5241841796318485,0.7295513954464313,0.27044860455356867,,,,,,,,,
20,2,25,XYZ_split,XY,2.249213865814126,3.5241841796318485,0.9741360913676856,0.02586390863231436,,,,,,,,,
20,2,25,ORACLE_plane,XY,2.249213865814126,3.5241841796318485,0.9894343856378135,0.010565614362186504,,,,,,,,,
20,2,25,RL_adaptive,XY,2.249213865814126,3.5241841796318485,0.9182920635109121,0.08170793648908792,6.0,0.0,0.0,3.0,2.0,2.0,0.0,10.0,2.0
20,2,50,Z_only,XY,2.249213865814126,3.5241841796318485,0.25,0.75,,,,,,,,,
20,2,50,ZX_split,XY,2.249213865814126,3.5241841796318485,0.7630905676585091,0.23690943234149087,,,,,,,,,
20,2,50,XYZ_split,XY,2.249213865814126,3.5241841796318485,0.9765430452857264,0.02345695471427356,,,,,,,,,
20,2,50,ORACLE_plane,XY,2.249213865814126,3.5241841796318485,0.9992182408370561,0.0007817591629438736,,,,,,,,,
20,2,50,RL_adaptive,XY,2.249213865814126,3.5241841796318485,0.9201697499229735,0.07983025007702649,7.0,2.0,2.0,2.0,5.0,3.0,1.0,19.0,9.0
20,2,100,Z_only,XY,2.249213865814126,3.5241841796318485,0.25,0.75,,,,,,,,,
20,2,100,ZX_split,XY,2.249213865814126,3.5241841796318485,0.7698070661956165,0.23019293380438355,,,,,,,,,
20,2,100,XYZ_split,XY,2.249213865814126,3.5241841796318485,0.9730198866066815,0.026980113393318517,,,,,,,,,
20,2,100,ORACLE_plane,XY,2.249213865814126,3.5241841796318485,0.9989050500647372,0.0010949499352628234,,,,,,,,,
20,2,100,RL_adaptive,XY,2.249213865814126,3.5241841796318485,0.9959134331725377,0.004086566827462335,10.0,2.0,8.0,39.0,9.0,9.0,12.0,7.0,4.0
20,2,250,Z_only,XY,2.249213865814126,3.5241841796318485,0.2500000000000001,0.7499999999999999,,,,,,,,,
20,2,250,ZX_split,XY,2.249213865814126,3.5241841796318485,0.7797874977181262,0.22021250228187383,,,,,,,,,
20,2,250,XYZ_split,XY,2.249213865814126,3.5241841796318485,0.9977551627370219,0.0022448372629780833,,,,,,,,,
20,2,250,ORACLE_plane,XY,2.249213865814126,3.5241841796318485,0.9970100423535045,0.002989957646495456,,,,,,,,,
20,2,250,RL_adaptive,XY,2.249213865814126,3.5241841796318485,0.98934741298165,0.010652587018350035,16.0,14.0,123.0,16.0,19.0,9.0,7.0,8.0,38.0
20,2,500,Z_only,XY,2.249213865814126,3.5241841796318485,0.24999999999999994,0.75,,,,,,,,,
20,2,500,ZX_split,XY,2.249213865814126,3.5241841796318485,0.7782026784897527,0.22179732151024734,,,,,,,,,
20,2,500,XYZ_split,XY,2.249213865814126,3.5241841796318485,0.9987393257503115,0.0012606742496884538,,,,,,,,,
20,2,500,ORACLE_plane,XY,2.249213865814126,3.5241841796318485,0.9996130820265059,0.0003869179734941053,,,,,,,,,
20,2,500,RL_adaptive,XY,2.249213865814126,3.5241841796318485,0.9971772960727198,0.0028227039272802346,71.0,119.0,118.0,8.0,9.0,72.0,13.0,6.0,84.0
20,3,10,Z_only,XY,2.249213865814126,3.5241841796318485,0.2500000000000001,0.7499999999999999,,,,,,,,,
20,3,10,ZX_split,XY,2.249213865814126,3.5241841796318485,0.6480634133238541,0.3519365866761459,,,,,,,,,
20,3,10,XYZ_split,XY,2.249213865814126,3.5241841796318485,0.8493727904189966,0.1506272095810034,,,,,,,,,
20,3,10,ORACLE_plane,XY,2.249213865814126,3.5241841796318485,0.9305583071669578,0.06944169283304225,,,,,,,,,
20,3,10,RL_adaptive,XY,2.249213865814126,3.5241841796318485,0.7657573383017973,0.23424266169820274,6.0,0.0,0.0,0.0,2.0,0.0,0.0,0.0,2.0
20,3,25,Z_only,XY,2.249213865814126,3.5241841796318485,0.25,0.75,,,,,,,,,
20,3,25,ZX_split,XY,2.249213865814126,3.5241841796318485,0.698215657782436,0.301784342217564,,,,,,,,,
20,3,25,XYZ_split,XY,2.249213865814126,3.5241841796318485,0.9573096488084336,0.04269035119156639,,,,,,,,,
20,3,25,ORACLE_plane,XY,2.249213865814126,3.5241841796318485,0.9386872883242342,0.061312711675765796,,,,,,,,,
20,3,25,RL_adaptive,XY,2.249213865814126,3.5241841796318485,0.8900515883418704,0.10994841165812963,7.0,0.0,0.0,3.0,2.0,2.0,0.0,9.0,2.0
20,3,50,Z_only,XY,2.249213865814126,3.5241841796318485,0.24999999999999983,0.7500000000000002,,,,,,,,,
20,3,50,ZX_split,XY,2.249213865814126,3.5241841796318485,0.6955132927276282,0.3044867072723718,,,,,,,,,
20,3,50,XYZ_split,XY,2.249213865814126,3.5241841796318485,0.9878860799186139,0.01211392008138612,,,,,,,,,
20,3,50,ORACLE_plane,XY,2.249213865814126,3.5241841796318485,0.9754566718328929,0.024543328167107137,,,,,,,,,
20,3,50,RL_adaptive,XY,2.249213865814126,3.5241841796318485,0.924882743800842,0.07511725619915799,8.0,0.0,2.0,2.0,7.0,3.0,0.0,19.0,9.0
20,3,100,Z_only,XY,2.249213865814126,3.5241841796318485,0.24999999999999983,0.7500000000000002,,,,,,,,,
20,3,100,ZX_split,XY,2.249213865814126,3.5241841796318485,0.76786040532311,0.23213959467689005,,,,,,,,,
20,3,100,XYZ_split,XY,2.249213865814126,3.5241841796318485,0.9504718480200535,0.04952815197994653,,,,,,,,,
20,3,100,ORACLE_plane,XY,2.249213865814126,3.5241841796318485,0.9994805966780881,0.0005194033219119154,,,,,,,,,
20,3,100,RL_adaptive,XY,2.249213865814126,3.5241841796318485,0.9873638432598335,0.012636156740166493,14.0,0.0,9.0,36.0,14.0,4.0,9.0,3.0,11.0
20,3,250,Z_only,XY,2.249213865814126,3.5241841796318485,0.24999999999999983,0.7500000000000002,,,,,,,,,
20,3,250,ZX_split,XY,2.249213865814126,3.5241841796318485,0.7717227116698667,0.22827728833013328,,,,,,,,,
20,3,250,XYZ_split,XY,2.249213865814126,3.5241841796318485,0.9869332663509923,0.013066733649007678,,,,,,,,,
20,3,250,ORACLE_plane,XY,2.249213865814126,3.5241841796318485,0.9997746438898647,0.00022535611013529966,,,,,,,,,
20,3,250,RL_adaptive,XY,2.249213865814126,3.5241841796318485,0.9844360040194283,0.015563995980571677,15.0,12.0,130.0,18.0,19.0,6.0,4.0,12.0,34.0
20,3,500,Z_only,XY,2.249213865814126,3.5241841796318485,0.2500000000000001,0.7499999999999999,,,,,,,,,
20,3,500,ZX_split,XY,2.249213865814126,3.5241841796318485,0.7808225451109814,0.21917745488901863,,,,,,,,,
20,3,500,XYZ_split,XY,2.249213865814126,3.5241841796318485,0.9961220836722602,0.0038779163277398165,,,,,,,,,
20,3,500,ORACLE_plane,XY,2.249213865814126,3.5241841796318485,0.9986273506168504,0.0013726493831496267,,,,,,,,,
20,3,500,RL_adaptive,XY,2.249213865814126,3.5241841796318485,0.9982321262219126,0.0017678737780874032,66.0,120.0,121.0,9.0,9.0,74.0,13.0,5.0,83.0
20,4,10,Z_only,XY,2.249213865814126,3.5241841796318485,0.24999999999999994,0.75,,,,,,,,,
20,4,10,ZX_split,XY,2.249213865814126,3.5241841796318485,0.7616574868950492,0.2383425131049508,,,,,,,,,
20,4,10,XYZ_split,XY,2.249213865814126,3.5241841796318485,0.9324385684816985,0.06756143151830152,,,,,,,,,
20,4,10,ORACLE_plane,XY,2.249213865814126,3.5241841796318485,0.942388635112266,0.057611364887733996,,,,,,,,,
20,4,10,RL_adaptive,XY,2.249213865814126,3.5241841796318485,0.6205894983398894,0.3794105016601106,5.0,0.0,0.0,0.0,2.0,0.0,0.0,0.0,3.0
20,4,25,Z_only,XY,2.249213865814126,3.5241841796318485,0.24999999999999994,0.75,,,,,,,,,
20,4,25,ZX_split,XY,2.249213865814126,3.5241841796318485,0.7823613873654356,0.2176386126345644,,,,,,,,,
20,4,25,XYZ_split,XY,2.249213865814126,3.5241841796318485,0.9341546992196282,0.06584530078037176,,,,,,,,,
20,4,25,ORACLE_plane,XY,2.249213865814126,3.5241841796318485,0.9923632493140985,0.007636750685901528,,,,,,,,,
20,4,25,RL_adaptive,XY,2.249213865814126,3.5241841796318485,0.8708044435395118,0.1291955564604882,5.0,0.0,0.0,4.0,2.0,3.0,0.0,8.0,3.0
20,4,50,Z_only,XY,2.249213865814126,3.5241841796318485,0.24999999999999994,0.75,,,,,,,,,
20,4,50,ZX_split,XY,2.249213865814126,3.5241841796318485,0.7770877626539857,0.22291223734601429,,,,,,,,,
20,4,50,XYZ_split,XY,2.249213865814126,3.5241841796318485,0.8912072120286841,0.10879278797131586,,,,,,,,,
20,4,50,ORACLE_plane,XY,2.249213865814126,3.5241841796318485,0.978656466565541,0.02134353343445905,,,,,,,,,
20,4,50,RL_adaptive,XY,2.249213865814126,3.5241841796318485,0.9589284933184736,0.04107150668152637,9.0,0.0,2.0,1.0,7.0,3.0,0.0,19.0,9.0
20,4,100,Z_only,XY,2.249213865814126,3.5241841796318485,0.24999999999999983,0.7500000000000002,,,,,,,,,
20,4,100,ZX_split,XY,2.249213865814126,3.5241841796318485,0.7797707936904067,0.2202292063095933,,,,,,,,,
20,4,100,XYZ_split,XY,2.249213865814126,3.5241841796318485,0.9888220777470084,0.011177922252991634,,,,,,,,,
20,4,100,ORACLE_plane,XY,2.249213865814126,3.5241841796318485,0.9926975542723966,0.007302445727603413,,,,,,,,,
20,4,100,RL_adaptive,XY,2.249213865814126,3.5241841796318485,0.9759637047594097,0.024036295240590255,13.0,0.0,7.0,40.0,14.0,6.0,9.0,1.0,10.0
20,4,250,Z_only,XY,2.249213865814126,3.5241841796318485,0.25,0.75,,,,,,,,,
20,4,250,ZX_split,XY,2.249213865814126,3.5241841796318485,0.7829213343671894,0.21707866563281064,,,,,,,,,
20,4,250,XYZ_split,XY,2.249213865814126,3.5241841796318485,0.9960828196652244,0.003917180334775616,,,,,,,,,
20,4,250,ORACLE_plane,XY,2.249213865814126,3.5241841796318485,0.9946876023905316,0.005312397609468444,,,,,,,,,
20,4,250,RL_adaptive,XY,2.249213865814126,3.5241841796318485,0.9927696362945472,0.007230363705452825,14.0,17.0,121.0,18.0,15.0,11.0,8.0,9.0,37.0
20,4,500,Z_only,XY,2.249213865814126,3.5241841796318485,0.24999999999999983,0.7500000000000002,,,,,,,,,
20,4,500,ZX_split,XY,2.249213865814126,3.5241841796318485,0.78137924174159,0.21862075825841,,,,,,,,,
20,4,500,XYZ_split,XY,2.249213865814126,3.5241841796318485,0.9922072976118901,0.007792702388109918,,,,,,,,,
20,4,500,ORACLE_plane,XY,2.249213865814126,3.5241841796318485,0.9995308182713476,0.0004691817286524014,,,,,,,,,
20,4,500,RL_adaptive,XY,2.249213865814126,3.5241841796318485,0.994744172420738,0.005255827579262018,71.0,119.0,118.0,7.0,12.0,72.0,10.0,4.0,87.0
21,0,10,Z_only,XZ,5.452844493128274,1.1160790398860856,0.82492495336619,0.17507504663381002,,,,,,,,,
21,0,10,ZX_split,XZ,5.452844493128274,1.1160790398860856,0.9263626306328678,0.07363736936713217,,,,,,,,,
21,0,10,XYZ_split,XZ,5.452844493128274,1.1160790398860856,0.8405815791105561,0.1594184208894439,,,,,,,,,
21,0,10,ORACLE_plane,XZ,5.452844493128274,1.1160790398860856,0.792248908008282,0.20775109199171804,,,,,,,,,
21,0,10,RL_adaptive,XZ,5.452844493128274,1.1160790398860856,0.6239154867217718,0.3760845132782282,3.0,0.0,2.0,0.0,2.0,0.0,0.0,0.0,3.0
21,0,25,Z_only,XZ,5.452844493128274,1.1160790398860856,0.82492495336619,0.17507504663381002,,,,,,,,,
21,0,25,ZX_split,XZ,5.452844493128274,1.1160790398860856,0.9676642556540178,0.03233574434598219,,,,,,,,,
21,0,25,XYZ_split,XZ,5.452844493128274,1.1160790398860856,0.9745629448979993,0.025437055102000672,,,,,,,,,
21,0,25,ORACLE_plane,XZ,5.452844493128274,1.1160790398860856,0.9911600224333658,0.008839977566634238,,,,,,,,,
21,0,25,RL_adaptive,XZ,5.452844493128274,1.1160790398860856,0.9855223629907846,0.01447763700921545,8.0,0.0,1.0,1.0,2.0,4.0,0.0,7.0,2.0
21,0,50,Z_only,XZ,5.452844493128274,1.1160790398860856,0.82492495336619,0.17507504663381002,,,,,,,,,
21,0,50,ZX_split,XZ,5.452844493128274,1.1160790398860856,0.9884882413891002,0.011511758610899814,,,,,,,,,
21,0,50,XYZ_split,XZ,5.452844493128274,1.1160790398860856,0.9742329427697868,0.02576705723021322,,,,,,,,,
21,0,50,ORACLE_plane,XZ,5.452844493128274,1.1160790398860856,0.993047673634471,0.006952326365529005,,,,,,,,,
21,0,50,RL_adaptive,XZ,5.452844493128274,1.1160790398860856,0.9268509863826552,0.07314901361734483,14.0,0.0,0.0,0.0,5.0,3.0,0.0,16.0,12.0
21,0,100,Z_only,XZ,5.452844493128274,1.1160790398860856,0.82492495336619,0.17507504663381002,,,,,,,,,
21,0,100,ZX_split,XZ,5.452844493128274,1.1160790398860856,0.9886350226351236,0.011364977364876405,,,,,,,,,
21,0,100,XYZ_split,XZ,5.452844493128274,1.1160790398860856,0.9702597863128807,0.02974021368711932,,,,,,,,,
21,0,100,ORACLE_plane,XZ,5.452844493128274,1.1160790398860856,0.998303189129987,0.0016968108700130546,,,,,,,,,
21,0,100,RL_adaptive,XZ,5.452844493128274,1.1160790398860856,0.9612196123972979,0.03878038760270208,14.0,1.0,4.0,35.0,22.0,1.0,5.0,0.0,18.0
21,0,250,Z_only,XZ,5.452844493128274,1.1160790398860856,0.82492495336619,0.17507504663381002,,,,,,,,,
21,0,250,ZX_split,XZ,5.452844493128274,1.1160790398860856,0.9991107358528338,0.0008892641471661689,,,,,,,,,
21,0,250,XYZ_split,XZ,5.452844493128274,1.1160790398860856,0.9986023808522116,0.0013976191477883537,,,,,,,,,
21,0,250,ORACLE_plane,XZ,5.452844493128274,1.1160790398860856,0.9979295883449882,0.0020704116550117613,,,,,,,,,
21,0,250,RL_adaptive,XZ,5.452844493128274,1.1160790398860856,0.9780194483630763,0.021980551636923695,22.0,5.0,149.0,9.0,26.0,3.0,2.0,0.0,34.0
21,0,500,Z_only,XZ,5.452844493128274,1.1160790398860856,0.82492495336619,0.17507504663381002,,,,,,,,,
21,0,500,ZX_split,XZ,5.452844493128274,1.1160790398860856,0.9996314514270467,0.00036854857295332,,,,,,,,,
21,0,500,XYZ_split,XZ,5.452844493128274,1.1160790398860856,0.9966544047915825,0.0033455952084174845,,,,,,,,,
21,0,500,ORACLE_plane,XZ,5.452844493128274,1.1160790398860856,0.9988621103242891,0.0011378896757109347,,,,,,,,,
21,0,500,RL_adaptive,XZ,5.452844493128274,1.1160790398860856,0.9976209765662949,0.0023790234337051075,74.0,84.0,153.0,16.0,32.0,42.0,9.0,2.0,88.0
21,1,10,Z_only,XZ,5.452844493128274,1.1160790398860856,0.82492495336619,0.17507504663381002,,,,,,,,,
21,1,10,ZX_split,XZ,5.452844493128274,1.1160790398860856,0.8882764171647649,0.11172358283523509,,,,,,,,,
21,1,10,XYZ_split,XZ,5.452844493128274,1.1160790398860856,0.913335638885516,0.08666436111448395,,,,,,,,,
21,1,10,ORACLE_plane,XZ,5.452844493128274,1.1160790398860856,0.983040957614452,0.016959042385548018,,,,,,,,,
21,1,10,RL_adaptive,XZ,5.452844493128274,1.1160790398860856,0.5206642722388863,0.47933572776111366,3.0,0.0,1.0,0.0,2.0,0.0,0.0,0.0,4.0
21,1,25,Z_only,XZ,5.452844493128274,1.1160790398860856,0.82492495336619,0.17507504663381002,,,,,,,,,
21,1,25,ZX_split,XZ,5.452844493128274,1.1160790398860856,0.990893183406556,0.009106816593444034,,,,,,,,,
21,1,25,XYZ_split,XZ,5.452844493128274,1.1160790398860856,0.9614321448940215,0.03856785510597849,,,,,,,,,
21,1,25,ORACLE_plane,XZ,5.452844493128274,1.1160790398860856,0.9975287060663068,0.002471293933693164,,,,,,,,,
21,1,25,RL_adaptive,XZ,5.452844493128274,1.1160790398860856,0.9363370827530618,0.06366291724693818,10.0,0.0,1.0,0.0,4.0,1.0,0.0,6.0,3.0
21,1,50,Z_only,XZ,5.452844493128274,1.1160790398860856,0.82492495336619,0.17507504663381002,,,,,,,,,
21,1,50,ZX_split,XZ,5.452844493128274,1.1160790398860856,0.970328494467924,0.02967150553207598,,,,,,,,,
21,1,50,XYZ_split,XZ,5.452844493128274,1.1160790398860856,0.9095990803354913,0.0904009196645087,,,,,,,,,
21,1,50,ORACLE_plane,XZ,5.452844493128274,1.1160790398860856,0.9887819688858034,0.011218031114196614,,,,,,,,,
21,1,50,RL_adaptive,XZ,5.452844493128274,1.1160790398860856,0.9151459830848466,0.08485401691515337,12.0,1.0,0.0,0.0,6.0,2.0,0.0,19.0,10.0
21,1,100,Z_only,XZ,5.452844493128274,1.1160790398860856,0.82492495336619,0.17507504663381002,,,,,,,,,
21,1,100,ZX_split,XZ,5.452844493128274,1.1160790398860856,0.9970932519290553,0.002906748070944709,,,,,,,,,
21,1,100,XYZ_split,XZ,5.452844493128274,1.1160790398860856,0.9909846831196062,0.009015316880393809,,,,,,,,,
21,1,100,ORACLE_plane,XZ,5.452844493128274,1.1160790398860856,0.9884838064122271,0.011516193587772894,,,,,,,,,
21,1,100,RL_adaptive,XZ,5.452844493128274,1.1160790398860856,0.9977309386823673,0.0022690613176327146,13.0,4.0,4.0,37.0,19.0,1.0,7.0,0.0,15.0
21,1,250,Z_only,XZ,5.452844493128274,1.1160790398860856,0.82492495336619,0.17507504663381002,,,,,,,,,
21,1,250,ZX_split,XZ,5.452844493128274,1.1160790398860856,0.9993943543643966,0.0006056456356033912,,,,,,,,,
21,1,250,XYZ_split,XZ,5.452844493128274,1.1160790398860856,0.9956813109502937,0.004318689049706337,,,,,,,,,
21,1,250,ORACLE_plane,XZ,5.452844493128274,1.1160790398860856,0.9988435826711901,0.001156417328809889,,,,,,,,,
21,1,250,RL_adaptive,XZ,5.452844493128274,1.1160790398860856,0.9694989395021166,0.03050106049788337,18.0,7.0,149.0,10.0,21.0,5.0,6.0,1.0,33.0
21,1,500,Z_only,XZ,5.452844493128274,1.1160790398860856,0.82492495336619,0.17507504663381002,,,,,,,,,
21,1,500,ZX_split,XZ,5.452844493128274,1.1160790398860856,0.9986324752218027,0.0013675247781973487,,,,,,,,,
21,1,500,XYZ_split,XZ,5.452844493128274,1.1160790398860856,0.9973387799799173,0.002661220020082733,,,,,,,,,
21,1,500,ORACLE_plane,XZ,5.452844493128274,1.1160790398860856,0.9997137474119294,0.00028625258807057907,,,,,,,,,
21,1,500,RL_adaptive,XZ,5.452844493128274,1.1160790398860856,0.99675564555997,0.0032443544400300173,75.0,84.0,151.0,13.0,38.0,42.0,7.0,0.0,90.0
21,2,10,Z_only,XZ,5.452844493128274,1.1160790398860856,0.82492495336619,0.17507504663381002,,,,,,,,,
21,2,10,ZX_split,XZ,5.452844493128274,1.1160790398860856,0.973731368563682,0.02626863143631797,,,,,,,,,
21,2,10,XYZ_split,XZ,5.452844493128274,1.1160790398860856,0.8899453212986504,0.11005467870134955,,,,,,,,,
21,2,10,ORACLE_plane,XZ,5.452844493128274,1.1160790398860856,0.6620091446003835,0.3379908553996165,,,,,,,,,
21,2,10,RL_adaptive,XZ,5.452844493128274,1.1160790398860856,0.6591681196878089,0.34083188031219114,3.0,0.0,3.0,0.0,2.0,0.0,0.0,0.0,2.0
21,2,25,Z_only,XZ,5.452844493128274,1.1160790398860856,0.82492495336619,0.17507504663381002,,,,,,,,,
21,2,25,ZX_split,XZ,5.452844493128274,1.1160790398860856,0.9853235261708996,0.014676473829100423,,,,,,,,,
21,2,25,XYZ_split,XZ,5.452844493128274,1.1160790398860856,0.8964921512408182,0.10350784875918184,,,,,,,,,
21,2,25,ORACLE_plane,XZ,5.452844493128274,1.1160790398860856,0.9762901707745598,0.023709829225440182,,,,,,,,,
21,2,25,RL_adaptive,XZ,5.452844493128274,1.1160790398860856,0.6693113635492268,0.3306886364507732,13.0,0.0,0.0,0.0,5.0,3.0,0.0,2.0,2.0
21,2,50,Z_only,XZ,5.452844493128274,1.1160790398860856,0.82492495336619,0.17507504663381002,,,,,,,,,
21,2,50,ZX_split,XZ,5.452844493128274,1.1160790398860856,0.9826902904804813,0.017309709519518712,,,,,,,,,
21,2,50,XYZ_split,XZ,5.452844493128274,1.1160790398860856,0.915797332124827,0.08420266787517305,,,,,,,,,
21,2,50,ORACLE_plane,XZ,5.452844493128274,1.1160790398860856,0.9995679901473059,0.000432009852694093,,,,,,,,,
21,2,50,RL_adaptive,XZ,5.452844493128274,1.1160790398860856,0.9519460238749008,0.04805397612509921,11.0,2.0,0.0,0.0,6.0,2.0,0.0,19.0,10.0
21,2,100,Z_only,XZ,5.452844493128274,1.1160790398860856,0.82492495336619,0.17507504663381002,,,,,,,,,
21,2,100,ZX_split,XZ,5.452844493128274,1.1160790398860856,0.9963721098368679,0.0036278901631321414,,,,,,,,,
21,2,100,XYZ_split,XZ,5.452844493128274,1.1160790398860856,0.9729578623569556,0.027042137643044417,,,,,,,,,
21,2,100,ORACLE_plane,XZ,5.452844493128274,1.1160790398860856,0.9979368318287054,0.0020631681712945937,,,,,,,,,
21,2,100,RL_adaptive,XZ,5.452844493128274,1.1160790398860856,0.9919213627404636,0.008078637259536392,17.0,0.0,3.0,31.0,25.0,0.0,3.0,0.0,21.0
21,2,250,Z_only,XZ,5.452844493128274,1.1160790398860856,0.82492495336619,0.17507504663381002,,,,,,,,,
21,2,250,ZX_split,XZ,5.452844493128274,1.1160790398860856,0.999001452129995,0.0009985478700049732,,,,,,,,,
21,2,250,XYZ_split,XZ,5.452844493128274,1.1160790398860856,0.9849188674219542,0.015081132578045775,,,,,,,,,
21,2,250,ORACLE_plane,XZ,5.452844493128274,1.1160790398860856,0.9971736205801568,0.0028263794198432057,,,,,,,,,
21,2,250,RL_adaptive,XZ,5.452844493128274,1.1160790398860856,0.9669626361478597,0.03303736385214029,11.0,15.0,145.0,15.0,11.0,12.0,13.0,7.0,21.0
21,2,500,Z_only,XZ,5.452844493128274,1.1160790398860856,0.82492495336619,0.17507504663381002,,,,,,,,,
21,2,500,ZX_split,XZ,5.452844493128274,1.1160790398860856,0.9994319930359002,0.0005680069640997543,,,,,,,,,
21,2,500,XYZ_split,XZ,5.452844493128274,1.1160790398860856,0.9978142602011209,0.0021857397988791494,,,,,,,,,
21,2,500,ORACLE_plane,XZ,5.452844493128274,1.1160790398860856,0.9956834679539941,0.004316532046005905,,,,,,,,,
21,2,500,RL_adaptive,XZ,5.452844493128274,1.1160790398860856,0.9926142525524665,0.007385747447533508,81.0,71.0,162.0,9.0,50.0,33.0,2.0,1.0,91.0
21,3,10,Z_only,XZ,5.452844493128274,1.1160790398860856,0.82492495336619,0.17507504663381002,,,,,,,,,
21,3,10,ZX_split,XZ,5.452844493128274,1.1160790398860856,0.7378351408658982,0.2621648591341018,,,,,,,,,
21,3,10,XYZ_split,XZ,5.452844493128274,1.1160790398860856,0.7873505791327151,0.2126494208672849,,,,,,,,,
21,3,10,ORACLE_plane,XZ,5.452844493128274,1.1160790398860856,0.9950838232300133,0.00491617676998668,,,,,,,,,
21,3,10,RL_adaptive,XZ,5.452844493128274,1.1160790398860856,0.6422560266928513,0.3577439733071487,5.0,0.0,0.0,1.0,2.0,0.0,0.0,0.0,2.0
21,3,25,Z_only,XZ,5.452844493128274,1.1160790398860856,0.82492495336619,0.17507504663381002,,,,,,,,,
21,3,25,ZX_split,XZ,5.452844493128274,1.1160790398860856,0.9704592592157713,0.029540740784228747,,,,,,,,,
21,3,25,XYZ_split,XZ,5.452844493128274,1.1160790398860856,0.9435646360886735,0.05643536391132653,,,,,,,,,
21,3,25,ORACLE_plane,XZ,5.452844493128274,1.1160790398860856,0.9829914677097722,0.017008532290227807,,,,,,,,,
21,3,25,RL_adaptive,XZ,5.452844493128274,1.1160790398860856,0.9774151307134782,0.022584869286521814,9.0,1.0,1.0,0.0,3.0,4.0,0.0,5.0,2.0
21,3,50,Z_only,XZ,5.452844493128274,1.1160790398860856,0.82492495336619,0.17507504663381002,,,,,,,,,
21,3,50,ZX_split,XZ,5.452844493128274,1.1160790398860856,0.9947289961251605,0.005271003874839475,,,,,,,,,
21,3,50,XYZ_split,XZ,5.452844493128274,1.1160790398860856,0.9391409218703305,0.06085907812966951,,,,,,,,,
21,3,50,ORACLE_plane,XZ,5.452844493128274,1.1160790398860856,0.997557429633334,0.0024425703666659526,,,,,,,,,
21,3,50,RL_adaptive,XZ,5.452844493128274,1.1160790398860856,0.9892336847813797,0.01076631521862026,15.0,0.0,0.0,0.0,7.0,1.0,0.0,14.0,13.0
21,3,100,Z_only,XZ,5.452844493128274,1.1160790398860856,0.82492495336619,0.17507504663381002,,,,,,,,,
21,3,100,ZX_split,XZ,5.452844493128274,1.1160790398860856,0.9997772640645358,0.00022273593546418002,,,,,,,,,
21,3,100,XYZ_split,XZ,5.452844493128274,1.1160790398860856,0.9926354651192559,0.007364534880744067,,,,,,,,,
21,3,100,ORACLE_plane,XZ,5.452844493128274,1.1160790398860856,0.9970286634547897,0.0029713365452103124,,,,,,,,,
21,3,100,RL_adaptive,XZ,5.452844493128274,1.1160790398860856,0.9871657744226818,0.01283422557731817,15.0,0.0,2.0,37.0,22.0,0.0,6.0,0.0,18.0
21,3,250,Z_only,XZ,5.452844493128274,1.1160790398860856,0.82492495336619,0.17507504663381002,,,,,,,,,
21,3,250,ZX_split,XZ,5.452844493128274,1.1160790398860856,0.9936583676449724,0.006341632355027604,,,,,,,,,
21,3,250,XYZ_split,XZ,5.452844493128274,1.1160790398860856,0.9975011553712297,0.002498844628770258,,,,,,,,,
21,3,250,ORACLE_plane,XZ,5.452844493128274,1.1160790398860856,0.9874359960721406,0.01256400392785939,,,,,,,,,
21,3,250,RL_adaptive,XZ,5.452844493128274,1.1160790398860856,0.9983740915443883,0.0016259084556117243,15.0,11.0,147.0,14.0,18.0,7.0,7.0,1.0,30.0
21,3,500,Z_only,XZ,5.452844493128274,1.1160790398860856,0.82492495336619,0.17507504663381002,,,,,,,,,
21,3,500,ZX_split,XZ,5.452844493128274,1.1160790398860856,0.9999432522815536,5.674771844643711e-05,,,,,,,,,
21,3,500,XYZ_split,XZ,5.452844493128274,1.1160790398860856,0.9987546767650011,0.0012453232349989296,,,,,,,,,
21,3,500,ORACLE_plane,XZ,5.452844493128274,1.1160790398860856,0.995136994128258,0.004863005871742043,,,,,,,,,
21,3,500,RL_adaptive,XZ,5.452844493128274,1.1160790398860856,0.994810783673059,0.005189216326941026,71.0,88.0,152.0,16.0,32.0,46.0,9.0,1.0,85.0
21,4,10,Z_only,XZ,5.452844493128274,1.1160790398860856,0.82492495336619,0.17507504663381002,,,,,,,,,
21,4,10,ZX_split,XZ,5.452844493128274,1.1160790398860856,0.973731368563682,0.02626863143631797,,,,,,,,,
21,4,10,XYZ_split,XZ,5.452844493128274,1.1160790398860856,0.9655996285492477,0.034400371450752254,,,,,,,,,
21,4,10,ORACLE_plane,XZ,5.452844493128274,1.1160790398860856,0.9102498695522921,0.08975013044770785,,,,,,,,,
21,4,10,RL_adaptive,XZ,5.452844493128274,1.1160790398860856,0.8512907690653352,0.14870923093466482,5.0,0.0,0.0,0.0,2.0,0.0,0.0,1.0,2.0
21,4,25,Z_only,XZ,5.452844493128274,1.1160790398860856,0.82492495336619,0.17507504663381002,,,,,,,,,
21,4,25,ZX_split,XZ,5.452844493128274,1.1160790398860856,0.9994576474573049,0.0005423525426950793,,,,,,,,,
21,4,25,XYZ_split,XZ,5.452844493128274,1.1160790398860856,0.9200659888648158,0.07993401113518417,,,,,,,,,
21,4,25,ORACLE_plane,XZ,5.452844493128274,1.1160790398860856,0.9709208065144918,0.029079193485508248,,,,,,,,,
21,4,25,RL_adaptive,XZ,5.452844493128274,1.1160790398860856,0.9064912059590786,0.09350879404092138,10.0,0.0,0.0,0.0,5.0,0.0,0.0,4.0,6.0
21,4,50,Z_only,XZ,5.452844493128274,1.1160790398860856,0.82492495336619,0.17507504663381002,,,,,,,,,
21,4,50,ZX_split,XZ,5.452844493128274,1.1160790398860856,0.9881239671574084,0.011876032842591644,,,,,,,,,
21,4,50,XYZ_split,XZ,5.452844493128274,1.1160790398860856,0.9843106526554686,0.015689347344531424,,,,,,,,,
21,4,50,ORACLE_plane,XZ,5.452844493128274,1.1160790398860856,0.9982547742344251,0.0017452257655748982,,,,,,,,,
21,4,50,RL_adaptive,XZ,5.452844493128274,1.1160790398860856,0.9380853968809826,0.06191460311901742,13.0,0.0,0.0,0.0,7.0,0.0,0.0,16.0,14.0
21,4,100,Z_only,XZ,5.452844493128274,1.1160790398860856,0.82492495336619,0.17507504663381002,,,,,,,,,
21,4,100,ZX_split,XZ,5.452844493128274,1.1160790398860856,0.9896043962352413,0.010395603764758676,,,,,,,,,
21,4,100,XYZ_split,XZ,5.452844493128274,1.1160790398860856,0.9808799535448255,0.01912004645517451,,,,,,,,,
21,4,100,ORACLE_plane,XZ,5.452844493128274,1.1160790398860856,0.9958014628840884,0.00419853711591156,,,,,,,,,
21,4,100,RL_adaptive,XZ,5.452844493128274,1.1160790398860856,0.9922379893158065,0.0077620106841934655,13.0,3.0,2.0,37.0,20.0,3.0,6.0,0.0,16.0
21,4,250,Z_only,XZ,5.452844493128274,1.1160790398860856,0.82492495336619,0.17507504663381002,,,,,,,,,
21,4,250,ZX_split,XZ,5.452844493128274,1.1160790398860856,0.9977060583527407,0.0022939416472592677,,,,,,,,,
21,4,250,XYZ_split,XZ,5.452844493128274,1.1160790398860856,0.9838173063211682,0.01618269367883185,,,,,,,,,
21,4,250,ORACLE_plane,XZ,5.452844493128274,1.1160790398860856,0.9966899557028823,0.0033100442971176758,,,,,,,,,
21,4,250,RL_adaptive,XZ,5.452844493128274,1.1160790398860856,0.9698465481431959,0.03015345185680407,15.0,9.0,151.0,13.0,20.0,5.0,5.0,0.0,32.0
21,4,500,Z_only,XZ,5.452844493128274,1.1160790398860856,0.82492495336619,0.17507504663381002,,,,,,,,,
21,4,500,ZX_split,XZ,5.452844493128274,1.1160790398860856,0.9960213965288217,0.003978603471178288,,,,,,,,,
21,4,500,XYZ_split,XZ,5.452844493128274,1.1160790398860856,0.9985642352454808,0.001435764754519231,,,,,,,,,
21,4,500,ORACLE_plane,XZ,5.452844493128274,1.1160790398860856,0.998087760025112,0.001912239974887986,,,,,,,,,
21,4,500,RL_adaptive,XZ,5.452844493128274,1.1160790398860856,0.9942534272815244,0.005746572718475562,73.0,83.0,159.0,13.0,36.0,42.0,8.0,3.0,83.0
22,0,10,Z_only,XZ,4.2095095501935225,1.0361698345513097,0.8726475740435142,0.12735242595648577,,,,,,,,,
22,0,10,ZX_split,XZ,4.2095095501935225,1.0361698345513097,0.9525736488201383,0.047426351179861714,,,,,,,,,
22,0,10,XYZ_split,XZ,4.2095095501935225,1.0361698345513097,0.17464986501316435,0.8253501349868356,,,,,,,,,
22,0,10,ORACLE_plane,XZ,4.2095095501935225,1.0361698345513097,0.9394749466767222,0.060525053323277844,,,,,,,,,
22,0,10,RL_adaptive,XZ,4.2095095501935225,1.0361698345513097,0.7172402780909198,0.28275972190908016,3.0,0.0,1.0,0.0,2.0,0.0,0.0,2.0,2.0
22,0,25,Z_only,XZ,4.2095095501935225,1.0361698345513097,0.8726475740435142,0.12735242595648577,,,,,,,,,
22,0,25,ZX_split,XZ,4.2095095501935225,1.0361698345513097,0.9918059168582167,0.00819408314178327,,,,,,,,,
22,0,25,XYZ_split,XZ,4.2095095501935225,1.0361698345513097,0.9585990273713086,0.04140097262869136,,,,,,,,,
22,0,25,ORACLE_plane,XZ,4.2095095501935225,1.0361698345513097,0.99370509971404,0.006294900285960026,,,,,,,,,
22,0,25,RL_adaptive,XZ,4.2095095501935225,1.0361698345513097,0.945441712093829,0.05455828790617101,7.0,0.0,0.0,3.0,2.0,2.0,0.0,7.0,4.0
22,0,50,Z_only,XZ,4.2095095501935225,1.0361698345513097,0.8726475740435142,0.12735242595648577,,,,,,,,,
22,0,50,ZX_split,XZ,4.2095095501935225,1.0361698345513097,0.9790530637442241,0.020946936255775928,,,,,,,,,
22,0,50,XYZ_split,XZ,4.2095095501935225,1.0361698345513097,0.9659034723961654,0.03409652760383464,,,,,,,,,
22,0,50,ORACLE_plane,XZ,4.2095095501935225,1.0361698345513097,0.9981255755695159,0.001874424430484134,,,,,,,,,
22,0,50,RL_adaptive,XZ,4.2095095501935225,1.0361698345513097,0.9727958221907982,0.027204177809201813,12.0,1.0,0.0,0.0,6.0,1.0,0.0,20.0,10.0
22,0,100,Z_only,XZ,4.2095095501935225,1.0361698345513097,0.8726475740435142,0.12735242595648577,,,,,,,,,
22,0,100,ZX_split,XZ,4.2095095501935225,1.0361698345513097,0.9988937411091201,0.0011062588908798965,,,,,,,,,
22,0,100,XYZ_split,XZ,4.2095095501935225,1.0361698345513097,0.9903388095645027,0.009661190435497291,,,,,,,,,
22,0,100,ORACLE_plane,XZ,4.2095095501935225,1.0361698345513097,0.9805522212274257,0.01944777877257431,,,,,,,,,
22,0,100,RL_adaptive,XZ,4.2095095501935225,1.0361698345513097,0.9899765534313147,0.010023446568685257,11.0,4.0,2.0,44.0,13.0,5.0,9.0,2.0,10.0
22,0,250,Z_only,XZ,4.2095095501935225,1.0361698345513097,0.8726475740435142,0.12735242595648577,,,,,,,,,
22,0,250,ZX_split,XZ,4.2095095501935225,1.0361698345513097,0.9973261902234366,0.002673809776563396,,,,,,,,,
22,0,250,XYZ_split,XZ,4.2095095501935225,1.0361698345513097,0.9964068586128634,0.0035931413871366225,,,,,,,,,
22,0,250,ORACLE_plane,XZ,4.2095095501935225,1.0361698345513097,0.9979630260903883,0.0020369739096116612,,,,,,,,,
22,0,250,RL_adaptive,XZ,4.2095095501935225,1.0361698345513097,0.9961631420727634,0.0038368579272366476,28.0,0.0,143.0,8.0,33.0,1.0,1.0,0.0,36.0
22,0,500,Z_only,XZ,4.2095095501935225,1.0361698345513097,0.8726475740435142,0.12735242595648577,,,,,,,,,
22,0,500,ZX_split,XZ,4.2095095501935225,1.0361698345513097,0.9987918855262056,0.0012081144737944305,,,,,,,,,
22,0,500,XYZ_split,XZ,4.2095095501935225,1.0361698345513097,0.9973988810278238,0.0026011189721761863,,,,,,,,,
22,0,500,ORACLE_plane,XZ,4.2095095501935225,1.0361698345513097,0.9992427581620635,0.000757241837936462,,,,,,,,,
22,0,500,RL_adaptive,XZ,4.2095095501935225,1.0361698345513097,0.9848881504926846,0.015111849507315367,105.0,68.0,130.0,11.0,35.0,29.0,1.0,2.0,119.0
22,1,10,Z_only,XZ,4.2095095501935225,1.0361698345513097,0.8726475740435142,0.12735242595648577,,,,,,,,,
22,1,10,ZX_split,XZ,4.2095095501935225,1.0361698345513097,0.9996393404011967,0.00036065959880327014,,,,,,,,,
22,1,10,XYZ_split,XZ,4.2095095501935225,1.0361698345513097,0.8894692154750534,0.11053078452494658,,,,,,,,,
22,1,10,ORACLE_plane,XZ,4.2095095501935225,1.0361698345513097,0.8685333597922908,0.13146664020770915,,,,,,,,,
22,1,10,RL_adaptive,XZ,4.2095095501935225,1.0361698345513097,0.6911732873366785,0.3088267126633215,2.0,0.0,4.0,0.0,2.0,0.0,0.0,0.0,2.0
22,1,25,Z_only,XZ,4.2095095501935225,1.0361698345513097,0.8726475740435142,0.12735242595648577,,,,,,,,,
22,1,25,ZX_split,XZ,4.2095095501935225,1.0361698345513097,0.9932825687653942,0.006717431234605775,,,,,,,,,
22,1,25,XYZ_split,XZ,4.2095095501935225,1.0361698345513097,0.9340401531677499,0.06595984683225009,,,,,,,,,
22,1,25,ORACLE_plane,XZ,4.2095095501935225,1.0361698345513097,0.9983673063636331,0.0016326936363668665,,,,,,,,,
22,1,25,RL_adaptive,XZ,4.2095095501935225,1.0361698345513097,0.9110519733907029,0.08894802660929713,10.0,0.0,0.0,0.0,6.0,2.0,0.0,4.0,3.0
22,1,50,Z_only,XZ,4.2095095501935225,1.0361698345513097,0.8726475740435142,0.12735242595648577,,,,,,,,,
22,1,50,ZX_split,XZ,4.2095095501935225,1.0361698345513097,0.9135345139674369,0.0864654860325631,,,,,,,,,
22,1,50,XYZ_split,XZ,4.2095095501935225,1.0361698345513097,0.9554092369280383,0.04459076307196175,,,,,,,,,
22,1,50,ORACLE_plane,XZ,4.2095095501935225,1.0361698345513097,0.9994680715924664,0.0005319284075335773,,,,,,,,,
22,1,50,RL_adaptive,XZ,4.2095095501935225,1.0361698345513097,0.975589785320611,0.024410214679388975,10.0,3.0,0.0,0.0,4.0,3.0,0.0,21.0,9.0
22,1,100,Z_only,XZ,4.2095095501935225,1.0361698345513097,0.8726475740435142,0.12735242595648577,,,,,,,,,
22,1,100,ZX_split,XZ,4.2095095501935225,1.0361698345513097,0.9996214982407895,0.00037850175921050333,,,,,,,,,
22,1,100,XYZ_split,XZ,4.2095095501935225,1.0361698345513097,0.9934528151457286,0.006547184854271415,,,,,,,,,
22,1,100,ORACLE_plane,XZ,4.2095095501935225,1.0361698345513097,0.9968768633618289,0.003123136638171098,,,,,,,,,
22,1,100,RL_adaptive,XZ,4.2095095501935225,1.0361698345513097,0.9440474778779341,0.05595252212206592,16.0,0.0,1.0,38.0,18.0,3.0,7.0,0.0,17.0
22,1,250,Z_only,XZ,4.2095095501935225,1.0361698345513097,0.8726475740435142,0.12735242595648577,,,,,,,,,
22,1,250,ZX_split,XZ,4.2095095501935225,1.0361698345513097,0.9991484343502542,0.0008515656497457558,,,,,,,,,
22,1,250,XYZ_split,XZ,4.2095095501935225,1.0361698345513097,0.9933896080808979,0.0066103919191020655,,,,,,,,,
22,1,250,ORACLE_plane,XZ,4.2095095501935225,1.0361698345513097,0.9986686763989887,0.0013313236010112917,,,,,,,,,
22,1,250,RL_adaptive,XZ,4.2095095501935225,1.0361698345513097,0.9901808826192997,0.009819117380700293,20.0,6.0,145.0,18.0,23.0,4.0,3.0,0.0,31.0
22,1,500,Z_only,XZ,4.2095095501935225,1.0361698345513097,0.8726475740435142,0.12735242595648577,,,,,,,,,
22,1,500,ZX_split,XZ,4.2095095501935225,1.0361698345513097,0.9977884859337036,0.002211514066296383,,,,,,,,,
22,1,500,XYZ_split,XZ,4.2095095501935225,1.0361698345513097,0.992346145411222,0.007653854588777986,,,,,,,,,
22,1,500,ORACLE_plane,XZ,4.2095095501935225,1.0361698345513097,0.9975859994308972,0.002414000569102792,,,,,,,,,
22,1,500,RL_adaptive,XZ,4.2095095501935225,1.0361698345513097,0.998657562677946,0.0013424373220539687,77.0,87.0,136.0,23.0,18.0,48.0,12.0,0.0,99.0
22,2,10,Z_only,XZ,4.2095095501935225,1.0361698345513097,0.8726475740435142,0.12735242595648577,,,,,,,,,
22,2,10,ZX_split,XZ,4.2095095501935225,1.0361698345513097,0.9648487730502121,0.035151226949787895,,,,,,,,,
22,2,10,XYZ_split,XZ,4.2095095501935225,1.0361698345513097,0.946041472375837,0.05395852762416298,,,,,,,,,
22,2,10,ORACLE_plane,XZ,4.2095095501935225,1.0361698345513097,0.9691155544745964,0.030884445525403592,,,,,,,,,
22,2,10,RL_adaptive,XZ,4.2095095501935225,1.0361698345513097,0.8398757083124591,0.16012429168754094,4.0,2.0,0.0,0.0,2.0,0.0,0.0,0.0,2.0
22,2,25,Z_only,XZ,4.2095095501935225,1.0361698345513097,0.8726475740435142,0.12735242595648577,,,,,,,,,
22,2,25,ZX_split,XZ,4.2095095501935225,1.0361698345513097,0.9279232675146556,0.07207673248534441,,,,,,,,,
22,2,25,XYZ_split,XZ,4.2095095501935225,1.0361698345513097,0.8391152980463948,0.16088470195360516,,,,,,,,,
22,2,25,ORACLE_plane,XZ,4.2095095501935225,1.0361698345513097,0.9969872937118344,0.003012706288165634,,,,,,,,,
22,2,25,RL_adaptive,XZ,4.2095095501935225,1.0361698345513097,0.8213165383127444,0.17868346168725557,9.0,1.0,0.0,0.0,3.0,4.0,0.0,5.0,3.0
22,2,50,Z_only,XZ,4.2095095501935225,1.0361698345513097,0.8726475740435142,0.12735242595648577,,,,,,,,,
22,2,50,ZX_split,XZ,4.2095095501935225,1.0361698345513097,0.9891558676188793,0.010844132381120697,,,,,,,,,
22,2,50,XYZ_split,XZ,4.2095095501935225,1.0361698345513097,0.9215525983415601,0.07844740165843989,,,,,,,,,
22,2,50,ORACLE_plane,XZ,4.2095095501935225,1.0361698345513097,0.9824596980277528,0.017540301972247208,,,,,,,,,
22,2,50,RL_adaptive,XZ,4.2095095501935225,1.0361698345513097,0.9458550238793813,0.05414497612061875,14.0,0.0,0.0,0.0,6.0,1.0,0.0,18.0,11.0
22,2,100,Z_only,XZ,4.2095095501935225,1.0361698345513097,0.8726475740435142,0.12735242595648577,,,,,,,,,
22,2,100,ZX_split,XZ,4.2095095501935225,1.0361698345513097,0.9975355378792038,0.002464462120796207,,,,,,,,,
22,2,100,XYZ_split,XZ,4.2095095501935225,1.0361698345513097,0.9588178173987509,0.04118218260124906,,,,,,,,,
22,2,100,ORACLE_plane,XZ,4.2095095501935225,1.0361698345513097,0.99766001524841,0.0023399847515900296,,,,,,,,,
22,2,100,RL_adaptive,XZ,4.2095095501935225,1.0361698345513097,0.8683440829434782,0.1316559170565218,12.0,2.0,0.0,39.0,17.0,4.0,12.0,1.0,13.0
22,2,250,Z_only,XZ,4.2095095501935225,1.0361698345513097,0.8726475740435142,0.12735242595648577,,,,,,,,,
22,2,250,ZX_split,XZ,4.2095095501935225,1.0361698345513097,0.9989780415959656,0.0010219584040344065,,,,,,,,,
22,2,250,XYZ_split,XZ,4.2095095501935225,1.0361698345513097,0.9964620169927717,0.003537983007228296,,,,,,,,,
22,2,250,ORACLE_plane,XZ,4.2095095501935225,1.0361698345513097,0.9930475565466191,0.006952443453380863,,,,,,,,,
22,2,250,RL_adaptive,XZ,4.2095095501935225,1.0361698345513097,0.9652063501821402,0.03479364981785982,31.0,0.0,138.0,6.0,34.0,1.0,0.0,0.0,40.0
22,2,500,Z_only,XZ,4.2095095501935225,1.0361698345513097,0.8726475740435142,0.12735242595648577,,,,,,,,,
22,2,500,ZX_split,XZ,4.2095095501935225,1.0361698345513097,0.9996427260910327,0.00035727390896733713,,,,,,,,,
22,2,500,XYZ_split,XZ,4.2095095501935225,1.0361698345513097,0.9842067341308417,0.0157932658691583,,,,,,,,,
22,2,500,ORACLE_plane,XZ,4.2095095501935225,1.0361698345513097,0.9991861700907115,0.000813829909288466,,,,,,,,,
22,2,500,RL_adaptive,XZ,4.2095095501935225,1.0361698345513097,0.9940650411049677,0.005934958895032261,82.0,87.0,135.0,19.0,20.0,46.0,11.0,0.0,100.0
22,3,10,Z_only,XZ,4.2095095501935225,1.0361698345513097,0.8726475740435142,0.12735242595648577,,,,,,,,,
22,3,10,ZX_split,XZ,4.2095095501935225,1.0361698345513097,0.9768425734782893,0.02315742652171071,,,,,,,,,
22,3,10,XYZ_split,XZ,4.2095095501935225,1.0361698345513097,0.9508364767999165,0.04916352320008355,,,,,,,,,
22,3,10,ORACLE_plane,XZ,4.2095095501935225,1.0361698345513097,0.9648487730502121,0.035151226949787895,,,,,,,,,
22,3,10,RL_adaptive,XZ,4.2095095501935225,1.0361698345513097,0.8448996760928106,0.15510032390718942,6.0,0.0,0.0,0.0,2.0,0.0,0.0,0.0,2.0
22,3,25,Z_only,XZ,4.2095095501935225,1.0361698345513097,0.8726475740435142,0.12735242595648577,,,,,,,,,
22,3,25,ZX_split,XZ,4.2095095501935225,1.0361698345513097,0.9932825687653942,0.006717431234605775,,,,,,,,,
22,3,25,XYZ_split,XZ,4.2095095501935225,1.0361698345513097,0.9464520623822401,0.05354793761775989,,,,,,,,,
22,3,25,ORACLE_plane,XZ,4.2095095501935225,1.0361698345513097,0.9983457009796808,0.0016542990203192165,,,,,,,,,
22,3,25,RL_adaptive,XZ,4.2095095501935225,1.0361698345513097,0.9328282560693258,0.06717174393067415,8.0,0.0,0.0,1.0,2.0,5.0,0.0,7.0,2.0
22,3,50,Z_only,XZ,4.2095095501935225,1.0361698345513097,0.8726475740435142,0.12735242595648577,,,,,,,,,
22,3,50,ZX_split,XZ,4.2095095501935225,1.0361698345513097,0.9981348797852471,0.0018651202147529355,,,,,,,,,
22,3,50,XYZ_split,XZ,4.2095095501935225,1.0361698345513097,0.9706373969878328,0.0293626030121672,,,,,,,,,
22,3,50,ORACLE_plane,XZ,4.2095095501935225,1.0361698345513097,0.9492804241118442,0.05071957588815579,,,,,,,,,
22,3,50,RL_adaptive,XZ,4.2095095501935225,1.0361698345513097,0.9655795740014133,0.034420425998586746,10.0,3.0,0.0,0.0,4.0,3.0,0.0,21.0,9.0
22,3,100,Z_only,XZ,4.2095095501935225,1.0361698345513097,0.8726475740435142,0.12735242595648577,,,,,,,,,
22,3,100,ZX_split,XZ,4.2095095501935225,1.0361698345513097,0.9735447158050463,0.026455284194953688,,,,,,,,,
22,3,100,XYZ_split,XZ,4.2095095501935225,1.0361698345513097,0.9852989269745291,0.014701073025470857,,,,,,,,,
22,3,100,ORACLE_plane,XZ,4.2095095501935225,1.0361698345513097,0.9936910380404512,0.006308961959548776,,,,,,,,,
22,3,100,RL_adaptive,XZ,4.2095095501935225,1.0361698345513097,0.9839266105537381,0.01607338944626191,11.0,3.0,2.0,44.0,14.0,5.0,8.0,1.0,12.0
22,3,250,Z_only,XZ,4.2095095501935225,1.0361698345513097,0.8726475740435142,0.12735242595648577,,,,,,,,,
22,3,250,ZX_split,XZ,4.2095095501935225,1.0361698345513097,0.9995489976757195,0.000451002324280525,,,,,,,,,
22,3,250,XYZ_split,XZ,4.2095095501935225,1.0361698345513097,0.9900870862305925,0.009912913769407505,,,,,,,,,
22,3,250,ORACLE_plane,XZ,4.2095095501935225,1.0361698345513097,0.9982303194030757,0.0017696805969242835,,,,,,,,,
22,3,250,RL_adaptive,XZ,4.2095095501935225,1.0361698345513097,0.9947280550898105,0.005271944910189452,21.0,4.0,144.0,16.0,25.0,4.0,2.0,1.0,33.0
22,3,500,Z_only,XZ,4.2095095501935225,1.0361698345513097,0.8726475740435142,0.12735242595648577,,,,,,,,,
22,3,500,ZX_split,XZ,4.2095095501935225,1.0361698345513097,0.9997462438669457,0.0002537561330543392,,,,,,,,,
22,3,500,XYZ_split,XZ,4.2095095501935225,1.0361698345513097,0.9942030955931904,0.005796904406809578,,,,,,,,,
22,3,500,ORACLE_plane,XZ,4.2095095501935225,1.0361698345513097,0.9973869036117557,0.0026130963882442515,,,,,,,,,
22,3,500,RL_adaptive,XZ,4.2095095501935225,1.0361698345513097,0.9920509106359797,0.007949089364020279,80.0,92.0,130.0,21.0,15.0,51.0,12.0,1.0,98.0
22,4,10,Z_only,XZ,4.2095095501935225,1.0361698345513097,0.8726475740435142,0.12735242595648577,,,,,,,,,
22,4,10,ZX_split,XZ,4.2095095501935225,1.0361698345513097,0.9691155544745964,0.030884445525403592,,,,,,,,,
22,4,10,XYZ_split,XZ,4.2095095501935225,1.0361698345513097,0.9572073480726657,0.04279265192733428,,,,,,,,,
22,4,10,ORACLE_plane,XZ,4.2095095501935225,1.0361698345513097,0.9525736488201383,0.047426351179861714,,,,,,,,,
22,4,10,RL_adaptive,XZ,4.2095095501935225,1.0361698345513097,0.7313934450886027,0.2686065549113973,6.0,0.0,0.0,0.0,2.0,0.0,0.0,0.0,2.0
22,4,25,Z_only,XZ,4.2095095501935225,1.0361698345513097,0.8726475740435142,0.12735242595648577,,,,,,,,,
22,4,25,ZX_split,XZ,4.2095095501935225,1.0361698345513097,0.9816321022874334,0.01836789771256664,,,,,,,,,
22,4,25,XYZ_split,XZ,4.2095095501935225,1.0361698345513097,0.8146116184494574,0.1853883815505426,,,,,,,,,
22,4,25,ORACLE_plane,XZ,4.2095095501935225,1.0361698345513097,0.9533802908619403,0.046619709138059684,,,,,,,,,
22,4,25,RL_adaptive,XZ,4.2095095501935225,1.0361698345513097,0.6956911149899098,0.30430888501009024,11.0,1.0,1.0,0.0,6.0,2.0,0.0,1.0,3.0
22,4,50,Z_only,XZ,4.2095095501935225,1.0361698345513097,0.8726475740435142,0.12735242595648577,,,,,,,,,
22,4,50,ZX_split,XZ,4.2095095501935225,1.0361698345513097,0.9998557656295647,0.0001442343704353144,,,,,,,,,
22,4,50,XYZ_split,XZ,4.2095095501935225,1.0361698345513097,0.9476563894966387,0.05234361050336134,,,,,,,,,
22,4,50,ORACLE_plane,XZ,4.2095095501935225,1.0361698345513097,0.9994984209605122,0.0005015790394877762,,,,,,,,,
22,4,50,RL_adaptive,XZ,4.2095095501935225,1.0361698345513097,0.9407908568145199,0.059209143185480095,11.0,1.0,0.0,0.0,5.0,2.0,0.0,21.0,10.0
22,4,100,Z_only,XZ,4.2095095501935225,1.0361698345513097,0.8726475740435142,0.12735242595648577,,,,,,,,,
22,4,100,ZX_split,XZ,4.2095095501935225,1.0361698345513097,0.9997089077635464,0.00029109223645362725,,,,,,,,,
22,4,100,XYZ_split,XZ,4.2095095501935225,1.0361698345513097,0.9958915932511461,0.004108406748853932,,,,,,,,,
22,4,100,ORACLE_plane,XZ,4.2095095501935225,1.0361698345513097,0.9990927239892036,0.0009072760107964317,,,,,,,,,
22,4,100,RL_adaptive,XZ,4.2095095501935225,1.0361698345513097,0.9686110584725441,0.03138894152745586,10.0,6.0,2.0,40.0,13.0,7.0,9.0,2.0,11.0
22,4,250,Z_only,XZ,4.2095095501935225,1.0361698345513097,0.8726475740435142,0.12735242595648577,,,,,,,,,
22,4,250,ZX_split,XZ,4.2095095501935225,1.0361698345513097,0.9981682587733194,0.0018317412266806166,,,,,,,,,
22,4,250,XYZ_split,XZ,4.2095095501935225,1.0361698345513097,0.9888015747938846,0.011198425206115359,,,,,,,,,
22,4,250,ORACLE_plane,XZ,4.2095095501935225,1.0361698345513097,0.9985387738198379,0.0014612261801620896,,,,,,,,,
22,4,250,RL_adaptive,XZ,4.2095095501935225,1.0361698345513097,0.9796994934791272,0.020300506520872785,26.0,1.0,144.0,9.0,32.0,0.0,0.0,0.0,38.0
22,4,500,Z_only,XZ,4.2095095501935225,1.0361698345513097,0.8726475740435142,0.12735242595648577,,,,,,,,,
22,4,500,ZX_split,XZ,4.2095095501935225,1.0361698345513097,0.999174764414289,0.000825235585711015,,,,,,,,,
22,4,500,XYZ_split,XZ,4.2095095501935225,1.0361698345513097,0.9987604705892091,0.0012395294107908628,,,,,,,,,
22,4,500,ORACLE_plane,XZ,4.2095095501935225,1.0361698345513097,0.9990196614300799,0.0009803385699200806,,,,,,,,,
22,4,500,RL_adaptive,XZ,4.2095095501935225,1.0361698345513097,0.9991206709129825,0.0008793290870174886,66.0,100.0,137.0,28.0,5.0,58.0,19.0,3.0,84.0
23,0,10,Z_only,XY,5.724198915584682,2.223109317452254,0.25,0.75,,,,,,,,,
23,0,10,ZX_split,XY,5.724198915584682,2.223109317452254,0.7303516486029094,0.26964835139709065,,,,,,,,,
23,0,10,XYZ_split,XY,5.724198915584682,2.223109317452254,0.9456544896823356,0.054345510317664436,,,,,,,,,
23,0,10,ORACLE_plane,XY,5.724198915584682,2.223109317452254,0.9967873156303484,0.0032126843696516083,,,,,,,,,
23,0,10,RL_adaptive,XY,5.724198915584682,2.223109317452254,0.8181136637159578,0.18188633628404216,3.0,0.0,1.0,0.0,2.0,0.0,0.0,0.0,4.0
23,0,25,Z_only,XY,5.724198915584682,2.223109317452254,0.24999999999999983,0.7500000000000002,,,,,,,,,
23,0,25,ZX_split,XY,5.724198915584682,2.223109317452254,0.7299781042008886,0.2700218957991114,,,,,,,,,
23,0,25,XYZ_split,XY,5.724198915584682,2.223109317452254,0.9543444697485395,0.04565553025146052,,,,,,,,,
23,0,25,ORACLE_plane,XY,5.724198915584682,2.223109317452254,0.9727878117483514,0.027212188251648617,,,,,,,,,
23,0,25,RL_adaptive,XY,5.724198915584682,2.223109317452254,0.7590301187489785,0.24096988125102148,5.0,1.0,1.0,3.0,2.0,3.0,0.0,8.0,2.0
23,0,50,Z_only,XY,5.724198915584682,2.223109317452254,0.24999999999999983,0.7500000000000002,,,,,,,,,
23,0,50,ZX_split,XY,5.724198915584682,2.223109317452254,0.7114505424843971,0.2885494575156029,,,,,,,,,
23,0,50,XYZ_split,XY,5.724198915584682,2.223109317452254,0.986566402877264,0.013433597122735952,,,,,,,,,
23,0,50,ORACLE_plane,XY,5.724198915584682,2.223109317452254,0.9823781046293364,0.01762189537066361,,,,,,,,,
23,0,50,RL_adaptive,XY,5.724198915584682,2.223109317452254,0.938503385451257,0.061496614548743,8.0,1.0,0.0,0.0,11.0,0.0,0.0,18.0,12.0
23,0,100,Z_only,XY,5.724198915584682,2.223109317452254,0.2500000000000001,0.7499999999999999,,,,,,,,,
23,0,100,ZX_split,XY,5.724198915584682,2.223109317452254,0.7365842071930272,0.2634157928069728,,,,,,,,,
23,0,100,XYZ_split,XY,5.724198915584682,2.223109317452254,0.9781427305337793,0.021857269466220686,,,,,,,,,
23,0,100,ORACLE_plane,XY,5.724198915584682,2.223109317452254,0.9819601368668672,0.018039863133132772,,,,,,,,,
23,0,100,RL_adaptive,XY,5.724198915584682,2.223109317452254,0.9661023268409908,0.033897673159009156,11.0,4.0,3.0,32.0,20.0,4.0,16.0,0.0,10.0
23,0,250,Z_only,XY,5.724198915584682,2.223109317452254,0.2500000000000001,0.7499999999999999,,,,,,,,,
23,0,250,ZX_split,XY,5.724198915584682,2.223109317452254,0.738686589682532,0.261313410317468,,,,,,,,,
23,0,250,XYZ_split,XY,5.724198915584682,2.223109317452254,0.9937457824524363,0.006254217547563723,,,,,,,,,
23,0,250,ORACLE_plane,XY,5.724198915584682,2.223109317452254,0.9999849946697604,1.5005330239570291e-05,,,,,,,,,
23,0,250,RL_adaptive,XY,5.724198915584682,2.223109317452254,0.9744164466523171,0.02558355334768292,9.0,3.0,160.0,12.0,21.0,1.0,1.0,7.0,36.0
23,0,500,Z_only,XY,5.724198915584682,2.223109317452254,0.24999999999999983,0.7500000000000002,,,,,,,,,
23,0,500,ZX_split,XY,5.724198915584682,2.223109317452254,0.7407442358578035,0.25925576414219653,,,,,,,,,
23,0,500,XYZ_split,XY,5.724198915584682,2.223109317452254,0.9985597575736093,0.0014402424263907365,,,,,,,,,
23,0,500,ORACLE_plane,XY,5.724198915584682,2.223109317452254,0.9986254657026162,0.001374534297383767,,,,,,,,,
23,0,500,RL_adaptive,XY,5.724198915584682,2.223109317452254,0.9972999074871572,0.0027000925128427555,68.0,61.0,165.0,3.0,70.0,30.0,3.0,3.0,97.0
23,1,10,Z_only,XY,5.724198915584682,2.223109317452254,0.25,0.75,,,,,,,,,
23,1,10,ZX_split,XY,5.724198915584682,2.223109317452254,0.6543488194051795,0.3456511805948205,,,,,,,,,
23,1,10,XYZ_split,XY,5.724198915584682,2.223109317452254,0.9456544896823356,0.054345510317664436,,,,,,,,,
23,1,10,ORACLE_plane,XY,5.724198915584682,2.223109317452254,0.9954928169681786,0.0045071830318214046,,,,,,,,,
23,1,10,RL_adaptive,XY,5.724198915584682,2.223109317452254,0.910605201682643,0.08939479831735697,4.0,0.0,0.0,0.0,2.0,0.0,0.0,0.0,4.0
23,1,25,Z_only,XY,5.724198915584682,2.223109317452254,0.24999999999999994,0.75,,,,,,,,,
23,1,25,ZX_split,XY,5.724198915584682,2.223109317452254,0.6443464479515987,0.3556535520484013,,,,,,,,,
23,1,25,XYZ_split,XY,5.724198915584682,2.223109317452254,0.9682150481790438,0.0317849518209562,,,,,,,,,
23,1,25,ORACLE_plane,XY,5.724198915584682,2.223109317452254,0.9939580830897523,0.006041916910247691,,,,,,,,,
23,1,25,RL_adaptive,XY,5.724198915584682,2.223109317452254,0.9354150311003914,0.06458496889960863,8.0,0.0,0.0,0.0,2.0,5.0,0.0,8.0,2.0
23,1,50,Z_only,XY,5.724198915584682,2.223109317452254,0.2500000000000001,0.7499999999999999,,,,,,,,,
23,1,50,ZX_split,XY,5.724198915584682,2.223109317452254,0.7384580134359703,0.2615419865640297,,,,,,,,,
23,1,50,XYZ_split,XY,5.724198915584682,2.223109317452254,0.9519985145329888,0.04800148546701122,,,,,,,,,
23,1,50,ORACLE_plane,XY,5.724198915584682,2.223109317452254,0.9940835991726436,0.0059164008273564495,,,,,,,,,
23,1,50,RL_adaptive,XY,5.724198915584682,2.223109317452254,0.9938163199368457,0.006183680063154284,8.0,1.0,0.0,0.0,11.0,0.0,0.0,19.0,11.0
23,1,100,Z_only,XY,5.724198915584682,2.223109317452254,0.24999999999999983,0.7500000000000002,,,,,,,,,
23,1,100,ZX_split,XY,5.724198915584682,2.223109317452254,0.7324299500052395,0.26757004999476053,,,,,,,,,
23,1,100,XYZ_split,XY,5.724198915584682,2.223109317452254,0.9883435017296119,0.01165649827038806,,,,,,,,,
23,1,100,ORACLE_plane,XY,5.724198915584682,2.223109317452254,0.9955290529606525,0.004470947039347473,,,,,,,,,
23,1,100,RL_adaptive,XY,5.724198915584682,2.223109317452254,0.9587710057327504,0.041228994267249575,18.0,0.0,0.0,32.0,25.0,0.0,9.0,0.0,16.0
23,1,250,Z_only,XY,5.724198915584682,2.223109317452254,0.25,0.75,,,,,,,,,
23,1,250,ZX_split,XY,5.724198915584682,2.223109317452254,0.7337795296014205,0.26622047039857955,,,,,,,,,
23,1,250,XYZ_split,XY,5.724198915584682,2.223109317452254,0.993205672287682,0.006794327712318027,,,,,,,,,
23,1,250,ORACLE_plane,XY,5.724198915584682,2.223109317452254,0.9987497879495201,0.0012502120504799263,,,,,,,,,
23,1,250,RL_adaptive,XY,5.724198915584682,2.223109317452254,0.9912910128869531,0.008708987113046907,10.0,2.0,156.0,11.0,24.0,1.0,2.0,6.0,38.0
23,1,500,Z_only,XY,5.724198915584682,2.223109317452254,0.24999999999999983,0.7500000000000002,,,,,,,,,
23,1,500,ZX_split,XY,5.724198915584682,2.223109317452254,0.739496955386727,0.260503044613273,,,,,,,,,
23,1,500,XYZ_split,XY,5.724198915584682,2.223109317452254,0.993453685167764,0.006546314832236,,,,,,,,,
23,1,500,ORACLE_plane,XY,5.724198915584682,2.223109317452254,0.9997006299198835,0.00029937008011649,,,,,,,,,
23,1,500,RL_adaptive,XY,5.724198915584682,2.223109317452254,0.9943332257101551,0.005666774289844856,74.0,53.0,164.0,0.0,77.0,26.0,1.0,3.0,102.0
23,2,10,Z_only,XY,5.724198915584682,2.223109317452254,0.25,0.75,,,,,,,,,
23,2,10,ZX_split,XY,5.724198915584682,2.223109317452254,0.6858639446175241,0.3141360553824759,,,,,,,,,
23,2,10,XYZ_split,XY,5.724198915584682,2.223109317452254,0.8813381078833606,0.11866189211663936,,,,,,,,,
23,2,10,ORACLE_plane,XY,5.724198915584682,2.223109317452254,0.8828350239224521,0.11716497607754794,,,,,,,,,
23,2,10,RL_adaptive,XY,5.724198915584682,2.223109317452254,0.7443756057137673,0.25562439428623274,2.0,0.0,2.0,0.0,2.0,0.0,0.0,1.0,3.0
23,2,25,Z_only,XY,5.724198915584682,2.223109317452254,0.2500000000000001,0.7499999999999999,,,,,,,,,
23,2,25,ZX_split,XY,5.724198915584682,2.223109317452254,0.6187716065147272,0.3812283934852728,,,,,,,,,
23,2,25,XYZ_split,XY,5.724198915584682,2.223109317452254,0.955615052995349,0.04438494700465101,,,,,,,,,
23,2,25,ORACLE_plane,XY,5.724198915584682,2.223109317452254,0.9631015270784801,0.03689847292151993,,,,,,,,,
23,2,25,RL_adaptive,XY,5.724198915584682,2.223109317452254,0.9831656819878064,0.016834318012193594,8.0,0.0,0.0,0.0,2.0,5.0,0.0,8.0,2.0
23,2,50,Z_only,XY,5.724198915584682,2.223109317452254,0.24999999999999994,0.75,,,,,,,,,
23,2,50,ZX_split,XY,5.724198915584682,2.223109317452254,0.7366473144388876,0.26335268556111235,,,,,,,,,
23,2,50,XYZ_split,XY,5.724198915584682,2.223109317452254,0.9572223980724215,0.04277760192757851,,,,,,,,,
23,2,50,ORACLE_plane,XY,5.724198915584682,2.223109317452254,0.9986988464392642,0.0013011535607357905,,,,,,,,,
23,2,50,RL_adaptive,XY,5.724198915584682,2.223109317452254,0.982960465346815,0.017039534653184973,10.0,0.0,0.0,0.0,13.0,0.0,0.0,16.0,11.0
23,2,100,Z_only,XY,5.724198915584682,2.223109317452254,0.25,0.75,,,,,,,,,
23,2,100,ZX_split,XY,5.724198915584682,2.223109317452254,0.7369174766522343,0.2630825233477657,,,,,,,,,
23,2,100,XYZ_split,XY,5.724198915584682,2.223109317452254,0.9856714238658701,0.014328576134129856,,,,,,,,,
23,2,100,ORACLE_plane,XY,5.724198915584682,2.223109317452254,0.9963114834615798,0.0036885165384201724,,,,,,,,,
23,2,100,RL_adaptive,XY,5.724198915584682,2.223109317452254,0.9505970125607716,0.04940298743922844,11.0,3.0,3.0,34.0,20.0,5.0,15.0,0.0,9.0
23,2,250,Z_only,XY,5.724198915584682,2.223109317452254,0.2500000000000001,0.7499999999999999,,,,,,,,,
23,2,250,ZX_split,XY,5.724198915584682,2.223109317452254,0.7398669428640515,0.2601330571359485,,,,,,,,,
23,2,250,XYZ_split,XY,5.724198915584682,2.223109317452254,0.9951793912109717,0.004820608789028347,,,,,,,,,
23,2,250,ORACLE_plane,XY,5.724198915584682,2.223109317452254,0.9944464444432446,0.005553555556755407,,,,,,,,,
23,2,250,RL_adaptive,XY,5.724198915584682,2.223109317452254,0.9862718538379396,0.013728146162060417,10.0,6.0,154.0,13.0,18.0,4.0,2.0,9.0,34.0
23,2,500,Z_only,XY,5.724198915584682,2.223109317452254,0.2500000000000001,0.7499999999999999,,,,,,,,,
23,2,500,ZX_split,XY,5.724198915584682,2.223109317452254,0.7371878642558493,0.26281213574415074,,,,,,,,,
23,2,500,XYZ_split,XY,5.724198915584682,2.223109317452254,0.9967419811616844,0.0032580188383155573,,,,,,,,,
23,2,500,ORACLE_plane,XY,5.724198915584682,2.223109317452254,0.9992737277404331,0.0007262722595668958,,,,,,,,,
23,2,500,RL_adaptive,XY,5.724198915584682,2.223109317452254,0.9899380531009135,0.01006194689908646,77.0,42.0,165.0,1.0,86.0,17.0,1.0,2.0,109.0
23,3,10,Z_only,XY,5.724198915584682,2.223109317452254,0.24999999999999983,0.7500000000000002,,,,,,,,,
23,3,10,ZX_split,XY,5.724198915584682,2.223109317452254,0.5457172036498213,0.45428279635017865,,,,,,,,,
23,3,10,XYZ_split,XY,5.724198915584682,2.223109317452254,0.37916213661519976,0.6208378633848002,,,,,,,,,
23,3,10,ORACLE_plane,XY,5.724198915584682,2.223109317452254,0.9490668580580007,0.05093314194199927,,,,,,,,,
23,3,10,RL_adaptive,XY,5.724198915584682,2.223109317452254,0.90796477270559,0.09203522729441005,4.0,0.0,0.0,0.0,2.0,0.0,0.0,0.0,4.0
23,3,25,Z_only,XY,5.724198915584682,2.223109317452254,0.24999999999999983,0.7500000000000002,,,,,,,,,
23,3,25,ZX_split,XY,5.724198915584682,2.223109317452254,0.715161635205438,0.28483836479456204,,,,,,,,,
23,3,25,XYZ_split,XY,5.724198915584682,2.223109317452254,0.9236493147831658,0.07635068521683419,,,,,,,,,
23,3,25,ORACLE_plane,XY,5.724198915584682,2.223109317452254,0.9185738219703686,0.08142617802963137,,,,,,,,,
23,3,25,RL_adaptive,XY,5.724198915584682,2.223109317452254,0.8898871608295993,0.11011283917040071,8.0,1.0,0.0,0.0,3.0,4.0,0.0,7.0,2.0
23,3,50,Z_only,XY,5.724198915584682,2.223109317452254,0.25,0.75,,,,,,,,,
23,3,50,ZX_split,XY,5.724198915584682,2.223109317452254,0.6751651190998851,0.3248348809001149,,,,,,,,,
23,3,50,XYZ_split,XY,5.724198915584682,2.223109317452254,0.9668505758775606,0.033149424122439375,,,,,,,,,
23,3,50,ORACLE_plane,XY,5.724198915584682,2.223109317452254,0.995167037688677,0.004832962311323019,,,,,,,,,
23,3,50,RL_adaptive,XY,5.724198915584682,2.223109317452254,0.991999218932836,0.008000781067163953,8.0,2.0,0.0,0.0,8.0,2.0,0.0,20.0,10.0
23,3,100,Z_only,XY,5.724198915584682,2.223109317452254,0.24999999999999994,0.75,,,,,,,,,
23,3,100,ZX_split,XY,5.724198915584682,2.223109317452254,0.725712113470728,0.27428788652927205,,,,,,,,,
23,3,100,XYZ_split,XY,5.724198915584682,2.223109317452254,0.9688583508717212,0.03114164912827877,,,,,,,,,
23,3,100,ORACLE_plane,XY,5.724198915584682,2.223109317452254,0.9924105452044264,0.0075894547955736025,,,,,,,,,
23,3,100,RL_adaptive,XY,5.724198915584682,2.223109317452254,0.9576050040348189,0.04239499596518115,15.0,1.0,0.0,35.0,22.0,2.0,11.0,0.0,14.0
23,3,250,Z_only,XY,5.724198915584682,2.223109317452254,0.2500000000000001,0.7499999999999999,,,,,,,,,
23,3,250,ZX_split,XY,5.724198915584682,2.223109317452254,0.7403350443287681,0.25966495567123193,,,,,,,,,
23,3,250,XYZ_split,XY,5.724198915584682,2.223109317452254,0.9940560116280434,0.005943988371956643,,,,,,,,,
23,3,250,ORACLE_plane,XY,5.724198915584682,2.223109317452254,0.996804618723559,0.003195381276441034,,,,,,,,,
23,3,250,RL_adaptive,XY,5.724198915584682,2.223109317452254,0.9964810872059608,0.003518912794039153,10.0,3.0,155.0,12.0,22.0,1.0,1.0,7.0,39.0
23,3,500,Z_only,XY,5.724198915584682,2.223109317452254,0.25,0.75,,,,,,,,,
23,3,500,ZX_split,XY,5.724198915584682,2.223109317452254,0.737126869627048,0.262873130372952,,,,,,,,,
23,3,500,XYZ_split,XY,5.724198915584682,2.223109317452254,0.9916768389661343,0.008323161033865656,,,,,,,,,
23,3,500,ORACLE_plane,XY,5.724198915584682,2.223109317452254,0.9987915595715862,0.0012084404284138373,,,,,,,,,
23,3,500,RL_adaptive,XY,5.724198915584682,2.223109317452254,0.997402163422823,0.0025978365771770484,55.0,71.0,159.0,5.0,54.0,45.0,16.0,10.0,85.0
23,4,10,Z_only,XY,5.724198915584682,2.223109317452254,0.2500000000000001,0.7499999999999999,,,,,,,,,
23,4,10,ZX_split,XY,5.724198915584682,2.223109317452254,0.721486850194809,0.27851314980519104,,,,,,,,,
23,4,10,XYZ_split,XY,5.724198915584682,2.223109317452254,0.734039843241075,0.26596015675892504,,,,,,,,,
23,4,10,ORACLE_plane,XY,5.724198915584682,2.223109317452254,0.9490668580580007,0.05093314194199927,,,,,,,,,
23,4,10,RL_adaptive,XY,5.724198915584682,2.223109317452254,0.7700182789082223,0.22998172109177772,2.0,1.0,1.0,0.0,2.0,0.0,0.0,0.0,4.0
23,4,25,Z_only,XY,5.724198915584682,2.223109317452254,0.25,0.75,,,,,,,,,
23,4,25,ZX_split,XY,5.724198915584682,2.223109317452254,0.6443464479515986,0.35565355204840143,,,,,,,,,
23,4,25,XYZ_split,XY,5.724198915584682,2.223109317452254,0.9042789459508774,0.09572105404912257,,,,,,,,,
23,4,25,ORACLE_plane,XY,5.724198915584682,2.223109317452254,0.9392007659096345,0.06079923409036547,,,,,,,,,
23,4,25,RL_adaptive,XY,5.724198915584682,2.223109317452254,0.9458262130657534,0.05417378693424657,8.0,1.0,1.0,0.0,3.0,3.0,0.0,6.0,3.0
23,4,50,Z_only,XY,5.724198915584682,2.223109317452254,0.24999999999999994,0.75,,,,,,,,,
23,4,50,ZX_split,XY,5.724198915584682,2.223109317452254,0.7311935526600717,0.2688064473399283,,,,,,,,,
23,4,50,XYZ_split,XY,5.724198915584682,2.223109317452254,0.9791252103056108,0.020874789694389162,,,,,,,,,
23,4,50,ORACLE_plane,XY,5.724198915584682,2.223109317452254,0.9879613958814029,0.01203860411859714,,,,,,,,,
23,4,50,RL_adaptive,XY,5.724198915584682,2.223109317452254,0.9502619402230443,0.04973805977695567,9.0,2.0,0.0,0.0,9.0,0.0,0.0,19.0,11.0
23,4,100,Z_only,XY,5.724198915584682,2.223109317452254,0.24999999999999994,0.75,,,,,,,,,
23,4,100,ZX_split,XY,5.724198915584682,2.223109317452254,0.7420130775408902,0.2579869224591098,,,,,,,,,
23,4,100,XYZ_split,XY,5.724198915584682,2.223109317452254,0.9940132319578142,0.005986768042185786,,,,,,,,,
23,4,100,ORACLE_plane,XY,5.724198915584682,2.223109317452254,0.9754017547489786,0.02459824525102139,,,,,,,,,
23,4,100,RL_adaptive,XY,5.724198915584682,2.223109317452254,0.9921961432809152,0.00780385671908479,12.0,4.0,6.0,29.0,20.0,2.0,14.0,0.0,13.0
23,4,250,Z_only,XY,5.724198915584682,2.223109317452254,0.24999999999999994,0.75,,,,,,,,,
23,4,250,ZX_split,XY,5.724198915584682,2.223109317452254,0.7377928882784371,0.26220711172156286,,,,,,,,,
23,4,250,XYZ_split,XY,5.724198915584682,2.223109317452254,0.9847769593650274,0.015223040634972596,,,,,,,,,
23,4,250,ORACLE_plane,XY,5.724198915584682,2.223109317452254,0.9994992085813008,0.0005007914186991869,,,,,,,,,
23,4,250,RL_adaptive,XY,5.724198915584682,2.223109317452254,0.9940357051899976,0.00596429481000238,12.0,4.0,155.0,7.0,24.0,1.0,2.0,5.0,40.0
23,4,500,Z_only,XY,5.724198915584682,2.223109317452254,0.24999999999999983,0.7500000000000002,,,,,,,,,
23,4,500,ZX_split,XY,5.724198915584682,2.223109317452254,0.7384887793158228,0.2615112206841772,,,,,,,,,
23,4,500,XYZ_split,XY,5.724198915584682,2.223109317452254,0.9891544896163622,0.01084551038363779,,,,,,,,,
23,4,500,ORACLE_plane,XY,5.724198915584682,2.223109317452254,0.9950227766604613,0.00497722333953865,,,,,,,,,
23,4,500,RL_adaptive,XY,5.724198915584682,2.223109317452254,0.9937984165024479,0.006201583497552066,74.0,49.0,164.0,1.0,80.0,23.0,3.0,3.0,103.0
24,0,10,Z_only,YZ,3.6392020817575714,0.46499081696475597,0.5349452236840285,0.4650547763159715,,,,,,,,,
24,0,10,ZX_split,YZ,3.6392020817575714,0.46499081696475597,0.39514884422170804,0.604851155778292,,,,,,,,,
24,0,10,XYZ_split,YZ,3.6392020817575714,0.46499081696475597,0.6673735708446821,0.3326264291553179,,,,,,,,,
24,0,10,ORACLE_plane,YZ,3.6392020817575714,0.46499081696475597,0.9602393586354907,0.0397606413645093,,,,,,,,,
24,0,10,RL_adaptive,YZ,3.6392020817575714,0.46499081696475597,0.7657836220964057,0.23421637790359429,6.0,0.0,0.0,0.0,2.0,0.0,0.0,0.0,2.0
24,0,25,Z_only,YZ,3.6392020817575714,0.46499081696475597,0.5349452236840285,0.4650547763159715,,,,,,,,,
24,0,25,ZX_split,YZ,3.6392020817575714,0.46499081696475597,0.5178341963305397,0.48216580366946027,,,,,,,,,
24,0,25,XYZ_split,YZ,3.6392020817575714,0.46499081696475597,0.9306464644011981,0.06935353559880186,,,,,,,,,
24,0,25,ORACLE_plane,YZ,3.6392020817575714,0.46499081696475597,0.997663840536493,0.0023361594635069594,,,,,,,,,
24,0,25,RL_adaptive,YZ,3.6392020817575714,0.46499081696475597,0.8244020871540576,0.1755979128459424,10.0,0.0,0.0,1.0,5.0,1.0,0.0,4.0,4.0
24,0,50,Z_only,YZ,3.6392020817575714,0.46499081696475597,0.5349452236840285,0.4650547763159715,,,,,,,,,
24,0,50,ZX_split,YZ,3.6392020817575714,0.46499081696475597,0.5341594181663077,0.46584058183369226,,,,,,,,,
24,0,50,XYZ_split,YZ,3.6392020817575714,0.46499081696475597,0.9806249757161635,0.01937502428383653,,,,,,,,,
24,0,50,ORACLE_plane,YZ,3.6392020817575714,0.46499081696475597,0.9931871618653888,0.006812838134611199,,,,,,,,,
24,0,50,RL_adaptive,YZ,3.6392020817575714,0.46499081696475597,0.9828961650038931,0.017103834996106904,11.0,2.0,0.0,0.0,6.0,3.0,0.0,18.0,10.0
24,0,100,Z_only,YZ,3.6392020817575714,0.46499081696475597,0.5349452236840285,0.4650547763159715,,,,,,,,,
24,0,100,ZX_split,YZ,3.6392020817575714,0.46499081696475597,0.5332080783356,0.4667919216644,,,,,,,,,
24,0,100,XYZ_split,YZ,3.6392020817575714,0.46499081696475597,0.9770002402326229,0.022999759767377115,,,,,,,,,
24,0,100,ORACLE_plane,YZ,3.6392020817575714,0.46499081696475597,0.9914029239824332,0.008597076017566763,,,,,,,,,
24,0,100,RL_adaptive,YZ,3.6392020817575714,0.46499081696475597,0.9334235810905749,0.06657641890942512,8.0,7.0,0.0,42.0,11.0,9.0,16.0,0.0,7.0
24,0,250,Z_only,YZ,3.6392020817575714,0.46499081696475597,0.5349452236840285,0.4650547763159715,,,,,,,,,
24,0,250,ZX_split,YZ,3.6392020817575714,0.46499081696475597,0.5341436025230227,0.46585639747697727,,,,,,,,,
24,0,250,XYZ_split,YZ,3.6392020817575714,0.46499081696475597,0.9878105173796876,0.012189482620312386,,,,,,,,,
24,0,250,ORACLE_plane,YZ,3.6392020817575714,0.46499081696475597,0.9991749379674506,0.0008250620325493951,,,,,,,,,
24,0,250,RL_adaptive,YZ,3.6392020817575714,0.46499081696475597,0.979562206627176,0.02043779337282403,16.0,0.0,159.0,9.0,26.0,0.0,1.0,0.0,39.0
24,0,500,Z_only,YZ,3.6392020817575714,0.46499081696475597,0.5349452236840285,0.4650547763159715,,,,,,,,,
24,0,500,ZX_split,YZ,3.6392020817575714,0.46499081696475597,0.5345366364785443,0.4654633635214557,,,,,,,,,
24,0,500,XYZ_split,YZ,3.6392020817575714,0.46499081696475597,0.9962257608944246,0.0037742391055753943,,,,,,,,,
24,0,500,ORACLE_plane,YZ,3.6392020817575714,0.46499081696475597,0.9994813694523907,0.0005186305476092556,,,,,,,,,
24,0,500,RL_adaptive,YZ,3.6392020817575714,0.46499081696475597,0.993127185211854,0.006872814788146053,58.0,78.0,146.0,12.0,35.0,44.0,23.0,2.0,102.0
24,1,10,Z_only,YZ,3.6392020817575714,0.46499081696475597,0.5349452236840285,0.4650547763159715,,,,,,,,,
24,1,10,ZX_split,YZ,3.6392020817575714,0.46499081696475597,0.5229127833029108,0.4770872166970892,,,,,,,,,
24,1,10,XYZ_split,YZ,3.6392020817575714,0.46499081696475597,0.9207449756049009,0.07925502439509913,,,,,,,,,
24,1,10,ORACLE_plane,YZ,3.6392020817575714,0.46499081696475597,0.7520811101894863,0.2479188898105137,,,,,,,,,
24,1,10,RL_adaptive,YZ,3.6392020817575714,0.46499081696475597,0.8588375452175542,0.14116245478244582,5.0,0.0,0.0,0.0,2.0,0.0,0.0,0.0,3.0
24,1,25,Z_only,YZ,3.6392020817575714,0.46499081696475597,0.5349452236840285,0.4650547763159715,,,,,,,,,
24,1,25,ZX_split,YZ,3.6392020817575714,0.46499081696475597,0.4594398894408181,0.540560110559182,,,,,,,,,
24,1,25,XYZ_split,YZ,3.6392020817575714,0.46499081696475597,0.9050090629636078,0.09499093703639216,,,,,,,,,
24,1,25,ORACLE_plane,YZ,3.6392020817575714,0.46499081696475597,0.9945552444241325,0.005444755575867544,,,,,,,,,
24,1,25,RL_adaptive,YZ,3.6392020817575714,0.46499081696475597,0.967277151673562,0.032722848326438014,10.0,0.0,0.0,0.0,2.0,5.0,0.0,6.0,2.0
24,1,50,Z_only,YZ,3.6392020817575714,0.46499081696475597,0.5349452236840285,0.4650547763159715,,,,,,,,,
24,1,50,ZX_split,YZ,3.6392020817575714,0.46499081696475597,0.4859751619847642,0.5140248380152358,,,,,,,,,
24,1,50,XYZ_split,YZ,3.6392020817575714,0.46499081696475597,0.9816655082353571,0.018334491764642857,,,,,,,,,
24,1,50,ORACLE_plane,YZ,3.6392020817575714,0.46499081696475597,0.9992170738824345,0.0007829261175654745,,,,,,,,,
24,1,50,RL_adaptive,YZ,3.6392020817575714,0.46499081696475597,0.9350700747063093,0.06492992529369068,12.0,1.0,0.0,0.0,8.0,2.0,0.0,17.0,10.0
24,1,100,Z_only,YZ,3.6392020817575714,0.46499081696475597,0.5349452236840285,0.4650547763159715,,,,,,,,,
24,1,100,ZX_split,YZ,3.6392020817575714,0.46499081696475597,0.5181878629365002,0.4818121370634998,,,,,,,,,
24,1,100,XYZ_split,YZ,3.6392020817575714,0.46499081696475597,0.9787896655544157,0.02121033444558429,,,,,,,,,
24,1,100,ORACLE_plane,YZ,3.6392020817575714,0.46499081696475597,0.9936619964813228,0.006338003518677193,,,,,,,,,
24,1,100,RL_adaptive,YZ,3.6392020817575714,0.46499081696475597,0.9913013996331909,0.00869860036680914,12.0,4.0,0.0,38.0,16.0,5.0,13.0,0.0,12.0
24,1,250,Z_only,YZ,3.6392020817575714,0.46499081696475597,0.5349452236840285,0.4650547763159715,,,,,,,,,
24,1,250,ZX_split,YZ,3.6392020817575714,0.46499081696475597,0.5217125131163192,0.47828748688368083,,,,,,,,,
24,1,250,XYZ_split,YZ,3.6392020817575714,0.46499081696475597,0.9917758722641062,0.00822412773589376,,,,,,,,,
24,1,250,ORACLE_plane,YZ,3.6392020817575714,0.46499081696475597,0.9912508945686078,0.008749105431392179,,,,,,,,,
24,1,250,RL_adaptive,YZ,3.6392020817575714,0.46499081696475597,0.9410799985345052,0.05892000146549481,14.0,0.0,159.0,13.0,26.0,0.0,0.0,3.0,35.0
24,1,500,Z_only,YZ,3.6392020817575714,0.46499081696475597,0.5349452236840285,0.4650547763159715,,,,,,,,,
24,1,500,ZX_split,YZ,3.6392020817575714,0.46499081696475597,0.527858561732672,0.472141438267328,,,,,,,,,
24,1,500,XYZ_split,YZ,3.6392020817575714,0.46499081696475597,0.9960724698990113,0.003927530100988674,,,,,,,,,
24,1,500,ORACLE_plane,YZ,3.6392020817575714,0.46499081696475597,0.9974473342634154,0.002552665736584636,,,,,,,,,
24,1,500,RL_adaptive,YZ,3.6392020817575714,0.46499081696475597,0.9831845250752324,0.01681547492476765,80.0,57.0,151.0,5.0,52.0,26.0,8.0,0.0,121.0
24,2,10,Z_only,YZ,3.6392020817575714,0.46499081696475597,0.5349452236840285,0.4650547763159715,,,,,,,,,
24,2,10,ZX_split,YZ,3.6392020817575714,0.46499081696475597,0.419057260485552,0.580942739514448,,,,,,,,,
24,2,10,XYZ_split,YZ,3.6392020817575714,0.46499081696475597,0.6439568598735171,0.35604314012648286,,,,,,,,,
24,2,10,ORACLE_plane,YZ,3.6392020817575714,0.46499081696475597,0.9070193539586983,0.09298064604130174,,,,,,,,,
24,2,10,RL_adaptive,YZ,3.6392020817575714,0.46499081696475597,0.8441336050581695,0.15586639494183052,3.0,0.0,0.0,1.0,2.0,0.0,0.0,0.0,4.0
24,2,25,Z_only,YZ,3.6392020817575714,0.46499081696475597,0.5349452236840285,0.4650547763159715,,,,,,,,,
24,2,25,ZX_split,YZ,3.6392020817575714,0.46499081696475597,0.5134874014454326,0.4865125985545674,,,,,,,,,
24,2,25,XYZ_split,YZ,3.6392020817575714,0.46499081696475597,0.9019946229157595,0.09800537708424051,,,,,,,,,
24,2,25,ORACLE_plane,YZ,3.6392020817575714,0.46499081696475597,0.9743224592419607,0.025677540758039297,,,,,,,,,
24,2,25,RL_adaptive,YZ,3.6392020817575714,0.46499081696475597,0.9858823611105935,0.014117638889406536,11.0,1.0,0.0,0.0,4.0,3.0,0.0,3.0,3.0
24,2,50,Z_only,YZ,3.6392020817575714,0.46499081696475597,0.5349452236840285,0.4650547763159715,,,,,,,,,
24,2,50,ZX_split,YZ,3.6392020817575714,0.46499081696475597,0.5260697418068516,0.4739302581931484,,,,,,,,,
24,2,50,XYZ_split,YZ,3.6392020817575714,0.46499081696475597,0.7753771010611082,0.22462289893889176,,,,,,,,,
24,2,50,ORACLE_plane,YZ,3.6392020817575714,0.46499081696475597,0.9897407448612111,0.010259255138788892,,,,,,,,,
24,2,50,RL_adaptive,YZ,3.6392020817575714,0.46499081696475597,0.974578292584445,0.02542170741555505,10.0,2.0,0.0,0.0,5.0,5.0,1.0,19.0,8.0
24,2,100,Z_only,YZ,3.6392020817575714,0.46499081696475597,0.5349452236840285,0.4650547763159715,,,,,,,,,
24,2,100,ZX_split,YZ,3.6392020817575714,0.46499081696475597,0.513530173085118,0.48646982691488205,,,,,,,,,
24,2,100,XYZ_split,YZ,3.6392020817575714,0.46499081696475597,0.9939543924567392,0.006045607543260778,,,,,,,,,
24,2,100,ORACLE_plane,YZ,3.6392020817575714,0.46499081696475597,0.9868079968597477,0.013192003140252262,,,,,,,,,
24,2,100,RL_adaptive,YZ,3.6392020817575714,0.46499081696475597,0.9954819579726515,0.004518042027348512,11.0,5.0,0.0,37.0,15.0,8.0,16.0,0.0,8.0
24,2,250,Z_only,YZ,3.6392020817575714,0.46499081696475597,0.5349452236840285,0.4650547763159715,,,,,,,,,
24,2,250,ZX_split,YZ,3.6392020817575714,0.46499081696475597,0.524911295922874,0.475088704077126,,,,,,,,,
24,2,250,XYZ_split,YZ,3.6392020817575714,0.46499081696475597,0.9755831002394154,0.024416899760584587,,,,,,,,,
24,2,250,ORACLE_plane,YZ,3.6392020817575714,0.46499081696475597,0.9987951201221729,0.0012048798778271363,,,,,,,,,
24,2,250,RL_adaptive,YZ,3.6392020817575714,0.46499081696475597,0.9912485891948638,0.008751410805136195,14.0,0.0,161.0,14.0,23.0,0.0,0.0,3.0,35.0
24,2,500,Z_only,YZ,3.6392020817575714,0.46499081696475597,0.5349452236840285,0.4650547763159715,,,,,,,,,
24,2,500,ZX_split,YZ,3.6392020817575714,0.46499081696475597,0.5286526917462228,0.47134730825377724,,,,,,,,,
24,2,500,XYZ_split,YZ,3.6392020817575714,0.46499081696475597,0.9964950826900816,0.0035049173099184205,,,,,,,,,
24,2,500,ORACLE_plane,YZ,3.6392020817575714,0.46499081696475597,0.9997594205812558,0.0002405794187442245,,,,,,,,,
24,2,500,RL_adaptive,YZ,3.6392020817575714,0.46499081696475597,0.999856976648709,0.00014302335129101618,69.0,70.0,144.0,8.0,43.0,36.0,17.0,0.0,113.0
24,3,10,Z_only,YZ,3.6392020817575714,0.46499081696475597,0.5349452236840285,0.4650547763159715,,,,,,,,,
24,3,10,ZX_split,YZ,3.6392020817575714,0.46499081696475597,0.3285372408023591,0.671462759197641,,,,,,,,,
24,3,10,XYZ_split,YZ,3.6392020817575714,0.46499081696475597,0.8951033074805399,0.1048966925194601,,,,,,,,,
24,3,10,ORACLE_plane,YZ,3.6392020817575714,0.46499081696475597,0.9726304692510304,0.02736953074896964,,,,,,,,,
24,3,10,RL_adaptive,YZ,3.6392020817575714,0.46499081696475597,0.7992353205759261,0.20076467942407394,4.0,0.0,0.0,0.0,2.0,0.0,0.0,0.0,4.0
24,3,25,Z_only,YZ,3.6392020817575714,0.46499081696475597,0.5349452236840285,0.4650547763159715,,,,,,,,,
24,3,25,ZX_split,YZ,3.6392020817575714,0.46499081696475597,0.5199184845338127,0.48008151546618727,,,,,,,,,
24,3,25,XYZ_split,YZ,3.6392020817575714,0.46499081696475597,0.9439482602128683,0.05605173978713174,,,,,,,,,
24,3,25,ORACLE_plane,YZ,3.6392020817575714,0.46499081696475597,0.9396105523399119,0.060389447660088136,,,,,,,,,
24,3,25,RL_adaptive,YZ,3.6392020817575714,0.46499081696475597,0.8624653544357855,0.13753464556421446,11.0,0.0,0.0,0.0,5.0,2.0,0.0,3.0,4.0
24,3,50,Z_only,YZ,3.6392020817575714,0.46499081696475597,0.5349452236840285,0.4650547763159715,,,,,,,,,
24,3,50,ZX_split,YZ,3.6392020817575714,0.46499081696475597,0.5285091062259191,0.47149089377408093,,,,,,,,,
24,3,50,XYZ_split,YZ,3.6392020817575714,0.46499081696475597,0.9764418699792071,0.023558130020792878,,,,,,,,,
24,3,50,ORACLE_plane,YZ,3.6392020817575714,0.46499081696475597,0.9898942812747885,0.010105718725211488,,,,,,,,,
24,3,50,RL_adaptive,YZ,3.6392020817575714,0.46499081696475597,0.9242755349997338,0.0757244650002662,11.0,1.0,0.0,0.0,7.0,3.0,0.0,19.0,9.0
24,3,100,Z_only,YZ,3.6392020817575714,0.46499081696475597,0.5349452236840285,0.4650547763159715,,,,,,,,,
24,3,100,ZX_split,YZ,3.6392020817575714,0.46499081696475597,0.5098487202106394,0.49015127978936057,,,,,,,,,
24,3,100,XYZ_split,YZ,3.6392020817575714,0.46499081696475597,0.9610391818306812,0.038960818169318845,,,,,,,,,
24,3,100,ORACLE_plane,YZ,3.6392020817575714,0.46499081696475597,0.9995851235515691,0.00041487644843085647,,,,,,,,,
24,3,100,RL_adaptive,YZ,3.6392020817575714,0.46499081696475597,0.9668180743501423,0.03318192564985767,13.0,3.0,0.0,37.0,17.0,5.0,12.0,0.0,13.0
24,3,250,Z_only,YZ,3.6392020817575714,0.46499081696475597,0.5349452236840285,0.4650547763159715,,,,,,,,,
24,3,250,ZX_split,YZ,3.6392020817575714,0.46499081696475597,0.5140395853444429,0.48596041465555706,,,,,,,,,
24,3,250,XYZ_split,YZ,3.6392020817575714,0.46499081696475597,0.98856603239945,0.011433967600550043,,,,,,,,,
24,3,250,ORACLE_plane,YZ,3.6392020817575714,0.46499081696475597,0.9923271625313889,0.007672837468611138,,,,,,,,,
24,3,250,RL_adaptive,YZ,3.6392020817575714,0.46499081696475597,0.9405258807378296,0.05947411926217039,15.0,0.0,157.0,13.0,25.0,0.0,0.0,2.0,38.0
24,3,500,Z_only,YZ,3.6392020817575714,0.46499081696475597,0.5349452236840285,0.4650547763159715,,,,,,,,,
24,3,500,ZX_split,YZ,3.6392020817575714,0.46499081696475597,0.5343279968459579,0.4656720031540421,,,,,,,,,
24,3,500,XYZ_split,YZ,3.6392020817575714,0.46499081696475597,0.9973922938462034,0.002607706153796574,,,,,,,,,
24,3,500,ORACLE_plane,YZ,3.6392020817575714,0.46499081696475597,0.9991554621799227,0.0008445378200773179,,,,,,,,,
24,3,500,RL_adaptive,YZ,3.6392020817575714,0.46499081696475597,0.9956924615560196,0.004307538443980352,67.0,71.0,140.0,7.0,43.0,40.0,18.0,0.0,114.0
24,4,10,Z_only,YZ,3.6392020817575714,0.46499081696475597,0.5349452236840285,0.4650547763159715,,,,,,,,,
24,4,10,ZX_split,YZ,3.6392020817575714,0.46499081696475597,0.3285372408023591,0.671462759197641,,,,,,,,,
24,4,10,XYZ_split,YZ,3.6392020817575714,0.46499081696475597,0.9398234338651389,0.06017656613486111,,,,,,,,,
24,4,10,ORACLE_plane,YZ,3.6392020817575714,0.46499081696475597,0.9780444613163158,0.02195553868368416,,,,,,,,,
24,4,10,RL_adaptive,YZ,3.6392020817575714,0.46499081696475597,0.7606903213359049,0.23930967866409514,6.0,0.0,0.0,0.0,2.0,0.0,0.0,0.0,2.0
24,4,25,Z_only,YZ,3.6392020817575714,0.46499081696475597,0.5349452236840285,0.4650547763159715,,,,,,,,,
24,4,25,ZX_split,YZ,3.6392020817575714,0.46499081696475597,0.4217072767700099,0.5782927232299901,,,,,,,,,
24,4,25,XYZ_split,YZ,3.6392020817575714,0.46499081696475597,0.9727697328875631,0.027230267112436923,,,,,,,,,
24,4,25,ORACLE_plane,YZ,3.6392020817575714,0.46499081696475597,0.9798130515131005,0.020186948486899503,,,,,,,,,
24,4,25,RL_adaptive,YZ,3.6392020817575714,0.46499081696475597,0.9784858341666102,0.02151416583338983,10.0,0.0,0.0,0.0,2.0,5.0,0.0,6.0,2.0
24,4,50,Z_only,YZ,3.6392020817575714,0.46499081696475597,0.5349452236840285,0.4650547763159715,,,,,,,,,
24,4,50,ZX_split,YZ,3.6392020817575714,0.46499081696475597,0.5004108436708927,0.4995891563291073,,,,,,,,,
24,4,50,XYZ_split,YZ,3.6392020817575714,0.46499081696475597,0.9865486518429282,0.01345134815707183,,,,,,,,,
24,4,50,ORACLE_plane,YZ,3.6392020817575714,0.46499081696475597,0.9977248013693569,0.0022751986306430716,,,,,,,,,
24,4,50,RL_adaptive,YZ,3.6392020817575714,0.46499081696475597,0.9151021848607191,0.08489781513928085,9.0,3.0,0.0,0.0,6.0,5.0,0.0,20.0,7.0
24,4,100,Z_only,YZ,3.6392020817575714,0.46499081696475597,0.5349452236840285,0.4650547763159715,,,,,,,,,
24,4,100,ZX_split,YZ,3.6392020817575714,0.46499081696475597,0.5166978530648546,0.4833021469351454,,,,,,,,,
24,4,100,XYZ_split,YZ,3.6392020817575714,0.46499081696475597,0.9187681319153204,0.08123186808467964,,,,,,,,,
24,4,100,ORACLE_plane,YZ,3.6392020817575714,0.46499081696475597,0.9986867962078435,0.001313203792156492,,,,,,,,,
24,4,100,RL_adaptive,YZ,3.6392020817575714,0.46499081696475597,0.9794482891325192,0.020551710867480755,8.0,8.0,1.0,38.0,10.0,10.0,18.0,0.0,7.0
24,4,250,Z_only,YZ,3.6392020817575714,0.46499081696475597,0.5349452236840285,0.4650547763159715,,,,,,,,,
24,4,250,ZX_split,YZ,3.6392020817575714,0.46499081696475597,0.5310863556985248,0.4689136443014752,,,,,,,,,
24,4,250,XYZ_split,YZ,3.6392020817575714,0.46499081696475597,0.9919744913606865,0.008025508639313506,,,,,,,,,
24,4,250,ORACLE_plane,YZ,3.6392020817575714,0.46499081696475597,0.9977503119049282,0.0022496880950717557,,,,,,,,,
24,4,250,RL_adaptive,YZ,3.6392020817575714,0.46499081696475597,0.9895271824084202,0.010472817591579808,19.0,0.0,157.0,8.0,26.0,0.0,2.0,0.0,38.0
24,4,500,Z_only,YZ,3.6392020817575714,0.46499081696475597,0.5349452236840285,0.4650547763159715,,,,,,,,,
24,4,500,ZX_split,YZ,3.6392020817575714,0.46499081696475597,0.5313817372781284,0.46861826272187157,,,,,,,,,
24,4,500,XYZ_split,YZ,3.6392020817575714,0.46499081696475597,0.9986424945859123,0.0013575054140877452,,,,,,,,,
24,4,500,ORACLE_plane,YZ,3.6392020817575714,0.46499081696475597,0.999348214601371,0.000651785398628979,,,,,,,,,
24,4,500,RL_adaptive,YZ,3.6392020817575714,0.46499081696475597,0.9938364922567338,0.006163507743266239,65.0,76.0,139.0,10.0,34.0,42.0,22.0,1.0,111.0
25,0,10,Z_only,YZ,0.8157441289657046,4.145000589500943,0.7964174512015267,0.20358254879847326,,,,,,,,,
25,0,10,ZX_split,YZ,0.8157441289657046,4.145000589500943,0.6817351925997206,0.3182648074002794,,,,,,,,,
25,0,10,XYZ_split,YZ,0.8157441289657046,4.145000589500943,0.8083252371217038,0.1916747628782962,,,,,,,,,
25,0,10,ORACLE_plane,YZ,0.8157441289657046,4.145000589500943,0.9240807263622491,0.07591927363775086,,,,,,,,,
25,0,10,RL_adaptive,YZ,0.8157441289657046,4.145000589500943,0.9303076588376933,0.06969234116230671,2.0,0.0,3.0,0.0,3.0,0.0,0.0,0.0,2.0
25,0,25,Z_only,YZ,0.8157441289657046,4.145000589500943,0.7964174512015267,0.20358254879847326,,,,,,,,,
25,0,25,ZX_split,YZ,0.8157441289657046,4.145000589500943,0.6908765159459164,0.30912348405408363,,,,,,,,,
25,0,25,XYZ_split,YZ,0.8157441289657046,4.145000589500943,0.9323146481618173,0.0676853518381827,,,,,,,,,
25,0,25,ORACLE_plane,YZ,0.8157441289657046,4.145000589500943,0.9494133658587472,0.05058663414125275,,,,,,,,,
25,0,25,RL_adaptive,YZ,0.8157441289657046,4.145000589500943,0.9536686371168653,0.046331362883134664,5.0,1.0,0.0,7.0,2.0,0.0,0.0,7.0,3.0
25,0,50,Z_only,YZ,0.8157441289657046,4.145000589500943,0.7964174512015267,0.20358254879847326,,,,,,,,,
25,0,50,ZX_split,YZ,0.8157441289657046,4.145000589500943,0.7909692648709631,0.20903073512903692,,,,,,,,,
25,0,50,XYZ_split,YZ,0.8157441289657046,4.145000589500943,0.9842720699232917,0.015727930076708252,,,,,,,,,
25,0,50,ORACLE_plane,YZ,0.8157441289657046,4.145000589500943,0.998345621445867,0.0016543785541329736,,,,,,,,,
25,0,50,RL_adaptive,YZ,0.8157441289657046,4.145000589500943,0.9168917033635444,0.08310829663645558,12.0,1.0,0.0,0.0,7.0,3.0,1.0,17.0,9.0
25,0,100,Z_only,YZ,0.8157441289657046,4.145000589500943,0.7964174512015267,0.20358254879847326,,,,,,,,,
25,0,100,ZX_split,YZ,0.8157441289657046,4.145000589500943,0.7881014652064771,0.21189853479352294,,,,,,,,,
25,0,100,XYZ_split,YZ,0.8157441289657046,4.145000589500943,0.9904364508724444,0.009563549127555637,,,,,,,,,
25,0,100,ORACLE_plane,YZ,0.8157441289657046,4.145000589500943,0.9995175316257972,0.00048246837420284905,,,,,,,,,
25,0,100,RL_adaptive,YZ,0.8157441289657046,4.145000589500943,0.9593247722097341,0.04067522779026589,7.0,2.0,13.0,37.0,11.0,6.0,12.0,4.0,8.0
25,0,250,Z_only,YZ,0.8157441289657046,4.145000589500943,0.7964174512015267,0.20358254879847326,,,,,,,,,
25,0,250,ZX_split,YZ,0.8157441289657046,4.145000589500943,0.7925773096724056,0.20742269032759442,,,,,,,,,
25,0,250,XYZ_split,YZ,0.8157441289657046,4.145000589500943,0.9901574038520214,0.009842596147978555,,,,,,,,,
25,0,250,ORACLE_plane,YZ,0.8157441289657046,4.145000589500943,0.9992925560950768,0.0007074439049231662,,,,,,,,,
25,0,250,RL_adaptive,YZ,0.8157441289657046,4.145000589500943,0.9986755358971708,0.0013244641028291593,20.0,7.0,138.0,10.0,20.0,1.0,7.0,13.0,34.0
25,0,500,Z_only,YZ,0.8157441289657046,4.145000589500943,0.7964174512015267,0.20358254879847326,,,,,,,,,
25,0,500,ZX_split,YZ,0.8157441289657046,4.145000589500943,0.7900549244674129,0.20994507553258712,,,,,,,,,
25,0,500,XYZ_split,YZ,0.8157441289657046,4.145000589500943,0.995994711168809,0.004005288831191001,,,,,,,,,
25,0,500,ORACLE_plane,YZ,0.8157441289657046,4.145000589500943,0.9959359277233183,0.004064072276681707,,,,,,,,,
25,0,500,RL_adaptive,YZ,0.8157441289657046,4.145000589500943,0.9863641158806208,0.013635884119379216,93.0,82.0,145.0,0.0,26.0,46.0,14.0,10.0,84.0
25,1,10,Z_only,YZ,0.8157441289657046,4.145000589500943,0.7964174512015267,0.20358254879847326,,,,,,,,,
25,1,10,ZX_split,YZ,0.8157441289657046,4.145000589500943,0.7722734522117387,0.2277265477882613,,,,,,,,,
25,1,10,XYZ_split,YZ,0.8157441289657046,4.145000589500943,0.9847644614928297,0.015235538507170299,,,,,,,,,
25,1,10,ORACLE_plane,YZ,0.8157441289657046,4.145000589500943,0.8148528235002231,0.18514717649977686,,,,,,,,,
25,1,10,RL_adaptive,YZ,0.8157441289657046,4.145000589500943,0.7700708015784701,0.22992919842152992,2.0,0.0,1.0,0.0,2.0,0.0,0.0,0.0,5.0
25,1,25,Z_only,YZ,0.8157441289657046,4.145000589500943,0.7964174512015267,0.20358254879847326,,,,,,,,,
25,1,25,ZX_split,YZ,0.8157441289657046,4.145000589500943,0.75795109999731,0.24204890000268997,,,,,,,,,
25,1,25,XYZ_split,YZ,0.8157441289657046,4.145000589500943,0.9749989382069163,0.0250010617930837,,,,,,,,,
25,1,25,ORACLE_plane,YZ,0.8157441289657046,4.145000589500943,0.9931610491572435,0.0068389508427565415,,,,,,,,,
25,1,25,RL_adaptive,YZ,0.8157441289657046,4.145000589500943,0.9651339082236616,0.03486609177633837,5.0,1.0,0.0,5.0,2.0,1.0,0.0,7.0,4.0
25,1,50,Z_only,YZ,0.8157441289657046,4.145000589500943,0.7964174512015267,0.20358254879847326,,,,,,,,,
25,1,50,ZX_split,YZ,0.8157441289657046,4.145000589500943,0.7817567942780945,0.21824320572190548,,,,,,,,,
25,1,50,XYZ_split,YZ,0.8157441289657046,4.145000589500943,0.9278683811834765,0.07213161881652352,,,,,,,,,
25,1,50,ORACLE_plane,YZ,0.8157441289657046,4.145000589500943,0.9938774994407547,0.006122500559245347,,,,,,,,,
25,1,50,RL_adaptive,YZ,0.8157441289657046,4.145000589500943,0.9276954935144909,0.07230450648550912,13.0,0.0,1.0,0.0,8.0,1.0,0.0,17.0,10.0
25,1,100,Z_only,YZ,0.8157441289657046,4.145000589500943,0.7964174512015267,0.20358254879847326,,,,,,,,,
25,1,100,ZX_split,YZ,0.8157441289657046,4.145000589500943,0.7785546740162423,0.22144532598375766,,,,,,,,,
25,1,100,XYZ_split,YZ,0.8157441289657046,4.145000589500943,0.9921789973274171,0.0078210026725829,,,,,,,,,
25,1,100,ORACLE_plane,YZ,0.8157441289657046,4.145000589500943,0.9866161144041632,0.013383885595836809,,,,,,,,,
25,1,100,RL_adaptive,YZ,0.8157441289657046,4.145000589500943,0.9730109088463436,0.02698909115365644,9.0,0.0,12.0,39.0,16.0,2.0,12.0,0.0,10.0
25,1,250,Z_only,YZ,0.8157441289657046,4.145000589500943,0.7964174512015267,0.20358254879847326,,,,,,,,,
25,1,250,ZX_split,YZ,0.8157441289657046,4.145000589500943,0.7896572039599433,0.21034279604005668,,,,,,,,,
25,1,250,XYZ_split,YZ,0.8157441289657046,4.145000589500943,0.9882947600009483,0.011705239999051709,,,,,,,,,
25,1,250,ORACLE_plane,YZ,0.8157441289657046,4.145000589500943,0.99999286448343,7.135516569944933e-06,,,,,,,,,
25,1,250,RL_adaptive,YZ,0.8157441289657046,4.145000589500943,0.9964322005913226,0.0035677994086773523,20.0,9.0,138.0,10.0,19.0,2.0,10.0,10.0,32.0
25,1,500,Z_only,YZ,0.8157441289657046,4.145000589500943,0.7964174512015267,0.20358254879847326,,,,,,,,,
25,1,500,ZX_split,YZ,0.8157441289657046,4.145000589500943,0.7963176945792872,0.20368230542071275,,,,,,,,,
25,1,500,XYZ_split,YZ,0.8157441289657046,4.145000589500943,0.9946812789013814,0.0053187210986186395,,,,,,,,,
25,1,500,ORACLE_plane,YZ,0.8157441289657046,4.145000589500943,0.999216149553908,0.0007838504460919715,,,,,,,,,
25,1,500,RL_adaptive,YZ,0.8157441289657046,4.145000589500943,0.9974622527616851,0.0025377472383149025,90.0,89.0,139.0,0.0,23.0,50.0,17.0,9.0,83.0
25,2,10,Z_only,YZ,0.8157441289657046,4.145000589500943,0.7964174512015267,0.20358254879847326,,,,,,,,,
25,2,10,ZX_split,YZ,0.8157441289657046,4.145000589500943,0.7283951593992449,0.27160484060075507,,,,,,,,,
25,2,10,XYZ_split,YZ,0.8157441289657046,4.145000589500943,0.6840755096206551,0.3159244903793449,,,,,,,,,
25,2,10,ORACLE_plane,YZ,0.8157441289657046,4.145000589500943,0.859652747284474,0.14034725271552595,,,,,,,,,
25,2,10,RL_adaptive,YZ,0.8157441289657046,4.145000589500943,0.8707494080302255,0.1292505919697745,2.0,0.0,3.0,0.0,2.0,0.0,0.0,0.0,3.0
25,2,25,Z_only,YZ,0.8157441289657046,4.145000589500943,0.7964174512015267,0.20358254879847326,,,,,,,,,
25,2,25,ZX_split,YZ,0.8157441289657046,4.145000589500943,0.7914599615852024,0.20854003841479762,,,,,,,,,
25,2,25,XYZ_split,YZ,0.8157441289657046,4.145000589500943,0.9176665558806522,0.08233344411934784,,,,,,,,,
25,2,25,ORACLE_plane,YZ,0.8157441289657046,4.145000589500943,0.9950930444087048,0.00490695559129517,,,,,,,,,
25,2,25,RL_adaptive,YZ,0.8157441289657046,4.145000589500943,0.9602113031896389,0.039788696810361124,4.0,1.0,2.0,5.0,2.0,1.0,0.0,7.0,3.0
25,2,50,Z_only,YZ,0.8157441289657046,4.145000589500943,0.7964174512015267,0.20358254879847326,,,,,,,,,
25,2,50,ZX_split,YZ,0.8157441289657046,4.145000589500943,0.7954262432857733,0.20457375671422673,,,,,,,,,
25,2,50,XYZ_split,YZ,0.8157441289657046,4.145000589500943,0.9631193761888558,0.03688062381114421,,,,,,,,,
25,2,50,ORACLE_plane,YZ,0.8157441289657046,4.145000589500943,0.9979377580356528,0.0020622419643472334,,,,,,,,,
25,2,50,RL_adaptive,YZ,0.8157441289657046,4.145000589500943,0.9768382394162585,0.02316176058374153,11.0,1.0,0.0,0.0,8.0,2.0,1.0,17.0,10.0
25,2,100,Z_only,YZ,0.8157441289657046,4.145000589500943,0.7964174512015267,0.20358254879847326,,,,,,,,,
25,2,100,ZX_split,YZ,0.8157441289657046,4.145000589500943,0.7571364031604816,0.24286359683951841,,,,,,,,,
25,2,100,XYZ_split,YZ,0.8157441289657046,4.145000589500943,0.9597237141014293,0.040276285898570685,,,,,,,,,
25,2,100,ORACLE_plane,YZ,0.8157441289657046,4.145000589500943,0.9974095920310063,0.00259040796899368,,,,,,,,,
25,2,100,RL_adaptive,YZ,0.8157441289657046,4.145000589500943,0.9923518852117066,0.007648114788293414,8.0,0.0,10.0,43.0,14.0,3.0,13.0,0.0,9.0
25,2,250,Z_only,YZ,0.8157441289657046,4.145000589500943,0.7964174512015267,0.20358254879847326,,,,,,,,,
25,2,250,ZX_split,YZ,0.8157441289657046,4.145000589500943,0.7782702845631829,0.22172971543681708,,,,,,,,,
25,2,250,XYZ_split,YZ,0.8157441289657046,4.145000589500943,0.9905423923995327,0.009457607600467322,,,,,,,,,
25,2,250,ORACLE_plane,YZ,0.8157441289657046,4.145000589500943,0.9947468577897453,0.0052531422102547465,,,,,,,,,
25,2,250,RL_adaptive,YZ,0.8157441289657046,4.145000589500943,0.9632765554210657,0.03672344457893428,23.0,8.0,138.0,5.0,25.0,0.0,4.0,5.0,42.0
25,2,500,Z_only,YZ,0.8157441289657046,4.145000589500943,0.7964174512015267,0.20358254879847326,,,,,,,,,
25,2,500,ZX_split,YZ,0.8157441289657046,4.145000589500943,0.7927066447786867,0.2072933552213133,,,,,,,,,
25,2,500,XYZ_split,YZ,0.8157441289657046,4.145000589500943,0.9957531424010476,0.0042468575989523805,,,,,,,,,
25,2,500,ORACLE_plane,YZ,0.8157441289657046,4.145000589500943,0.9972948888904459,0.0027051111095540703,,,,,,,,,
25,2,500,RL_adaptive,YZ,0.8157441289657046,4.145000589500943,0.9945987175078944,0.005401282492105586,94.0,87.0,138.0,0.0,20.0,51.0,15.0,11.0,84.0
25,3,10,Z_only,YZ,0.8157441289657046,4.145000589500943,0.7964174512015267,0.20358254879847326,,,,,,,,,
25,3,10,ZX_split,YZ,0.8157441289657046,4.145000589500943,0.38573833035735433,0.6142616696426457,,,,,,,,,
25,3,10,XYZ_split,YZ,0.8157441289657046,4.145000589500943,0.929095558884003,0.07090444111599703,,,,,,,,,
25,3,10,ORACLE_plane,YZ,0.8157441289657046,4.145000589500943,0.7996920110057526,0.2003079889942474,,,,,,,,,
25,3,10,RL_adaptive,YZ,0.8157441289657046,4.145000589500943,0.8029717767265364,0.1970282232734636,2.0,0.0,1.0,0.0,2.0,0.0,0.0,0.0,5.0
25,3,25,Z_only,YZ,0.8157441289657046,4.145000589500943,0.7964174512015267,0.20358254879847326,,,,,,,,,
25,3,25,ZX_split,YZ,0.8157441289657046,4.145000589500943,0.7309038104260128,0.2690961895739872,,,,,,,,,
25,3,25,XYZ_split,YZ,0.8157441289657046,4.145000589500943,0.9140202447971172,0.08597975520288281,,,,,,,,,
25,3,25,ORACLE_plane,YZ,0.8157441289657046,4.145000589500943,0.976676681244121,0.023323318755879008,,,,,,,,,
25,3,25,RL_adaptive,YZ,0.8157441289657046,4.145000589500943,0.9864672161795286,0.013532783820471406,4.0,0.0,2.0,2.0,3.0,3.0,0.0,9.0,2.0
25,3,50,Z_only,YZ,0.8157441289657046,4.145000589500943,0.7964174512015267,0.20358254879847326,,,,,,,,,
25,3,50,ZX_split,YZ,0.8157441289657046,4.145000589500943,0.7933597348009778,0.20664026519902223,,,,,,,,,
25,3,50,XYZ_split,YZ,0.8157441289657046,4.145000589500943,0.9588806865826965,0.04111931341730346,,,,,,,,,
25,3,50,ORACLE_plane,YZ,0.8157441289657046,4.145000589500943,0.9920331109316359,0.00796688906836407,,,,,,,,,
25,3,50,RL_adaptive,YZ,0.8157441289657046,4.145000589500943,0.9417321692797621,0.05826783072023789,11.0,0.0,0.0,0.0,10.0,1.0,0.0,17.0,11.0
25,3,100,Z_only,YZ,0.8157441289657046,4.145000589500943,0.7964174512015267,0.20358254879847326,,,,,,,,,
25,3,100,ZX_split,YZ,0.8157441289657046,4.145000589500943,0.7931309915680443,0.20686900843195566,,,,,,,,,
25,3,100,XYZ_split,YZ,0.8157441289657046,4.145000589500943,0.9934609631219794,0.006539036878020599,,,,,,,,,
25,3,100,ORACLE_plane,YZ,0.8157441289657046,4.145000589500943,0.9910659624381759,0.008934037561824093,,,,,,,,,
25,3,100,RL_adaptive,YZ,0.8157441289657046,4.145000589500943,0.9959040018354086,0.004095998164591386,5.0,3.0,12.0,40.0,9.0,7.0,16.0,4.0,4.0
25,3,250,Z_only,YZ,0.8157441289657046,4.145000589500943,0.7964174512015267,0.20358254879847326,,,,,,,,,
25,3,250,ZX_split,YZ,0.8157441289657046,4.145000589500943,0.7946571745578455,0.20534282544215454,,,,,,,,,
25,3,250,XYZ_split,YZ,0.8157441289657046,4.145000589500943,0.9907407020978227,0.009259297902177277,,,,,,,,,
25,3,250,ORACLE_plane,YZ,0.8157441289657046,4.145000589500943,0.9983244811419251,0.0016755188580749314,,,,,,,,,
25,3,250,RL_adaptive,YZ,0.8157441289657046,4.145000589500943,0.9754223176620314,0.024577682337968643,18.0,12.0,135.0,12.0,20.0,3.0,3.0,9.0,38.0
25,3,500,Z_only,YZ,0.8157441289657046,4.145000589500943,0.7964174512015267,0.20358254879847326,,,,,,,,,
25,3,500,ZX_split,YZ,0.8157441289657046,4.145000589500943,0.7953380669095209,0.2046619330904791,,,,,,,,,
25,3,500,XYZ_split,YZ,0.8157441289657046,4.145000589500943,0.9966759251736022,0.0033240748263978492,,,,,,,,,
25,3,500,ORACLE_plane,YZ,0.8157441289657046,4.145000589500943,0.9992262016754824,0.0007737983245176272,,,,,,,,,
25,3,500,RL_adaptive,YZ,0.8157441289657046,4.145000589500943,0.9990083087162289,0.000991691283771079,91.0,87.0,140.0,2.0,21.0,49.0,16.0,11.0,83.0
25,4,10,Z_only,YZ,0.8157441289657046,4.145000589500943,0.7964174512015267,0.20358254879847326,,,,,,,,,
25,4,10,ZX_split,YZ,0.8157441289657046,4.145000589500943,0.6526098879542036,0.3473901120457964,,,,,,,,,
25,4,10,XYZ_split,YZ,0.8157441289657046,4.145000589500943,0.9596934043291037,0.04030659567089634,,,,,,,,,
25,4,10,ORACLE_plane,YZ,0.8157441289657046,4.145000589500943,0.9879374441511314,0.012062555848868617,,,,,,,,,
25,4,10,RL_adaptive,YZ,0.8157441289657046,4.145000589500943,0.7594578669614673,0.24054213303853267,3.0,1.0,1.0,0.0,3.0,0.0,0.0,0.0,2.0
25,4,25,Z_only,YZ,0.8157441289657046,4.145000589500943,0.7964174512015267,0.20358254879847326,,,,,,,,,
25,4,25,ZX_split,YZ,0.8157441289657046,4.145000589500943,0.7663957965316907,0.23360420346830935,,,,,,,,,
25,4,25,XYZ_split,YZ,0.8157441289657046,4.145000589500943,0.8425533669953438,0.15744663300465622,,,,,,,,,
25,4,25,ORACLE_plane,YZ,0.8157441289657046,4.145000589500943,0.9917875755435833,0.008212424456416678,,,,,,,,,
25,4,25,RL_adaptive,YZ,0.8157441289657046,4.145000589500943,0.8955505211198194,0.10444947888018064,6.0,0.0,0.0,5.0,2.0,1.0,0.0,9.0,2.0
25,4,50,Z_only,YZ,0.8157441289657046,4.145000589500943,0.7964174512015267,0.20358254879847326,,,,,,,,,
25,4,50,ZX_split,YZ,0.8157441289657046,4.145000589500943,0.7875353813875458,0.21246461861245425,,,,,,,,,
25,4,50,XYZ_split,YZ,0.8157441289657046,4.145000589500943,0.9449997534124499,0.055000246587550095,,,,,,,,,
25,4,50,ORACLE_plane,YZ,0.8157441289657046,4.145000589500943,0.9981041497018908,0.0018958502981092362,,,,,,,,,
25,4,50,RL_adaptive,YZ,0.8157441289657046,4.145000589500943,0.9777183147846117,0.022281685215388314,10.0,0.0,0.0,0.0,10.0,1.0,1.0,18.0,10.0
25,4,100,Z_only,YZ,0.8157441289657046,4.145000589500943,0.7964174512015267,0.20358254879847326,,,,,,,,,
25,4,100,ZX_split,YZ,0.8157441289657046,4.145000589500943,0.7725173704187788,0.22748262958122123,,,,,,,,,
25,4,100,XYZ_split,YZ,0.8157441289657046,4.145000589500943,0.9606548454260218,0.03934515457397825,,,,,,,,,
25,4,100,ORACLE_plane,YZ,0.8157441289657046,4.145000589500943,0.9982445498976014,0.0017554501023986369,,,,,,,,,
25,4,100,RL_adaptive,YZ,0.8157441289657046,4.145000589500943,0.9522366780881297,0.04776332191187027,7.0,1.0,11.0,40.0,14.0,4.0,15.0,2.0,6.0
25,4,250,Z_only,YZ,0.8157441289657046,4.145000589500943,0.7964174512015267,0.20358254879847326,,,,,,,,,
25,4,250,ZX_split,YZ,0.8157441289657046,4.145000589500943,0.786171016038161,0.21382898396183903,,,,,,,,,
25,4,250,XYZ_split,YZ,0.8157441289657046,4.145000589500943,0.9947278183358953,0.005272181664104703,,,,,,,,,
25,4,250,ORACLE_plane,YZ,0.8157441289657046,4.145000589500943,0.9969868185612839,0.003013181438716095,,,,,,,,,
25,4,250,RL_adaptive,YZ,0.8157441289657046,4.145000589500943,0.996464254987506,0.003535745012493985,14.0,12.0,136.0,14.0,13.0,6.0,11.0,15.0,29.0
25,4,500,Z_only,YZ,0.8157441289657046,4.145000589500943,0.7964174512015267,0.20358254879847326,,,,,,,,,
25,4,500,ZX_split,YZ,0.8157441289657046,4.145000589500943,0.7963327488784737,0.20366725112152628,,,,,,,,,
25,4,500,XYZ_split,YZ,0.8157441289657046,4.145000589500943,0.9977665854231341,0.0022334145768658775,,,,,,,,,
25,4,500,ORACLE_plane,YZ,0.8157441289657046,4.145000589500943,0.9999003058249543,9.969417504573919e-05,,,,,,,,,
25,4,500,RL_adaptive,YZ,0.8157441289657046,4.145000589500943,0.9592744679954933,0.04072553200450668,81.0,81.0,156.0,2.0,25.0,50.0,18.0,18.0,69.0
26,0,10,Z_only,XZ,4.192425637905583,0.7900476362887354,0.7986811056811929,0.20131889431880712,,,,,,,,,
26,0,10,ZX_split,XZ,4.192425637905583,0.7900476362887354,0.9362662297962528,0.06373377020374715,,,,,,,,,
26,0,10,XYZ_split,XZ,4.192425637905583,0.7900476362887354,0.8280018211853422,0.17199817881465784,,,,,,,,,
26,0,10,ORACLE_plane,XZ,4.192425637905583,0.7900476362887354,0.9998899862256005,0.00011001377439945337,,,,,,,,,
26,0,10,RL_adaptive,XZ,4.192425637905583,0.7900476362887354,0.8469331733930318,0.15306682660696824,5.0,0.0,0.0,1.0,2.0,0.0,0.0,0.0,2.0
26,0,25,Z_only,XZ,4.192425637905583,0.7900476362887354,0.7986811056811929,0.20131889431880712,,,,,,,,,
26,0,25,ZX_split,XZ,4.192425637905583,0.7900476362887354,0.9588825814115888,0.041117418588411225,,,,,,,,,
26,0,25,XYZ_split,XZ,4.192425637905583,0.7900476362887354,0.938668981004884,0.06133101899511595,,,,,,,,,
26,0,25,ORACLE_plane,XZ,4.192425637905583,0.7900476362887354,0.8811346901158935,0.11886530988410648,,,,,,,,,
26,0,25,RL_adaptive,XZ,4.192425637905583,0.7900476362887354,0.901429003682746,0.09857099631725397,7.0,0.0,0.0,2.0,3.0,3.0,0.0,6.0,4.0
26,0,50,Z_only,XZ,4.192425637905583,0.7900476362887354,0.7986811056811929,0.20131889431880712,,,,,,,,,
26,0,50,ZX_split,XZ,4.192425637905583,0.7900476362887354,0.9978504424090383,0.0021495575909616926,,,,,,,,,
26,0,50,XYZ_split,XZ,4.192425637905583,0.7900476362887354,0.9662181702773347,0.0337818297226653,,,,,,,,,
26,0,50,ORACLE_plane,XZ,4.192425637905583,0.7900476362887354,0.996290743179201,0.003709256820799034,,,,,,,,,
26,0,50,RL_adaptive,XZ,4.192425637905583,0.7900476362887354,0.9289031304440347,0.07109686955596528,13.0,1.0,0.0,0.0,5.0,4.0,0.0,18.0,9.0
26,0,100,Z_only,XZ,4.192425637905583,0.7900476362887354,0.7986811056811929,0.20131889431880712,,,,,,,,,
26,0,100,ZX_split,XZ,4.192425637905583,0.7900476362887354,0.9945740699210689,0.005425930078931107,,,,,,,,,
26,0,100,XYZ_split,XZ,4.192425637905583,0.7900476362887354,0.9829234152723106,0.01707658472768936,,,,,,,,,
26,0,100,ORACLE_plane,XZ,4.192425637905583,0.7900476362887354,0.9955456508924353,0.0044543491075647035,,,,,,,,,
26,0,100,RL_adaptive,XZ,4.192425637905583,0.7900476362887354,0.976486174385673,0.023513825614327022,13.0,0.0,1.0,47.0,15.0,3.0,7.0,0.0,14.0
26,0,250,Z_only,XZ,4.192425637905583,0.7900476362887354,0.7986811056811929,0.20131889431880712,,,,,,,,,
26,0,250,ZX_split,XZ,4.192425637905583,0.7900476362887354,0.9998264426916496,0.00017355730835044714,,,,,,,,,
26,0,250,XYZ_split,XZ,4.192425637905583,0.7900476362887354,0.9949052503903485,0.0050947496096515055,,,,,,,,,
26,0,250,ORACLE_plane,XZ,4.192425637905583,0.7900476362887354,0.9985827041022162,0.0014172958977838324,,,,,,,,,
26,0,250,RL_adaptive,XZ,4.192425637905583,0.7900476362887354,0.982529825616791,0.01747017438320897,23.0,2.0,144.0,12.0,32.0,0.0,1.0,0.0,36.0
26,0,500,Z_only,XZ,4.192425637905583,0.7900476362887354,0.7986811056811929,0.20131889431880712,,,,,,,,,
26,0,500,ZX_split,XZ,4.192425637905583,0.7900476362887354,0.9964652980869145,0.0035347019130854695,,,,,,,,,
26,0,500,XYZ_split,XZ,4.192425637905583,0.7900476362887354,0.99757947308146,0.0024205269185400002,,,,,,,,,
26,0,500,ORACLE_plane,XZ,4.192425637905583,0.7900476362887354,0.9994911602421902,0.0005088397578097981,,,,,,,,,
26,0,500,RL_adaptive,XZ,4.192425637905583,0.7900476362887354,0.9989442338695883,0.001055766130411695,79.0,88.0,136.0,24.0,13.0,49.0,14.0,2.0,95.0
26,1,10,Z_only,XZ,4.192425637905583,0.7900476362887354,0.7986811056811929,0.20131889431880712,,,,,,,,,
26,1,10,ZX_split,XZ,4.192425637905583,0.7900476362887354,0.9902046868289635,0.009795313171036546,,,,,,,,,
26,1,10,XYZ_split,XZ,4.192425637905583,0.7900476362887354,0.9566848586673248,0.04331514133267522,,,,,,,,,
26,1,10,ORACLE_plane,XZ,4.192425637905583,0.7900476362887354,0.9683707315857011,0.03162926841429892,,,,,,,,,
26,1,10,RL_adaptive,XZ,4.192425637905583,0.7900476362887354,0.7363339764337882,0.2636660235662118,6.0,0.0,0.0,0.0,2.0,0.0,0.0,0.0,2.0
26,1,25,Z_only,XZ,4.192425637905583,0.7900476362887354,0.7986811056811929,0.20131889431880712,,,,,,,,,
26,1,25,ZX_split,XZ,4.192425637905583,0.7900476362887354,0.9640466892320542,0.035953310767945834,,,,,,,,,
26,1,25,XYZ_split,XZ,4.192425637905583,0.7900476362887354,0.9059618961131993,0.09403810388680067,,,,,,,,,
26,1,25,ORACLE_plane,XZ,4.192425637905583,0.7900476362887354,0.9979170889729916,0.002082911027008416,,,,,,,,,
26,1,25,RL_adaptive,XZ,4.192425637905583,0.7900476362887354,0.7497191011609052,0.25028089883909477,7.0,0.0,0.0,3.0,2.0,2.0,0.0,9.0,2.0
26,1,50,Z_only,XZ,4.192425637905583,0.7900476362887354,0.7986811056811929,0.20131889431880712,,,,,,,,,
26,1,50,ZX_split,XZ,4.192425637905583,0.7900476362887354,0.996843135740488,0.0031568642595120044,,,,,,,,,
26,1,50,XYZ_split,XZ,4.192425637905583,0.7900476362887354,0.9559389292525935,0.044061070747406506,,,,,,,,,
26,1,50,ORACLE_plane,XZ,4.192425637905583,0.7900476362887354,0.9444478379865361,0.05555216201346391,,,,,,,,,
26,1,50,RL_adaptive,XZ,4.192425637905583,0.7900476362887354,0.9648416803044818,0.03515831969551819,15.0,0.0,0.0,0.0,5.0,2.0,0.0,17.0,11.0
26,1,100,Z_only,XZ,4.192425637905583,0.7900476362887354,0.7986811056811929,0.20131889431880712,,,,,,,,,
26,1,100,ZX_split,XZ,4.192425637905583,0.7900476362887354,0.9855765087163469,0.014423491283653056,,,,,,,,,
26,1,100,XYZ_split,XZ,4.192425637905583,0.7900476362887354,0.9920924071935767,0.00790759280642328,,,,,,,,,
26,1,100,ORACLE_plane,XZ,4.192425637905583,0.7900476362887354,0.9981869765887944,0.0018130234112055943,,,,,,,,,
26,1,100,RL_adaptive,XZ,4.192425637905583,0.7900476362887354,0.9845946574368721,0.015405342563127866,14.0,0.0,0.0,43.0,17.0,3.0,6.0,0.0,17.0
26,1,250,Z_only,XZ,4.192425637905583,0.7900476362887354,0.7986811056811929,0.20131889431880712,,,,,,,,,
26,1,250,ZX_split,XZ,4.192425637905583,0.7900476362887354,0.9996693557355638,0.0003306442644361862,,,,,,,,,
26,1,250,XYZ_split,XZ,4.192425637905583,0.7900476362887354,0.9979535222533232,0.002046477746676767,,,,,,,,,
26,1,250,ORACLE_plane,XZ,4.192425637905583,0.7900476362887354,0.9988029389107581,0.001197061089241891,,,,,,,,,
26,1,250,RL_adaptive,XZ,4.192425637905583,0.7900476362887354,0.9829762151701841,0.017023784829815924,26.0,0.0,144.0,10.0,33.0,1.0,1.0,0.0,35.0
26,1,500,Z_only,XZ,4.192425637905583,0.7900476362887354,0.7986811056811929,0.20131889431880712,,,,,,,,,
26,1,500,ZX_split,XZ,4.192425637905583,0.7900476362887354,0.9997902802518267,0.0002097197481732982,,,,,,,,,
26,1,500,XYZ_split,XZ,4.192425637905583,0.7900476362887354,0.9972686790737386,0.0027313209262613825,,,,,,,,,
26,1,500,ORACLE_plane,XZ,4.192425637905583,0.7900476362887354,0.9998422366962159,0.00015776330378414194,,,,,,,,,
26,1,500,RL_adaptive,XZ,4.192425637905583,0.7900476362887354,0.9945441452390354,0.005455854760964551,75.0,89.0,136.0,25.0,14.0,49.0,16.0,1.0,95.0
26,2,10,Z_only,XZ,4.192425637905583,0.7900476362887354,0.7986811056811929,0.20131889431880712,,,,,,,,,
26,2,10,ZX_split,XZ,4.192425637905583,0.7900476362887354,0.8313979429380043,0.1686020570619957,,,,,,,,,
26,2,10,XYZ_split,XZ,4.192425637905583,0.7900476362887354,0.9346323446943492,0.06536765530565081,,,,,,,,,
26,2,10,ORACLE_plane,XZ,4.192425637905583,0.7900476362887354,0.9683707315857011,0.03162926841429892,,,,,,,,,
26,2,10,RL_adaptive,XZ,4.192425637905583,0.7900476362887354,0.9116464933935228,0.08835350660647723,5.0,0.0,0.0,0.0,2.0,0.0,0.0,1.0,2.0
26,2,25,Z_only,XZ,4.192425637905583,0.7900476362887354,0.7986811056811929,0.20131889431880712,,,,,,,,,
26,2,25,ZX_split,XZ,4.192425637905583,0.7900476362887354,0.9886003195618344,0.011399680438165638,,,,,,,,,
26,2,25,XYZ_split,XZ,4.192425637905583,0.7900476362887354,0.9623580982567844,0.03764190174321558,,,,,,,,,
26,2,25,ORACLE_plane,XZ,4.192425637905583,0.7900476362887354,0.9916301769648064,0.008369823035193624,,,,,,,,,
26,2,25,RL_adaptive,XZ,4.192425637905583,0.7900476362887354,0.8688045146229231,0.13119548537707693,10.0,0.0,1.0,1.0,4.0,2.0,0.0,2.0,5.0
26,2,50,Z_only,XZ,4.192425637905583,0.7900476362887354,0.7986811056811929,0.20131889431880712,,,,,,,,,
26,2,50,ZX_split,XZ,4.192425637905583,0.7900476362887354,0.9961310122904711,0.003868987709528926,,,,,,,,,
26,2,50,XYZ_split,XZ,4.192425637905583,0.7900476362887354,0.9896182810010757,0.01038171899892426,,,,,,,,,
26,2,50,ORACLE_plane,XZ,4.192425637905583,0.7900476362887354,0.994956387762342,0.005043612237658035,,,,,,,,,
26,2,50,RL_adaptive,XZ,4.192425637905583,0.7900476362887354,0.9201859399382532,0.07981406006174685,13.0,1.0,0.0,0.0,5.0,1.0,0.0,20.0,10.0
26,2,100,Z_only,XZ,4.192425637905583,0.7900476362887354,0.7986811056811929,0.20131889431880712,,,,,,,,,
26,2,100,ZX_split,XZ,4.192425637905583,0.7900476362887354,0.9947636741350739,0.005236325864926061,,,,,,,,,
26,2,100,XYZ_split,XZ,4.192425637905583,0.7900476362887354,0.9690068856171222,0.030993114382877773,,,,,,,,,
26,2,100,ORACLE_plane,XZ,4.192425637905583,0.7900476362887354,0.9983305679584826,0.0016694320415173713,,,,,,,,,
26,2,100,RL_adaptive,XZ,4.192425637905583,0.7900476362887354,0.9804425446155302,0.019557455384469846,11.0,2.0,2.0,44.0,14.0,5.0,10.0,0.0,12.0
26,2,250,Z_only,XZ,4.192425637905583,0.7900476362887354,0.7986811056811929,0.20131889431880712,,,,,,,,,
26,2,250,ZX_split,XZ,4.192425637905583,0.7900476362887354,0.9995617034050788,0.0004382965949212281,,,,,,,,,
26,2,250,XYZ_split,XZ,4.192425637905583,0.7900476362887354,0.9954265689340602,0.00457343106593977,,,,,,,,,
26,2,250,ORACLE_plane,XZ,4.192425637905583,0.7900476362887354,0.9999863387521593,1.3661247840746071e-05,,,,,,,,,
26,2,250,RL_adaptive,XZ,4.192425637905583,0.7900476362887354,0.9801107258693516,0.01988927413064845,30.0,0.0,136.0,5.0,38.0,0.0,0.0,0.0,41.0
26,2,500,Z_only,XZ,4.192425637905583,0.7900476362887354,0.7986811056811929,0.20131889431880712,,,,,,,,,
26,2,500,ZX_split,XZ,4.192425637905583,0.7900476362887354,0.9997934872407376,0.00020651275926242274,,,,,,,,,
26,2,500,XYZ_split,XZ,4.192425637905583,0.7900476362887354,0.9957977267627767,0.004202273237223331,,,,,,,,,
26,2,500,ORACLE_plane,XZ,4.192425637905583,0.7900476362887354,0.9994671956303801,0.0005328043696198881,,,,,,,,,
26,2,500,RL_adaptive,XZ,4.192425637905583,0.7900476362887354,0.9979166698535025,0.0020833301464975307,70.0,92.0,139.0,26.0,12.0,51.0,18.0,2.0,90.0
26,3,10,Z_only,XZ,4.192425637905583,0.7900476362887354,0.7986811056811929,0.20131889431880712,,,,,,,,,
26,3,10,ZX_split,XZ,4.192425637905583,0.7900476362887354,0.8631842408197881,0.13681575918021194,,,,,,,,,
26,3,10,XYZ_split,XZ,4.192425637905583,0.7900476362887354,0.8994890815823847,0.10051091841761528,,,,,,,,,
26,3,10,ORACLE_plane,XZ,4.192425637905583,0.7900476362887354,0.9362662297962528,0.06373377020374715,,,,,,,,,
26,3,10,RL_adaptive,XZ,4.192425637905583,0.7900476362887354,0.6650468053558326,0.3349531946441674,4.0,0.0,0.0,0.0,2.0,0.0,0.0,2.0,2.0
26,3,25,Z_only,XZ,4.192425637905583,0.7900476362887354,0.7986811056811929,0.20131889431880712,,,,,,,,,
26,3,25,ZX_split,XZ,4.192425637905583,0.7900476362887354,0.9901600086132192,0.009839991386780822,,,,,,,,,
26,3,25,XYZ_split,XZ,4.192425637905583,0.7900476362887354,0.8279050515364176,0.17209494846358242,,,,,,,,,
26,3,25,ORACLE_plane,XZ,4.192425637905583,0.7900476362887354,0.9921775173334879,0.007822482666512087,,,,,,,,,
26,3,25,RL_adaptive,XZ,4.192425637905583,0.7900476362887354,0.8301344157090997,0.16986558429090026,11.0,0.0,0.0,2.0,4.0,0.0,0.0,0.0,8.0
26,3,50,Z_only,XZ,4.192425637905583,0.7900476362887354,0.7986811056811929,0.20131889431880712,,,,,,,,,
26,3,50,ZX_split,XZ,4.192425637905583,0.7900476362887354,0.9926707669217801,0.007329233078219866,,,,,,,,,
26,3,50,XYZ_split,XZ,4.192425637905583,0.7900476362887354,0.9699582944096554,0.03004170559034458,,,,,,,,,
26,3,50,ORACLE_plane,XZ,4.192425637905583,0.7900476362887354,0.9915667514572941,0.008433248542705885,,,,,,,,,
26,3,50,RL_adaptive,XZ,4.192425637905583,0.7900476362887354,0.9801997501368124,0.019800249863187624,14.0,0.0,0.0,0.0,6.0,0.0,0.0,19.0,11.0
26,3,100,Z_only,XZ,4.192425637905583,0.7900476362887354,0.7986811056811929,0.20131889431880712,,,,,,,,,
26,3,100,ZX_split,XZ,4.192425637905583,0.7900476362887354,0.9993461425563313,0.0006538574436687483,,,,,,,,,
26,3,100,XYZ_split,XZ,4.192425637905583,0.7900476362887354,0.9824850062560659,0.01751499374393406,,,,,,,,,
26,3,100,ORACLE_plane,XZ,4.192425637905583,0.7900476362887354,0.9988085000477124,0.0011914999522876224,,,,,,,,,
26,3,100,RL_adaptive,XZ,4.192425637905583,0.7900476362887354,0.9213975464488863,0.07860245355111373,14.0,0.0,2.0,44.0,16.0,3.0,6.0,0.0,15.0
26,3,250,Z_only,XZ,4.192425637905583,0.7900476362887354,0.7986811056811929,0.20131889431880712,,,,,,,,,
26,3,250,ZX_split,XZ,4.192425637905583,0.7900476362887354,0.9984111563122929,0.0015888436877070644,,,,,,,,,
26,3,250,XYZ_split,XZ,4.192425637905583,0.7900476362887354,0.9971444256880091,0.002855574311990905,,,,,,,,,
26,3,250,ORACLE_plane,XZ,4.192425637905583,0.7900476362887354,0.9966814405212996,0.0033185594787004113,,,,,,,,,
26,3,250,RL_adaptive,XZ,4.192425637905583,0.7900476362887354,0.9748392715201842,0.025160728479815764,24.0,0.0,145.0,12.0,32.0,0.0,1.0,0.0,36.0
26,3,500,Z_only,XZ,4.192425637905583,0.7900476362887354,0.7986811056811929,0.20131889431880712,,,,,,,,,
26,3,500,ZX_split,XZ,4.192425637905583,0.7900476362887354,0.9995276399021362,0.00047236009786377764,,,,,,,,,
26,3,500,XYZ_split,XZ,4.192425637905583,0.7900476362887354,0.9962013745690648,0.003798625430935232,,,,,,,,,
26,3,500,ORACLE_plane,XZ,4.192425637905583,0.7900476362887354,0.9993994282308506,0.000600571769149405,,,,,,,,,
26,3,500,RL_adaptive,XZ,4.192425637905583,0.7900476362887354,0.9965190955343609,0.0034809044656390897,89.0,80.0,130.0,20.0,21.0,43.0,10.0,0.0,107.0
26,4,10,Z_only,XZ,4.192425637905583,0.7900476362887354,0.7986811056811929,0.20131889431880712,,,,,,,,,
26,4,10,ZX_split,XZ,4.192425637905583,0.7900476362887354,0.9824839532559294,0.01751604674407059,,,,,,,,,
26,4,10,XYZ_split,XZ,4.192425637905583,0.7900476362887354,0.749012174956892,0.250987825043108,,,,,,,,,
26,4,10,ORACLE_plane,XZ,4.192425637905583,0.7900476362887354,0.9316438831283946,0.06835611687160537,,,,,,,,,
26,4,10,RL_adaptive,XZ,4.192425637905583,0.7900476362887354,0.48594740100399186,0.5140525989960081,2.0,0.0,2.0,1.0,2.0,0.0,0.0,1.0,2.0
26,4,25,Z_only,XZ,4.192425637905583,0.7900476362887354,0.7986811056811929,0.20131889431880712,,,,,,,,,
26,4,25,ZX_split,XZ,4.192425637905583,0.7900476362887354,0.9922531091636071,0.007746890836392906,,,,,,,,,
26,4,25,XYZ_split,XZ,4.192425637905583,0.7900476362887354,0.9517637121988731,0.048236287801126876,,,,,,,,,
26,4,25,ORACLE_plane,XZ,4.192425637905583,0.7900476362887354,0.9962596202734778,0.0037403797265221916,,,,,,,,,
26,4,25,RL_adaptive,XZ,4.192425637905583,0.7900476362887354,0.9522325355526083,0.04776746444739166,8.0,0.0,1.0,2.0,4.0,3.0,0.0,4.0,3.0
26,4,50,Z_only,XZ,4.192425637905583,0.7900476362887354,0.7986811056811929,0.20131889431880712,,,,,,,,,
26,4,50,ZX_split,XZ,4.192425637905583,0.7900476362887354,0.9967139364282092,0.0032860635717908426,,,,,,,,,
26,4,50,XYZ_split,XZ,4.192425637905583,0.7900476362887354,0.9758444088498778,0.024155591150122224,,,,,,,,,
26,4,50,ORACLE_plane,XZ,4.192425637905583,0.7900476362887354,0.9648701327939319,0.035129867206068144,,,,,,,,,
26,4,50,RL_adaptive,XZ,4.192425637905583,0.7900476362887354,0.974124289727709,0.025875710272290964,14.0,0.0,0.0,0.0,6.0,2.0,0.0,18.0,10.0
26,4,100,Z_only,XZ,4.192425637905583,0.7900476362887354,0.7986811056811929,0.20131889431880712,,,,,,,,,
26,4,100,ZX_split,XZ,4.192425637905583,0.7900476362887354,0.9833722454463846,0.016627754553615426,,,,,,,,,
26,4,100,XYZ_split,XZ,4.192425637905583,0.7900476362887354,0.9796798255252199,0.020320174474780073,,,,,,,,,
26,4,100,ORACLE_plane,XZ,4.192425637905583,0.7900476362887354,0.9893491864656278,0.01065081353437225,,,,,,,,,
26,4,100,RL_adaptive,XZ,4.192425637905583,0.7900476362887354,0.9830275342647492,0.016972465735250797,12.0,2.0,2.0,44.0,14.0,4.0,8.0,1.0,13.0
26,4,250,Z_only,XZ,4.192425637905583,0.7900476362887354,0.7986811056811929,0.20131889431880712,,,,,,,,,
26,4,250,ZX_split,XZ,4.192425637905583,0.7900476362887354,0.9983490513013005,0.001650948698699528,,,,,,,,,
26,4,250,XYZ_split,XZ,4.192425637905583,0.7900476362887354,0.9889993579830205,0.011000642016979478,,,,,,,,,
26,4,250,ORACLE_plane,XZ,4.192425637905583,0.7900476362887354,0.9977796705808054,0.002220329419194589,,,,,,,,,
26,4,250,RL_adaptive,XZ,4.192425637905583,0.7900476362887354,0.9855475537619014,0.014452446238098604,27.0,0.0,144.0,11.0,32.0,0.0,1.0,0.0,35.0
26,4,500,Z_only,XZ,4.192425637905583,0.7900476362887354,0.7986811056811929,0.20131889431880712,,,,,,,,,
26,4,500,ZX_split,XZ,4.192425637905583,0.7900476362887354,0.9998268861568977,0.0001731138431022572,,,,,,,,,
26,4,500,XYZ_split,XZ,4.192425637905583,0.7900476362887354,0.9991108736546372,0.0008891263453627563,,,,,,,,,
26,4,500,ORACLE_plane,XZ,4.192425637905583,0.7900476362887354,0.9997701406332685,0.00022985936673147744,,,,,,,,,
26,4,500,RL_adaptive,XZ,4.192425637905583,0.7900476362887354,0.9951731504394093,0.004826849560590651,75.0,86.0,139.0,25.0,16.0,49.0,16.0,0.0,94.0
27,0,10,Z_only,XZ,3.710588870138048,5.406799309750136,0.6803095926406117,0.31969040735938825,,,,,,,,,
27,0,10,ZX_split,XZ,3.710588870138048,5.406799309750136,0.9977280099396735,0.002271990060326523,,,,,,,,,
27,0,10,XYZ_split,XZ,3.710588870138048,5.406799309750136,0.8074165108051434,0.19258348919485657,,,,,,,,,
27,0,10,ORACLE_plane,XZ,3.710588870138048,5.406799309750136,0.9248574003412104,0.07514259965878956,,,,,,,,,
27,0,10,RL_adaptive,XZ,3.710588870138048,5.406799309750136,0.7972354251893073,0.20276457481069265,5.0,0.0,0.0,0.0,3.0,0.0,0.0,0.0,2.0
27,0,25,Z_only,XZ,3.710588870138048,5.406799309750136,0.6803095926406117,0.31969040735938825,,,,,,,,,
27,0,25,ZX_split,XZ,3.710588870138048,5.406799309750136,0.9806187543556536,0.0193812456443464,,,,,,,,,
27,0,25,XYZ_split,XZ,3.710588870138048,5.406799309750136,0.8847761652378741,0.11522383476212594,,,,,,,,,
27,0,25,ORACLE_plane,XZ,3.710588870138048,5.406799309750136,0.9734406167527743,0.026559383247225732,,,,,,,,,
27,0,25,RL_adaptive,XZ,3.710588870138048,5.406799309750136,0.9154369691848009,0.08456303081519911,9.0,0.0,0.0,0.0,2.0,3.0,0.0,8.0,3.0
27,0,50,Z_only,XZ,3.710588870138048,5.406799309750136,0.6803095926406117,0.31969040735938825,,,,,,,,,
27,0,50,ZX_split,XZ,3.710588870138048,5.406799309750136,0.9958867575198871,0.004113242480112911,,,,,,,,,
27,0,50,XYZ_split,XZ,3.710588870138048,5.406799309750136,0.9344177448701416,0.06558225512985838,,,,,,,,,
27,0,50,ORACLE_plane,XZ,3.710588870138048,5.406799309750136,0.922744951219997,0.077255048780003,,,,,,,,,
27,0,50,RL_adaptive,XZ,3.710588870138048,5.406799309750136,0.962616692880334,0.037383307119665976,12.0,1.0,0.0,0.0,7.0,3.0,0.0,19.0,8.0
27,0,100,Z_only,XZ,3.710588870138048,5.406799309750136,0.6803095926406117,0.31969040735938825,,,,,,,,,
27,0,100,ZX_split,XZ,3.710588870138048,5.406799309750136,0.9997030856069261,0.00029691439307388823,,,,,,,,,
27,0,100,XYZ_split,XZ,3.710588870138048,5.406799309750136,0.9827472932286248,0.017252706771375248,,,,,,,,,
27,0,100,ORACLE_plane,XZ,3.710588870138048,5.406799309750136,0.9992029388410012,0.0007970611589988019,,,,,,,,,
27,0,100,RL_adaptive,XZ,3.710588870138048,5.406799309750136,0.9804984012368549,0.019501598763145056,13.0,0.0,6.0,41.0,15.0,1.0,7.0,0.0,17.0
27,0,250,Z_only,XZ,3.710588870138048,5.406799309750136,0.6803095926406117,0.31969040735938825,,,,,,,,,
27,0,250,ZX_split,XZ,3.710588870138048,5.406799309750136,0.9997780611482091,0.00022193885179089268,,,,,,,,,
27,0,250,XYZ_split,XZ,3.710588870138048,5.406799309750136,0.9870612783752276,0.012938721624772387,,,,,,,,,
27,0,250,ORACLE_plane,XZ,3.710588870138048,5.406799309750136,0.997663151079609,0.002336848920390988,,,,,,,,,
27,0,250,RL_adaptive,XZ,3.710588870138048,5.406799309750136,0.997791757995348,0.0022082420046519724,21.0,1.0,146.0,12.0,34.0,0.0,0.0,0.0,36.0
27,0,500,Z_only,XZ,3.710588870138048,5.406799309750136,0.6803095926406117,0.31969040735938825,,,,,,,,,
27,0,500,ZX_split,XZ,3.710588870138048,5.406799309750136,0.9996999800586092,0.0003000199413908389,,,,,,,,,
27,0,500,XYZ_split,XZ,3.710588870138048,5.406799309750136,0.9939161280463183,0.006083871953681652,,,,,,,,,
27,0,500,ORACLE_plane,XZ,3.710588870138048,5.406799309750136,0.9989993482596716,0.0010006517403283732,,,,,,,,,
27,0,500,RL_adaptive,XZ,3.710588870138048,5.406799309750136,0.9988272200551767,0.0011727799448233434,102.0,68.0,139.0,2.0,31.0,41.0,8.0,0.0,109.0
27,1,10,Z_only,XZ,3.710588870138048,5.406799309750136,0.6803095926406117,0.31969040735938825,,,,,,,,,
27,1,10,ZX_split,XZ,3.710588870138048,5.406799309750136,0.9977280099396735,0.002271990060326523,,,,,,,,,
27,1,10,XYZ_split,XZ,3.710588870138048,5.406799309750136,0.8710774100259666,0.12892258997403339,,,,,,,,,
27,1,10,ORACLE_plane,XZ,3.710588870138048,5.406799309750136,0.7234628336469913,0.27653716635300873,,,,,,,,,
27,1,10,RL_adaptive,XZ,3.710588870138048,5.406799309750136,0.7254441401953149,0.2745558598046851,4.0,0.0,0.0,0.0,2.0,0.0,0.0,2.0,2.0
27,1,25,Z_only,XZ,3.710588870138048,5.406799309750136,0.6803095926406117,0.31969040735938825,,,,,,,,,
27,1,25,ZX_split,XZ,3.710588870138048,5.406799309750136,0.9981784011517681,0.0018215988482318535,,,,,,,,,
27,1,25,XYZ_split,XZ,3.710588870138048,5.406799309750136,0.8835568447948887,0.11644315520511128,,,,,,,,,
27,1,25,ORACLE_plane,XZ,3.710588870138048,5.406799309750136,0.8460117406788396,0.15398825932116045,,,,,,,,,
27,1,25,RL_adaptive,XZ,3.710588870138048,5.406799309750136,0.8171572116095439,0.1828427883904561,12.0,0.0,0.0,0.0,3.0,1.0,0.0,6.0,3.0
27,1,50,Z_only,XZ,3.710588870138048,5.406799309750136,0.6803095926406117,0.31969040735938825,,,,,,,,,
27,1,50,ZX_split,XZ,3.710588870138048,5.406799309750136,0.9959356729538462,0.004064327046153782,,,,,,,,,
27,1,50,XYZ_split,XZ,3.710588870138048,5.406799309750136,0.9907108582683155,0.009289141731684492,,,,,,,,,
27,1,50,ORACLE_plane,XZ,3.710588870138048,5.406799309750136,0.9922979493742929,0.0077020506257070576,,,,,,,,,
27,1,50,RL_adaptive,XZ,3.710588870138048,5.406799309750136,0.9514966363392419,0.048503363660758136,16.0,0.0,0.0,0.0,6.0,3.0,0.0,14.0,11.0
27,1,100,Z_only,XZ,3.710588870138048,5.406799309750136,0.6803095926406117,0.31969040735938825,,,,,,,,,
27,1,100,ZX_split,XZ,3.710588870138048,5.406799309750136,0.9938410047011049,0.006158995298895076,,,,,,,,,
27,1,100,XYZ_split,XZ,3.710588870138048,5.406799309750136,0.9953345216056094,0.004665478394390576,,,,,,,,,
27,1,100,ORACLE_plane,XZ,3.710588870138048,5.406799309750136,0.9962082097463223,0.003791790253677707,,,,,,,,,
27,1,100,RL_adaptive,XZ,3.710588870138048,5.406799309750136,0.9796586766944195,0.020341323305580472,9.0,4.0,9.0,40.0,11.0,2.0,12.0,4.0,9.0
27,1,250,Z_only,XZ,3.710588870138048,5.406799309750136,0.6803095926406117,0.31969040735938825,,,,,,,,,
27,1,250,ZX_split,XZ,3.710588870138048,5.406799309750136,0.9991197173955153,0.0008802826044846945,,,,,,,,,
27,1,250,XYZ_split,XZ,3.710588870138048,5.406799309750136,0.9982567616778693,0.0017432383221307468,,,,,,,,,
27,1,250,ORACLE_plane,XZ,3.710588870138048,5.406799309750136,0.9990698853437957,0.000930114656204295,,,,,,,,,
27,1,250,RL_adaptive,XZ,3.710588870138048,5.406799309750136,0.9785756826241764,0.02142431737582362,23.0,1.0,146.0,6.0,35.0,0.0,0.0,1.0,38.0
27,1,500,Z_only,XZ,3.710588870138048,5.406799309750136,0.6803095926406117,0.31969040735938825,,,,,,,,,
27,1,500,ZX_split,XZ,3.710588870138048,5.406799309750136,0.9989972047059266,0.001002795294073433,,,,,,,,,
27,1,500,XYZ_split,XZ,3.710588870138048,5.406799309750136,0.9984484406850455,0.0015515593149545426,,,,,,,,,
27,1,500,ORACLE_plane,XZ,3.710588870138048,5.406799309750136,0.999448791088606,0.000551208911394041,,,,,,,,,
27,1,500,RL_adaptive,XZ,3.710588870138048,5.406799309750136,0.991313540614834,0.00868645938516599,107.0,69.0,137.0,2.0,27.0,41.0,5.0,1.0,111.0
27,2,10,Z_only,XZ,3.710588870138048,5.406799309750136,0.6803095926406117,0.31969040735938825,,,,,,,,,
27,2,10,ZX_split,XZ,3.710588870138048,5.406799309750136,0.960710217519623,0.039289782480376956,,,,,,,,,
27,2,10,XYZ_split,XZ,3.710588870138048,5.406799309750136,0.7575622130635308,0.24243778693646922,,,,,,,,,
27,2,10,ORACLE_plane,XZ,3.710588870138048,5.406799309750136,0.9824905762647613,0.01750942373523867,,,,,,,,,
27,2,10,RL_adaptive,XZ,3.710588870138048,5.406799309750136,0.28142396328258085,0.7185760367174192,3.0,1.0,0.0,0.0,2.0,0.0,0.0,2.0,2.0
27,2,25,Z_only,XZ,3.710588870138048,5.406799309750136,0.6803095926406117,0.31969040735938825,,,,,,,,,
27,2,25,ZX_split,XZ,3.710588870138048,5.406799309750136,0.9625207504807666,0.037479249519233426,,,,,,,,,
27,2,25,XYZ_split,XZ,3.710588870138048,5.406799309750136,0.9671711652724785,0.032828834727521516,,,,,,,,,
27,2,25,ORACLE_plane,XZ,3.710588870138048,5.406799309750136,0.9562840286148028,0.04371597138519723,,,,,,,,,
27,2,25,RL_adaptive,XZ,3.710588870138048,5.406799309750136,0.9389459569513113,0.061054043048688666,10.0,0.0,0.0,1.0,2.0,1.0,0.0,7.0,4.0
27,2,50,Z_only,XZ,3.710588870138048,5.406799309750136,0.6803095926406117,0.31969040735938825,,,,,,,,,
27,2,50,ZX_split,XZ,3.710588870138048,5.406799309750136,0.9883774119376674,0.011622588062332628,,,,,,,,,
27,2,50,XYZ_split,XZ,3.710588870138048,5.406799309750136,0.9361990939375787,0.06380090606242128,,,,,,,,,
27,2,50,ORACLE_plane,XZ,3.710588870138048,5.406799309750136,0.989193350955736,0.010806649044263983,,,,,,,,,
27,2,50,RL_adaptive,XZ,3.710588870138048,5.406799309750136,0.9544881426673042,0.045511857332695804,11.0,2.0,0.0,0.0,5.0,4.0,0.0,19.0,9.0
27,2,100,Z_only,XZ,3.710588870138048,5.406799309750136,0.6803095926406117,0.31969040735938825,,,,,,,,,
27,2,100,ZX_split,XZ,3.710588870138048,5.406799309750136,0.9933583111350788,0.006641688864921225,,,,,,,,,
27,2,100,XYZ_split,XZ,3.710588870138048,5.406799309750136,0.9643848184135901,0.03561518158640986,,,,,,,,,
27,2,100,ORACLE_plane,XZ,3.710588870138048,5.406799309750136,0.9971639761837482,0.002836023816251809,,,,,,,,,
27,2,100,RL_adaptive,XZ,3.710588870138048,5.406799309750136,0.9163758508220392,0.0836241491779608,12.0,2.0,3.0,43.0,15.0,2.0,10.0,0.0,13.0
27,2,250,Z_only,XZ,3.710588870138048,5.406799309750136,0.6803095926406117,0.31969040735938825,,,,,,,,,
27,2,250,ZX_split,XZ,3.710588870138048,5.406799309750136,0.9974154374931127,0.0025845625068873224,,,,,,,,,
27,2,250,XYZ_split,XZ,3.710588870138048,5.406799309750136,0.9939326197933728,0.0060673802066272264,,,,,,,,,
27,2,250,ORACLE_plane,XZ,3.710588870138048,5.406799309750136,0.9937905892123806,0.006209410787619385,,,,,,,,,
27,2,250,RL_adaptive,XZ,3.710588870138048,5.406799309750136,0.9316854877256706,0.06831451227432939,18.0,0.0,156.0,8.0,33.0,0.0,0.0,0.0,35.0
27,2,500,Z_only,XZ,3.710588870138048,5.406799309750136,0.6803095926406117,0.31969040735938825,,,,,,,,,
27,2,500,ZX_split,XZ,3.710588870138048,5.406799309750136,0.9998235078447822,0.00017649215521775563,,,,,,,,,
27,2,500,XYZ_split,XZ,3.710588870138048,5.406799309750136,0.9968383002336411,0.0031616997663589386,,,,,,,,,
27,2,500,ORACLE_plane,XZ,3.710588870138048,5.406799309750136,0.9996034424506576,0.0003965575493424245,,,,,,,,,
27,2,500,RL_adaptive,XZ,3.710588870138048,5.406799309750136,0.9998741742251698,0.00012582577483022384,102.0,69.0,142.0,2.0,31.0,41.0,6.0,0.0,107.0
27,3,10,Z_only,XZ,3.710588870138048,5.406799309750136,0.6803095926406117,0.31969040735938825,,,,,,,,,
27,3,10,ZX_split,XZ,3.710588870138048,5.406799309750136,0.9638759781087539,0.03612402189124608,,,,,,,,,
27,3,10,XYZ_split,XZ,3.710588870138048,5.406799309750136,0.7729557608843046,0.22704423911569538,,,,,,,,,
27,3,10,ORACLE_plane,XZ,3.710588870138048,5.406799309750136,0.9824905762647613,0.01750942373523867,,,,,,,,,
27,3,10,RL_adaptive,XZ,3.710588870138048,5.406799309750136,0.7368034398274411,0.2631965601725589,5.0,0.0,0.0,0.0,3.0,0.0,0.0,0.0,2.0
27,3,25,Z_only,XZ,3.710588870138048,5.406799309750136,0.6803095926406117,0.31969040735938825,,,,,,,,,
27,3,25,ZX_split,XZ,3.710588870138048,5.406799309750136,0.9865159390558966,0.013484060944103371,,,,,,,,,
27,3,25,XYZ_split,XZ,3.710588870138048,5.406799309750136,0.882551649543015,0.11744835045698498,,,,,,,,,
27,3,25,ORACLE_plane,XZ,3.710588870138048,5.406799309750136,0.9669709045302609,0.03302909546973909,,,,,,,,,
27,3,25,RL_adaptive,XZ,3.710588870138048,5.406799309750136,0.9860882563054962,0.013911743694503764,11.0,0.0,0.0,0.0,2.0,3.0,0.0,7.0,2.0
27,3,50,Z_only,XZ,3.710588870138048,5.406799309750136,0.6803095926406117,0.31969040735938825,,,,,,,,,
27,3,50,ZX_split,XZ,3.710588870138048,5.406799309750136,0.9824286998052904,0.01757130019470965,,,,,,,,,
27,3,50,XYZ_split,XZ,3.710588870138048,5.406799309750136,0.9719882202627429,0.028011779737257103,,,,,,,,,
27,3,50,ORACLE_plane,XZ,3.710588870138048,5.406799309750136,0.9997476405276635,0.00025235947233648304,,,,,,,,,
27,3,50,RL_adaptive,XZ,3.710588870138048,5.406799309750136,0.9865583375324609,0.013441662467539084,15.0,0.0,0.0,0.0,6.0,3.0,0.0,16.0,10.0
27,3,100,Z_only,XZ,3.710588870138048,5.406799309750136,0.6803095926406117,0.31969040735938825,,,,,,,,,
27,3,100,ZX_split,XZ,3.710588870138048,5.406799309750136,0.9909869167946256,0.009013083205374417,,,,,,,,,
27,3,100,XYZ_split,XZ,3.710588870138048,5.406799309750136,0.9623130752935148,0.03768692470648516,,,,,,,,,
27,3,100,ORACLE_plane,XZ,3.710588870138048,5.406799309750136,0.9975720040601811,0.0024279959398189055,,,,,,,,,
27,3,100,RL_adaptive,XZ,3.710588870138048,5.406799309750136,0.9619840686482952,0.03801593135170478,8.0,5.0,7.0,41.0,11.0,5.0,13.0,3.0,7.0
27,3,250,Z_only,XZ,3.710588870138048,5.406799309750136,0.6803095926406117,0.31969040735938825,,,,,,,,,
27,3,250,ZX_split,XZ,3.710588870138048,5.406799309750136,0.9987477486852355,0.0012522513147644743,,,,,,,,,
27,3,250,XYZ_split,XZ,3.710588870138048,5.406799309750136,0.9883677361772194,0.011632263822780597,,,,,,,,,
27,3,250,ORACLE_plane,XZ,3.710588870138048,5.406799309750136,0.9992155167013319,0.0007844832986680927,,,,,,,,,
27,3,250,RL_adaptive,XZ,3.710588870138048,5.406799309750136,0.9862014775549804,0.013798522445019556,26.0,0.0,140.0,3.0,41.0,0.0,0.0,0.0,40.0
27,3,500,Z_only,XZ,3.710588870138048,5.406799309750136,0.6803095926406117,0.31969040735938825,,,,,,,,,
27,3,500,ZX_split,XZ,3.710588870138048,5.406799309750136,0.9992806172499331,0.0007193827500668881,,,,,,,,,
27,3,500,XYZ_split,XZ,3.710588870138048,5.406799309750136,0.9955303791853812,0.004469620814618769,,,,,,,,,
27,3,500,ORACLE_plane,XZ,3.710588870138048,5.406799309750136,0.9994113169463384,0.0005886830536615539,,,,,,,,,
27,3,500,RL_adaptive,XZ,3.710588870138048,5.406799309750136,0.9975232266504138,0.002476773349586181,90.0,82.0,138.0,8.0,14.0,51.0,17.0,5.0,95.0
27,4,10,Z_only,XZ,3.710588870138048,5.406799309750136,0.6803095926406117,0.31969040735938825,,,,,,,,,
27,4,10,ZX_split,XZ,3.710588870138048,5.406799309750136,0.9572661840868948,0.04273381591310521,,,,,,,,,
27,4,10,XYZ_split,XZ,3.710588870138048,5.406799309750136,0.8685795887313087,0.1314204112686913,,,,,,,,,
27,4,10,ORACLE_plane,XZ,3.710588870138048,5.406799309750136,0.960710217519623,0.039289782480376956,,,,,,,,,
27,4,10,RL_adaptive,XZ,3.710588870138048,5.406799309750136,0.9796943445284018,0.02030565547159824,5.0,1.0,0.0,0.0,2.0,0.0,0.0,0.0,2.0
27,4,25,Z_only,XZ,3.710588870138048,5.406799309750136,0.6803095926406117,0.31969040735938825,,,,,,,,,
27,4,25,ZX_split,XZ,3.710588870138048,5.406799309750136,0.9571662996024386,0.0428337003975614,,,,,,,,,
27,4,25,XYZ_split,XZ,3.710588870138048,5.406799309750136,0.9446204166891151,0.05537958331088488,,,,,,,,,
27,4,25,ORACLE_plane,XZ,3.710588870138048,5.406799309750136,0.9960520880134296,0.003947911986570407,,,,,,,,,
27,4,25,RL_adaptive,XZ,3.710588870138048,5.406799309750136,0.9464985434870746,0.05350145651292537,8.0,0.0,1.0,1.0,2.0,2.0,0.0,8.0,3.0
27,4,50,Z_only,XZ,3.710588870138048,5.406799309750136,0.6803095926406117,0.31969040735938825,,,,,,,,,
27,4,50,ZX_split,XZ,3.710588870138048,5.406799309750136,0.9948600747706385,0.005139925229361464,,,,,,,,,
27,4,50,XYZ_split,XZ,3.710588870138048,5.406799309750136,0.9472421007099188,0.052757899290081234,,,,,,,,,
27,4,50,ORACLE_plane,XZ,3.710588870138048,5.406799309750136,0.9874247462596105,0.01257525374038948,,,,,,,,,
27,4,50,RL_adaptive,XZ,3.710588870138048,5.406799309750136,0.8747278898305908,0.1252721101694092,15.0,0.0,0.0,0.0,6.0,3.0,0.0,15.0,11.0
27,4,100,Z_only,XZ,3.710588870138048,5.406799309750136,0.6803095926406117,0.31969040735938825,,,,,,,,,
27,4,100,ZX_split,XZ,3.710588870138048,5.406799309750136,0.9976093524251485,0.0023906475748515232,,,,,,,,,
27,4,100,XYZ_split,XZ,3.710588870138048,5.406799309750136,0.9413008699550953,0.05869913004490468,,,,,,,,,
27,4,100,ORACLE_plane,XZ,3.710588870138048,5.406799309750136,0.9883158385405121,0.011684161459487918,,,,,,,,,
27,4,100,RL_adaptive,XZ,3.710588870138048,5.406799309750136,0.954858929735549,0.04514107026445102,9.0,4.0,6.0,43.0,10.0,5.0,11.0,2.0,10.0
27,4,250,Z_only,XZ,3.710588870138048,5.406799309750136,0.6803095926406117,0.31969040735938825,,,,,,,,,
27,4,250,ZX_split,XZ,3.710588870138048,5.406799309750136,0.9993003276988474,0.0006996723011526429,,,,,,,,,
27,4,250,XYZ_split,XZ,3.710588870138048,5.406799309750136,0.9976109678476107,0.002389032152389281,,,,,,,,,
27,4,250,ORACLE_plane,XZ,3.710588870138048,5.406799309750136,0.9999456117186074,5.438828139259222e-05,,,,,,,,,
27,4,250,RL_adaptive,XZ,3.710588870138048,5.406799309750136,0.9796166822776019,0.020383317722398098,19.0,2.0,149.0,12.0,34.0,0.0,1.0,0.0,33.0
27,4,500,Z_only,XZ,3.710588870138048,5.406799309750136,0.6803095926406117,0.31969040735938825,,,,,,,,,
27,4,500,ZX_split,XZ,3.710588870138048,5.406799309750136,0.9997290542737898,0.0002709457262102255,,,,,,,,,
27,4,500,XYZ_split,XZ,3.710588870138048,5.406799309750136,0.9999408656011552,5.9134398844751246e-05,,,,,,,,,
27,4,500,ORACLE_plane,XZ,3.710588870138048,5.406799309750136,0.9999569270656821,4.3072934317933687e-05,,,,,,,,,
27,4,500,RL_adaptive,XZ,3.710588870138048,5.406799309750136,0.9950081056074769,0.004991894392523122,96.0,73.0,137.0,5.0,26.0,45.0,13.0,0.0,105.0
28,0,10,Z_only,YZ,4.351906534522325,2.4509719241716827,0.7922038206847198,0.20779617931528016,,,,,,,,,
28,0,10,ZX_split,YZ,4.351906534522325,2.4509719241716827,0.6025333224533443,0.39746667754665566,,,,,,,,,
28,0,10,XYZ_split,YZ,4.351906534522325,2.4509719241716827,0.8359787497122757,0.1640212502877243,,,,,,,,,
28,0,10,ORACLE_plane,YZ,4.351906534522325,2.4509719241716827,0.9911362698872997,0.008863730112700252,,,,,,,,,
28,0,10,RL_adaptive,YZ,4.351906534522325,2.4509719241716827,0.979198912960155,0.020801087039844957,4.0,0.0,1.0,0.0,2.0,0.0,0.0,1.0,2.0
28,0,25,Z_only,YZ,4.351906534522325,2.4509719241716827,0.7922038206847198,0.20779617931528016,,,,,,,,,
28,0,25,ZX_split,YZ,4.351906534522325,2.4509719241716827,0.6803040449158521,0.31969595508414794,,,,,,,,,
28,0,25,XYZ_split,YZ,4.351906534522325,2.4509719241716827,0.8513478213940553,0.1486521786059447,,,,,,,,,
28,0,25,ORACLE_plane,YZ,4.351906534522325,2.4509719241716827,0.9954035435703483,0.004596456429651674,,,,,,,,,
28,0,25,RL_adaptive,YZ,4.351906534522325,2.4509719241716827,0.9062683640282764,0.09373163597172363,9.0,0.0,0.0,0.0,3.0,4.0,0.0,6.0,3.0
28,0,50,Z_only,YZ,4.351906534522325,2.4509719241716827,0.7922038206847198,0.20779617931528016,,,,,,,,,
28,0,50,ZX_split,YZ,4.351906534522325,2.4509719241716827,0.7817517458802956,0.2182482541197044,,,,,,,,,
28,0,50,XYZ_split,YZ,4.351906534522325,2.4509719241716827,0.9202616352981426,0.07973836470185736,,,,,,,,,
28,0,50,ORACLE_plane,YZ,4.351906534522325,2.4509719241716827,0.9857117531121249,0.014288246887875111,,,,,,,,,
28,0,50,RL_adaptive,YZ,4.351906534522325,2.4509719241716827,0.921337403149928,0.07866259685007204,14.0,0.0,0.0,0.0,6.0,1.0,0.0,17.0,12.0
28,0,100,Z_only,YZ,4.351906534522325,2.4509719241716827,0.7922038206847198,0.20779617931528016,,,,,,,,,
28,0,100,ZX_split,YZ,4.351906534522325,2.4509719241716827,0.7894996269409141,0.21050037305908587,,,,,,,,,
28,0,100,XYZ_split,YZ,4.351906534522325,2.4509719241716827,0.9563638418108965,0.04363615818910349,,,,,,,,,
28,0,100,ORACLE_plane,YZ,4.351906534522325,2.4509719241716827,0.9996749136489398,0.0003250863510602109,,,,,,,,,
28,0,100,RL_adaptive,YZ,4.351906534522325,2.4509719241716827,0.9938588416098152,0.006141158390184809,13.0,2.0,1.0,42.0,15.0,3.0,7.0,2.0,15.0
28,0,250,Z_only,YZ,4.351906534522325,2.4509719241716827,0.7922038206847198,0.20779617931528016,,,,,,,,,
28,0,250,ZX_split,YZ,4.351906534522325,2.4509719241716827,0.7854170253259227,0.21458297467407728,,,,,,,,,
28,0,250,XYZ_split,YZ,4.351906534522325,2.4509719241716827,0.990014211385826,0.009985788614173985,,,,,,,,,
28,0,250,ORACLE_plane,YZ,4.351906534522325,2.4509719241716827,0.9903507720322681,0.009649227967731933,,,,,,,,,
28,0,250,RL_adaptive,YZ,4.351906534522325,2.4509719241716827,0.9886140466029238,0.011385953397076154,22.0,3.0,142.0,14.0,19.0,4.0,11.0,4.0,31.0
28,0,500,Z_only,YZ,4.351906534522325,2.4509719241716827,0.7922038206847198,0.20779617931528016,,,,,,,,,
28,0,500,ZX_split,YZ,4.351906534522325,2.4509719241716827,0.7902107558185516,0.2097892441814484,,,,,,,,,
28,0,500,XYZ_split,YZ,4.351906534522325,2.4509719241716827,0.9964577819425718,0.003542218057428159,,,,,,,,,
28,0,500,ORACLE_plane,YZ,4.351906534522325,2.4509719241716827,0.9988993873658576,0.001100612634142406,,,,,,,,,
28,0,500,RL_adaptive,YZ,4.351906534522325,2.4509719241716827,0.9956369839698391,0.004363016030160871,70.0,76.0,152.0,14.0,34.0,43.0,17.0,5.0,89.0
28,1,10,Z_only,YZ,4.351906534522325,2.4509719241716827,0.7922038206847198,0.20779617931528016,,,,,,,,,
28,1,10,ZX_split,YZ,4.351906534522325,2.4509719241716827,0.7412486251401768,0.25875137485982325,,,,,,,,,
28,1,10,XYZ_split,YZ,4.351906534522325,2.4509719241716827,0.869987539709416,0.130012460290584,,,,,,,,,
28,1,10,ORACLE_plane,YZ,4.351906534522325,2.4509719241716827,0.8807431461096049,0.11925685389039509,,,,,,,,,
28,1,10,RL_adaptive,YZ,4.351906534522325,2.4509719241716827,0.9530233822232682,0.04697661777673179,5.0,0.0,0.0,0.0,2.0,0.0,1.0,0.0,2.0
28,1,25,Z_only,YZ,4.351906534522325,2.4509719241716827,0.7922038206847198,0.20779617931528016,,,,,,,,,
28,1,25,ZX_split,YZ,4.351906534522325,2.4509719241716827,0.7784870150523437,0.22151298494765626,,,,,,,,,
28,1,25,XYZ_split,YZ,4.351906534522325,2.4509719241716827,0.9140635074387465,0.08593649256125346,,,,,,,,,
28,1,25,ORACLE_plane,YZ,4.351906534522325,2.4509719241716827,0.9626202762852862,0.037379723714713764,,,,,,,,,
28,1,25,RL_adaptive,YZ,4.351906534522325,2.4509719241716827,0.9266130539962634,0.07338694600373663,7.0,0.0,0.0,1.0,3.0,4.0,0.0,7.0,3.0
28,1,50,Z_only,YZ,4.351906534522325,2.4509719241716827,0.7922038206847198,0.20779617931528016,,,,,,,,,
28,1,50,ZX_split,YZ,4.351906534522325,2.4509719241716827,0.786408353779657,0.213591646220343,,,,,,,,,
28,1,50,XYZ_split,YZ,4.351906534522325,2.4509719241716827,0.9540588522540675,0.0459411477459325,,,,,,,,,
28,1,50,ORACLE_plane,YZ,4.351906534522325,2.4509719241716827,0.9771749428111994,0.022825057188800568,,,,,,,,,
28,1,50,RL_adaptive,YZ,4.351906534522325,2.4509719241716827,0.8297140663124875,0.17028593368751255,15.0,0.0,0.0,0.0,5.0,1.0,0.0,17.0,12.0
28,1,100,Z_only,YZ,4.351906534522325,2.4509719241716827,0.7922038206847198,0.20779617931528016,,,,,,,,,
28,1,100,ZX_split,YZ,4.351906534522325,2.4509719241716827,0.7859446198724985,0.21405538012750147,,,,,,,,,
28,1,100,XYZ_split,YZ,4.351906534522325,2.4509719241716827,0.9913594926103818,0.00864050738961819,,,,,,,,,
28,1,100,ORACLE_plane,YZ,4.351906534522325,2.4509719241716827,0.9998335807891264,0.0001664192108735696,,,,,,,,,
28,1,100,RL_adaptive,YZ,4.351906534522325,2.4509719241716827,0.9328918007162114,0.06710819928378864,14.0,2.0,1.0,41.0,16.0,4.0,7.0,1.0,14.0
28,1,250,Z_only,YZ,4.351906534522325,2.4509719241716827,0.7922038206847198,0.20779617931528016,,,,,,,,,
28,1,250,ZX_split,YZ,4.351906534522325,2.4509719241716827,0.7876793647249317,0.21232063527506828,,,,,,,,,
28,1,250,XYZ_split,YZ,4.351906534522325,2.4509719241716827,0.9845791957093442,0.015420804290655843,,,,,,,,,
28,1,250,ORACLE_plane,YZ,4.351906534522325,2.4509719241716827,0.9963735337417446,0.0036264662582553564,,,,,,,,,
28,1,250,RL_adaptive,YZ,4.351906534522325,2.4509719241716827,0.9774057041492805,0.02259429585071948,24.0,3.0,137.0,13.0,21.0,5.0,11.0,3.0,33.0
28,1,500,Z_only,YZ,4.351906534522325,2.4509719241716827,0.7922038206847198,0.20779617931528016,,,,,,,,,
28,1,500,ZX_split,YZ,4.351906534522325,2.4509719241716827,0.7891300376797944,0.2108699623202056,,,,,,,,,
28,1,500,XYZ_split,YZ,4.351906534522325,2.4509719241716827,0.9997206911322505,0.000279308867749517,,,,,,,,,
28,1,500,ORACLE_plane,YZ,4.351906534522325,2.4509719241716827,0.9973129247059801,0.0026870752940199027,,,,,,,,,
28,1,500,RL_adaptive,YZ,4.351906534522325,2.4509719241716827,0.9966185481350577,0.0033814518649423198,64.0,81.0,153.0,17.0,28.0,48.0,21.0,7.0,81.0
28,2,10,Z_only,YZ,4.351906534522325,2.4509719241716827,0.7922038206847198,0.20779617931528016,,,,,,,,,
28,2,10,ZX_split,YZ,4.351906534522325,2.4509719241716827,0.7690961858302626,0.23090381416973738,,,,,,,,,
28,2,10,XYZ_split,YZ,4.351906534522325,2.4509719241716827,0.949280157284538,0.05071984271546204,,,,,,,,,
28,2,10,ORACLE_plane,YZ,4.351906534522325,2.4509719241716827,0.9863434175907454,0.013656582409254603,,,,,,,,,
28,2,10,RL_adaptive,YZ,4.351906534522325,2.4509719241716827,0.9439904633186305,0.05600953668136954,4.0,0.0,0.0,0.0,2.0,0.0,1.0,1.0,2.0
28,2,25,Z_only,YZ,4.351906534522325,2.4509719241716827,0.7922038206847198,0.20779617931528016,,,,,,,,,
28,2,25,ZX_split,YZ,4.351906534522325,2.4509719241716827,0.682099522704995,0.31790047729500504,,,,,,,,,
28,2,25,XYZ_split,YZ,4.351906534522325,2.4509719241716827,0.8747980119607356,0.1252019880392644,,,,,,,,,
28,2,25,ORACLE_plane,YZ,4.351906534522325,2.4509719241716827,0.9938461082373757,0.006153891762624264,,,,,,,,,
28,2,25,RL_adaptive,YZ,4.351906534522325,2.4509719241716827,0.9543953829087164,0.045604617091283606,11.0,0.0,0.0,0.0,6.0,1.0,0.0,5.0,2.0
28,2,50,Z_only,YZ,4.351906534522325,2.4509719241716827,0.7922038206847198,0.20779617931528016,,,,,,,,,
28,2,50,ZX_split,YZ,4.351906534522325,2.4509719241716827,0.7603363497972405,0.23966365020275948,,,,,,,,,
28,2,50,XYZ_split,YZ,4.351906534522325,2.4509719241716827,0.9770350470989206,0.02296495290107936,,,,,,,,,
28,2,50,ORACLE_plane,YZ,4.351906534522325,2.4509719241716827,0.9887502508149527,0.011249749185047286,,,,,,,,,
28,2,50,RL_adaptive,YZ,4.351906534522325,2.4509719241716827,0.9904962585791012,0.009503741420898826,12.0,0.0,0.0,0.0,6.0,0.0,0.0,21.0,11.0
28,2,100,Z_only,YZ,4.351906534522325,2.4509719241716827,0.7922038206847198,0.20779617931528016,,,,,,,,,
28,2,100,ZX_split,YZ,4.351906534522325,2.4509719241716827,0.7894294948330148,0.21057050516698517,,,,,,,,,
28,2,100,XYZ_split,YZ,4.351906534522325,2.4509719241716827,0.9953120135476908,0.0046879864523091674,,,,,,,,,
28,2,100,ORACLE_plane,YZ,4.351906534522325,2.4509719241716827,0.9927473759195872,0.007252624080412828,,,,,,,,,
28,2,100,RL_adaptive,YZ,4.351906534522325,2.4509719241716827,0.9950992496426927,0.004900750357307304,12.0,3.0,2.0,43.0,14.0,4.0,7.0,2.0,13.0
28,2,250,Z_only,YZ,4.351906534522325,2.4509719241716827,0.7922038206847198,0.20779617931528016,,,,,,,,,
28,2,250,ZX_split,YZ,4.351906534522325,2.4509719241716827,0.7920233635767621,0.20797663642323794,,,,,,,,,
28,2,250,XYZ_split,YZ,4.351906534522325,2.4509719241716827,0.9891650524616291,0.010834947538370887,,,,,,,,,
28,2,250,ORACLE_plane,YZ,4.351906534522325,2.4509719241716827,0.9990095050248817,0.0009904949751182723,,,,,,,,,
28,2,250,RL_adaptive,YZ,4.351906534522325,2.4509719241716827,0.987628375516908,0.012371624483092036,22.0,3.0,142.0,13.0,19.0,4.0,13.0,3.0,31.0
28,2,500,Z_only,YZ,4.351906534522325,2.4509719241716827,0.7922038206847198,0.20779617931528016,,,,,,,,,
28,2,500,ZX_split,YZ,4.351906534522325,2.4509719241716827,0.7916644494731319,0.20833555052686814,,,,,,,,,
28,2,500,XYZ_split,YZ,4.351906534522325,2.4509719241716827,0.9984503502775379,0.0015496497224620764,,,,,,,,,
28,2,500,ORACLE_plane,YZ,4.351906534522325,2.4509719241716827,0.9999430908075284,5.69091924715881e-05,,,,,,,,,
28,2,500,RL_adaptive,YZ,4.351906534522325,2.4509719241716827,0.9978117285062633,0.002188271493736682,70.0,81.0,147.0,15.0,31.0,45.0,18.0,5.0,88.0
28,3,10,Z_only,YZ,4.351906534522325,2.4509719241716827,0.7922038206847198,0.20779617931528016,,,,,,,,,
28,3,10,ZX_split,YZ,4.351906534522325,2.4509719241716827,0.7229010147216434,0.27709898527835664,,,,,,,,,
28,3,10,XYZ_split,YZ,4.351906534522325,2.4509719241716827,0.7837481616206805,0.2162518383793195,,,,,,,,,
28,3,10,ORACLE_plane,YZ,4.351906534522325,2.4509719241716827,0.9863434175907454,0.013656582409254603,,,,,,,,,
28,3,10,RL_adaptive,YZ,4.351906534522325,2.4509719241716827,0.814146350761291,0.18585364923870895,5.0,0.0,0.0,0.0,2.0,0.0,0.0,1.0,2.0
28,3,25,Z_only,YZ,4.351906534522325,2.4509719241716827,0.7922038206847198,0.20779617931528016,,,,,,,,,
28,3,25,ZX_split,YZ,4.351906534522325,2.4509719241716827,0.7725520962405725,0.22744790375942747,,,,,,,,,
28,3,25,XYZ_split,YZ,4.351906534522325,2.4509719241716827,0.9364565347247732,0.06354346527522681,,,,,,,,,
28,3,25,ORACLE_plane,YZ,4.351906534522325,2.4509719241716827,0.9571738688076513,0.04282613119234868,,,,,,,,,
28,3,25,RL_adaptive,YZ,4.351906534522325,2.4509719241716827,0.9725916316464963,0.027408368353503687,8.0,0.0,0.0,0.0,2.0,5.0,0.0,8.0,2.0
28,3,50,Z_only,YZ,4.351906534522325,2.4509719241716827,0.7922038206847198,0.20779617931528016,,,,,,,,,
28,3,50,ZX_split,YZ,4.351906534522325,2.4509719241716827,0.7713040595891902,0.22869594041080976,,,,,,,,,
28,3,50,XYZ_split,YZ,4.351906534522325,2.4509719241716827,0.9312832454327132,0.06871675456728676,,,,,,,,,
28,3,50,ORACLE_plane,YZ,4.351906534522325,2.4509719241716827,0.9881025836563262,0.011897416343673806,,,,,,,,,
28,3,50,RL_adaptive,YZ,4.351906534522325,2.4509719241716827,0.9718427335435336,0.028157266456466434,10.0,1.0,0.0,1.0,4.0,3.0,0.0,22.0,9.0
28,3,100,Z_only,YZ,4.351906534522325,2.4509719241716827,0.7922038206847198,0.20779617931528016,,,,,,,,,
28,3,100,ZX_split,YZ,4.351906534522325,2.4509719241716827,0.7823685376302969,0.2176314623697031,,,,,,,,,
28,3,100,XYZ_split,YZ,4.351906534522325,2.4509719241716827,0.9752974794178355,0.02470252058216449,,,,,,,,,
28,3,100,ORACLE_plane,YZ,4.351906534522325,2.4509719241716827,0.9951205797873929,0.004879420212607122,,,,,,,,,
28,3,100,RL_adaptive,YZ,4.351906534522325,2.4509719241716827,0.9885930383405791,0.0114069616594209,14.0,1.0,1.0,42.0,19.0,1.0,5.0,0.0,17.0
28,3,250,Z_only,YZ,4.351906534522325,2.4509719241716827,0.7922038206847198,0.20779617931528016,,,,,,,,,
28,3,250,ZX_split,YZ,4.351906534522325,2.4509719241716827,0.7903169374593529,0.20968306254064706,,,,,,,,,
28,3,250,XYZ_split,YZ,4.351906534522325,2.4509719241716827,0.9977266623016695,0.002273337698330491,,,,,,,,,
28,3,250,ORACLE_plane,YZ,4.351906534522325,2.4509719241716827,0.998882381068406,0.001117618931594011,,,,,,,,,
28,3,250,RL_adaptive,YZ,4.351906534522325,2.4509719241716827,0.9957892313072345,0.0042107686927654875,22.0,3.0,142.0,14.0,19.0,5.0,13.0,3.0,29.0
28,3,500,Z_only,YZ,4.351906534522325,2.4509719241716827,0.7922038206847198,0.20779617931528016,,,,,,,,,
28,3,500,ZX_split,YZ,4.351906534522325,2.4509719241716827,0.790119399053763,0.20988060094623695,,,,,,,,,
28,3,500,XYZ_split,YZ,4.351906534522325,2.4509719241716827,0.998431419305542,0.0015685806944579772,,,,,,,,,
28,3,500,ORACLE_plane,YZ,4.351906534522325,2.4509719241716827,0.9982647320473399,0.0017352679526601023,,,,,,,,,
28,3,500,RL_adaptive,YZ,4.351906534522325,2.4509719241716827,0.9916774340081361,0.008322565991863873,61.0,81.0,153.0,17.0,28.0,49.0,23.0,10.0,78.0
28,4,10,Z_only,YZ,4.351906534522325,2.4509719241716827,0.7922038206847198,0.20779617931528016,,,,,,,,,
28,4,10,ZX_split,YZ,4.351906534522325,2.4509719241716827,0.6749015474357002,0.3250984525642998,,,,,,,,,
28,4,10,XYZ_split,YZ,4.351906534522325,2.4509719241716827,0.9236988171444201,0.07630118285557985,,,,,,,,,
28,4,10,ORACLE_plane,YZ,4.351906534522325,2.4509719241716827,0.9189874535019721,0.08101254649802792,,,,,,,,,
28,4,10,RL_adaptive,YZ,4.351906534522325,2.4509719241716827,0.6500837340134568,0.34991626598654324,4.0,0.0,0.0,0.0,2.0,0.0,0.0,1.0,3.0
28,4,25,Z_only,YZ,4.351906534522325,2.4509719241716827,0.7922038206847198,0.20779617931528016,,,,,,,,,
28,4,25,ZX_split,YZ,4.351906534522325,2.4509719241716827,0.7427907223514073,0.2572092776485927,,,,,,,,,
28,4,25,XYZ_split,YZ,4.351906534522325,2.4509719241716827,0.7919556592717933,0.20804434072820666,,,,,,,,,
28,4,25,ORACLE_plane,YZ,4.351906534522325,2.4509719241716827,0.9987544394331115,0.001245560566888515,,,,,,,,,
28,4,25,RL_adaptive,YZ,4.351906534522325,2.4509719241716827,0.9602011092833049,0.03979889071669507,8.0,0.0,0.0,0.0,2.0,5.0,0.0,8.0,2.0
28,4,50,Z_only,YZ,4.351906534522325,2.4509719241716827,0.7922038206847198,0.20779617931528016,,,,,,,,,
28,4,50,ZX_split,YZ,4.351906534522325,2.4509719241716827,0.7911599140583352,0.2088400859416648,,,,,,,,,
28,4,50,XYZ_split,YZ,4.351906534522325,2.4509719241716827,0.9586156554168255,0.041384344583174526,,,,,,,,,
28,4,50,ORACLE_plane,YZ,4.351906534522325,2.4509719241716827,0.9398446128934639,0.06015538710653612,,,,,,,,,
28,4,50,RL_adaptive,YZ,4.351906534522325,2.4509719241716827,0.8858570250162712,0.11414297498372883,12.0,0.0,0.0,2.0,5.0,0.0,0.0,21.0,10.0
28,4,100,Z_only,YZ,4.351906534522325,2.4509719241716827,0.7922038206847198,0.20779617931528016,,,,,,,,,
28,4,100,ZX_split,YZ,4.351906534522325,2.4509719241716827,0.7884661469111081,0.21153385308889194,,,,,,,,,
28,4,100,XYZ_split,YZ,4.351906534522325,2.4509719241716827,0.9777853064085257,0.02221469359147432,,,,,,,,,
28,4,100,ORACLE_plane,YZ,4.351906534522325,2.4509719241716827,0.9929733074470792,0.007026692552920766,,,,,,,,,
28,4,100,RL_adaptive,YZ,4.351906534522325,2.4509719241716827,0.9562272966551773,0.04377270334482275,11.0,3.0,2.0,42.0,14.0,5.0,9.0,1.0,13.0
28,4,250,Z_only,YZ,4.351906534522325,2.4509719241716827,0.7922038206847198,0.20779617931528016,,,,,,,,,
28,4,250,ZX_split,YZ,4.351906534522325,2.4509719241716827,0.7918351625917526,0.20816483740824743,,,,,,,,,
28,4,250,XYZ_split,YZ,4.351906534522325,2.4509719241716827,0.9812650874395887,0.018734912560411265,,,,,,,,,
28,4,250,ORACLE_plane,YZ,4.351906534522325,2.4509719241716827,0.998169796794844,0.0018302032051560335,,,,,,,,,
28,4,250,RL_adaptive,YZ,4.351906534522325,2.4509719241716827,0.9915785416763756,0.008421458323624398,20.0,3.0,144.0,15.0,18.0,5.0,12.0,4.0,29.0
28,4,500,Z_only,YZ,4.351906534522325,2.4509719241716827,0.7922038206847198,0.20779617931528016,,,,,,,,,
28,4,500,ZX_split,YZ,4.351906534522325,2.4509719241716827,0.7919760614143921,0.20802393858560786,,,,,,,,,
28,4,500,XYZ_split,YZ,4.351906534522325,2.4509719241716827,0.999511249534765,0.0004887504652349994,,,,,,,,,
28,4,500,ORACLE_plane,YZ,4.351906534522325,2.4509719241716827,0.9994995277446931,0.0005004722553069163,,,,,,,,,
28,4,500,RL_adaptive,YZ,4.351906534522325,2.4509719241716827,0.9899719318956094,0.010028068104390608,49.0,98.0,144.0,24.0,11.0,62.0,31.0,12.0,69.0
29,0,10,Z_only,XZ,3.971095960745924,2.329824257032002,0.7495578295974369,0.2504421704025631,,,,,,,,,
29,0,10,ZX_split,XZ,3.971095960745924,2.329824257032002,0.9081257874692562,0.09187421253074379,,,,,,,,,
29,0,10,XYZ_split,XZ,3.971095960745924,2.329824257032002,0.8845496974052734,0.11545030259472655,,,,,,,,,
29,0,10,ORACLE_plane,XZ,3.971095960745924,2.329824257032002,0.9993400102037246,0.0006599897962753509,,,,,,,,,
29,0,10,RL_adaptive,XZ,3.971095960745924,2.329824257032002,0.7548904762186368,0.2451095237813632,4.0,0.0,1.0,0.0,3.0,0.0,0.0,0.0,2.0
29,0,25,Z_only,XZ,3.971095960745924,2.329824257032002,0.7495578295974369,0.2504421704025631,,,,,,,,,
29,0,25,ZX_split,XZ,3.971095960745924,2.329824257032002,0.9922227006583805,0.007777299341619526,,,,,,,,,
29,0,25,XYZ_split,XZ,3.971095960745924,2.329824257032002,0.9254871178151688,0.07451288218483121,,,,,,,,,
29,0,25,ORACLE_plane,XZ,3.971095960745924,2.329824257032002,0.9876589576931515,0.012341042306848515,,,,,,,,,
29,0,25,RL_adaptive,XZ,3.971095960745924,2.329824257032002,0.9210540795243798,0.07894592047562021,5.0,1.0,0.0,3.0,2.0,4.0,0.0,8.0,2.0
29,0,50,Z_only,XZ,3.971095960745924,2.329824257032002,0.7495578295974369,0.2504421704025631,,,,,,,,,
29,0,50,ZX_split,XZ,3.971095960745924,2.329824257032002,0.9969924988117069,0.0030075011882930713,,,,,,,,,
29,0,50,XYZ_split,XZ,3.971095960745924,2.329824257032002,0.977062952968427,0.022937047031572955,,,,,,,,,
29,0,50,ORACLE_plane,XZ,3.971095960745924,2.329824257032002,0.9910190139087036,0.008980986091296383,,,,,,,,,
29,0,50,RL_adaptive,XZ,3.971095960745924,2.329824257032002,0.988501957777912,0.011498042222087945,12.0,0.0,0.0,0.0,7.0,1.0,0.0,19.0,11.0
29,0,100,Z_only,XZ,3.971095960745924,2.329824257032002,0.7495578295974369,0.2504421704025631,,,,,,,,,
29,0,100,ZX_split,XZ,3.971095960745924,2.329824257032002,0.9992536768038358,0.0007463231961641892,,,,,,,,,
29,0,100,XYZ_split,XZ,3.971095960745924,2.329824257032002,0.992792951528302,0.007207048471697952,,,,,,,,,
29,0,100,ORACLE_plane,XZ,3.971095960745924,2.329824257032002,0.9904075291376268,0.009592470862373248,,,,,,,,,
29,0,100,RL_adaptive,XZ,3.971095960745924,2.329824257032002,0.9421493790041883,0.05785062099581173,14.0,0.0,2.0,41.0,19.0,2.0,7.0,1.0,14.0
29,0,250,Z_only,XZ,3.971095960745924,2.329824257032002,0.7495578295974369,0.2504421704025631,,,,,,,,,
29,0,250,ZX_split,XZ,3.971095960745924,2.329824257032002,0.9969993895057172,0.003000610494282796,,,,,,,,,
29,0,250,XYZ_split,XZ,3.971095960745924,2.329824257032002,0.9847151355949446,0.015284864405055387,,,,,,,,,
29,0,250,ORACLE_plane,XZ,3.971095960745924,2.329824257032002,0.9981466701465255,0.001853329853474528,,,,,,,,,
29,0,250,RL_adaptive,XZ,3.971095960745924,2.329824257032002,0.9952432951740278,0.0047567048259722355,13.0,10.0,142.0,21.0,15.0,7.0,6.0,9.0,27.0
29,0,500,Z_only,XZ,3.971095960745924,2.329824257032002,0.7495578295974369,0.2504421704025631,,,,,,,,,
29,0,500,ZX_split,XZ,3.971095960745924,2.329824257032002,0.9992762898347304,0.0007237101652696198,,,,,,,,,
29,0,500,XYZ_split,XZ,3.971095960745924,2.329824257032002,0.9963090356204991,0.003690964379500894,,,,,,,,,
29,0,500,ORACLE_plane,XZ,3.971095960745924,2.329824257032002,0.9973436795984513,0.0026563204015487285,,,,,,,,,
29,0,500,RL_adaptive,XZ,3.971095960745924,2.329824257032002,0.993589577319946,0.006410422680053984,72.0,88.0,146.0,26.0,17.0,52.0,3.0,3.0,93.0
29,1,10,Z_only,XZ,3.971095960745924,2.329824257032002,0.7495578295974369,0.2504421704025631,,,,,,,,,
29,1,10,ZX_split,XZ,3.971095960745924,2.329824257032002,0.903234929888532,0.09676507011146795,,,,,,,,,
29,1,10,XYZ_split,XZ,3.971095960745924,2.329824257032002,0.8438386349122093,0.15616136508779066,,,,,,,,,
29,1,10,ORACLE_plane,XZ,3.971095960745924,2.329824257032002,0.9276878791300087,0.07231212086999128,,,,,,,,,
29,1,10,RL_adaptive,XZ,3.971095960745924,2.329824257032002,0.7895795039439898,0.2104204960560102,4.0,0.0,1.0,0.0,2.0,0.0,0.0,0.0,3.0
29,1,25,Z_only,XZ,3.971095960745924,2.329824257032002,0.7495578295974369,0.2504421704025631,,,,,,,,,
29,1,25,ZX_split,XZ,3.971095960745924,2.329824257032002,0.9931101283088412,0.006889871691158844,,,,,,,,,
29,1,25,XYZ_split,XZ,3.971095960745924,2.329824257032002,0.9294079465783444,0.07059205342165564,,,,,,,,,
29,1,25,ORACLE_plane,XZ,3.971095960745924,2.329824257032002,0.9918640537590068,0.00813594624099323,,,,,,,,,
29,1,25,RL_adaptive,XZ,3.971095960745924,2.329824257032002,0.7418829971775831,0.2581170028224169,8.0,1.0,1.0,1.0,2.0,5.0,0.0,5.0,2.0
29,1,50,Z_only,XZ,3.971095960745924,2.329824257032002,0.7495578295974369,0.2504421704025631,,,,,,,,,
29,1,50,ZX_split,XZ,3.971095960745924,2.329824257032002,0.9810154370042565,0.01898456299574347,,,,,,,,,
29,1,50,XYZ_split,XZ,3.971095960745924,2.329824257032002,0.9573157484024638,0.042684251597536194,,,,,,,,,
29,1,50,ORACLE_plane,XZ,3.971095960745924,2.329824257032002,0.9992147919888309,0.0007852080111691029,,,,,,,,,
29,1,50,RL_adaptive,XZ,3.971095960745924,2.329824257032002,0.9617089021898368,0.038291097810163155,11.0,0.0,0.0,0.0,7.0,1.0,0.0,20.0,11.0
29,1,100,Z_only,XZ,3.971095960745924,2.329824257032002,0.7495578295974369,0.2504421704025631,,,,,,,,,
29,1,100,ZX_split,XZ,3.971095960745924,2.329824257032002,0.9926454480873466,0.00735455191265344,,,,,,,,,
29,1,100,XYZ_split,XZ,3.971095960745924,2.329824257032002,0.9655256524309672,0.03447434756903278,,,,,,,,,
29,1,100,ORACLE_plane,XZ,3.971095960745924,2.329824257032002,0.9984309715203635,0.0015690284796364695,,,,,,,,,
29,1,100,RL_adaptive,XZ,3.971095960745924,2.329824257032002,0.8943380254591842,0.10566197454081583,14.0,0.0,2.0,39.0,19.0,3.0,9.0,1.0,13.0
29,1,250,Z_only,XZ,3.971095960745924,2.329824257032002,0.7495578295974369,0.2504421704025631,,,,,,,,,
29,1,250,ZX_split,XZ,3.971095960745924,2.329824257032002,0.9995488460091796,0.00045115399082040764,,,,,,,,,
29,1,250,XYZ_split,XZ,3.971095960745924,2.329824257032002,0.9988429229629062,0.0011570770370937788,,,,,,,,,
29,1,250,ORACLE_plane,XZ,3.971095960745924,2.329824257032002,0.9996782371378545,0.00032176286214546934,,,,,,,,,
29,1,250,RL_adaptive,XZ,3.971095960745924,2.329824257032002,0.9956050598857376,0.004394940114262447,17.0,9.0,137.0,20.0,17.0,6.0,3.0,9.0,32.0
29,1,500,Z_only,XZ,3.971095960745924,2.329824257032002,0.7495578295974369,0.2504421704025631,,,,,,,,,
29,1,500,ZX_split,XZ,3.971095960745924,2.329824257032002,0.9998422275661794,0.00015777243382064654,,,,,,,,,
29,1,500,XYZ_split,XZ,3.971095960745924,2.329824257032002,0.9984192155875546,0.0015807844124453574,,,,,,,,,
29,1,500,ORACLE_plane,XZ,3.971095960745924,2.329824257032002,0.9983336737205099,0.001666326279490149,,,,,,,,,
29,1,500,RL_adaptive,XZ,3.971095960745924,2.329824257032002,0.9899929914570711,0.010007008542928908,76.0,78.0,146.0,24.0,25.0,46.0,1.0,3.0,101.0
29,2,10,Z_only,XZ,3.971095960745924,2.329824257032002,0.7495578295974369,0.2504421704025631,,,,,,,,,
29,2,10,ZX_split,XZ,3.971095960745924,2.329824257032002,0.989774241697681,0.010225758302318977,,,,,,,,,
29,2,10,XYZ_split,XZ,3.971095960745924,2.329824257032002,0.9478317175808182,0.05216828241918181,,,,,,,,,
29,2,10,ORACLE_plane,XZ,3.971095960745924,2.329824257032002,0.989774241697681,0.010225758302318977,,,,,,,,,
29,2,10,RL_adaptive,XZ,3.971095960745924,2.329824257032002,0.7555866871018639,0.24441331289813606,4.0,0.0,0.0,0.0,2.0,1.0,0.0,0.0,3.0
29,2,25,Z_only,XZ,3.971095960745924,2.329824257032002,0.7495578295974369,0.2504421704025631,,,,,,,,,
29,2,25,ZX_split,XZ,3.971095960745924,2.329824257032002,0.9831945172391022,0.016805482760897772,,,,,,,,,
29,2,25,XYZ_split,XZ,3.971095960745924,2.329824257032002,0.9077655870174703,0.09223441298252966,,,,,,,,,
29,2,25,ORACLE_plane,XZ,3.971095960745924,2.329824257032002,0.9967744142075853,0.00322558579241472,,,,,,,,,
29,2,25,RL_adaptive,XZ,3.971095960745924,2.329824257032002,0.9485759837262573,0.05142401627374271,10.0,0.0,0.0,0.0,2.0,3.0,1.0,7.0,2.0
29,2,50,Z_only,XZ,3.971095960745924,2.329824257032002,0.7495578295974369,0.2504421704025631,,,,,,,,,
29,2,50,ZX_split,XZ,3.971095960745924,2.329824257032002,0.9911122194463855,0.0088877805536145,,,,,,,,,
29,2,50,XYZ_split,XZ,3.971095960745924,2.329824257032002,0.9360969712544643,0.06390302874553566,,,,,,,,,
29,2,50,ORACLE_plane,XZ,3.971095960745924,2.329824257032002,0.9974578056160085,0.002542194383991503,,,,,,,,,
29,2,50,RL_adaptive,XZ,3.971095960745924,2.329824257032002,0.8784394203620073,0.12156057963799272,10.0,2.0,0.0,0.0,6.0,2.0,0.0,20.0,10.0
29,2,100,Z_only,XZ,3.971095960745924,2.329824257032002,0.7495578295974369,0.2504421704025631,,,,,,,,,
29,2,100,ZX_split,XZ,3.971095960745924,2.329824257032002,0.9991134775046108,0.0008865224953892303,,,,,,,,,
29,2,100,XYZ_split,XZ,3.971095960745924,2.329824257032002,0.9594424153452765,0.04055758465472348,,,,,,,,,
29,2,100,ORACLE_plane,XZ,3.971095960745924,2.329824257032002,0.9948738477566752,0.0051261522433248,,,,,,,,,
29,2,100,RL_adaptive,XZ,3.971095960745924,2.329824257032002,0.937998608015289,0.062001391984710996,11.0,3.0,3.0,41.0,16.0,6.0,12.0,0.0,8.0
29,2,250,Z_only,XZ,3.971095960745924,2.329824257032002,0.7495578295974369,0.2504421704025631,,,,,,,,,
29,2,250,ZX_split,XZ,3.971095960745924,2.329824257032002,0.9997970936493996,0.00020290635060038476,,,,,,,,,
29,2,250,XYZ_split,XZ,3.971095960745924,2.329824257032002,0.9959692094409468,0.004030790559053199,,,,,,,,,
29,2,250,ORACLE_plane,XZ,3.971095960745924,2.329824257032002,0.9994367356049715,0.0005632643950285177,,,,,,,,,
29,2,250,RL_adaptive,XZ,3.971095960745924,2.329824257032002,0.9957357202930484,0.004264279706951646,23.0,5.0,133.0,16.0,25.0,4.0,2.0,2.0,40.0
29,2,500,Z_only,XZ,3.971095960745924,2.329824257032002,0.7495578295974369,0.2504421704025631,,,,,,,,,
29,2,500,ZX_split,XZ,3.971095960745924,2.329824257032002,0.999758213764219,0.00024178623578097191,,,,,,,,,
29,2,500,XYZ_split,XZ,3.971095960745924,2.329824257032002,0.9980643129729582,0.0019356870270418325,,,,,,,,,
29,2,500,ORACLE_plane,XZ,3.971095960745924,2.329824257032002,0.9985064627319623,0.0014935372680376924,,,,,,,,,
29,2,500,RL_adaptive,XZ,3.971095960745924,2.329824257032002,0.9948536245469626,0.005146375453037422,73.0,92.0,138.0,25.0,13.0,54.0,4.0,3.0,98.0
29,3,10,Z_only,XZ,3.971095960745924,2.329824257032002,0.7495578295974369,0.2504421704025631,,,,,,,,,
29,3,10,ZX_split,XZ,3.971095960745924,2.329824257032002,0.6969706897817243,0.3030293102182757,,,,,,,,,
29,3,10,XYZ_split,XZ,3.971095960745924,2.329824257032002,0.8900308623207523,0.10996913767924765,,,,,,,,,
29,3,10,ORACLE_plane,XZ,3.971095960745924,2.329824257032002,0.758001791803529,0.241998208196471,,,,,,,,,
29,3,10,RL_adaptive,XZ,3.971095960745924,2.329824257032002,0.7235392805639904,0.2764607194360096,5.0,1.0,0.0,0.0,2.0,0.0,0.0,0.0,2.0
29,3,25,Z_only,XZ,3.971095960745924,2.329824257032002,0.7495578295974369,0.2504421704025631,,,,,,,,,
29,3,25,ZX_split,XZ,3.971095960745924,2.329824257032002,0.9986348999612971,0.0013651000387029377,,,,,,,,,
29,3,25,XYZ_split,XZ,3.971095960745924,2.329824257032002,0.9246976217182961,0.07530237828170394,,,,,,,,,
29,3,25,ORACLE_plane,XZ,3.971095960745924,2.329824257032002,0.9440282591937087,0.055971740806291304,,,,,,,,,
29,3,25,RL_adaptive,XZ,3.971095960745924,2.329824257032002,0.9208126579310549,0.07918734206894507,11.0,0.0,0.0,0.0,2.0,4.0,0.0,5.0,3.0
29,3,50,Z_only,XZ,3.971095960745924,2.329824257032002,0.7495578295974369,0.2504421704025631,,,,,,,,,
29,3,50,ZX_split,XZ,3.971095960745924,2.329824257032002,0.9976161901339843,0.002383809866015718,,,,,,,,,
29,3,50,XYZ_split,XZ,3.971095960745924,2.329824257032002,0.9351072071251258,0.06489279287487415,,,,,,,,,
29,3,50,ORACLE_plane,XZ,3.971095960745924,2.329824257032002,0.9993747366316628,0.0006252633683372366,,,,,,,,,
29,3,50,RL_adaptive,XZ,3.971095960745924,2.329824257032002,0.9541027561851748,0.045897243814825184,10.0,1.0,0.0,1.0,6.0,2.0,0.0,19.0,11.0
29,3,100,Z_only,XZ,3.971095960745924,2.329824257032002,0.7495578295974369,0.2504421704025631,,,,,,,,,
29,3,100,ZX_split,XZ,3.971095960745924,2.329824257032002,0.9990757796943828,0.0009242203056172293,,,,,,,,,
29,3,100,XYZ_split,XZ,3.971095960745924,2.329824257032002,0.9869562767323125,0.013043723267687546,,,,,,,,,
29,3,100,ORACLE_plane,XZ,3.971095960745924,2.329824257032002,0.9978636388142395,0.002136361185760549,,,,,,,,,
29,3,100,RL_adaptive,XZ,3.971095960745924,2.329824257032002,0.9496443047136093,0.05035569528639072,17.0,0.0,2.0,37.0,21.0,1.0,5.0,2.0,15.0
29,3,250,Z_only,XZ,3.971095960745924,2.329824257032002,0.7495578295974369,0.2504421704025631,,,,,,,,,
29,3,250,ZX_split,XZ,3.971095960745924,2.329824257032002,0.9958077316012727,0.004192268398727328,,,,,,,,,
29,3,250,XYZ_split,XZ,3.971095960745924,2.329824257032002,0.9919227904473775,0.008077209552622477,,,,,,,,,
29,3,250,ORACLE_plane,XZ,3.971095960745924,2.329824257032002,0.9992725737583312,0.0007274262416687716,,,,,,,,,
29,3,250,RL_adaptive,XZ,3.971095960745924,2.329824257032002,0.9708086196592657,0.02919138034073432,22.0,1.0,143.0,15.0,24.0,3.0,2.0,2.0,38.0
29,3,500,Z_only,XZ,3.971095960745924,2.329824257032002,0.7495578295974369,0.2504421704025631,,,,,,,,,
29,3,500,ZX_split,XZ,3.971095960745924,2.329824257032002,0.9982876887791701,0.0017123112208299318,,,,,,,,,
29,3,500,XYZ_split,XZ,3.971095960745924,2.329824257032002,0.9911103045276535,0.008889695472346526,,,,,,,,,
29,3,500,ORACLE_plane,XZ,3.971095960745924,2.329824257032002,0.9998219066097861,0.00017809339021390702,,,,,,,,,
29,3,500,RL_adaptive,XZ,3.971095960745924,2.329824257032002,0.9947828083045567,0.005217191695443324,84.0,84.0,134.0,21.0,21.0,47.0,0.0,1.0,108.0
29,4,10,Z_only,XZ,3.971095960745924,2.329824257032002,0.7495578295974369,0.2504421704025631,,,,,,,,,
29,4,10,ZX_split,XZ,3.971095960745924,2.329824257032002,0.9331827973906364,0.06681720260936364,,,,,,,,,
29,4,10,XYZ_split,XZ,3.971095960745924,2.329824257032002,0.8383950627485658,0.1616049372514342,,,,,,,,,
29,4,10,ORACLE_plane,XZ,3.971095960745924,2.329824257032002,0.9993400102037246,0.0006599897962753509,,,,,,,,,
29,4,10,RL_adaptive,XZ,3.971095960745924,2.329824257032002,0.816832829665366,0.18316717033463403,6.0,0.0,0.0,0.0,2.0,0.0,0.0,0.0,2.0
29,4,25,Z_only,XZ,3.971095960745924,2.329824257032002,0.7495578295974369,0.2504421704025631,,,,,,,,,
29,4,25,ZX_split,XZ,3.971095960745924,2.329824257032002,0.997566441578504,0.0024335584214959516,,,,,,,,,
29,4,25,XYZ_split,XZ,3.971095960745924,2.329824257032002,0.8268155015410596,0.17318449845894035,,,,,,,,,
29,4,25,ORACLE_plane,XZ,3.971095960745924,2.329824257032002,0.9342587454619827,0.06574125453801727,,,,,,,,,
29,4,25,RL_adaptive,XZ,3.971095960745924,2.329824257032002,0.9475304645917653,0.052469535408234735,10.0,0.0,0.0,0.0,2.0,3.0,0.0,7.0,3.0
29,4,50,Z_only,XZ,3.971095960745924,2.329824257032002,0.7495578295974369,0.2504421704025631,,,,,,,,,
29,4,50,ZX_split,XZ,3.971095960745924,2.329824257032002,0.9946782389062776,0.005321761093722399,,,,,,,,,
29,4,50,XYZ_split,XZ,3.971095960745924,2.329824257032002,0.9662309234401346,0.033769076559865385,,,,,,,,,
29,4,50,ORACLE_plane,XZ,3.971095960745924,2.329824257032002,0.9996747259775143,0.000325274022485722,,,,,,,,,
29,4,50,RL_adaptive,XZ,3.971095960745924,2.329824257032002,0.7978722251413476,0.2021277748586524,7.0,4.0,0.0,1.0,3.0,5.0,1.0,22.0,7.0
29,4,100,Z_only,XZ,3.971095960745924,2.329824257032002,0.7495578295974369,0.2504421704025631,,,,,,,,,
29,4,100,ZX_split,XZ,3.971095960745924,2.329824257032002,0.9971151429915556,0.0028848570084444303,,,,,,,,,
29,4,100,XYZ_split,XZ,3.971095960745924,2.329824257032002,0.9435245543577955,0.056475445642204525,,,,,,,,,
29,4,100,ORACLE_plane,XZ,3.971095960745924,2.329824257032002,0.9897023206356882,0.010297679364311807,,,,,,,,,
29,4,100,RL_adaptive,XZ,3.971095960745924,2.329824257032002,0.9945217158773584,0.005478284122641619,14.0,0.0,3.0,41.0,20.0,1.0,7.0,2.0,12.0
29,4,250,Z_only,XZ,3.971095960745924,2.329824257032002,0.7495578295974369,0.2504421704025631,,,,,,,,,
29,4,250,ZX_split,XZ,3.971095960745924,2.329824257032002,0.9945492764133286,0.005450723586671424,,,,,,,,,
29,4,250,XYZ_split,XZ,3.971095960745924,2.329824257032002,0.994612226818545,0.005387773181455002,,,,,,,,,
29,4,250,ORACLE_plane,XZ,3.971095960745924,2.329824257032002,0.9999426730686662,5.732693133375655e-05,,,,,,,,,
29,4,250,RL_adaptive,XZ,3.971095960745924,2.329824257032002,0.9915906986548234,0.00840930134517659,20.0,5.0,138.0,16.0,25.0,2.0,1.0,2.0,41.0
29,4,500,Z_only,XZ,3.971095960745924,2.329824257032002,0.7495578295974369,0.2504421704025631,,,,,,,,,
29,4,500,ZX_split,XZ,3.971095960745924,2.329824257032002,0.9983541748286748,0.001645825171325166,,,,,,,,,
29,4,500,XYZ_split,XZ,3.971095960745924,2.329824257032002,0.9982315498470288,0.0017684501529712238,,,,,,,,,
29,4,500,ORACLE_plane,XZ,3.971095960745924,2.329824257032002,0.9994348838759516,0.0005651161240484148,,,,,,,,,
29,4,500,RL_adaptive,XZ,3.971095960745924,2.329824257032002,0.9943864778649343,0.005613522135065718,82.0,90.0,135.0,22.0,17.0,49.0,2.0,1.0,102.0
30,0,10,Z_only,YZ,2.1090097737836024,4.098834650971595,0.8445626894414968,0.15543731055850318,,,,,,,,,
30,0,10,ZX_split,YZ,2.1090097737836024,4.098834650971595,0.7383868523695974,0.26161314763040255,,,,,,,,,
30,0,10,XYZ_split,YZ,2.1090097737836024,4.098834650971595,0.8769044941732677,0.12309550582673234,,,,,,,,,
30,0,10,ORACLE_plane,YZ,2.1090097737836024,4.098834650971595,0.9926343660748046,0.007365633925195403,,,,,,,,,
30,0,10,RL_adaptive,YZ,2.1090097737836024,4.098834650971595,0.667484246411668,0.33251575358833196,5.0,0.0,0.0,0.0,2.0,0.0,0.0,0.0,3.0
30,0,25,Z_only,YZ,2.1090097737836024,4.098834650971595,0.8445626894414968,0.15543731055850318,,,,,,,,,
30,0,25,ZX_split,YZ,2.1090097737836024,4.098834650971595,0.7739580135314527,0.22604198646854734,,,,,,,,,
30,0,25,XYZ_split,YZ,2.1090097737836024,4.098834650971595,0.9551493665857879,0.04485063341421214,,,,,,,,,
30,0,25,ORACLE_plane,YZ,2.1090097737836024,4.098834650971595,0.9766090500878104,0.023390949912189596,,,,,,,,,
30,0,25,RL_adaptive,YZ,2.1090097737836024,4.098834650971595,0.9085895497085256,0.09141045029147443,10.0,1.0,0.0,1.0,4.0,2.0,0.0,5.0,2.0
30,0,50,Z_only,YZ,2.1090097737836024,4.098834650971595,0.8445626894414968,0.15543731055850318,,,,,,,,,
30,0,50,ZX_split,YZ,2.1090097737836024,4.098834650971595,0.7840202889950691,0.21597971100493085,,,,,,,,,
30,0,50,XYZ_split,YZ,2.1090097737836024,4.098834650971595,0.8975234269368679,0.10247657306313207,,,,,,,,,
30,0,50,ORACLE_plane,YZ,2.1090097737836024,4.098834650971595,0.9989070805495582,0.001092919450441765,,,,,,,,,
30,0,50,RL_adaptive,YZ,2.1090097737836024,4.098834650971595,0.9686020630434747,0.03139793695652526,9.0,0.0,0.0,0.0,9.0,1.0,4.0,19.0,8.0
30,0,100,Z_only,YZ,2.1090097737836024,4.098834650971595,0.8445626894414968,0.15543731055850318,,,,,,,,,
30,0,100,ZX_split,YZ,2.1090097737836024,4.098834650971595,0.8392809297996112,0.16071907020038878,,,,,,,,,
30,0,100,XYZ_split,YZ,2.1090097737836024,4.098834650971595,0.989546812888078,0.010453187111922002,,,,,,,,,
30,0,100,ORACLE_plane,YZ,2.1090097737836024,4.098834650971595,0.9901921255665538,0.009807874433446218,,,,,,,,,
30,0,100,RL_adaptive,YZ,2.1090097737836024,4.098834650971595,0.9850352016887547,0.014964798311245309,5.0,5.0,6.0,46.0,10.0,7.0,16.0,1.0,4.0
30,0,250,Z_only,YZ,2.1090097737836024,4.098834650971595,0.8445626894414968,0.15543731055850318,,,,,,,,,
30,0,250,ZX_split,YZ,2.1090097737836024,4.098834650971595,0.8431420457696563,0.15685795423034365,,,,,,,,,
30,0,250,XYZ_split,YZ,2.1090097737836024,4.098834650971595,0.9996173994574141,0.00038260054258587584,,,,,,,,,
30,0,250,ORACLE_plane,YZ,2.1090097737836024,4.098834650971595,0.9986486733702699,0.001351326629730143,,,,,,,,,
30,0,250,RL_adaptive,YZ,2.1090097737836024,4.098834650971595,0.9860036896411936,0.01399631035880644,23.0,0.0,148.0,9.0,23.0,1.0,3.0,13.0,30.0
30,0,500,Z_only,YZ,2.1090097737836024,4.098834650971595,0.8445626894414968,0.15543731055850318,,,,,,,,,
30,0,500,ZX_split,YZ,2.1090097737836024,4.098834650971595,0.8422948288761732,0.15770517112382676,,,,,,,,,
30,0,500,XYZ_split,YZ,2.1090097737836024,4.098834650971595,0.995997972734988,0.004002027265011976,,,,,,,,,
30,0,500,ORACLE_plane,YZ,2.1090097737836024,4.098834650971595,0.999291400763848,0.0007085992361519633,,,,,,,,,
30,0,500,RL_adaptive,YZ,2.1090097737836024,4.098834650971595,0.9949226761073968,0.0050773238926031805,86.0,50.0,163.0,0.0,42.0,40.0,21.0,24.0,74.0
30,1,10,Z_only,YZ,2.1090097737836024,4.098834650971595,0.8445626894414968,0.15543731055850318,,,,,,,,,
30,1,10,ZX_split,YZ,2.1090097737836024,4.098834650971595,0.7833323907007769,0.21666760929922313,,,,,,,,,
30,1,10,XYZ_split,YZ,2.1090097737836024,4.098834650971595,0.4439908717294594,0.5560091282705406,,,,,,,,,
30,1,10,ORACLE_plane,YZ,2.1090097737836024,4.098834650971595,0.9986622050572641,0.0013377949427358926,,,,,,,,,
30,1,10,RL_adaptive,YZ,2.1090097737836024,4.098834650971595,0.4511176308181966,0.5488823691818034,2.0,0.0,2.0,0.0,2.0,0.0,0.0,0.0,4.0
30,1,25,Z_only,YZ,2.1090097737836024,4.098834650971595,0.8445626894414968,0.15543731055850318,,,,,,,,,
30,1,25,ZX_split,YZ,2.1090097737836024,4.098834650971595,0.7775701712005583,0.22242982879944173,,,,,,,,,
30,1,25,XYZ_split,YZ,2.1090097737836024,4.098834650971595,0.9301894113152813,0.06981058868471868,,,,,,,,,
30,1,25,ORACLE_plane,YZ,2.1090097737836024,4.098834650971595,0.9904538830629758,0.00954611693702423,,,,,,,,,
30,1,25,RL_adaptive,YZ,2.1090097737836024,4.098834650971595,0.9270885756910322,0.0729114243089678,8.0,1.0,0.0,1.0,3.0,3.0,0.0,7.0,2.0
30,1,50,Z_only,YZ,2.1090097737836024,4.098834650971595,0.8445626894414968,0.15543731055850318,,,,,,,,,
30,1,50,ZX_split,YZ,2.1090097737836024,4.098834650971595,0.8281908628229314,0.17180913717706858,,,,,,,,,
30,1,50,XYZ_split,YZ,2.1090097737836024,4.098834650971595,0.9859836416084262,0.01401635839157378,,,,,,,,,
30,1,50,ORACLE_plane,YZ,2.1090097737836024,4.098834650971595,0.9917809108455082,0.008219089154491765,,,,,,,,,
30,1,50,RL_adaptive,YZ,2.1090097737836024,4.098834650971595,0.960303376097488,0.03969662390251205,11.0,0.0,0.0,0.0,9.0,1.0,2.0,18.0,9.0
30,1,100,Z_only,YZ,2.1090097737836024,4.098834650971595,0.8445626894414968,0.15543731055850318,,,,,,,,,
30,1,100,ZX_split,YZ,2.1090097737836024,4.098834650971595,0.8442244483565249,0.15577555164347512,,,,,,,,,
30,1,100,XYZ_split,YZ,2.1090097737836024,4.098834650971595,0.9921664043438321,0.007833595656167924,,,,,,,,,
30,1,100,ORACLE_plane,YZ,2.1090097737836024,4.098834650971595,0.9969311394013567,0.003068860598643308,,,,,,,,,
30,1,100,RL_adaptive,YZ,2.1090097737836024,4.098834650971595,0.9884566426564269,0.011543357343573146,5.0,6.0,8.0,41.0,11.0,7.0,17.0,0.0,5.0
30,1,250,Z_only,YZ,2.1090097737836024,4.098834650971595,0.8445626894414968,0.15543731055850318,,,,,,,,,
30,1,250,ZX_split,YZ,2.1090097737836024,4.098834650971595,0.8379375482341703,0.16206245176582967,,,,,,,,,
30,1,250,XYZ_split,YZ,2.1090097737836024,4.098834650971595,0.998228077363848,0.0017719226361520013,,,,,,,,,
30,1,250,ORACLE_plane,YZ,2.1090097737836024,4.098834650971595,0.9988503291498126,0.0011496708501873565,,,,,,,,,
30,1,250,RL_adaptive,YZ,2.1090097737836024,4.098834650971595,0.9749715635050721,0.02502843649492792,18.0,1.0,150.0,13.0,19.0,0.0,1.0,17.0,31.0
30,1,500,Z_only,YZ,2.1090097737836024,4.098834650971595,0.8445626894414968,0.15543731055850318,,,,,,,,,
30,1,500,ZX_split,YZ,2.1090097737836024,4.098834650971595,0.843828713903729,0.15617128609627096,,,,,,,,,
30,1,500,XYZ_split,YZ,2.1090097737836024,4.098834650971595,0.9886700918215787,0.011329908178421277,,,,,,,,,
30,1,500,ORACLE_plane,YZ,2.1090097737836024,4.098834650971595,0.9996651142669096,0.00033488573309037317,,,,,,,,,
30,1,500,RL_adaptive,YZ,2.1090097737836024,4.098834650971595,0.9931182928096232,0.00688170719037684,90.0,45.0,163.0,1.0,48.0,36.0,16.0,23.0,78.0
30,2,10,Z_only,YZ,2.1090097737836024,4.098834650971595,0.8445626894414968,0.15543731055850318,,,,,,,,,
30,2,10,ZX_split,YZ,2.1090097737836024,4.098834650971595,0.723907883497973,0.27609211650202703,,,,,,,,,
30,2,10,XYZ_split,YZ,2.1090097737836024,4.098834650971595,0.8476742118052525,0.1523257881947475,,,,,,,,,
30,2,10,ORACLE_plane,YZ,2.1090097737836024,4.098834650971595,0.8414014149494016,0.15859858505059843,,,,,,,,,
30,2,10,RL_adaptive,YZ,2.1090097737836024,4.098834650971595,0.787503415887852,0.212496584112148,2.0,0.0,2.0,0.0,2.0,0.0,0.0,0.0,4.0
30,2,25,Z_only,YZ,2.1090097737836024,4.098834650971595,0.8445626894414968,0.15543731055850318,,,,,,,,,
30,2,25,ZX_split,YZ,2.1090097737836024,4.098834650971595,0.8392541289104679,0.1607458710895321,,,,,,,,,
30,2,25,XYZ_split,YZ,2.1090097737836024,4.098834650971595,0.9577768757408353,0.042223124259164746,,,,,,,,,
30,2,25,ORACLE_plane,YZ,2.1090097737836024,4.098834650971595,0.9466785052890722,0.05332149471092784,,,,,,,,,
30,2,25,RL_adaptive,YZ,2.1090097737836024,4.098834650971595,0.8903451200958232,0.10965487990417677,10.0,1.0,0.0,0.0,3.0,4.0,0.0,5.0,2.0
30,2,50,Z_only,YZ,2.1090097737836024,4.098834650971595,0.8445626894414968,0.15543731055850318,,,,,,,,,
30,2,50,ZX_split,YZ,2.1090097737836024,4.098834650971595,0.8277971478507853,0.1722028521492147,,,,,,,,,
30,2,50,XYZ_split,YZ,2.1090097737836024,4.098834650971595,0.9563509532045952,0.04364904679540482,,,,,,,,,
30,2,50,ORACLE_plane,YZ,2.1090097737836024,4.098834650971595,0.9954331130687918,0.004566886931208214,,,,,,,,,
30,2,50,RL_adaptive,YZ,2.1090097737836024,4.098834650971595,0.9381492152990223,0.06185078470097771,7.0,1.0,0.0,0.0,9.0,3.0,4.0,20.0,6.0
30,2,100,Z_only,YZ,2.1090097737836024,4.098834650971595,0.8445626894414968,0.15543731055850318,,,,,,,,,
30,2,100,ZX_split,YZ,2.1090097737836024,4.098834650971595,0.8388978114169668,0.16110218858303316,,,,,,,,,
30,2,100,XYZ_split,YZ,2.1090097737836024,4.098834650971595,0.991515981054055,0.008484018945944971,,,,,,,,,
30,2,100,ORACLE_plane,YZ,2.1090097737836024,4.098834650971595,0.9960332317395474,0.003966768260452613,,,,,,,,,
30,2,100,RL_adaptive,YZ,2.1090097737836024,4.098834650971595,0.9795305323883635,0.020469467611636483,4.0,6.0,9.0,41.0,11.0,7.0,18.0,0.0,4.0
30,2,250,Z_only,YZ,2.1090097737836024,4.098834650971595,0.8445626894414968,0.15543731055850318,,,,,,,,,
30,2,250,ZX_split,YZ,2.1090097737836024,4.098834650971595,0.8320251763032336,0.16797482369676642,,,,,,,,,
30,2,250,XYZ_split,YZ,2.1090097737836024,4.098834650971595,0.9924322658965249,0.00756773410347511,,,,,,,,,
30,2,250,ORACLE_plane,YZ,2.1090097737836024,4.098834650971595,0.9962754071448686,0.003724592855131381,,,,,,,,,
30,2,250,RL_adaptive,YZ,2.1090097737836024,4.098834650971595,0.9846178591587845,0.015382140841215475,14.0,5.0,147.0,17.0,12.0,4.0,6.0,21.0,24.0
30,2,500,Z_only,YZ,2.1090097737836024,4.098834650971595,0.8445626894414968,0.15543731055850318,,,,,,,,,
30,2,500,ZX_split,YZ,2.1090097737836024,4.098834650971595,0.8444227994239101,0.15557720057608992,,,,,,,,,
30,2,500,XYZ_split,YZ,2.1090097737836024,4.098834650971595,0.9915421875289252,0.0084578124710748,,,,,,,,,
30,2,500,ORACLE_plane,YZ,2.1090097737836024,4.098834650971595,0.9977199766541158,0.0022800233458841745,,,,,,,,,
30,2,500,RL_adaptive,YZ,2.1090097737836024,4.098834650971595,0.9988248465362204,0.0011751534637796102,73.0,62.0,166.0,0.0,33.0,50.0,28.0,28.0,60.0
30,3,10,Z_only,YZ,2.1090097737836024,4.098834650971595,0.8445626894414968,0.15543731055850318,,,,,,,,,
30,3,10,ZX_split,YZ,2.1090097737836024,4.098834650971595,0.8296746883872255,0.17032531161277453,,,,,,,,,
30,3,10,XYZ_split,YZ,2.1090097737836024,4.098834650971595,0.8885235833759526,0.11147641662404739,,,,,,,,,
30,3,10,ORACLE_plane,YZ,2.1090097737836024,4.098834650971595,0.9639870330063345,0.03601296699366552,,,,,,,,,
30,3,10,RL_adaptive,YZ,2.1090097737836024,4.098834650971595,0.7548208852419801,0.2451791147580199,3.0,0.0,0.0,0.0,2.0,0.0,0.0,2.0,3.0
30,3,25,Z_only,YZ,2.1090097737836024,4.098834650971595,0.8445626894414968,0.15543731055850318,,,,,,,,,
30,3,25,ZX_split,YZ,2.1090097737836024,4.098834650971595,0.8104791169223371,0.1895208830776629,,,,,,,,,
30,3,25,XYZ_split,YZ,2.1090097737836024,4.098834650971595,0.9181016512468222,0.08189834875317781,,,,,,,,,
30,3,25,ORACLE_plane,YZ,2.1090097737836024,4.098834650971595,0.9852370972527262,0.014762902747273765,,,,,,,,,
30,3,25,RL_adaptive,YZ,2.1090097737836024,4.098834650971595,0.8464289335251594,0.15357106647484065,11.0,0.0,0.0,0.0,6.0,2.0,0.0,3.0,3.0
30,3,50,Z_only,YZ,2.1090097737836024,4.098834650971595,0.8445626894414968,0.15543731055850318,,,,,,,,,
30,3,50,ZX_split,YZ,2.1090097737836024,4.098834650971595,0.8014663766686373,0.1985336233313627,,,,,,,,,
30,3,50,XYZ_split,YZ,2.1090097737836024,4.098834650971595,0.9749017000330698,0.02509829996693025,,,,,,,,,
30,3,50,ORACLE_plane,YZ,2.1090097737836024,4.098834650971595,0.9997918008241726,0.00020819917582737268,,,,,,,,,
30,3,50,RL_adaptive,YZ,2.1090097737836024,4.098834650971595,0.931956275781135,0.06804372421886495,9.0,1.0,0.0,0.0,8.0,2.0,4.0,19.0,7.0
30,3,100,Z_only,YZ,2.1090097737836024,4.098834650971595,0.8445626894414968,0.15543731055850318,,,,,,,,,
30,3,100,ZX_split,YZ,2.1090097737836024,4.098834650971595,0.8308138322601697,0.1691861677398303,,,,,,,,,
30,3,100,XYZ_split,YZ,2.1090097737836024,4.098834650971595,0.9922212911595116,0.007778708840488369,,,,,,,,,
30,3,100,ORACLE_plane,YZ,2.1090097737836024,4.098834650971595,0.9993448249934337,0.0006551750065663109,,,,,,,,,
30,3,100,RL_adaptive,YZ,2.1090097737836024,4.098834650971595,0.9575642816677105,0.04243571833228954,6.0,3.0,7.0,43.0,13.0,5.0,15.0,0.0,8.0
30,3,250,Z_only,YZ,2.1090097737836024,4.098834650971595,0.8445626894414968,0.15543731055850318,,,,,,,,,
30,3,250,ZX_split,YZ,2.1090097737836024,4.098834650971595,0.8375865721064095,0.16241342789359048,,,,,,,,,
30,3,250,XYZ_split,YZ,2.1090097737836024,4.098834650971595,0.9978627082392878,0.002137291760712201,,,,,,,,,
30,3,250,ORACLE_plane,YZ,2.1090097737836024,4.098834650971595,0.9951402784007165,0.004859721599283495,,,,,,,,,
30,3,250,RL_adaptive,YZ,2.1090097737836024,4.098834650971595,0.9696485358402115,0.03035146415978851,28.0,0.0,145.0,4.0,28.0,0.0,0.0,10.0,35.0
30,3,500,Z_only,YZ,2.1090097737836024,4.098834650971595,0.8445626894414968,0.15543731055850318,,,,,,,,,
30,3,500,ZX_split,YZ,2.1090097737836024,4.098834650971595,0.8411293186806496,0.15887068131935045,,,,,,,,,
30,3,500,XYZ_split,YZ,2.1090097737836024,4.098834650971595,0.9938653965960936,0.006134603403906369,,,,,,,,,
30,3,500,ORACLE_plane,YZ,2.1090097737836024,4.098834650971595,0.9992269736309327,0.0007730263690672867,,,,,,,,,
30,3,500,RL_adaptive,YZ,2.1090097737836024,4.098834650971595,0.9968467326929009,0.0031532673070990835,80.0,59.0,160.0,0.0,35.0,47.0,26.0,27.0,66.0
30,4,10,Z_only,YZ,2.1090097737836024,4.098834650971595,0.8445626894414968,0.15543731055850318,,,,,,,,,
30,4,10,ZX_split,YZ,2.1090097737836024,4.098834650971595,0.7267123007343471,0.2732876992656529,,,,,,,,,
30,4,10,XYZ_split,YZ,2.1090097737836024,4.098834650971595,0.923062953906598,0.07693704609340202,,,,,,,,,
30,4,10,ORACLE_plane,YZ,2.1090097737836024,4.098834650971595,0.9926343660748046,0.007365633925195403,,,,,,,,,
30,4,10,RL_adaptive,YZ,2.1090097737836024,4.098834650971595,0.7014199091200023,0.2985800908799977,4.0,1.0,0.0,0.0,2.0,0.0,0.0,0.0,3.0
30,4,25,Z_only,YZ,2.1090097737836024,4.098834650971595,0.8445626894414968,0.15543731055850318,,,,,,,,,
30,4,25,ZX_split,YZ,2.1090097737836024,4.098834650971595,0.8372074804588524,0.1627925195411476,,,,,,,,,
30,4,25,XYZ_split,YZ,2.1090097737836024,4.098834650971595,0.9442906192701137,0.05570938072988629,,,,,,,,,
30,4,25,ORACLE_plane,YZ,2.1090097737836024,4.098834650971595,0.9822942400207235,0.01770575997927648,,,,,,,,,
30,4,25,RL_adaptive,YZ,2.1090097737836024,4.098834650971595,0.905926755574474,0.094073244425526,9.0,0.0,0.0,0.0,6.0,1.0,0.0,7.0,2.0
30,4,50,Z_only,YZ,2.1090097737836024,4.098834650971595,0.8445626894414968,0.15543731055850318,,,,,,,,,
30,4,50,ZX_split,YZ,2.1090097737836024,4.098834650971595,0.7679301274866455,0.23206987251335454,,,,,,,,,
30,4,50,XYZ_split,YZ,2.1090097737836024,4.098834650971595,0.9620362897652899,0.037963710234710124,,,,,,,,,
30,4,50,ORACLE_plane,YZ,2.1090097737836024,4.098834650971595,0.9962893685236047,0.0037106314763952764,,,,,,,,,
30,4,50,RL_adaptive,YZ,2.1090097737836024,4.098834650971595,0.9919611615471386,0.008038838452861352,7.0,1.0,0.0,0.0,8.0,3.0,5.0,20.0,6.0
30,4,100,Z_only,YZ,2.1090097737836024,4.098834650971595,0.8445626894414968,0.15543731055850318,,,,,,,,,
30,4,100,ZX_split,YZ,2.1090097737836024,4.098834650971595,0.8384609924385273,0.16153900756147266,,,,,,,,,
30,4,100,XYZ_split,YZ,2.1090097737836024,4.098834650971595,0.9642200235357031,0.03577997646429687,,,,,,,,,
30,4,100,ORACLE_plane,YZ,2.1090097737836024,4.098834650971595,0.9999704097350284,2.959026497162398e-05,,,,,,,,,
30,4,100,RL_adaptive,YZ,2.1090097737836024,4.098834650971595,0.9729237100751639,0.027076289924836128,5.0,5.0,9.0,44.0,9.0,7.0,15.0,2.0,4.0
30,4,250,Z_only,YZ,2.1090097737836024,4.098834650971595,0.8445626894414968,0.15543731055850318,,,,,,,,,
30,4,250,ZX_split,YZ,2.1090097737836024,4.098834650971595,0.8375576619846202,0.16244233801537977,,,,,,,,,
30,4,250,XYZ_split,YZ,2.1090097737836024,4.098834650971595,0.9975113858490146,0.0024886141509854465,,,,,,,,,
30,4,250,ORACLE_plane,YZ,2.1090097737836024,4.098834650971595,0.997408822083685,0.002591177916315024,,,,,,,,,
30,4,250,RL_adaptive,YZ,2.1090097737836024,4.098834650971595,0.9550447314049235,0.04495526859507648,20.0,0.0,154.0,10.0,22.0,0.0,3.0,12.0,29.0
30,4,500,Z_only,YZ,2.1090097737836024,4.098834650971595,0.8445626894414968,0.15543731055850318,,,,,,,,,
30,4,500,ZX_split,YZ,2.1090097737836024,4.098834650971595,0.8424748022729991,0.1575251977270009,,,,,,,,,
30,4,500,XYZ_split,YZ,2.1090097737836024,4.098834650971595,0.9936440332575036,0.006355966742496388,,,,,,,,,
30,4,500,ORACLE_plane,YZ,2.1090097737836024,4.098834650971595,0.9994529997450451,0.0005470002549549102,,,,,,,,,
30,4,500,RL_adaptive,YZ,2.1090097737836024,4.098834650971595,0.9984967526287344,0.0015032473712656147,79.0,57.0,159.0,0.0,36.0,49.0,28.0,27.0,65.0
31,0,10,Z_only,XZ,3.9036073069840396,3.790495668827584,0.6779746826825377,0.3220253173174623,,,,,,,,,
31,0,10,ZX_split,XZ,3.9036073069840396,3.790495668827584,0.8587669691063731,0.14123303089362693,,,,,,,,,
31,0,10,XYZ_split,XZ,3.9036073069840396,3.790495668827584,0.7694177075523664,0.23058229244763362,,,,,,,,,
31,0,10,ORACLE_plane,XZ,3.9036073069840396,3.790495668827584,0.8946712323929009,0.10532876760709908,,,,,,,,,
31,0,10,RL_adaptive,XZ,3.9036073069840396,3.790495668827584,0.9690566718003427,0.030943328199657283,3.0,0.0,2.0,1.0,2.0,0.0,0.0,0.0,2.0
31,0,25,Z_only,XZ,3.9036073069840396,3.790495668827584,0.6779746826825377,0.3220253173174623,,,,,,,,,
31,0,25,ZX_split,XZ,3.9036073069840396,3.790495668827584,0.9983453870825578,0.0016546129174421775,,,,,,,,,
31,0,25,XYZ_split,XZ,3.9036073069840396,3.790495668827584,0.9388299150143142,0.06117008498568577,,,,,,,,,
31,0,25,ORACLE_plane,XZ,3.9036073069840396,3.790495668827584,0.9215363992121154,0.07846360078788461,,,,,,,,,
31,0,25,RL_adaptive,XZ,3.9036073069840396,3.790495668827584,0.9431489151071951,0.05685108489280488,10.0,0.0,0.0,0.0,2.0,4.0,0.0,7.0,2.0
31,0,50,Z_only,XZ,3.9036073069840396,3.790495668827584,0.6779746826825377,0.3220253173174623,,,,,,,,,
31,0,50,ZX_split,XZ,3.9036073069840396,3.790495668827584,0.9932686756915433,0.006731324308456688,,,,,,,,,
31,0,50,XYZ_split,XZ,3.9036073069840396,3.790495668827584,0.9772689644319164,0.022731035568083646,,,,,,,,,
31,0,50,ORACLE_plane,XZ,3.9036073069840396,3.790495668827584,0.995173770909374,0.004826229090626022,,,,,,,,,
31,0,50,RL_adaptive,XZ,3.9036073069840396,3.790495668827584,0.824020328968602,0.175979671031398,9.0,1.0,0.0,0.0,8.0,2.0,0.0,20.0,10.0
31,0,100,Z_only,XZ,3.9036073069840396,3.790495668827584,0.6779746826825377,0.3220253173174623,,,,,,,,,
31,0,100,ZX_split,XZ,3.9036073069840396,3.790495668827584,0.9942162538949266,0.005783746105073373,,,,,,,,,
31,0,100,XYZ_split,XZ,3.9036073069840396,3.790495668827584,0.9745413797860499,0.025458620213950067,,,,,,,,,
31,0,100,ORACLE_plane,XZ,3.9036073069840396,3.790495668827584,0.9862951274277983,0.013704872572201654,,,,,,,,,
31,0,100,RL_adaptive,XZ,3.9036073069840396,3.790495668827584,0.9960864689605659,0.003913531039434148,10.0,2.0,6.0,43.0,14.0,3.0,11.0,3.0,8.0
31,0,250,Z_only,XZ,3.9036073069840396,3.790495668827584,0.6779746826825377,0.3220253173174623,,,,,,,,,
31,0,250,ZX_split,XZ,3.9036073069840396,3.790495668827584,0.9966881929810266,0.0033118070189733784,,,,,,,,,
31,0,250,XYZ_split,XZ,3.9036073069840396,3.790495668827584,0.98274678785619,0.017253212143810037,,,,,,,,,
31,0,250,ORACLE_plane,XZ,3.9036073069840396,3.790495668827584,0.9991992810797159,0.0008007189202841047,,,,,,,,,
31,0,250,RL_adaptive,XZ,3.9036073069840396,3.790495668827584,0.9893483737343551,0.010651626265644865,10.0,8.0,145.0,27.0,15.0,2.0,0.0,12.0,31.0
31,0,500,Z_only,XZ,3.9036073069840396,3.790495668827584,0.6779746826825377,0.3220253173174623,,,,,,,,,
31,0,500,ZX_split,XZ,3.9036073069840396,3.790495668827584,0.9989285085938961,0.0010714914061038527,,,,,,,,,
31,0,500,XYZ_split,XZ,3.9036073069840396,3.790495668827584,0.9910872367148781,0.008912763285121916,,,,,,,,,
31,0,500,ORACLE_plane,XZ,3.9036073069840396,3.790495668827584,0.9989993522885667,0.0010006477114332668,,,,,,,,,
31,0,500,RL_adaptive,XZ,3.9036073069840396,3.790495668827584,0.9971379120149262,0.0028620879850738135,100.0,61.0,142.0,3.0,39.0,41.0,0.0,3.0,111.0
31,1,10,Z_only,XZ,3.9036073069840396,3.790495668827584,0.6779746826825377,0.3220253173174623,,,,,,,,,
31,1,10,ZX_split,XZ,3.9036073069840396,3.790495668827584,0.97921655146743,0.02078344853256997,,,,,,,,,
31,1,10,XYZ_split,XZ,3.9036073069840396,3.790495668827584,0.5562461015705272,0.44375389842947277,,,,,,,,,
31,1,10,ORACLE_plane,XZ,3.9036073069840396,3.790495668827584,0.9952134404051292,0.004786559594870843,,,,,,,,,
31,1,10,RL_adaptive,XZ,3.9036073069840396,3.790495668827584,0.922315044230043,0.07768495576995704,2.0,0.0,2.0,1.0,2.0,0.0,0.0,1.0,2.0
31,1,25,Z_only,XZ,3.9036073069840396,3.790495668827584,0.6779746826825377,0.3220253173174623,,,,,,,,,
31,1,25,ZX_split,XZ,3.9036073069840396,3.790495668827584,0.9906916885120071,0.009308311487992937,,,,,,,,,
31,1,25,XYZ_split,XZ,3.9036073069840396,3.790495668827584,0.991233303909935,0.008766696090064974,,,,,,,,,
31,1,25,ORACLE_plane,XZ,3.9036073069840396,3.790495668827584,0.9947279944337049,0.005272005566295146,,,,,,,,,
31,1,25,RL_adaptive,XZ,3.9036073069840396,3.790495668827584,0.977562655014958,0.022437344985042018,9.0,0.0,0.0,1.0,2.0,4.0,0.0,7.0,2.0
31,1,50,Z_only,XZ,3.9036073069840396,3.790495668827584,0.6779746826825377,0.3220253173174623,,,,,,,,,
31,1,50,ZX_split,XZ,3.9036073069840396,3.790495668827584,0.9918690346039735,0.008130965396026535,,,,,,,,,
31,1,50,XYZ_split,XZ,3.9036073069840396,3.790495668827584,0.9239751067406674,0.0760248932593326,,,,,,,,,
31,1,50,ORACLE_plane,XZ,3.9036073069840396,3.790495668827584,0.9869361336215705,0.01306386637842949,,,,,,,,,
31,1,50,RL_adaptive,XZ,3.9036073069840396,3.790495668827584,0.9419760169079149,0.05802398309208512,9.0,2.0,0.0,1.0,5.0,4.0,0.0,20.0,9.0
31,1,100,Z_only,XZ,3.9036073069840396,3.790495668827584,0.6779746826825377,0.3220253173174623,,,,,,,,,
31,1,100,ZX_split,XZ,3.9036073069840396,3.790495668827584,0.9994522829417145,0.0005477170582854907,,,,,,,,,
31,1,100,XYZ_split,XZ,3.9036073069840396,3.790495668827584,0.9755509743276245,0.0244490256723755,,,,,,,,,
31,1,100,ORACLE_plane,XZ,3.9036073069840396,3.790495668827584,0.9905963711375614,0.009403628862438618,,,,,,,,,
31,1,100,RL_adaptive,XZ,3.9036073069840396,3.790495668827584,0.9847142681382164,0.015285731861783614,11.0,1.0,7.0,41.0,16.0,4.0,12.0,0.0,8.0
31,1,250,Z_only,XZ,3.9036073069840396,3.790495668827584,0.6779746826825377,0.3220253173174623,,,,,,,,,
31,1,250,ZX_split,XZ,3.9036073069840396,3.790495668827584,0.9983443298360603,0.0016556701639397486,,,,,,,,,
31,1,250,XYZ_split,XZ,3.9036073069840396,3.790495668827584,0.995614202720258,0.004385797279741976,,,,,,,,,
31,1,250,ORACLE_plane,XZ,3.9036073069840396,3.790495668827584,0.9947916104511751,0.005208389548824854,,,,,,,,,
31,1,250,RL_adaptive,XZ,3.9036073069840396,3.790495668827584,0.9968941012593528,0.0031058987406471505,14.0,5.0,141.0,24.0,20.0,1.0,1.0,7.0,37.0
31,1,500,Z_only,XZ,3.9036073069840396,3.790495668827584,0.6779746826825377,0.3220253173174623,,,,,,,,,
31,1,500,ZX_split,XZ,3.9036073069840396,3.790495668827584,0.9998377937281561,0.00016220627184393432,,,,,,,,,
31,1,500,XYZ_split,XZ,3.9036073069840396,3.790495668827584,0.9960413040481728,0.003958695951827185,,,,,,,,,
31,1,500,ORACLE_plane,XZ,3.9036073069840396,3.790495668827584,0.9989443818204691,0.001055618179530926,,,,,,,,,
31,1,500,RL_adaptive,XZ,3.9036073069840396,3.790495668827584,0.994953798457846,0.005046201542153961,89.0,73.0,142.0,12.0,27.0,47.0,0.0,1.0,109.0
31,2,10,Z_only,XZ,3.9036073069840396,3.790495668827584,0.6779746826825377,0.3220253173174623,,,,,,,,,
31,2,10,ZX_split,XZ,3.9036073069840396,3.790495668827584,0.7846882963996024,0.21531170360039764,,,,,,,,,
31,2,10,XYZ_split,XZ,3.9036073069840396,3.790495668827584,0.7855250816246274,0.21447491837537258,,,,,,,,,
31,2,10,ORACLE_plane,XZ,3.9036073069840396,3.790495668827584,0.9952134404051292,0.004786559594870843,,,,,,,,,
31,2,10,RL_adaptive,XZ,3.9036073069840396,3.790495668827584,0.7201734100743915,0.2798265899256085,4.0,0.0,0.0,0.0,3.0,0.0,0.0,1.0,2.0
31,2,25,Z_only,XZ,3.9036073069840396,3.790495668827584,0.6779746826825377,0.3220253173174623,,,,,,,,,
31,2,25,ZX_split,XZ,3.9036073069840396,3.790495668827584,0.9939085765224874,0.00609142347751257,,,,,,,,,
31,2,25,XYZ_split,XZ,3.9036073069840396,3.790495668827584,0.8539202762804897,0.14607972371951028,,,,,,,,,
31,2,25,ORACLE_plane,XZ,3.9036073069840396,3.790495668827584,0.954831616104778,0.04516838389522204,,,,,,,,,
31,2,25,RL_adaptive,XZ,3.9036073069840396,3.790495668827584,0.8945066128663062,0.10549338713369383,7.0,0.0,0.0,1.0,2.0,5.0,0.0,7.0,3.0
31,2,50,Z_only,XZ,3.9036073069840396,3.790495668827584,0.6779746826825377,0.3220253173174623,,,,,,,,,
31,2,50,ZX_split,XZ,3.9036073069840396,3.790495668827584,0.9705753568473302,0.029424643152669794,,,,,,,,,
31,2,50,XYZ_split,XZ,3.9036073069840396,3.790495668827584,0.9671457877656269,0.032854212234373126,,,,,,,,,
31,2,50,ORACLE_plane,XZ,3.9036073069840396,3.790495668827584,0.9968846892355266,0.0031153107644733558,,,,,,,,,
31,2,50,RL_adaptive,XZ,3.9036073069840396,3.790495668827584,0.9575063744838981,0.04249362551610192,9.0,2.0,0.0,1.0,6.0,4.0,0.0,19.0,9.0
31,2,100,Z_only,XZ,3.9036073069840396,3.790495668827584,0.6779746826825377,0.3220253173174623,,,,,,,,,
31,2,100,ZX_split,XZ,3.9036073069840396,3.790495668827584,0.9942651726864224,0.005734827313577551,,,,,,,,,
31,2,100,XYZ_split,XZ,3.9036073069840396,3.790495668827584,0.9786935438770541,0.021306456122945905,,,,,,,,,
31,2,100,ORACLE_plane,XZ,3.9036073069840396,3.790495668827584,0.9925344554414522,0.007465544558547754,,,,,,,,,
31,2,100,RL_adaptive,XZ,3.9036073069840396,3.790495668827584,0.9904684650826702,0.009531534917329831,11.0,0.0,8.0,41.0,16.0,4.0,12.0,0.0,8.0
31,2,250,Z_only,XZ,3.9036073069840396,3.790495668827584,0.6779746826825377,0.3220253173174623,,,,,,,,,
31,2,250,ZX_split,XZ,3.9036073069840396,3.790495668827584,0.999722536615808,0.00027746338419198935,,,,,,,,,
31,2,250,XYZ_split,XZ,3.9036073069840396,3.790495668827584,0.9887113706806164,0.01128862931938357,,,,,,,,,
31,2,250,ORACLE_plane,XZ,3.9036073069840396,3.790495668827584,0.9985671826353286,0.0014328173646713793,,,,,,,,,
31,2,250,RL_adaptive,XZ,3.9036073069840396,3.790495668827584,0.9897636819312403,0.010236318068759687,14.0,5.0,138.0,25.0,19.0,2.0,1.0,7.0,39.0
31,2,500,Z_only,XZ,3.9036073069840396,3.790495668827584,0.6779746826825377,0.3220253173174623,,,,,,,,,
31,2,500,ZX_split,XZ,3.9036073069840396,3.790495668827584,0.9985969045144042,0.0014030954855958067,,,,,,,,,
31,2,500,XYZ_split,XZ,3.9036073069840396,3.790495668827584,0.9988379315344001,0.0011620684655998526,,,,,,,,,
31,2,500,ORACLE_plane,XZ,3.9036073069840396,3.790495668827584,0.9995905115724381,0.0004094884275619437,,,,,,,,,
31,2,500,RL_adaptive,XZ,3.9036073069840396,3.790495668827584,0.9952840014097165,0.004715998590283488,82.0,71.0,153.0,14.0,26.0,50.0,0.0,8.0,96.0
31,3,10,Z_only,XZ,3.9036073069840396,3.790495668827584,0.6779746826825377,0.3220253173174623,,,,,,,,,
31,3,10,ZX_split,XZ,3.9036073069840396,3.790495668827584,0.9831804015786658,0.01681959842133418,,,,,,,,,
31,3,10,XYZ_split,XZ,3.9036073069840396,3.790495668827584,0.5323087862454365,0.46769121375456346,,,,,,,,,
31,3,10,ORACLE_plane,XZ,3.9036073069840396,3.790495668827584,0.9733475500592782,0.0266524499407218,,,,,,,,,
31,3,10,RL_adaptive,XZ,3.9036073069840396,3.790495668827584,0.6882613377870963,0.3117386622129037,4.0,0.0,2.0,0.0,2.0,0.0,0.0,0.0,2.0
31,3,25,Z_only,XZ,3.9036073069840396,3.790495668827584,0.6779746826825377,0.3220253173174623,,,,,,,,,
31,3,25,ZX_split,XZ,3.9036073069840396,3.790495668827584,0.9924859433784271,0.0075140566215728954,,,,,,,,,
31,3,25,XYZ_split,XZ,3.9036073069840396,3.790495668827584,0.8287766885167979,0.17122331148320213,,,,,,,,,
31,3,25,ORACLE_plane,XZ,3.9036073069840396,3.790495668827584,0.9964830135700056,0.0035169864299944287,,,,,,,,,
31,3,25,RL_adaptive,XZ,3.9036073069840396,3.790495668827584,0.9604011298202818,0.03959887017971819,7.0,0.0,0.0,2.0,2.0,4.0,0.0,7.0,3.0
31,3,50,Z_only,XZ,3.9036073069840396,3.790495668827584,0.6779746826825377,0.3220253173174623,,,,,,,,,
31,3,50,ZX_split,XZ,3.9036073069840396,3.790495668827584,0.9941718710888359,0.005828128911164132,,,,,,,,,
31,3,50,XYZ_split,XZ,3.9036073069840396,3.790495668827584,0.9641935777836632,0.035806422216336786,,,,,,,,,
31,3,50,ORACLE_plane,XZ,3.9036073069840396,3.790495668827584,0.9881111131945812,0.011888886805418775,,,,,,,,,
31,3,50,RL_adaptive,XZ,3.9036073069840396,3.790495668827584,0.9703048860977523,0.02969511390224766,11.0,1.0,0.0,0.0,7.0,3.0,0.0,18.0,10.0
31,3,100,Z_only,XZ,3.9036073069840396,3.790495668827584,0.6779746826825377,0.3220253173174623,,,,,,,,,
31,3,100,ZX_split,XZ,3.9036073069840396,3.790495668827584,0.989384094158804,0.010615905841195983,,,,,,,,,
31,3,100,XYZ_split,XZ,3.9036073069840396,3.790495668827584,0.9804865932091752,0.019513406790824805,,,,,,,,,
31,3,100,ORACLE_plane,XZ,3.9036073069840396,3.790495668827584,0.9945264147475346,0.0054735852524654405,,,,,,,,,
31,3,100,RL_adaptive,XZ,3.9036073069840396,3.790495668827584,0.9627923687558911,0.03720763124410886,13.0,0.0,6.0,38.0,20.0,1.0,10.0,0.0,12.0
31,3,250,Z_only,XZ,3.9036073069840396,3.790495668827584,0.6779746826825377,0.3220253173174623,,,,,,,,,
31,3,250,ZX_split,XZ,3.9036073069840396,3.790495668827584,0.99946534788881,0.0005346521111899705,,,,,,,,,
31,3,250,XYZ_split,XZ,3.9036073069840396,3.790495668827584,0.9962926483791589,0.003707351620841126,,,,,,,,,
31,3,250,ORACLE_plane,XZ,3.9036073069840396,3.790495668827584,0.9975977933031919,0.002402206696808129,,,,,,,,,
31,3,250,RL_adaptive,XZ,3.9036073069840396,3.790495668827584,0.9894492477409186,0.01055075225908142,22.0,1.0,133.0,18.0,28.0,0.0,1.0,0.0,47.0
31,3,500,Z_only,XZ,3.9036073069840396,3.790495668827584,0.6779746826825377,0.3220253173174623,,,,,,,,,
31,3,500,ZX_split,XZ,3.9036073069840396,3.790495668827584,0.9993974484329227,0.0006025515670773363,,,,,,,,,
31,3,500,XYZ_split,XZ,3.9036073069840396,3.790495668827584,0.9990664250764363,0.0009335749235637181,,,,,,,,,
31,3,500,ORACLE_plane,XZ,3.9036073069840396,3.790495668827584,0.9999128984355232,8.710156447677697e-05,,,,,,,,,
31,3,500,RL_adaptive,XZ,3.9036073069840396,3.790495668827584,0.9990147905919108,0.000985209408089216,81.0,77.0,151.0,15.0,18.0,55.0,1.0,9.0,93.0
31,4,10,Z_only,XZ,3.9036073069840396,3.790495668827584,0.6779746826825377,0.3220253173174623,,,,,,,,,
31,4,10,ZX_split,XZ,3.9036073069840396,3.790495668827584,0.5165869055716836,0.48341309442831637,,,,,,,,,
31,4,10,XYZ_split,XZ,3.9036073069840396,3.790495668827584,0.8355058139556422,0.16449418604435784,,,,,,,,,
31,4,10,ORACLE_plane,XZ,3.9036073069840396,3.790495668827584,0.6525965460224107,0.3474034539775893,,,,,,,,,
31,4,10,RL_adaptive,XZ,3.9036073069840396,3.790495668827584,0.9054674112433312,0.09453258875666881,5.0,0.0,0.0,0.0,3.0,0.0,0.0,0.0,2.0
31,4,25,Z_only,XZ,3.9036073069840396,3.790495668827584,0.6779746826825377,0.3220253173174623,,,,,,,,,
31,4,25,ZX_split,XZ,3.9036073069840396,3.790495668827584,0.9702892043952202,0.02971079560477985,,,,,,,,,
31,4,25,XYZ_split,XZ,3.9036073069840396,3.790495668827584,0.9784083011441894,0.02159169885581058,,,,,,,,,
31,4,25,ORACLE_plane,XZ,3.9036073069840396,3.790495668827584,0.989223039003648,0.010776960996351947,,,,,,,,,
31,4,25,RL_adaptive,XZ,3.9036073069840396,3.790495668827584,0.9214341738556759,0.07856582614432406,10.0,1.0,0.0,0.0,2.0,3.0,0.0,7.0,2.0
31,4,50,Z_only,XZ,3.9036073069840396,3.790495668827584,0.6779746826825377,0.3220253173174623,,,,,,,,,
31,4,50,ZX_split,XZ,3.9036073069840396,3.790495668827584,0.9967919427270742,0.003208057272925835,,,,,,,,,
31,4,50,XYZ_split,XZ,3.9036073069840396,3.790495668827584,0.9765773171013553,0.023422682898644687,,,,,,,,,
31,4,50,ORACLE_plane,XZ,3.9036073069840396,3.790495668827584,0.9749143812418287,0.02508561875817128,,,,,,,,,
31,4,50,RL_adaptive,XZ,3.9036073069840396,3.790495668827584,0.9387969455446199,0.0612030544553801,8.0,3.0,0.0,2.0,5.0,4.0,0.0,19.0,9.0
31,4,100,Z_only,XZ,3.9036073069840396,3.790495668827584,0.6779746826825377,0.3220253173174623,,,,,,,,,
31,4,100,ZX_split,XZ,3.9036073069840396,3.790495668827584,0.9948592744863122,0.005140725513687827,,,,,,,,,
31,4,100,XYZ_split,XZ,3.9036073069840396,3.790495668827584,0.8883324706534542,0.11166752934654578,,,,,,,,,
31,4,100,ORACLE_plane,XZ,3.9036073069840396,3.790495668827584,0.9947866555382598,0.005213344461740155,,,,,,,,,
31,4,100,RL_adaptive,XZ,3.9036073069840396,3.790495668827584,0.9844421161981528,0.015557883801847194,9.0,4.0,7.0,42.0,12.0,5.0,11.0,4.0,6.0
31,4,250,Z_only,XZ,3.9036073069840396,3.790495668827584,0.6779746826825377,0.3220253173174623,,,,,,,,,
31,4,250,ZX_split,XZ,3.9036073069840396,3.790495668827584,0.9995137098977562,0.00048629010224376934,,,,,,,,,
31,4,250,XYZ_split,XZ,3.9036073069840396,3.790495668827584,0.983411332364278,0.016588667635721976,,,,,,,,,
31,4,250,ORACLE_plane,XZ,3.9036073069840396,3.790495668827584,0.9921182109701442,0.007881789029855812,,,,,,,,,
31,4,250,RL_adaptive,XZ,3.9036073069840396,3.790495668827584,0.9771627984285022,0.022837201571497823,15.0,6.0,142.0,17.0,25.0,0.0,1.0,3.0,41.0
31,4,500,Z_only,XZ,3.9036073069840396,3.790495668827584,0.6779746826825377,0.3220253173174623,,,,,,,,,
31,4,500,ZX_split,XZ,3.9036073069840396,3.790495668827584,0.9992349381434544,0.000765061856545568,,,,,,,,,
31,4,500,XYZ_split,XZ,3.9036073069840396,3.790495668827584,0.9950775232722726,0.004922476727727387,,,,,,,,,
31,4,500,ORACLE_plane,XZ,3.9036073069840396,3.790495668827584,0.9993934287917631,0.0006065712082369279,,,,,,,,,
31,4,500,RL_adaptive,XZ,3.9036073069840396,3.790495668827584,0.992693240517252,0.007306759482747949,89.0,71.0,148.0,9.0,26.0,47.0,1.0,6.0,103.0
32,0,10,Z_only,XY,5.8849651746106035,4.318555108121448,0.2500000000000001,0.7499999999999999,,,,,,,,,
32,0,10,ZX_split,XY,5.8849651746106035,4.318555108121448,0.5249923920569366,0.4750076079430634,,,,,,,,,
32,0,10,XYZ_split,XY,5.8849651746106035,4.318555108121448,0.6687038854515115,0.3312961145484885,,,,,,,,,
32,0,10,ORACLE_plane,XY,5.8849651746106035,4.318555108121448,0.9846428729368403,0.015357127063159726,,,,,,,,,
32,0,10,RL_adaptive,XY,5.8849651746106035,4.318555108121448,0.5919922340958209,0.4080077659041791,2.0,0.0,3.0,0.0,2.0,0.0,0.0,1.0,2.0
32,0,25,Z_only,XY,5.8849651746106035,4.318555108121448,0.25,0.75,,,,,,,,,
32,0,25,ZX_split,XY,5.8849651746106035,4.318555108121448,0.6571809832167651,0.3428190167832349,,,,,,,,,
32,0,25,XYZ_split,XY,5.8849651746106035,4.318555108121448,0.9131517597435478,0.08684824025645221,,,,,,,,,
32,0,25,ORACLE_plane,XY,5.8849651746106035,4.318555108121448,0.9894825078976246,0.010517492102375403,,,,,,,,,
32,0,25,RL_adaptive,XY,5.8849651746106035,4.318555108121448,0.94885395977734,0.051146040222660005,6.0,0.0,2.0,0.0,3.0,3.0,0.0,9.0,2.0
32,0,50,Z_only,XY,5.8849651746106035,4.318555108121448,0.24999999999999994,0.75,,,,,,,,,
32,0,50,ZX_split,XY,5.8849651746106035,4.318555108121448,0.6632298962331435,0.33677010376685645,,,,,,,,,
32,0,50,XYZ_split,XY,5.8849651746106035,4.318555108121448,0.9460667406887646,0.05393325931123538,,,,,,,,,
32,0,50,ORACLE_plane,XY,5.8849651746106035,4.318555108121448,0.9962886862204513,0.0037113137795486972,,,,,,,,,
32,0,50,RL_adaptive,XY,5.8849651746106035,4.318555108121448,0.992457605672118,0.007542394327881952,7.0,3.0,0.0,1.0,7.0,1.0,2.0,20.0,9.0
32,0,100,Z_only,XY,5.8849651746106035,4.318555108121448,0.25,0.75,,,,,,,,,
32,0,100,ZX_split,XY,5.8849651746106035,4.318555108121448,0.6630735059333263,0.33692649406667374,,,,,,,,,
32,0,100,XYZ_split,XY,5.8849651746106035,4.318555108121448,0.9438768028018166,0.05612319719818337,,,,,,,,,
32,0,100,ORACLE_plane,XY,5.8849651746106035,4.318555108121448,0.9918424829132066,0.008157517086793353,,,,,,,,,
32,0,100,RL_adaptive,XY,5.8849651746106035,4.318555108121448,0.9626626919486851,0.037337308051314855,14.0,2.0,5.0,37.0,20.0,1.0,6.0,0.0,15.0
32,0,250,Z_only,XY,5.8849651746106035,4.318555108121448,0.25,0.75,,,,,,,,,
32,0,250,ZX_split,XY,5.8849651746106035,4.318555108121448,0.6589684051367403,0.34103159486325973,,,,,,,,,
32,0,250,XYZ_split,XY,5.8849651746106035,4.318555108121448,0.9984076600665702,0.001592339933429776,,,,,,,,,
32,0,250,ORACLE_plane,XY,5.8849651746106035,4.318555108121448,0.9923819858906539,0.0076180141093461495,,,,,,,,,
32,0,250,RL_adaptive,XY,5.8849651746106035,4.318555108121448,0.9949452402883405,0.005054759711659473,10.0,16.0,133.0,17.0,11.0,9.0,16.0,17.0,21.0
32,0,500,Z_only,XY,5.8849651746106035,4.318555108121448,0.2500000000000001,0.7499999999999999,,,,,,,,,
32,0,500,ZX_split,XY,5.8849651746106035,4.318555108121448,0.6554184750501306,0.3445815249498694,,,,,,,,,
32,0,500,XYZ_split,XY,5.8849651746106035,4.318555108121448,0.9951715778703697,0.004828422129630305,,,,,,,,,
32,0,500,ORACLE_plane,XY,5.8849651746106035,4.318555108121448,0.999509055650501,0.000490944349499034,,,,,,,,,
32,0,500,RL_adaptive,XY,5.8849651746106035,4.318555108121448,0.9866100285079598,0.013389971492040242,73.0,48.0,176.0,1.0,84.0,19.0,6.0,19.0,74.0
32,1,10,Z_only,XY,5.8849651746106035,4.318555108121448,0.24999999999999994,0.75,,,,,,,,,
32,1,10,ZX_split,XY,5.8849651746106035,4.318555108121448,0.5690502796432078,0.43094972035679224,,,,,,,,,
32,1,10,XYZ_split,XY,5.8849651746106035,4.318555108121448,0.8082783868631346,0.19172161313686542,,,,,,,,,
32,1,10,ORACLE_plane,XY,5.8849651746106035,4.318555108121448,0.9853858551977535,0.014614144802246543,,,,,,,,,
32,1,10,RL_adaptive,XY,5.8849651746106035,4.318555108121448,0.3561718318467389,0.6438281681532612,2.0,0.0,2.0,0.0,2.0,0.0,0.0,1.0,3.0
32,1,25,Z_only,XY,5.8849651746106035,4.318555108121448,0.24999999999999983,0.7500000000000002,,,,,,,,,
32,1,25,ZX_split,XY,5.8849651746106035,4.318555108121448,0.5819608170970592,0.41803918290294084,,,,,,,,,
32,1,25,XYZ_split,XY,5.8849651746106035,4.318555108121448,0.8884136243442209,0.11158637565577911,,,,,,,,,
32,1,25,ORACLE_plane,XY,5.8849651746106035,4.318555108121448,0.9607055964302359,0.0392944035697641,,,,,,,,,
32,1,25,RL_adaptive,XY,5.8849651746106035,4.318555108121448,0.9619549017654618,0.038045098234538166,5.0,1.0,0.0,1.0,2.0,3.0,0.0,11.0,2.0
32,1,50,Z_only,XY,5.8849651746106035,4.318555108121448,0.2500000000000001,0.7499999999999999,,,,,,,,,
32,1,50,ZX_split,XY,5.8849651746106035,4.318555108121448,0.6394051290243893,0.3605948709756107,,,,,,,,,
32,1,50,XYZ_split,XY,5.8849651746106035,4.318555108121448,0.9614803007211945,0.0385196992788055,,,,,,,,,
32,1,50,ORACLE_plane,XY,5.8849651746106035,4.318555108121448,0.9843639693391896,0.01563603066081043,,,,,,,,,
32,1,50,RL_adaptive,XY,5.8849651746106035,4.318555108121448,0.9490895428497103,0.050910457150289745,9.0,1.0,0.0,0.0,9.0,0.0,1.0,19.0,11.0
32,1,100,Z_only,XY,5.8849651746106035,4.318555108121448,0.2500000000000001,0.7499999999999999,,,,,,,,,
32,1,100,ZX_split,XY,5.8849651746106035,4.318555108121448,0.6098668627021275,0.39013313729787247,,,,,,,,,
32,1,100,XYZ_split,XY,5.8849651746106035,4.318555108121448,0.9312120956772669,0.06878790432273307,,,,,,,,,
32,1,100,ORACLE_plane,XY,5.8849651746106035,4.318555108121448,0.9993224932185253,0.0006775067814747127,,,,,,,,,
32,1,100,RL_adaptive,XY,5.8849651746106035,4.318555108121448,0.9196285221375897,0.08037147786241028,13.0,3.0,8.0,37.0,18.0,0.0,6.0,0.0,15.0
32,1,250,Z_only,XY,5.8849651746106035,4.318555108121448,0.2500000000000001,0.7499999999999999,,,,,,,,,
32,1,250,ZX_split,XY,5.8849651746106035,4.318555108121448,0.6602402544531342,0.33975974554686583,,,,,,,,,
32,1,250,XYZ_split,XY,5.8849651746106035,4.318555108121448,0.9751410500782867,0.024858949921713336,,,,,,,,,
32,1,250,ORACLE_plane,XY,5.8849651746106035,4.318555108121448,0.9943791696667156,0.005620830333284421,,,,,,,,,
32,1,250,RL_adaptive,XY,5.8849651746106035,4.318555108121448,0.9940523392298272,0.005947660770172836,9.0,14.0,140.0,16.0,11.0,8.0,14.0,16.0,22.0
32,1,500,Z_only,XY,5.8849651746106035,4.318555108121448,0.24999999999999983,0.7500000000000002,,,,,,,,,
32,1,500,ZX_split,XY,5.8849651746106035,4.318555108121448,0.6594247884497151,0.3405752115502849,,,,,,,,,
32,1,500,XYZ_split,XY,5.8849651746106035,4.318555108121448,0.9954882672655954,0.004511732734404639,,,,,,,,,
32,1,500,ORACLE_plane,XY,5.8849651746106035,4.318555108121448,0.9997062894080828,0.0002937105919171845,,,,,,,,,
32,1,500,RL_adaptive,XY,5.8849651746106035,4.318555108121448,0.9941876053072563,0.00581239469274375,61.0,69.0,169.0,0.0,66.0,35.0,17.0,21.0,62.0
32,2,10,Z_only,XY,5.8849651746106035,4.318555108121448,0.25,0.75,,,,,,,,,
32,2,10,ZX_split,XY,5.8849651746106035,4.318555108121448,0.5249923920569366,0.4750076079430634,,,,,,,,,
32,2,10,XYZ_split,XY,5.8849651746106035,4.318555108121448,0.641379787821786,0.35862021217821405,,,,,,,,,
32,2,10,ORACLE_plane,XY,5.8849651746106035,4.318555108121448,0.9573009314832859,0.04269906851671412,,,,,,,,,
32,2,10,RL_adaptive,XY,5.8849651746106035,4.318555108121448,0.7107272757571864,0.2892727242428136,4.0,0.0,0.0,0.0,2.0,0.0,0.0,2.0,2.0
32,2,25,Z_only,XY,5.8849651746106035,4.318555108121448,0.24999999999999994,0.75,,,,,,,,,
32,2,25,ZX_split,XY,5.8849651746106035,4.318555108121448,0.6469136735043229,0.35308632649567706,,,,,,,,,
32,2,25,XYZ_split,XY,5.8849651746106035,4.318555108121448,0.9724395099343467,0.02756049006565331,,,,,,,,,
32,2,25,ORACLE_plane,XY,5.8849651746106035,4.318555108121448,0.9919786655867618,0.008021334413238157,,,,,,,,,
32,2,25,RL_adaptive,XY,5.8849651746106035,4.318555108121448,0.9313630196793946,0.06863698032060539,7.0,1.0,0.0,2.0,2.0,2.0,0.0,9.0,2.0
32,2,50,Z_only,XY,5.8849651746106035,4.318555108121448,0.2500000000000001,0.7499999999999999,,,,,,,,,
32,2,50,ZX_split,XY,5.8849651746106035,4.318555108121448,0.6472728219178143,0.3527271780821857,,,,,,,,,
32,2,50,XYZ_split,XY,5.8849651746106035,4.318555108121448,0.9687681922937418,0.03123180770625822,,,,,,,,,
32,2,50,ORACLE_plane,XY,5.8849651746106035,4.318555108121448,0.9735311331016188,0.026468866898381238,,,,,,,,,
32,2,50,RL_adaptive,XY,5.8849651746106035,4.318555108121448,0.9784688049375292,0.02153119506247081,8.0,2.0,0.0,0.0,8.0,1.0,2.0,20.0,9.0
32,2,100,Z_only,XY,5.8849651746106035,4.318555108121448,0.24999999999999983,0.7500000000000002,,,,,,,,,
32,2,100,ZX_split,XY,5.8849651746106035,4.318555108121448,0.6608581430349202,0.3391418569650798,,,,,,,,,
32,2,100,XYZ_split,XY,5.8849651746106035,4.318555108121448,0.9754185541813781,0.024581445818621872,,,,,,,,,
32,2,100,ORACLE_plane,XY,5.8849651746106035,4.318555108121448,0.993671272455961,0.0063287275440390145,,,,,,,,,
32,2,100,RL_adaptive,XY,5.8849651746106035,4.318555108121448,0.9657590655992304,0.034240934400769585,14.0,2.0,4.0,39.0,19.0,2.0,6.0,0.0,14.0
32,2,250,Z_only,XY,5.8849651746106035,4.318555108121448,0.24999999999999983,0.7500000000000002,,,,,,,,,
32,2,250,ZX_split,XY,5.8849651746106035,4.318555108121448,0.6640787066337345,0.3359212933662655,,,,,,,,,
32,2,250,XYZ_split,XY,5.8849651746106035,4.318555108121448,0.9972431662649781,0.0027568337350218908,,,,,,,,,
32,2,250,ORACLE_plane,XY,5.8849651746106035,4.318555108121448,0.9974897668458801,0.002510233154119912,,,,,,,,,
32,2,250,RL_adaptive,XY,5.8849651746106035,4.318555108121448,0.994298082345944,0.005701917654056032,14.0,12.0,136.0,13.0,17.0,4.0,11.0,12.0,31.0
32,2,500,Z_only,XY,5.8849651746106035,4.318555108121448,0.24999999999999983,0.7500000000000002,,,,,,,,,
32,2,500,ZX_split,XY,5.8849651746106035,4.318555108121448,0.6641746070462992,0.33582539295370084,,,,,,,,,
32,2,500,XYZ_split,XY,5.8849651746106035,4.318555108121448,0.9841208814147799,0.015879118585220064,,,,,,,,,
32,2,500,ORACLE_plane,XY,5.8849651746106035,4.318555108121448,0.9992971040192482,0.0007028959807517943,,,,,,,,,
32,2,500,RL_adaptive,XY,5.8849651746106035,4.318555108121448,0.9936319420432853,0.00636805795671469,65.0,61.0,173.0,0.0,73.0,30.0,11.0,21.0,66.0
32,3,10,Z_only,XY,5.8849651746106035,4.318555108121448,0.2500000000000001,0.7499999999999999,,,,,,,,,
32,3,10,ZX_split,XY,5.8849651746106035,4.318555108121448,0.6051106911185268,0.3948893088814732,,,,,,,,,
32,3,10,XYZ_split,XY,5.8849651746106035,4.318555108121448,0.8102117186896258,0.18978828131037417,,,,,,,,,
32,3,10,ORACLE_plane,XY,5.8849651746106035,4.318555108121448,0.9846428729368403,0.015357127063159726,,,,,,,,,
32,3,10,RL_adaptive,XY,5.8849651746106035,4.318555108121448,0.5121557395630034,0.4878442604369966,4.0,0.0,0.0,0.0,2.0,0.0,0.0,0.0,4.0
32,3,25,Z_only,XY,5.8849651746106035,4.318555108121448,0.25,0.75,,,,,,,,,
32,3,25,ZX_split,XY,5.8849651746106035,4.318555108121448,0.6003313561574467,0.3996686438425533,,,,,,,,,
32,3,25,XYZ_split,XY,5.8849651746106035,4.318555108121448,0.8598478560789039,0.1401521439210961,,,,,,,,,
32,3,25,ORACLE_plane,XY,5.8849651746106035,4.318555108121448,0.9871809512887881,0.012819048711211867,,,,,,,,,
32,3,25,RL_adaptive,XY,5.8849651746106035,4.318555108121448,0.9678015764018614,0.032198423598138626,8.0,0.0,0.0,0.0,2.0,4.0,0.0,9.0,2.0
32,3,50,Z_only,XY,5.8849651746106035,4.318555108121448,0.2500000000000001,0.7499999999999999,,,,,,,,,
32,3,50,ZX_split,XY,5.8849651746106035,4.318555108121448,0.661365057833184,0.338634942166816,,,,,,,,,
32,3,50,XYZ_split,XY,5.8849651746106035,4.318555108121448,0.9572066003910837,0.04279339960891626,,,,,,,,,
32,3,50,ORACLE_plane,XY,5.8849651746106035,4.318555108121448,0.9800670054280841,0.019932994571915885,,,,,,,,,
32,3,50,RL_adaptive,XY,5.8849651746106035,4.318555108121448,0.9247615193818568,0.0752384806181432,11.0,0.0,0.0,0.0,11.0,0.0,1.0,17.0,10.0
32,3,100,Z_only,XY,5.8849651746106035,4.318555108121448,0.25,0.75,,,,,,,,,
32,3,100,ZX_split,XY,5.8849651746106035,4.318555108121448,0.664521032087483,0.33547896791251697,,,,,,,,,
32,3,100,XYZ_split,XY,5.8849651746106035,4.318555108121448,0.9891183520383654,0.0108816479616346,,,,,,,,,
32,3,100,ORACLE_plane,XY,5.8849651746106035,4.318555108121448,0.9861275383626886,0.013872461637311373,,,,,,,,,
32,3,100,RL_adaptive,XY,5.8849651746106035,4.318555108121448,0.9989466343844629,0.0010533656155371496,10.0,5.0,6.0,38.0,14.0,5.0,9.0,3.0,10.0
32,3,250,Z_only,XY,5.8849651746106035,4.318555108121448,0.2500000000000001,0.7499999999999999,,,,,,,,,
32,3,250,ZX_split,XY,5.8849651746106035,4.318555108121448,0.6641082187109654,0.33589178128903463,,,,,,,,,
32,3,250,XYZ_split,XY,5.8849651746106035,4.318555108121448,0.9807892776712714,0.019210722328728558,,,,,,,,,
32,3,250,ORACLE_plane,XY,5.8849651746106035,4.318555108121448,0.9981520780073099,0.001847921992690127,,,,,,,,,
32,3,250,RL_adaptive,XY,5.8849651746106035,4.318555108121448,0.9684568387893008,0.03154316121069922,11.0,15.0,135.0,15.0,14.0,6.0,13.0,13.0,28.0
32,3,500,Z_only,XY,5.8849651746106035,4.318555108121448,0.24999999999999994,0.75,,,,,,,,,
32,3,500,ZX_split,XY,5.8849651746106035,4.318555108121448,0.6600640630906942,0.3399359369093058,,,,,,,,,
32,3,500,XYZ_split,XY,5.8849651746106035,4.318555108121448,0.9984706937400292,0.0015293062599708307,,,,,,,,,
32,3,500,ORACLE_plane,XY,5.8849651746106035,4.318555108121448,0.9989062508957478,0.0010937491042521952,,,,,,,,,
32,3,500,RL_adaptive,XY,5.8849651746106035,4.318555108121448,0.9903756494387211,0.00962435056127886,55.0,81.0,167.0,1.0,49.0,44.0,22.0,27.0,54.0
32,4,10,Z_only,XY,5.8849651746106035,4.318555108121448,0.25,0.75,,,,,,,,,
32,4,10,ZX_split,XY,5.8849651746106035,4.318555108121448,0.5337197185702885,0.46628028142971145,,,,,,,,,
32,4,10,XYZ_split,XY,5.8849651746106035,4.318555108121448,0.628630270465886,0.37136972953411396,,,,,,,,,
32,4,10,ORACLE_plane,XY,5.8849651746106035,4.318555108121448,0.9524880954593359,0.04751190454066412,,,,,,,,,
32,4,10,RL_adaptive,XY,5.8849651746106035,4.318555108121448,0.7866668590919565,0.21333314090804345,3.0,0.0,1.0,0.0,2.0,1.0,1.0,0.0,2.0
32,4,25,Z_only,XY,5.8849651746106035,4.318555108121448,0.24999999999999994,0.75,,,,,,,,,
32,4,25,ZX_split,XY,5.8849651746106035,4.318555108121448,0.622233384808359,0.377766615191641,,,,,,,,,
32,4,25,XYZ_split,XY,5.8849651746106035,4.318555108121448,0.9546789725607312,0.0453210274392688,,,,,,,,,
32,4,25,ORACLE_plane,XY,5.8849651746106035,4.318555108121448,0.9763297117058748,0.023670288294125208,,,,,,,,,
32,4,25,RL_adaptive,XY,5.8849651746106035,4.318555108121448,0.9426456424512311,0.05735435754876894,8.0,1.0,0.0,0.0,2.0,3.0,0.0,9.0,2.0
32,4,50,Z_only,XY,5.8849651746106035,4.318555108121448,0.24999999999999994,0.75,,,,,,,,,
32,4,50,ZX_split,XY,5.8849651746106035,4.318555108121448,0.623440712537773,0.376559287462227,,,,,,,,,
32,4,50,XYZ_split,XY,5.8849651746106035,4.318555108121448,0.9519709919771703,0.04802900802282972,,,,,,,,,
32,4,50,ORACLE_plane,XY,5.8849651746106035,4.318555108121448,0.9817567835193314,0.018243216480668623,,,,,,,,,
32,4,50,RL_adaptive,XY,5.8849651746106035,4.318555108121448,0.936231132413202,0.063768867586798,10.0,1.0,0.0,0.0,7.0,1.0,1.0,20.0,10.0
32,4,100,Z_only,XY,5.8849651746106035,4.318555108121448,0.24999999999999994,0.75,,,,,,,,,
32,4,100,ZX_split,XY,5.8849651746106035,4.318555108121448,0.6633939105466431,0.3366060894533569,,,,,,,,,
32,4,100,XYZ_split,XY,5.8849651746106035,4.318555108121448,0.9830574414754242,0.016942558524575824,,,,,,,,,
32,4,100,ORACLE_plane,XY,5.8849651746106035,4.318555108121448,0.9962086836992265,0.0037913163007734507,,,,,,,,,
32,4,100,RL_adaptive,XY,5.8849651746106035,4.318555108121448,0.9891976259932421,0.010802374006757876,12.0,3.0,5.0,41.0,16.0,3.0,7.0,2.0,11.0
32,4,250,Z_only,XY,5.8849651746106035,4.318555108121448,0.2500000000000001,0.7499999999999999,,,,,,,,,
32,4,250,ZX_split,XY,5.8849651746106035,4.318555108121448,0.6638228643482446,0.33617713565175544,,,,,,,,,
32,4,250,XYZ_split,XY,5.8849651746106035,4.318555108121448,0.9877599952120965,0.012240004787903547,,,,,,,,,
32,4,250,ORACLE_plane,XY,5.8849651746106035,4.318555108121448,0.9982860621882073,0.0017139378117927428,,,,,,,,,
32,4,250,RL_adaptive,XY,5.8849651746106035,4.318555108121448,0.9998892465567605,0.00011075344323951963,12.0,12.0,138.0,15.0,15.0,4.0,13.0,13.0,28.0
32,4,500,Z_only,XY,5.8849651746106035,4.318555108121448,0.24999999999999994,0.75,,,,,,,,,
32,4,500,ZX_split,XY,5.8849651746106035,4.318555108121448,0.660125746465423,0.339874253534577,,,,,,,,,
32,4,500,XYZ_split,XY,5.8849651746106035,4.318555108121448,0.9975973517261425,0.0024026482738574995,,,,,,,,,
32,4,500,ORACLE_plane,XY,5.8849651746106035,4.318555108121448,0.9992099906403262,0.0007900093596737712,,,,,,,,,
32,4,500,RL_adaptive,XY,5.8849651746106035,4.318555108121448,0.9982736870717189,0.0017263129282810707,54.0,72.0,173.0,2.0,56.0,43.0,20.0,26.0,54.0
33,0,10,Z_only,YZ,0.5578194192164847,2.285746389527047,0.6710449631512965,0.32895503684870353,,,,,,,,,
33,0,10,ZX_split,YZ,0.5578194192164847,2.285746389527047,0.6187134450901648,0.3812865549098352,,,,,,,,,
33,0,10,XYZ_split,YZ,0.5578194192164847,2.285746389527047,0.9054538801644697,0.0945461198355303,,,,,,,,,
33,0,10,ORACLE_plane,YZ,0.5578194192164847,2.285746389527047,0.9786418724783784,0.021358127521621584,,,,,,,,,
33,0,10,RL_adaptive,YZ,0.5578194192164847,2.285746389527047,0.579053027631992,0.42094697236800804,5.0,0.0,0.0,0.0,2.0,0.0,0.0,1.0,2.0
33,0,25,Z_only,YZ,0.5578194192164847,2.285746389527047,0.6710449631512965,0.32895503684870353,,,,,,,,,
33,0,25,ZX_split,YZ,0.5578194192164847,2.285746389527047,0.6427950707640447,0.35720492923595526,,,,,,,,,
33,0,25,XYZ_split,YZ,0.5578194192164847,2.285746389527047,0.8498950957976211,0.15010490420237887,,,,,,,,,
33,0,25,ORACLE_plane,YZ,0.5578194192164847,2.285746389527047,0.975939595081494,0.02406040491850603,,,,,,,,,
33,0,25,RL_adaptive,YZ,0.5578194192164847,2.285746389527047,0.9276513513208451,0.07234864867915491,6.0,0.0,0.0,5.0,2.0,1.0,0.0,8.0,3.0
33,0,50,Z_only,YZ,0.5578194192164847,2.285746389527047,0.6710449631512965,0.32895503684870353,,,,,,,,,
33,0,50,ZX_split,YZ,0.5578194192164847,2.285746389527047,0.6703250789715278,0.3296749210284722,,,,,,,,,
33,0,50,XYZ_split,YZ,0.5578194192164847,2.285746389527047,0.9771083702281631,0.022891629771836897,,,,,,,,,
33,0,50,ORACLE_plane,YZ,0.5578194192164847,2.285746389527047,0.9909030029503696,0.009096997049630406,,,,,,,,,
33,0,50,RL_adaptive,YZ,0.5578194192164847,2.285746389527047,0.9668400328587732,0.03315996714122682,11.0,0.0,1.0,0.0,9.0,0.0,0.0,17.0,12.0
33,0,100,Z_only,YZ,0.5578194192164847,2.285746389527047,0.6710449631512965,0.32895503684870353,,,,,,,,,
33,0,100,ZX_split,YZ,0.5578194192164847,2.285746389527047,0.6506589013304872,0.3493410986695128,,,,,,,,,
33,0,100,XYZ_split,YZ,0.5578194192164847,2.285746389527047,0.9944597044771685,0.005540295522831529,,,,,,,,,
33,0,100,ORACLE_plane,YZ,0.5578194192164847,2.285746389527047,0.9848900665526431,0.015109933447356894,,,,,,,,,
33,0,100,RL_adaptive,YZ,0.5578194192164847,2.285746389527047,0.9829780581927244,0.017021941807275565,9.0,3.0,7.0,45.0,9.0,8.0,11.0,2.0,6.0
33,0,250,Z_only,YZ,0.5578194192164847,2.285746389527047,0.6710449631512965,0.32895503684870353,,,,,,,,,
33,0,250,ZX_split,YZ,0.5578194192164847,2.285746389527047,0.6653959677967446,0.3346040322032554,,,,,,,,,
33,0,250,XYZ_split,YZ,0.5578194192164847,2.285746389527047,0.9938816220441511,0.006118377955848908,,,,,,,,,
33,0,250,ORACLE_plane,YZ,0.5578194192164847,2.285746389527047,0.9942035603584721,0.005796439641527873,,,,,,,,,
33,0,250,RL_adaptive,YZ,0.5578194192164847,2.285746389527047,0.9911795457906681,0.008820454209331863,18.0,18.0,128.0,8.0,13.0,12.0,19.0,7.0,27.0
33,0,500,Z_only,YZ,0.5578194192164847,2.285746389527047,0.6710449631512965,0.32895503684870353,,,,,,,,,
33,0,500,ZX_split,YZ,0.5578194192164847,2.285746389527047,0.66550654108468,0.33449345891532,,,,,,,,,
33,0,500,XYZ_split,YZ,0.5578194192164847,2.285746389527047,0.9757805633606762,0.0242194366393238,,,,,,,,,
33,0,500,ORACLE_plane,YZ,0.5578194192164847,2.285746389527047,0.9983259040204068,0.0016740959795932264,,,,,,,,,
33,0,500,RL_adaptive,YZ,0.5578194192164847,2.285746389527047,0.9991762498141661,0.0008237501858339158,75.0,119.0,122.0,1.0,13.0,61.0,30.0,3.0,76.0
33,1,10,Z_only,YZ,0.5578194192164847,2.285746389527047,0.6710449631512965,0.32895503684870353,,,,,,,,,
33,1,10,ZX_split,YZ,0.5578194192164847,2.285746389527047,0.5009203827175156,0.4990796172824844,,,,,,,,,
33,1,10,XYZ_split,YZ,0.5578194192164847,2.285746389527047,0.9577267300755238,0.04227326992447622,,,,,,,,,
33,1,10,ORACLE_plane,YZ,0.5578194192164847,2.285746389527047,0.9849094322349378,0.015090567765062235,,,,,,,,,
33,1,10,RL_adaptive,YZ,0.5578194192164847,2.285746389527047,0.9727523775931719,0.027247622406828098,2.0,0.0,3.0,0.0,2.0,0.0,0.0,1.0,2.0
33,1,25,Z_only,YZ,0.5578194192164847,2.285746389527047,0.6710449631512965,0.32895503684870353,,,,,,,,,
33,1,25,ZX_split,YZ,0.5578194192164847,2.285746389527047,0.6710449631512965,0.32895503684870353,,,,,,,,,
33,1,25,XYZ_split,YZ,0.5578194192164847,2.285746389527047,0.9721168609329515,0.027883139067048535,,,,,,,,,
33,1,25,ORACLE_plane,YZ,0.5578194192164847,2.285746389527047,0.8639550774644762,0.1360449225355238,,,,,,,,,
33,1,25,RL_adaptive,YZ,0.5578194192164847,2.285746389527047,0.9503994162032523,0.0496005837967477,2.0,2.0,2.0,7.0,3.0,1.0,0.0,5.0,3.0
33,1,50,Z_only,YZ,0.5578194192164847,2.285746389527047,0.6710449631512965,0.32895503684870353,,,,,,,,,
33,1,50,ZX_split,YZ,0.5578194192164847,2.285746389527047,0.6335256056662902,0.36647439433370976,,,,,,,,,
33,1,50,XYZ_split,YZ,0.5578194192164847,2.285746389527047,0.970990473241321,0.02900952675867896,,,,,,,,,
33,1,50,ORACLE_plane,YZ,0.5578194192164847,2.285746389527047,0.9882149068542291,0.01178509314577092,,,,,,,,,
33,1,50,RL_adaptive,YZ,0.5578194192164847,2.285746389527047,0.9505948932698323,0.049405106730167736,13.0,1.0,0.0,0.0,7.0,1.0,0.0,16.0,12.0
33,1,100,Z_only,YZ,0.5578194192164847,2.285746389527047,0.6710449631512965,0.32895503684870353,,,,,,,,,
33,1,100,ZX_split,YZ,0.5578194192164847,2.285746389527047,0.6552549147236462,0.34474508527635384,,,,,,,,,
33,1,100,XYZ_split,YZ,0.5578194192164847,2.285746389527047,0.9748030293692462,0.025196970630753768,,,,,,,,,
33,1,100,ORACLE_plane,YZ,0.5578194192164847,2.285746389527047,0.9734303614514807,0.026569638548519348,,,,,,,,,
33,1,100,RL_adaptive,YZ,0.5578194192164847,2.285746389527047,0.9980370407707846,0.0019629592292154108,9.0,2.0,6.0,46.0,11.0,6.0,12.0,1.0,7.0
33,1,250,Z_only,YZ,0.5578194192164847,2.285746389527047,0.6710449631512965,0.32895503684870353,,,,,,,,,
33,1,250,ZX_split,YZ,0.5578194192164847,2.285746389527047,0.6686097977275547,0.3313902022724453,,,,,,,,,
33,1,250,XYZ_split,YZ,0.5578194192164847,2.285746389527047,0.9867129932878177,0.013287006712182303,,,,,,,,,
33,1,250,ORACLE_plane,YZ,0.5578194192164847,2.285746389527047,0.9990474709693815,0.0009525290306184875,,,,,,,,,
33,1,250,RL_adaptive,YZ,0.5578194192164847,2.285746389527047,0.9813218134200845,0.01867818657991549,27.0,15.0,124.0,2.0,23.0,7.0,16.0,1.0,35.0
33,1,500,Z_only,YZ,0.5578194192164847,2.285746389527047,0.6710449631512965,0.32895503684870353,,,,,,,,,
33,1,500,ZX_split,YZ,0.5578194192164847,2.285746389527047,0.6707742468724883,0.3292257531275117,,,,,,,,,
33,1,500,XYZ_split,YZ,0.5578194192164847,2.285746389527047,0.9994474319054747,0.0005525680945253075,,,,,,,,,
33,1,500,ORACLE_plane,YZ,0.5578194192164847,2.285746389527047,0.9989401940156358,0.0010598059843641705,,,,,,,,,
33,1,500,RL_adaptive,YZ,0.5578194192164847,2.285746389527047,0.993093725288844,0.006906274711156013,72.0,121.0,124.0,2.0,9.0,65.0,29.0,4.0,74.0
33,2,10,Z_only,YZ,0.5578194192164847,2.285746389527047,0.6710449631512965,0.32895503684870353,,,,,,,,,
33,2,10,ZX_split,YZ,0.5578194192164847,2.285746389527047,0.6536189860161098,0.3463810139838902,,,,,,,,,
33,2,10,XYZ_split,YZ,0.5578194192164847,2.285746389527047,0.9849094322349378,0.015090567765062235,,,,,,,,,
33,2,10,ORACLE_plane,YZ,0.5578194192164847,2.285746389527047,0.9439982394556766,0.056001760544323376,,,,,,,,,
33,2,10,RL_adaptive,YZ,0.5578194192164847,2.285746389527047,0.8461840218293386,0.1538159781706614,5.0,1.0,0.0,0.0,2.0,0.0,0.0,0.0,2.0
33,2,25,Z_only,YZ,0.5578194192164847,2.285746389527047,0.6710449631512965,0.32895503684870353,,,,,,,,,
33,2,25,ZX_split,YZ,0.5578194192164847,2.285746389527047,0.6567920857813967,0.3432079142186033,,,,,,,,,
33,2,25,XYZ_split,YZ,0.5578194192164847,2.285746389527047,0.9185513208105172,0.08144867918948284,,,,,,,,,
33,2,25,ORACLE_plane,YZ,0.5578194192164847,2.285746389527047,0.9908323477593751,0.00916765224062488,,,,,,,,,
33,2,25,RL_adaptive,YZ,0.5578194192164847,2.285746389527047,0.9580518188416649,0.041948181158335096,4.0,3.0,0.0,6.0,2.0,1.0,0.0,5.0,4.0
33,2,50,Z_only,YZ,0.5578194192164847,2.285746389527047,0.6710449631512965,0.32895503684870353,,,,,,,,,
33,2,50,ZX_split,YZ,0.5578194192164847,2.285746389527047,0.6376351136019411,0.36236488639805886,,,,,,,,,
33,2,50,XYZ_split,YZ,0.5578194192164847,2.285746389527047,0.9782547858201124,0.021745214179887618,,,,,,,,,
33,2,50,ORACLE_plane,YZ,0.5578194192164847,2.285746389527047,0.9931011327213781,0.0068988672786218785,,,,,,,,,
33,2,50,RL_adaptive,YZ,0.5578194192164847,2.285746389527047,0.9049642556748457,0.09503574432515427,12.0,1.0,0.0,0.0,6.0,2.0,0.0,18.0,11.0
33,2,100,Z_only,YZ,0.5578194192164847,2.285746389527047,0.6710449631512965,0.32895503684870353,,,,,,,,,
33,2,100,ZX_split,YZ,0.5578194192164847,2.285746389527047,0.6522233652454605,0.34777663475453946,,,,,,,,,
33,2,100,XYZ_split,YZ,0.5578194192164847,2.285746389527047,0.9875871263950884,0.012412873604911612,,,,,,,,,
33,2,100,ORACLE_plane,YZ,0.5578194192164847,2.285746389527047,0.9883936815881217,0.011606318411878314,,,,,,,,,
33,2,100,RL_adaptive,YZ,0.5578194192164847,2.285746389527047,0.9916747465946466,0.008325253405353394,11.0,2.0,6.0,42.0,12.0,6.0,9.0,2.0,10.0
33,2,250,Z_only,YZ,0.5578194192164847,2.285746389527047,0.6710449631512965,0.32895503684870353,,,,,,,,,
33,2,250,ZX_split,YZ,0.5578194192164847,2.285746389527047,0.6618487367754818,0.33815126322451816,,,,,,,,,
33,2,250,XYZ_split,YZ,0.5578194192164847,2.285746389527047,0.984658422969814,0.015341577030186015,,,,,,,,,
33,2,250,ORACLE_plane,YZ,0.5578194192164847,2.285746389527047,0.999854392621003,0.000145607378997048,,,,,,,,,
33,2,250,RL_adaptive,YZ,0.5578194192164847,2.285746389527047,0.9930853375570213,0.00691466244297867,22.0,16.0,128.0,5.0,18.0,10.0,18.0,3.0,30.0
33,2,500,Z_only,YZ,0.5578194192164847,2.285746389527047,0.6710449631512965,0.32895503684870353,,,,,,,,,
33,2,500,ZX_split,YZ,0.5578194192164847,2.285746389527047,0.6707654289015054,0.32923457109849463,,,,,,,,,
33,2,500,XYZ_split,YZ,0.5578194192164847,2.285746389527047,0.9994680646406906,0.000531935359309399,,,,,,,,,
33,2,500,ORACLE_plane,YZ,0.5578194192164847,2.285746389527047,0.9949100973423429,0.005089902657657075,,,,,,,,,
33,2,500,RL_adaptive,YZ,0.5578194192164847,2.285746389527047,0.9975765187780409,0.002423481221959123,79.0,116.0,123.0,0.0,19.0,57.0,25.0,1.0,80.0
33,3,10,Z_only,YZ,0.5578194192164847,2.285746389527047,0.6710449631512965,0.32895503684870353,,,,,,,,,
33,3,10,ZX_split,YZ,0.5578194192164847,2.285746389527047,0.6536189860161098,0.3463810139838902,,,,,,,,,
33,3,10,XYZ_split,YZ,0.5578194192164847,2.285746389527047,0.8615315468200656,0.1384684531799344,,,,,,,,,
33,3,10,ORACLE_plane,YZ,0.5578194192164847,2.285746389527047,0.9627578282511025,0.037242171748897546,,,,,,,,,
33,3,10,RL_adaptive,YZ,0.5578194192164847,2.285746389527047,0.9537980423824474,0.046201957617552636,2.0,0.0,3.0,0.0,2.0,0.0,0.0,1.0,2.0
33,3,25,Z_only,YZ,0.5578194192164847,2.285746389527047,0.6710449631512965,0.32895503684870353,,,,,,,,,
33,3,25,ZX_split,YZ,0.5578194192164847,2.285746389527047,0.6548813751129905,0.3451186248870095,,,,,,,,,
33,3,25,XYZ_split,YZ,0.5578194192164847,2.285746389527047,0.9010440870646766,0.09895591293532335,,,,,,,,,
33,3,25,ORACLE_plane,YZ,0.5578194192164847,2.285746389527047,0.9897157560644564,0.010284243935543613,,,,,,,,,
33,3,25,RL_adaptive,YZ,0.5578194192164847,2.285746389527047,0.9084405911071749,0.0915594088928251,4.0,2.0,0.0,5.0,2.0,2.0,0.0,8.0,2.0
33,3,50,Z_only,YZ,0.5578194192164847,2.285746389527047,0.6710449631512965,0.32895503684870353,,,,,,,,,
33,3,50,ZX_split,YZ,0.5578194192164847,2.285746389527047,0.6504771471823932,0.34952285281760676,,,,,,,,,
33,3,50,XYZ_split,YZ,0.5578194192164847,2.285746389527047,0.9621778697955962,0.03782213020440384,,,,,,,,,
33,3,50,ORACLE_plane,YZ,0.5578194192164847,2.285746389527047,0.9949945384104437,0.0050054615895562815,,,,,,,,,
33,3,50,RL_adaptive,YZ,0.5578194192164847,2.285746389527047,0.9260806828922139,0.0739193171077861,13.0,0.0,0.0,0.0,6.0,1.0,0.0,18.0,12.0
33,3,100,Z_only,YZ,0.5578194192164847,2.285746389527047,0.6710449631512965,0.32895503684870353,,,,,,,,,
33,3,100,ZX_split,YZ,0.5578194192164847,2.285746389527047,0.628015050887928,0.371984949112072,,,,,,,,,
33,3,100,XYZ_split,YZ,0.5578194192164847,2.285746389527047,0.940973436029747,0.059026563970252965,,,,,,,,,
33,3,100,ORACLE_plane,YZ,0.5578194192164847,2.285746389527047,0.9997155953497808,0.00028440465021917216,,,,,,,,,
33,3,100,RL_adaptive,YZ,0.5578194192164847,2.285746389527047,0.9681811219420011,0.03181887805799888,10.0,3.0,6.0,40.0,12.0,7.0,11.0,1.0,10.0
33,3,250,Z_only,YZ,0.5578194192164847,2.285746389527047,0.6710449631512965,0.32895503684870353,,,,,,,,,
33,3,250,ZX_split,YZ,0.5578194192164847,2.285746389527047,0.6675819420658512,0.3324180579341488,,,,,,,,,
33,3,250,XYZ_split,YZ,0.5578194192164847,2.285746389527047,0.9928717586176878,0.0071282413823121615,,,,,,,,,
33,3,250,ORACLE_plane,YZ,0.5578194192164847,2.285746389527047,0.9978575251436369,0.002142474856363097,,,,,,,,,
33,3,250,RL_adaptive,YZ,0.5578194192164847,2.285746389527047,0.9753841514888355,0.024615848511164495,21.0,14.0,131.0,6.0,16.0,9.0,18.0,7.0,28.0
33,3,500,Z_only,YZ,0.5578194192164847,2.285746389527047,0.6710449631512965,0.32895503684870353,,,,,,,,,
33,3,500,ZX_split,YZ,0.5578194192164847,2.285746389527047,0.663104472676301,0.336895527323699,,,,,,,,,
33,3,500,XYZ_split,YZ,0.5578194192164847,2.285746389527047,0.9955766487840677,0.004423351215932292,,,,,,,,,
33,3,500,ORACLE_plane,YZ,0.5578194192164847,2.285746389527047,0.9965469224467524,0.003453077553247641,,,,,,,,,
33,3,500,RL_adaptive,YZ,0.5578194192164847,2.285746389527047,0.9963983781186927,0.003601621881307304,67.0,125.0,123.0,0.0,10.0,68.0,37.0,3.0,67.0
33,4,10,Z_only,YZ,0.5578194192164847,2.285746389527047,0.6710449631512965,0.32895503684870353,,,,,,,,,
33,4,10,ZX_split,YZ,0.5578194192164847,2.285746389527047,0.5979783791009137,0.40202162089908633,,,,,,,,,
33,4,10,XYZ_split,YZ,0.5578194192164847,2.285746389527047,0.9380596684710716,0.061940331528928416,,,,,,,,,
33,4,10,ORACLE_plane,YZ,0.5578194192164847,2.285746389527047,0.9923289691772634,0.007671030822736569,,,,,,,,,
33,4,10,RL_adaptive,YZ,0.5578194192164847,2.285746389527047,0.8561487968477528,0.1438512031522472,2.0,0.0,3.0,0.0,2.0,0.0,0.0,1.0,2.0
33,4,25,Z_only,YZ,0.5578194192164847,2.285746389527047,0.6710449631512965,0.32895503684870353,,,,,,,,,
33,4,25,ZX_split,YZ,0.5578194192164847,2.285746389527047,0.6446948568420955,0.3553051431579045,,,,,,,,,
33,4,25,XYZ_split,YZ,0.5578194192164847,2.285746389527047,0.9428738894069951,0.057126110593004875,,,,,,,,,
33,4,25,ORACLE_plane,YZ,0.5578194192164847,2.285746389527047,0.991323977768988,0.008676022231012048,,,,,,,,,
33,4,25,RL_adaptive,YZ,0.5578194192164847,2.285746389527047,0.8385314911980206,0.16146850880197938,5.0,2.0,0.0,5.0,2.0,2.0,1.0,5.0,3.0
33,4,50,Z_only,YZ,0.5578194192164847,2.285746389527047,0.6710449631512965,0.32895503684870353,,,,,,,,,
33,4,50,ZX_split,YZ,0.5578194192164847,2.285746389527047,0.559789121949126,0.440210878050874,,,,,,,,,
33,4,50,XYZ_split,YZ,0.5578194192164847,2.285746389527047,0.9646612621060692,0.03533873789393083,,,,,,,,,
33,4,50,ORACLE_plane,YZ,0.5578194192164847,2.285746389527047,0.9836694434366098,0.01633055656339022,,,,,,,,,
33,4,50,RL_adaptive,YZ,0.5578194192164847,2.285746389527047,0.9349746519933281,0.06502534800667192,10.0,0.0,2.0,1.0,8.0,0.0,0.0,17.0,12.0
33,4,100,Z_only,YZ,0.5578194192164847,2.285746389527047,0.6710449631512965,0.32895503684870353,,,,,,,,,
33,4,100,ZX_split,YZ,0.5578194192164847,2.285746389527047,0.6614697933434535,0.33853020665654654,,,,,,,,,
33,4,100,XYZ_split,YZ,0.5578194192164847,2.285746389527047,0.9664345137369313,0.033565486263068656,,,,,,,,,
33,4,100,ORACLE_plane,YZ,0.5578194192164847,2.285746389527047,0.9953009351022662,0.004699064897733751,,,,,,,,,
33,4,100,RL_adaptive,YZ,0.5578194192164847,2.285746389527047,0.9862839269121748,0.013716073087825187,12.0,2.0,6.0,40.0,12.0,6.0,7.0,5.0,10.0
33,4,250,Z_only,YZ,0.5578194192164847,2.285746389527047,0.6710449631512965,0.32895503684870353,,,,,,,,,
33,4,250,ZX_split,YZ,0.5578194192164847,2.285746389527047,0.6637416264716104,0.3362583735283896,,,,,,,,,
33,4,250,XYZ_split,YZ,0.5578194192164847,2.285746389527047,0.994523610052289,0.005476389947711047,,,,,,,,,
33,4,250,ORACLE_plane,YZ,0.5578194192164847,2.285746389527047,0.9935927396238237,0.006407260376176338,,,,,,,,,
33,4,250,RL_adaptive,YZ,0.5578194192164847,2.285746389527047,0.9967525022206601,0.0032474977793398585,15.0,19.0,128.0,9.0,12.0,13.0,23.0,7.0,24.0
33,4,500,Z_only,YZ,0.5578194192164847,2.285746389527047,0.6710449631512965,0.32895503684870353,,,,,,,,,
33,4,500,ZX_split,YZ,0.5578194192164847,2.285746389527047,0.6670987687174327,0.3329012312825673,,,,,,,,,
33,4,500,XYZ_split,YZ,0.5578194192164847,2.285746389527047,0.9995467235076394,0.0004532764923605992,,,,,,,,,
33,4,500,ORACLE_plane,YZ,0.5578194192164847,2.285746389527047,0.9954832560800301,0.004516743919969923,,,,,,,,,
33,4,500,RL_adaptive,YZ,0.5578194192164847,2.285746389527047,0.9962007773590792,0.0037992226409208074,74.0,115.0,126.0,1.0,18.0,58.0,31.0,2.0,75.0
34,0,10,Z_only,XY,5.745971807319396,5.5887024764350235,0.2500000000000001,0.7499999999999999,,,,,,,,,
34,0,10,ZX_split,XY,5.745971807319396,5.5887024764350235,0.6202266680454797,0.37977333195452034,,,,,,,,,
34,0,10,XYZ_split,XY,5.745971807319396,5.5887024764350235,0.9116254752687419,0.08837452473125806,,,,,,,,,
34,0,10,ORACLE_plane,XY,5.745971807319396,5.5887024764350235,0.9656548605036748,0.03434513949632523,,,,,,,,,
34,0,10,RL_adaptive,XY,5.745971807319396,5.5887024764350235,0.8073227542600085,0.19267724573999145,4.0,0.0,0.0,0.0,2.0,0.0,0.0,0.0,4.0
34,0,25,Z_only,XY,5.745971807319396,5.5887024764350235,0.24999999999999983,0.7500000000000002,,,,,,,,,
34,0,25,ZX_split,XY,5.745971807319396,5.5887024764350235,0.7699683687841815,0.2300316312158185,,,,,,,,,
34,0,25,XYZ_split,XY,5.745971807319396,5.5887024764350235,0.663770612575644,0.33622938742435604,,,,,,,,,
34,0,25,ORACLE_plane,XY,5.745971807319396,5.5887024764350235,0.9991707425558327,0.0008292574441672862,,,,,,,,,
34,0,25,RL_adaptive,XY,5.745971807319396,5.5887024764350235,0.9148500856006889,0.08514991439931108,8.0,0.0,0.0,2.0,2.0,1.0,0.0,9.0,3.0
34,0,50,Z_only,XY,5.745971807319396,5.5887024764350235,0.24999999999999983,0.7500000000000002,,,,,,,,,
34,0,50,ZX_split,XY,5.745971807319396,5.5887024764350235,0.8042718840673746,0.1957281159326254,,,,,,,,,
34,0,50,XYZ_split,XY,5.745971807319396,5.5887024764350235,0.9664830828545986,0.03351691714540139,,,,,,,,,
34,0,50,ORACLE_plane,XY,5.745971807319396,5.5887024764350235,0.9870453631181753,0.012954636881824744,,,,,,,,,
34,0,50,RL_adaptive,XY,5.745971807319396,5.5887024764350235,0.9517746517493784,0.048225348250621636,13.0,0.0,0.0,0.0,7.0,2.0,0.0,17.0,11.0
34,0,100,Z_only,XY,5.745971807319396,5.5887024764350235,0.24999999999999994,0.75,,,,,,,,,
34,0,100,ZX_split,XY,5.745971807319396,5.5887024764350235,0.8200328517878346,0.17996714821216542,,,,,,,,,
34,0,100,XYZ_split,XY,5.745971807319396,5.5887024764350235,0.9971023164034117,0.002897683596588263,,,,,,,,,
34,0,100,ORACLE_plane,XY,5.745971807319396,5.5887024764350235,0.997805767284492,0.0021942327155080044,,,,,,,,,
34,0,100,RL_adaptive,XY,5.745971807319396,5.5887024764350235,0.964272614320868,0.03572738567913203,11.0,5.0,7.0,35.0,14.0,4.0,10.0,0.0,14.0
34,0,250,Z_only,XY,5.745971807319396,5.5887024764350235,0.24999999999999983,0.7500000000000002,,,,,,,,,
34,0,250,ZX_split,XY,5.745971807319396,5.5887024764350235,0.8142409675324477,0.18575903246755232,,,,,,,,,
34,0,250,XYZ_split,XY,5.745971807319396,5.5887024764350235,0.9837427373225781,0.01625726267742189,,,,,,,,,
34,0,250,ORACLE_plane,XY,5.745971807319396,5.5887024764350235,0.9993289841922035,0.0006710158077964934,,,,,,,,,
34,0,250,RL_adaptive,XY,5.745971807319396,5.5887024764350235,0.9949269043246746,0.005073095675325434,21.0,1.0,153.0,9.0,30.0,0.0,3.0,1.0,32.0
34,0,500,Z_only,XY,5.745971807319396,5.5887024764350235,0.25,0.75,,,,,,,,,
34,0,500,ZX_split,XY,5.745971807319396,5.5887024764350235,0.8198005557054685,0.1801994442945315,,,,,,,,,
34,0,500,XYZ_split,XY,5.745971807319396,5.5887024764350235,0.9951658709811239,0.004834129018876143,,,,,,,,,
34,0,500,ORACLE_plane,XY,5.745971807319396,5.5887024764350235,0.9995196401482515,0.00048035985174854634,,,,,,,,,
34,0,500,RL_adaptive,XY,5.745971807319396,5.5887024764350235,0.9974362935661446,0.002563706433855395,74.0,56.0,166.0,1.0,71.0,28.0,21.0,10.0,73.0
34,1,10,Z_only,XY,5.745971807319396,5.5887024764350235,0.2500000000000001,0.7499999999999999,,,,,,,,,
34,1,10,ZX_split,XY,5.745971807319396,5.5887024764350235,0.8076689038591366,0.1923310961408634,,,,,,,,,
34,1,10,XYZ_split,XY,5.745971807319396,5.5887024764350235,0.7301533031907775,0.26984669680922246,,,,,,,,,
34,1,10,ORACLE_plane,XY,5.745971807319396,5.5887024764350235,0.8767688797633283,0.12323112023667171,,,,,,,,,
34,1,10,RL_adaptive,XY,5.745971807319396,5.5887024764350235,0.204528646319372,0.7954713536806279,2.0,1.0,0.0,1.0,2.0,0.0,0.0,0.0,4.0
34,1,25,Z_only,XY,5.745971807319396,5.5887024764350235,0.24999999999999994,0.75,,,,,,,,,
34,1,25,ZX_split,XY,5.745971807319396,5.5887024764350235,0.7927762602407005,0.20722373975929953,,,,,,,,,
34,1,25,XYZ_split,XY,5.745971807319396,5.5887024764350235,0.9649565855918737,0.035043414408126305,,,,,,,,,
34,1,25,ORACLE_plane,XY,5.745971807319396,5.5887024764350235,0.998463242862361,0.001536757137639011,,,,,,,,,
34,1,25,RL_adaptive,XY,5.745971807319396,5.5887024764350235,0.9403871419336979,0.05961285806630212,6.0,0.0,1.0,1.0,3.0,3.0,0.0,8.0,3.0
34,1,50,Z_only,XY,5.745971807319396,5.5887024764350235,0.2500000000000001,0.7499999999999999,,,,,,,,,
34,1,50,ZX_split,XY,5.745971807319396,5.5887024764350235,0.809077096455878,0.190922903544122,,,,,,,,,
34,1,50,XYZ_split,XY,5.745971807319396,5.5887024764350235,0.9828263035585588,0.017173696441441177,,,,,,,,,
34,1,50,ORACLE_plane,XY,5.745971807319396,5.5887024764350235,0.988269229660021,0.011730770339979046,,,,,,,,,
34,1,50,RL_adaptive,XY,5.745971807319396,5.5887024764350235,0.9099711922301518,0.09002880776984823,12.0,0.0,0.0,0.0,9.0,2.0,0.0,18.0,9.0
34,1,100,Z_only,XY,5.745971807319396,5.5887024764350235,0.2500000000000001,0.7499999999999999,,,,,,,,,
34,1,100,ZX_split,XY,5.745971807319396,5.5887024764350235,0.8076694108772962,0.19233058912270384,,,,,,,,,
34,1,100,XYZ_split,XY,5.745971807319396,5.5887024764350235,0.972917233108365,0.027082766891635024,,,,,,,,,
34,1,100,ORACLE_plane,XY,5.745971807319396,5.5887024764350235,0.9911341010356283,0.008865898964371732,,,,,,,,,
34,1,100,RL_adaptive,XY,5.745971807319396,5.5887024764350235,0.9885697572737037,0.011430242726296336,7.0,8.0,5.0,40.0,11.0,8.0,12.0,0.0,9.0
34,1,250,Z_only,XY,5.745971807319396,5.5887024764350235,0.24999999999999983,0.7500000000000002,,,,,,,,,
34,1,250,ZX_split,XY,5.745971807319396,5.5887024764350235,0.814591068296108,0.18540893170389205,,,,,,,,,
34,1,250,XYZ_split,XY,5.745971807319396,5.5887024764350235,0.9980446506417485,0.001955349358251479,,,,,,,,,
34,1,250,ORACLE_plane,XY,5.745971807319396,5.5887024764350235,0.9992878332891945,0.0007121667108055396,,,,,,,,,
34,1,250,RL_adaptive,XY,5.745971807319396,5.5887024764350235,0.9909001662472452,0.009099833752754805,21.0,1.0,154.0,5.0,32.0,0.0,2.0,0.0,35.0
34,1,500,Z_only,XY,5.745971807319396,5.5887024764350235,0.24999999999999994,0.75,,,,,,,,,
34,1,500,ZX_split,XY,5.745971807319396,5.5887024764350235,0.8211221362607609,0.17887786373923908,,,,,,,,,
34,1,500,XYZ_split,XY,5.745971807319396,5.5887024764350235,0.9948242196468376,0.005175780353162351,,,,,,,,,
34,1,500,ORACLE_plane,XY,5.745971807319396,5.5887024764350235,0.9981494388268928,0.0018505611731072236,,,,,,,,,
34,1,500,RL_adaptive,XY,5.745971807319396,5.5887024764350235,0.9966661343162732,0.0033338656837268443,64.0,64.0,168.0,2.0,63.0,34.0,24.0,13.0,68.0
34,2,10,Z_only,XY,5.745971807319396,5.5887024764350235,0.2500000000000001,0.7499999999999999,,,,,,,,,
34,2,10,ZX_split,XY,5.745971807319396,5.5887024764350235,0.7963795151600856,0.20362048483991435,,,,,,,,,
34,2,10,XYZ_split,XY,5.745971807319396,5.5887024764350235,0.9083566122296672,0.09164338777033276,,,,,,,,,
34,2,10,ORACLE_plane,XY,5.745971807319396,5.5887024764350235,0.9863976578501016,0.013602342149898417,,,,,,,,,
34,2,10,RL_adaptive,XY,5.745971807319396,5.5887024764350235,0.5288031059659248,0.47119689403407516,3.0,0.0,0.0,0.0,2.0,0.0,0.0,1.0,4.0
34,2,25,Z_only,XY,5.745971807319396,5.5887024764350235,0.2500000000000001,0.7499999999999999,,,,,,,,,
34,2,25,ZX_split,XY,5.745971807319396,5.5887024764350235,0.8011785003507897,0.19882149964921025,,,,,,,,,
34,2,25,XYZ_split,XY,5.745971807319396,5.5887024764350235,0.9634439883136354,0.036556011686364576,,,,,,,,,
34,2,25,ORACLE_plane,XY,5.745971807319396,5.5887024764350235,0.9547146129201257,0.045285387079874284,,,,,,,,,
34,2,25,RL_adaptive,XY,5.745971807319396,5.5887024764350235,0.8976946299773926,0.10230537002260742,10.0,0.0,0.0,0.0,5.0,2.0,0.0,6.0,2.0
34,2,50,Z_only,XY,5.745971807319396,5.5887024764350235,0.2500000000000001,0.7499999999999999,,,,,,,,,
34,2,50,ZX_split,XY,5.745971807319396,5.5887024764350235,0.782403335237618,0.21759666476238204,,,,,,,,,
34,2,50,XYZ_split,XY,5.745971807319396,5.5887024764350235,0.9380684401186062,0.06193155988139376,,,,,,,,,
34,2,50,ORACLE_plane,XY,5.745971807319396,5.5887024764350235,0.9867841655493793,0.01321583445062069,,,,,,,,,
34,2,50,RL_adaptive,XY,5.745971807319396,5.5887024764350235,0.9811110559472337,0.01888894405276631,13.0,0.0,0.0,0.0,7.0,1.0,0.0,16.0,13.0
34,2,100,Z_only,XY,5.745971807319396,5.5887024764350235,0.2500000000000001,0.7499999999999999,,,,,,,,,
34,2,100,ZX_split,XY,5.745971807319396,5.5887024764350235,0.819627056931882,0.18037294306811802,,,,,,,,,
34,2,100,XYZ_split,XY,5.745971807319396,5.5887024764350235,0.9937172496462845,0.006282750353715505,,,,,,,,,
34,2,100,ORACLE_plane,XY,5.745971807319396,5.5887024764350235,0.9961447866965676,0.0038552133034324143,,,,,,,,,
34,2,100,RL_adaptive,XY,5.745971807319396,5.5887024764350235,0.9067125222971891,0.09328747770281087,10.0,3.0,8.0,37.0,16.0,2.0,11.0,0.0,13.0
34,2,250,Z_only,XY,5.745971807319396,5.5887024764350235,0.25,0.75,,,,,,,,,
34,2,250,ZX_split,XY,5.745971807319396,5.5887024764350235,0.807419218788569,0.19258078121143096,,,,,,,,,
34,2,250,XYZ_split,XY,5.745971807319396,5.5887024764350235,0.9739064606394447,0.02609353936055525,,,,,,,,,
34,2,250,ORACLE_plane,XY,5.745971807319396,5.5887024764350235,0.99987832612342,0.0001216738765800196,,,,,,,,,
34,2,250,RL_adaptive,XY,5.745971807319396,5.5887024764350235,0.9923726572639736,0.007627342736026388,24.0,0.0,148.0,4.0,36.0,0.0,1.0,0.0,37.0
34,2,500,Z_only,XY,5.745971807319396,5.5887024764350235,0.25,0.75,,,,,,,,,
34,2,500,ZX_split,XY,5.745971807319396,5.5887024764350235,0.8218823423490315,0.17811765765096854,,,,,,,,,
34,2,500,XYZ_split,XY,5.745971807319396,5.5887024764350235,0.9962964003273805,0.003703599672619462,,,,,,,,,
34,2,500,ORACLE_plane,XY,5.745971807319396,5.5887024764350235,0.9984140009932722,0.001585999006727845,,,,,,,,,
34,2,500,RL_adaptive,XY,5.745971807319396,5.5887024764350235,0.9981971015163122,0.0018028984836877537,72.0,59.0,163.0,0.0,68.0,32.0,24.0,9.0,73.0
34,3,10,Z_only,XY,5.745971807319396,5.5887024764350235,0.24999999999999994,0.75,,,,,,,,,
34,3,10,ZX_split,XY,5.745971807319396,5.5887024764350235,0.7108787185057092,0.28912128149429084,,,,,,,,,
34,3,10,XYZ_split,XY,5.745971807319396,5.5887024764350235,0.8895562988561313,0.1104437011438687,,,,,,,,,
34,3,10,ORACLE_plane,XY,5.745971807319396,5.5887024764350235,0.9442646156322787,0.0557353843677213,,,,,,,,,
34,3,10,RL_adaptive,XY,5.745971807319396,5.5887024764350235,0.857618322077142,0.14238167792285805,3.0,0.0,0.0,0.0,2.0,0.0,0.0,0.0,5.0
34,3,25,Z_only,XY,5.745971807319396,5.5887024764350235,0.24999999999999994,0.75,,,,,,,,,
34,3,25,ZX_split,XY,5.745971807319396,5.5887024764350235,0.7745565440223388,0.22544345597766124,,,,,,,,,
34,3,25,XYZ_split,XY,5.745971807319396,5.5887024764350235,0.9449771827608707,0.055022817239129274,,,,,,,,,
34,3,25,ORACLE_plane,XY,5.745971807319396,5.5887024764350235,0.9720837749814543,0.027916225018545737,,,,,,,,,
34,3,25,RL_adaptive,XY,5.745971807319396,5.5887024764350235,0.9037068049034592,0.09629319509654077,8.0,0.0,2.0,0.0,2.0,2.0,0.0,9.0,2.0
34,3,50,Z_only,XY,5.745971807319396,5.5887024764350235,0.25,0.75,,,,,,,,,
34,3,50,ZX_split,XY,5.745971807319396,5.5887024764350235,0.8097352986234047,0.19026470137659535,,,,,,,,,
34,3,50,XYZ_split,XY,5.745971807319396,5.5887024764350235,0.9232473113565484,0.07675268864345164,,,,,,,,,
34,3,50,ORACLE_plane,XY,5.745971807319396,5.5887024764350235,0.9894804783011307,0.010519521698869272,,,,,,,,,
34,3,50,RL_adaptive,XY,5.745971807319396,5.5887024764350235,0.9172431063087719,0.08275689369122807,12.0,0.0,0.0,0.0,7.0,1.0,0.0,19.0,11.0
34,3,100,Z_only,XY,5.745971807319396,5.5887024764350235,0.25,0.75,,,,,,,,,
34,3,100,ZX_split,XY,5.745971807319396,5.5887024764350235,0.801518035442857,0.19848196455714295,,,,,,,,,
34,3,100,XYZ_split,XY,5.745971807319396,5.5887024764350235,0.9861283045860318,0.013871695413968155,,,,,,,,,
34,3,100,ORACLE_plane,XY,5.745971807319396,5.5887024764350235,0.9998023002338206,0.00019769976617944884,,,,,,,,,
34,3,100,RL_adaptive,XY,5.745971807319396,5.5887024764350235,0.9863346842710499,0.013665315728950134,10.0,6.0,4.0,38.0,14.0,6.0,10.0,0.0,12.0
34,3,250,Z_only,XY,5.745971807319396,5.5887024764350235,0.2500000000000001,0.7499999999999999,,,,,,,,,
34,3,250,ZX_split,XY,5.745971807319396,5.5887024764350235,0.8187846459717458,0.18121535402825417,,,,,,,,,
34,3,250,XYZ_split,XY,5.745971807319396,5.5887024764350235,0.9894458511393974,0.010554148860602575,,,,,,,,,
34,3,250,ORACLE_plane,XY,5.745971807319396,5.5887024764350235,0.996147377614859,0.003852622385140947,,,,,,,,,
34,3,250,RL_adaptive,XY,5.745971807319396,5.5887024764350235,0.9782368994323543,0.021763100567645743,23.0,0.0,152.0,6.0,34.0,0.0,0.0,0.0,35.0
34,3,500,Z_only,XY,5.745971807319396,5.5887024764350235,0.24999999999999983,0.7500000000000002,,,,,,,,,
34,3,500,ZX_split,XY,5.745971807319396,5.5887024764350235,0.8160329200345499,0.18396707996545014,,,,,,,,,
34,3,500,XYZ_split,XY,5.745971807319396,5.5887024764350235,0.9986094707558317,0.0013905292441682704,,,,,,,,,
34,3,500,ORACLE_plane,XY,5.745971807319396,5.5887024764350235,0.9960815002380463,0.0039184997619536865,,,,,,,,,
34,3,500,RL_adaptive,XY,5.745971807319396,5.5887024764350235,0.9937092432396148,0.006290756760385152,67.0,65.0,161.0,2.0,62.0,38.0,26.0,8.0,71.0
34,4,10,Z_only,XY,5.745971807319396,5.5887024764350235,0.2500000000000001,0.7499999999999999,,,,,,,,,
34,4,10,ZX_split,XY,5.745971807319396,5.5887024764350235,0.7108787185057093,0.2891212814942907,,,,,,,,,
34,4,10,XYZ_split,XY,5.745971807319396,5.5887024764350235,0.9508886795650038,0.04911132043499622,,,,,,,,,
34,4,10,ORACLE_plane,XY,5.745971807319396,5.5887024764350235,0.9250946611888381,0.0749053388111619,,,,,,,,,
34,4,10,RL_adaptive,XY,5.745971807319396,5.5887024764350235,0.3564116464545481,0.6435883535454519,2.0,0.0,2.0,0.0,2.0,0.0,0.0,2.0,2.0
34,4,25,Z_only,XY,5.745971807319396,5.5887024764350235,0.25,0.75,,,,,,,,,
34,4,25,ZX_split,XY,5.745971807319396,5.5887024764350235,0.7554861528664697,0.2445138471335303,,,,,,,,,
34,4,25,XYZ_split,XY,5.745971807319396,5.5887024764350235,0.8419346458127428,0.1580653541872572,,,,,,,,,
34,4,25,ORACLE_plane,XY,5.745971807319396,5.5887024764350235,0.9645364958943698,0.03546350410563015,,,,,,,,,
34,4,25,RL_adaptive,XY,5.745971807319396,5.5887024764350235,0.9341336859283984,0.0658663140716016,9.0,0.0,1.0,0.0,4.0,2.0,0.0,7.0,2.0
34,4,50,Z_only,XY,5.745971807319396,5.5887024764350235,0.25,0.75,,,,,,,,,
34,4,50,ZX_split,XY,5.745971807319396,5.5887024764350235,0.8091564236738525,0.19084357632614746,,,,,,,,,
34,4,50,XYZ_split,XY,5.745971807319396,5.5887024764350235,0.99056437502725,0.009435624972749967,,,,,,,,,
34,4,50,ORACLE_plane,XY,5.745971807319396,5.5887024764350235,0.9928110399822492,0.007188960017750823,,,,,,,,,
34,4,50,RL_adaptive,XY,5.745971807319396,5.5887024764350235,0.9290848042581049,0.07091519574189509,13.0,0.0,0.0,0.0,9.0,0.0,0.0,16.0,12.0
34,4,100,Z_only,XY,5.745971807319396,5.5887024764350235,0.2500000000000001,0.7499999999999999,,,,,,,,,
34,4,100,ZX_split,XY,5.745971807319396,5.5887024764350235,0.815179592030948,0.18482040796905197,,,,,,,,,
34,4,100,XYZ_split,XY,5.745971807319396,5.5887024764350235,0.9510575459413353,0.04894245405866471,,,,,,,,,
34,4,100,ORACLE_plane,XY,5.745971807319396,5.5887024764350235,0.995736619295592,0.004263380704408015,,,,,,,,,
34,4,100,RL_adaptive,XY,5.745971807319396,5.5887024764350235,0.9336751976949973,0.0663248023050027,13.0,1.0,6.0,39.0,17.0,1.0,7.0,0.0,16.0
34,4,250,Z_only,XY,5.745971807319396,5.5887024764350235,0.24999999999999994,0.75,,,,,,,,,
34,4,250,ZX_split,XY,5.745971807319396,5.5887024764350235,0.8150542443683464,0.1849457556316536,,,,,,,,,
34,4,250,XYZ_split,XY,5.745971807319396,5.5887024764350235,0.9912283410682785,0.008771658931721493,,,,,,,,,
34,4,250,ORACLE_plane,XY,5.745971807319396,5.5887024764350235,0.9990381978249232,0.000961802175076798,,,,,,,,,
34,4,250,RL_adaptive,XY,5.745971807319396,5.5887024764350235,0.9783682252464844,0.02163177475351563,17.0,7.0,150.0,9.0,27.0,1.0,5.0,2.0,32.0
34,4,500,Z_only,XY,5.745971807319396,5.5887024764350235,0.24999999999999983,0.7500000000000002,,,,,,,,,
34,4,500,ZX_split,XY,5.745971807319396,5.5887024764350235,0.8217836696610119,0.1782163303389881,,,,,,,,,
34,4,500,XYZ_split,XY,5.745971807319396,5.5887024764350235,0.9972512325460995,0.0027487674539005136,,,,,,,,,
34,4,500,ORACLE_plane,XY,5.745971807319396,5.5887024764350235,0.9987625096101255,0.0012374903898745293,,,,,,,,,
34,4,500,RL_adaptive,XY,5.745971807319396,5.5887024764350235,0.9938055485194538,0.006194451480546204,65.0,62.0,169.0,0.0,66.0,33.0,24.0,15.0,66.0
35,0,10,Z_only,XY,2.5722312758344956,4.166519999327761,0.25,0.75,,,,,,,,,
35,0,10,ZX_split,XY,2.5722312758344956,4.166519999327761,0.33340245226619536,0.6665975477338046,,,,,,,,,
35,0,10,XYZ_split,XY,2.5722312758344956,4.166519999327761,0.6076423200944733,0.3923576799055267,,,,,,,,,
35,0,10,ORACLE_plane,XY,2.5722312758344956,4.166519999327761,0.9742681424814487,0.025731857518551338,,,,,,,,,
35,0,10,RL_adaptive,XY,2.5722312758344956,4.166519999327761,0.931580248539033,0.06841975146096702,5.0,0.0,0.0,0.0,3.0,0.0,0.0,0.0,2.0
35,0,25,Z_only,XY,2.5722312758344956,4.166519999327761,0.25,0.75,,,,,,,,,
35,0,25,ZX_split,XY,2.5722312758344956,4.166519999327761,0.6406236641780293,0.3593763358219707,,,,,,,,,
35,0,25,XYZ_split,XY,2.5722312758344956,4.166519999327761,0.8846523507665406,0.11534764923345942,,,,,,,,,
35,0,25,ORACLE_plane,XY,2.5722312758344956,4.166519999327761,0.9824452847143436,0.01755471528565644,,,,,,,,,
35,0,25,RL_adaptive,XY,2.5722312758344956,4.166519999327761,0.9328431865588332,0.06715681344116675,5.0,1.0,0.0,2.0,2.0,3.0,1.0,9.0,2.0
35,0,50,Z_only,XY,2.5722312758344956,4.166519999327761,0.2500000000000001,0.7499999999999999,,,,,,,,,
35,0,50,ZX_split,XY,2.5722312758344956,4.166519999327761,0.6718756777124564,0.3281243222875436,,,,,,,,,
35,0,50,XYZ_split,XY,2.5722312758344956,4.166519999327761,0.8485903924512807,0.15140960754871935,,,,,,,,,
35,0,50,ORACLE_plane,XY,2.5722312758344956,4.166519999327761,0.9740707803172703,0.025929219682729654,,,,,,,,,
35,0,50,RL_adaptive,XY,2.5722312758344956,4.166519999327761,0.9714310697972034,0.028568930202796605,9.0,1.0,1.0,1.0,6.0,2.0,0.0,21.0,9.0
35,0,100,Z_only,XY,2.5722312758344956,4.166519999327761,0.2500000000000001,0.7499999999999999,,,,,,,,,
35,0,100,ZX_split,XY,2.5722312758344956,4.166519999327761,0.6959545566757074,0.3040454433242926,,,,,,,,,
35,0,100,XYZ_split,XY,2.5722312758344956,4.166519999327761,0.9573404254205627,0.042659574579437254,,,,,,,,,
35,0,100,ORACLE_plane,XY,2.5722312758344956,4.166519999327761,0.9966332051725512,0.003366794827448838,,,,,,,,,
35,0,100,RL_adaptive,XY,2.5722312758344956,4.166519999327761,0.9900630453905437,0.009936954609456317,14.0,0.0,7.0,40.0,12.0,2.0,7.0,8.0,10.0
35,0,250,Z_only,XY,2.5722312758344956,4.166519999327761,0.2500000000000001,0.7499999999999999,,,,,,,,,
35,0,250,ZX_split,XY,2.5722312758344956,4.166519999327761,0.6831512679543519,0.3168487320456481,,,,,,,,,
35,0,250,XYZ_split,XY,2.5722312758344956,4.166519999327761,0.9908375710495598,0.009162428950440171,,,,,,,,,
35,0,250,ORACLE_plane,XY,2.5722312758344956,4.166519999327761,0.9989046120052847,0.0010953879947153133,,,,,,,,,
35,0,250,RL_adaptive,XY,2.5722312758344956,4.166519999327761,0.9742790071020683,0.025720992897931727,16.0,12.0,131.0,16.0,20.0,4.0,10.0,15.0,26.0
35,0,500,Z_only,XY,2.5722312758344956,4.166519999327761,0.2500000000000001,0.7499999999999999,,,,,,,,,
35,0,500,ZX_split,XY,2.5722312758344956,4.166519999327761,0.6961824312385818,0.3038175687614182,,,,,,,,,
35,0,500,XYZ_split,XY,2.5722312758344956,4.166519999327761,0.9977856737150341,0.002214326284965873,,,,,,,,,
35,0,500,ORACLE_plane,XY,2.5722312758344956,4.166519999327761,0.9989451923834494,0.0010548076165506348,,,,,,,,,
35,0,500,RL_adaptive,XY,2.5722312758344956,4.166519999327761,0.9972950155324316,0.0027049844675683943,73.0,113.0,120.0,2.0,18.0,61.0,22.0,7.0,84.0
35,1,10,Z_only,XY,2.5722312758344956,4.166519999327761,0.2500000000000001,0.7499999999999999,,,,,,,,,
35,1,10,ZX_split,XY,2.5722312758344956,4.166519999327761,0.6787175005576006,0.3212824994423994,,,,,,,,,
35,1,10,XYZ_split,XY,2.5722312758344956,4.166519999327761,0.7264940458513292,0.27350595414867085,,,,,,,,,
35,1,10,ORACLE_plane,XY,2.5722312758344956,4.166519999327761,0.9658001669169877,0.03419983308301233,,,,,,,,,
35,1,10,RL_adaptive,XY,2.5722312758344956,4.166519999327761,0.6346157047525135,0.3653842952474865,6.0,0.0,0.0,0.0,2.0,0.0,0.0,0.0,2.0
35,1,25,Z_only,XY,2.5722312758344956,4.166519999327761,0.25,0.75,,,,,,,,,
35,1,25,ZX_split,XY,2.5722312758344956,4.166519999327761,0.5822544366198804,0.4177455633801196,,,,,,,,,
35,1,25,XYZ_split,XY,2.5722312758344956,4.166519999327761,0.9500617347541167,0.049938265245883295,,,,,,,,,
35,1,25,ORACLE_plane,XY,2.5722312758344956,4.166519999327761,0.9896448970437964,0.010355102956203566,,,,,,,,,
35,1,25,RL_adaptive,XY,2.5722312758344956,4.166519999327761,0.9944124469632283,0.00558755303677172,3.0,1.0,0.0,5.0,2.0,0.0,0.0,11.0,3.0
35,1,50,Z_only,XY,2.5722312758344956,4.166519999327761,0.2500000000000001,0.7499999999999999,,,,,,,,,
35,1,50,ZX_split,XY,2.5722312758344956,4.166519999327761,0.6932443667473084,0.3067556332526916,,,,,,,,,
35,1,50,XYZ_split,XY,2.5722312758344956,4.166519999327761,0.9742144763882478,0.025785523611752237,,,,,,,,,
35,1,50,ORACLE_plane,XY,2.5722312758344956,4.166519999327761,0.977991041664616,0.022008958335383966,,,,,,,,,
35,1,50,RL_adaptive,XY,2.5722312758344956,4.166519999327761,0.9791414167347977,0.02085858326520229,7.0,3.0,0.0,3.0,5.0,1.0,0.0,22.0,9.0
35,1,100,Z_only,XY,2.5722312758344956,4.166519999327761,0.25,0.75,,,,,,,,,
35,1,100,ZX_split,XY,2.5722312758344956,4.166519999327761,0.6905389603901408,0.30946103960985916,,,,,,,,,
35,1,100,XYZ_split,XY,2.5722312758344956,4.166519999327761,0.9907616815314271,0.009238318468572926,,,,,,,,,
35,1,100,ORACLE_plane,XY,2.5722312758344956,4.166519999327761,0.9960813874812198,0.003918612518780229,,,,,,,,,
35,1,100,RL_adaptive,XY,2.5722312758344956,4.166519999327761,0.9756438991933992,0.024356100806600778,15.0,0.0,7.0,39.0,12.0,1.0,7.0,6.0,13.0
35,1,250,Z_only,XY,2.5722312758344956,4.166519999327761,0.2500000000000001,0.7499999999999999,,,,,,,,,
35,1,250,ZX_split,XY,2.5722312758344956,4.166519999327761,0.6963023310194255,0.3036976689805745,,,,,,,,,
35,1,250,XYZ_split,XY,2.5722312758344956,4.166519999327761,0.9936475477447274,0.006352452255272589,,,,,,,,,
35,1,250,ORACLE_plane,XY,2.5722312758344956,4.166519999327761,0.9924917620558119,0.00750823794418809,,,,,,,,,
35,1,250,RL_adaptive,XY,2.5722312758344956,4.166519999327761,0.9949087076664265,0.005091292333573527,21.0,13.0,123.0,9.0,28.0,1.0,7.0,6.0,42.0
35,1,500,Z_only,XY,2.5722312758344956,4.166519999327761,0.25,0.75,,,,,,,,,
35,1,500,ZX_split,XY,2.5722312758344956,4.166519999327761,0.6967576730092778,0.3032423269907222,,,,,,,,,
35,1,500,XYZ_split,XY,2.5722312758344956,4.166519999327761,0.9846213137840101,0.015378686215989923,,,,,,,,,
35,1,500,ORACLE_plane,XY,2.5722312758344956,4.166519999327761,0.9995805706970536,0.0004194293029463614,,,,,,,,,
35,1,500,RL_adaptive,XY,2.5722312758344956,4.166519999327761,0.9993481928691557,0.0006518071308443396,68.0,115.0,123.0,2.0,18.0,64.0,25.0,7.0,78.0
35,2,10,Z_only,XY,2.5722312758344956,4.166519999327761,0.2500000000000001,0.7499999999999999,,,,,,,,,
35,2,10,ZX_split,XY,2.5722312758344956,4.166519999327761,0.6712695971905875,0.32873040280941246,,,,,,,,,
35,2,10,XYZ_split,XY,2.5722312758344956,4.166519999327761,0.940579277141466,0.05942072285853395,,,,,,,,,
35,2,10,ORACLE_plane,XY,2.5722312758344956,4.166519999327761,0.8026499460525184,0.19735005394748162,,,,,,,,,
35,2,10,RL_adaptive,XY,2.5722312758344956,4.166519999327761,0.9177998630489143,0.08220013695108574,2.0,0.0,2.0,0.0,3.0,1.0,0.0,0.0,2.0
35,2,25,Z_only,XY,2.5722312758344956,4.166519999327761,0.2500000000000001,0.7499999999999999,,,,,,,,,
35,2,25,ZX_split,XY,2.5722312758344956,4.166519999327761,0.6873723157055266,0.3126276842944734,,,,,,,,,
35,2,25,XYZ_split,XY,2.5722312758344956,4.166519999327761,0.8365056303158477,0.16349436968415232,,,,,,,,,
35,2,25,ORACLE_plane,XY,2.5722312758344956,4.166519999327761,0.8696574989805381,0.13034250101946188,,,,,,,,,
35,2,25,RL_adaptive,XY,2.5722312758344956,4.166519999327761,0.9492670365829465,0.05073296341705347,7.0,0.0,0.0,3.0,2.0,1.0,1.0,9.0,2.0
35,2,50,Z_only,XY,2.5722312758344956,4.166519999327761,0.25,0.75,,,,,,,,,
35,2,50,ZX_split,XY,2.5722312758344956,4.166519999327761,0.6935394236089726,0.3064605763910274,,,,,,,,,
35,2,50,XYZ_split,XY,2.5722312758344956,4.166519999327761,0.98547552477672,0.014524475223280042,,,,,,,,,
35,2,50,ORACLE_plane,XY,2.5722312758344956,4.166519999327761,0.9963899276283997,0.0036100723716002703,,,,,,,,,
35,2,50,RL_adaptive,XY,2.5722312758344956,4.166519999327761,0.8921912647706662,0.10780873522933376,9.0,0.0,1.0,1.0,9.0,0.0,1.0,19.0,10.0
35,2,100,Z_only,XY,2.5722312758344956,4.166519999327761,0.2500000000000001,0.7499999999999999,,,,,,,,,
35,2,100,ZX_split,XY,2.5722312758344956,4.166519999327761,0.6941000704360514,0.3058999295639486,,,,,,,,,
35,2,100,XYZ_split,XY,2.5722312758344956,4.166519999327761,0.9928664915860222,0.007133508413977752,,,,,,,,,
35,2,100,ORACLE_plane,XY,2.5722312758344956,4.166519999327761,0.9999507312630748,4.926873692523426e-05,,,,,,,,,
35,2,100,RL_adaptive,XY,2.5722312758344956,4.166519999327761,0.9596081644225974,0.04039183557740256,16.0,0.0,4.0,40.0,14.0,2.0,6.0,4.0,14.0
35,2,250,Z_only,XY,2.5722312758344956,4.166519999327761,0.2500000000000001,0.7499999999999999,,,,,,,,,
35,2,250,ZX_split,XY,2.5722312758344956,4.166519999327761,0.6901879704267314,0.3098120295732686,,,,,,,,,
35,2,250,XYZ_split,XY,2.5722312758344956,4.166519999327761,0.9746078712340543,0.025392128765945654,,,,,,,,,
35,2,250,ORACLE_plane,XY,2.5722312758344956,4.166519999327761,0.998503007851587,0.0014969921484130344,,,,,,,,,
35,2,250,RL_adaptive,XY,2.5722312758344956,4.166519999327761,0.990075077730908,0.009924922269092029,23.0,13.0,123.0,9.0,28.0,1.0,10.0,6.0,37.0
35,2,500,Z_only,XY,2.5722312758344956,4.166519999327761,0.2500000000000001,0.7499999999999999,,,,,,,,,
35,2,500,ZX_split,XY,2.5722312758344956,4.166519999327761,0.698915359606236,0.30108464039376404,,,,,,,,,
35,2,500,XYZ_split,XY,2.5722312758344956,4.166519999327761,0.9963691246157196,0.0036308753842804187,,,,,,,,,
35,2,500,ORACLE_plane,XY,2.5722312758344956,4.166519999327761,0.9988740145198604,0.0011259854801396463,,,,,,,,,
35,2,500,RL_adaptive,XY,2.5722312758344956,4.166519999327761,0.9879721735135799,0.01202782648642009,69.0,115.0,120.0,3.0,15.0,62.0,29.0,7.0,80.0
35,3,10,Z_only,XY,2.5722312758344956,4.166519999327761,0.2500000000000001,0.7499999999999999,,,,,,,,,
35,3,10,ZX_split,XY,2.5722312758344956,4.166519999327761,0.6712695971905874,0.32873040280941257,,,,,,,,,
35,3,10,XYZ_split,XY,2.5722312758344956,4.166519999327761,0.8910476087217535,0.10895239127824652,,,,,,,,,
35,3,10,ORACLE_plane,XY,2.5722312758344956,4.166519999327761,0.881211334554216,0.11878866544578404,,,,,,,,,
35,3,10,RL_adaptive,XY,2.5722312758344956,4.166519999327761,0.931580248539032,0.06841975146096801,5.0,0.0,0.0,0.0,3.0,0.0,0.0,0.0,2.0
35,3,25,Z_only,XY,2.5722312758344956,4.166519999327761,0.2500000000000001,0.7499999999999999,,,,,,,,,
35,3,25,ZX_split,XY,2.5722312758344956,4.166519999327761,0.6667719681013365,0.33322803189866346,,,,,,,,,
35,3,25,XYZ_split,XY,2.5722312758344956,4.166519999327761,0.8146144188191392,0.1853855811808608,,,,,,,,,
35,3,25,ORACLE_plane,XY,2.5722312758344956,4.166519999327761,0.9892692051475974,0.010730794852402581,,,,,,,,,
35,3,25,RL_adaptive,XY,2.5722312758344956,4.166519999327761,0.9943833172416467,0.005616682758353253,6.0,0.0,0.0,4.0,2.0,1.0,0.0,10.0,2.0
35,3,50,Z_only,XY,2.5722312758344956,4.166519999327761,0.2500000000000001,0.7499999999999999,,,,,,,,,
35,3,50,ZX_split,XY,2.5722312758344956,4.166519999327761,0.6650675141352967,0.33493248586470326,,,,,,,,,
35,3,50,XYZ_split,XY,2.5722312758344956,4.166519999327761,0.977976897899776,0.022023102100223957,,,,,,,,,
35,3,50,ORACLE_plane,XY,2.5722312758344956,4.166519999327761,0.9499944992725313,0.05000550072746868,,,,,,,,,
35,3,50,RL_adaptive,XY,2.5722312758344956,4.166519999327761,0.9879507513601679,0.012049248639832144,9.0,1.0,0.0,2.0,6.0,1.0,0.0,21.0,10.0
35,3,100,Z_only,XY,2.5722312758344956,4.166519999327761,0.25,0.75,,,,,,,,,
35,3,100,ZX_split,XY,2.5722312758344956,4.166519999327761,0.6873161498690368,0.3126838501309632,,,,,,,,,
35,3,100,XYZ_split,XY,2.5722312758344956,4.166519999327761,0.9840574457522193,0.015942554247780683,,,,,,,,,
35,3,100,ORACLE_plane,XY,2.5722312758344956,4.166519999327761,0.9998323365916743,0.00016766340832574667,,,,,,,,,
35,3,100,RL_adaptive,XY,2.5722312758344956,4.166519999327761,0.9934269994990137,0.0065730005009863035,10.0,3.0,4.0,44.0,8.0,7.0,9.0,8.0,7.0
35,3,250,Z_only,XY,2.5722312758344956,4.166519999327761,0.25,0.75,,,,,,,,,
35,3,250,ZX_split,XY,2.5722312758344956,4.166519999327761,0.6980603433940469,0.3019396566059531,,,,,,,,,
35,3,250,XYZ_split,XY,2.5722312758344956,4.166519999327761,0.9865817640678247,0.013418235932175282,,,,,,,,,
35,3,250,ORACLE_plane,XY,2.5722312758344956,4.166519999327761,0.9982986926760811,0.0017013073239189325,,,,,,,,,
35,3,250,RL_adaptive,XY,2.5722312758344956,4.166519999327761,0.9767695618694162,0.023230438130583786,18.0,15.0,127.0,13.0,20.0,5.0,12.0,11.0,29.0
35,3,500,Z_only,XY,2.5722312758344956,4.166519999327761,0.25,0.75,,,,,,,,,
35,3,500,ZX_split,XY,2.5722312758344956,4.166519999327761,0.6973222970939509,0.3026777029060491,,,,,,,,,
35,3,500,XYZ_split,XY,2.5722312758344956,4.166519999327761,0.9963809517341397,0.0036190482658603473,,,,,,,,,
35,3,500,ORACLE_plane,XY,2.5722312758344956,4.166519999327761,0.9994012379162523,0.0005987620837476504,,,,,,,,,
35,3,500,RL_adaptive,XY,2.5722312758344956,4.166519999327761,0.9969140780896103,0.0030859219103896995,77.0,111.0,121.0,2.0,21.0,59.0,17.0,5.0,87.0
35,4,10,Z_only,XY,2.5722312758344956,4.166519999327761,0.2500000000000001,0.7499999999999999,,,,,,,,,
35,4,10,ZX_split,XY,2.5722312758344956,4.166519999327761,0.6888530125197315,0.3111469874802685,,,,,,,,,
35,4,10,XYZ_split,XY,2.5722312758344956,4.166519999327761,0.4697128033386756,0.5302871966613244,,,,,,,,,
35,4,10,ORACLE_plane,XY,2.5722312758344956,4.166519999327761,0.9193168738087504,0.08068312619124962,,,,,,,,,
35,4,10,RL_adaptive,XY,2.5722312758344956,4.166519999327761,0.5296112675694178,0.4703887324305822,2.0,0.0,3.0,0.0,3.0,0.0,0.0,0.0,2.0
35,4,25,Z_only,XY,2.5722312758344956,4.166519999327761,0.2500000000000001,0.7499999999999999,,,,,,,,,
35,4,25,ZX_split,XY,2.5722312758344956,4.166519999327761,0.6606152786396194,0.33938472136038056,,,,,,,,,
35,4,25,XYZ_split,XY,2.5722312758344956,4.166519999327761,0.8990290730089352,0.1009709269910648,,,,,,,,,
35,4,25,ORACLE_plane,XY,2.5722312758344956,4.166519999327761,0.8991525519697906,0.1008474480302094,,,,,,,,,
35,4,25,RL_adaptive,XY,2.5722312758344956,4.166519999327761,0.8592320605948826,0.14076793940511745,7.0,0.0,0.0,2.0,2.0,1.0,0.0,11.0,2.0
35,4,50,Z_only,XY,2.5722312758344956,4.166519999327761,0.2500000000000001,0.7499999999999999,,,,,,,,,
35,4,50,ZX_split,XY,2.5722312758344956,4.166519999327761,0.6785230402847563,0.3214769597152437,,,,,,,,,
35,4,50,XYZ_split,XY,2.5722312758344956,4.166519999327761,0.9399874135875982,0.060012586412401814,,,,,,,,,
35,4,50,ORACLE_plane,XY,2.5722312758344956,4.166519999327761,0.9837660391972786,0.016233960802721437,,,,,,,,,
35,4,50,RL_adaptive,XY,2.5722312758344956,4.166519999327761,0.898117127938739,0.10188287206126101,13.0,0.0,1.0,1.0,6.0,0.0,0.0,17.0,12.0
35,4,100,Z_only,XY,2.5722312758344956,4.166519999327761,0.2500000000000001,0.7499999999999999,,,,,,,,,
35,4,100,ZX_split,XY,2.5722312758344956,4.166519999327761,0.69288155394448,0.30711844605551997,,,,,,,,,
35,4,100,XYZ_split,XY,2.5722312758344956,4.166519999327761,0.9494901130867365,0.050509886913263524,,,,,,,,,
35,4,100,ORACLE_plane,XY,2.5722312758344956,4.166519999327761,0.9939184194605944,0.006081580539405551,,,,,,,,,
35,4,100,RL_adaptive,XY,2.5722312758344956,4.166519999327761,0.9756354950739241,0.02436450492607589,15.0,1.0,7.0,36.0,14.0,1.0,8.0,5.0,13.0
35,4,250,Z_only,XY,2.5722312758344956,4.166519999327761,0.25,0.75,,,,,,,,,
35,4,250,ZX_split,XY,2.5722312758344956,4.166519999327761,0.6980702568262214,0.30192974317377863,,,,,,,,,
35,4,250,XYZ_split,XY,2.5722312758344956,4.166519999327761,0.9782537232997748,0.02174627670022522,,,,,,,,,
35,4,250,ORACLE_plane,XY,2.5722312758344956,4.166519999327761,0.996475520629521,0.00352447937047895,,,,,,,,,
35,4,250,RL_adaptive,XY,2.5722312758344956,4.166519999327761,0.9633419869237014,0.03665801307629857,16.0,12.0,133.0,15.0,21.0,2.0,6.0,11.0,34.0
35,4,500,Z_only,XY,2.5722312758344956,4.166519999327761,0.25,0.75,,,,,,,,,
35,4,500,ZX_split,XY,2.5722312758344956,4.166519999327761,0.6994193911966232,0.3005806088033768,,,,,,,,,
35,4,500,XYZ_split,XY,2.5722312758344956,4.166519999327761,0.9955888679289189,0.004411132071081125,,,,,,,,,
35,4,500,ORACLE_plane,XY,2.5722312758344956,4.166519999327761,0.9988627627779969,0.0011372372220030957,,,,,,,,,
35,4,500,RL_adaptive,XY,2.5722312758344956,4.166519999327761,0.9933994171858371,0.00660058281416287,77.0,115.0,113.0,4.0,11.0,63.0,22.0,8.0,87.0
36,0,10,Z_only,XZ,5.174165887952491,0.5515570274403011,0.7221015419827059,0.27789845801729407,,,,,,,,,
36,0,10,ZX_split,XZ,5.174165887952491,0.5515570274403011,0.7952600584976439,0.20473994150235608,,,,,,,,,
36,0,10,XYZ_split,XZ,5.174165887952491,0.5515570274403011,0.9269817127430515,0.07301828725694848,,,,,,,,,
36,0,10,ORACLE_plane,XZ,5.174165887952491,0.5515570274403011,0.961241455195783,0.03875854480421703,,,,,,,,,
36,0,10,RL_adaptive,XZ,5.174165887952491,0.5515570274403011,0.47928727491876955,0.5207127250812305,2.0,0.0,2.0,0.0,2.0,0.0,0.0,2.0,2.0
36,0,25,Z_only,XZ,5.174165887952491,0.5515570274403011,0.7221015419827059,0.27789845801729407,,,,,,,,,
36,0,25,ZX_split,XZ,5.174165887952491,0.5515570274403011,0.9698735704358636,0.03012642956413636,,,,,,,,,
36,0,25,XYZ_split,XZ,5.174165887952491,0.5515570274403011,0.9860623516884404,0.013937648311559636,,,,,,,,,
36,0,25,ORACLE_plane,XZ,5.174165887952491,0.5515570274403011,0.9615381714258895,0.03846182857411051,,,,,,,,,
36,0,25,RL_adaptive,XZ,5.174165887952491,0.5515570274403011,0.7444738338388065,0.2555261661611935,11.0,0.0,0.0,0.0,7.0,0.0,0.0,3.0,4.0
36,0,50,Z_only,XZ,5.174165887952491,0.5515570274403011,0.7221015419827059,0.27789845801729407,,,,,,,,,
36,0,50,ZX_split,XZ,5.174165887952491,0.5515570274403011,0.9421006600363677,0.05789933996363228,,,,,,,,,
36,0,50,XYZ_split,XZ,5.174165887952491,0.5515570274403011,0.9841014487423512,0.01589855125764883,,,,,,,,,
36,0,50,ORACLE_plane,XZ,5.174165887952491,0.5515570274403011,0.9990975132074891,0.0009024867925109259,,,,,,,,,
36,0,50,RL_adaptive,XZ,5.174165887952491,0.5515570274403011,0.9389313288927764,0.06106867110722358,13.0,0.0,0.0,0.0,5.0,3.0,0.0,18.0,11.0
36,0,100,Z_only,XZ,5.174165887952491,0.5515570274403011,0.7221015419827059,0.27789845801729407,,,,,,,,,
36,0,100,ZX_split,XZ,5.174165887952491,0.5515570274403011,0.9871240524736239,0.012875947526376108,,,,,,,,,
36,0,100,XYZ_split,XZ,5.174165887952491,0.5515570274403011,0.9742366072101365,0.025763392789863504,,,,,,,,,
36,0,100,ORACLE_plane,XZ,5.174165887952491,0.5515570274403011,0.9966191283171492,0.003380871682850839,,,,,,,,,
36,0,100,RL_adaptive,XZ,5.174165887952491,0.5515570274403011,0.9836554673865979,0.016344532613402074,14.0,0.0,3.0,38.0,18.0,3.0,7.0,0.0,17.0
36,0,250,Z_only,XZ,5.174165887952491,0.5515570274403011,0.7221015419827059,0.27789845801729407,,,,,,,,,
36,0,250,ZX_split,XZ,5.174165887952491,0.5515570274403011,0.9954303349091561,0.0045696650908438885,,,,,,,,,
36,0,250,XYZ_split,XZ,5.174165887952491,0.5515570274403011,0.9978178538555148,0.0021821461444851975,,,,,,,,,
36,0,250,ORACLE_plane,XZ,5.174165887952491,0.5515570274403011,0.9997210330539381,0.0002789669460618871,,,,,,,,,
36,0,250,RL_adaptive,XZ,5.174165887952491,0.5515570274403011,0.9930588171995538,0.0069411828004461995,15.0,5.0,148.0,20.0,24.0,3.0,2.0,0.0,33.0
36,0,500,Z_only,XZ,5.174165887952491,0.5515570274403011,0.7221015419827059,0.27789845801729407,,,,,,,,,
36,0,500,ZX_split,XZ,5.174165887952491,0.5515570274403011,0.9985245000823126,0.0014754999176873618,,,,,,,,,
36,0,500,XYZ_split,XZ,5.174165887952491,0.5515570274403011,0.9875783927672407,0.012421607232759313,,,,,,,,,
36,0,500,ORACLE_plane,XZ,5.174165887952491,0.5515570274403011,0.9988503736063482,0.0011496263936517925,,,,,,,,,
36,0,500,RL_adaptive,XZ,5.174165887952491,0.5515570274403011,0.9934705148933708,0.006529485106629207,83.0,68.0,155.0,14.0,44.0,35.0,9.0,0.0,92.0
36,1,10,Z_only,XZ,5.174165887952491,0.5515570274403011,0.7221015419827059,0.27789845801729407,,,,,,,,,
36,1,10,ZX_split,XZ,5.174165887952491,0.5515570274403011,0.9521350853764888,0.04786491462351117,,,,,,,,,
36,1,10,XYZ_split,XZ,5.174165887952491,0.5515570274403011,0.7872900569541612,0.2127099430458388,,,,,,,,,
36,1,10,ORACLE_plane,XZ,5.174165887952491,0.5515570274403011,0.5998733385026854,0.4001266614973146,,,,,,,,,
36,1,10,RL_adaptive,XZ,5.174165887952491,0.5515570274403011,0.8455902567940412,0.1544097432059588,5.0,0.0,0.0,0.0,2.0,0.0,0.0,1.0,2.0
36,1,25,Z_only,XZ,5.174165887952491,0.5515570274403011,0.7221015419827059,0.27789845801729407,,,,,,,,,
36,1,25,ZX_split,XZ,5.174165887952491,0.5515570274403011,0.9998769211511975,0.00012307884880247144,,,,,,,,,
36,1,25,XYZ_split,XZ,5.174165887952491,0.5515570274403011,0.9621707775668853,0.037829222433114706,,,,,,,,,
36,1,25,ORACLE_plane,XZ,5.174165887952491,0.5515570274403011,0.9778236916964851,0.022176308303514913,,,,,,,,,
36,1,25,RL_adaptive,XZ,5.174165887952491,0.5515570274403011,0.8030997755457003,0.19690022445429967,7.0,0.0,2.0,2.0,2.0,1.0,0.0,8.0,3.0
36,1,50,Z_only,XZ,5.174165887952491,0.5515570274403011,0.7221015419827059,0.27789845801729407,,,,,,,,,
36,1,50,ZX_split,XZ,5.174165887952491,0.5515570274403011,0.9910848851069306,0.008915114893069398,,,,,,,,,
36,1,50,XYZ_split,XZ,5.174165887952491,0.5515570274403011,0.9779170403360505,0.022082959663949464,,,,,,,,,
36,1,50,ORACLE_plane,XZ,5.174165887952491,0.5515570274403011,0.9905972786266674,0.009402721373332645,,,,,,,,,
36,1,50,RL_adaptive,XZ,5.174165887952491,0.5515570274403011,0.9549902582111326,0.04500974178886741,16.0,0.0,0.0,0.0,6.0,0.0,0.0,13.0,15.0
36,1,100,Z_only,XZ,5.174165887952491,0.5515570274403011,0.7221015419827059,0.27789845801729407,,,,,,,,,
36,1,100,ZX_split,XZ,5.174165887952491,0.5515570274403011,0.9894015885086669,0.010598411491333115,,,,,,,,,
36,1,100,XYZ_split,XZ,5.174165887952491,0.5515570274403011,0.9919201273417126,0.008079872658287357,,,,,,,,,
36,1,100,ORACLE_plane,XZ,5.174165887952491,0.5515570274403011,0.9925609036421351,0.007439096357864883,,,,,,,,,
36,1,100,RL_adaptive,XZ,5.174165887952491,0.5515570274403011,0.984533321280385,0.015466678719615046,14.0,1.0,2.0,40.0,16.0,4.0,7.0,0.0,16.0
36,1,250,Z_only,XZ,5.174165887952491,0.5515570274403011,0.7221015419827059,0.27789845801729407,,,,,,,,,
36,1,250,ZX_split,XZ,5.174165887952491,0.5515570274403011,0.9977462445868778,0.002253755413122227,,,,,,,,,
36,1,250,XYZ_split,XZ,5.174165887952491,0.5515570274403011,0.993266065000064,0.00673393499993602,,,,,,,,,
36,1,250,ORACLE_plane,XZ,5.174165887952491,0.5515570274403011,0.9974166706391631,0.002583329360836939,,,,,,,,,
36,1,250,RL_adaptive,XZ,5.174165887952491,0.5515570274403011,0.9707684848795369,0.02923151512046307,20.0,4.0,144.0,19.0,23.0,6.0,3.0,0.0,31.0
36,1,500,Z_only,XZ,5.174165887952491,0.5515570274403011,0.7221015419827059,0.27789845801729407,,,,,,,,,
36,1,500,ZX_split,XZ,5.174165887952491,0.5515570274403011,0.9995717697689737,0.0004282302310263386,,,,,,,,,
36,1,500,XYZ_split,XZ,5.174165887952491,0.5515570274403011,0.995688410657924,0.004311589342075983,,,,,,,,,
36,1,500,ORACLE_plane,XZ,5.174165887952491,0.5515570274403011,0.9998264921058739,0.00017350789412606815,,,,,,,,,
36,1,500,RL_adaptive,XZ,5.174165887952491,0.5515570274403011,0.9935407122463887,0.006459287753611265,67.0,87.0,140.0,25.0,20.0,54.0,22.0,2.0,83.0
36,2,10,Z_only,XZ,5.174165887952491,0.5515570274403011,0.7221015419827059,0.27789845801729407,,,,,,,,,
36,2,10,ZX_split,XZ,5.174165887952491,0.5515570274403011,0.9438192611837278,0.05618073881627217,,,,,,,,,
36,2,10,XYZ_split,XZ,5.174165887952491,0.5515570274403011,0.7872900569541612,0.2127099430458388,,,,,,,,,
36,2,10,ORACLE_plane,XZ,5.174165887952491,0.5515570274403011,0.8830668959411716,0.1169331040588284,,,,,,,,,
36,2,10,RL_adaptive,XZ,5.174165887952491,0.5515570274403011,0.6384519069520619,0.3615480930479381,6.0,0.0,0.0,0.0,2.0,0.0,0.0,0.0,2.0
36,2,25,Z_only,XZ,5.174165887952491,0.5515570274403011,0.7221015419827059,0.27789845801729407,,,,,,,,,
36,2,25,ZX_split,XZ,5.174165887952491,0.5515570274403011,0.9974032134785364,0.0025967865214635566,,,,,,,,,
36,2,25,XYZ_split,XZ,5.174165887952491,0.5515570274403011,0.9646347380134828,0.03536526198651724,,,,,,,,,
36,2,25,ORACLE_plane,XZ,5.174165887952491,0.5515570274403011,0.9629797811201952,0.03702021887980478,,,,,,,,,
36,2,25,RL_adaptive,XZ,5.174165887952491,0.5515570274403011,0.9652520848742302,0.0347479151257698,9.0,0.0,1.0,2.0,5.0,1.0,0.0,3.0,4.0
36,2,50,Z_only,XZ,5.174165887952491,0.5515570274403011,0.7221015419827059,0.27789845801729407,,,,,,,,,
36,2,50,ZX_split,XZ,5.174165887952491,0.5515570274403011,0.973027359359147,0.02697264064085303,,,,,,,,,
36,2,50,XYZ_split,XZ,5.174165887952491,0.5515570274403011,0.9422019315323799,0.057798068467620145,,,,,,,,,
36,2,50,ORACLE_plane,XZ,5.174165887952491,0.5515570274403011,0.9743461675871484,0.025653832412851574,,,,,,,,,
36,2,50,RL_adaptive,XZ,5.174165887952491,0.5515570274403011,0.9259183887610877,0.07408161123891233,15.0,0.0,0.0,0.0,5.0,3.0,0.0,15.0,12.0
36,2,100,Z_only,XZ,5.174165887952491,0.5515570274403011,0.7221015419827059,0.27789845801729407,,,,,,,,,
36,2,100,ZX_split,XZ,5.174165887952491,0.5515570274403011,0.989405422385255,0.010594577614745027,,,,,,,,,
36,2,100,XYZ_split,XZ,5.174165887952491,0.5515570274403011,0.9850119895027606,0.014988010497239412,,,,,,,,,
36,2,100,ORACLE_plane,XZ,5.174165887952491,0.5515570274403011,0.9996424158904663,0.0003575841095336818,,,,,,,,,
36,2,100,RL_adaptive,XZ,5.174165887952491,0.5515570274403011,0.9919759382625314,0.008024061737468613,15.0,0.0,3.0,40.0,17.0,2.0,6.0,0.0,17.0
36,2,250,Z_only,XZ,5.174165887952491,0.5515570274403011,0.7221015419827059,0.27789845801729407,,,,,,,,,
36,2,250,ZX_split,XZ,5.174165887952491,0.5515570274403011,0.999480449809966,0.0005195501900340238,,,,,,,,,
36,2,250,XYZ_split,XZ,5.174165887952491,0.5515570274403011,0.9932018000705817,0.006798199929418325,,,,,,,,,
36,2,250,ORACLE_plane,XZ,5.174165887952491,0.5515570274403011,0.9993633461898334,0.000636653810166643,,,,,,,,,
36,2,250,RL_adaptive,XZ,5.174165887952491,0.5515570274403011,0.9664601995794662,0.03353980042053384,20.0,2.0,150.0,8.0,30.0,0.0,2.0,0.0,38.0
36,2,500,Z_only,XZ,5.174165887952491,0.5515570274403011,0.7221015419827059,0.27789845801729407,,,,,,,,,
36,2,500,ZX_split,XZ,5.174165887952491,0.5515570274403011,0.9994969554299332,0.0005030445700667796,,,,,,,,,
36,2,500,XYZ_split,XZ,5.174165887952491,0.5515570274403011,0.9948514722368187,0.00514852776318131,,,,,,,,,
36,2,500,ORACLE_plane,XZ,5.174165887952491,0.5515570274403011,0.999660432962622,0.0003395670373780302,,,,,,,,,
36,2,500,RL_adaptive,XZ,5.174165887952491,0.5515570274403011,0.9966675231800548,0.003332476819945196,72.0,81.0,145.0,22.0,26.0,48.0,18.0,1.0,87.0
36,3,10,Z_only,XZ,5.174165887952491,0.5515570274403011,0.7221015419827059,0.27789845801729407,,,,,,,,,
36,3,10,ZX_split,XZ,5.174165887952491,0.5515570274403011,0.9848674229006914,0.015132577099308597,,,,,,,,,
36,3,10,XYZ_split,XZ,5.174165887952491,0.5515570274403011,0.8720745059992163,0.12792549400078368,,,,,,,,,
36,3,10,ORACLE_plane,XZ,5.174165887952491,0.5515570274403011,0.9740148294226424,0.025985170577357608,,,,,,,,,
36,3,10,RL_adaptive,XZ,5.174165887952491,0.5515570274403011,0.8503094502088431,0.14969054979115692,4.0,0.0,1.0,0.0,2.0,0.0,0.0,0.0,3.0
36,3,25,Z_only,XZ,5.174165887952491,0.5515570274403011,0.22552957231316254,0.7744704276868375,,,,,,,,,
36,3,25,ZX_split,XZ,5.174165887952491,0.5515570274403011,0.9572804885876222,0.04271951141237784,,,,,,,,,
36,3,25,XYZ_split,XZ,5.174165887952491,0.5515570274403011,0.9835803866589732,0.016419613341026817,,,,,,,,,
36,3,25,ORACLE_plane,XZ,5.174165887952491,0.5515570274403011,0.9882351764138162,0.011764823586183804,,,,,,,,,
36,3,25,RL_adaptive,XZ,5.174165887952491,0.5515570274403011,0.9554177215479078,0.04458227845209217,10.0,0.0,1.0,0.0,5.0,1.0,0.0,5.0,3.0
36,3,50,Z_only,XZ,5.174165887952491,0.5515570274403011,0.7221015419827059,0.27789845801729407,,,,,,,,,
36,3,50,ZX_split,XZ,5.174165887952491,0.5515570274403011,0.9754260578494283,0.024573942150571737,,,,,,,,,
36,3,50,XYZ_split,XZ,5.174165887952491,0.5515570274403011,0.870899130128571,0.129100869871429,,,,,,,,,
36,3,50,ORACLE_plane,XZ,5.174165887952491,0.5515570274403011,0.9936472520231874,0.006352747976812623,,,,,,,,,
36,3,50,RL_adaptive,XZ,5.174165887952491,0.5515570274403011,0.9060270894164391,0.09397291058356094,17.0,0.0,0.0,0.0,6.0,0.0,0.0,12.0,15.0
36,3,100,Z_only,XZ,5.174165887952491,0.5515570274403011,0.7221015419827059,0.27789845801729407,,,,,,,,,
36,3,100,ZX_split,XZ,5.174165887952491,0.5515570274403011,0.9965693301944966,0.003430669805503439,,,,,,,,,
36,3,100,XYZ_split,XZ,5.174165887952491,0.5515570274403011,0.9675173055828572,0.0324826944171428,,,,,,,,,
36,3,100,ORACLE_plane,XZ,5.174165887952491,0.5515570274403011,0.9951831489745289,0.004816851025471136,,,,,,,,,
36,3,100,RL_adaptive,XZ,5.174165887952491,0.5515570274403011,0.9862707688445257,0.013729231155474309,13.0,0.0,2.0,44.0,16.0,3.0,7.0,0.0,15.0
36,3,250,Z_only,XZ,5.174165887952491,0.5515570274403011,0.7221015419827059,0.27789845801729407,,,,,,,,,
36,3,250,ZX_split,XZ,5.174165887952491,0.5515570274403011,0.9938565956997074,0.0061434043002925875,,,,,,,,,
36,3,250,XYZ_split,XZ,5.174165887952491,0.5515570274403011,0.994643809177504,0.005356190822496054,,,,,,,,,
36,3,250,ORACLE_plane,XZ,5.174165887952491,0.5515570274403011,0.9981604405734572,0.0018395594265427917,,,,,,,,,
36,3,250,RL_adaptive,XZ,5.174165887952491,0.5515570274403011,0.9865226861896079,0.013477313810392078,17.0,4.0,150.0,17.0,24.0,4.0,2.0,0.0,32.0
36,3,500,Z_only,XZ,5.174165887952491,0.5515570274403011,0.7221015419827059,0.27789845801729407,,,,,,,,,
36,3,500,ZX_split,XZ,5.174165887952491,0.5515570274403011,0.9983846712473202,0.0016153287526797788,,,,,,,,,
36,3,500,XYZ_split,XZ,5.174165887952491,0.5515570274403011,0.9939495191934058,0.006050480806594205,,,,,,,,,
36,3,500,ORACLE_plane,XZ,5.174165887952491,0.5515570274403011,0.999779329036932,0.0002206709630679926,,,,,,,,,
36,3,500,RL_adaptive,XZ,5.174165887952491,0.5515570274403011,0.9985885031963094,0.0014114968036905706,87.0,66.0,148.0,14.0,45.0,35.0,8.0,0.0,97.0
36,4,10,Z_only,XZ,5.174165887952491,0.5515570274403011,0.7221015419827059,0.27789845801729407,,,,,,,,,
36,4,10,ZX_split,XZ,5.174165887952491,0.5515570274403011,0.9092172134844987,0.09078278651550131,,,,,,,,,
36,4,10,XYZ_split,XZ,5.174165887952491,0.5515570274403011,0.6564092527806495,0.34359074721935046,,,,,,,,,
36,4,10,ORACLE_plane,XZ,5.174165887952491,0.5515570274403011,0.9674713994191179,0.03252860058088214,,,,,,,,,
36,4,10,RL_adaptive,XZ,5.174165887952491,0.5515570274403011,0.8054115561452465,0.1945884438547535,6.0,0.0,0.0,0.0,2.0,0.0,0.0,0.0,2.0
36,4,25,Z_only,XZ,5.174165887952491,0.5515570274403011,0.7221015419827059,0.27789845801729407,,,,,,,,,
36,4,25,ZX_split,XZ,5.174165887952491,0.5515570274403011,0.9774511596498792,0.022548840350120836,,,,,,,,,
36,4,25,XYZ_split,XZ,5.174165887952491,0.5515570274403011,0.8964682199570587,0.10353178004294128,,,,,,,,,
36,4,25,ORACLE_plane,XZ,5.174165887952491,0.5515570274403011,0.9881324107631507,0.011867589236849274,,,,,,,,,
36,4,25,RL_adaptive,XZ,5.174165887952491,0.5515570274403011,0.7922326640928786,0.20776733590712138,11.0,0.0,0.0,0.0,7.0,0.0,0.0,3.0,4.0
36,4,50,Z_only,XZ,5.174165887952491,0.5515570274403011,0.7221015419827059,0.27789845801729407,,,,,,,,,
36,4,50,ZX_split,XZ,5.174165887952491,0.5515570274403011,0.9945066897407454,0.005493310259254591,,,,,,,,,
36,4,50,XYZ_split,XZ,5.174165887952491,0.5515570274403011,0.9341199773356749,0.06588002266432513,,,,,,,,,
36,4,50,ORACLE_plane,XZ,5.174165887952491,0.5515570274403011,0.9994011475022362,0.0005988524977638132,,,,,,,,,
36,4,50,RL_adaptive,XZ,5.174165887952491,0.5515570274403011,0.9750024824257965,0.024997517574203543,14.0,0.0,0.0,0.0,6.0,2.0,0.0,16.0,12.0
36,4,100,Z_only,XZ,5.174165887952491,0.5515570274403011,0.7221015419827059,0.27789845801729407,,,,,,,,,
36,4,100,ZX_split,XZ,5.174165887952491,0.5515570274403011,0.9919990010297102,0.00800099897028983,,,,,,,,,
36,4,100,XYZ_split,XZ,5.174165887952491,0.5515570274403011,0.9729010409991421,0.027098959000857903,,,,,,,,,
36,4,100,ORACLE_plane,XZ,5.174165887952491,0.5515570274403011,0.9998256217420775,0.00017437825792254724,,,,,,,,,
36,4,100,RL_adaptive,XZ,5.174165887952491,0.5515570274403011,0.9569312495345763,0.04306875046542369,16.0,0.0,3.0,37.0,20.0,0.0,5.0,0.0,19.0
36,4,250,Z_only,XZ,5.174165887952491,0.5515570274403011,0.7221015419827059,0.27789845801729407,,,,,,,,,
36,4,250,ZX_split,XZ,5.174165887952491,0.5515570274403011,0.9958934074741753,0.004106592525824682,,,,,,,,,
36,4,250,XYZ_split,XZ,5.174165887952491,0.5515570274403011,0.983136794619434,0.01686320538056596,,,,,,,,,
36,4,250,ORACLE_plane,XZ,5.174165887952491,0.5515570274403011,0.9989990123785009,0.0010009876214991387,,,,,,,,,
36,4,250,RL_adaptive,XZ,5.174165887952491,0.5515570274403011,0.9926655441655509,0.007334455834449138,21.0,0.0,146.0,16.0,28.0,2.0,1.0,0.0,36.0
36,4,500,Z_only,XZ,5.174165887952491,0.5515570274403011,0.7221015419827059,0.27789845801729407,,,,,,,,,
36,4,500,ZX_split,XZ,5.174165887952491,0.5515570274403011,0.999380824541972,0.0006191754580280318,,,,,,,,,
36,4,500,XYZ_split,XZ,5.174165887952491,0.5515570274403011,0.995973561207749,0.004026438792250953,,,,,,,,,
36,4,500,ORACLE_plane,XZ,5.174165887952491,0.5515570274403011,0.9988522235046127,0.0011477764953873315,,,,,,,,,
36,4,500,RL_adaptive,XZ,5.174165887952491,0.5515570274403011,0.9957075533280425,0.004292446671957495,76.0,71.0,156.0,17.0,42.0,38.0,12.0,0.0,88.0
37,0,10,Z_only,XZ,1.080447647727198,5.539763709978859,0.7890101577726681,0.21098984222733186,,,,,,,,,
37,0,10,ZX_split,XZ,1.080447647727198,5.539763709978859,0.92671637974804,0.07328362025196,,,,,,,,,
37,0,10,XYZ_split,XZ,1.080447647727198,5.539763709978859,0.4524630749753396,0.5475369250246604,,,,,,,,,
37,0,10,ORACLE_plane,XZ,1.080447647727198,5.539763709978859,0.8844875251842432,0.11551247481575677,,,,,,,,,
37,0,10,RL_adaptive,XZ,1.080447647727198,5.539763709978859,0.4178445223432617,0.5821554776567384,4.0,1.0,0.0,0.0,2.0,0.0,0.0,1.0,2.0
37,0,25,Z_only,XZ,1.080447647727198,5.539763709978859,0.7890101577726681,0.21098984222733186,,,,,,,,,
37,0,25,ZX_split,XZ,1.080447647727198,5.539763709978859,0.948073840365319,0.051926159634680946,,,,,,,,,
37,0,25,XYZ_split,XZ,1.080447647727198,5.539763709978859,0.8112035717488504,0.18879642825114962,,,,,,,,,
37,0,25,ORACLE_plane,XZ,1.080447647727198,5.539763709978859,0.9687210268102158,0.03127897318978423,,,,,,,,,
37,0,25,RL_adaptive,XZ,1.080447647727198,5.539763709978859,0.895342879288448,0.10465712071155198,8.0,0.0,1.0,4.0,2.0,1.0,0.0,6.0,3.0
37,0,50,Z_only,XZ,1.080447647727198,5.539763709978859,0.7890101577726681,0.21098984222733186,,,,,,,,,
37,0,50,ZX_split,XZ,1.080447647727198,5.539763709978859,0.9765266437013247,0.023473356298675307,,,,,,,,,
37,0,50,XYZ_split,XZ,1.080447647727198,5.539763709978859,0.9576778714674415,0.042322128532558456,,,,,,,,,
37,0,50,ORACLE_plane,XZ,1.080447647727198,5.539763709978859,0.9806052327316915,0.019394767268308466,,,,,,,,,
37,0,50,RL_adaptive,XZ,1.080447647727198,5.539763709978859,0.9939798432181606,0.006020156781839425,13.0,0.0,0.0,0.0,11.0,1.0,0.0,15.0,10.0
37,0,100,Z_only,XZ,1.080447647727198,5.539763709978859,0.7890101577726681,0.21098984222733186,,,,,,,,,
37,0,100,ZX_split,XZ,1.080447647727198,5.539763709978859,0.9922060841221197,0.007793915877880253,,,,,,,,,
37,0,100,XYZ_split,XZ,1.080447647727198,5.539763709978859,0.9761858730040158,0.023814126995984175,,,,,,,,,
37,0,100,ORACLE_plane,XZ,1.080447647727198,5.539763709978859,0.9955991537503351,0.004400846249664858,,,,,,,,,
37,0,100,RL_adaptive,XZ,1.080447647727198,5.539763709978859,0.9847134530173873,0.01528654698261267,3.0,7.0,6.0,47.0,7.0,9.0,17.0,0.0,4.0
37,0,250,Z_only,XZ,1.080447647727198,5.539763709978859,0.7890101577726681,0.21098984222733186,,,,,,,,,
37,0,250,ZX_split,XZ,1.080447647727198,5.539763709978859,0.9993361095584826,0.0006638904415173785,,,,,,,,,
37,0,250,XYZ_split,XZ,1.080447647727198,5.539763709978859,0.9884262279824455,0.011573772017554496,,,,,,,,,
37,0,250,ORACLE_plane,XZ,1.080447647727198,5.539763709978859,0.9966202890139781,0.0033797109860218555,,,,,,,,,
37,0,250,RL_adaptive,XZ,1.080447647727198,5.539763709978859,0.9037108750298002,0.09628912497019981,18.0,1.0,153.0,15.0,24.0,1.0,0.0,11.0,27.0
37,0,500,Z_only,XZ,1.080447647727198,5.539763709978859,0.7890101577726681,0.21098984222733186,,,,,,,,,
37,0,500,ZX_split,XZ,1.080447647727198,5.539763709978859,0.9962050137169035,0.003794986283096491,,,,,,,,,
37,0,500,XYZ_split,XZ,1.080447647727198,5.539763709978859,0.9969837946620023,0.003016205337997735,,,,,,,,,
37,0,500,ORACLE_plane,XZ,1.080447647727198,5.539763709978859,0.9994261730812565,0.0005738269187435252,,,,,,,,,
37,0,500,RL_adaptive,XZ,1.080447647727198,5.539763709978859,0.9935240619688172,0.0064759380311828485,106.0,39.0,163.0,0.0,66.0,24.0,8.0,10.0,84.0
37,1,10,Z_only,XZ,1.080447647727198,5.539763709978859,0.7890101577726681,0.21098984222733186,,,,,,,,,
37,1,10,ZX_split,XZ,1.080447647727198,5.539763709978859,0.9358337411682154,0.06416625883178462,,,,,,,,,
37,1,10,XYZ_split,XZ,1.080447647727198,5.539763709978859,0.927893000637338,0.07210699936266196,,,,,,,,,
37,1,10,ORACLE_plane,XZ,1.080447647727198,5.539763709978859,0.9779629499658471,0.022037050034152905,,,,,,,,,
37,1,10,RL_adaptive,XZ,1.080447647727198,5.539763709978859,0.9731474038436225,0.026852596156377473,3.0,0.0,1.0,0.0,2.0,0.0,0.0,0.0,4.0
37,1,25,Z_only,XZ,1.080447647727198,5.539763709978859,0.7890101577726681,0.21098984222733186,,,,,,,,,
37,1,25,ZX_split,XZ,1.080447647727198,5.539763709978859,0.9775406702174514,0.02245932978254861,,,,,,,,,
37,1,25,XYZ_split,XZ,1.080447647727198,5.539763709978859,0.9804901627266456,0.019509837273354425,,,,,,,,,
37,1,25,ORACLE_plane,XZ,1.080447647727198,5.539763709978859,0.9749956907662585,0.02500430923374153,,,,,,,,,
37,1,25,RL_adaptive,XZ,1.080447647727198,5.539763709978859,0.9015497377989494,0.09845026220105058,6.0,1.0,0.0,5.0,2.0,1.0,0.0,6.0,4.0
37,1,50,Z_only,XZ,1.080447647727198,5.539763709978859,0.7890101577726681,0.21098984222733186,,,,,,,,,
37,1,50,ZX_split,XZ,1.080447647727198,5.539763709978859,0.9932658207113386,0.006734179288661379,,,,,,,,,
37,1,50,XYZ_split,XZ,1.080447647727198,5.539763709978859,0.9493621288597732,0.050637871140226776,,,,,,,,,
37,1,50,ORACLE_plane,XZ,1.080447647727198,5.539763709978859,0.9790266347671033,0.020973365232896723,,,,,,,,,
37,1,50,RL_adaptive,XZ,1.080447647727198,5.539763709978859,0.9763103403702478,0.023689659629752224,13.0,0.0,0.0,0.0,12.0,1.0,0.0,14.0,10.0
37,1,100,Z_only,XZ,1.080447647727198,5.539763709978859,0.7890101577726681,0.21098984222733186,,,,,,,,,
37,1,100,ZX_split,XZ,1.080447647727198,5.539763709978859,0.9865003314482776,0.013499668551722355,,,,,,,,,
37,1,100,XYZ_split,XZ,1.080447647727198,5.539763709978859,0.985691230435956,0.014308769564044033,,,,,,,,,
37,1,100,ORACLE_plane,XZ,1.080447647727198,5.539763709978859,0.99144277290773,0.008557227092270026,,,,,,,,,
37,1,100,RL_adaptive,XZ,1.080447647727198,5.539763709978859,0.9896549803345046,0.010345019665495392,8.0,3.0,6.0,41.0,14.0,5.0,15.0,0.0,8.0
37,1,250,Z_only,XZ,1.080447647727198,5.539763709978859,0.7890101577726681,0.21098984222733186,,,,,,,,,
37,1,250,ZX_split,XZ,1.080447647727198,5.539763709978859,0.9991459346355477,0.0008540653644523166,,,,,,,,,
37,1,250,XYZ_split,XZ,1.080447647727198,5.539763709978859,0.9828005230460102,0.017199476953989823,,,,,,,,,
37,1,250,ORACLE_plane,XZ,1.080447647727198,5.539763709978859,0.9962814958478313,0.003718504152168678,,,,,,,,,
37,1,250,RL_adaptive,XZ,1.080447647727198,5.539763709978859,0.9977774237304752,0.002222576269524823,15.0,4.0,153.0,16.0,22.0,1.0,2.0,12.0,25.0
37,1,500,Z_only,XZ,1.080447647727198,5.539763709978859,0.7890101577726681,0.21098984222733186,,,,,,,,,
37,1,500,ZX_split,XZ,1.080447647727198,5.539763709978859,0.9970360338217124,0.002963966178287647,,,,,,,,,
37,1,500,XYZ_split,XZ,1.080447647727198,5.539763709978859,0.9993850043922714,0.0006149956077285967,,,,,,,,,
37,1,500,ORACLE_plane,XZ,1.080447647727198,5.539763709978859,0.9998020088145085,0.000197991185491464,,,,,,,,,
37,1,500,RL_adaptive,XZ,1.080447647727198,5.539763709978859,0.9922108833499738,0.00778911665002624,86.0,68.0,157.0,0.0,37.0,46.0,24.0,15.0,67.0
37,2,10,Z_only,XZ,1.080447647727198,5.539763709978859,0.7890101577726681,0.21098984222733186,,,,,,,,,
37,2,10,ZX_split,XZ,1.080447647727198,5.539763709978859,0.9989331918037156,0.0010668081962843523,,,,,,,,,
37,2,10,XYZ_split,XZ,1.080447647727198,5.539763709978859,0.6450627888067426,0.3549372111932574,,,,,,,,,
37,2,10,ORACLE_plane,XZ,1.080447647727198,5.539763709978859,0.9891126617990676,0.01088733820093235,,,,,,,,,
37,2,10,RL_adaptive,XZ,1.080447647727198,5.539763709978859,0.8039596074650694,0.19604039253493055,3.0,0.0,1.0,1.0,2.0,0.0,0.0,0.0,3.0
37,2,25,Z_only,XZ,1.080447647727198,5.539763709978859,0.7890101577726681,0.21098984222733186,,,,,,,,,
37,2,25,ZX_split,XZ,1.080447647727198,5.539763709978859,0.9923465386959542,0.007653461304045761,,,,,,,,,
37,2,25,XYZ_split,XZ,1.080447647727198,5.539763709978859,0.9459652848397776,0.0540347151602224,,,,,,,,,
37,2,25,ORACLE_plane,XZ,1.080447647727198,5.539763709978859,0.9712766913917531,0.0287233086082469,,,,,,,,,
37,2,25,RL_adaptive,XZ,1.080447647727198,5.539763709978859,0.9167387626881613,0.08326123731183865,7.0,1.0,0.0,3.0,2.0,2.0,0.0,7.0,3.0
37,2,50,Z_only,XZ,1.080447647727198,5.539763709978859,0.7890101577726681,0.21098984222733186,,,,,,,,,
37,2,50,ZX_split,XZ,1.080447647727198,5.539763709978859,0.9958695887423399,0.004130411257660116,,,,,,,,,
37,2,50,XYZ_split,XZ,1.080447647727198,5.539763709978859,0.981993562557246,0.018006437442753986,,,,,,,,,
37,2,50,ORACLE_plane,XZ,1.080447647727198,5.539763709978859,0.9942307529335966,0.00576924706640336,,,,,,,,,
37,2,50,RL_adaptive,XZ,1.080447647727198,5.539763709978859,0.9795577149354164,0.020442285064583565,13.0,0.0,0.0,0.0,12.0,0.0,0.0,14.0,11.0
37,2,100,Z_only,XZ,1.080447647727198,5.539763709978859,0.7890101577726681,0.21098984222733186,,,,,,,,,
37,2,100,ZX_split,XZ,1.080447647727198,5.539763709978859,0.9974526053686165,0.002547394631383537,,,,,,,,,
37,2,100,XYZ_split,XZ,1.080447647727198,5.539763709978859,0.9639659168512258,0.03603408314877421,,,,,,,,,
37,2,100,ORACLE_plane,XZ,1.080447647727198,5.539763709978859,0.9736072498671775,0.026392750132822496,,,,,,,,,
37,2,100,RL_adaptive,XZ,1.080447647727198,5.539763709978859,0.9909377658510741,0.00906223414892593,6.0,3.0,10.0,40.0,15.0,4.0,13.0,0.0,9.0
37,2,250,Z_only,XZ,1.080447647727198,5.539763709978859,0.7890101577726681,0.21098984222733186,,,,,,,,,
37,2,250,ZX_split,XZ,1.080447647727198,5.539763709978859,0.9990153496258912,0.0009846503741087753,,,,,,,,,
37,2,250,XYZ_split,XZ,1.080447647727198,5.539763709978859,0.9921493770767738,0.007850622923226247,,,,,,,,,
37,2,250,ORACLE_plane,XZ,1.080447647727198,5.539763709978859,0.9997467790689951,0.00025322093100488274,,,,,,,,,
37,2,250,RL_adaptive,XZ,1.080447647727198,5.539763709978859,0.9931676693329232,0.00683233066707678,14.0,5.0,152.0,15.0,24.0,0.0,2.0,9.0,29.0
37,2,500,Z_only,XZ,1.080447647727198,5.539763709978859,0.7890101577726681,0.21098984222733186,,,,,,,,,
37,2,500,ZX_split,XZ,1.080447647727198,5.539763709978859,0.9961259256877292,0.0038740743122708254,,,,,,,,,
37,2,500,XYZ_split,XZ,1.080447647727198,5.539763709978859,0.9927830950796945,0.007216904920305467,,,,,,,,,
37,2,500,ORACLE_plane,XZ,1.080447647727198,5.539763709978859,0.9993245991746953,0.0006754008253047061,,,,,,,,,
37,2,500,RL_adaptive,XZ,1.080447647727198,5.539763709978859,0.9968981163313485,0.003101883668651495,93.0,53.0,159.0,2.0,50.0,36.0,19.0,13.0,75.0
37,3,10,Z_only,XZ,1.080447647727198,5.539763709978859,0.7890101577726681,0.21098984222733186,,,,,,,,,
37,3,10,ZX_split,XZ,1.080447647727198,5.539763709978859,0.9891126617990676,0.01088733820093235,,,,,,,,,
37,3,10,XYZ_split,XZ,1.080447647727198,5.539763709978859,0.8390812830652674,0.1609187169347326,,,,,,,,,
37,3,10,ORACLE_plane,XZ,1.080447647727198,5.539763709978859,0.9782665628166927,0.021733437183307336,,,,,,,,,
37,3,10,RL_adaptive,XZ,1.080447647727198,5.539763709978859,0.729947896939317,0.27005210306068295,4.0,0.0,0.0,0.0,2.0,0.0,0.0,0.0,4.0
37,3,25,Z_only,XZ,1.080447647727198,5.539763709978859,0.7890101577726681,0.21098984222733186,,,,,,,,,
37,3,25,ZX_split,XZ,1.080447647727198,5.539763709978859,0.9690924521666757,0.030907547833324278,,,,,,,,,
37,3,25,XYZ_split,XZ,1.080447647727198,5.539763709978859,0.8524266935153099,0.14757330648469014,,,,,,,,,
37,3,25,ORACLE_plane,XZ,1.080447647727198,5.539763709978859,0.9565438934312507,0.04345610656874932,,,,,,,,,
37,3,25,RL_adaptive,XZ,1.080447647727198,5.539763709978859,0.9382183153415177,0.06178168465848233,5.0,2.0,0.0,5.0,3.0,1.0,0.0,4.0,5.0
37,3,50,Z_only,XZ,1.080447647727198,5.539763709978859,0.7890101577726681,0.21098984222733186,,,,,,,,,
37,3,50,ZX_split,XZ,1.080447647727198,5.539763709978859,0.9567777120862666,0.04322228791373339,,,,,,,,,
37,3,50,XYZ_split,XZ,1.080447647727198,5.539763709978859,0.9178175159305242,0.08218248406947581,,,,,,,,,
37,3,50,ORACLE_plane,XZ,1.080447647727198,5.539763709978859,0.9976452308077726,0.002354769192227435,,,,,,,,,
37,3,50,RL_adaptive,XZ,1.080447647727198,5.539763709978859,0.9852386706106929,0.014761329389307076,11.0,1.0,0.0,0.0,11.0,1.0,1.0,16.0,9.0
37,3,100,Z_only,XZ,1.080447647727198,5.539763709978859,0.7890101577726681,0.21098984222733186,,,,,,,,,
37,3,100,ZX_split,XZ,1.080447647727198,5.539763709978859,0.9881125551669006,0.011887444833099448,,,,,,,,,
37,3,100,XYZ_split,XZ,1.080447647727198,5.539763709978859,0.993027726854484,0.0069722731455159614,,,,,,,,,
37,3,100,ORACLE_plane,XZ,1.080447647727198,5.539763709978859,0.9885723255965198,0.011427674403480248,,,,,,,,,
37,3,100,RL_adaptive,XZ,1.080447647727198,5.539763709978859,0.9739710044799211,0.026028995520078868,5.0,4.0,7.0,42.0,14.0,5.0,16.0,0.0,7.0
37,3,250,Z_only,XZ,1.080447647727198,5.539763709978859,0.7890101577726681,0.21098984222733186,,,,,,,,,
37,3,250,ZX_split,XZ,1.080447647727198,5.539763709978859,0.9994978982288876,0.0005021017711124287,,,,,,,,,
37,3,250,XYZ_split,XZ,1.080447647727198,5.539763709978859,0.9810925666084154,0.018907433391584627,,,,,,,,,
37,3,250,ORACLE_plane,XZ,1.080447647727198,5.539763709978859,0.9988030792905231,0.0011969207094768564,,,,,,,,,
37,3,250,RL_adaptive,XZ,1.080447647727198,5.539763709978859,0.9886783645583471,0.011321635441652877,17.0,3.0,146.0,17.0,22.0,3.0,2.0,14.0,26.0
37,3,500,Z_only,XZ,1.080447647727198,5.539763709978859,0.7890101577726681,0.21098984222733186,,,,,,,,,
37,3,500,ZX_split,XZ,1.080447647727198,5.539763709978859,0.9995790521367633,0.0004209478632366537,,,,,,,,,
37,3,500,XYZ_split,XZ,1.080447647727198,5.539763709978859,0.9977037308260089,0.0022962691739910612,,,,,,,,,
37,3,500,ORACLE_plane,XZ,1.080447647727198,5.539763709978859,0.995688783722104,0.004311216277895991,,,,,,,,,
37,3,500,RL_adaptive,XZ,1.080447647727198,5.539763709978859,0.9967438001648429,0.0032561998351571253,93.0,60.0,153.0,2.0,44.0,40.0,21.0,13.0,74.0
37,4,10,Z_only,XZ,1.080447647727198,5.539763709978859,0.7890101577726681,0.21098984222733186,,,,,,,,,
37,4,10,ZX_split,XZ,1.080447647727198,5.539763709978859,0.9891126617990676,0.01088733820093235,,,,,,,,,
37,4,10,XYZ_split,XZ,1.080447647727198,5.539763709978859,0.6678898344424284,0.33211016555757156,,,,,,,,,
37,4,10,ORACLE_plane,XZ,1.080447647727198,5.539763709978859,0.9779629499658471,0.022037050034152905,,,,,,,,,
37,4,10,RL_adaptive,XZ,1.080447647727198,5.539763709978859,0.950615196080413,0.049384803919586995,4.0,0.0,0.0,0.0,2.0,0.0,0.0,0.0,4.0
37,4,25,Z_only,XZ,1.080447647727198,5.539763709978859,0.7890101577726681,0.21098984222733186,,,,,,,,,
37,4,25,ZX_split,XZ,1.080447647727198,5.539763709978859,0.9667948661498815,0.03320513385011847,,,,,,,,,
37,4,25,XYZ_split,XZ,1.080447647727198,5.539763709978859,0.9008420427897634,0.09915795721023657,,,,,,,,,
37,4,25,ORACLE_plane,XZ,1.080447647727198,5.539763709978859,0.9912411113085258,0.008758888691474231,,,,,,,,,
37,4,25,RL_adaptive,XZ,1.080447647727198,5.539763709978859,0.9465322658031199,0.05346773419688011,10.0,0.0,0.0,1.0,6.0,0.0,0.0,3.0,5.0
37,4,50,Z_only,XZ,1.080447647727198,5.539763709978859,0.7890101577726681,0.21098984222733186,,,,,,,,,
37,4,50,ZX_split,XZ,1.080447647727198,5.539763709978859,0.9947254759124349,0.0052745240875651245,,,,,,,,,
37,4,50,XYZ_split,XZ,1.080447647727198,5.539763709978859,0.8916951794084487,0.10830482059155133,,,,,,,,,
37,4,50,ORACLE_plane,XZ,1.080447647727198,5.539763709978859,0.9623374617642542,0.037662538235745835,,,,,,,,,
37,4,50,RL_adaptive,XZ,1.080447647727198,5.539763709978859,0.9882417290813981,0.011758270918601932,12.0,0.0,0.0,0.0,12.0,1.0,1.0,15.0,9.0
37,4,100,Z_only,XZ,1.080447647727198,5.539763709978859,0.7890101577726681,0.21098984222733186,,,,,,,,,
37,4,100,ZX_split,XZ,1.080447647727198,5.539763709978859,0.9932001038811091,0.006799896118890869,,,,,,,,,
37,4,100,XYZ_split,XZ,1.080447647727198,5.539763709978859,0.9679324890864354,0.032067510913564634,,,,,,,,,
37,4,100,ORACLE_plane,XZ,1.080447647727198,5.539763709978859,0.99863152160693,0.0013684783930699718,,,,,,,,,
37,4,100,RL_adaptive,XZ,1.080447647727198,5.539763709978859,0.9583649479534079,0.041635052046592125,9.0,0.0,8.0,43.0,13.0,4.0,12.0,0.0,11.0
37,4,250,Z_only,XZ,1.080447647727198,5.539763709978859,0.7890101577726681,0.21098984222733186,,,,,,,,,
37,4,250,ZX_split,XZ,1.080447647727198,5.539763709978859,0.9995782274338598,0.0004217725661401772,,,,,,,,,
37,4,250,XYZ_split,XZ,1.080447647727198,5.539763709978859,0.984916921610733,0.015083078389267035,,,,,,,,,
37,4,250,ORACLE_plane,XZ,1.080447647727198,5.539763709978859,0.9957218267143834,0.004278173285616638,,,,,,,,,
37,4,250,RL_adaptive,XZ,1.080447647727198,5.539763709978859,0.9950080915779906,0.004991908422009361,20.0,2.0,150.0,14.0,25.0,0.0,0.0,11.0,28.0
37,4,500,Z_only,XZ,1.080447647727198,5.539763709978859,0.7890101577726681,0.21098984222733186,,,,,,,,,
37,4,500,ZX_split,XZ,1.080447647727198,5.539763709978859,0.9996651967246987,0.0003348032753013319,,,,,,,,,
37,4,500,XYZ_split,XZ,1.080447647727198,5.539763709978859,0.996495224750639,0.003504775249360992,,,,,,,,,
37,4,500,ORACLE_plane,XZ,1.080447647727198,5.539763709978859,0.9990684744621264,0.0009315255378735676,,,,,,,,,
37,4,500,RL_adaptive,XZ,1.080447647727198,5.539763709978859,0.9833434420485555,0.016656557951444495,84.0,56.0,169.0,0.0,51.0,37.0,20.0,17.0,66.0
38,0,10,Z_only,XY,5.305105847153901,5.430250495601716,0.25,0.75,,,,,,,,,
38,0,10,ZX_split,XY,5.305105847153901,5.430250495601716,0.5603891801777398,0.43961081982226025,,,,,,,,,
38,0,10,XYZ_split,XY,5.305105847153901,5.430250495601716,0.7261413421839327,0.27385865781606733,,,,,,,,,
38,0,10,ORACLE_plane,XY,5.305105847153901,5.430250495601716,0.9331554413717713,0.06684455862822869,,,,,,,,,
38,0,10,RL_adaptive,XY,5.305105847153901,5.430250495601716,0.6480754156862242,0.3519245843137758,4.0,0.0,0.0,0.0,2.0,0.0,0.0,1.0,3.0
38,0,25,Z_only,XY,5.305105847153901,5.430250495601716,0.25,0.75,,,,,,,,,
38,0,25,ZX_split,XY,5.305105847153901,5.430250495601716,0.591592075926821,0.40840792407317905,,,,,,,,,
38,0,25,XYZ_split,XY,5.305105847153901,5.430250495601716,0.967971377000257,0.03202862299974296,,,,,,,,,
38,0,25,ORACLE_plane,XY,5.305105847153901,5.430250495601716,0.9716448186856764,0.028355181314323574,,,,,,,,,
38,0,25,RL_adaptive,XY,5.305105847153901,5.430250495601716,0.8277614670150945,0.17223853298490555,10.0,0.0,0.0,0.0,4.0,1.0,0.0,8.0,2.0
38,0,50,Z_only,XY,5.305105847153901,5.430250495601716,0.2500000000000001,0.7499999999999999,,,,,,,,,
38,0,50,ZX_split,XY,5.305105847153901,5.430250495601716,0.6321382785244576,0.3678617214755424,,,,,,,,,
38,0,50,XYZ_split,XY,5.305105847153901,5.430250495601716,0.9695901719706695,0.030409828029330455,,,,,,,,,
38,0,50,ORACLE_plane,XY,5.305105847153901,5.430250495601716,0.990971447515489,0.009028552484510954,,,,,,,,,
38,0,50,RL_adaptive,XY,5.305105847153901,5.430250495601716,0.9236369601593358,0.07636303984066417,11.0,1.0,0.0,0.0,7.0,4.0,1.0,18.0,8.0
38,0,100,Z_only,XY,5.305105847153901,5.430250495601716,0.2499999999999999,0.7500000000000001,,,,,,,,,
38,0,100,ZX_split,XY,5.305105847153901,5.430250495601716,0.6212629739647743,0.37873702603522574,,,,,,,,,
38,0,100,XYZ_split,XY,5.305105847153901,5.430250495601716,0.9877236294547472,0.012276370545252768,,,,,,,,,
38,0,100,ORACLE_plane,XY,5.305105847153901,5.430250495601716,0.9883121167637255,0.011687883236274454,,,,,,,,,
38,0,100,RL_adaptive,XY,5.305105847153901,5.430250495601716,0.9660974377373207,0.03390256226267929,15.0,1.0,3.0,38.0,19.0,1.0,5.0,0.0,18.0
38,0,250,Z_only,XY,5.305105847153901,5.430250495601716,0.2499999999999999,0.7500000000000001,,,,,,,,,
38,0,250,ZX_split,XY,5.305105847153901,5.430250495601716,0.6455733322233818,0.35442666777661824,,,,,,,,,
38,0,250,XYZ_split,XY,5.305105847153901,5.430250495601716,0.9956030858381955,0.004396914161804544,,,,,,,,,
38,0,250,ORACLE_plane,XY,5.305105847153901,5.430250495601716,0.9953054873021898,0.0046945126978101825,,,,,,,,,
38,0,250,RL_adaptive,XY,5.305105847153901,5.430250495601716,0.9736861304391824,0.026313869560817604,22.0,1.0,154.0,7.0,30.0,0.0,2.0,2.0,32.0
38,0,500,Z_only,XY,5.305105847153901,5.430250495601716,0.2500000000000001,0.7499999999999999,,,,,,,,,
38,0,500,ZX_split,XY,5.305105847153901,5.430250495601716,0.6447915487641054,0.3552084512358946,,,,,,,,,
38,0,500,XYZ_split,XY,5.305105847153901,5.430250495601716,0.9979707242630332,0.0020292757369667624,,,,,,,,,
38,0,500,ORACLE_plane,XY,5.305105847153901,5.430250495601716,0.9996025056270923,0.00039749437290770295,,,,,,,,,
38,0,500,RL_adaptive,XY,5.305105847153901,5.430250495601716,0.9963070478699679,0.003692952130032068,74.0,47.0,171.0,0.0,77.0,25.0,18.0,13.0,75.0
38,1,10,Z_only,XY,5.305105847153901,5.430250495601716,0.2500000000000001,0.7499999999999999,,,,,,,,,
38,1,10,ZX_split,XY,5.305105847153901,5.430250495601716,0.4309826391224993,0.5690173608775007,,,,,,,,,
38,1,10,XYZ_split,XY,5.305105847153901,5.430250495601716,0.6750013296131879,0.32499867038681207,,,,,,,,,
38,1,10,ORACLE_plane,XY,5.305105847153901,5.430250495601716,0.7349842579359729,0.2650157420640271,,,,,,,,,
38,1,10,RL_adaptive,XY,5.305105847153901,5.430250495601716,0.9075361202725589,0.09246387972744108,4.0,0.0,0.0,0.0,2.0,0.0,0.0,1.0,3.0
38,1,25,Z_only,XY,5.305105847153901,5.430250495601716,0.2500000000000001,0.7499999999999999,,,,,,,,,
38,1,25,ZX_split,XY,5.305105847153901,5.430250495601716,0.5827067330986027,0.41729326690139734,,,,,,,,,
38,1,25,XYZ_split,XY,5.305105847153901,5.430250495601716,0.9595839483995012,0.04041605160049877,,,,,,,,,
38,1,25,ORACLE_plane,XY,5.305105847153901,5.430250495601716,0.9642576871910973,0.03574231280890272,,,,,,,,,
38,1,25,RL_adaptive,XY,5.305105847153901,5.430250495601716,0.9889275799039785,0.011072420096021496,7.0,1.0,0.0,0.0,3.0,4.0,0.0,8.0,2.0
38,1,50,Z_only,XY,5.305105847153901,5.430250495601716,0.25,0.75,,,,,,,,,
38,1,50,ZX_split,XY,5.305105847153901,5.430250495601716,0.6410654878139419,0.3589345121860581,,,,,,,,,
38,1,50,XYZ_split,XY,5.305105847153901,5.430250495601716,0.832477894502761,0.167522105497239,,,,,,,,,
38,1,50,ORACLE_plane,XY,5.305105847153901,5.430250495601716,0.9799425979521182,0.020057402047881756,,,,,,,,,
38,1,50,RL_adaptive,XY,5.305105847153901,5.430250495601716,0.8651080458179894,0.1348919541820106,10.0,2.0,0.0,0.0,5.0,4.0,0.0,20.0,9.0
38,1,100,Z_only,XY,5.305105847153901,5.430250495601716,0.25,0.75,,,,,,,,,
38,1,100,ZX_split,XY,5.305105847153901,5.430250495601716,0.6441492854254781,0.3558507145745219,,,,,,,,,
38,1,100,XYZ_split,XY,5.305105847153901,5.430250495601716,0.9739723118902102,0.026027688109789837,,,,,,,,,
38,1,100,ORACLE_plane,XY,5.305105847153901,5.430250495601716,0.9990932715529918,0.0009067284470082315,,,,,,,,,
38,1,100,RL_adaptive,XY,5.305105847153901,5.430250495601716,0.9735625001590784,0.026437499840921586,10.0,6.0,4.0,41.0,12.0,7.0,9.0,0.0,11.0
38,1,250,Z_only,XY,5.305105847153901,5.430250495601716,0.25,0.75,,,,,,,,,
38,1,250,ZX_split,XY,5.305105847153901,5.430250495601716,0.642746300910489,0.357253699089511,,,,,,,,,
38,1,250,XYZ_split,XY,5.305105847153901,5.430250495601716,0.981310253466223,0.018689746533776974,,,,,,,,,
38,1,250,ORACLE_plane,XY,5.305105847153901,5.430250495601716,0.9988199247011171,0.0011800752988828656,,,,,,,,,
38,1,250,RL_adaptive,XY,5.305105847153901,5.430250495601716,0.9935272648265511,0.006472735173448929,19.0,0.0,158.0,11.0,28.0,0.0,0.0,2.0,32.0
38,1,500,Z_only,XY,5.305105847153901,5.430250495601716,0.25,0.75,,,,,,,,,
38,1,500,ZX_split,XY,5.305105847153901,5.430250495601716,0.6457467241923431,0.35425327580765686,,,,,,,,,
38,1,500,XYZ_split,XY,5.305105847153901,5.430250495601716,0.997571944481309,0.0024280555186909636,,,,,,,,,
38,1,500,ORACLE_plane,XY,5.305105847153901,5.430250495601716,0.9998330320793155,0.00016696792068449096,,,,,,,,,
38,1,500,RL_adaptive,XY,5.305105847153901,5.430250495601716,0.9956871347937076,0.004312865206292371,52.0,73.0,162.0,2.0,49.0,51.0,35.0,19.0,57.0
38,2,10,Z_only,XY,5.305105847153901,5.430250495601716,0.2500000000000001,0.7499999999999999,,,,,,,,,
38,2,10,ZX_split,XY,5.305105847153901,5.430250495601716,0.4600812868854601,0.53991871311454,,,,,,,,,
38,2,10,XYZ_split,XY,5.305105847153901,5.430250495601716,0.7689768796241185,0.23102312037588146,,,,,,,,,
38,2,10,ORACLE_plane,XY,5.305105847153901,5.430250495601716,0.9829690158175232,0.017030984182476838,,,,,,,,,
38,2,10,RL_adaptive,XY,5.305105847153901,5.430250495601716,0.8312018943525664,0.16879810564743358,4.0,0.0,1.0,0.0,2.0,0.0,0.0,1.0,2.0
38,2,25,Z_only,XY,5.305105847153901,5.430250495601716,0.2499999999999999,0.7500000000000001,,,,,,,,,
38,2,25,ZX_split,XY,5.305105847153901,5.430250495601716,0.48163624855600795,0.518363751443992,,,,,,,,,
38,2,25,XYZ_split,XY,5.305105847153901,5.430250495601716,0.9014888178996926,0.0985111821003074,,,,,,,,,
38,2,25,ORACLE_plane,XY,5.305105847153901,5.430250495601716,0.9888992376722497,0.011100762327750258,,,,,,,,,
38,2,25,RL_adaptive,XY,5.305105847153901,5.430250495601716,0.9220447608247914,0.07795523917520863,10.0,0.0,0.0,0.0,4.0,1.0,0.0,8.0,2.0
38,2,50,Z_only,XY,5.305105847153901,5.430250495601716,0.25,0.75,,,,,,,,,
38,2,50,ZX_split,XY,5.305105847153901,5.430250495601716,0.6241887492132433,0.3758112507867567,,,,,,,,,
38,2,50,XYZ_split,XY,5.305105847153901,5.430250495601716,0.9943484465681841,0.005651553431815892,,,,,,,,,
38,2,50,ORACLE_plane,XY,5.305105847153901,5.430250495601716,0.9796710748460714,0.02032892515392859,,,,,,,,,
38,2,50,RL_adaptive,XY,5.305105847153901,5.430250495601716,0.9735006900596306,0.02649930994036942,14.0,0.0,0.0,0.0,9.0,0.0,0.0,14.0,13.0
38,2,100,Z_only,XY,5.305105847153901,5.430250495601716,0.2500000000000001,0.7499999999999999,,,,,,,,,
38,2,100,ZX_split,XY,5.305105847153901,5.430250495601716,0.6403979632169833,0.3596020367830167,,,,,,,,,
38,2,100,XYZ_split,XY,5.305105847153901,5.430250495601716,0.9697109054053008,0.030289094594699195,,,,,,,,,
38,2,100,ORACLE_plane,XY,5.305105847153901,5.430250495601716,0.9883647789942855,0.011635221005714458,,,,,,,,,
38,2,100,RL_adaptive,XY,5.305105847153901,5.430250495601716,0.9973830560174318,0.002616943982568176,13.0,3.0,1.0,43.0,15.0,5.0,6.0,0.0,14.0
38,2,250,Z_only,XY,5.305105847153901,5.430250495601716,0.2499999999999999,0.7500000000000001,,,,,,,,,
38,2,250,ZX_split,XY,5.305105847153901,5.430250495601716,0.6383303558503653,0.36166964414963465,,,,,,,,,
38,2,250,XYZ_split,XY,5.305105847153901,5.430250495601716,0.9925053364447743,0.007494663555225656,,,,,,,,,
38,2,250,ORACLE_plane,XY,5.305105847153901,5.430250495601716,0.9992467352994198,0.0007532647005802362,,,,,,,,,
38,2,250,RL_adaptive,XY,5.305105847153901,5.430250495601716,0.9903748308000957,0.009625169199904304,19.0,0.0,153.0,13.0,27.0,0.0,2.0,6.0,30.0
38,2,500,Z_only,XY,5.305105847153901,5.430250495601716,0.25,0.75,,,,,,,,,
38,2,500,ZX_split,XY,5.305105847153901,5.430250495601716,0.6360623004178322,0.3639376995821678,,,,,,,,,
38,2,500,XYZ_split,XY,5.305105847153901,5.430250495601716,0.9969135554855262,0.0030864445144738184,,,,,,,,,
38,2,500,ORACLE_plane,XY,5.305105847153901,5.430250495601716,0.9990400853184765,0.0009599146815234549,,,,,,,,,
38,2,500,RL_adaptive,XY,5.305105847153901,5.430250495601716,0.9867460794165939,0.013253920583406131,79.0,43.0,175.0,1.0,79.0,18.0,12.0,10.0,83.0
38,3,10,Z_only,XY,5.305105847153901,5.430250495601716,0.25,0.75,,,,,,,,,
38,3,10,ZX_split,XY,5.305105847153901,5.430250495601716,0.5109602798611963,0.4890397201388037,,,,,,,,,
38,3,10,XYZ_split,XY,5.305105847153901,5.430250495601716,0.7922216834535791,0.20777831654642087,,,,,,,,,
38,3,10,ORACLE_plane,XY,5.305105847153901,5.430250495601716,0.9981773150499956,0.0018226849500043718,,,,,,,,,
38,3,10,RL_adaptive,XY,5.305105847153901,5.430250495601716,0.8385850846488812,0.16141491535111885,3.0,0.0,1.0,0.0,2.0,0.0,1.0,1.0,2.0
38,3,25,Z_only,XY,5.305105847153901,5.430250495601716,0.2499999999999999,0.7500000000000001,,,,,,,,,
38,3,25,ZX_split,XY,5.305105847153901,5.430250495601716,0.5918058679328014,0.40819413206719857,,,,,,,,,
38,3,25,XYZ_split,XY,5.305105847153901,5.430250495601716,0.7313316922573728,0.2686683077426272,,,,,,,,,
38,3,25,ORACLE_plane,XY,5.305105847153901,5.430250495601716,0.9412154645360166,0.058784535463983434,,,,,,,,,
38,3,25,RL_adaptive,XY,5.305105847153901,5.430250495601716,0.9108825788739568,0.08911742112604315,10.0,1.0,0.0,0.0,3.0,2.0,0.0,7.0,2.0
38,3,50,Z_only,XY,5.305105847153901,5.430250495601716,0.2500000000000001,0.7499999999999999,,,,,,,,,
38,3,50,ZX_split,XY,5.305105847153901,5.430250495601716,0.6321382785244575,0.3678617214755425,,,,,,,,,
38,3,50,XYZ_split,XY,5.305105847153901,5.430250495601716,0.9912685640794541,0.008731435920545927,,,,,,,,,
38,3,50,ORACLE_plane,XY,5.305105847153901,5.430250495601716,0.9893744389463659,0.010625561053634103,,,,,,,,,
38,3,50,RL_adaptive,XY,5.305105847153901,5.430250495601716,0.9302328905830787,0.06976710941692132,13.0,0.0,0.0,0.0,8.0,1.0,0.0,16.0,12.0
38,3,100,Z_only,XY,5.305105847153901,5.430250495601716,0.25,0.75,,,,,,,,,
38,3,100,ZX_split,XY,5.305105847153901,5.430250495601716,0.6308168022054119,0.3691831977945881,,,,,,,,,
38,3,100,XYZ_split,XY,5.305105847153901,5.430250495601716,0.9936305052893247,0.006369494710675272,,,,,,,,,
38,3,100,ORACLE_plane,XY,5.305105847153901,5.430250495601716,0.9955781744595463,0.004421825540453672,,,,,,,,,
38,3,100,RL_adaptive,XY,5.305105847153901,5.430250495601716,0.9670881987825171,0.03291180121748294,13.0,4.0,2.0,41.0,14.0,5.0,7.0,0.0,14.0
38,3,250,Z_only,XY,5.305105847153901,5.430250495601716,0.25,0.75,,,,,,,,,
38,3,250,ZX_split,XY,5.305105847153901,5.430250495601716,0.6451531637193703,0.35484683628062974,,,,,,,,,
38,3,250,XYZ_split,XY,5.305105847153901,5.430250495601716,0.9866387490870627,0.013361250912937273,,,,,,,,,
38,3,250,ORACLE_plane,XY,5.305105847153901,5.430250495601716,0.9980049293414364,0.0019950706585636357,,,,,,,,,
38,3,250,RL_adaptive,XY,5.305105847153901,5.430250495601716,0.987534802505854,0.012465197494145985,26.0,0.0,147.0,5.0,35.0,0.0,0.0,0.0,37.0
38,3,500,Z_only,XY,5.305105847153901,5.430250495601716,0.2499999999999999,0.7500000000000001,,,,,,,,,
38,3,500,ZX_split,XY,5.305105847153901,5.430250495601716,0.6397805735413824,0.3602194264586176,,,,,,,,,
38,3,500,XYZ_split,XY,5.305105847153901,5.430250495601716,0.9959997283645563,0.004000271635443697,,,,,,,,,
38,3,500,ORACLE_plane,XY,5.305105847153901,5.430250495601716,0.99991868582065,8.131417934997831e-05,,,,,,,,,
38,3,500,RL_adaptive,XY,5.305105847153901,5.430250495601716,0.9966270452398817,0.0033729547601183407,63.0,60.0,168.0,4.0,59.0,38.0,25.0,13.0,70.0
38,4,10,Z_only,XY,5.305105847153901,5.430250495601716,0.2499999999999999,0.7500000000000001,,,,,,,,,
38,4,10,ZX_split,XY,5.305105847153901,5.430250495601716,0.6365205526550979,0.3634794473449021,,,,,,,,,
38,4,10,XYZ_split,XY,5.305105847153901,5.430250495601716,0.9013834839270897,0.09861651607291033,,,,,,,,,
38,4,10,ORACLE_plane,XY,5.305105847153901,5.430250495601716,0.9829690158175232,0.017030984182476838,,,,,,,,,
38,4,10,RL_adaptive,XY,5.305105847153901,5.430250495601716,0.605611917568031,0.394388082431969,2.0,1.0,0.0,0.0,2.0,0.0,0.0,0.0,5.0
38,4,25,Z_only,XY,5.305105847153901,5.430250495601716,0.25,0.75,,,,,,,,,
38,4,25,ZX_split,XY,5.305105847153901,5.430250495601716,0.6156607344164069,0.3843392655835931,,,,,,,,,
38,4,25,XYZ_split,XY,5.305105847153901,5.430250495601716,0.9149308412429793,0.0850691587570207,,,,,,,,,
38,4,25,ORACLE_plane,XY,5.305105847153901,5.430250495601716,0.9304329716514951,0.06956702834850492,,,,,,,,,
38,4,25,RL_adaptive,XY,5.305105847153901,5.430250495601716,0.9959306745631569,0.00406932543684313,9.0,0.0,0.0,0.0,4.0,2.0,0.0,8.0,2.0
38,4,50,Z_only,XY,5.305105847153901,5.430250495601716,0.25,0.75,,,,,,,,,
38,4,50,ZX_split,XY,5.305105847153901,5.430250495601716,0.6448050559879765,0.35519494401202345,,,,,,,,,
38,4,50,XYZ_split,XY,5.305105847153901,5.430250495601716,0.9563856970706595,0.04361430292934054,,,,,,,,,
38,4,50,ORACLE_plane,XY,5.305105847153901,5.430250495601716,0.9964769848907882,0.0035230151092118245,,,,,,,,,
38,4,50,RL_adaptive,XY,5.305105847153901,5.430250495601716,0.9678869758553208,0.0321130241446792,13.0,0.0,0.0,0.0,7.0,2.0,1.0,16.0,11.0
38,4,100,Z_only,XY,5.305105847153901,5.430250495601716,0.25,0.75,,,,,,,,,
38,4,100,ZX_split,XY,5.305105847153901,5.430250495601716,0.6294003154082922,0.3705996845917078,,,,,,,,,
38,4,100,XYZ_split,XY,5.305105847153901,5.430250495601716,0.9823829757445112,0.017617024255488833,,,,,,,,,
38,4,100,ORACLE_plane,XY,5.305105847153901,5.430250495601716,0.9999089036713322,9.10963286677724e-05,,,,,,,,,
38,4,100,RL_adaptive,XY,5.305105847153901,5.430250495601716,0.9738669351934995,0.02613306480650046,11.0,3.0,5.0,41.0,15.0,4.0,9.0,0.0,12.0
38,4,250,Z_only,XY,5.305105847153901,5.430250495601716,0.2499999999999999,0.7500000000000001,,,,,,,,,
38,4,250,ZX_split,XY,5.305105847153901,5.430250495601716,0.6382082237235389,0.3617917762764611,,,,,,,,,
38,4,250,XYZ_split,XY,5.305105847153901,5.430250495601716,0.9959896106786829,0.004010389321317143,,,,,,,,,
38,4,250,ORACLE_plane,XY,5.305105847153901,5.430250495601716,0.9991596082307824,0.0008403917692175744,,,,,,,,,
38,4,250,RL_adaptive,XY,5.305105847153901,5.430250495601716,0.9869475384807151,0.013052461519284853,21.0,1.0,152.0,8.0,32.0,0.0,1.0,1.0,34.0
38,4,500,Z_only,XY,5.305105847153901,5.430250495601716,0.2499999999999999,0.7500000000000001,,,,,,,,,
38,4,500,ZX_split,XY,5.305105847153901,5.430250495601716,0.6435712837442351,0.3564287162557649,,,,,,,,,
38,4,500,XYZ_split,XY,5.305105847153901,5.430250495601716,0.9941281914314525,0.005871808568547521,,,,,,,,,
38,4,500,ORACLE_plane,XY,5.305105847153901,5.430250495601716,0.9998021195525486,0.00019788044745139288,,,,,,,,,
38,4,500,RL_adaptive,XY,5.305105847153901,5.430250495601716,0.9986611096948405,0.0013388903051595458,72.0,52.0,167.0,0.0,73.0,29.0,20.0,11.0,76.0
39,0,10,Z_only,XY,5.916656409156556,4.064304086564492,0.2500000000000001,0.7499999999999999,,,,,,,,,
39,0,10,ZX_split,XY,5.916656409156556,4.064304086564492,0.7530978501256435,0.24690214987435655,,,,,,,,,
39,0,10,XYZ_split,XY,5.916656409156556,4.064304086564492,0.8373921574286584,0.16260784257134164,,,,,,,,,
39,0,10,ORACLE_plane,XY,5.916656409156556,4.064304086564492,0.989586213928928,0.010413786071072018,,,,,,,,,
39,0,10,RL_adaptive,XY,5.916656409156556,4.064304086564492,0.8581823225485795,0.1418176774514205,3.0,0.0,0.0,0.0,2.0,0.0,0.0,0.0,5.0
39,0,25,Z_only,XY,5.916656409156556,4.064304086564492,0.25,0.75,,,,,,,,,
39,0,25,ZX_split,XY,5.916656409156556,4.064304086564492,0.6694039158732532,0.3305960841267468,,,,,,,,,
39,0,25,XYZ_split,XY,5.916656409156556,4.064304086564492,0.9123676811171012,0.0876323188828988,,,,,,,,,
39,0,25,ORACLE_plane,XY,5.916656409156556,4.064304086564492,0.9873405665521738,0.012659433447826163,,,,,,,,,
39,0,25,RL_adaptive,XY,5.916656409156556,4.064304086564492,0.8124170087798427,0.1875829912201573,7.0,1.0,1.0,1.0,2.0,4.0,0.0,7.0,2.0
39,0,50,Z_only,XY,5.916656409156556,4.064304086564492,0.2500000000000001,0.7499999999999999,,,,,,,,,
39,0,50,ZX_split,XY,5.916656409156556,4.064304086564492,0.7676342548367345,0.23236574516326547,,,,,,,,,
39,0,50,XYZ_split,XY,5.916656409156556,4.064304086564492,0.9310576757964695,0.06894232420353053,,,,,,,,,
39,0,50,ORACLE_plane,XY,5.916656409156556,4.064304086564492,0.9860050051874063,0.013994994812593697,,,,,,,,,
39,0,50,RL_adaptive,XY,5.916656409156556,4.064304086564492,0.9350450384815324,0.06495496151846758,9.0,3.0,0.0,0.0,6.0,2.0,2.0,18.0,10.0
39,0,100,Z_only,XY,5.916656409156556,4.064304086564492,0.25,0.75,,,,,,,,,
39,0,100,ZX_split,XY,5.916656409156556,4.064304086564492,0.7408295202413171,0.2591704797586829,,,,,,,,,
39,0,100,XYZ_split,XY,5.916656409156556,4.064304086564492,0.9796368445010053,0.0203631554989947,,,,,,,,,
39,0,100,ORACLE_plane,XY,5.916656409156556,4.064304086564492,0.9948756477688889,0.005124352231111073,,,,,,,,,
39,0,100,RL_adaptive,XY,5.916656409156556,4.064304086564492,0.9334347528015046,0.06656524719849544,13.0,3.0,6.0,36.0,19.0,1.0,7.0,0.0,15.0
39,0,250,Z_only,XY,5.916656409156556,4.064304086564492,0.2500000000000001,0.7499999999999999,,,,,,,,,
39,0,250,ZX_split,XY,5.916656409156556,4.064304086564492,0.7707332713705906,0.22926672862940944,,,,,,,,,
39,0,250,XYZ_split,XY,5.916656409156556,4.064304086564492,0.9939894649782741,0.006010535021725882,,,,,,,,,
39,0,250,ORACLE_plane,XY,5.916656409156556,4.064304086564492,0.9986124439056702,0.0013875560943298337,,,,,,,,,
39,0,250,RL_adaptive,XY,5.916656409156556,4.064304086564492,0.9855776802682265,0.014422319731773547,12.0,14.0,134.0,13.0,14.0,7.0,13.0,12.0,31.0
39,0,500,Z_only,XY,5.916656409156556,4.064304086564492,0.2500000000000001,0.7499999999999999,,,,,,,,,
39,0,500,ZX_split,XY,5.916656409156556,4.064304086564492,0.7736233920027842,0.22637660799721582,,,,,,,,,
39,0,500,XYZ_split,XY,5.916656409156556,4.064304086564492,0.9993569001635302,0.0006430998364698182,,,,,,,,,
39,0,500,ORACLE_plane,XY,5.916656409156556,4.064304086564492,0.996410717277278,0.003589282722721965,,,,,,,,,
39,0,500,RL_adaptive,XY,5.916656409156556,4.064304086564492,0.9968377947359659,0.0031622052640341014,58.0,65.0,177.0,1.0,64.0,38.0,14.0,23.0,60.0
39,1,10,Z_only,XY,5.916656409156556,4.064304086564492,0.25,0.75,,,,,,,,,
39,1,10,ZX_split,XY,5.916656409156556,4.064304086564492,0.7530978501256431,0.24690214987435688,,,,,,,,,
39,1,10,XYZ_split,XY,5.916656409156556,4.064304086564492,0.8373921574286581,0.16260784257134187,,,,,,,,,
39,1,10,ORACLE_plane,XY,5.916656409156556,4.064304086564492,0.9881927558677398,0.011807244132260197,,,,,,,,,
39,1,10,RL_adaptive,XY,5.916656409156556,4.064304086564492,0.9687428223538036,0.0312571776461964,3.0,0.0,1.0,0.0,2.0,0.0,0.0,2.0,2.0
39,1,25,Z_only,XY,5.916656409156556,4.064304086564492,0.2500000000000001,0.7499999999999999,,,,,,,,,
39,1,25,ZX_split,XY,5.916656409156556,4.064304086564492,0.7637158118842426,0.23628418811575735,,,,,,,,,
39,1,25,XYZ_split,XY,5.916656409156556,4.064304086564492,0.7697581768157666,0.23024182318423336,,,,,,,,,
39,1,25,ORACLE_plane,XY,5.916656409156556,4.064304086564492,0.9642314061461703,0.03576859385382969,,,,,,,,,
39,1,25,RL_adaptive,XY,5.916656409156556,4.064304086564492,0.9639672103253482,0.036032789674651844,8.0,0.0,0.0,0.0,2.0,3.0,0.0,10.0,2.0
39,1,50,Z_only,XY,5.916656409156556,4.064304086564492,0.25,0.75,,,,,,,,,
39,1,50,ZX_split,XY,5.916656409156556,4.064304086564492,0.7082838099690684,0.29171619003093163,,,,,,,,,
39,1,50,XYZ_split,XY,5.916656409156556,4.064304086564492,0.9532425613280683,0.04675743867193172,,,,,,,,,
39,1,50,ORACLE_plane,XY,5.916656409156556,4.064304086564492,0.9983158336328493,0.0016841663671507412,,,,,,,,,
39,1,50,RL_adaptive,XY,5.916656409156556,4.064304086564492,0.968616227090041,0.031383772909958974,10.0,1.0,0.0,0.0,8.0,0.0,0.0,20.0,11.0
39,1,100,Z_only,XY,5.916656409156556,4.064304086564492,0.2499999999999999,0.7500000000000001,,,,,,,,,
39,1,100,ZX_split,XY,5.916656409156556,4.064304086564492,0.7736632273381657,0.22633677266183427,,,,,,,,,
39,1,100,XYZ_split,XY,5.916656409156556,4.064304086564492,0.9620887103971536,0.0379112896028464,,,,,,,,,
39,1,100,ORACLE_plane,XY,5.916656409156556,4.064304086564492,0.9934843034015117,0.006515696598488274,,,,,,,,,
39,1,100,RL_adaptive,XY,5.916656409156556,4.064304086564492,0.9277160357279967,0.07228396427200334,12.0,2.0,7.0,38.0,19.0,0.0,10.0,0.0,12.0
39,1,250,Z_only,XY,5.916656409156556,4.064304086564492,0.25,0.75,,,,,,,,,
39,1,250,ZX_split,XY,5.916656409156556,4.064304086564492,0.7738423951829971,0.22615760481700287,,,,,,,,,
39,1,250,XYZ_split,XY,5.916656409156556,4.064304086564492,0.9806785830708512,0.019321416929148794,,,,,,,,,
39,1,250,ORACLE_plane,XY,5.916656409156556,4.064304086564492,0.9979658270518025,0.0020341729481975213,,,,,,,,,
39,1,250,RL_adaptive,XY,5.916656409156556,4.064304086564492,0.9939402718272259,0.006059728172774115,10.0,14.0,138.0,14.0,12.0,7.0,10.0,14.0,31.0
39,1,500,Z_only,XY,5.916656409156556,4.064304086564492,0.25,0.75,,,,,,,,,
39,1,500,ZX_split,XY,5.916656409156556,4.064304086564492,0.7740340467166993,0.2259659532833007,,,,,,,,,
39,1,500,XYZ_split,XY,5.916656409156556,4.064304086564492,0.9973231734509604,0.002676826549039557,,,,,,,,,
39,1,500,ORACLE_plane,XY,5.916656409156556,4.064304086564492,0.9999310288683685,6.897113163151225e-05,,,,,,,,,
39,1,500,RL_adaptive,XY,5.916656409156556,4.064304086564492,0.9975271383714479,0.002472861628552092,63.0,62.0,177.0,0.0,66.0,34.0,10.0,22.0,66.0
39,2,10,Z_only,XY,5.916656409156556,4.064304086564492,0.2500000000000001,0.7499999999999999,,,,,,,,,
39,2,10,ZX_split,XY,5.916656409156556,4.064304086564492,0.7079178633226743,0.29208213667732574,,,,,,,,,
39,2,10,XYZ_split,XY,5.916656409156556,4.064304086564492,0.8430475924060802,0.15695240759391982,,,,,,,,,
39,2,10,ORACLE_plane,XY,5.916656409156556,4.064304086564492,0.9182400101604681,0.08175998983953192,,,,,,,,,
39,2,10,RL_adaptive,XY,5.916656409156556,4.064304086564492,0.7694592285548257,0.23054077144517426,3.0,0.0,1.0,0.0,2.0,1.0,0.0,0.0,3.0
39,2,25,Z_only,XY,5.916656409156556,4.064304086564492,0.25,0.75,,,,,,,,,
39,2,25,ZX_split,XY,5.916656409156556,4.064304086564492,0.7635291276524144,0.23647087234758557,,,,,,,,,
39,2,25,XYZ_split,XY,5.916656409156556,4.064304086564492,0.9222929031388939,0.0777070968611061,,,,,,,,,
39,2,25,ORACLE_plane,XY,5.916656409156556,4.064304086564492,0.9532891269635665,0.04671087303643351,,,,,,,,,
39,2,25,RL_adaptive,XY,5.916656409156556,4.064304086564492,0.9766414658484631,0.02335853415153688,8.0,0.0,0.0,0.0,2.0,3.0,0.0,10.0,2.0
39,2,50,Z_only,XY,5.916656409156556,4.064304086564492,0.25,0.75,,,,,,,,,
39,2,50,ZX_split,XY,5.916656409156556,4.064304086564492,0.7535449068352897,0.24645509316471026,,,,,,,,,
39,2,50,XYZ_split,XY,5.916656409156556,4.064304086564492,0.9914018456856398,0.008598154314360174,,,,,,,,,
39,2,50,ORACLE_plane,XY,5.916656409156556,4.064304086564492,0.9978419151994944,0.002158084800505611,,,,,,,,,
39,2,50,RL_adaptive,XY,5.916656409156556,4.064304086564492,0.90539843656516,0.09460156343484005,9.0,2.0,0.0,0.0,7.0,2.0,2.0,19.0,9.0
39,2,100,Z_only,XY,5.916656409156556,4.064304086564492,0.2500000000000001,0.7499999999999999,,,,,,,,,
39,2,100,ZX_split,XY,5.916656409156556,4.064304086564492,0.7720564977640177,0.22794350223598225,,,,,,,,,
39,2,100,XYZ_split,XY,5.916656409156556,4.064304086564492,0.9325154996856103,0.06748450031438968,,,,,,,,,
39,2,100,ORACLE_plane,XY,5.916656409156556,4.064304086564492,0.9996453110501181,0.00035468894988188726,,,,,,,,,
39,2,100,RL_adaptive,XY,5.916656409156556,4.064304086564492,0.9939812121934074,0.006018787806592596,13.0,2.0,7.0,35.0,20.0,2.0,8.0,0.0,13.0
39,2,250,Z_only,XY,5.916656409156556,4.064304086564492,0.25,0.75,,,,,,,,,
39,2,250,ZX_split,XY,5.916656409156556,4.064304086564492,0.7746835847054927,0.2253164152945073,,,,,,,,,
39,2,250,XYZ_split,XY,5.916656409156556,4.064304086564492,0.9880442844894859,0.011955715510514109,,,,,,,,,
39,2,250,ORACLE_plane,XY,5.916656409156556,4.064304086564492,0.9936604692229339,0.00633953077706606,,,,,,,,,
39,2,250,RL_adaptive,XY,5.916656409156556,4.064304086564492,0.9753680784319748,0.024631921568025184,14.0,8.0,143.0,12.0,20.0,1.0,8.0,8.0,36.0
39,2,500,Z_only,XY,5.916656409156556,4.064304086564492,0.2500000000000001,0.7499999999999999,,,,,,,,,
39,2,500,ZX_split,XY,5.916656409156556,4.064304086564492,0.7750516125404611,0.22494838745953893,,,,,,,,,
39,2,500,XYZ_split,XY,5.916656409156556,4.064304086564492,0.9913686776675424,0.008631322332457558,,,,,,,,,
39,2,500,ORACLE_plane,XY,5.916656409156556,4.064304086564492,0.998339931807734,0.001660068192266051,,,,,,,,,
39,2,500,RL_adaptive,XY,5.916656409156556,4.064304086564492,0.9924043531487583,0.0075956468512417,75.0,43.0,185.0,0.0,84.0,18.0,0.0,16.0,79.0
39,3,10,Z_only,XY,5.916656409156556,4.064304086564492,0.2500000000000001,0.7499999999999999,,,,,,,,,
39,3,10,ZX_split,XY,5.916656409156556,4.064304086564492,0.7165852788201792,0.2834147211798208,,,,,,,,,
39,3,10,XYZ_split,XY,5.916656409156556,4.064304086564492,0.7754789521732258,0.22452104782677418,,,,,,,,,
39,3,10,ORACLE_plane,XY,5.916656409156556,4.064304086564492,0.9877887001907575,0.012211299809242515,,,,,,,,,
39,3,10,RL_adaptive,XY,5.916656409156556,4.064304086564492,0.5521097907766368,0.4478902092233632,4.0,0.0,0.0,0.0,2.0,0.0,0.0,2.0,2.0
39,3,25,Z_only,XY,5.916656409156556,4.064304086564492,0.25,0.75,,,,,,,,,
39,3,25,ZX_split,XY,5.916656409156556,4.064304086564492,0.7597353929142331,0.2402646070857669,,,,,,,,,
39,3,25,XYZ_split,XY,5.916656409156556,4.064304086564492,0.7975427865773329,0.2024572134226671,,,,,,,,,
39,3,25,ORACLE_plane,XY,5.916656409156556,4.064304086564492,0.9324764436776217,0.06752355632237828,,,,,,,,,
39,3,25,RL_adaptive,XY,5.916656409156556,4.064304086564492,0.9663529640371111,0.03364703596288887,8.0,0.0,0.0,0.0,2.0,4.0,0.0,9.0,2.0
39,3,50,Z_only,XY,5.916656409156556,4.064304086564492,0.25,0.75,,,,,,,,,
39,3,50,ZX_split,XY,5.916656409156556,4.064304086564492,0.7564889657541289,0.24351103424587106,,,,,,,,,
39,3,50,XYZ_split,XY,5.916656409156556,4.064304086564492,0.9617057823867292,0.03829421761327079,,,,,,,,,
39,3,50,ORACLE_plane,XY,5.916656409156556,4.064304086564492,0.9927641861732636,0.007235813826736437,,,,,,,,,
39,3,50,RL_adaptive,XY,5.916656409156556,4.064304086564492,0.9671812030373637,0.03281879696263634,12.0,0.0,0.0,0.0,10.0,0.0,0.0,17.0,11.0
39,3,100,Z_only,XY,5.916656409156556,4.064304086564492,0.25,0.75,,,,,,,,,
39,3,100,ZX_split,XY,5.916656409156556,4.064304086564492,0.7598103563943762,0.24018964360562378,,,,,,,,,
39,3,100,XYZ_split,XY,5.916656409156556,4.064304086564492,0.9723779455340048,0.027622054465995194,,,,,,,,,
39,3,100,ORACLE_plane,XY,5.916656409156556,4.064304086564492,0.9978531831825109,0.0021468168174890723,,,,,,,,,
39,3,100,RL_adaptive,XY,5.916656409156556,4.064304086564492,0.973046041946119,0.02695395805388101,14.0,0.0,9.0,34.0,22.0,0.0,8.0,0.0,13.0
39,3,250,Z_only,XY,5.916656409156556,4.064304086564492,0.25,0.75,,,,,,,,,
39,3,250,ZX_split,XY,5.916656409156556,4.064304086564492,0.7751705040326038,0.2248294959673962,,,,,,,,,
39,3,250,XYZ_split,XY,5.916656409156556,4.064304086564492,0.9918574378798168,0.008142562120183161,,,,,,,,,
39,3,250,ORACLE_plane,XY,5.916656409156556,4.064304086564492,0.9986192879239758,0.001380712076024193,,,,,,,,,
39,3,250,RL_adaptive,XY,5.916656409156556,4.064304086564492,0.9828954560651186,0.017104543934881367,15.0,10.0,133.0,15.0,18.0,3.0,9.0,9.0,38.0
39,3,500,Z_only,XY,5.916656409156556,4.064304086564492,0.2499999999999999,0.7500000000000001,,,,,,,,,
39,3,500,ZX_split,XY,5.916656409156556,4.064304086564492,0.774494000793894,0.22550599920610603,,,,,,,,,
39,3,500,XYZ_split,XY,5.916656409156556,4.064304086564492,0.9965561813656454,0.0034438186343546118,,,,,,,,,
39,3,500,ORACLE_plane,XY,5.916656409156556,4.064304086564492,0.9996670842415134,0.00033291575848659605,,,,,,,,,
39,3,500,RL_adaptive,XY,5.916656409156556,4.064304086564492,0.9971699033301745,0.002830096669825477,58.0,67.0,179.0,2.0,59.0,40.0,10.0,23.0,62.0
39,4,10,Z_only,XY,5.916656409156556,4.064304086564492,0.2500000000000001,0.7499999999999999,,,,,,,,,
39,4,10,ZX_split,XY,5.916656409156556,4.064304086564492,0.6422747226951065,0.35772527730489345,,,,,,,,,
39,4,10,XYZ_split,XY,5.916656409156556,4.064304086564492,0.7661794670246879,0.23382053297531213,,,,,,,,,
39,4,10,ORACLE_plane,XY,5.916656409156556,4.064304086564492,0.7677316806066111,0.23226831939338888,,,,,,,,,
39,4,10,RL_adaptive,XY,5.916656409156556,4.064304086564492,0.45580154242816945,0.5441984575718306,4.0,0.0,0.0,0.0,2.0,0.0,1.0,1.0,2.0
39,4,25,Z_only,XY,5.916656409156556,4.064304086564492,0.2499999999999999,0.7500000000000001,,,,,,,,,
39,4,25,ZX_split,XY,5.916656409156556,4.064304086564492,0.7468127527195598,0.2531872472804402,,,,,,,,,
39,4,25,XYZ_split,XY,5.916656409156556,4.064304086564492,0.9358064830453262,0.06419351695467379,,,,,,,,,
39,4,25,ORACLE_plane,XY,5.916656409156556,4.064304086564492,0.9873405665521738,0.012659433447826163,,,,,,,,,
39,4,25,RL_adaptive,XY,5.916656409156556,4.064304086564492,0.958451600597809,0.041548399402191016,7.0,1.0,1.0,0.0,2.0,3.0,0.0,9.0,2.0
39,4,50,Z_only,XY,5.916656409156556,4.064304086564492,0.25,0.75,,,,,,,,,
39,4,50,ZX_split,XY,5.916656409156556,4.064304086564492,0.6873601601011833,0.3126398398988167,,,,,,,,,
39,4,50,XYZ_split,XY,5.916656409156556,4.064304086564492,0.9819260412451234,0.018073958754876607,,,,,,,,,
39,4,50,ORACLE_plane,XY,5.916656409156556,4.064304086564492,0.9925277450728007,0.007472254927199273,,,,,,,,,
39,4,50,RL_adaptive,XY,5.916656409156556,4.064304086564492,0.8789734331213981,0.12102656687860192,10.0,0.0,0.0,0.0,12.0,1.0,1.0,15.0,11.0
39,4,100,Z_only,XY,5.916656409156556,4.064304086564492,0.25,0.75,,,,,,,,,
39,4,100,ZX_split,XY,5.916656409156556,4.064304086564492,0.7666645134196309,0.23333548658036907,,,,,,,,,
39,4,100,XYZ_split,XY,5.916656409156556,4.064304086564492,0.9855322530621194,0.014467746937880555,,,,,,,,,
39,4,100,ORACLE_plane,XY,5.916656409156556,4.064304086564492,0.9989571920451731,0.0010428079548269187,,,,,,,,,
39,4,100,RL_adaptive,XY,5.916656409156556,4.064304086564492,0.9783806228656289,0.02161937713437112,10.0,4.0,8.0,37.0,16.0,3.0,10.0,1.0,11.0
39,4,250,Z_only,XY,5.916656409156556,4.064304086564492,0.2499999999999999,0.7500000000000001,,,,,,,,,
39,4,250,ZX_split,XY,5.916656409156556,4.064304086564492,0.7740970980859762,0.22590290191402385,,,,,,,,,
39,4,250,XYZ_split,XY,5.916656409156556,4.064304086564492,0.9784523117905941,0.02154768820940589,,,,,,,,,
39,4,250,ORACLE_plane,XY,5.916656409156556,4.064304086564492,0.9918741711048294,0.00812582889517055,,,,,,,,,
39,4,250,RL_adaptive,XY,5.916656409156556,4.064304086564492,0.9900488362629621,0.00995116373703786,15.0,13.0,134.0,10.0,17.0,5.0,13.0,11.0,32.0
39,4,500,Z_only,XY,5.916656409156556,4.064304086564492,0.25,0.75,,,,,,,,,
39,4,500,ZX_split,XY,5.916656409156556,4.064304086564492,0.7735267599610649,0.2264732400389351,,,,,,,,,
39,4,500,XYZ_split,XY,5.916656409156556,4.064304086564492,0.9866301445928858,0.013369855407114217,,,,,,,,,
39,4,500,ORACLE_plane,XY,5.916656409156556,4.064304086564492,0.9994778674817799,0.0005221325182200864,,,,,,,,,
39,4,500,RL_adaptive,XY,5.916656409156556,4.064304086564492,0.996418705266906,0.003581294733093987,58.0,68.0,170.0,1.0,63.0,42.0,19.0,23.0,56.0
40,0,10,Z_only,XZ,0.9949950861190717,2.3371188881952953,0.7908793299816772,0.2091206700183228,,,,,,,,,
40,0,10,ZX_split,XZ,0.9949950861190717,2.3371188881952953,0.9764925589667798,0.023507441033220222,,,,,,,,,
40,0,10,XYZ_split,XZ,0.9949950861190717,2.3371188881952953,0.9629112717089175,0.03708872829108245,,,,,,,,,
40,0,10,ORACLE_plane,XZ,0.9949950861190717,2.3371188881952953,0.9869871567055664,0.01301284329443364,,,,,,,,,
40,0,10,RL_adaptive,XZ,0.9949950861190717,2.3371188881952953,0.7997765419241388,0.20022345807586117,3.0,0.0,0.0,0.0,2.0,0.0,1.0,1.0,3.0
40,0,25,Z_only,XZ,0.9949950861190717,2.3371188881952953,0.7908793299816772,0.2091206700183228,,,,,,,,,
40,0,25,ZX_split,XZ,0.9949950861190717,2.3371188881952953,0.9999300529524534,6.994704754659242e-05,,,,,,,,,
40,0,25,XYZ_split,XZ,0.9949950861190717,2.3371188881952953,0.9178959293806168,0.08210407061938318,,,,,,,,,
40,0,25,ORACLE_plane,XZ,0.9949950861190717,2.3371188881952953,0.9698210880866771,0.030178911913322892,,,,,,,,,
40,0,25,RL_adaptive,XZ,0.9949950861190717,2.3371188881952953,0.9748106620516119,0.02518933794838807,8.0,1.0,0.0,3.0,2.0,4.0,0.0,4.0,3.0
40,0,50,Z_only,XZ,0.9949950861190717,2.3371188881952953,0.7908793299816772,0.2091206700183228,,,,,,,,,
40,0,50,ZX_split,XZ,0.9949950861190717,2.3371188881952953,0.9967831565542763,0.003216843445723705,,,,,,,,,
40,0,50,XYZ_split,XZ,0.9949950861190717,2.3371188881952953,0.943119939393551,0.05688006060644901,,,,,,,,,
40,0,50,ORACLE_plane,XZ,0.9949950861190717,2.3371188881952953,0.9878936949398115,0.012106305060188505,,,,,,,,,
40,0,50,RL_adaptive,XZ,0.9949950861190717,2.3371188881952953,0.9039935827205248,0.09600641727947523,9.0,0.0,0.0,0.0,12.0,0.0,0.0,18.0,11.0
40,0,100,Z_only,XZ,0.9949950861190717,2.3371188881952953,0.7908793299816772,0.2091206700183228,,,,,,,,,
40,0,100,ZX_split,XZ,0.9949950861190717,2.3371188881952953,0.9996986371758568,0.00030136282414316984,,,,,,,,,
40,0,100,XYZ_split,XZ,0.9949950861190717,2.3371188881952953,0.9931465495436272,0.006853450456372756,,,,,,,,,
40,0,100,ORACLE_plane,XZ,0.9949950861190717,2.3371188881952953,0.9797348420030478,0.020265157996952166,,,,,,,,,
40,0,100,RL_adaptive,XZ,0.9949950861190717,2.3371188881952953,0.9870018862809347,0.01299811371906534,8.0,3.0,6.0,38.0,19.0,5.0,17.0,0.0,4.0
40,0,250,Z_only,XZ,0.9949950861190717,2.3371188881952953,0.7908793299816772,0.2091206700183228,,,,,,,,,
40,0,250,ZX_split,XZ,0.9949950861190717,2.3371188881952953,0.9989463739220485,0.0010536260779514528,,,,,,,,,
40,0,250,XYZ_split,XZ,0.9949950861190717,2.3371188881952953,0.9805053915040074,0.019494608495992605,,,,,,,,,
40,0,250,ORACLE_plane,XZ,0.9949950861190717,2.3371188881952953,0.9996791048693083,0.0003208951306916674,,,,,,,,,
40,0,250,RL_adaptive,XZ,0.9949950861190717,2.3371188881952953,0.9959087873858965,0.004091212614103501,14.0,11.0,136.0,15.0,9.0,14.0,12.0,18.0,21.0
40,0,500,Z_only,XZ,0.9949950861190717,2.3371188881952953,0.7908793299816772,0.2091206700183228,,,,,,,,,
40,0,500,ZX_split,XZ,0.9949950861190717,2.3371188881952953,0.9987202497692447,0.0012797502307553277,,,,,,,,,
40,0,500,XYZ_split,XZ,0.9949950861190717,2.3371188881952953,0.9983800613549856,0.0016199386450144182,,,,,,,,,
40,0,500,ORACLE_plane,XZ,0.9949950861190717,2.3371188881952953,0.9992092087662074,0.0007907912337925538,,,,,,,,,
40,0,500,RL_adaptive,XZ,0.9949950861190717,2.3371188881952953,0.9947992230473963,0.005200776952603681,88.0,62.0,159.0,1.0,61.0,38.0,4.0,10.0,77.0
40,1,10,Z_only,XZ,0.9949950861190717,2.3371188881952953,0.7908793299816772,0.2091206700183228,,,,,,,,,
40,1,10,ZX_split,XZ,0.9949950861190717,2.3371188881952953,0.949137382718501,0.05086261728149899,,,,,,,,,
40,1,10,XYZ_split,XZ,0.9949950861190717,2.3371188881952953,0.654083007384258,0.34591699261574205,,,,,,,,,
40,1,10,ORACLE_plane,XZ,0.9949950861190717,2.3371188881952953,0.9889674588820849,0.011032541117915073,,,,,,,,,
40,1,10,RL_adaptive,XZ,0.9949950861190717,2.3371188881952953,0.7111352510552453,0.28886474894475467,3.0,1.0,0.0,0.0,2.0,0.0,2.0,0.0,2.0
40,1,25,Z_only,XZ,0.9949950861190717,2.3371188881952953,0.7908793299816772,0.2091206700183228,,,,,,,,,
40,1,25,ZX_split,XZ,0.9949950861190717,2.3371188881952953,0.8973916870866092,0.10260831291339079,,,,,,,,,
40,1,25,XYZ_split,XZ,0.9949950861190717,2.3371188881952953,0.9850009955027402,0.014999004497259771,,,,,,,,,
40,1,25,ORACLE_plane,XZ,0.9949950861190717,2.3371188881952953,0.9861347393072473,0.013865260692752734,,,,,,,,,
40,1,25,RL_adaptive,XZ,0.9949950861190717,2.3371188881952953,0.9586969349407183,0.04130306505928172,9.0,0.0,0.0,1.0,2.0,4.0,1.0,6.0,2.0
40,1,50,Z_only,XZ,0.9949950861190717,2.3371188881952953,0.7908793299816772,0.2091206700183228,,,,,,,,,
40,1,50,ZX_split,XZ,0.9949950861190717,2.3371188881952953,0.9962071382699115,0.003792861730088526,,,,,,,,,
40,1,50,XYZ_split,XZ,0.9949950861190717,2.3371188881952953,0.9915192664386668,0.008480733561333165,,,,,,,,,
40,1,50,ORACLE_plane,XZ,0.9949950861190717,2.3371188881952953,0.9995293123890749,0.00047068761092505795,,,,,,,,,
40,1,50,RL_adaptive,XZ,0.9949950861190717,2.3371188881952953,0.9599567181946143,0.040043281805385744,8.0,0.0,2.0,0.0,10.0,0.0,0.0,19.0,11.0
40,1,100,Z_only,XZ,0.9949950861190717,2.3371188881952953,0.7908793299816772,0.2091206700183228,,,,,,,,,
40,1,100,ZX_split,XZ,0.9949950861190717,2.3371188881952953,0.9934126145477383,0.006587385452261674,,,,,,,,,
40,1,100,XYZ_split,XZ,0.9949950861190717,2.3371188881952953,0.9763569606588971,0.0236430393411029,,,,,,,,,
40,1,100,ORACLE_plane,XZ,0.9949950861190717,2.3371188881952953,0.9972951282173786,0.002704871782621354,,,,,,,,,
40,1,100,RL_adaptive,XZ,0.9949950861190717,2.3371188881952953,0.9404719082634053,0.05952809173659468,10.0,0.0,4.0,33.0,25.0,3.0,16.0,0.0,9.0
40,1,250,Z_only,XZ,0.9949950861190717,2.3371188881952953,0.7908793299816772,0.2091206700183228,,,,,,,,,
40,1,250,ZX_split,XZ,0.9949950861190717,2.3371188881952953,0.9995163858337426,0.0004836141662574178,,,,,,,,,
40,1,250,XYZ_split,XZ,0.9949950861190717,2.3371188881952953,0.9832753906865369,0.01672460931346309,,,,,,,,,
40,1,250,ORACLE_plane,XZ,0.9949950861190717,2.3371188881952953,0.9983628491089455,0.0016371508910545396,,,,,,,,,
40,1,250,RL_adaptive,XZ,0.9949950861190717,2.3371188881952953,0.9906045041573508,0.009395495842649204,10.0,14.0,135.0,17.0,5.0,17.0,14.0,22.0,16.0
40,1,500,Z_only,XZ,0.9949950861190717,2.3371188881952953,0.7908793299816772,0.2091206700183228,,,,,,,,,
40,1,500,ZX_split,XZ,0.9949950861190717,2.3371188881952953,0.9997532000460524,0.00024679995394760734,,,,,,,,,
40,1,500,XYZ_split,XZ,0.9949950861190717,2.3371188881952953,0.9993170866109071,0.0006829133890928762,,,,,,,,,
40,1,500,ORACLE_plane,XZ,0.9949950861190717,2.3371188881952953,0.9993011844636779,0.0006988155363221171,,,,,,,,,
40,1,500,RL_adaptive,XZ,0.9949950861190717,2.3371188881952953,0.9890191613116931,0.010980838688306904,71.0,75.0,166.0,4.0,46.0,47.0,13.0,16.0,62.0
40,2,10,Z_only,XZ,0.9949950861190717,2.3371188881952953,0.7908793299816772,0.2091206700183228,,,,,,,,,
40,2,10,ZX_split,XZ,0.9949950861190717,2.3371188881952953,0.9869871567055664,0.01301284329443364,,,,,,,,,
40,2,10,XYZ_split,XZ,0.9949950861190717,2.3371188881952953,0.9049203763095575,0.09507962369044254,,,,,,,,,
40,2,10,ORACLE_plane,XZ,0.9949950861190717,2.3371188881952953,0.9869871567055664,0.01301284329443364,,,,,,,,,
40,2,10,RL_adaptive,XZ,0.9949950861190717,2.3371188881952953,0.9450698112442654,0.05493018875573463,3.0,0.0,0.0,0.0,2.0,0.0,0.0,0.0,5.0
40,2,25,Z_only,XZ,0.9949950861190717,2.3371188881952953,0.7908793299816772,0.2091206700183228,,,,,,,,,
40,2,25,ZX_split,XZ,0.9949950861190717,2.3371188881952953,0.976154071981495,0.023845928018505047,,,,,,,,,
40,2,25,XYZ_split,XZ,0.9949950861190717,2.3371188881952953,0.9067332499023136,0.09326675009768637,,,,,,,,,
40,2,25,ORACLE_plane,XZ,0.9949950861190717,2.3371188881952953,0.9264856876636173,0.07351431233638273,,,,,,,,,
40,2,25,RL_adaptive,XZ,0.9949950861190717,2.3371188881952953,0.7389421128956076,0.26105788710439237,9.0,1.0,0.0,2.0,2.0,1.0,0.0,7.0,3.0
40,2,50,Z_only,XZ,0.9949950861190717,2.3371188881952953,0.7908793299816772,0.2091206700183228,,,,,,,,,
40,2,50,ZX_split,XZ,0.9949950861190717,2.3371188881952953,0.9894436182610145,0.010556381738985543,,,,,,,,,
40,2,50,XYZ_split,XZ,0.9949950861190717,2.3371188881952953,0.8920716342128794,0.10792836578712062,,,,,,,,,
40,2,50,ORACLE_plane,XZ,0.9949950861190717,2.3371188881952953,0.9674104235929444,0.03258957640705562,,,,,,,,,
40,2,50,RL_adaptive,XZ,0.9949950861190717,2.3371188881952953,0.9929609873182074,0.0070390126817926335,9.0,1.0,0.0,0.0,11.0,1.0,1.0,17.0,10.0
40,2,100,Z_only,XZ,0.9949950861190717,2.3371188881952953,0.7908793299816772,0.2091206700183228,,,,,,,,,
40,2,100,ZX_split,XZ,0.9949950861190717,2.3371188881952953,0.9977530623378741,0.002246937662125914,,,,,,,,,
40,2,100,XYZ_split,XZ,0.9949950861190717,2.3371188881952953,0.9791156862157309,0.020884313784269137,,,,,,,,,
40,2,100,ORACLE_plane,XZ,0.9949950861190717,2.3371188881952953,0.995564535596021,0.004435464403979017,,,,,,,,,
40,2,100,RL_adaptive,XZ,0.9949950861190717,2.3371188881952953,0.9769411187373228,0.02305888126267719,10.0,0.0,7.0,34.0,24.0,1.0,15.0,0.0,9.0
40,2,250,Z_only,XZ,0.9949950861190717,2.3371188881952953,0.7908793299816772,0.2091206700183228,,,,,,,,,
40,2,250,ZX_split,XZ,0.9949950861190717,2.3371188881952953,0.9996145418823252,0.000385458117674764,,,,,,,,,
40,2,250,XYZ_split,XZ,0.9949950861190717,2.3371188881952953,0.9910115817818124,0.008988418218187633,,,,,,,,,
40,2,250,ORACLE_plane,XZ,0.9949950861190717,2.3371188881952953,0.9993427118092342,0.0006572881907658257,,,,,,,,,
40,2,250,RL_adaptive,XZ,0.9949950861190717,2.3371188881952953,0.9727214607008001,0.027278539299199878,12.0,12.0,136.0,16.0,6.0,16.0,13.0,22.0,17.0
40,2,500,Z_only,XZ,0.9949950861190717,2.3371188881952953,0.7908793299816772,0.2091206700183228,,,,,,,,,
40,2,500,ZX_split,XZ,0.9949950861190717,2.3371188881952953,0.9997591464194818,0.0002408535805181744,,,,,,,,,
40,2,500,XYZ_split,XZ,0.9949950861190717,2.3371188881952953,0.9980941587124234,0.0019058412875766484,,,,,,,,,
40,2,500,ORACLE_plane,XZ,0.9949950861190717,2.3371188881952953,0.9997510815971686,0.00024891840283136624,,,,,,,,,
40,2,500,RL_adaptive,XZ,0.9949950861190717,2.3371188881952953,0.9962521291821631,0.003747870817836896,76.0,75.0,160.0,4.0,43.0,49.0,12.0,16.0,65.0
40,3,10,Z_only,XZ,0.9949950861190717,2.3371188881952953,0.7908793299816772,0.2091206700183228,,,,,,,,,
40,3,10,ZX_split,XZ,0.9949950861190717,2.3371188881952953,0.9838616528499732,0.01613834715002682,,,,,,,,,
40,3,10,XYZ_split,XZ,0.9949950861190717,2.3371188881952953,0.93441210147643,0.06558789852357005,,,,,,,,,
40,3,10,ORACLE_plane,XZ,0.9949950861190717,2.3371188881952953,0.9209514699120839,0.07904853008791612,,,,,,,,,
40,3,10,RL_adaptive,XZ,0.9949950861190717,2.3371188881952953,0.9889674588820849,0.011032541117915073,3.0,1.0,0.0,0.0,2.0,0.0,0.0,0.0,4.0
40,3,25,Z_only,XZ,0.9949950861190717,2.3371188881952953,0.7908793299816772,0.2091206700183228,,,,,,,,,
40,3,25,ZX_split,XZ,0.9949950861190717,2.3371188881952953,0.9193781351404419,0.08062186485955813,,,,,,,,,
40,3,25,XYZ_split,XZ,0.9949950861190717,2.3371188881952953,0.7592414562235937,0.24075854377640626,,,,,,,,,
40,3,25,ORACLE_plane,XZ,0.9949950861190717,2.3371188881952953,0.9766518750515619,0.023348124948438076,,,,,,,,,
40,3,25,RL_adaptive,XZ,0.9949950861190717,2.3371188881952953,0.9541085117206615,0.04589148827933853,11.0,0.0,0.0,0.0,2.0,5.0,0.0,4.0,3.0
40,3,50,Z_only,XZ,0.9949950861190717,2.3371188881952953,0.7908793299816772,0.2091206700183228,,,,,,,,,
40,3,50,ZX_split,XZ,0.9949950861190717,2.3371188881952953,0.9939847298759846,0.0060152701240153705,,,,,,,,,
40,3,50,XYZ_split,XZ,0.9949950861190717,2.3371188881952953,0.9227590830112298,0.07724091698877023,,,,,,,,,
40,3,50,ORACLE_plane,XZ,0.9949950861190717,2.3371188881952953,0.9904981516841195,0.009501848315880523,,,,,,,,,
40,3,50,RL_adaptive,XZ,0.9949950861190717,2.3371188881952953,0.9576066209426067,0.042393379057393266,10.0,1.0,0.0,0.0,10.0,1.0,0.0,18.0,10.0
40,3,100,Z_only,XZ,0.9949950861190717,2.3371188881952953,0.7908793299816772,0.2091206700183228,,,,,,,,,
40,3,100,ZX_split,XZ,0.9949950861190717,2.3371188881952953,0.9957414908700406,0.004258509129959398,,,,,,,,,
40,3,100,XYZ_split,XZ,0.9949950861190717,2.3371188881952953,0.988576799927747,0.011423200072252948,,,,,,,,,
40,3,100,ORACLE_plane,XZ,0.9949950861190717,2.3371188881952953,0.9915268119890019,0.008473188010998056,,,,,,,,,
40,3,100,RL_adaptive,XZ,0.9949950861190717,2.3371188881952953,0.9752661731267356,0.02473382687326442,8.0,4.0,7.0,39.0,18.0,5.0,14.0,0.0,5.0
40,3,250,Z_only,XZ,0.9949950861190717,2.3371188881952953,0.7908793299816772,0.2091206700183228,,,,,,,,,
40,3,250,ZX_split,XZ,0.9949950861190717,2.3371188881952953,0.9965973534152149,0.003402646584785063,,,,,,,,,
40,3,250,XYZ_split,XZ,0.9949950861190717,2.3371188881952953,0.9748970749006924,0.02510292509930756,,,,,,,,,
40,3,250,ORACLE_plane,XZ,0.9949950861190717,2.3371188881952953,0.9975392449093756,0.002460755090624378,,,,,,,,,
40,3,250,RL_adaptive,XZ,0.9949950861190717,2.3371188881952953,0.9680112309005154,0.03198876909948456,19.0,10.0,130.0,9.0,15.0,12.0,12.0,13.0,30.0
40,3,500,Z_only,XZ,0.9949950861190717,2.3371188881952953,0.7908793299816772,0.2091206700183228,,,,,,,,,
40,3,500,ZX_split,XZ,0.9949950861190717,2.3371188881952953,0.9984130868914043,0.001586913108595711,,,,,,,,,
40,3,500,XYZ_split,XZ,0.9949950861190717,2.3371188881952953,0.9986558164591355,0.0013441835408645186,,,,,,,,,
40,3,500,ORACLE_plane,XZ,0.9949950861190717,2.3371188881952953,0.998951442737141,0.0010485572628590178,,,,,,,,,
40,3,500,RL_adaptive,XZ,0.9949950861190717,2.3371188881952953,0.99499531919226,0.00500468080773997,77.0,75.0,156.0,3.0,44.0,51.0,13.0,16.0,65.0
40,4,10,Z_only,XZ,0.9949950861190717,2.3371188881952953,0.7908793299816772,0.2091206700183228,,,,,,,,,
40,4,10,ZX_split,XZ,0.9949950861190717,2.3371188881952953,0.9103741824755378,0.08962581752446219,,,,,,,,,
40,4,10,XYZ_split,XZ,0.9949950861190717,2.3371188881952953,0.887241083033812,0.112758916966188,,,,,,,,,
40,4,10,ORACLE_plane,XZ,0.9949950861190717,2.3371188881952953,0.9719169493609345,0.028083050639065466,,,,,,,,,
40,4,10,RL_adaptive,XZ,0.9949950861190717,2.3371188881952953,0.8635242416971946,0.13647575830280545,3.0,0.0,1.0,0.0,2.0,0.0,0.0,0.0,4.0
40,4,25,Z_only,XZ,0.9949950861190717,2.3371188881952953,0.7908793299816772,0.2091206700183228,,,,,,,,,
40,4,25,ZX_split,XZ,0.9949950861190717,2.3371188881952953,0.998682299294044,0.0013177007059560486,,,,,,,,,
40,4,25,XYZ_split,XZ,0.9949950861190717,2.3371188881952953,0.8652759559918315,0.1347240440081685,,,,,,,,,
40,4,25,ORACLE_plane,XZ,0.9949950861190717,2.3371188881952953,0.96003367522804,0.03996632477196005,,,,,,,,,
40,4,25,RL_adaptive,XZ,0.9949950861190717,2.3371188881952953,0.982772299241909,0.01722770075809099,9.0,1.0,0.0,1.0,3.0,4.0,0.0,3.0,4.0
40,4,50,Z_only,XZ,0.9949950861190717,2.3371188881952953,0.7908793299816772,0.2091206700183228,,,,,,,,,
40,4,50,ZX_split,XZ,0.9949950861190717,2.3371188881952953,0.9971825785676178,0.0028174214323821722,,,,,,,,,
40,4,50,XYZ_split,XZ,0.9949950861190717,2.3371188881952953,0.8769791662605196,0.12302083373948036,,,,,,,,,
40,4,50,ORACLE_plane,XZ,0.9949950861190717,2.3371188881952953,0.9851699296822973,0.01483007031770267,,,,,,,,,
40,4,50,RL_adaptive,XZ,0.9949950861190717,2.3371188881952953,0.9484257465275464,0.05157425347245359,8.0,0.0,0.0,0.0,12.0,1.0,0.0,18.0,11.0
40,4,100,Z_only,XZ,0.9949950861190717,2.3371188881952953,0.7908793299816772,0.2091206700183228,,,,,,,,,
40,4,100,ZX_split,XZ,0.9949950861190717,2.3371188881952953,0.998718367669603,0.00128163233039702,,,,,,,,,
40,4,100,XYZ_split,XZ,0.9949950861190717,2.3371188881952953,0.9858705598194276,0.014129440180572383,,,,,,,,,
40,4,100,ORACLE_plane,XZ,0.9949950861190717,2.3371188881952953,0.9960646372404768,0.00393536275952322,,,,,,,,,
40,4,100,RL_adaptive,XZ,0.9949950861190717,2.3371188881952953,0.9909522547223814,0.009047745277618646,7.0,3.0,5.0,39.0,18.0,6.0,16.0,0.0,6.0
40,4,250,Z_only,XZ,0.9949950861190717,2.3371188881952953,0.7908793299816772,0.2091206700183228,,,,,,,,,
40,4,250,ZX_split,XZ,0.9949950861190717,2.3371188881952953,0.9985303432866804,0.001469656713319556,,,,,,,,,
40,4,250,XYZ_split,XZ,0.9949950861190717,2.3371188881952953,0.9785590566350906,0.021440943364909426,,,,,,,,,
40,4,250,ORACLE_plane,XZ,0.9949950861190717,2.3371188881952953,0.9993055218022866,0.0006944781977133996,,,,,,,,,
40,4,250,RL_adaptive,XZ,0.9949950861190717,2.3371188881952953,0.9939356667400303,0.00606433325996969,15.0,12.0,133.0,14.0,11.0,13.0,10.0,16.0,26.0
40,4,500,Z_only,XZ,0.9949950861190717,2.3371188881952953,0.7908793299816772,0.2091206700183228,,,,,,,,,
40,4,500,ZX_split,XZ,0.9949950861190717,2.3371188881952953,0.9999768163926586,2.3183607341437096e-05,,,,,,,,,
40,4,500,XYZ_split,XZ,0.9949950861190717,2.3371188881952953,0.9902654212002652,0.009734578799734828,,,,,,,,,
40,4,500,ORACLE_plane,XZ,0.9949950861190717,2.3371188881952953,0.9992654562134693,0.0007345437865307058,,,,,,,,,
40,4,500,RL_adaptive,XZ,0.9949950861190717,2.3371188881952953,0.9893911636238533,0.010608836376146735,93.0,66.0,155.0,1.0,61.0,34.0,0.0,7.0,83.0
41,0,10,Z_only,XY,3.8726852818823696,3.5383992188818056,0.24999999999999994,0.75,,,,,,,,,
41,0,10,ZX_split,XY,3.8726852818823696,3.5383992188818056,0.7335191240236609,0.26648087597633907,,,,,,,,,
41,0,10,XYZ_split,XY,3.8726852818823696,3.5383992188818056,0.5344943645673316,0.46550563543266843,,,,,,,,,
41,0,10,ORACLE_plane,XY,3.8726852818823696,3.5383992188818056,0.9941193895898227,0.005880610410177289,,,,,,,,,
41,0,10,RL_adaptive,XY,3.8726852818823696,3.5383992188818056,0.5632475177199577,0.43675248228004226,5.0,0.0,0.0,0.0,3.0,0.0,0.0,0.0,2.0
41,0,25,Z_only,XY,3.8726852818823696,3.5383992188818056,0.2500000000000001,0.7499999999999999,,,,,,,,,
41,0,25,ZX_split,XY,3.8726852818823696,3.5383992188818056,0.8042699146714591,0.19573008532854086,,,,,,,,,
41,0,25,XYZ_split,XY,3.8726852818823696,3.5383992188818056,0.9341700257768726,0.06582997422312742,,,,,,,,,
41,0,25,ORACLE_plane,XY,3.8726852818823696,3.5383992188818056,0.9961009445256789,0.0038990554743211225,,,,,,,,,
41,0,25,RL_adaptive,XY,3.8726852818823696,3.5383992188818056,0.8846455603510555,0.11535443964894454,9.0,0.0,0.0,0.0,2.0,4.0,0.0,8.0,2.0
41,0,50,Z_only,XY,3.8726852818823696,3.5383992188818056,0.24999999999999994,0.75,,,,,,,,,
41,0,50,ZX_split,XY,3.8726852818823696,3.5383992188818056,0.8336797992764692,0.16632020072353082,,,,,,,,,
41,0,50,XYZ_split,XY,3.8726852818823696,3.5383992188818056,0.9766112310296301,0.0233887689703699,,,,,,,,,
41,0,50,ORACLE_plane,XY,3.8726852818823696,3.5383992188818056,0.9999833016008193,1.6698399180725687e-05,,,,,,,,,
41,0,50,RL_adaptive,XY,3.8726852818823696,3.5383992188818056,0.960599438975279,0.039400561024721004,8.0,2.0,0.0,0.0,8.0,3.0,1.0,19.0,9.0
41,0,100,Z_only,XY,3.8726852818823696,3.5383992188818056,0.2500000000000001,0.7499999999999999,,,,,,,,,
41,0,100,ZX_split,XY,3.8726852818823696,3.5383992188818056,0.829604845607101,0.17039515439289898,,,,,,,,,
41,0,100,XYZ_split,XY,3.8726852818823696,3.5383992188818056,0.9919797240263958,0.008020275973604218,,,,,,,,,
41,0,100,ORACLE_plane,XY,3.8726852818823696,3.5383992188818056,0.9875504727178657,0.012449527282134332,,,,,,,,,
41,0,100,RL_adaptive,XY,3.8726852818823696,3.5383992188818056,0.9919947010326448,0.008005298967355245,9.0,4.0,5.0,41.0,10.0,11.0,13.0,3.0,4.0
41,0,250,Z_only,XY,3.8726852818823696,3.5383992188818056,0.24999999999999994,0.75,,,,,,,,,
41,0,250,ZX_split,XY,3.8726852818823696,3.5383992188818056,0.8287917753640093,0.17120822463599072,,,,,,,,,
41,0,250,XYZ_split,XY,3.8726852818823696,3.5383992188818056,0.9855601707957659,0.014439829204234145,,,,,,,,,
41,0,250,ORACLE_plane,XY,3.8726852818823696,3.5383992188818056,0.998216281218369,0.0017837187816309719,,,,,,,,,
41,0,250,RL_adaptive,XY,3.8726852818823696,3.5383992188818056,0.9875223955706738,0.012477604429326217,23.0,0.0,136.0,14.0,25.0,3.0,2.0,12.0,35.0
41,0,500,Z_only,XY,3.8726852818823696,3.5383992188818056,0.24999999999999994,0.75,,,,,,,,,
41,0,500,ZX_split,XY,3.8726852818823696,3.5383992188818056,0.8371113857407092,0.1628886142592908,,,,,,,,,
41,0,500,XYZ_split,XY,3.8726852818823696,3.5383992188818056,0.9986587621398234,0.0013412378601765917,,,,,,,,,
41,0,500,ORACLE_plane,XY,3.8726852818823696,3.5383992188818056,0.9999227104168721,7.728958312791523e-05,,,,,,,,,
41,0,500,RL_adaptive,XY,3.8726852818823696,3.5383992188818056,0.9967119412272073,0.0032880587727927013,69.0,72.0,148.0,9.0,38.0,58.0,9.0,16.0,81.0
41,1,10,Z_only,XY,3.8726852818823696,3.5383992188818056,0.2500000000000001,0.7499999999999999,,,,,,,,,
41,1,10,ZX_split,XY,3.8726852818823696,3.5383992188818056,0.7745443180030862,0.2254556819969138,,,,,,,,,
41,1,10,XYZ_split,XY,3.8726852818823696,3.5383992188818056,0.8496070264222305,0.15039297357776948,,,,,,,,,
41,1,10,ORACLE_plane,XY,3.8726852818823696,3.5383992188818056,0.962012186056074,0.03798781394392603,,,,,,,,,
41,1,10,RL_adaptive,XY,3.8726852818823696,3.5383992188818056,0.9220341238343844,0.07796587616561557,4.0,0.0,0.0,0.0,2.0,2.0,0.0,0.0,2.0
41,1,25,Z_only,XY,3.8726852818823696,3.5383992188818056,0.24999999999999994,0.75,,,,,,,,,
41,1,25,ZX_split,XY,3.8726852818823696,3.5383992188818056,0.8356396138598666,0.16436038614013337,,,,,,,,,
41,1,25,XYZ_split,XY,3.8726852818823696,3.5383992188818056,0.8427176193231739,0.1572823806768261,,,,,,,,,
41,1,25,ORACLE_plane,XY,3.8726852818823696,3.5383992188818056,0.99219186070728,0.007808139292719951,,,,,,,,,
41,1,25,RL_adaptive,XY,3.8726852818823696,3.5383992188818056,0.9819437145044597,0.01805628549554028,9.0,0.0,0.0,0.0,2.0,4.0,0.0,8.0,2.0
41,1,50,Z_only,XY,3.8726852818823696,3.5383992188818056,0.24999999999999994,0.75,,,,,,,,,
41,1,50,ZX_split,XY,3.8726852818823696,3.5383992188818056,0.8098377315993015,0.1901622684006985,,,,,,,,,
41,1,50,XYZ_split,XY,3.8726852818823696,3.5383992188818056,0.9737971547982194,0.026202845201780622,,,,,,,,,
41,1,50,ORACLE_plane,XY,3.8726852818823696,3.5383992188818056,0.9951590348989594,0.004840965101040595,,,,,,,,,
41,1,50,RL_adaptive,XY,3.8726852818823696,3.5383992188818056,0.9297589791475778,0.07024102085242223,10.0,1.0,1.0,0.0,7.0,2.0,0.0,19.0,10.0
41,1,100,Z_only,XY,3.8726852818823696,3.5383992188818056,0.2500000000000001,0.7499999999999999,,,,,,,,,
41,1,100,ZX_split,XY,3.8726852818823696,3.5383992188818056,0.8280262694353262,0.1719737305646738,,,,,,,,,
41,1,100,XYZ_split,XY,3.8726852818823696,3.5383992188818056,0.9744634537147948,0.025536546285205186,,,,,,,,,
41,1,100,ORACLE_plane,XY,3.8726852818823696,3.5383992188818056,0.9876875686269528,0.012312431373047161,,,,,,,,,
41,1,100,RL_adaptive,XY,3.8726852818823696,3.5383992188818056,0.9920819419007183,0.0079180580992817,10.0,4.0,6.0,37.0,12.0,7.0,13.0,5.0,6.0
41,1,250,Z_only,XY,3.8726852818823696,3.5383992188818056,0.2500000000000001,0.7499999999999999,,,,,,,,,
41,1,250,ZX_split,XY,3.8726852818823696,3.5383992188818056,0.8366086245143964,0.16339137548560356,,,,,,,,,
41,1,250,XYZ_split,XY,3.8726852818823696,3.5383992188818056,0.994968483627588,0.005031516372411948,,,,,,,,,
41,1,250,ORACLE_plane,XY,3.8726852818823696,3.5383992188818056,0.9993380949319821,0.0006619050680178873,,,,,,,,,
41,1,250,RL_adaptive,XY,3.8726852818823696,3.5383992188818056,0.9960316677786414,0.003968332221358617,20.0,0.0,137.0,17.0,25.0,2.0,0.0,11.0,38.0
41,1,500,Z_only,XY,3.8726852818823696,3.5383992188818056,0.24999999999999994,0.75,,,,,,,,,
41,1,500,ZX_split,XY,3.8726852818823696,3.5383992188818056,0.8380384488145081,0.16196155118549194,,,,,,,,,
41,1,500,XYZ_split,XY,3.8726852818823696,3.5383992188818056,0.995442914484205,0.004557085515795034,,,,,,,,,
41,1,500,ORACLE_plane,XY,3.8726852818823696,3.5383992188818056,0.9994561615421499,0.0005438384578501099,,,,,,,,,
41,1,500,RL_adaptive,XY,3.8726852818823696,3.5383992188818056,0.9972309060134066,0.0027690939865934183,55.0,85.0,147.0,17.0,21.0,68.0,18.0,20.0,69.0
41,2,10,Z_only,XY,3.8726852818823696,3.5383992188818056,0.2500000000000001,0.7499999999999999,,,,,,,,,
41,2,10,ZX_split,XY,3.8726852818823696,3.5383992188818056,0.8123377097007567,0.1876622902992433,,,,,,,,,
41,2,10,XYZ_split,XY,3.8726852818823696,3.5383992188818056,0.830122855368432,0.169877144631568,,,,,,,,,
41,2,10,ORACLE_plane,XY,3.8726852818823696,3.5383992188818056,0.9763974864367765,0.023602513563223515,,,,,,,,,
41,2,10,RL_adaptive,XY,3.8726852818823696,3.5383992188818056,0.9491925081570152,0.05080749184298483,6.0,0.0,0.0,0.0,2.0,0.0,0.0,0.0,2.0
41,2,25,Z_only,XY,3.8726852818823696,3.5383992188818056,0.2500000000000001,0.7499999999999999,,,,,,,,,
41,2,25,ZX_split,XY,3.8726852818823696,3.5383992188818056,0.8169921008207437,0.1830078991792563,,,,,,,,,
41,2,25,XYZ_split,XY,3.8726852818823696,3.5383992188818056,0.9266446243367271,0.07335537566327288,,,,,,,,,
41,2,25,ORACLE_plane,XY,3.8726852818823696,3.5383992188818056,0.925373264124601,0.07462673587539903,,,,,,,,,
41,2,25,RL_adaptive,XY,3.8726852818823696,3.5383992188818056,0.9003132874868289,0.09968671251317107,8.0,0.0,0.0,0.0,2.0,6.0,0.0,7.0,2.0
41,2,50,Z_only,XY,3.8726852818823696,3.5383992188818056,0.2500000000000001,0.7499999999999999,,,,,,,,,
41,2,50,ZX_split,XY,3.8726852818823696,3.5383992188818056,0.8313770302678084,0.1686229697321916,,,,,,,,,
41,2,50,XYZ_split,XY,3.8726852818823696,3.5383992188818056,0.9289985577516114,0.07100144224838856,,,,,,,,,
41,2,50,ORACLE_plane,XY,3.8726852818823696,3.5383992188818056,0.9959434338660099,0.0040565661339900805,,,,,,,,,
41,2,50,RL_adaptive,XY,3.8726852818823696,3.5383992188818056,0.8856317276166445,0.11436827238335545,8.0,2.0,0.0,0.0,7.0,4.0,0.0,20.0,9.0
41,2,100,Z_only,XY,3.8726852818823696,3.5383992188818056,0.24999999999999994,0.75,,,,,,,,,
41,2,100,ZX_split,XY,3.8726852818823696,3.5383992188818056,0.8310434523702993,0.1689565476297007,,,,,,,,,
41,2,100,XYZ_split,XY,3.8726852818823696,3.5383992188818056,0.9827896167051019,0.0172103832948981,,,,,,,,,
41,2,100,ORACLE_plane,XY,3.8726852818823696,3.5383992188818056,0.9960220070478618,0.003977992952138187,,,,,,,,,
41,2,100,RL_adaptive,XY,3.8726852818823696,3.5383992188818056,0.947228646176494,0.05277135382350595,9.0,5.0,4.0,40.0,11.0,9.0,13.0,3.0,6.0
41,2,250,Z_only,XY,3.8726852818823696,3.5383992188818056,0.2500000000000001,0.7499999999999999,,,,,,,,,
41,2,250,ZX_split,XY,3.8726852818823696,3.5383992188818056,0.8339861451332227,0.16601385486677733,,,,,,,,,
41,2,250,XYZ_split,XY,3.8726852818823696,3.5383992188818056,0.9844310370980438,0.015568962901956196,,,,,,,,,
41,2,250,ORACLE_plane,XY,3.8726852818823696,3.5383992188818056,0.9992079866973639,0.0007920133026361187,,,,,,,,,
41,2,250,RL_adaptive,XY,3.8726852818823696,3.5383992188818056,0.9925296557019462,0.0074703442980538215,18.0,2.0,142.0,19.0,19.0,4.0,3.0,12.0,31.0
41,2,500,Z_only,XY,3.8726852818823696,3.5383992188818056,0.2500000000000001,0.7499999999999999,,,,,,,,,
41,2,500,ZX_split,XY,3.8726852818823696,3.5383992188818056,0.8373794717153783,0.1626205282846217,,,,,,,,,
41,2,500,XYZ_split,XY,3.8726852818823696,3.5383992188818056,0.9955432065384265,0.004456793461573461,,,,,,,,,
41,2,500,ORACLE_plane,XY,3.8726852818823696,3.5383992188818056,0.9996852645913807,0.00031473540861925997,,,,,,,,,
41,2,500,RL_adaptive,XY,3.8726852818823696,3.5383992188818056,0.9917694831047175,0.008230516895282536,69.0,72.0,150.0,11.0,38.0,54.0,9.0,13.0,84.0
41,3,10,Z_only,XY,3.8726852818823696,3.5383992188818056,0.2500000000000001,0.7499999999999999,,,,,,,,,
41,3,10,ZX_split,XY,3.8726852818823696,3.5383992188818056,0.7047484605654097,0.29525153943459026,,,,,,,,,
41,3,10,XYZ_split,XY,3.8726852818823696,3.5383992188818056,0.8787863497397339,0.12121365026026609,,,,,,,,,
41,3,10,ORACLE_plane,XY,3.8726852818823696,3.5383992188818056,0.9727409810327895,0.027259018967210502,,,,,,,,,
41,3,10,RL_adaptive,XY,3.8726852818823696,3.5383992188818056,0.8346494410755869,0.16535055892441308,5.0,0.0,0.0,0.0,2.0,0.0,0.0,0.0,3.0
41,3,25,Z_only,XY,3.8726852818823696,3.5383992188818056,0.24999999999999994,0.75,,,,,,,,,
41,3,25,ZX_split,XY,3.8726852818823696,3.5383992188818056,0.832997711017142,0.16700228898285796,,,,,,,,,
41,3,25,XYZ_split,XY,3.8726852818823696,3.5383992188818056,0.9539907846355452,0.04600921536445479,,,,,,,,,
41,3,25,ORACLE_plane,XY,3.8726852818823696,3.5383992188818056,0.9985698721839226,0.0014301278160774311,,,,,,,,,
41,3,25,RL_adaptive,XY,3.8726852818823696,3.5383992188818056,0.9675456221075387,0.032454377892461306,6.0,0.0,0.0,0.0,2.0,6.0,1.0,8.0,2.0
41,3,50,Z_only,XY,3.8726852818823696,3.5383992188818056,0.2500000000000001,0.7499999999999999,,,,,,,,,
41,3,50,ZX_split,XY,3.8726852818823696,3.5383992188818056,0.8173889459143361,0.18261105408566392,,,,,,,,,
41,3,50,XYZ_split,XY,3.8726852818823696,3.5383992188818056,0.9801027081388788,0.019897291861121214,,,,,,,,,
41,3,50,ORACLE_plane,XY,3.8726852818823696,3.5383992188818056,0.988563825513287,0.011436174486712969,,,,,,,,,
41,3,50,RL_adaptive,XY,3.8726852818823696,3.5383992188818056,0.9883328546799403,0.011667145320059746,7.0,3.0,0.0,0.0,6.0,4.0,1.0,22.0,7.0
41,3,100,Z_only,XY,3.8726852818823696,3.5383992188818056,0.24999999999999994,0.75,,,,,,,,,
41,3,100,ZX_split,XY,3.8726852818823696,3.5383992188818056,0.8276548823362225,0.17234511766377747,,,,,,,,,
41,3,100,XYZ_split,XY,3.8726852818823696,3.5383992188818056,0.9836950606514517,0.016304939348548264,,,,,,,,,
41,3,100,ORACLE_plane,XY,3.8726852818823696,3.5383992188818056,0.990872622548234,0.00912737745176595,,,,,,,,,
41,3,100,RL_adaptive,XY,3.8726852818823696,3.5383992188818056,0.9752267974193732,0.024773202580626763,12.0,1.0,5.0,41.0,13.0,7.0,10.0,4.0,7.0
41,3,250,Z_only,XY,3.8726852818823696,3.5383992188818056,0.24999999999999994,0.75,,,,,,,,,
41,3,250,ZX_split,XY,3.8726852818823696,3.5383992188818056,0.8362685457910636,0.16373145420893642,,,,,,,,,
41,3,250,XYZ_split,XY,3.8726852818823696,3.5383992188818056,0.9883048300657441,0.0116951699342559,,,,,,,,,
41,3,250,ORACLE_plane,XY,3.8726852818823696,3.5383992188818056,0.9987034242110858,0.0012965757889141782,,,,,,,,,
41,3,250,RL_adaptive,XY,3.8726852818823696,3.5383992188818056,0.9891164682797949,0.010883531720205064,19.0,1.0,141.0,16.0,25.0,2.0,0.0,10.0,36.0
41,3,500,Z_only,XY,3.8726852818823696,3.5383992188818056,0.2500000000000001,0.7499999999999999,,,,,,,,,
41,3,500,ZX_split,XY,3.8726852818823696,3.5383992188818056,0.8285388584321982,0.1714611415678018,,,,,,,,,
41,3,500,XYZ_split,XY,3.8726852818823696,3.5383992188818056,0.9977544412047927,0.0022455587952072698,,,,,,,,,
41,3,500,ORACLE_plane,XY,3.8726852818823696,3.5383992188818056,0.9986419353829064,0.0013580646170936461,,,,,,,,,
41,3,500,RL_adaptive,XY,3.8726852818823696,3.5383992188818056,0.9998084292400836,0.00019157075991638184,67.0,77.0,145.0,12.0,33.0,59.0,10.0,16.0,81.0
41,4,10,Z_only,XY,3.8726852818823696,3.5383992188818056,0.24999999999999994,0.75,,,,,,,,,
41,4,10,ZX_split,XY,3.8726852818823696,3.5383992188818056,0.7145564745581228,0.28544352544187723,,,,,,,,,
41,4,10,XYZ_split,XY,3.8726852818823696,3.5383992188818056,0.7246178666486898,0.27538213335131023,,,,,,,,,
41,4,10,ORACLE_plane,XY,3.8726852818823696,3.5383992188818056,0.9539980419641976,0.046001958035802426,,,,,,,,,
41,4,10,RL_adaptive,XY,3.8726852818823696,3.5383992188818056,0.45177866931632427,0.5482213306836757,4.0,0.0,0.0,0.0,2.0,0.0,0.0,0.0,4.0
41,4,25,Z_only,XY,3.8726852818823696,3.5383992188818056,0.24999999999999994,0.75,,,,,,,,,
41,4,25,ZX_split,XY,3.8726852818823696,3.5383992188818056,0.7893459667398864,0.21065403326011356,,,,,,,,,
41,4,25,XYZ_split,XY,3.8726852818823696,3.5383992188818056,0.9535848475587033,0.04641515244129668,,,,,,,,,
41,4,25,ORACLE_plane,XY,3.8726852818823696,3.5383992188818056,0.9894901052560977,0.010509894743902293,,,,,,,,,
41,4,25,RL_adaptive,XY,3.8726852818823696,3.5383992188818056,0.8030542093701203,0.1969457906298797,5.0,0.0,1.0,2.0,2.0,4.0,0.0,9.0,2.0
41,4,50,Z_only,XY,3.8726852818823696,3.5383992188818056,0.2500000000000001,0.7499999999999999,,,,,,,,,
41,4,50,ZX_split,XY,3.8726852818823696,3.5383992188818056,0.804827171471161,0.195172828528839,,,,,,,,,
41,4,50,XYZ_split,XY,3.8726852818823696,3.5383992188818056,0.9827355974442725,0.017264402555727476,,,,,,,,,
41,4,50,ORACLE_plane,XY,3.8726852818823696,3.5383992188818056,0.998783374539687,0.0012166254603129811,,,,,,,,,
41,4,50,RL_adaptive,XY,3.8726852818823696,3.5383992188818056,0.9102076790132261,0.08979232098677392,7.0,3.0,0.0,0.0,7.0,4.0,1.0,21.0,7.0
41,4,100,Z_only,XY,3.8726852818823696,3.5383992188818056,0.24999999999999994,0.75,,,,,,,,,
41,4,100,ZX_split,XY,3.8726852818823696,3.5383992188818056,0.8352307204679331,0.16476927953206688,,,,,,,,,
41,4,100,XYZ_split,XY,3.8726852818823696,3.5383992188818056,0.9758769125607545,0.024123087439245516,,,,,,,,,
41,4,100,ORACLE_plane,XY,3.8726852818823696,3.5383992188818056,0.9937792287574486,0.006220771242551382,,,,,,,,,
41,4,100,RL_adaptive,XY,3.8726852818823696,3.5383992188818056,0.9887134351732491,0.011286564826750944,10.0,4.0,4.0,39.0,11.0,9.0,12.0,4.0,7.0
41,4,250,Z_only,XY,3.8726852818823696,3.5383992188818056,0.2500000000000001,0.7499999999999999,,,,,,,,,
41,4,250,ZX_split,XY,3.8726852818823696,3.5383992188818056,0.8321546396629812,0.1678453603370188,,,,,,,,,
41,4,250,XYZ_split,XY,3.8726852818823696,3.5383992188818056,0.989172044593327,0.010827955406673029,,,,,,,,,
41,4,250,ORACLE_plane,XY,3.8726852818823696,3.5383992188818056,0.9984948987013015,0.001505101298698519,,,,,,,,,
41,4,250,RL_adaptive,XY,3.8726852818823696,3.5383992188818056,0.9846044582279365,0.015395541772063481,16.0,1.0,142.0,22.0,17.0,5.0,1.0,16.0,30.0
41,4,500,Z_only,XY,3.8726852818823696,3.5383992188818056,0.24999999999999994,0.75,,,,,,,,,
41,4,500,ZX_split,XY,3.8726852818823696,3.5383992188818056,0.8375783377181776,0.16242166228182242,,,,,,,,,
41,4,500,XYZ_split,XY,3.8726852818823696,3.5383992188818056,0.9920366505613497,0.007963349438650291,,,,,,,,,
41,4,500,ORACLE_plane,XY,3.8726852818823696,3.5383992188818056,0.9990688720954415,0.0009311279045585152,,,,,,,,,
41,4,500,RL_adaptive,XY,3.8726852818823696,3.5383992188818056,0.9989729351014318,0.0010270648985681863,68.0,74.0,150.0,11.0,36.0,56.0,12.0,16.0,77.0
42,0,10,Z_only,XZ,3.539736173620071,2.6591340304191977,0.5078866578926939,0.49211334210730606,,,,,,,,,
42,0,10,ZX_split,XZ,3.539736173620071,2.6591340304191977,0.9410494965887745,0.05895050341122554,,,,,,,,,
42,0,10,XYZ_split,XZ,3.539736173620071,2.6591340304191977,0.9466544076877091,0.05334559231229086,,,,,,,,,
42,0,10,ORACLE_plane,XZ,3.539736173620071,2.6591340304191977,0.8827871435797062,0.11721285642029378,,,,,,,,,
42,0,10,RL_adaptive,XZ,3.539736173620071,2.6591340304191977,0.8236013780469196,0.17639862195308043,6.0,0.0,0.0,0.0,2.0,0.0,0.0,0.0,2.0
42,0,25,Z_only,XZ,3.539736173620071,2.6591340304191977,0.5078866578926939,0.49211334210730606,,,,,,,,,
42,0,25,ZX_split,XZ,3.539736173620071,2.6591340304191977,0.8710913617324697,0.1289086382675303,,,,,,,,,
42,0,25,XYZ_split,XZ,3.539736173620071,2.6591340304191977,0.8134259494996519,0.18657405050034814,,,,,,,,,
42,0,25,ORACLE_plane,XZ,3.539736173620071,2.6591340304191977,0.906051629010699,0.09394837098930098,,,,,,,,,
42,0,25,RL_adaptive,XZ,3.539736173620071,2.6591340304191977,0.8721651732873502,0.12783482671264979,12.0,0.0,0.0,1.0,2.0,1.0,0.0,5.0,4.0
42,0,50,Z_only,XZ,3.539736173620071,2.6591340304191977,0.5078866578926939,0.49211334210730606,,,,,,,,,
42,0,50,ZX_split,XZ,3.539736173620071,2.6591340304191977,0.9782007557079897,0.0217992442920103,,,,,,,,,
42,0,50,XYZ_split,XZ,3.539736173620071,2.6591340304191977,0.8246281377468334,0.1753718622531666,,,,,,,,,
42,0,50,ORACLE_plane,XZ,3.539736173620071,2.6591340304191977,0.9914304181041899,0.008569581895810141,,,,,,,,,
42,0,50,RL_adaptive,XZ,3.539736173620071,2.6591340304191977,0.9970561451763834,0.0029438548236165873,7.0,4.0,0.0,2.0,4.0,4.0,0.0,20.0,9.0
42,0,100,Z_only,XZ,3.539736173620071,2.6591340304191977,0.5078866578926939,0.49211334210730606,,,,,,,,,
42,0,100,ZX_split,XZ,3.539736173620071,2.6591340304191977,0.9972796285421528,0.002720371457847204,,,,,,,,,
42,0,100,XYZ_split,XZ,3.539736173620071,2.6591340304191977,0.9876332028739144,0.012366797126085571,,,,,,,,,
42,0,100,ORACLE_plane,XZ,3.539736173620071,2.6591340304191977,0.975933599157429,0.024066400842570945,,,,,,,,,
42,0,100,RL_adaptive,XZ,3.539736173620071,2.6591340304191977,0.9777026697705699,0.022297330229430146,16.0,1.0,4.0,37.0,20.0,1.0,8.0,0.0,13.0
42,0,250,Z_only,XZ,3.539736173620071,2.6591340304191977,0.5078866578926939,0.49211334210730606,,,,,,,,,
42,0,250,ZX_split,XZ,3.539736173620071,2.6591340304191977,0.9979125456817426,0.002087454318257409,,,,,,,,,
42,0,250,XYZ_split,XZ,3.539736173620071,2.6591340304191977,0.9959229253519208,0.00407707464807916,,,,,,,,,
42,0,250,ORACLE_plane,XZ,3.539736173620071,2.6591340304191977,0.9958649989094457,0.004135001090554313,,,,,,,,,
42,0,250,RL_adaptive,XZ,3.539736173620071,2.6591340304191977,0.9931701892748709,0.006829810725129115,22.0,7.0,129.0,17.0,21.0,7.0,2.0,8.0,37.0
42,0,500,Z_only,XZ,3.539736173620071,2.6591340304191977,0.5078866578926939,0.49211334210730606,,,,,,,,,
42,0,500,ZX_split,XZ,3.539736173620071,2.6591340304191977,0.9983844009300981,0.0016155990699019407,,,,,,,,,
42,0,500,XYZ_split,XZ,3.539736173620071,2.6591340304191977,0.9890649142595229,0.01093508574047708,,,,,,,,,
42,0,500,ORACLE_plane,XZ,3.539736173620071,2.6591340304191977,0.9993440935496083,0.0006559064503917078,,,,,,,,,
42,0,500,RL_adaptive,XZ,3.539736173620071,2.6591340304191977,0.994847717189475,0.005152282810525044,65.0,97.0,134.0,26.0,15.0,61.0,9.0,7.0,86.0
42,1,10,Z_only,XZ,3.539736173620071,2.6591340304191977,0.5078866578926939,0.49211334210730606,,,,,,,,,
42,1,10,ZX_split,XZ,3.539736173620071,2.6591340304191977,0.9410494965887745,0.05895050341122554,,,,,,,,,
42,1,10,XYZ_split,XZ,3.539736173620071,2.6591340304191977,0.8331943092058189,0.16680569079418106,,,,,,,,,
42,1,10,ORACLE_plane,XZ,3.539736173620071,2.6591340304191977,0.9410494965887745,0.05895050341122554,,,,,,,,,
42,1,10,RL_adaptive,XZ,3.539736173620071,2.6591340304191977,0.6405096066547534,0.3594903933452466,4.0,0.0,0.0,0.0,4.0,0.0,0.0,0.0,2.0
42,1,25,Z_only,XZ,3.539736173620071,2.6591340304191977,0.5078866578926939,0.49211334210730606,,,,,,,,,
42,1,25,ZX_split,XZ,3.539736173620071,2.6591340304191977,0.9964420672553093,0.0035579327446907394,,,,,,,,,
42,1,25,XYZ_split,XZ,3.539736173620071,2.6591340304191977,0.9664758648632705,0.03352413513672947,,,,,,,,,
42,1,25,ORACLE_plane,XZ,3.539736173620071,2.6591340304191977,0.9956763655211488,0.0043236344788512016,,,,,,,,,
42,1,25,RL_adaptive,XZ,3.539736173620071,2.6591340304191977,0.9329795667634291,0.06702043323657092,10.0,0.0,0.0,1.0,2.0,4.0,0.0,5.0,3.0
42,1,50,Z_only,XZ,3.539736173620071,2.6591340304191977,0.5078866578926939,0.49211334210730606,,,,,,,,,
42,1,50,ZX_split,XZ,3.539736173620071,2.6591340304191977,0.9773185980170358,0.0226814019829642,,,,,,,,,
42,1,50,XYZ_split,XZ,3.539736173620071,2.6591340304191977,0.977036535653171,0.022963464346829054,,,,,,,,,
42,1,50,ORACLE_plane,XZ,3.539736173620071,2.6591340304191977,0.9895153107259257,0.01048468927407431,,,,,,,,,
42,1,50,RL_adaptive,XZ,3.539736173620071,2.6591340304191977,0.9226148422782484,0.07738515772175159,7.0,4.0,0.0,1.0,4.0,4.0,0.0,23.0,7.0
42,1,100,Z_only,XZ,3.539736173620071,2.6591340304191977,0.5078866578926939,0.49211334210730606,,,,,,,,,
42,1,100,ZX_split,XZ,3.539736173620071,2.6591340304191977,0.9912247137104697,0.008775286289530282,,,,,,,,,
42,1,100,XYZ_split,XZ,3.539736173620071,2.6591340304191977,0.9632622923485827,0.03673770765141726,,,,,,,,,
42,1,100,ORACLE_plane,XZ,3.539736173620071,2.6591340304191977,0.9999324444123252,6.755558767479464e-05,,,,,,,,,
42,1,100,RL_adaptive,XZ,3.539736173620071,2.6591340304191977,0.9753959508745523,0.02460404912544767,13.0,1.0,5.0,39.0,18.0,4.0,11.0,1.0,8.0
42,1,250,Z_only,XZ,3.539736173620071,2.6591340304191977,0.5078866578926939,0.49211334210730606,,,,,,,,,
42,1,250,ZX_split,XZ,3.539736173620071,2.6591340304191977,0.998383859761525,0.0016161402384750057,,,,,,,,,
42,1,250,XYZ_split,XZ,3.539736173620071,2.6591340304191977,0.9884722849109563,0.01152771508904371,,,,,,,,,
42,1,250,ORACLE_plane,XZ,3.539736173620071,2.6591340304191977,0.9927721811856302,0.007227818814369846,,,,,,,,,
42,1,250,RL_adaptive,XZ,3.539736173620071,2.6591340304191977,0.9979632297744867,0.002036770225513296,21.0,6.0,133.0,19.0,22.0,5.0,2.0,7.0,35.0
42,1,500,Z_only,XZ,3.539736173620071,2.6591340304191977,0.5078866578926939,0.49211334210730606,,,,,,,,,
42,1,500,ZX_split,XZ,3.539736173620071,2.6591340304191977,0.9993975730043896,0.0006024269956104167,,,,,,,,,
42,1,500,XYZ_split,XZ,3.539736173620071,2.6591340304191977,0.9939418349811506,0.006058165018849371,,,,,,,,,
42,1,500,ORACLE_plane,XZ,3.539736173620071,2.6591340304191977,0.9985548949976052,0.0014451050023948087,,,,,,,,,
42,1,500,RL_adaptive,XZ,3.539736173620071,2.6591340304191977,0.9986618463682864,0.0013381536317136344,77.0,95.0,126.0,21.0,18.0,54.0,6.0,4.0,99.0
42,2,10,Z_only,XZ,3.539736173620071,2.6591340304191977,0.5078866578926939,0.49211334210730606,,,,,,,,,
42,2,10,ZX_split,XZ,3.539736173620071,2.6591340304191977,0.8954819327109574,0.10451806728904256,,,,,,,,,
42,2,10,XYZ_split,XZ,3.539736173620071,2.6591340304191977,0.8310934379334423,0.16890656206655774,,,,,,,,,
42,2,10,ORACLE_plane,XZ,3.539736173620071,2.6591340304191977,0.956770326773598,0.04322967322640203,,,,,,,,,
42,2,10,RL_adaptive,XZ,3.539736173620071,2.6591340304191977,0.934456634322651,0.06554336567734897,6.0,0.0,0.0,0.0,2.0,0.0,0.0,0.0,2.0
42,2,25,Z_only,XZ,3.539736173620071,2.6591340304191977,0.5078866578926939,0.49211334210730606,,,,,,,,,
42,2,25,ZX_split,XZ,3.539736173620071,2.6591340304191977,0.9703481837729706,0.029651816227029393,,,,,,,,,
42,2,25,XYZ_split,XZ,3.539736173620071,2.6591340304191977,0.979667910948785,0.020332089051214974,,,,,,,,,
42,2,25,ORACLE_plane,XZ,3.539736173620071,2.6591340304191977,0.9386028487596684,0.06139715124033163,,,,,,,,,
42,2,25,RL_adaptive,XZ,3.539736173620071,2.6591340304191977,0.842547706607128,0.15745229339287203,12.0,0.0,0.0,0.0,2.0,2.0,0.0,5.0,4.0
42,2,50,Z_only,XZ,3.539736173620071,2.6591340304191977,0.5078866578926939,0.49211334210730606,,,,,,,,,
42,2,50,ZX_split,XZ,3.539736173620071,2.6591340304191977,0.963460518053585,0.03653948194641499,,,,,,,,,
42,2,50,XYZ_split,XZ,3.539736173620071,2.6591340304191977,0.9176311307999913,0.08236886920000874,,,,,,,,,
42,2,50,ORACLE_plane,XZ,3.539736173620071,2.6591340304191977,0.9426390149360223,0.05736098506397769,,,,,,,,,
42,2,50,RL_adaptive,XZ,3.539736173620071,2.6591340304191977,0.930957411283191,0.06904258871680902,11.0,1.0,0.0,0.0,7.0,1.0,0.0,19.0,11.0
42,2,100,Z_only,XZ,3.539736173620071,2.6591340304191977,0.5078866578926939,0.49211334210730606,,,,,,,,,
42,2,100,ZX_split,XZ,3.539736173620071,2.6591340304191977,0.9912497046748174,0.008750295325182567,,,,,,,,,
42,2,100,XYZ_split,XZ,3.539736173620071,2.6591340304191977,0.9745798384679477,0.025420161532052288,,,,,,,,,
42,2,100,ORACLE_plane,XZ,3.539736173620071,2.6591340304191977,0.9835180119921306,0.016481988007869375,,,,,,,,,
42,2,100,RL_adaptive,XZ,3.539736173620071,2.6591340304191977,0.9866433606216286,0.013356639378371393,10.0,4.0,6.0,39.0,12.0,6.0,13.0,4.0,6.0
42,2,250,Z_only,XZ,3.539736173620071,2.6591340304191977,0.5078866578926939,0.49211334210730606,,,,,,,,,
42,2,250,ZX_split,XZ,3.539736173620071,2.6591340304191977,0.9954623529139988,0.00453764708600124,,,,,,,,,
42,2,250,XYZ_split,XZ,3.539736173620071,2.6591340304191977,0.9979584321271667,0.002041567872833272,,,,,,,,,
42,2,250,ORACLE_plane,XZ,3.539736173620071,2.6591340304191977,0.9997669649537605,0.00023303504623950477,,,,,,,,,
42,2,250,RL_adaptive,XZ,3.539736173620071,2.6591340304191977,0.9898096283076294,0.010190371692370581,24.0,4.0,131.0,16.0,25.0,3.0,0.0,8.0,39.0
42,2,500,Z_only,XZ,3.539736173620071,2.6591340304191977,0.5078866578926939,0.49211334210730606,,,,,,,,,
42,2,500,ZX_split,XZ,3.539736173620071,2.6591340304191977,0.999996328508012,3.671491987988773e-06,,,,,,,,,
42,2,500,XYZ_split,XZ,3.539736173620071,2.6591340304191977,0.9944342061449966,0.0055657938550034425,,,,,,,,,
42,2,500,ORACLE_plane,XZ,3.539736173620071,2.6591340304191977,0.9987870994179467,0.0012129005820532557,,,,,,,,,
42,2,500,RL_adaptive,XZ,3.539736173620071,2.6591340304191977,0.997323208418799,0.0026767915812010434,70.0,94.0,133.0,24.0,20.0,57.0,6.0,6.0,90.0
42,3,10,Z_only,XZ,3.539736173620071,2.6591340304191977,0.22409262407062194,0.7759073759293781,,,,,,,,,
42,3,10,ZX_split,XZ,3.539736173620071,2.6591340304191977,0.9758067747241254,0.02419322527587464,,,,,,,,,
42,3,10,XYZ_split,XZ,3.539736173620071,2.6591340304191977,0.789684888444627,0.21031511155537297,,,,,,,,,
42,3,10,ORACLE_plane,XZ,3.539736173620071,2.6591340304191977,0.8851269459299087,0.1148730540700913,,,,,,,,,
42,3,10,RL_adaptive,XZ,3.539736173620071,2.6591340304191977,0.7806274890578961,0.21937251094210386,6.0,0.0,0.0,0.0,2.0,0.0,0.0,0.0,2.0
42,3,25,Z_only,XZ,3.539736173620071,2.6591340304191977,0.5078866578926939,0.49211334210730606,,,,,,,,,
42,3,25,ZX_split,XZ,3.539736173620071,2.6591340304191977,0.9855424539007006,0.01445754609929939,,,,,,,,,
42,3,25,XYZ_split,XZ,3.539736173620071,2.6591340304191977,0.8152634453460028,0.1847365546539972,,,,,,,,,
42,3,25,ORACLE_plane,XZ,3.539736173620071,2.6591340304191977,0.9960612070100153,0.003938792989984674,,,,,,,,,
42,3,25,RL_adaptive,XZ,3.539736173620071,2.6591340304191977,0.9306073479231841,0.06939265207681589,9.0,0.0,0.0,0.0,2.0,6.0,0.0,6.0,2.0
42,3,50,Z_only,XZ,3.539736173620071,2.6591340304191977,0.5078866578926939,0.49211334210730606,,,,,,,,,
42,3,50,ZX_split,XZ,3.539736173620071,2.6591340304191977,0.9984852328465998,0.0015147671534001539,,,,,,,,,
42,3,50,XYZ_split,XZ,3.539736173620071,2.6591340304191977,0.9653304931025365,0.03466950689746351,,,,,,,,,
42,3,50,ORACLE_plane,XZ,3.539736173620071,2.6591340304191977,0.9933917834728689,0.006608216527131061,,,,,,,,,
42,3,50,RL_adaptive,XZ,3.539736173620071,2.6591340304191977,0.9878104495257609,0.012189550474239086,9.0,2.0,1.0,1.0,6.0,1.0,0.0,20.0,10.0
42,3,100,Z_only,XZ,3.539736173620071,2.6591340304191977,0.5078866578926939,0.49211334210730606,,,,,,,,,
42,3,100,ZX_split,XZ,3.539736173620071,2.6591340304191977,0.9972771288784383,0.0027228711215616652,,,,,,,,,
42,3,100,XYZ_split,XZ,3.539736173620071,2.6591340304191977,0.9387920665536348,0.061207933446365215,,,,,,,,,
42,3,100,ORACLE_plane,XZ,3.539736173620071,2.6591340304191977,0.9981898282893403,0.0018101717106596693,,,,,,,,,
42,3,100,RL_adaptive,XZ,3.539736173620071,2.6591340304191977,0.9942133967653977,0.005786603234602339,14.0,1.0,5.0,38.0,17.0,2.0,10.0,2.0,11.0
42,3,250,Z_only,XZ,3.539736173620071,2.6591340304191977,0.5078866578926939,0.49211334210730606,,,,,,,,,
42,3,250,ZX_split,XZ,3.539736173620071,2.6591340304191977,0.9983445867811098,0.0016554132188901782,,,,,,,,,
42,3,250,XYZ_split,XZ,3.539736173620071,2.6591340304191977,0.9899162991039799,0.010083700896020065,,,,,,,,,
42,3,250,ORACLE_plane,XZ,3.539736173620071,2.6591340304191977,0.9997090299703429,0.0002909700296570561,,,,,,,,,
42,3,250,RL_adaptive,XZ,3.539736173620071,2.6591340304191977,0.9977528702060096,0.0022471297939904433,20.0,8.0,130.0,17.0,21.0,6.0,2.0,11.0,35.0
42,3,500,Z_only,XZ,3.539736173620071,2.6591340304191977,0.5078866578926939,0.49211334210730606,,,,,,,,,
42,3,500,ZX_split,XZ,3.539736173620071,2.6591340304191977,0.9977894991383086,0.002210500861691389,,,,,,,,,
42,3,500,XYZ_split,XZ,3.539736173620071,2.6591340304191977,0.9931866399836617,0.006813360016338255,,,,,,,,,
42,3,500,ORACLE_plane,XZ,3.539736173620071,2.6591340304191977,0.9986968871008143,0.001303112899185721,,,,,,,,,
42,3,500,RL_adaptive,XZ,3.539736173620071,2.6591340304191977,0.9916782596687221,0.00832174033127786,77.0,91.0,135.0,24.0,21.0,52.0,1.0,2.0,97.0
42,4,10,Z_only,XZ,3.539736173620071,2.6591340304191977,0.5078866578926939,0.49211334210730606,,,,,,,,,
42,4,10,ZX_split,XZ,3.539736173620071,2.6591340304191977,0.9131557518458615,0.08684424815413849,,,,,,,,,
42,4,10,XYZ_split,XZ,3.539736173620071,2.6591340304191977,0.810215168925407,0.18978483107459299,,,,,,,,,
42,4,10,ORACLE_plane,XZ,3.539736173620071,2.6591340304191977,0.858263077653289,0.14173692234671098,,,,,,,,,
42,4,10,RL_adaptive,XZ,3.539736173620071,2.6591340304191977,0.7571416785274911,0.24285832147250885,5.0,1.0,0.0,0.0,2.0,0.0,0.0,0.0,2.0
42,4,25,Z_only,XZ,3.539736173620071,2.6591340304191977,0.5078866578926939,0.49211334210730606,,,,,,,,,
42,4,25,ZX_split,XZ,3.539736173620071,2.6591340304191977,0.9020731324646254,0.0979268675353746,,,,,,,,,
42,4,25,XYZ_split,XZ,3.539736173620071,2.6591340304191977,0.9133317149816894,0.08666828501831059,,,,,,,,,
42,4,25,ORACLE_plane,XZ,3.539736173620071,2.6591340304191977,0.9869125517771727,0.013087448222827258,,,,,,,,,
42,4,25,RL_adaptive,XZ,3.539736173620071,2.6591340304191977,0.9917504012110796,0.008249598788920398,10.0,0.0,0.0,1.0,2.0,3.0,0.0,6.0,3.0
42,4,50,Z_only,XZ,3.539736173620071,2.6591340304191977,0.5078866578926939,0.49211334210730606,,,,,,,,,
42,4,50,ZX_split,XZ,3.539736173620071,2.6591340304191977,0.9952550777860364,0.004744922213963609,,,,,,,,,
42,4,50,XYZ_split,XZ,3.539736173620071,2.6591340304191977,0.9946173618085823,0.00538263819141771,,,,,,,,,
42,4,50,ORACLE_plane,XZ,3.539736173620071,2.6591340304191977,0.998271768736904,0.0017282312630959584,,,,,,,,,
42,4,50,RL_adaptive,XZ,3.539736173620071,2.6591340304191977,0.9730862139127916,0.026913786087208402,10.0,1.0,0.0,1.0,6.0,3.0,0.0,19.0,10.0
42,4,100,Z_only,XZ,3.539736173620071,2.6591340304191977,0.5078866578926939,0.49211334210730606,,,,,,,,,
42,4,100,ZX_split,XZ,3.539736173620071,2.6591340304191977,0.9909013330752565,0.009098666924743481,,,,,,,,,
42,4,100,XYZ_split,XZ,3.539736173620071,2.6591340304191977,0.9870793165127514,0.012920683487248619,,,,,,,,,
42,4,100,ORACLE_plane,XZ,3.539736173620071,2.6591340304191977,0.9949318897325445,0.005068110267455461,,,,,,,,,
42,4,100,RL_adaptive,XZ,3.539736173620071,2.6591340304191977,0.9862759955746713,0.013724004425328729,11.0,3.0,5.0,39.0,14.0,5.0,13.0,3.0,7.0
42,4,250,Z_only,XZ,3.539736173620071,2.6591340304191977,0.5078866578926939,0.49211334210730606,,,,,,,,,
42,4,250,ZX_split,XZ,3.539736173620071,2.6591340304191977,0.9988379900336558,0.0011620099663441907,,,,,,,,,
42,4,250,XYZ_split,XZ,3.539736173620071,2.6591340304191977,0.9906481228777739,0.009351877122226071,,,,,,,,,
42,4,250,ORACLE_plane,XZ,3.539736173620071,2.6591340304191977,0.9982552524008075,0.0017447475991925199,,,,,,,,,
42,4,250,RL_adaptive,XZ,3.539736173620071,2.6591340304191977,0.9985296303583523,0.0014703696416477063,23.0,2.0,133.0,17.0,27.0,3.0,0.0,4.0,41.0
42,4,500,Z_only,XZ,3.539736173620071,2.6591340304191977,0.5078866578926939,0.49211334210730606,,,,,,,,,
42,4,500,ZX_split,XZ,3.539736173620071,2.6591340304191977,0.999515097945918,0.0004849020540820259,,,,,,,,,
42,4,500,XYZ_split,XZ,3.539736173620071,2.6591340304191977,0.995373533078355,0.004626466921645034,,,,,,,,,
42,4,500,ORACLE_plane,XZ,3.539736173620071,2.6591340304191977,0.9999734265505031,2.657344949685836e-05,,,,,,,,,
42,4,500,RL_adaptive,XZ,3.539736173620071,2.6591340304191977,0.9980909488914781,0.0019090511085219086,82.0,90.0,128.0,22.0,19.0,53.0,3.0,3.0,100.0
43,0,10,Z_only,XY,2.087066575378448,0.5315944318134838,0.2499999999999999,0.7500000000000001,,,,,,,,,
43,0,10,ZX_split,XY,2.087066575378448,0.5315944318134838,0.5865557339543761,0.4134442660456239,,,,,,,,,
43,0,10,XYZ_split,XY,2.087066575378448,0.5315944318134838,0.602998091502296,0.397001908497704,,,,,,,,,
43,0,10,ORACLE_plane,XY,2.087066575378448,0.5315944318134838,0.935347996311179,0.06465200368882096,,,,,,,,,
43,0,10,RL_adaptive,XY,2.087066575378448,0.5315944318134838,0.8086670101564789,0.1913329898435211,2.0,0.0,3.0,0.0,2.0,0.0,0.0,1.0,2.0
43,0,25,Z_only,XY,2.087066575378448,0.5315944318134838,0.25,0.75,,,,,,,,,
43,0,25,ZX_split,XY,2.087066575378448,0.5315944318134838,0.6936653424166606,0.30633465758333944,,,,,,,,,
43,0,25,XYZ_split,XY,2.087066575378448,0.5315944318134838,0.844802730139674,0.155197269860326,,,,,,,,,
43,0,25,ORACLE_plane,XY,2.087066575378448,0.5315944318134838,0.9870624062943235,0.012937593705676487,,,,,,,,,
43,0,25,RL_adaptive,XY,2.087066575378448,0.5315944318134838,0.9425451532273783,0.05745484677262169,8.0,0.0,0.0,4.0,2.0,0.0,0.0,5.0,6.0
43,0,50,Z_only,XY,2.087066575378448,0.5315944318134838,0.2500000000000001,0.7499999999999999,,,,,,,,,
43,0,50,ZX_split,XY,2.087066575378448,0.5315944318134838,0.6872732135603842,0.3127267864396158,,,,,,,,,
43,0,50,XYZ_split,XY,2.087066575378448,0.5315944318134838,0.8977213197094084,0.10227868029059162,,,,,,,,,
43,0,50,ORACLE_plane,XY,2.087066575378448,0.5315944318134838,0.9991825252565137,0.0008174747434862573,,,,,,,,,
43,0,50,RL_adaptive,XY,2.087066575378448,0.5315944318134838,0.9204317746545863,0.07956822534541375,10.0,2.0,0.0,0.0,4.0,5.0,0.0,20.0,9.0
43,0,100,Z_only,XY,2.087066575378448,0.5315944318134838,0.2499999999999999,0.7500000000000001,,,,,,,,,
43,0,100,ZX_split,XY,2.087066575378448,0.5315944318134838,0.694026779226165,0.30597322077383504,,,,,,,,,
43,0,100,XYZ_split,XY,2.087066575378448,0.5315944318134838,0.9890956818245211,0.010904318175478878,,,,,,,,,
43,0,100,ORACLE_plane,XY,2.087066575378448,0.5315944318134838,0.9940200514490841,0.005979948550915881,,,,,,,,,
43,0,100,RL_adaptive,XY,2.087066575378448,0.5315944318134838,0.9928080219022479,0.007191978097752072,12.0,1.0,3.0,42.0,12.0,6.0,12.0,0.0,12.0
43,0,250,Z_only,XY,2.087066575378448,0.5315944318134838,0.2500000000000001,0.7499999999999999,,,,,,,,,
43,0,250,ZX_split,XY,2.087066575378448,0.5315944318134838,0.6881547897439257,0.31184521025607426,,,,,,,,,
43,0,250,XYZ_split,XY,2.087066575378448,0.5315944318134838,0.9946488830638422,0.0053511169361577515,,,,,,,,,
43,0,250,ORACLE_plane,XY,2.087066575378448,0.5315944318134838,0.9954933665203158,0.004506633479684163,,,,,,,,,
43,0,250,RL_adaptive,XY,2.087066575378448,0.5315944318134838,0.9729581577206133,0.027041842279386663,26.0,0.0,130.0,0.0,47.0,0.0,0.0,0.0,47.0
43,0,500,Z_only,XY,2.087066575378448,0.5315944318134838,0.25,0.75,,,,,,,,,
43,0,500,ZX_split,XY,2.087066575378448,0.5315944318134838,0.6949723884299782,0.3050276115700218,,,,,,,,,
43,0,500,XYZ_split,XY,2.087066575378448,0.5315944318134838,0.9944026394712785,0.005597360528721507,,,,,,,,,
43,0,500,ORACLE_plane,XY,2.087066575378448,0.5315944318134838,0.9996402225572018,0.0003597774427982481,,,,,,,,,
43,0,500,RL_adaptive,XY,2.087066575378448,0.5315944318134838,0.9931121057586931,0.006887894241306869,81.0,111.0,107.0,2.0,13.0,59.0,26.0,0.0,101.0
43,1,10,Z_only,XY,2.087066575378448,0.5315944318134838,0.25,0.75,,,,,,,,,
43,1,10,ZX_split,XY,2.087066575378448,0.5315944318134838,0.6452513175098319,0.3547486824901681,,,,,,,,,
43,1,10,XYZ_split,XY,2.087066575378448,0.5315944318134838,0.5677650988512504,0.43223490114874963,,,,,,,,,
43,1,10,ORACLE_plane,XY,2.087066575378448,0.5315944318134838,0.9747754215704163,0.0252245784295837,,,,,,,,,
43,1,10,RL_adaptive,XY,2.087066575378448,0.5315944318134838,0.8568177701133635,0.14318222988663654,3.0,2.0,0.0,0.0,2.0,0.0,0.0,1.0,2.0
43,1,25,Z_only,XY,2.087066575378448,0.5315944318134838,0.25,0.75,,,,,,,,,
43,1,25,ZX_split,XY,2.087066575378448,0.5315944318134838,0.6720824184250919,0.32791758157490813,,,,,,,,,
43,1,25,XYZ_split,XY,2.087066575378448,0.5315944318134838,0.8047073025155622,0.19529269748443778,,,,,,,,,
43,1,25,ORACLE_plane,XY,2.087066575378448,0.5315944318134838,0.990489800204185,0.009510199795815022,,,,,,,,,
43,1,25,RL_adaptive,XY,2.087066575378448,0.5315944318134838,0.9139755037837141,0.08602449621628594,4.0,0.0,1.0,7.0,2.0,0.0,0.0,6.0,5.0
43,1,50,Z_only,XY,2.087066575378448,0.5315944318134838,0.2500000000000001,0.7499999999999999,,,,,,,,,
43,1,50,ZX_split,XY,2.087066575378448,0.5315944318134838,0.6885740093053466,0.3114259906946534,,,,,,,,,
43,1,50,XYZ_split,XY,2.087066575378448,0.5315944318134838,0.9012574104832239,0.09874258951677606,,,,,,,,,
43,1,50,ORACLE_plane,XY,2.087066575378448,0.5315944318134838,0.9866000823363739,0.013399917663626137,,,,,,,,,
43,1,50,RL_adaptive,XY,2.087066575378448,0.5315944318134838,0.9411031955616354,0.05889680443836465,13.0,0.0,0.0,0.0,7.0,2.0,0.0,18.0,10.0
43,1,100,Z_only,XY,2.087066575378448,0.5315944318134838,0.2500000000000001,0.7499999999999999,,,,,,,,,
43,1,100,ZX_split,XY,2.087066575378448,0.5315944318134838,0.6872887087934968,0.3127112912065032,,,,,,,,,
43,1,100,XYZ_split,XY,2.087066575378448,0.5315944318134838,0.9844050958247763,0.01559490417522369,,,,,,,,,
43,1,100,ORACLE_plane,XY,2.087066575378448,0.5315944318134838,0.9953788726982256,0.004621127301774441,,,,,,,,,
43,1,100,RL_adaptive,XY,2.087066575378448,0.5315944318134838,0.9743799164744045,0.025620083525595527,12.0,1.0,3.0,43.0,12.0,6.0,11.0,0.0,12.0
43,1,250,Z_only,XY,2.087066575378448,0.5315944318134838,0.25,0.75,,,,,,,,,
43,1,250,ZX_split,XY,2.087066575378448,0.5315944318134838,0.6927927863267581,0.3072072136732419,,,,,,,,,
43,1,250,XYZ_split,XY,2.087066575378448,0.5315944318134838,0.9902877156359374,0.009712284364062573,,,,,,,,,
43,1,250,ORACLE_plane,XY,2.087066575378448,0.5315944318134838,0.9953625542099774,0.004637445790022565,,,,,,,,,
43,1,250,RL_adaptive,XY,2.087066575378448,0.5315944318134838,0.9682331329750351,0.031766867024964895,25.0,2.0,134.0,1.0,44.0,0.0,0.0,0.0,44.0
43,1,500,Z_only,XY,2.087066575378448,0.5315944318134838,0.25,0.75,,,,,,,,,
43,1,500,ZX_split,XY,2.087066575378448,0.5315944318134838,0.69277187967829,0.30722812032171,,,,,,,,,
43,1,500,XYZ_split,XY,2.087066575378448,0.5315944318134838,0.9949218394307204,0.005078160569279566,,,,,,,,,
43,1,500,ORACLE_plane,XY,2.087066575378448,0.5315944318134838,0.9998994695483877,0.00010053045161229068,,,,,,,,,
43,1,500,RL_adaptive,XY,2.087066575378448,0.5315944318134838,0.9949364092602091,0.005063590739790902,90.0,105.0,107.0,2.0,13.0,52.0,17.0,0.0,114.0
43,2,10,Z_only,XY,2.087066575378448,0.5315944318134838,0.25,0.75,,,,,,,,,
43,2,10,ZX_split,XY,2.087066575378448,0.5315944318134838,0.6223399989036678,0.37766000109633224,,,,,,,,,
43,2,10,XYZ_split,XY,2.087066575378448,0.5315944318134838,0.8825632900511065,0.11743670994889355,,,,,,,,,
43,2,10,ORACLE_plane,XY,2.087066575378448,0.5315944318134838,0.8576982114527892,0.14230178854721076,,,,,,,,,
43,2,10,RL_adaptive,XY,2.087066575378448,0.5315944318134838,0.8148034806559178,0.1851965193440822,2.0,0.0,3.0,0.0,2.0,0.0,0.0,1.0,2.0
43,2,25,Z_only,XY,2.087066575378448,0.5315944318134838,0.25,0.75,,,,,,,,,
43,2,25,ZX_split,XY,2.087066575378448,0.5315944318134838,0.5982086046349872,0.40179139536501285,,,,,,,,,
43,2,25,XYZ_split,XY,2.087066575378448,0.5315944318134838,0.9303605867179103,0.06963941328208967,,,,,,,,,
43,2,25,ORACLE_plane,XY,2.087066575378448,0.5315944318134838,0.8785674085247795,0.12143259147522045,,,,,,,,,
43,2,25,RL_adaptive,XY,2.087066575378448,0.5315944318134838,0.9444049443942772,0.055595055605722754,7.0,0.0,0.0,6.0,3.0,0.0,0.0,2.0,7.0
43,2,50,Z_only,XY,2.087066575378448,0.5315944318134838,0.2500000000000001,0.7499999999999999,,,,,,,,,
43,2,50,ZX_split,XY,2.087066575378448,0.5315944318134838,0.6697725579320982,0.3302274420679018,,,,,,,,,
43,2,50,XYZ_split,XY,2.087066575378448,0.5315944318134838,0.9460962831239813,0.05390371687601869,,,,,,,,,
43,2,50,ORACLE_plane,XY,2.087066575378448,0.5315944318134838,0.9732942572539841,0.026705742746015892,,,,,,,,,
43,2,50,RL_adaptive,XY,2.087066575378448,0.5315944318134838,0.9873343261035682,0.012665673896431806,12.0,0.0,0.0,0.0,6.0,3.0,0.0,18.0,11.0
43,2,100,Z_only,XY,2.087066575378448,0.5315944318134838,0.2500000000000001,0.7499999999999999,,,,,,,,,
43,2,100,ZX_split,XY,2.087066575378448,0.5315944318134838,0.6901885982211063,0.30981140177889366,,,,,,,,,
43,2,100,XYZ_split,XY,2.087066575378448,0.5315944318134838,0.9758428549679615,0.024157145032038474,,,,,,,,,
43,2,100,ORACLE_plane,XY,2.087066575378448,0.5315944318134838,0.9985617240281343,0.0014382759718657434,,,,,,,,,
43,2,100,RL_adaptive,XY,2.087066575378448,0.5315944318134838,0.9735841755001612,0.026415824499838814,15.0,0.0,2.0,41.0,14.0,4.0,9.0,0.0,15.0
43,2,250,Z_only,XY,2.087066575378448,0.5315944318134838,0.25,0.75,,,,,,,,,
43,2,250,ZX_split,XY,2.087066575378448,0.5315944318134838,0.6895247134828978,0.3104752865171022,,,,,,,,,
43,2,250,XYZ_split,XY,2.087066575378448,0.5315944318134838,0.9921434874798943,0.007856512520105663,,,,,,,,,
43,2,250,ORACLE_plane,XY,2.087066575378448,0.5315944318134838,0.9998856931034037,0.00011430689659630566,,,,,,,,,
43,2,250,RL_adaptive,XY,2.087066575378448,0.5315944318134838,0.9617208307598475,0.03827916924015251,20.0,1.0,143.0,3.0,41.0,0.0,0.0,0.0,42.0
43,2,500,Z_only,XY,2.087066575378448,0.5315944318134838,0.2500000000000001,0.7499999999999999,,,,,,,,,
43,2,500,ZX_split,XY,2.087066575378448,0.5315944318134838,0.6946884302411719,0.3053115697588281,,,,,,,,,
43,2,500,XYZ_split,XY,2.087066575378448,0.5315944318134838,0.9967557859189292,0.0032442140810707842,,,,,,,,,
43,2,500,ORACLE_plane,XY,2.087066575378448,0.5315944318134838,0.9989461098075243,0.0010538901924757038,,,,,,,,,
43,2,500,RL_adaptive,XY,2.087066575378448,0.5315944318134838,0.9870857516318051,0.01291424836819488,75.0,115.0,112.0,1.0,12.0,60.0,28.0,0.0,97.0
43,3,10,Z_only,XY,2.087066575378448,0.5315944318134838,0.25,0.75,,,,,,,,,
43,3,10,ZX_split,XY,2.087066575378448,0.5315944318134838,0.5908199617211922,0.4091800382788078,,,,,,,,,
43,3,10,XYZ_split,XY,2.087066575378448,0.5315944318134838,0.941112036485077,0.05888796351492298,,,,,,,,,
43,3,10,ORACLE_plane,XY,2.087066575378448,0.5315944318134838,0.6254526239683915,0.3745473760316085,,,,,,,,,
43,3,10,RL_adaptive,XY,2.087066575378448,0.5315944318134838,0.7039699635976203,0.2960300364023797,3.0,0.0,2.0,0.0,2.0,0.0,0.0,1.0,2.0
43,3,25,Z_only,XY,2.087066575378448,0.5315944318134838,0.25,0.75,,,,,,,,,
43,3,25,ZX_split,XY,2.087066575378448,0.5315944318134838,0.6912599253041262,0.30874007469587383,,,,,,,,,
43,3,25,XYZ_split,XY,2.087066575378448,0.5315944318134838,0.9565012981213022,0.043498701878697754,,,,,,,,,
43,3,25,ORACLE_plane,XY,2.087066575378448,0.5315944318134838,0.9794628671460253,0.020537132853974738,,,,,,,,,
43,3,25,RL_adaptive,XY,2.087066575378448,0.5315944318134838,0.8539364548101225,0.14606354518987752,5.0,1.0,0.0,5.0,2.0,0.0,0.0,6.0,6.0
43,3,50,Z_only,XY,2.087066575378448,0.5315944318134838,0.2500000000000001,0.7499999999999999,,,,,,,,,
43,3,50,ZX_split,XY,2.087066575378448,0.5315944318134838,0.6944163641538491,0.3055836358461509,,,,,,,,,
43,3,50,XYZ_split,XY,2.087066575378448,0.5315944318134838,0.9769325744949121,0.02306742550508789,,,,,,,,,
43,3,50,ORACLE_plane,XY,2.087066575378448,0.5315944318134838,0.9944335057037018,0.005566494296298186,,,,,,,,,
43,3,50,RL_adaptive,XY,2.087066575378448,0.5315944318134838,0.9492235301028409,0.050776469897159116,12.0,1.0,0.0,0.0,3.0,6.0,0.0,17.0,11.0
43,3,100,Z_only,XY,2.087066575378448,0.5315944318134838,0.2500000000000001,0.7499999999999999,,,,,,,,,
43,3,100,ZX_split,XY,2.087066575378448,0.5315944318134838,0.682799676625756,0.317200323374244,,,,,,,,,
43,3,100,XYZ_split,XY,2.087066575378448,0.5315944318134838,0.9414512681209933,0.058548731879006666,,,,,,,,,
43,3,100,ORACLE_plane,XY,2.087066575378448,0.5315944318134838,0.9988081044972549,0.0011918955027451217,,,,,,,,,
43,3,100,RL_adaptive,XY,2.087066575378448,0.5315944318134838,0.9904208801056534,0.009579119894346566,9.0,2.0,4.0,44.0,10.0,8.0,14.0,0.0,9.0
43,3,250,Z_only,XY,2.087066575378448,0.5315944318134838,0.25,0.75,,,,,,,,,
43,3,250,ZX_split,XY,2.087066575378448,0.5315944318134838,0.6940109633455989,0.30598903665440114,,,,,,,,,
43,3,250,XYZ_split,XY,2.087066575378448,0.5315944318134838,0.9967584022063909,0.003241597793609108,,,,,,,,,
43,3,250,ORACLE_plane,XY,2.087066575378448,0.5315944318134838,0.997168472842843,0.0028315271571569545,,,,,,,,,
43,3,250,RL_adaptive,XY,2.087066575378448,0.5315944318134838,0.9807027991821003,0.01929720081789965,23.0,2.0,141.0,4.0,39.0,0.0,0.0,0.0,41.0
43,3,500,Z_only,XY,2.087066575378448,0.5315944318134838,0.25,0.75,,,,,,,,,
43,3,500,ZX_split,XY,2.087066575378448,0.5315944318134838,0.6879837293117771,0.3120162706882229,,,,,,,,,
43,3,500,XYZ_split,XY,2.087066575378448,0.5315944318134838,0.9879404564893184,0.012059543510681614,,,,,,,,,
43,3,500,ORACLE_plane,XY,2.087066575378448,0.5315944318134838,0.9984168434784417,0.001583156521558271,,,,,,,,,
43,3,500,RL_adaptive,XY,2.087066575378448,0.5315944318134838,0.9957575462212227,0.0042424537787773,92.0,110.0,97.0,0.0,13.0,54.0,18.0,0.0,116.0
43,4,10,Z_only,XY,2.087066575378448,0.5315944318134838,0.2499999999999999,0.7500000000000001,,,,,,,,,
43,4,10,ZX_split,XY,2.087066575378448,0.5315944318134838,0.542835236655773,0.45716476334422695,,,,,,,,,
43,4,10,XYZ_split,XY,2.087066575378448,0.5315944318134838,0.9454929212124324,0.05450707878756755,,,,,,,,,
43,4,10,ORACLE_plane,XY,2.087066575378448,0.5315944318134838,0.9838387239468976,0.016161276053102358,,,,,,,,,
43,4,10,RL_adaptive,XY,2.087066575378448,0.5315944318134838,0.8670086782264159,0.13299132177358408,4.0,0.0,0.0,0.0,3.0,0.0,0.0,1.0,2.0
43,4,25,Z_only,XY,2.087066575378448,0.5315944318134838,0.2500000000000001,0.7499999999999999,,,,,,,,,
43,4,25,ZX_split,XY,2.087066575378448,0.5315944318134838,0.6856935040592002,0.31430649594079985,,,,,,,,,
43,4,25,XYZ_split,XY,2.087066575378448,0.5315944318134838,0.8322260556377227,0.16777394436227733,,,,,,,,,
43,4,25,ORACLE_plane,XY,2.087066575378448,0.5315944318134838,0.9592548753853979,0.04074512461460211,,,,,,,,,
43,4,25,RL_adaptive,XY,2.087066575378448,0.5315944318134838,0.9523729114475707,0.04762708855242925,5.0,0.0,1.0,6.0,2.0,0.0,0.0,6.0,5.0
43,4,50,Z_only,XY,2.087066575378448,0.5315944318134838,0.2500000000000001,0.7499999999999999,,,,,,,,,
43,4,50,ZX_split,XY,2.087066575378448,0.5315944318134838,0.6694459712381441,0.3305540287618559,,,,,,,,,
43,4,50,XYZ_split,XY,2.087066575378448,0.5315944318134838,0.9491894213898082,0.05081057861019178,,,,,,,,,
43,4,50,ORACLE_plane,XY,2.087066575378448,0.5315944318134838,0.9909190997564941,0.00908090024350594,,,,,,,,,
43,4,50,RL_adaptive,XY,2.087066575378448,0.5315944318134838,0.8002713400872443,0.19972865991275568,15.0,0.0,0.0,0.0,4.0,3.0,0.0,16.0,12.0
43,4,100,Z_only,XY,2.087066575378448,0.5315944318134838,0.25,0.75,,,,,,,,,
43,4,100,ZX_split,XY,2.087066575378448,0.5315944318134838,0.6752504037407432,0.3247495962592568,,,,,,,,,
43,4,100,XYZ_split,XY,2.087066575378448,0.5315944318134838,0.9586508795782386,0.04134912042176142,,,,,,,,,
43,4,100,ORACLE_plane,XY,2.087066575378448,0.5315944318134838,0.9931975783557463,0.006802421644253709,,,,,,,,,
43,4,100,RL_adaptive,XY,2.087066575378448,0.5315944318134838,0.9615565683617978,0.038443431638202186,8.0,4.0,5.0,44.0,8.0,9.0,12.0,3.0,7.0
43,4,250,Z_only,XY,2.087066575378448,0.5315944318134838,0.2500000000000001,0.7499999999999999,,,,,,,,,
43,4,250,ZX_split,XY,2.087066575378448,0.5315944318134838,0.6920871224348119,0.30791287756518815,,,,,,,,,
43,4,250,XYZ_split,XY,2.087066575378448,0.5315944318134838,0.976378771990458,0.023621228009542028,,,,,,,,,
43,4,250,ORACLE_plane,XY,2.087066575378448,0.5315944318134838,0.9972351021685153,0.002764897831484703,,,,,,,,,
43,4,250,RL_adaptive,XY,2.087066575378448,0.5315944318134838,0.9633504109036086,0.03664958909639138,24.0,0.0,138.0,0.0,45.0,0.0,0.0,0.0,43.0
43,4,500,Z_only,XY,2.087066575378448,0.5315944318134838,0.25,0.75,,,,,,,,,
43,4,500,ZX_split,XY,2.087066575378448,0.5315944318134838,0.6902731988465862,0.3097268011534138,,,,,,,,,
43,4,500,XYZ_split,XY,2.087066575378448,0.5315944318134838,0.9968738546463044,0.0031261453536955974,,,,,,,,,
43,4,500,ORACLE_plane,XY,2.087066575378448,0.5315944318134838,0.9993679885406603,0.0006320114593396653,,,,,,,,,
43,4,500,RL_adaptive,XY,2.087066575378448,0.5315944318134838,0.9965555474286023,0.0034444525713976937,88.0,111.0,97.0,0.0,13.0,58.0,23.0,0.0,110.0
44,0,10,Z_only,XZ,3.5428169285749123,5.146188329067487,0.6630731411857527,0.33692685881424733,,,,,,,,,
44,0,10,ZX_split,XZ,3.5428169285749123,5.146188329067487,0.9647235550218679,0.03527644497813209,,,,,,,,,
44,0,10,XYZ_split,XZ,3.5428169285749123,5.146188329067487,0.9546921765333525,0.04530782346664752,,,,,,,,,
44,0,10,ORACLE_plane,XZ,3.5428169285749123,5.146188329067487,0.981324501725199,0.018675498274800972,,,,,,,,,
44,0,10,RL_adaptive,XZ,3.5428169285749123,5.146188329067487,0.8139432008569075,0.18605679914309248,6.0,0.0,0.0,0.0,2.0,0.0,0.0,0.0,2.0
44,0,25,Z_only,XZ,3.5428169285749123,5.146188329067487,0.6630731411857527,0.33692685881424733,,,,,,,,,
44,0,25,ZX_split,XZ,3.5428169285749123,5.146188329067487,0.97894662697858,0.021053373021419963,,,,,,,,,
44,0,25,XYZ_split,XZ,3.5428169285749123,5.146188329067487,0.9706682007521089,0.02933179924789109,,,,,,,,,
44,0,25,ORACLE_plane,XZ,3.5428169285749123,5.146188329067487,0.9981230353744744,0.0018769646255255568,,,,,,,,,
44,0,25,RL_adaptive,XZ,3.5428169285749123,5.146188329067487,0.9305253954959066,0.06947460450409337,8.0,0.0,1.0,2.0,2.0,2.0,0.0,8.0,2.0
44,0,50,Z_only,XZ,3.5428169285749123,5.146188329067487,0.6630731411857527,0.33692685881424733,,,,,,,,,
44,0,50,ZX_split,XZ,3.5428169285749123,5.146188329067487,0.9963704876459666,0.003629512354033415,,,,,,,,,
44,0,50,XYZ_split,XZ,3.5428169285749123,5.146188329067487,0.97039749100255,0.029602508997449983,,,,,,,,,
44,0,50,ORACLE_plane,XZ,3.5428169285749123,5.146188329067487,0.9879739012812634,0.01202609871873661,,,,,,,,,
44,0,50,RL_adaptive,XZ,3.5428169285749123,5.146188329067487,0.9829391192413686,0.017060880758631436,12.0,0.0,0.0,0.0,8.0,3.0,0.0,19.0,8.0
44,0,100,Z_only,XZ,3.5428169285749123,5.146188329067487,0.6630731411857527,0.33692685881424733,,,,,,,,,
44,0,100,ZX_split,XZ,3.5428169285749123,5.146188329067487,0.9967760082173075,0.0032239917826925035,,,,,,,,,
44,0,100,XYZ_split,XZ,3.5428169285749123,5.146188329067487,0.9854128053301509,0.014587194669849146,,,,,,,,,
44,0,100,ORACLE_plane,XZ,3.5428169285749123,5.146188329067487,0.9781723173063891,0.021827682693610906,,,,,,,,,
44,0,100,RL_adaptive,XZ,3.5428169285749123,5.146188329067487,0.9452104294522032,0.05478957054779676,9.0,4.0,11.0,34.0,11.0,3.0,11.0,7.0,10.0
44,0,250,Z_only,XZ,3.5428169285749123,5.146188329067487,0.6630731411857527,0.33692685881424733,,,,,,,,,
44,0,250,ZX_split,XZ,3.5428169285749123,5.146188329067487,0.9982140364795264,0.0017859635204735547,,,,,,,,,
44,0,250,XYZ_split,XZ,3.5428169285749123,5.146188329067487,0.986907772352687,0.013092227647312993,,,,,,,,,
44,0,250,ORACLE_plane,XZ,3.5428169285749123,5.146188329067487,0.9875144882006442,0.012485511799355753,,,,,,,,,
44,0,250,RL_adaptive,XZ,3.5428169285749123,5.146188329067487,0.9988619692180222,0.001138030781977828,15.0,5.0,147.0,16.0,26.0,0.0,0.0,10.0,31.0
44,0,500,Z_only,XZ,3.5428169285749123,5.146188329067487,0.6630731411857527,0.33692685881424733,,,,,,,,,
44,0,500,ZX_split,XZ,3.5428169285749123,5.146188329067487,0.9954163737542653,0.004583626245734718,,,,,,,,,
44,0,500,XYZ_split,XZ,3.5428169285749123,5.146188329067487,0.9928449919210107,0.007155008078989278,,,,,,,,,
44,0,500,ORACLE_plane,XZ,3.5428169285749123,5.146188329067487,0.9999033393503721,9.666064962787768e-05,,,,,,,,,
44,0,500,RL_adaptive,XZ,3.5428169285749123,5.146188329067487,0.9934023108180017,0.006597689181998323,105.0,65.0,141.0,0.0,33.0,41.0,5.0,2.0,108.0
44,1,10,Z_only,XZ,3.5428169285749123,5.146188329067487,0.6630731411857527,0.33692685881424733,,,,,,,,,
44,1,10,ZX_split,XZ,3.5428169285749123,5.146188329067487,0.9923384459639525,0.007661554036047513,,,,,,,,,
44,1,10,XYZ_split,XZ,3.5428169285749123,5.146188329067487,0.9331862336098494,0.06681376639015058,,,,,,,,,
44,1,10,ORACLE_plane,XZ,3.5428169285749123,5.146188329067487,0.9868394893084903,0.013160510691509697,,,,,,,,,
44,1,10,RL_adaptive,XZ,3.5428169285749123,5.146188329067487,0.7326643203873434,0.2673356796126566,4.0,1.0,0.0,0.0,2.0,0.0,0.0,1.0,2.0
44,1,25,Z_only,XZ,3.5428169285749123,5.146188329067487,0.6630731411857527,0.33692685881424733,,,,,,,,,
44,1,25,ZX_split,XZ,3.5428169285749123,5.146188329067487,0.8853759871630427,0.11462401283695733,,,,,,,,,
44,1,25,XYZ_split,XZ,3.5428169285749123,5.146188329067487,0.9599900466117814,0.040009953388218555,,,,,,,,,
44,1,25,ORACLE_plane,XZ,3.5428169285749123,5.146188329067487,0.9850377219260856,0.01496227807391437,,,,,,,,,
44,1,25,RL_adaptive,XZ,3.5428169285749123,5.146188329067487,0.9004777245579046,0.09952227544209535,10.0,0.0,0.0,0.0,3.0,2.0,0.0,7.0,3.0
44,1,50,Z_only,XZ,3.5428169285749123,5.146188329067487,0.6630731411857527,0.33692685881424733,,,,,,,,,
44,1,50,ZX_split,XZ,3.5428169285749123,5.146188329067487,0.9697917176512754,0.030208282348724635,,,,,,,,,
44,1,50,XYZ_split,XZ,3.5428169285749123,5.146188329067487,0.9654672442856033,0.034532755714396735,,,,,,,,,
44,1,50,ORACLE_plane,XZ,3.5428169285749123,5.146188329067487,0.9990317059319116,0.0009682940680884045,,,,,,,,,
44,1,50,RL_adaptive,XZ,3.5428169285749123,5.146188329067487,0.9839755504374832,0.016024449562516807,13.0,0.0,0.0,0.0,7.0,2.0,0.0,18.0,10.0
44,1,100,Z_only,XZ,3.5428169285749123,5.146188329067487,0.6630731411857527,0.33692685881424733,,,,,,,,,
44,1,100,ZX_split,XZ,3.5428169285749123,5.146188329067487,0.9859120422723254,0.014087957727674572,,,,,,,,,
44,1,100,XYZ_split,XZ,3.5428169285749123,5.146188329067487,0.9784275539924552,0.02157244600754482,,,,,,,,,
44,1,100,ORACLE_plane,XZ,3.5428169285749123,5.146188329067487,0.9958493694455227,0.004150630554477286,,,,,,,,,
44,1,100,RL_adaptive,XZ,3.5428169285749123,5.146188329067487,0.9501804484042411,0.049819551595758904,8.0,4.0,12.0,35.0,10.0,3.0,11.0,8.0,9.0
44,1,250,Z_only,XZ,3.5428169285749123,5.146188329067487,0.6630731411857527,0.33692685881424733,,,,,,,,,
44,1,250,ZX_split,XZ,3.5428169285749123,5.146188329067487,0.9968487998049357,0.0031512001950643187,,,,,,,,,
44,1,250,XYZ_split,XZ,3.5428169285749123,5.146188329067487,0.9932842517230401,0.006715748276959865,,,,,,,,,
44,1,250,ORACLE_plane,XZ,3.5428169285749123,5.146188329067487,0.9973346827146409,0.0026653172853591256,,,,,,,,,
44,1,250,RL_adaptive,XZ,3.5428169285749123,5.146188329067487,0.9970033209320156,0.002996679067984398,22.0,3.0,143.0,7.0,36.0,0.0,0.0,1.0,38.0
44,1,500,Z_only,XZ,3.5428169285749123,5.146188329067487,0.6630731411857527,0.33692685881424733,,,,,,,,,
44,1,500,ZX_split,XZ,3.5428169285749123,5.146188329067487,0.9992104722523456,0.0007895277476543949,,,,,,,,,
44,1,500,XYZ_split,XZ,3.5428169285749123,5.146188329067487,0.9932887913906174,0.0067112086093825685,,,,,,,,,
44,1,500,ORACLE_plane,XZ,3.5428169285749123,5.146188329067487,0.9946092514806907,0.0053907485193093185,,,,,,,,,
44,1,500,RL_adaptive,XZ,3.5428169285749123,5.146188329067487,0.9988238030525229,0.0011761969474770595,88.0,84.0,140.0,2.0,20.0,54.0,15.0,4.0,93.0
44,2,10,Z_only,XZ,3.5428169285749123,5.146188329067487,0.6630731411857527,0.33692685881424733,,,,,,,,,
44,2,10,ZX_split,XZ,3.5428169285749123,5.146188329067487,0.9923384459639525,0.007661554036047513,,,,,,,,,
44,2,10,XYZ_split,XZ,3.5428169285749123,5.146188329067487,0.48632118229720706,0.5136788177027929,,,,,,,,,
44,2,10,ORACLE_plane,XZ,3.5428169285749123,5.146188329067487,0.950154287941582,0.049845712058418035,,,,,,,,,
44,2,10,RL_adaptive,XZ,3.5428169285749123,5.146188329067487,0.8134375073267393,0.18656249267326075,3.0,1.0,0.0,0.0,2.0,0.0,0.0,2.0,2.0
44,2,25,Z_only,XZ,3.5428169285749123,5.146188329067487,0.6630731411857527,0.33692685881424733,,,,,,,,,
44,2,25,ZX_split,XZ,3.5428169285749123,5.146188329067487,0.9965756280495025,0.0034243719504974957,,,,,,,,,
44,2,25,XYZ_split,XZ,3.5428169285749123,5.146188329067487,0.8489668853622477,0.15103311463775226,,,,,,,,,
44,2,25,ORACLE_plane,XZ,3.5428169285749123,5.146188329067487,0.9756055935159753,0.02439440648402469,,,,,,,,,
44,2,25,RL_adaptive,XZ,3.5428169285749123,5.146188329067487,0.9702560436925313,0.029743956307468733,8.0,0.0,1.0,0.0,2.0,3.0,0.0,9.0,2.0
44,2,50,Z_only,XZ,3.5428169285749123,5.146188329067487,0.6630731411857527,0.33692685881424733,,,,,,,,,
44,2,50,ZX_split,XZ,3.5428169285749123,5.146188329067487,0.9898157637816116,0.010184236218388376,,,,,,,,,
44,2,50,XYZ_split,XZ,3.5428169285749123,5.146188329067487,0.9682830952841245,0.031716904715875516,,,,,,,,,
44,2,50,ORACLE_plane,XZ,3.5428169285749123,5.146188329067487,0.9833337925339595,0.016666207466040528,,,,,,,,,
44,2,50,RL_adaptive,XZ,3.5428169285749123,5.146188329067487,0.966962142249644,0.03303785775035595,14.0,0.0,0.0,0.0,6.0,2.0,0.0,19.0,9.0
44,2,100,Z_only,XZ,3.5428169285749123,5.146188329067487,0.6630731411857527,0.33692685881424733,,,,,,,,,
44,2,100,ZX_split,XZ,3.5428169285749123,5.146188329067487,0.9858680218954473,0.01413197810455269,,,,,,,,,
44,2,100,XYZ_split,XZ,3.5428169285749123,5.146188329067487,0.9934773877060082,0.006522612293991759,,,,,,,,,
44,2,100,ORACLE_plane,XZ,3.5428169285749123,5.146188329067487,0.9989883248428227,0.0010116751571772609,,,,,,,,,
44,2,100,RL_adaptive,XZ,3.5428169285749123,5.146188329067487,0.9691753234745238,0.030824676525476158,9.0,5.0,10.0,37.0,11.0,2.0,13.0,5.0,8.0
44,2,250,Z_only,XZ,3.5428169285749123,5.146188329067487,0.6630731411857527,0.33692685881424733,,,,,,,,,
44,2,250,ZX_split,XZ,3.5428169285749123,5.146188329067487,0.9986461036754232,0.001353896324576831,,,,,,,,,
44,2,250,XYZ_split,XZ,3.5428169285749123,5.146188329067487,0.9937769529460166,0.006223047053983355,,,,,,,,,
44,2,250,ORACLE_plane,XZ,3.5428169285749123,5.146188329067487,0.9992225232162212,0.0007774767837788188,,,,,,,,,
44,2,250,RL_adaptive,XZ,3.5428169285749123,5.146188329067487,0.9909123113975064,0.009087688602493649,19.0,7.0,138.0,11.0,30.0,0.0,0.0,8.0,37.0
44,2,500,Z_only,XZ,3.5428169285749123,5.146188329067487,0.6630731411857527,0.33692685881424733,,,,,,,,,
44,2,500,ZX_split,XZ,3.5428169285749123,5.146188329067487,0.9986070032672762,0.0013929967327237502,,,,,,,,,
44,2,500,XYZ_split,XZ,3.5428169285749123,5.146188329067487,0.997963226427805,0.0020367735721950053,,,,,,,,,
44,2,500,ORACLE_plane,XZ,3.5428169285749123,5.146188329067487,0.999905914717207,9.408528279297723e-05,,,,,,,,,
44,2,500,RL_adaptive,XZ,3.5428169285749123,5.146188329067487,0.9967161982520052,0.003283801747994808,105.0,77.0,128.0,0.0,25.0,45.0,6.0,1.0,113.0
44,3,10,Z_only,XZ,3.5428169285749123,5.146188329067487,0.6630731411857527,0.33692685881424733,,,,,,,,,
44,3,10,ZX_split,XZ,3.5428169285749123,5.146188329067487,0.9608183917392589,0.03918160826074113,,,,,,,,,
44,3,10,XYZ_split,XZ,3.5428169285749123,5.146188329067487,0.820508447788082,0.17949155221191804,,,,,,,,,
44,3,10,ORACLE_plane,XZ,3.5428169285749123,5.146188329067487,0.9647235550218679,0.03527644497813209,,,,,,,,,
44,3,10,RL_adaptive,XZ,3.5428169285749123,5.146188329067487,0.15439264548881682,0.8456073545111832,3.0,2.0,1.0,0.0,2.0,0.0,0.0,0.0,2.0
44,3,25,Z_only,XZ,3.5428169285749123,5.146188329067487,0.6630731411857527,0.33692685881424733,,,,,,,,,
44,3,25,ZX_split,XZ,3.5428169285749123,5.146188329067487,0.9837283665801213,0.016271633419878695,,,,,,,,,
44,3,25,XYZ_split,XZ,3.5428169285749123,5.146188329067487,0.9465331391862185,0.05346686081378149,,,,,,,,,
44,3,25,ORACLE_plane,XZ,3.5428169285749123,5.146188329067487,0.988457853430425,0.011542146569574974,,,,,,,,,
44,3,25,RL_adaptive,XZ,3.5428169285749123,5.146188329067487,0.9897413958999475,0.010258604100052526,8.0,0.0,1.0,2.0,2.0,2.0,0.0,7.0,3.0
44,3,50,Z_only,XZ,3.5428169285749123,5.146188329067487,0.6630731411857527,0.33692685881424733,,,,,,,,,
44,3,50,ZX_split,XZ,3.5428169285749123,5.146188329067487,0.9998628508862402,0.00013714911375983796,,,,,,,,,
44,3,50,XYZ_split,XZ,3.5428169285749123,5.146188329067487,0.9381722679082272,0.061827732091772836,,,,,,,,,
44,3,50,ORACLE_plane,XZ,3.5428169285749123,5.146188329067487,0.9958581140924996,0.00414188590750042,,,,,,,,,
44,3,50,RL_adaptive,XZ,3.5428169285749123,5.146188329067487,0.9565415112597753,0.04345848874022473,13.0,2.0,0.0,0.0,5.0,4.0,0.0,18.0,8.0
44,3,100,Z_only,XZ,3.5428169285749123,5.146188329067487,0.6630731411857527,0.33692685881424733,,,,,,,,,
44,3,100,ZX_split,XZ,3.5428169285749123,5.146188329067487,0.9903477717752298,0.009652228224770187,,,,,,,,,
44,3,100,XYZ_split,XZ,3.5428169285749123,5.146188329067487,0.9831334195763002,0.016866580423699817,,,,,,,,,
44,3,100,ORACLE_plane,XZ,3.5428169285749123,5.146188329067487,0.9954035175890024,0.004596482410997638,,,,,,,,,
44,3,100,RL_adaptive,XZ,3.5428169285749123,5.146188329067487,0.9639745822034274,0.036025417796572645,11.0,2.0,7.0,36.0,16.0,1.0,11.0,2.0,14.0
44,3,250,Z_only,XZ,3.5428169285749123,5.146188329067487,0.6630731411857527,0.33692685881424733,,,,,,,,,
44,3,250,ZX_split,XZ,3.5428169285749123,5.146188329067487,0.9944289140377816,0.005571085962218447,,,,,,,,,
44,3,250,XYZ_split,XZ,3.5428169285749123,5.146188329067487,0.9941951751094495,0.005804824890550453,,,,,,,,,
44,3,250,ORACLE_plane,XZ,3.5428169285749123,5.146188329067487,0.999031960373669,0.0009680396263309632,,,,,,,,,
44,3,250,RL_adaptive,XZ,3.5428169285749123,5.146188329067487,0.9880177868325083,0.011982213167491707,15.0,6.0,146.0,15.0,26.0,1.0,0.0,10.0,31.0
44,3,500,Z_only,XZ,3.5428169285749123,5.146188329067487,0.6630731411857527,0.33692685881424733,,,,,,,,,
44,3,500,ZX_split,XZ,3.5428169285749123,5.146188329067487,0.9987799943506821,0.0012200056493179012,,,,,,,,,
44,3,500,XYZ_split,XZ,3.5428169285749123,5.146188329067487,0.995747190441055,0.0042528095589450254,,,,,,,,,
44,3,500,ORACLE_plane,XZ,3.5428169285749123,5.146188329067487,0.9999057931365827,9.42068634173232e-05,,,,,,,,,
44,3,500,RL_adaptive,XZ,3.5428169285749123,5.146188329067487,0.9974105941156548,0.0025894058843451973,100.0,80.0,132.0,0.0,23.0,48.0,8.0,1.0,108.0
44,4,10,Z_only,XZ,3.5428169285749123,5.146188329067487,0.6630731411857527,0.33692685881424733,,,,,,,,,
44,4,10,ZX_split,XZ,3.5428169285749123,5.146188329067487,0.981324501725199,0.018675498274800972,,,,,,,,,
44,4,10,XYZ_split,XZ,3.5428169285749123,5.146188329067487,0.9311622393438695,0.06883776065613045,,,,,,,,,
44,4,10,ORACLE_plane,XZ,3.5428169285749123,5.146188329067487,0.950154287941582,0.049845712058418035,,,,,,,,,
44,4,10,RL_adaptive,XZ,3.5428169285749123,5.146188329067487,0.8381333422893253,0.16186665771067466,4.0,0.0,1.0,0.0,3.0,0.0,0.0,0.0,2.0
44,4,25,Z_only,XZ,3.5428169285749123,5.146188329067487,0.6630731411857527,0.33692685881424733,,,,,,,,,
44,4,25,ZX_split,XZ,3.5428169285749123,5.146188329067487,0.9818262403663355,0.01817375963366452,,,,,,,,,
44,4,25,XYZ_split,XZ,3.5428169285749123,5.146188329067487,0.8979807511597565,0.10201924884024349,,,,,,,,,
44,4,25,ORACLE_plane,XZ,3.5428169285749123,5.146188329067487,0.9675267725159341,0.03247322748406589,,,,,,,,,
44,4,25,RL_adaptive,XZ,3.5428169285749123,5.146188329067487,0.9151150601580003,0.08488493984199974,7.0,0.0,1.0,1.0,2.0,3.0,0.0,9.0,2.0
44,4,50,Z_only,XZ,3.5428169285749123,5.146188329067487,0.6630731411857527,0.33692685881424733,,,,,,,,,
44,4,50,ZX_split,XZ,3.5428169285749123,5.146188329067487,0.957538650668316,0.042461349331683995,,,,,,,,,
44,4,50,XYZ_split,XZ,3.5428169285749123,5.146188329067487,0.9562244228970591,0.04377557710294089,,,,,,,,,
44,4,50,ORACLE_plane,XZ,3.5428169285749123,5.146188329067487,0.9948013737288681,0.005198626271131879,,,,,,,,,
44,4,50,RL_adaptive,XZ,3.5428169285749123,5.146188329067487,0.9808229131568275,0.01917708684317254,14.0,0.0,0.0,0.0,7.0,2.0,0.0,18.0,9.0
44,4,100,Z_only,XZ,3.5428169285749123,5.146188329067487,0.6630731411857527,0.33692685881424733,,,,,,,,,
44,4,100,ZX_split,XZ,3.5428169285749123,5.146188329067487,0.9848821677027718,0.015117832297228184,,,,,,,,,
44,4,100,XYZ_split,XZ,3.5428169285749123,5.146188329067487,0.9794025426214258,0.020597457378574213,,,,,,,,,
44,4,100,ORACLE_plane,XZ,3.5428169285749123,5.146188329067487,0.9976431866763297,0.002356813323670326,,,,,,,,,
44,4,100,RL_adaptive,XZ,3.5428169285749123,5.146188329067487,0.9876629111971029,0.012337088802897078,9.0,5.0,9.0,38.0,11.0,3.0,12.0,4.0,9.0
44,4,250,Z_only,XZ,3.5428169285749123,5.146188329067487,0.6630731411857527,0.33692685881424733,,,,,,,,,
44,4,250,ZX_split,XZ,3.5428169285749123,5.146188329067487,0.9996859604671665,0.00031403953283348773,,,,,,,,,
44,4,250,XYZ_split,XZ,3.5428169285749123,5.146188329067487,0.9645852380933948,0.0354147619066052,,,,,,,,,
44,4,250,ORACLE_plane,XZ,3.5428169285749123,5.146188329067487,0.9975389036147283,0.0024610963852716994,,,,,,,,,
44,4,250,RL_adaptive,XZ,3.5428169285749123,5.146188329067487,0.9912899038353254,0.008710096164674552,22.0,2.0,144.0,7.0,37.0,0.0,0.0,1.0,37.0
44,4,500,Z_only,XZ,3.5428169285749123,5.146188329067487,0.6630731411857527,0.33692685881424733,,,,,,,,,
44,4,500,ZX_split,XZ,3.5428169285749123,5.146188329067487,0.9998438009532318,0.00015619904676822394,,,,,,,,,
44,4,500,XYZ_split,XZ,3.5428169285749123,5.146188329067487,0.996878728077558,0.003121271922442048,,,,,,,,,
44,4,500,ORACLE_plane,XZ,3.5428169285749123,5.146188329067487,0.9954909240194182,0.0045090759805818115,,,,,,,,,
44,4,500,RL_adaptive,XZ,3.5428169285749123,5.146188329067487,0.9969464465585037,0.0030535534414962706,92.0,81.0,143.0,3.0,18.0,51.0,11.0,5.0,96.0
45,0,10,Z_only,XZ,1.1584967793477752,2.476857476918766,0.774553054642579,0.22544694535742105,,,,,,,,,
45,0,10,ZX_split,XZ,1.1584967793477752,2.476857476918766,0.9620907631833222,0.037909236816677794,,,,,,,,,
45,0,10,XYZ_split,XZ,1.1584967793477752,2.476857476918766,0.9285859782996061,0.0714140217003939,,,,,,,,,
45,0,10,ORACLE_plane,XZ,1.1584967793477752,2.476857476918766,0.9920591190416304,0.007940880958369645,,,,,,,,,
45,0,10,RL_adaptive,XZ,1.1584967793477752,2.476857476918766,0.4659020088085363,0.5340979911914636,6.0,0.0,0.0,0.0,2.0,0.0,0.0,0.0,2.0
45,0,25,Z_only,XZ,1.1584967793477752,2.476857476918766,0.774553054642579,0.22544694535742105,,,,,,,,,
45,0,25,ZX_split,XZ,1.1584967793477752,2.476857476918766,0.999454449997211,0.000545550002788997,,,,,,,,,
45,0,25,XYZ_split,XZ,1.1584967793477752,2.476857476918766,0.9721386752615687,0.02786132473843128,,,,,,,,,
45,0,25,ORACLE_plane,XZ,1.1584967793477752,2.476857476918766,0.9917826725195547,0.008217327480445347,,,,,,,,,
45,0,25,RL_adaptive,XZ,1.1584967793477752,2.476857476918766,0.9370124855191021,0.0629875144808979,8.0,1.0,0.0,3.0,3.0,2.0,0.0,4.0,4.0
45,0,50,Z_only,XZ,1.1584967793477752,2.476857476918766,0.774553054642579,0.22544694535742105,,,,,,,,,
45,0,50,ZX_split,XZ,1.1584967793477752,2.476857476918766,0.9793955482550484,0.020604451744951624,,,,,,,,,
45,0,50,XYZ_split,XZ,1.1584967793477752,2.476857476918766,0.9875680226131762,0.012431977386823778,,,,,,,,,
45,0,50,ORACLE_plane,XZ,1.1584967793477752,2.476857476918766,0.99781077330866,0.0021892266913400293,,,,,,,,,
45,0,50,RL_adaptive,XZ,1.1584967793477752,2.476857476918766,0.9559486958130545,0.04405130418694547,8.0,0.0,1.0,0.0,11.0,0.0,1.0,20.0,9.0
45,0,100,Z_only,XZ,1.1584967793477752,2.476857476918766,0.774553054642579,0.22544694535742105,,,,,,,,,
45,0,100,ZX_split,XZ,1.1584967793477752,2.476857476918766,0.9962885673679382,0.0037114326320617508,,,,,,,,,
45,0,100,XYZ_split,XZ,1.1584967793477752,2.476857476918766,0.9554064205266865,0.04459357947331355,,,,,,,,,
45,0,100,ORACLE_plane,XZ,1.1584967793477752,2.476857476918766,0.9966063028560765,0.0033936971439234576,,,,,,,,,
45,0,100,RL_adaptive,XZ,1.1584967793477752,2.476857476918766,0.9859679264014868,0.014032073598513217,5.0,5.0,6.0,44.0,12.0,9.0,17.0,0.0,2.0
45,0,250,Z_only,XZ,1.1584967793477752,2.476857476918766,0.774553054642579,0.22544694535742105,,,,,,,,,
45,0,250,ZX_split,XZ,1.1584967793477752,2.476857476918766,0.9996455131787655,0.00035448682123451203,,,,,,,,,
45,0,250,XYZ_split,XZ,1.1584967793477752,2.476857476918766,0.9927498608355257,0.007250139164474256,,,,,,,,,
45,0,250,ORACLE_plane,XZ,1.1584967793477752,2.476857476918766,0.9946873059608087,0.0053126940391913235,,,,,,,,,
45,0,250,RL_adaptive,XZ,1.1584967793477752,2.476857476918766,0.9869834232748871,0.013016576725112916,8.0,13.0,136.0,20.0,7.0,15.0,13.0,21.0,17.0
45,0,500,Z_only,XZ,1.1584967793477752,2.476857476918766,0.774553054642579,0.22544694535742105,,,,,,,,,
45,0,500,ZX_split,XZ,1.1584967793477752,2.476857476918766,0.9980989942590547,0.0019010057409453163,,,,,,,,,
45,0,500,XYZ_split,XZ,1.1584967793477752,2.476857476918766,0.9991409135472181,0.0008590864527818765,,,,,,,,,
45,0,500,ORACLE_plane,XZ,1.1584967793477752,2.476857476918766,0.9998879036883938,0.00011209631160624678,,,,,,,,,
45,0,500,RL_adaptive,XZ,1.1584967793477752,2.476857476918766,0.9724285617813037,0.027571438218696342,79.0,69.0,155.0,3.0,47.0,49.0,13.0,15.0,70.0
45,1,10,Z_only,XZ,1.1584967793477752,2.476857476918766,0.774553054642579,0.22544694535742105,,,,,,,,,
45,1,10,ZX_split,XZ,1.1584967793477752,2.476857476918766,0.9618752905842866,0.03812470941571344,,,,,,,,,
45,1,10,XYZ_split,XZ,1.1584967793477752,2.476857476918766,0.8893431337601125,0.11065686623988746,,,,,,,,,
45,1,10,ORACLE_plane,XZ,1.1584967793477752,2.476857476918766,0.7868635527623467,0.21313644723765335,,,,,,,,,
45,1,10,RL_adaptive,XZ,1.1584967793477752,2.476857476918766,0.861738536143656,0.13826146385634397,3.0,0.0,1.0,0.0,2.0,0.0,1.0,0.0,3.0
45,1,25,Z_only,XZ,1.1584967793477752,2.476857476918766,0.774553054642579,0.22544694535742105,,,,,,,,,
45,1,25,ZX_split,XZ,1.1584967793477752,2.476857476918766,0.9425291364599423,0.057470863540057704,,,,,,,,,
45,1,25,XYZ_split,XZ,1.1584967793477752,2.476857476918766,0.887809919532994,0.11219008046700596,,,,,,,,,
45,1,25,ORACLE_plane,XZ,1.1584967793477752,2.476857476918766,0.9749316044125138,0.025068395587486192,,,,,,,,,
45,1,25,RL_adaptive,XZ,1.1584967793477752,2.476857476918766,0.9292961918154317,0.07070380818456834,9.0,1.0,0.0,2.0,2.0,4.0,1.0,3.0,3.0
45,1,50,Z_only,XZ,1.1584967793477752,2.476857476918766,0.774553054642579,0.22544694535742105,,,,,,,,,
45,1,50,ZX_split,XZ,1.1584967793477752,2.476857476918766,0.9054489098946366,0.09455109010536344,,,,,,,,,
45,1,50,XYZ_split,XZ,1.1584967793477752,2.476857476918766,0.9133611811498752,0.08663881885012481,,,,,,,,,
45,1,50,ORACLE_plane,XZ,1.1584967793477752,2.476857476918766,0.9929668161824664,0.007033183817533595,,,,,,,,,
45,1,50,RL_adaptive,XZ,1.1584967793477752,2.476857476918766,0.9698325535853374,0.030167446414662624,8.0,0.0,0.0,0.0,12.0,0.0,1.0,19.0,10.0
45,1,100,Z_only,XZ,1.1584967793477752,2.476857476918766,0.774553054642579,0.22544694535742105,,,,,,,,,
45,1,100,ZX_split,XZ,1.1584967793477752,2.476857476918766,0.9995041199459704,0.0004958800540295627,,,,,,,,,
45,1,100,XYZ_split,XZ,1.1584967793477752,2.476857476918766,0.9873388106279563,0.012661189372043746,,,,,,,,,
45,1,100,ORACLE_plane,XZ,1.1584967793477752,2.476857476918766,0.9960798794028889,0.00392012059711111,,,,,,,,,
45,1,100,RL_adaptive,XZ,1.1584967793477752,2.476857476918766,0.9438530654692467,0.056146934530753256,10.0,1.0,4.0,36.0,20.0,6.0,17.0,0.0,6.0
45,1,250,Z_only,XZ,1.1584967793477752,2.476857476918766,0.774553054642579,0.22544694535742105,,,,,,,,,
45,1,250,ZX_split,XZ,1.1584967793477752,2.476857476918766,0.9951656250253248,0.004834374974675204,,,,,,,,,
45,1,250,XYZ_split,XZ,1.1584967793477752,2.476857476918766,0.9933332228352141,0.00666677716478592,,,,,,,,,
45,1,250,ORACLE_plane,XZ,1.1584967793477752,2.476857476918766,0.9977071177641952,0.002292882235804816,,,,,,,,,
45,1,250,RL_adaptive,XZ,1.1584967793477752,2.476857476918766,0.9709248989037739,0.02907510109622613,12.0,14.0,133.0,14.0,9.0,15.0,13.0,16.0,24.0
45,1,500,Z_only,XZ,1.1584967793477752,2.476857476918766,0.774553054642579,0.22544694535742105,,,,,,,,,
45,1,500,ZX_split,XZ,1.1584967793477752,2.476857476918766,0.9987106720366071,0.0012893279633928723,,,,,,,,,
45,1,500,XYZ_split,XZ,1.1584967793477752,2.476857476918766,0.9990819294317259,0.0009180705682740875,,,,,,,,,
45,1,500,ORACLE_plane,XZ,1.1584967793477752,2.476857476918766,0.9971142337366963,0.002885766263303724,,,,,,,,,
45,1,500,RL_adaptive,XZ,1.1584967793477752,2.476857476918766,0.9965640056966022,0.0034359943033978047,74.0,80.0,151.0,7.0,36.0,55.0,15.0,16.0,66.0
45,2,10,Z_only,XZ,1.1584967793477752,2.476857476918766,0.774553054642579,0.22544694535742105,,,,,,,,,
45,2,10,ZX_split,XZ,1.1584967793477752,2.476857476918766,0.9922813532115581,0.0077186467884419185,,,,,,,,,
45,2,10,XYZ_split,XZ,1.1584967793477752,2.476857476918766,0.781876464386014,0.218123535613986,,,,,,,,,
45,2,10,ORACLE_plane,XZ,1.1584967793477752,2.476857476918766,0.8003721082620263,0.19962789173797368,,,,,,,,,
45,2,10,RL_adaptive,XZ,1.1584967793477752,2.476857476918766,0.8751680539483497,0.12483194605165027,4.0,0.0,0.0,0.0,2.0,0.0,0.0,0.0,4.0
45,2,25,Z_only,XZ,1.1584967793477752,2.476857476918766,0.774553054642579,0.22544694535742105,,,,,,,,,
45,2,25,ZX_split,XZ,1.1584967793477752,2.476857476918766,0.9943501058932989,0.0056498941067011366,,,,,,,,,
45,2,25,XYZ_split,XZ,1.1584967793477752,2.476857476918766,0.9173273092479568,0.0826726907520432,,,,,,,,,
45,2,25,ORACLE_plane,XZ,1.1584967793477752,2.476857476918766,0.9678631557781044,0.032136844221895555,,,,,,,,,
45,2,25,RL_adaptive,XZ,1.1584967793477752,2.476857476918766,0.8263656303066955,0.17363436969330448,12.0,0.0,0.0,0.0,4.0,3.0,0.0,3.0,3.0
45,2,50,Z_only,XZ,1.1584967793477752,2.476857476918766,0.774553054642579,0.22544694535742105,,,,,,,,,
45,2,50,ZX_split,XZ,1.1584967793477752,2.476857476918766,0.9931245239840701,0.00687547601592986,,,,,,,,,
45,2,50,XYZ_split,XZ,1.1584967793477752,2.476857476918766,0.9424259900203035,0.05757400997969653,,,,,,,,,
45,2,50,ORACLE_plane,XZ,1.1584967793477752,2.476857476918766,0.9948029230541888,0.005197076945811174,,,,,,,,,
45,2,50,RL_adaptive,XZ,1.1584967793477752,2.476857476918766,0.9388458098202581,0.061154190179741885,9.0,0.0,0.0,0.0,11.0,0.0,0.0,19.0,11.0
45,2,100,Z_only,XZ,1.1584967793477752,2.476857476918766,0.774553054642579,0.22544694535742105,,,,,,,,,
45,2,100,ZX_split,XZ,1.1584967793477752,2.476857476918766,0.9903880417064015,0.00961195829359851,,,,,,,,,
45,2,100,XYZ_split,XZ,1.1584967793477752,2.476857476918766,0.9751482728181062,0.024851727181893768,,,,,,,,,
45,2,100,ORACLE_plane,XZ,1.1584967793477752,2.476857476918766,0.9948667503671014,0.005133249632898629,,,,,,,,,
45,2,100,RL_adaptive,XZ,1.1584967793477752,2.476857476918766,0.9800778578478148,0.01992214215218524,8.0,2.0,6.0,40.0,18.0,6.0,15.0,0.0,5.0
45,2,250,Z_only,XZ,1.1584967793477752,2.476857476918766,0.774553054642579,0.22544694535742105,,,,,,,,,
45,2,250,ZX_split,XZ,1.1584967793477752,2.476857476918766,0.9985177972603357,0.0014822027396642623,,,,,,,,,
45,2,250,XYZ_split,XZ,1.1584967793477752,2.476857476918766,0.9963905067657803,0.003609493234219663,,,,,,,,,
45,2,250,ORACLE_plane,XZ,1.1584967793477752,2.476857476918766,0.9979478367705449,0.0020521632294551173,,,,,,,,,
45,2,250,RL_adaptive,XZ,1.1584967793477752,2.476857476918766,0.9935889764582245,0.0064110235417754735,11.0,12.0,134.0,17.0,8.0,15.0,14.0,20.0,19.0
45,2,500,Z_only,XZ,1.1584967793477752,2.476857476918766,0.774553054642579,0.22544694535742105,,,,,,,,,
45,2,500,ZX_split,XZ,1.1584967793477752,2.476857476918766,0.9972003116351181,0.0027996883648818693,,,,,,,,,
45,2,500,XYZ_split,XZ,1.1584967793477752,2.476857476918766,0.9925702435977107,0.007429756402289267,,,,,,,,,
45,2,500,ORACLE_plane,XZ,1.1584967793477752,2.476857476918766,0.9997888373377392,0.00021116266226084424,,,,,,,,,
45,2,500,RL_adaptive,XZ,1.1584967793477752,2.476857476918766,0.9934519806638639,0.006548019336136135,82.0,77.0,141.0,5.0,41.0,55.0,11.0,14.0,74.0
45,3,10,Z_only,XZ,1.1584967793477752,2.476857476918766,0.774553054642579,0.22544694535742105,,,,,,,,,
45,3,10,ZX_split,XZ,1.1584967793477752,2.476857476918766,0.9922813532115581,0.0077186467884419185,,,,,,,,,
45,3,10,XYZ_split,XZ,1.1584967793477752,2.476857476918766,0.9370986676971005,0.06290133230289952,,,,,,,,,
45,3,10,ORACLE_plane,XZ,1.1584967793477752,2.476857476918766,0.8760107807933337,0.12398921920666628,,,,,,,,,
45,3,10,RL_adaptive,XZ,1.1584967793477752,2.476857476918766,0.6964510800888096,0.3035489199111904,4.0,0.0,1.0,0.0,3.0,0.0,0.0,0.0,2.0
45,3,25,Z_only,XZ,1.1584967793477752,2.476857476918766,0.774553054642579,0.22544694535742105,,,,,,,,,
45,3,25,ZX_split,XZ,1.1584967793477752,2.476857476918766,0.9070017263778196,0.09299827362218038,,,,,,,,,
45,3,25,XYZ_split,XZ,1.1584967793477752,2.476857476918766,0.9287851117151191,0.07121488828488087,,,,,,,,,
45,3,25,ORACLE_plane,XZ,1.1584967793477752,2.476857476918766,0.9998972659077506,0.00010273409224936803,,,,,,,,,
45,3,25,RL_adaptive,XZ,1.1584967793477752,2.476857476918766,0.9152246950402542,0.08477530495974583,12.0,0.0,0.0,0.0,4.0,1.0,0.0,2.0,6.0
45,3,50,Z_only,XZ,1.1584967793477752,2.476857476918766,0.774553054642579,0.22544694535742105,,,,,,,,,
45,3,50,ZX_split,XZ,1.1584967793477752,2.476857476918766,0.9900438306705568,0.00995616932944321,,,,,,,,,
45,3,50,XYZ_split,XZ,1.1584967793477752,2.476857476918766,0.9507090180578379,0.04929098194216208,,,,,,,,,
45,3,50,ORACLE_plane,XZ,1.1584967793477752,2.476857476918766,0.9951023809912897,0.00489761900871033,,,,,,,,,
45,3,50,RL_adaptive,XZ,1.1584967793477752,2.476857476918766,0.9849243827824917,0.015075617217508275,9.0,0.0,1.0,0.0,11.0,1.0,0.0,18.0,10.0
45,3,100,Z_only,XZ,1.1584967793477752,2.476857476918766,0.774553054642579,0.22544694535742105,,,,,,,,,
45,3,100,ZX_split,XZ,1.1584967793477752,2.476857476918766,0.9997939472687792,0.00020605273122076273,,,,,,,,,
45,3,100,XYZ_split,XZ,1.1584967793477752,2.476857476918766,0.9541899321538776,0.045810067846122404,,,,,,,,,
45,3,100,ORACLE_plane,XZ,1.1584967793477752,2.476857476918766,0.9825068181859766,0.017493181814023373,,,,,,,,,
45,3,100,RL_adaptive,XZ,1.1584967793477752,2.476857476918766,0.960893489314495,0.03910651068550497,7.0,1.0,6.0,43.0,16.0,7.0,16.0,0.0,4.0
45,3,250,Z_only,XZ,1.1584967793477752,2.476857476918766,0.774553054642579,0.22544694535742105,,,,,,,,,
45,3,250,ZX_split,XZ,1.1584967793477752,2.476857476918766,0.9935293644036628,0.006470635596337204,,,,,,,,,
45,3,250,XYZ_split,XZ,1.1584967793477752,2.476857476918766,0.987795226833163,0.01220477316683699,,,,,,,,,
45,3,250,ORACLE_plane,XZ,1.1584967793477752,2.476857476918766,0.9972102187424493,0.002789781257550694,,,,,,,,,
45,3,250,RL_adaptive,XZ,1.1584967793477752,2.476857476918766,0.987718516851433,0.01228148314856703,13.0,13.0,129.0,14.0,11.0,14.0,12.0,17.0,27.0
45,3,500,Z_only,XZ,1.1584967793477752,2.476857476918766,0.774553054642579,0.22544694535742105,,,,,,,,,
45,3,500,ZX_split,XZ,1.1584967793477752,2.476857476918766,0.9991383546103906,0.0008616453896094223,,,,,,,,,
45,3,500,XYZ_split,XZ,1.1584967793477752,2.476857476918766,0.9991830315637769,0.0008169684362231422,,,,,,,,,
45,3,500,ORACLE_plane,XZ,1.1584967793477752,2.476857476918766,0.9995318291332613,0.0004681708667386708,,,,,,,,,
45,3,500,RL_adaptive,XZ,1.1584967793477752,2.476857476918766,0.9975526889538842,0.002447311046115841,83.0,79.0,146.0,4.0,41.0,53.0,8.0,12.0,74.0
45,4,10,Z_only,XZ,1.1584967793477752,2.476857476918766,0.774553054642579,0.22544694535742105,,,,,,,,,
45,4,10,ZX_split,XZ,1.1584967793477752,2.476857476918766,0.9620907631833222,0.037909236816677794,,,,,,,,,
45,4,10,XYZ_split,XZ,1.1584967793477752,2.476857476918766,0.8276739992021073,0.17232600079789273,,,,,,,,,
45,4,10,ORACLE_plane,XZ,1.1584967793477752,2.476857476918766,0.8834124903835097,0.11658750961649034,,,,,,,,,
45,4,10,RL_adaptive,XZ,1.1584967793477752,2.476857476918766,0.8123698743338725,0.18763012566612747,4.0,0.0,0.0,0.0,2.0,0.0,0.0,0.0,4.0
45,4,25,Z_only,XZ,1.1584967793477752,2.476857476918766,0.774553054642579,0.22544694535742105,,,,,,,,,
45,4,25,ZX_split,XZ,1.1584967793477752,2.476857476918766,0.9984659424876664,0.0015340575123335976,,,,,,,,,
45,4,25,XYZ_split,XZ,1.1584967793477752,2.476857476918766,0.9459477586144011,0.05405224138559894,,,,,,,,,
45,4,25,ORACLE_plane,XZ,1.1584967793477752,2.476857476918766,0.9940558356664344,0.005944164333565594,,,,,,,,,
45,4,25,RL_adaptive,XZ,1.1584967793477752,2.476857476918766,0.9016894599668529,0.0983105400331471,9.0,0.0,0.0,1.0,3.0,3.0,0.0,6.0,3.0
45,4,50,Z_only,XZ,1.1584967793477752,2.476857476918766,0.774553054642579,0.22544694535742105,,,,,,,,,
45,4,50,ZX_split,XZ,1.1584967793477752,2.476857476918766,0.9763941120605621,0.023605887939437853,,,,,,,,,
45,4,50,XYZ_split,XZ,1.1584967793477752,2.476857476918766,0.9840641191641482,0.015935880835851846,,,,,,,,,
45,4,50,ORACLE_plane,XZ,1.1584967793477752,2.476857476918766,0.9937239258253527,0.0062760741746472615,,,,,,,,,
45,4,50,RL_adaptive,XZ,1.1584967793477752,2.476857476918766,0.9671484595001171,0.032851540499882925,9.0,0.0,0.0,0.0,11.0,0.0,0.0,19.0,11.0
45,4,100,Z_only,XZ,1.1584967793477752,2.476857476918766,0.774553054642579,0.22544694535742105,,,,,,,,,
45,4,100,ZX_split,XZ,1.1584967793477752,2.476857476918766,0.9874604610852891,0.012539538914710935,,,,,,,,,
45,4,100,XYZ_split,XZ,1.1584967793477752,2.476857476918766,0.9899857554799809,0.010014244520019089,,,,,,,,,
45,4,100,ORACLE_plane,XZ,1.1584967793477752,2.476857476918766,0.9988875060367585,0.0011124939632415343,,,,,,,,,
45,4,100,RL_adaptive,XZ,1.1584967793477752,2.476857476918766,0.9705856814802004,0.029414318519799587,10.0,1.0,6.0,38.0,21.0,3.0,13.0,0.0,8.0
45,4,250,Z_only,XZ,1.1584967793477752,2.476857476918766,0.774553054642579,0.22544694535742105,,,,,,,,,
45,4,250,ZX_split,XZ,1.1584967793477752,2.476857476918766,0.9989476006246135,0.0010523993753864813,,,,,,,,,
45,4,250,XYZ_split,XZ,1.1584967793477752,2.476857476918766,0.9917124918618692,0.008287508138130839,,,,,,,,,
45,4,250,ORACLE_plane,XZ,1.1584967793477752,2.476857476918766,0.9961810332514862,0.0038189667485137857,,,,,,,,,
45,4,250,RL_adaptive,XZ,1.1584967793477752,2.476857476918766,0.9905032782413397,0.009496721758660343,14.0,11.0,134.0,15.0,10.0,14.0,11.0,17.0,24.0
45,4,500,Z_only,XZ,1.1584967793477752,2.476857476918766,0.774553054642579,0.22544694535742105,,,,,,,,,
45,4,500,ZX_split,XZ,1.1584967793477752,2.476857476918766,0.9992881804335828,0.0007118195664171934,,,,,,,,,
45,4,500,XYZ_split,XZ,1.1584967793477752,2.476857476918766,0.9944695553440781,0.005530444655921896,,,,,,,,,
45,4,500,ORACLE_plane,XZ,1.1584967793477752,2.476857476918766,0.9998172571360265,0.00018274286397346184,,,,,,,,,
45,4,500,RL_adaptive,XZ,1.1584967793477752,2.476857476918766,0.9983804748179884,0.001619525182011583,68.0,88.0,147.0,9.0,27.0,62.0,20.0,20.0,59.0
46,0,10,Z_only,XZ,4.2080643070324,2.193380705419792,0.8497773725125157,0.15022262748748427,,,,,,,,,
46,0,10,ZX_split,XZ,4.2080643070324,2.193380705419792,0.954702522121827,0.045297477878172954,,,,,,,,,
46,0,10,XYZ_split,XZ,4.2080643070324,2.193380705419792,0.8398293169929457,0.16017068300705428,,,,,,,,,
46,0,10,ORACLE_plane,XZ,4.2080643070324,2.193380705419792,0.9401828497614575,0.059817150238542505,,,,,,,,,
46,0,10,RL_adaptive,XZ,4.2080643070324,2.193380705419792,0.7029203105570925,0.2970796894429075,2.0,0.0,4.0,0.0,2.0,0.0,0.0,0.0,2.0
46,0,25,Z_only,XZ,4.2080643070324,2.193380705419792,0.8497773725125157,0.15022262748748427,,,,,,,,,
46,0,25,ZX_split,XZ,4.2080643070324,2.193380705419792,0.9593858161945082,0.040614183805491755,,,,,,,,,
46,0,25,XYZ_split,XZ,4.2080643070324,2.193380705419792,0.9814865331020481,0.018513466897951858,,,,,,,,,
46,0,25,ORACLE_plane,XZ,4.2080643070324,2.193380705419792,0.9968442288986946,0.0031557711013053824,,,,,,,,,
46,0,25,RL_adaptive,XZ,4.2080643070324,2.193380705419792,0.952203562273089,0.047796437726911,9.0,0.0,0.0,1.0,3.0,2.0,0.0,5.0,5.0
46,0,50,Z_only,XZ,4.2080643070324,2.193380705419792,0.8497773725125157,0.15022262748748427,,,,,,,,,
46,0,50,ZX_split,XZ,4.2080643070324,2.193380705419792,0.9965626648471527,0.003437335152847276,,,,,,,,,
46,0,50,XYZ_split,XZ,4.2080643070324,2.193380705419792,0.9847759544131198,0.015224045586880175,,,,,,,,,
46,0,50,ORACLE_plane,XZ,4.2080643070324,2.193380705419792,0.98569748535521,0.014302514644790043,,,,,,,,,
46,0,50,RL_adaptive,XZ,4.2080643070324,2.193380705419792,0.9741516012903121,0.025848398709687914,11.0,0.0,0.0,0.0,6.0,2.0,0.0,21.0,10.0
46,0,100,Z_only,XZ,4.2080643070324,2.193380705419792,0.8497773725125157,0.15022262748748427,,,,,,,,,
46,0,100,ZX_split,XZ,4.2080643070324,2.193380705419792,0.995599700488443,0.00440029951155696,,,,,,,,,
46,0,100,XYZ_split,XZ,4.2080643070324,2.193380705419792,0.9701926908144455,0.02980730918555452,,,,,,,,,
46,0,100,ORACLE_plane,XZ,4.2080643070324,2.193380705419792,0.9891113022641598,0.010888697735840225,,,,,,,,,
46,0,100,RL_adaptive,XZ,4.2080643070324,2.193380705419792,0.9678309840938334,0.03216901590616661,14.0,0.0,2.0,37.0,23.0,2.0,8.0,0.0,14.0
46,0,250,Z_only,XZ,4.2080643070324,2.193380705419792,0.8497773725125157,0.15022262748748427,,,,,,,,,
46,0,250,ZX_split,XZ,4.2080643070324,2.193380705419792,0.9978462915661884,0.002153708433811574,,,,,,,,,
46,0,250,XYZ_split,XZ,4.2080643070324,2.193380705419792,0.9920045344319409,0.00799546556805908,,,,,,,,,
46,0,250,ORACLE_plane,XZ,4.2080643070324,2.193380705419792,0.9974600492587545,0.002539950741245467,,,,,,,,,
46,0,250,RL_adaptive,XZ,4.2080643070324,2.193380705419792,0.9838556897232678,0.016144310276732243,12.0,11.0,137.0,23.0,10.0,12.0,9.0,9.0,27.0
46,0,500,Z_only,XZ,4.2080643070324,2.193380705419792,0.8497773725125157,0.15022262748748427,,,,,,,,,
46,0,500,ZX_split,XZ,4.2080643070324,2.193380705419792,0.9964442082963233,0.003555791703676703,,,,,,,,,
46,0,500,XYZ_split,XZ,4.2080643070324,2.193380705419792,0.9983253528759575,0.0016746471240425276,,,,,,,,,
46,0,500,ORACLE_plane,XZ,4.2080643070324,2.193380705419792,0.9985815253977389,0.0014184746022610772,,,,,,,,,
46,0,500,RL_adaptive,XZ,4.2080643070324,2.193380705419792,0.99596236323744,0.004037636762559971,65.0,92.0,144.0,30.0,17.0,55.0,3.0,3.0,91.0
46,1,10,Z_only,XZ,4.2080643070324,2.193380705419792,0.8497773725125157,0.15022262748748427,,,,,,,,,
46,1,10,ZX_split,XZ,4.2080643070324,2.193380705419792,0.9787253891471749,0.021274610852825115,,,,,,,,,
46,1,10,XYZ_split,XZ,4.2080643070324,2.193380705419792,0.7509245149617586,0.2490754850382414,,,,,,,,,
46,1,10,ORACLE_plane,XZ,4.2080643070324,2.193380705419792,0.7775787617269477,0.22242123827305227,,,,,,,,,
46,1,10,RL_adaptive,XZ,4.2080643070324,2.193380705419792,0.600669588581586,0.39933041141841397,5.0,0.0,0.0,0.0,2.0,0.0,0.0,1.0,2.0
46,1,25,Z_only,XZ,4.2080643070324,2.193380705419792,0.8497773725125157,0.15022262748748427,,,,,,,,,
46,1,25,ZX_split,XZ,4.2080643070324,2.193380705419792,0.9898588697051898,0.01014113029481023,,,,,,,,,
46,1,25,XYZ_split,XZ,4.2080643070324,2.193380705419792,0.9197887292824104,0.0802112707175896,,,,,,,,,
46,1,25,ORACLE_plane,XZ,4.2080643070324,2.193380705419792,0.9777531475657707,0.022246852434229303,,,,,,,,,
46,1,25,RL_adaptive,XZ,4.2080643070324,2.193380705419792,0.9157031170510497,0.08429688294895032,10.0,0.0,0.0,0.0,2.0,3.0,0.0,7.0,3.0
46,1,50,Z_only,XZ,4.2080643070324,2.193380705419792,0.8497773725125157,0.15022262748748427,,,,,,,,,
46,1,50,ZX_split,XZ,4.2080643070324,2.193380705419792,0.9954830492047041,0.004516950795295904,,,,,,,,,
46,1,50,XYZ_split,XZ,4.2080643070324,2.193380705419792,0.9609562233308774,0.03904377666912262,,,,,,,,,
46,1,50,ORACLE_plane,XZ,4.2080643070324,2.193380705419792,0.9967007422595132,0.003299257740486783,,,,,,,,,
46,1,50,RL_adaptive,XZ,4.2080643070324,2.193380705419792,0.9559835352410171,0.04401646475898291,10.0,2.0,0.0,0.0,6.0,2.0,0.0,20.0,10.0
46,1,100,Z_only,XZ,4.2080643070324,2.193380705419792,0.8497773725125157,0.15022262748748427,,,,,,,,,
46,1,100,ZX_split,XZ,4.2080643070324,2.193380705419792,0.9966403105699715,0.003359689430028512,,,,,,,,,
46,1,100,XYZ_split,XZ,4.2080643070324,2.193380705419792,0.9908947352465061,0.009105264753493936,,,,,,,,,
46,1,100,ORACLE_plane,XZ,4.2080643070324,2.193380705419792,0.9891730879922708,0.010826912007729228,,,,,,,,,
46,1,100,RL_adaptive,XZ,4.2080643070324,2.193380705419792,0.9894556486636957,0.01054435133630427,13.0,2.0,2.0,39.0,19.0,4.0,9.0,1.0,11.0
46,1,250,Z_only,XZ,4.2080643070324,2.193380705419792,0.8497773725125157,0.15022262748748427,,,,,,,,,
46,1,250,ZX_split,XZ,4.2080643070324,2.193380705419792,0.9997826484734538,0.0002173515265462278,,,,,,,,,
46,1,250,XYZ_split,XZ,4.2080643070324,2.193380705419792,0.9945351064106789,0.005464893589321118,,,,,,,,,
46,1,250,ORACLE_plane,XZ,4.2080643070324,2.193380705419792,0.9958666907519829,0.004133309248017136,,,,,,,,,
46,1,250,RL_adaptive,XZ,4.2080643070324,2.193380705419792,0.9973411887173518,0.0026588112826482213,17.0,7.0,139.0,19.0,18.0,7.0,5.0,6.0,32.0
46,1,500,Z_only,XZ,4.2080643070324,2.193380705419792,0.8497773725125157,0.15022262748748427,,,,,,,,,
46,1,500,ZX_split,XZ,4.2080643070324,2.193380705419792,0.9971890155997845,0.0028109844002155437,,,,,,,,,
46,1,500,XYZ_split,XZ,4.2080643070324,2.193380705419792,0.9815839256178013,0.01841607438219872,,,,,,,,,
46,1,500,ORACLE_plane,XZ,4.2080643070324,2.193380705419792,0.9982924935139205,0.0017075064860795353,,,,,,,,,
46,1,500,RL_adaptive,XZ,4.2080643070324,2.193380705419792,0.9938686841999658,0.006131315800034232,81.0,85.0,137.0,22.0,21.0,48.0,1.0,2.0,103.0
46,2,10,Z_only,XZ,4.2080643070324,2.193380705419792,0.8497773725125157,0.15022262748748427,,,,,,,,,
46,2,10,ZX_split,XZ,4.2080643070324,2.193380705419792,0.8214634835594562,0.1785365164405438,,,,,,,,,
46,2,10,XYZ_split,XZ,4.2080643070324,2.193380705419792,0.83215729726823,0.16784270273177004,,,,,,,,,
46,2,10,ORACLE_plane,XZ,4.2080643070324,2.193380705419792,0.8760351231265514,0.12396487687344859,,,,,,,,,
46,2,10,RL_adaptive,XZ,4.2080643070324,2.193380705419792,0.9583645719500229,0.04163542804997711,5.0,1.0,0.0,0.0,2.0,0.0,0.0,0.0,2.0
46,2,25,Z_only,XZ,4.2080643070324,2.193380705419792,0.8497773725125157,0.15022262748748427,,,,,,,,,
46,2,25,ZX_split,XZ,4.2080643070324,2.193380705419792,0.9758986615204863,0.02410133847951368,,,,,,,,,
46,2,25,XYZ_split,XZ,4.2080643070324,2.193380705419792,0.9559970825917258,0.04400291740827422,,,,,,,,,
46,2,25,ORACLE_plane,XZ,4.2080643070324,2.193380705419792,0.9922834768576468,0.00771652314235316,,,,,,,,,
46,2,25,RL_adaptive,XZ,4.2080643070324,2.193380705419792,0.9457459370072662,0.05425406299273383,10.0,0.0,0.0,0.0,2.0,5.0,0.0,6.0,2.0
46,2,50,Z_only,XZ,4.2080643070324,2.193380705419792,0.8497773725125157,0.15022262748748427,,,,,,,,,
46,2,50,ZX_split,XZ,4.2080643070324,2.193380705419792,0.9951413638545729,0.004858636145427142,,,,,,,,,
46,2,50,XYZ_split,XZ,4.2080643070324,2.193380705419792,0.9525651241120593,0.04743487588794071,,,,,,,,,
46,2,50,ORACLE_plane,XZ,4.2080643070324,2.193380705419792,0.9891098651073815,0.010890134892618475,,,,,,,,,
46,2,50,RL_adaptive,XZ,4.2080643070324,2.193380705419792,0.9257917737397852,0.07420822626021484,11.0,1.0,0.0,0.0,5.0,3.0,0.0,20.0,10.0
46,2,100,Z_only,XZ,4.2080643070324,2.193380705419792,0.8497773725125157,0.15022262748748427,,,,,,,,,
46,2,100,ZX_split,XZ,4.2080643070324,2.193380705419792,0.9956073851040188,0.004392614895981195,,,,,,,,,
46,2,100,XYZ_split,XZ,4.2080643070324,2.193380705419792,0.9713556785467007,0.028644321453299315,,,,,,,,,
46,2,100,ORACLE_plane,XZ,4.2080643070324,2.193380705419792,0.9965896747780587,0.0034103252219412905,,,,,,,,,
46,2,100,RL_adaptive,XZ,4.2080643070324,2.193380705419792,0.9658970794966086,0.034102920503391365,15.0,0.0,0.0,36.0,24.0,1.0,8.0,0.0,16.0
46,2,250,Z_only,XZ,4.2080643070324,2.193380705419792,0.8497773725125157,0.15022262748748427,,,,,,,,,
46,2,250,ZX_split,XZ,4.2080643070324,2.193380705419792,0.9995436624822914,0.00045633751770857156,,,,,,,,,
46,2,250,XYZ_split,XZ,4.2080643070324,2.193380705419792,0.9984369139854737,0.0015630860145262604,,,,,,,,,
46,2,250,ORACLE_plane,XZ,4.2080643070324,2.193380705419792,0.9960165519457601,0.003983448054239891,,,,,,,,,
46,2,250,RL_adaptive,XZ,4.2080643070324,2.193380705419792,0.9668348835375172,0.03316511646248277,21.0,3.0,144.0,13.0,24.0,4.0,2.0,2.0,37.0
46,2,500,Z_only,XZ,4.2080643070324,2.193380705419792,0.8497773725125157,0.15022262748748427,,,,,,,,,
46,2,500,ZX_split,XZ,4.2080643070324,2.193380705419792,0.999204005567103,0.0007959944328970181,,,,,,,,,
46,2,500,XYZ_split,XZ,4.2080643070324,2.193380705419792,0.9970971774824344,0.002902822517565573,,,,,,,,,
46,2,500,ORACLE_plane,XZ,4.2080643070324,2.193380705419792,0.9996110417935751,0.0003889582064249275,,,,,,,,,
46,2,500,RL_adaptive,XZ,4.2080643070324,2.193380705419792,0.9958896461668227,0.0041103538331772604,80.0,86.0,137.0,23.0,20.0,49.0,0.0,0.0,105.0
46,3,10,Z_only,XZ,4.2080643070324,2.193380705419792,0.8497773725125157,0.15022262748748427,,,,,,,,,
46,3,10,ZX_split,XZ,4.2080643070324,2.193380705419792,0.993064024079854,0.006935975920146054,,,,,,,,,
46,3,10,XYZ_split,XZ,4.2080643070324,2.193380705419792,0.8682431906721109,0.13175680932788914,,,,,,,,,
46,3,10,ORACLE_plane,XZ,4.2080643070324,2.193380705419792,0.993064024079854,0.006935975920146054,,,,,,,,,
46,3,10,RL_adaptive,XZ,4.2080643070324,2.193380705419792,0.8466473303830386,0.15335266961696137,6.0,0.0,0.0,0.0,2.0,0.0,0.0,0.0,2.0
46,3,25,Z_only,XZ,4.2080643070324,2.193380705419792,0.8497773725125157,0.15022262748748427,,,,,,,,,
46,3,25,ZX_split,XZ,4.2080643070324,2.193380705419792,0.9625303794037011,0.03746962059629888,,,,,,,,,
46,3,25,XYZ_split,XZ,4.2080643070324,2.193380705419792,0.9512088935623404,0.048791106437659604,,,,,,,,,
46,3,25,ORACLE_plane,XZ,4.2080643070324,2.193380705419792,0.9991658900808735,0.0008341099191264689,,,,,,,,,
46,3,25,RL_adaptive,XZ,4.2080643070324,2.193380705419792,0.8812977160906109,0.11870228390938908,9.0,0.0,0.0,1.0,2.0,3.0,0.0,7.0,3.0
46,3,50,Z_only,XZ,4.2080643070324,2.193380705419792,0.8497773725125157,0.15022262748748427,,,,,,,,,
46,3,50,ZX_split,XZ,4.2080643070324,2.193380705419792,0.9323836806831692,0.06761631931683076,,,,,,,,,
46,3,50,XYZ_split,XZ,4.2080643070324,2.193380705419792,0.9616838024101904,0.03831619758980964,,,,,,,,,
46,3,50,ORACLE_plane,XZ,4.2080643070324,2.193380705419792,0.9985204369738364,0.0014795630261635884,,,,,,,,,
46,3,50,RL_adaptive,XZ,4.2080643070324,2.193380705419792,0.9900350109138305,0.009964989086169496,10.0,0.0,0.0,0.0,8.0,0.0,0.0,20.0,12.0
46,3,100,Z_only,XZ,4.2080643070324,2.193380705419792,0.8497773725125157,0.15022262748748427,,,,,,,,,
46,3,100,ZX_split,XZ,4.2080643070324,2.193380705419792,0.9878894171568229,0.01211058284317712,,,,,,,,,
46,3,100,XYZ_split,XZ,4.2080643070324,2.193380705419792,0.9476486314093722,0.052351368590627834,,,,,,,,,
46,3,100,ORACLE_plane,XZ,4.2080643070324,2.193380705419792,0.9992944578148785,0.0007055421851215327,,,,,,,,,
46,3,100,RL_adaptive,XZ,4.2080643070324,2.193380705419792,0.9796268277610858,0.020373172238914217,13.0,0.0,3.0,40.0,19.0,3.0,7.0,3.0,12.0
46,3,250,Z_only,XZ,4.2080643070324,2.193380705419792,0.8497773725125157,0.15022262748748427,,,,,,,,,
46,3,250,ZX_split,XZ,4.2080643070324,2.193380705419792,0.9988349783839455,0.0011650216160544735,,,,,,,,,
46,3,250,XYZ_split,XZ,4.2080643070324,2.193380705419792,0.9878548977895066,0.012145102210493364,,,,,,,,,
46,3,250,ORACLE_plane,XZ,4.2080643070324,2.193380705419792,0.9969375117532343,0.0030624882467656933,,,,,,,,,
46,3,250,RL_adaptive,XZ,4.2080643070324,2.193380705419792,0.9805988460935864,0.019401153906413615,15.0,8.0,137.0,22.0,17.0,7.0,5.0,7.0,32.0
46,3,500,Z_only,XZ,4.2080643070324,2.193380705419792,0.8497773725125157,0.15022262748748427,,,,,,,,,
46,3,500,ZX_split,XZ,4.2080643070324,2.193380705419792,0.9996688221494356,0.000331177850564357,,,,,,,,,
46,3,500,XYZ_split,XZ,4.2080643070324,2.193380705419792,0.9953225823439581,0.0046774176560419045,,,,,,,,,
46,3,500,ORACLE_plane,XZ,4.2080643070324,2.193380705419792,0.9996818194960697,0.00031818050393028763,,,,,,,,,
46,3,500,RL_adaptive,XZ,4.2080643070324,2.193380705419792,0.9927800187889342,0.007219981211065818,74.0,89.0,142.0,25.0,20.0,50.0,0.0,1.0,99.0
46,4,10,Z_only,XZ,4.2080643070324,2.193380705419792,0.8497773725125157,0.15022262748748427,,,,,,,,,
46,4,10,ZX_split,XZ,4.2080643070324,2.193380705419792,0.9551692564884537,0.044830743511546256,,,,,,,,,
46,4,10,XYZ_split,XZ,4.2080643070324,2.193380705419792,0.8489188319437748,0.15108116805622518,,,,,,,,,
46,4,10,ORACLE_plane,XZ,4.2080643070324,2.193380705419792,0.9475401933193641,0.05245980668063588,,,,,,,,,
46,4,10,RL_adaptive,XZ,4.2080643070324,2.193380705419792,0.2604054557208862,0.7395945442791139,4.0,0.0,0.0,1.0,2.0,0.0,0.0,0.0,3.0
46,4,25,Z_only,XZ,4.2080643070324,2.193380705419792,0.8497773725125157,0.15022262748748427,,,,,,,,,
46,4,25,ZX_split,XZ,4.2080643070324,2.193380705419792,0.9851811778834856,0.014818822116514418,,,,,,,,,
46,4,25,XYZ_split,XZ,4.2080643070324,2.193380705419792,0.8847179415975379,0.11528205840246208,,,,,,,,,
46,4,25,ORACLE_plane,XZ,4.2080643070324,2.193380705419792,0.9774092852501038,0.022590714749896157,,,,,,,,,
46,4,25,RL_adaptive,XZ,4.2080643070324,2.193380705419792,0.8984073972928709,0.10159260270712911,7.0,0.0,0.0,1.0,2.0,5.0,0.0,6.0,4.0
46,4,50,Z_only,XZ,4.2080643070324,2.193380705419792,0.8497773725125157,0.15022262748748427,,,,,,,,,
46,4,50,ZX_split,XZ,4.2080643070324,2.193380705419792,0.99648328235005,0.0035167176499499853,,,,,,,,,
46,4,50,XYZ_split,XZ,4.2080643070324,2.193380705419792,0.9202750447324431,0.07972495526755685,,,,,,,,,
46,4,50,ORACLE_plane,XZ,4.2080643070324,2.193380705419792,0.9959343320775675,0.004065667922432459,,,,,,,,,
46,4,50,RL_adaptive,XZ,4.2080643070324,2.193380705419792,0.9880364986760762,0.011963501323923764,10.0,0.0,0.0,0.0,7.0,1.0,0.0,21.0,11.0
46,4,100,Z_only,XZ,4.2080643070324,2.193380705419792,0.8497773725125157,0.15022262748748427,,,,,,,,,
46,4,100,ZX_split,XZ,4.2080643070324,2.193380705419792,0.9980313612332381,0.0019686387667618988,,,,,,,,,
46,4,100,XYZ_split,XZ,4.2080643070324,2.193380705419792,0.9511435225955079,0.04885647740449206,,,,,,,,,
46,4,100,ORACLE_plane,XZ,4.2080643070324,2.193380705419792,0.9888128872677954,0.01118711273220463,,,,,,,,,
46,4,100,RL_adaptive,XZ,4.2080643070324,2.193380705419792,0.9836313432622389,0.01636865673776111,11.0,3.0,3.0,42.0,16.0,5.0,11.0,1.0,8.0
46,4,250,Z_only,XZ,4.2080643070324,2.193380705419792,0.8497773725125157,0.15022262748748427,,,,,,,,,
46,4,250,ZX_split,XZ,4.2080643070324,2.193380705419792,0.9988545169300015,0.0011454830699985097,,,,,,,,,
46,4,250,XYZ_split,XZ,4.2080643070324,2.193380705419792,0.9880629620952202,0.011937037904779846,,,,,,,,,
46,4,250,ORACLE_plane,XZ,4.2080643070324,2.193380705419792,0.9980140207057367,0.0019859792942632515,,,,,,,,,
46,4,250,RL_adaptive,XZ,4.2080643070324,2.193380705419792,0.9938236876458078,0.006176312354192248,19.0,7.0,137.0,18.0,16.0,9.0,4.0,8.0,32.0
46,4,500,Z_only,XZ,4.2080643070324,2.193380705419792,0.8497773725125157,0.15022262748748427,,,,,,,,,
46,4,500,ZX_split,XZ,4.2080643070324,2.193380705419792,0.9996763138235429,0.0003236861764570609,,,,,,,,,
46,4,500,XYZ_split,XZ,4.2080643070324,2.193380705419792,0.9983452014827277,0.001654798517272349,,,,,,,,,
46,4,500,ORACLE_plane,XZ,4.2080643070324,2.193380705419792,0.997739345283957,0.0022606547160429757,,,,,,,,,
46,4,500,RL_adaptive,XZ,4.2080643070324,2.193380705419792,0.9971604722325971,0.0028395277674029273,66.0,92.0,143.0,30.0,12.0,56.0,6.0,4.0,91.0
47,0,10,Z_only,XZ,5.7627453694513004,2.01374383668638,0.7125066033856955,0.2874933966143045,,,,,,,,,
47,0,10,ZX_split,XZ,5.7627453694513004,2.01374383668638,0.8745351163290311,0.12546488367096886,,,,,,,,,
47,0,10,XYZ_split,XZ,5.7627453694513004,2.01374383668638,0.9271159923640552,0.07288400763594483,,,,,,,,,
47,0,10,ORACLE_plane,XZ,5.7627453694513004,2.01374383668638,0.8385326786427333,0.1614673213572667,,,,,,,,,
47,0,10,RL_adaptive,XZ,5.7627453694513004,2.01374383668638,0.8640040517220131,0.1359959482779869,2.0,0.0,2.0,0.0,2.0,0.0,0.0,2.0,2.0
47,0,25,Z_only,XZ,5.7627453694513004,2.01374383668638,0.7125066033856955,0.2874933966143045,,,,,,,,,
47,0,25,ZX_split,XZ,5.7627453694513004,2.01374383668638,0.9873431075512354,0.012656892448764556,,,,,,,,,
47,0,25,XYZ_split,XZ,5.7627453694513004,2.01374383668638,0.9593782284745811,0.040621771525418904,,,,,,,,,
47,0,25,ORACLE_plane,XZ,5.7627453694513004,2.01374383668638,0.9830452349025404,0.016954765097459634,,,,,,,,,
47,0,25,RL_adaptive,XZ,5.7627453694513004,2.01374383668638,0.9927837659509494,0.007216234049050585,7.0,2.0,1.0,2.0,2.0,2.0,0.0,5.0,4.0
47,0,50,Z_only,XZ,5.7627453694513004,2.01374383668638,0.7125066033856955,0.2874933966143045,,,,,,,,,
47,0,50,ZX_split,XZ,5.7627453694513004,2.01374383668638,0.9856615109845484,0.01433848901545165,,,,,,,,,
47,0,50,XYZ_split,XZ,5.7627453694513004,2.01374383668638,0.98392410656446,0.016075893435539945,,,,,,,,,
47,0,50,ORACLE_plane,XZ,5.7627453694513004,2.01374383668638,0.9931970339088808,0.006802966091119189,,,,,,,,,
47,0,50,RL_adaptive,XZ,5.7627453694513004,2.01374383668638,0.8148036931971008,0.18519630680289922,8.0,2.0,0.0,1.0,7.0,2.0,0.0,19.0,11.0
47,0,100,Z_only,XZ,5.7627453694513004,2.01374383668638,0.7125066033856955,0.2874933966143045,,,,,,,,,
47,0,100,ZX_split,XZ,5.7627453694513004,2.01374383668638,0.9694111153693437,0.030588884630656343,,,,,,,,,
47,0,100,XYZ_split,XZ,5.7627453694513004,2.01374383668638,0.9859039654441353,0.014096034555864723,,,,,,,,,
47,0,100,ORACLE_plane,XZ,5.7627453694513004,2.01374383668638,0.9984051552350202,0.0015948447649798414,,,,,,,,,
47,0,100,RL_adaptive,XZ,5.7627453694513004,2.01374383668638,0.9758458713533815,0.024154128646618478,11.0,6.0,5.0,33.0,20.0,4.0,9.0,0.0,12.0
47,0,250,Z_only,XZ,5.7627453694513004,2.01374383668638,0.7125066033856955,0.2874933966143045,,,,,,,,,
47,0,250,ZX_split,XZ,5.7627453694513004,2.01374383668638,0.9913580339428788,0.008641966057121198,,,,,,,,,
47,0,250,XYZ_split,XZ,5.7627453694513004,2.01374383668638,0.9925739820052348,0.007426017994765166,,,,,,,,,
47,0,250,ORACLE_plane,XZ,5.7627453694513004,2.01374383668638,0.999400698913035,0.0005993010869650428,,,,,,,,,
47,0,250,RL_adaptive,XZ,5.7627453694513004,2.01374383668638,0.9947947439968213,0.005205256003178671,14.0,15.0,138.0,12.0,13.0,11.0,10.0,5.0,32.0
47,0,500,Z_only,XZ,5.7627453694513004,2.01374383668638,0.7125066033856955,0.2874933966143045,,,,,,,,,
47,0,500,ZX_split,XZ,5.7627453694513004,2.01374383668638,0.9980004420200991,0.0019995579799009233,,,,,,,,,
47,0,500,XYZ_split,XZ,5.7627453694513004,2.01374383668638,0.9974266485853767,0.002573351414623337,,,,,,,,,
47,0,500,ORACLE_plane,XZ,5.7627453694513004,2.01374383668638,0.9992693832315881,0.0007306167684119069,,,,,,,,,
47,0,500,RL_adaptive,XZ,5.7627453694513004,2.01374383668638,0.995102559405675,0.004897440594324953,64.0,91.0,161.0,14.0,36.0,48.0,4.0,6.0,76.0
47,1,10,Z_only,XZ,5.7627453694513004,2.01374383668638,0.7125066033856955,0.2874933966143045,,,,,,,,,
47,1,10,ZX_split,XZ,5.7627453694513004,2.01374383668638,0.9678150650943134,0.032184934905686635,,,,,,,,,
47,1,10,XYZ_split,XZ,5.7627453694513004,2.01374383668638,0.8577250291896725,0.14227497081032747,,,,,,,,,
47,1,10,ORACLE_plane,XZ,5.7627453694513004,2.01374383668638,0.9458548499788442,0.05414515002115583,,,,,,,,,
47,1,10,RL_adaptive,XZ,5.7627453694513004,2.01374383668638,0.8577250291896725,0.14227497081032747,5.0,0.0,0.0,0.0,2.0,0.0,0.0,0.0,3.0
47,1,25,Z_only,XZ,5.7627453694513004,2.01374383668638,0.7125066033856955,0.2874933966143045,,,,,,,,,
47,1,25,ZX_split,XZ,5.7627453694513004,2.01374383668638,0.9944032539653993,0.005596746034600697,,,,,,,,,
47,1,25,XYZ_split,XZ,5.7627453694513004,2.01374383668638,0.8637148475137143,0.1362851524862857,,,,,,,,,
47,1,25,ORACLE_plane,XZ,5.7627453694513004,2.01374383668638,0.968619653538207,0.031380346461792996,,,,,,,,,
47,1,25,RL_adaptive,XZ,5.7627453694513004,2.01374383668638,0.8833026939396963,0.11669730606030371,6.0,1.0,1.0,2.0,3.0,3.0,0.0,6.0,3.0
47,1,50,Z_only,XZ,5.7627453694513004,2.01374383668638,0.7125066033856955,0.2874933966143045,,,,,,,,,
47,1,50,ZX_split,XZ,5.7627453694513004,2.01374383668638,0.9982284641562181,0.0017715358437818685,,,,,,,,,
47,1,50,XYZ_split,XZ,5.7627453694513004,2.01374383668638,0.9534752877404702,0.04652471225952981,,,,,,,,,
47,1,50,ORACLE_plane,XZ,5.7627453694513004,2.01374383668638,0.9801129047295932,0.019887095270406774,,,,,,,,,
47,1,50,RL_adaptive,XZ,5.7627453694513004,2.01374383668638,0.9799853039310755,0.020014696068924476,11.0,0.0,0.0,0.0,9.0,0.0,0.0,17.0,13.0
47,1,100,Z_only,XZ,5.7627453694513004,2.01374383668638,0.7125066033856955,0.2874933966143045,,,,,,,,,
47,1,100,ZX_split,XZ,5.7627453694513004,2.01374383668638,0.998358820737735,0.0016411792622650356,,,,,,,,,
47,1,100,XYZ_split,XZ,5.7627453694513004,2.01374383668638,0.9871044070724871,0.012895592927512856,,,,,,,,,
47,1,100,ORACLE_plane,XZ,5.7627453694513004,2.01374383668638,0.9917840027610313,0.008215997238968709,,,,,,,,,
47,1,100,RL_adaptive,XZ,5.7627453694513004,2.01374383668638,0.9927401489919869,0.007259851008013074,16.0,2.0,6.0,30.0,26.0,0.0,4.0,0.0,16.0
47,1,250,Z_only,XZ,5.7627453694513004,2.01374383668638,0.7125066033856955,0.2874933966143045,,,,,,,,,
47,1,250,ZX_split,XZ,5.7627453694513004,2.01374383668638,0.9992377244557428,0.0007622755442572293,,,,,,,,,
47,1,250,XYZ_split,XZ,5.7627453694513004,2.01374383668638,0.9944323672050803,0.005567632794919675,,,,,,,,,
47,1,250,ORACLE_plane,XZ,5.7627453694513004,2.01374383668638,0.9976200120408985,0.0023799879591015483,,,,,,,,,
47,1,250,RL_adaptive,XZ,5.7627453694513004,2.01374383668638,0.9836483776682869,0.016351622331713056,13.0,15.0,139.0,12.0,13.0,11.0,9.0,5.0,33.0
47,1,500,Z_only,XZ,5.7627453694513004,2.01374383668638,0.7125066033856955,0.2874933966143045,,,,,,,,,
47,1,500,ZX_split,XZ,5.7627453694513004,2.01374383668638,0.999625727389365,0.00037427261063505135,,,,,,,,,
47,1,500,XYZ_split,XZ,5.7627453694513004,2.01374383668638,0.995170045914894,0.004829954085106003,,,,,,,,,
47,1,500,ORACLE_plane,XZ,5.7627453694513004,2.01374383668638,0.9985654579164511,0.0014345420835488731,,,,,,,,,
47,1,500,RL_adaptive,XZ,5.7627453694513004,2.01374383668638,0.9977836367601606,0.002216363239839425,64.0,82.0,171.0,16.0,44.0,42.0,0.0,7.0,74.0
47,2,10,Z_only,XZ,5.7627453694513004,2.01374383668638,0.7125066033856955,0.2874933966143045,,,,,,,,,
47,2,10,ZX_split,XZ,5.7627453694513004,2.01374383668638,0.9718247451701877,0.028175254829812313,,,,,,,,,
47,2,10,XYZ_split,XZ,5.7627453694513004,2.01374383668638,0.9004112126931676,0.0995887873068324,,,,,,,,,
47,2,10,ORACLE_plane,XZ,5.7627453694513004,2.01374383668638,0.9878130865660625,0.012186913433937518,,,,,,,,,
47,2,10,RL_adaptive,XZ,5.7627453694513004,2.01374383668638,0.9337002212890045,0.06629977871099546,2.0,0.0,2.0,0.0,2.0,0.0,0.0,2.0,2.0
47,2,25,Z_only,XZ,5.7627453694513004,2.01374383668638,0.7125066033856955,0.2874933966143045,,,,,,,,,
47,2,25,ZX_split,XZ,5.7627453694513004,2.01374383668638,0.988918611133453,0.01108138886654697,,,,,,,,,
47,2,25,XYZ_split,XZ,5.7627453694513004,2.01374383668638,0.774970621450473,0.22502937854952698,,,,,,,,,
47,2,25,ORACLE_plane,XZ,5.7627453694513004,2.01374383668638,0.9883218439024081,0.01167815609759193,,,,,,,,,
47,2,25,RL_adaptive,XZ,5.7627453694513004,2.01374383668638,0.8956762939797639,0.1043237060202361,6.0,2.0,1.0,2.0,2.0,2.0,0.0,6.0,4.0
47,2,50,Z_only,XZ,5.7627453694513004,2.01374383668638,0.7125066033856955,0.2874933966143045,,,,,,,,,
47,2,50,ZX_split,XZ,5.7627453694513004,2.01374383668638,0.9973445306863675,0.0026554693136324747,,,,,,,,,
47,2,50,XYZ_split,XZ,5.7627453694513004,2.01374383668638,0.8796530757862207,0.12034692421377935,,,,,,,,,
47,2,50,ORACLE_plane,XZ,5.7627453694513004,2.01374383668638,0.9993513624967371,0.0006486375032629388,,,,,,,,,
47,2,50,RL_adaptive,XZ,5.7627453694513004,2.01374383668638,0.9693197636515603,0.03068023634843975,11.0,2.0,0.0,0.0,6.0,0.0,0.0,19.0,12.0
47,2,100,Z_only,XZ,5.7627453694513004,2.01374383668638,0.7125066033856955,0.2874933966143045,,,,,,,,,
47,2,100,ZX_split,XZ,5.7627453694513004,2.01374383668638,0.9960466433989361,0.003953356601063884,,,,,,,,,
47,2,100,XYZ_split,XZ,5.7627453694513004,2.01374383668638,0.9813938735347368,0.018606126465263162,,,,,,,,,
47,2,100,ORACLE_plane,XZ,5.7627453694513004,2.01374383668638,0.998732948825865,0.0012670511741349477,,,,,,,,,
47,2,100,RL_adaptive,XZ,5.7627453694513004,2.01374383668638,0.9779376951600521,0.022062304839947866,9.0,7.0,8.0,34.0,18.0,4.0,11.0,0.0,9.0
47,2,250,Z_only,XZ,5.7627453694513004,2.01374383668638,0.7125066033856955,0.2874933966143045,,,,,,,,,
47,2,250,ZX_split,XZ,5.7627453694513004,2.01374383668638,0.9994105289573877,0.0005894710426123106,,,,,,,,,
47,2,250,XYZ_split,XZ,5.7627453694513004,2.01374383668638,0.9964053565420858,0.0035946434579141595,,,,,,,,,
47,2,250,ORACLE_plane,XZ,5.7627453694513004,2.01374383668638,0.999835231485627,0.00016476851437297046,,,,,,,,,
47,2,250,RL_adaptive,XZ,5.7627453694513004,2.01374383668638,0.9805100127022023,0.019489987297797717,11.0,18.0,141.0,13.0,10.0,11.0,13.0,5.0,28.0
47,2,500,Z_only,XZ,5.7627453694513004,2.01374383668638,0.7125066033856955,0.2874933966143045,,,,,,,,,
47,2,500,ZX_split,XZ,5.7627453694513004,2.01374383668638,0.9997472792774758,0.0002527207225242467,,,,,,,,,
47,2,500,XYZ_split,XZ,5.7627453694513004,2.01374383668638,0.9944391232181365,0.005560876781863455,,,,,,,,,
47,2,500,ORACLE_plane,XZ,5.7627453694513004,2.01374383668638,0.9981863731834244,0.0018136268165755975,,,,,,,,,
47,2,500,RL_adaptive,XZ,5.7627453694513004,2.01374383668638,0.9990571747456485,0.0009428252543515203,61.0,93.0,160.0,15.0,35.0,50.0,7.0,9.0,70.0
47,3,10,Z_only,XZ,5.7627453694513004,2.01374383668638,0.7125066033856955,0.2874933966143045,,,,,,,,,
47,3,10,ZX_split,XZ,5.7627453694513004,2.01374383668638,0.9849033534265578,0.01509664657344223,,,,,,,,,
47,3,10,XYZ_split,XZ,5.7627453694513004,2.01374383668638,0.7866993695881149,0.21330063041188507,,,,,,,,,
47,3,10,ORACLE_plane,XZ,5.7627453694513004,2.01374383668638,0.8436341673185281,0.15636583268147186,,,,,,,,,
47,3,10,RL_adaptive,XZ,5.7627453694513004,2.01374383668638,0.6631075954145957,0.33689240458540426,3.0,0.0,0.0,0.0,2.0,0.0,0.0,0.0,5.0
47,3,25,Z_only,XZ,5.7627453694513004,2.01374383668638,0.7125066033856955,0.2874933966143045,,,,,,,,,
47,3,25,ZX_split,XZ,5.7627453694513004,2.01374383668638,0.9763841062904248,0.023615893709575175,,,,,,,,,
47,3,25,XYZ_split,XZ,5.7627453694513004,2.01374383668638,0.9730733278076272,0.02692667219237277,,,,,,,,,
47,3,25,ORACLE_plane,XZ,5.7627453694513004,2.01374383668638,0.9547540415174852,0.04524595848251478,,,,,,,,,
47,3,25,RL_adaptive,XZ,5.7627453694513004,2.01374383668638,0.9335955778106221,0.06640442218937792,7.0,1.0,1.0,1.0,2.0,3.0,0.0,6.0,4.0
47,3,50,Z_only,XZ,5.7627453694513004,2.01374383668638,0.7125066033856955,0.2874933966143045,,,,,,,,,
47,3,50,ZX_split,XZ,5.7627453694513004,2.01374383668638,0.9683265844870741,0.031673415512925907,,,,,,,,,
47,3,50,XYZ_split,XZ,5.7627453694513004,2.01374383668638,0.9874684622410598,0.012531537758940225,,,,,,,,,
47,3,50,ORACLE_plane,XZ,5.7627453694513004,2.01374383668638,0.9962491953228353,0.0037508046771647097,,,,,,,,,
47,3,50,RL_adaptive,XZ,5.7627453694513004,2.01374383668638,0.974254003256273,0.025745996743727018,8.0,4.0,0.0,0.0,6.0,3.0,1.0,18.0,10.0
47,3,100,Z_only,XZ,5.7627453694513004,2.01374383668638,0.7125066033856955,0.2874933966143045,,,,,,,,,
47,3,100,ZX_split,XZ,5.7627453694513004,2.01374383668638,0.9963319002922475,0.0036680997077525035,,,,,,,,,
47,3,100,XYZ_split,XZ,5.7627453694513004,2.01374383668638,0.9567494367411112,0.04325056325888876,,,,,,,,,
47,3,100,ORACLE_plane,XZ,5.7627453694513004,2.01374383668638,0.9968944846025457,0.003105515397454295,,,,,,,,,
47,3,100,RL_adaptive,XZ,5.7627453694513004,2.01374383668638,0.9971175477335291,0.0028824522664708807,16.0,1.0,6.0,30.0,26.0,0.0,5.0,0.0,16.0
47,3,250,Z_only,XZ,5.7627453694513004,2.01374383668638,0.7125066033856955,0.2874933966143045,,,,,,,,,
47,3,250,ZX_split,XZ,5.7627453694513004,2.01374383668638,0.9949086546618526,0.005091345338147368,,,,,,,,,
47,3,250,XYZ_split,XZ,5.7627453694513004,2.01374383668638,0.9964935285401071,0.0035064714598929125,,,,,,,,,
47,3,250,ORACLE_plane,XZ,5.7627453694513004,2.01374383668638,0.9973641787515652,0.0026358212484347554,,,,,,,,,
47,3,250,RL_adaptive,XZ,5.7627453694513004,2.01374383668638,0.9877803314391091,0.01221966856089085,18.0,10.0,141.0,10.0,18.0,8.0,7.0,4.0,34.0
47,3,500,Z_only,XZ,5.7627453694513004,2.01374383668638,0.7125066033856955,0.2874933966143045,,,,,,,,,
47,3,500,ZX_split,XZ,5.7627453694513004,2.01374383668638,0.9966793789089604,0.0033206210910395884,,,,,,,,,
47,3,500,XYZ_split,XZ,5.7627453694513004,2.01374383668638,0.9980055004560622,0.001994499543937822,,,,,,,,,
47,3,500,ORACLE_plane,XZ,5.7627453694513004,2.01374383668638,0.9985857712257216,0.0014142287742784365,,,,,,,,,
47,3,500,RL_adaptive,XZ,5.7627453694513004,2.01374383668638,0.9908335321078543,0.009166467892145702,64.0,83.0,165.0,12.0,42.0,45.0,7.0,8.0,74.0
47,4,10,Z_only,XZ,5.7627453694513004,2.01374383668638,0.7125066033856955,0.2874933966143045,,,,,,,,,
47,4,10,ZX_split,XZ,5.7627453694513004,2.01374383668638,0.9962328908488244,0.0037671091511756183,,,,,,,,,
47,4,10,XYZ_split,XZ,5.7627453694513004,2.01374383668638,0.7150562716448764,0.2849437283551236,,,,,,,,,
47,4,10,ORACLE_plane,XZ,5.7627453694513004,2.01374383668638,0.9802198135633676,0.019780186436632374,,,,,,,,,
47,4,10,RL_adaptive,XZ,5.7627453694513004,2.01374383668638,0.7631509671769262,0.2368490328230738,4.0,0.0,0.0,0.0,2.0,0.0,0.0,0.0,4.0
47,4,25,Z_only,XZ,5.7627453694513004,2.01374383668638,0.7125066033856955,0.2874933966143045,,,,,,,,,
47,4,25,ZX_split,XZ,5.7627453694513004,2.01374383668638,0.9727470798776042,0.027252920122395774,,,,,,,,,
47,4,25,XYZ_split,XZ,5.7627453694513004,2.01374383668638,0.9551834324739261,0.04481656752607388,,,,,,,,,
47,4,25,ORACLE_plane,XZ,5.7627453694513004,2.01374383668638,0.9972162226322884,0.002783777367711626,,,,,,,,,
47,4,25,RL_adaptive,XZ,5.7627453694513004,2.01374383668638,0.9695397945926705,0.03046020540732952,8.0,0.0,0.0,1.0,3.0,4.0,0.0,6.0,3.0
47,4,50,Z_only,XZ,5.7627453694513004,2.01374383668638,0.7125066033856955,0.2874933966143045,,,,,,,,,
47,4,50,ZX_split,XZ,5.7627453694513004,2.01374383668638,0.997255978143802,0.0027440218561980423,,,,,,,,,
47,4,50,XYZ_split,XZ,5.7627453694513004,2.01374383668638,0.9673936447355704,0.032606355264429565,,,,,,,,,
47,4,50,ORACLE_plane,XZ,5.7627453694513004,2.01374383668638,0.9849928177089807,0.015007182291019272,,,,,,,,,
47,4,50,RL_adaptive,XZ,5.7627453694513004,2.01374383668638,0.9824345788413409,0.01756542115865911,9.0,2.0,0.0,0.0,7.0,1.0,0.0,19.0,12.0
47,4,100,Z_only,XZ,5.7627453694513004,2.01374383668638,0.7125066033856955,0.2874933966143045,,,,,,,,,
47,4,100,ZX_split,XZ,5.7627453694513004,2.01374383668638,0.9979405825668034,0.0020594174331965975,,,,,,,,,
47,4,100,XYZ_split,XZ,5.7627453694513004,2.01374383668638,0.9745126647014585,0.025487335298541525,,,,,,,,,
47,4,100,ORACLE_plane,XZ,5.7627453694513004,2.01374383668638,0.9960307628635603,0.003969237136439707,,,,,,,,,
47,4,100,RL_adaptive,XZ,5.7627453694513004,2.01374383668638,0.9735183955008494,0.0264816044991506,16.0,1.0,6.0,30.0,26.0,1.0,5.0,0.0,15.0
47,4,250,Z_only,XZ,5.7627453694513004,2.01374383668638,0.7125066033856955,0.2874933966143045,,,,,,,,,
47,4,250,ZX_split,XZ,5.7627453694513004,2.01374383668638,0.9988209172470075,0.0011790827529924996,,,,,,,,,
47,4,250,XYZ_split,XZ,5.7627453694513004,2.01374383668638,0.9925345641029532,0.007465435897046846,,,,,,,,,
47,4,250,ORACLE_plane,XZ,5.7627453694513004,2.01374383668638,0.99786861045097,0.002131389549030027,,,,,,,,,
47,4,250,RL_adaptive,XZ,5.7627453694513004,2.01374383668638,0.9889843404140475,0.01101565958595252,15.0,17.0,132.0,11.0,13.0,11.0,10.0,5.0,36.0
47,4,500,Z_only,XZ,5.7627453694513004,2.01374383668638,0.7125066033856955,0.2874933966143045,,,,,,,,,
47,4,500,ZX_split,XZ,5.7627453694513004,2.01374383668638,0.9972299482846756,0.0027700517153244064,,,,,,,,,
47,4,500,XYZ_split,XZ,5.7627453694513004,2.01374383668638,0.9981878545144979,0.0018121454855021257,,,,,,,,,
47,4,500,ORACLE_plane,XZ,5.7627453694513004,2.01374383668638,0.9991041655306514,0.0008958344693485998,,,,,,,,,
47,4,500,RL_adaptive,XZ,5.7627453694513004,2.01374383668638,0.9967324518979213,0.0032675481020787434,59.0,93.0,161.0,13.0,38.0,48.0,9.0,9.0,70.0
48,0,10,Z_only,XY,0.6177815184587434,5.084482057590228,0.2500000000000001,0.7499999999999999,,,,,,,,,
48,0,10,ZX_split,XY,0.6177815184587434,5.084482057590228,0.3155549994772266,0.6844450005227734,,,,,,,,,
48,0,10,XYZ_split,XY,0.6177815184587434,5.084482057590228,0.9341505077231368,0.06584949227686321,,,,,,,,,
48,0,10,ORACLE_plane,XY,0.6177815184587434,5.084482057590228,0.8655969973745331,0.1344030026254669,,,,,,,,,
48,0,10,RL_adaptive,XY,0.6177815184587434,5.084482057590228,0.8307167824235497,0.16928321757645026,3.0,0.0,0.0,0.0,2.0,0.0,0.0,1.0,4.0
48,0,25,Z_only,XY,0.6177815184587434,5.084482057590228,0.25,0.75,,,,,,,,,
48,0,25,ZX_split,XY,0.6177815184587434,5.084482057590228,0.5855217846752183,0.4144782153247817,,,,,,,,,
48,0,25,XYZ_split,XY,0.6177815184587434,5.084482057590228,0.769212546594134,0.23078745340586604,,,,,,,,,
48,0,25,ORACLE_plane,XY,0.6177815184587434,5.084482057590228,0.9741887120590866,0.025811287940913363,,,,,,,,,
48,0,25,RL_adaptive,XY,0.6177815184587434,5.084482057590228,0.9385251463212747,0.061474853678725294,6.0,0.0,1.0,3.0,2.0,0.0,0.0,11.0,2.0
48,0,50,Z_only,XY,0.6177815184587434,5.084482057590228,0.25,0.75,,,,,,,,,
48,0,50,ZX_split,XY,0.6177815184587434,5.084482057590228,0.5746813791272044,0.4253186208727956,,,,,,,,,
48,0,50,XYZ_split,XY,0.6177815184587434,5.084482057590228,0.9733853833953587,0.02661461660464126,,,,,,,,,
48,0,50,ORACLE_plane,XY,0.6177815184587434,5.084482057590228,0.9738101737012157,0.026189826298784302,,,,,,,,,
48,0,50,RL_adaptive,XY,0.6177815184587434,5.084482057590228,0.9728663792000416,0.027133620799958402,12.0,0.0,0.0,0.0,7.0,0.0,0.0,18.0,13.0
48,0,100,Z_only,XY,0.6177815184587434,5.084482057590228,0.2500000000000001,0.7499999999999999,,,,,,,,,
48,0,100,ZX_split,XY,0.6177815184587434,5.084482057590228,0.5828674281974251,0.4171325718025749,,,,,,,,,
48,0,100,XYZ_split,XY,0.6177815184587434,5.084482057590228,0.9742621881006425,0.025737811899357532,,,,,,,,,
48,0,100,ORACLE_plane,XY,0.6177815184587434,5.084482057590228,0.993536648539943,0.006463351460057054,,,,,,,,,
48,0,100,RL_adaptive,XY,0.6177815184587434,5.084482057590228,0.9776415327929703,0.02235846720702972,17.0,1.0,7.0,33.0,18.0,0.0,3.0,0.0,21.0
48,0,250,Z_only,XY,0.6177815184587434,5.084482057590228,0.25,0.75,,,,,,,,,
48,0,250,ZX_split,XY,0.6177815184587434,5.084482057590228,0.6180334728336618,0.38196652716633817,,,,,,,,,
48,0,250,XYZ_split,XY,0.6177815184587434,5.084482057590228,0.9978473559775977,0.002152644022402339,,,,,,,,,
48,0,250,ORACLE_plane,XY,0.6177815184587434,5.084482057590228,0.9958628110848404,0.004137188915159573,,,,,,,,,
48,0,250,RL_adaptive,XY,0.6177815184587434,5.084482057590228,0.988710872903244,0.011289127096756002,14.0,16.0,133.0,10.0,24.0,3.0,12.0,3.0,35.0
48,0,500,Z_only,XY,0.6177815184587434,5.084482057590228,0.25,0.75,,,,,,,,,
48,0,500,ZX_split,XY,0.6177815184587434,5.084482057590228,0.6177456812378584,0.38225431876214155,,,,,,,,,
48,0,500,XYZ_split,XY,0.6177815184587434,5.084482057590228,0.9965009468307724,0.003499053169227606,,,,,,,,,
48,0,500,ORACLE_plane,XY,0.6177815184587434,5.084482057590228,0.9962561898810167,0.0037438101189832818,,,,,,,,,
48,0,500,RL_adaptive,XY,0.6177815184587434,5.084482057590228,0.9933564211064319,0.006643578893568147,56.0,111.0,139.0,2.0,28.0,57.0,36.0,15.0,56.0
48,1,10,Z_only,XY,0.6177815184587434,5.084482057590228,0.2500000000000001,0.7499999999999999,,,,,,,,,
48,1,10,ZX_split,XY,0.6177815184587434,5.084482057590228,0.47494366239079977,0.5250563376092002,,,,,,,,,
48,1,10,XYZ_split,XY,0.6177815184587434,5.084482057590228,0.8535072384869127,0.14649276151308732,,,,,,,,,
48,1,10,ORACLE_plane,XY,0.6177815184587434,5.084482057590228,0.919710942333146,0.08028905766685401,,,,,,,,,
48,1,10,RL_adaptive,XY,0.6177815184587434,5.084482057590228,0.6593154587929758,0.3406845412070242,2.0,0.0,2.0,0.0,2.0,0.0,0.0,0.0,4.0
48,1,25,Z_only,XY,0.6177815184587434,5.084482057590228,0.2500000000000001,0.7499999999999999,,,,,,,,,
48,1,25,ZX_split,XY,0.6177815184587434,5.084482057590228,0.5493410843661168,0.45065891563388316,,,,,,,,,
48,1,25,XYZ_split,XY,0.6177815184587434,5.084482057590228,0.9320622957880225,0.06793770421197753,,,,,,,,,
48,1,25,ORACLE_plane,XY,0.6177815184587434,5.084482057590228,0.9721075430525694,0.02789245694743059,,,,,,,,,
48,1,25,RL_adaptive,XY,0.6177815184587434,5.084482057590228,0.8828458723994541,0.11715412760054589,8.0,0.0,0.0,1.0,2.0,1.0,0.0,11.0,2.0
48,1,50,Z_only,XY,0.6177815184587434,5.084482057590228,0.2500000000000001,0.7499999999999999,,,,,,,,,
48,1,50,ZX_split,XY,0.6177815184587434,5.084482057590228,0.6000311803195659,0.3999688196804341,,,,,,,,,
48,1,50,XYZ_split,XY,0.6177815184587434,5.084482057590228,0.9668847057354525,0.03311529426454751,,,,,,,,,
48,1,50,ORACLE_plane,XY,0.6177815184587434,5.084482057590228,0.9727399596929441,0.027260040307055866,,,,,,,,,
48,1,50,RL_adaptive,XY,0.6177815184587434,5.084482057590228,0.9726558517268618,0.027344148273138247,12.0,1.0,0.0,1.0,7.0,1.0,0.0,16.0,12.0
48,1,100,Z_only,XY,0.6177815184587434,5.084482057590228,0.2500000000000001,0.7499999999999999,,,,,,,,,
48,1,100,ZX_split,XY,0.6177815184587434,5.084482057590228,0.606974371339799,0.39302562866020097,,,,,,,,,
48,1,100,XYZ_split,XY,0.6177815184587434,5.084482057590228,0.9595292082099595,0.04047079179004054,,,,,,,,,
48,1,100,ORACLE_plane,XY,0.6177815184587434,5.084482057590228,0.9985178948228953,0.0014821051771046756,,,,,,,,,
48,1,100,RL_adaptive,XY,0.6177815184587434,5.084482057590228,0.9571716593304743,0.04282834066952568,14.0,0.0,5.0,42.0,18.0,0.0,6.0,0.0,15.0
48,1,250,Z_only,XY,0.6177815184587434,5.084482057590228,0.2500000000000001,0.7499999999999999,,,,,,,,,
48,1,250,ZX_split,XY,0.6177815184587434,5.084482057590228,0.6147545715032108,0.3852454284967892,,,,,,,,,
48,1,250,XYZ_split,XY,0.6177815184587434,5.084482057590228,0.9823784080438581,0.01762159195614188,,,,,,,,,
48,1,250,ORACLE_plane,XY,0.6177815184587434,5.084482057590228,0.9997310726351014,0.0002689273648985857,,,,,,,,,
48,1,250,RL_adaptive,XY,0.6177815184587434,5.084482057590228,0.9929504380205,0.007049561979500019,14.0,19.0,130.0,10.0,21.0,5.0,16.0,4.0,31.0
48,1,500,Z_only,XY,0.6177815184587434,5.084482057590228,0.2500000000000001,0.7499999999999999,,,,,,,,,
48,1,500,ZX_split,XY,0.6177815184587434,5.084482057590228,0.6163039162244565,0.38369608377554354,,,,,,,,,
48,1,500,XYZ_split,XY,0.6177815184587434,5.084482057590228,0.9943037673333346,0.005696232666665413,,,,,,,,,
48,1,500,ORACLE_plane,XY,0.6177815184587434,5.084482057590228,0.9998538777102502,0.0001461222897497505,,,,,,,,,
48,1,500,RL_adaptive,XY,0.6177815184587434,5.084482057590228,0.9998116531061606,0.0001883468938393973,62.0,110.0,136.0,3.0,30.0,53.0,31.0,10.0,65.0
48,2,10,Z_only,XY,0.6177815184587434,5.084482057590228,0.25,0.75,,,,,,,,,
48,2,10,ZX_split,XY,0.6177815184587434,5.084482057590228,0.4735829904399137,0.5264170095600863,,,,,,,,,
48,2,10,XYZ_split,XY,0.6177815184587434,5.084482057590228,0.9574549350302376,0.0425450649697624,,,,,,,,,
48,2,10,ORACLE_plane,XY,0.6177815184587434,5.084482057590228,0.8830742619525477,0.11692573804745232,,,,,,,,,
48,2,10,RL_adaptive,XY,0.6177815184587434,5.084482057590228,0.9590165658248109,0.040983434175189126,2.0,0.0,2.0,0.0,2.0,0.0,0.0,2.0,2.0
48,2,25,Z_only,XY,0.6177815184587434,5.084482057590228,0.2500000000000001,0.7499999999999999,,,,,,,,,
48,2,25,ZX_split,XY,0.6177815184587434,5.084482057590228,0.5178525218948405,0.48214747810515945,,,,,,,,,
48,2,25,XYZ_split,XY,0.6177815184587434,5.084482057590228,0.908883415434788,0.09111658456521199,,,,,,,,,
48,2,25,ORACLE_plane,XY,0.6177815184587434,5.084482057590228,0.9692365716813571,0.03076342831864287,,,,,,,,,
48,2,25,RL_adaptive,XY,0.6177815184587434,5.084482057590228,0.9169274689006847,0.08307253109931534,4.0,0.0,1.0,5.0,2.0,2.0,0.0,9.0,2.0
48,2,50,Z_only,XY,0.6177815184587434,5.084482057590228,0.25,0.75,,,,,,,,,
48,2,50,ZX_split,XY,0.6177815184587434,5.084482057590228,0.6182276555856733,0.3817723444143267,,,,,,,,,
48,2,50,XYZ_split,XY,0.6177815184587434,5.084482057590228,0.9245566118868905,0.07544338811310947,,,,,,,,,
48,2,50,ORACLE_plane,XY,0.6177815184587434,5.084482057590228,0.9948268110199922,0.005173188980007848,,,,,,,,,
48,2,50,RL_adaptive,XY,0.6177815184587434,5.084482057590228,0.997181243618625,0.002818756381374965,7.0,3.0,0.0,1.0,4.0,3.0,2.0,21.0,9.0
48,2,100,Z_only,XY,0.6177815184587434,5.084482057590228,0.2500000000000001,0.7499999999999999,,,,,,,,,
48,2,100,ZX_split,XY,0.6177815184587434,5.084482057590228,0.5994584953438601,0.4005415046561399,,,,,,,,,
48,2,100,XYZ_split,XY,0.6177815184587434,5.084482057590228,0.9510148311634069,0.048985168836593096,,,,,,,,,
48,2,100,ORACLE_plane,XY,0.6177815184587434,5.084482057590228,0.9814860667159206,0.018513933284079354,,,,,,,,,
48,2,100,RL_adaptive,XY,0.6177815184587434,5.084482057590228,0.9151276095025659,0.08487239049743411,10.0,2.0,6.0,46.0,13.0,3.0,9.0,1.0,10.0
48,2,250,Z_only,XY,0.6177815184587434,5.084482057590228,0.2500000000000001,0.7499999999999999,,,,,,,,,
48,2,250,ZX_split,XY,0.6177815184587434,5.084482057590228,0.6162444789457443,0.3837555210542557,,,,,,,,,
48,2,250,XYZ_split,XY,0.6177815184587434,5.084482057590228,0.9923894265146805,0.007610573485319461,,,,,,,,,
48,2,250,ORACLE_plane,XY,0.6177815184587434,5.084482057590228,0.9998583205803132,0.00014167941968679099,,,,,,,,,
48,2,250,RL_adaptive,XY,0.6177815184587434,5.084482057590228,0.9957633671882218,0.004236632811778218,17.0,17.0,133.0,8.0,22.0,3.0,15.0,4.0,31.0
48,2,500,Z_only,XY,0.6177815184587434,5.084482057590228,0.25,0.75,,,,,,,,,
48,2,500,ZX_split,XY,0.6177815184587434,5.084482057590228,0.6174877159722981,0.3825122840277019,,,,,,,,,
48,2,500,XYZ_split,XY,0.6177815184587434,5.084482057590228,0.9958531683032492,0.004146831696750786,,,,,,,,,
48,2,500,ORACLE_plane,XY,0.6177815184587434,5.084482057590228,0.9988913234524713,0.0011086765475286642,,,,,,,,,
48,2,500,RL_adaptive,XY,0.6177815184587434,5.084482057590228,0.9969620573057058,0.003037942694294249,58.0,107.0,144.0,2.0,31.0,54.0,32.0,12.0,60.0
48,3,10,Z_only,XY,0.6177815184587434,5.084482057590228,0.2500000000000001,0.7499999999999999,,,,,,,,,
48,3,10,ZX_split,XY,0.6177815184587434,5.084482057590228,0.6049856559034692,0.3950143440965308,,,,,,,,,
48,3,10,XYZ_split,XY,0.6177815184587434,5.084482057590228,0.6665084611490666,0.3334915388509334,,,,,,,,,
48,3,10,ORACLE_plane,XY,0.6177815184587434,5.084482057590228,0.9511868008542945,0.04881319914570548,,,,,,,,,
48,3,10,RL_adaptive,XY,0.6177815184587434,5.084482057590228,0.6959082303203078,0.3040917696796922,3.0,0.0,1.0,0.0,2.0,1.0,1.0,0.0,2.0
48,3,25,Z_only,XY,0.6177815184587434,5.084482057590228,0.25,0.75,,,,,,,,,
48,3,25,ZX_split,XY,0.6177815184587434,5.084482057590228,0.5886595164533314,0.41134048354666863,,,,,,,,,
48,3,25,XYZ_split,XY,0.6177815184587434,5.084482057590228,0.8051229792314538,0.19487702076854618,,,,,,,,,
48,3,25,ORACLE_plane,XY,0.6177815184587434,5.084482057590228,0.9593720603505852,0.0406279396494148,,,,,,,,,
48,3,25,RL_adaptive,XY,0.6177815184587434,5.084482057590228,0.9307784154043159,0.06922158459568406,7.0,1.0,0.0,3.0,2.0,0.0,0.0,10.0,2.0
48,3,50,Z_only,XY,0.6177815184587434,5.084482057590228,0.25,0.75,,,,,,,,,
48,3,50,ZX_split,XY,0.6177815184587434,5.084482057590228,0.6168547729498124,0.3831452270501876,,,,,,,,,
48,3,50,XYZ_split,XY,0.6177815184587434,5.084482057590228,0.9396140680953964,0.06038593190460362,,,,,,,,,
48,3,50,ORACLE_plane,XY,0.6177815184587434,5.084482057590228,0.9815003599074422,0.01849964009255778,,,,,,,,,
48,3,50,RL_adaptive,XY,0.6177815184587434,5.084482057590228,0.94060746906968,0.05939253093032004,11.0,1.0,0.0,0.0,8.0,0.0,1.0,19.0,10.0
48,3,100,Z_only,XY,0.6177815184587434,5.084482057590228,0.2500000000000001,0.7499999999999999,,,,,,,,,
48,3,100,ZX_split,XY,0.6177815184587434,5.084482057590228,0.6169604504955408,0.3830395495044592,,,,,,,,,
48,3,100,XYZ_split,XY,0.6177815184587434,5.084482057590228,0.9976137325824097,0.002386267417590293,,,,,,,,,
48,3,100,ORACLE_plane,XY,0.6177815184587434,5.084482057590228,0.9914169406605199,0.008583059339480115,,,,,,,,,
48,3,100,RL_adaptive,XY,0.6177815184587434,5.084482057590228,0.996362445132384,0.0036375548676159664,11.0,3.0,6.0,41.0,13.0,4.0,8.0,1.0,13.0
48,3,250,Z_only,XY,0.6177815184587434,5.084482057590228,0.2500000000000001,0.7499999999999999,,,,,,,,,
48,3,250,ZX_split,XY,0.6177815184587434,5.084482057590228,0.6062447414363799,0.39375525856362015,,,,,,,,,
48,3,250,XYZ_split,XY,0.6177815184587434,5.084482057590228,0.9918712512525589,0.008128748747441072,,,,,,,,,
48,3,250,ORACLE_plane,XY,0.6177815184587434,5.084482057590228,0.9968964504547135,0.003103549545286466,,,,,,,,,
48,3,250,RL_adaptive,XY,0.6177815184587434,5.084482057590228,0.9917609468888425,0.008239053111157468,18.0,19.0,130.0,4.0,25.0,2.0,15.0,0.0,37.0
48,3,500,Z_only,XY,0.6177815184587434,5.084482057590228,0.25,0.75,,,,,,,,,
48,3,500,ZX_split,XY,0.6177815184587434,5.084482057590228,0.6181999154003603,0.38180008459963966,,,,,,,,,
48,3,500,XYZ_split,XY,0.6177815184587434,5.084482057590228,0.9997216712676387,0.0002783287323613326,,,,,,,,,
48,3,500,ORACLE_plane,XY,0.6177815184587434,5.084482057590228,0.9989241371173369,0.0010758628826631478,,,,,,,,,
48,3,500,RL_adaptive,XY,0.6177815184587434,5.084482057590228,0.9970909092260414,0.0029090907739586225,56.0,112.0,139.0,2.0,27.0,58.0,35.0,14.0,57.0
48,4,10,Z_only,XY,0.6177815184587434,5.084482057590228,0.2500000000000001,0.7499999999999999,,,,,,,,,
48,4,10,ZX_split,XY,0.6177815184587434,5.084482057590228,0.33419056796069235,0.6658094320393076,,,,,,,,,
48,4,10,XYZ_split,XY,0.6177815184587434,5.084482057590228,0.881904592254649,0.11809540774535099,,,,,,,,,
48,4,10,ORACLE_plane,XY,0.6177815184587434,5.084482057590228,0.9161977631449929,0.0838022368550071,,,,,,,,,
48,4,10,RL_adaptive,XY,0.6177815184587434,5.084482057590228,0.8520479808685402,0.14795201913145983,2.0,0.0,3.0,0.0,2.0,0.0,0.0,1.0,2.0
48,4,25,Z_only,XY,0.6177815184587434,5.084482057590228,0.2500000000000001,0.7499999999999999,,,,,,,,,
48,4,25,ZX_split,XY,0.6177815184587434,5.084482057590228,0.4514216195086331,0.5485783804913669,,,,,,,,,
48,4,25,XYZ_split,XY,0.6177815184587434,5.084482057590228,0.8414686652288037,0.1585313347711963,,,,,,,,,
48,4,25,ORACLE_plane,XY,0.6177815184587434,5.084482057590228,0.9993809073880857,0.0006190926119142848,,,,,,,,,
48,4,25,RL_adaptive,XY,0.6177815184587434,5.084482057590228,0.9438605099628494,0.056139490037150575,6.0,1.0,0.0,3.0,2.0,1.0,0.0,10.0,2.0
48,4,50,Z_only,XY,0.6177815184587434,5.084482057590228,0.25,0.75,,,,,,,,,
48,4,50,ZX_split,XY,0.6177815184587434,5.084482057590228,0.591195520336245,0.408804479663755,,,,,,,,,
48,4,50,XYZ_split,XY,0.6177815184587434,5.084482057590228,0.9054198918687315,0.09458010813126849,,,,,,,,,
48,4,50,ORACLE_plane,XY,0.6177815184587434,5.084482057590228,0.9915347101202509,0.00846528987974915,,,,,,,,,
48,4,50,RL_adaptive,XY,0.6177815184587434,5.084482057590228,0.972829440058689,0.027170559941311012,12.0,0.0,0.0,0.0,7.0,0.0,0.0,18.0,13.0
48,4,100,Z_only,XY,0.6177815184587434,5.084482057590228,0.25,0.75,,,,,,,,,
48,4,100,ZX_split,XY,0.6177815184587434,5.084482057590228,0.6096250856321682,0.3903749143678318,,,,,,,,,
48,4,100,XYZ_split,XY,0.6177815184587434,5.084482057590228,0.9518749573656671,0.048125042634332926,,,,,,,,,
48,4,100,ORACLE_plane,XY,0.6177815184587434,5.084482057590228,0.9910724862107024,0.00892751378929757,,,,,,,,,
48,4,100,RL_adaptive,XY,0.6177815184587434,5.084482057590228,0.9886184801460891,0.011381519853910893,13.0,2.0,5.0,41.0,15.0,2.0,6.0,1.0,15.0
48,4,250,Z_only,XY,0.6177815184587434,5.084482057590228,0.25,0.75,,,,,,,,,
48,4,250,ZX_split,XY,0.6177815184587434,5.084482057590228,0.6156499422863406,0.3843500577136594,,,,,,,,,
48,4,250,XYZ_split,XY,0.6177815184587434,5.084482057590228,0.9941490546284434,0.005850945371556615,,,,,,,,,
48,4,250,ORACLE_plane,XY,0.6177815184587434,5.084482057590228,0.9982966106372018,0.0017033893627982355,,,,,,,,,
48,4,250,RL_adaptive,XY,0.6177815184587434,5.084482057590228,0.9776541082523095,0.022345891747690527,20.0,16.0,130.0,3.0,29.0,1.0,12.0,0.0,39.0
48,4,500,Z_only,XY,0.6177815184587434,5.084482057590228,0.2500000000000001,0.7499999999999999,,,,,,,,,
48,4,500,ZX_split,XY,0.6177815184587434,5.084482057590228,0.6140926961430291,0.3859073038569709,,,,,,,,,
48,4,500,XYZ_split,XY,0.6177815184587434,5.084482057590228,0.9990507156585626,0.0009492843414373731,,,,,,,,,
48,4,500,ORACLE_plane,XY,0.6177815184587434,5.084482057590228,0.9995589551571784,0.00044104484282159184,,,,,,,,,
48,4,500,RL_adaptive,XY,0.6177815184587434,5.084482057590228,0.9930563220981312,0.006943677901868783,66.0,103.0,138.0,1.0,36.0,48.0,30.0,12.0,66.0
49,0,10,Z_only,YZ,2.782612855896464,5.63724604900894,0.5411860389136327,0.4588139610863673,,,,,,,,,
49,0,10,ZX_split,YZ,2.782612855896464,5.63724604900894,0.2678709307347692,0.7321290692652308,,,,,,,,,
49,0,10,XYZ_split,YZ,2.782612855896464,5.63724604900894,0.5693063341918749,0.43069366580812507,,,,,,,,,
49,0,10,ORACLE_plane,YZ,2.782612855896464,5.63724604900894,0.7394973576777306,0.2605026423222694,,,,,,,,,
49,0,10,RL_adaptive,YZ,2.782612855896464,5.63724604900894,0.17165697597726998,0.8283430240227301,4.0,2.0,0.0,0.0,2.0,0.0,0.0,0.0,2.0
49,0,25,Z_only,YZ,2.782612855896464,5.63724604900894,0.25978832818564557,0.7402116718143544,,,,,,,,,
49,0,25,ZX_split,YZ,2.782612855896464,5.63724604900894,0.47810253784283024,0.5218974621571697,,,,,,,,,
49,0,25,XYZ_split,YZ,2.782612855896464,5.63724604900894,0.9873161264318877,0.012683873568112292,,,,,,,,,
49,0,25,ORACLE_plane,YZ,2.782612855896464,5.63724604900894,0.9823195229225933,0.01768047707740672,,,,,,,,,
49,0,25,RL_adaptive,YZ,2.782612855896464,5.63724604900894,0.9564518880313145,0.043548111968685466,10.0,2.0,0.0,1.0,3.0,3.0,0.0,3.0,3.0
49,0,50,Z_only,YZ,2.782612855896464,5.63724604900894,0.5411860389136327,0.4588139610863673,,,,,,,,,
49,0,50,ZX_split,YZ,2.782612855896464,5.63724604900894,0.5293746467330734,0.47062535326692656,,,,,,,,,
49,0,50,XYZ_split,YZ,2.782612855896464,5.63724604900894,0.9103923808899979,0.08960761911000215,,,,,,,,,
49,0,50,ORACLE_plane,YZ,2.782612855896464,5.63724604900894,0.9941675800095873,0.005832419990412729,,,,,,,,,
49,0,50,RL_adaptive,YZ,2.782612855896464,5.63724604900894,0.9568286469270431,0.04317135307295694,11.0,1.0,0.0,0.0,11.0,1.0,0.0,18.0,8.0
49,0,100,Z_only,YZ,2.782612855896464,5.63724604900894,0.5411860389136327,0.4588139610863673,,,,,,,,,
49,0,100,ZX_split,YZ,2.782612855896464,5.63724604900894,0.5297884579821507,0.4702115420178493,,,,,,,,,
49,0,100,XYZ_split,YZ,2.782612855896464,5.63724604900894,0.9442981675681966,0.05570183243180338,,,,,,,,,
49,0,100,ORACLE_plane,YZ,2.782612855896464,5.63724604900894,0.9899790118508953,0.010020988149104681,,,,,,,,,
49,0,100,RL_adaptive,YZ,2.782612855896464,5.63724604900894,0.9718722647370913,0.028127735262908682,9.0,5.0,3.0,37.0,13.0,7.0,17.0,0.0,9.0
49,0,250,Z_only,YZ,2.782612855896464,5.63724604900894,0.5411860389136327,0.4588139610863673,,,,,,,,,
49,0,250,ZX_split,YZ,2.782612855896464,5.63724604900894,0.5355011417816531,0.4644988582183469,,,,,,,,,
49,0,250,XYZ_split,YZ,2.782612855896464,5.63724604900894,0.9957239598358446,0.0042760401641553925,,,,,,,,,
49,0,250,ORACLE_plane,YZ,2.782612855896464,5.63724604900894,0.9944550980551834,0.005544901944816605,,,,,,,,,
49,0,250,RL_adaptive,YZ,2.782612855896464,5.63724604900894,0.9851497967139429,0.014850203286057129,14.0,0.0,162.0,12.0,23.0,0.0,0.0,8.0,31.0
49,0,500,Z_only,YZ,2.782612855896464,5.63724604900894,0.5411860389136327,0.4588139610863673,,,,,,,,,
49,0,500,ZX_split,YZ,2.782612855896464,5.63724604900894,0.5386215332822333,0.4613784667177667,,,,,,,,,
49,0,500,XYZ_split,YZ,2.782612855896464,5.63724604900894,0.9992162001391746,0.0007837998608254404,,,,,,,,,
49,0,500,ORACLE_plane,YZ,2.782612855896464,5.63724604900894,0.999665015901754,0.00033498409824594955,,,,,,,,,
49,0,500,RL_adaptive,YZ,2.782612855896464,5.63724604900894,0.9891795960567564,0.010820403943243573,61.0,72.0,152.0,0.0,38.0,52.0,29.0,10.0,86.0
49,1,10,Z_only,YZ,2.782612855896464,5.63724604900894,0.5411860389136327,0.4588139610863673,,,,,,,,,
49,1,10,ZX_split,YZ,2.782612855896464,5.63724604900894,0.191446534482512,0.808553465517488,,,,,,,,,
49,1,10,XYZ_split,YZ,2.782612855896464,5.63724604900894,0.9246810629537614,0.0753189370462386,,,,,,,,,
49,1,10,ORACLE_plane,YZ,2.782612855896464,5.63724604900894,0.9890342643408032,0.010965735659196785,,,,,,,,,
49,1,10,RL_adaptive,YZ,2.782612855896464,5.63724604900894,0.8159679088827929,0.1840320911172071,3.0,1.0,0.0,0.0,2.0,0.0,1.0,0.0,3.0
49,1,25,Z_only,YZ,2.782612855896464,5.63724604900894,0.5411860389136327,0.4588139610863673,,,,,,,,,
49,1,25,ZX_split,YZ,2.782612855896464,5.63724604900894,0.3835563924835777,0.6164436075164224,,,,,,,,,
49,1,25,XYZ_split,YZ,2.782612855896464,5.63724604900894,0.9331569266489054,0.06684307335109463,,,,,,,,,
49,1,25,ORACLE_plane,YZ,2.782612855896464,5.63724604900894,0.9936423210134071,0.006357678986592896,,,,,,,,,
49,1,25,RL_adaptive,YZ,2.782612855896464,5.63724604900894,0.8886132639276096,0.11138673607239036,11.0,0.0,0.0,0.0,3.0,3.0,0.0,6.0,2.0
49,1,50,Z_only,YZ,2.782612855896464,5.63724604900894,0.5411860389136327,0.4588139610863673,,,,,,,,,
49,1,50,ZX_split,YZ,2.782612855896464,5.63724604900894,0.5320753486960678,0.46792465130393224,,,,,,,,,
49,1,50,XYZ_split,YZ,2.782612855896464,5.63724604900894,0.9661111254186507,0.03388887458134926,,,,,,,,,
49,1,50,ORACLE_plane,YZ,2.782612855896464,5.63724604900894,0.9946213512072455,0.005378648792754515,,,,,,,,,
49,1,50,RL_adaptive,YZ,2.782612855896464,5.63724604900894,0.9357029155103496,0.06429708448965044,10.0,2.0,0.0,0.0,8.0,4.0,0.0,18.0,8.0
49,1,100,Z_only,YZ,2.782612855896464,5.63724604900894,0.5411860389136327,0.4588139610863673,,,,,,,,,
49,1,100,ZX_split,YZ,2.782612855896464,5.63724604900894,0.5038209952413479,0.49617900475865206,,,,,,,,,
49,1,100,XYZ_split,YZ,2.782612855896464,5.63724604900894,0.9472785310182767,0.05272146898172325,,,,,,,,,
49,1,100,ORACLE_plane,YZ,2.782612855896464,5.63724604900894,0.9870649935818457,0.01293500641815426,,,,,,,,,
49,1,100,RL_adaptive,YZ,2.782612855896464,5.63724604900894,0.9938801244475172,0.006119875552482834,6.0,8.0,4.0,38.0,10.0,10.0,20.0,0.0,4.0
49,1,250,Z_only,YZ,2.782612855896464,5.63724604900894,0.5411860389136327,0.4588139610863673,,,,,,,,,
49,1,250,ZX_split,YZ,2.782612855896464,5.63724604900894,0.5359913869264812,0.4640086130735188,,,,,,,,,
49,1,250,XYZ_split,YZ,2.782612855896464,5.63724604900894,0.9854128335537321,0.014587166446267896,,,,,,,,,
49,1,250,ORACLE_plane,YZ,2.782612855896464,5.63724604900894,0.9988773119883951,0.0011226880116048665,,,,,,,,,
49,1,250,RL_adaptive,YZ,2.782612855896464,5.63724604900894,0.9617131377625252,0.038286862237474795,20.0,0.0,150.0,5.0,34.0,0.0,0.0,1.0,40.0
49,1,500,Z_only,YZ,2.782612855896464,5.63724604900894,0.5411860389136327,0.4588139610863673,,,,,,,,,
49,1,500,ZX_split,YZ,2.782612855896464,5.63724604900894,0.5407438231547124,0.45925617684528763,,,,,,,,,
49,1,500,XYZ_split,YZ,2.782612855896464,5.63724604900894,0.9920179346130473,0.007982065386952675,,,,,,,,,
49,1,500,ORACLE_plane,YZ,2.782612855896464,5.63724604900894,0.9982135395254202,0.001786460474579754,,,,,,,,,
49,1,500,RL_adaptive,YZ,2.782612855896464,5.63724604900894,0.9931885122993753,0.006811487700624674,71.0,60.0,153.0,2.0,48.0,41.0,19.0,7.0,99.0
49,2,10,Z_only,YZ,2.782612855896464,5.63724604900894,0.5411860389136327,0.4588139610863673,,,,,,,,,
49,2,10,ZX_split,YZ,2.782612855896464,5.63724604900894,0.4449500852044598,0.5550499147955402,,,,,,,,,
49,2,10,XYZ_split,YZ,2.782612855896464,5.63724604900894,0.8247776823301318,0.17522231766986818,,,,,,,,,
49,2,10,ORACLE_plane,YZ,2.782612855896464,5.63724604900894,0.9505895211676647,0.04941047883233529,,,,,,,,,
49,2,10,RL_adaptive,YZ,2.782612855896464,5.63724604900894,0.9018103247785916,0.09818967522140842,4.0,0.0,0.0,0.0,2.0,0.0,0.0,0.0,4.0
49,2,25,Z_only,YZ,2.782612855896464,5.63724604900894,0.5411860389136327,0.4588139610863673,,,,,,,,,
49,2,25,ZX_split,YZ,2.782612855896464,5.63724604900894,0.4276144637695613,0.5723855362304386,,,,,,,,,
49,2,25,XYZ_split,YZ,2.782612855896464,5.63724604900894,0.952736839927287,0.04726316007271303,,,,,,,,,
49,2,25,ORACLE_plane,YZ,2.782612855896464,5.63724604900894,0.9963026158140456,0.0036973841859544443,,,,,,,,,
49,2,25,RL_adaptive,YZ,2.782612855896464,5.63724604900894,0.9964270281295237,0.003572971870476338,11.0,1.0,0.0,1.0,4.0,3.0,0.0,3.0,2.0
49,2,50,Z_only,YZ,2.782612855896464,5.63724604900894,0.5411860389136327,0.4588139610863673,,,,,,,,,
49,2,50,ZX_split,YZ,2.782612855896464,5.63724604900894,0.5273599082421969,0.4726400917578031,,,,,,,,,
49,2,50,XYZ_split,YZ,2.782612855896464,5.63724604900894,0.9960245304634004,0.003975469536599552,,,,,,,,,
49,2,50,ORACLE_plane,YZ,2.782612855896464,5.63724604900894,0.9868680514314282,0.013131948568571805,,,,,,,,,
49,2,50,RL_adaptive,YZ,2.782612855896464,5.63724604900894,0.9201473095879587,0.07985269041204135,12.0,1.0,0.0,0.0,11.0,1.0,0.0,17.0,8.0
49,2,100,Z_only,YZ,2.782612855896464,5.63724604900894,0.5411860389136327,0.4588139610863673,,,,,,,,,
49,2,100,ZX_split,YZ,2.782612855896464,5.63724604900894,0.506388483956659,0.49361151604334097,,,,,,,,,
49,2,100,XYZ_split,YZ,2.782612855896464,5.63724604900894,0.9769376883532559,0.023062311646744105,,,,,,,,,
49,2,100,ORACLE_plane,YZ,2.782612855896464,5.63724604900894,0.9993546911486964,0.0006453088513036498,,,,,,,,,
49,2,100,RL_adaptive,YZ,2.782612855896464,5.63724604900894,0.9604541129147954,0.03954588708520457,7.0,6.0,4.0,39.0,12.0,8.0,17.0,0.0,7.0
49,2,250,Z_only,YZ,2.782612855896464,5.63724604900894,0.5411860389136327,0.4588139610863673,,,,,,,,,
49,2,250,ZX_split,YZ,2.782612855896464,5.63724604900894,0.5287085979227392,0.47129140207726083,,,,,,,,,
49,2,250,XYZ_split,YZ,2.782612855896464,5.63724604900894,0.9921309163493732,0.007869083650626774,,,,,,,,,
49,2,250,ORACLE_plane,YZ,2.782612855896464,5.63724604900894,0.998077931395259,0.0019220686047409785,,,,,,,,,
49,2,250,RL_adaptive,YZ,2.782612855896464,5.63724604900894,0.993366539014994,0.006633460985005946,16.0,0.0,156.0,9.0,27.0,0.0,0.0,5.0,37.0
49,2,500,Z_only,YZ,2.782612855896464,5.63724604900894,0.5411860389136327,0.4588139610863673,,,,,,,,,
49,2,500,ZX_split,YZ,2.782612855896464,5.63724604900894,0.5371537392915081,0.4628462607084919,,,,,,,,,
49,2,500,XYZ_split,YZ,2.782612855896464,5.63724604900894,0.9940528585749486,0.005947141425051372,,,,,,,,,
49,2,500,ORACLE_plane,YZ,2.782612855896464,5.63724604900894,0.9999273290297446,7.267097025542846e-05,,,,,,,,,
49,2,500,RL_adaptive,YZ,2.782612855896464,5.63724604900894,0.9967817992370552,0.0032182007629447673,87.0,45.0,155.0,1.0,61.0,26.0,10.0,2.0,113.0
49,3,10,Z_only,YZ,2.782612855896464,5.63724604900894,0.5411860389136327,0.4588139610863673,,,,,,,,,
49,3,10,ZX_split,YZ,2.782612855896464,5.63724604900894,0.3809669684025483,0.6190330315974517,,,,,,,,,
49,3,10,XYZ_split,YZ,2.782612855896464,5.63724604900894,0.5418490727064105,0.4581509272935895,,,,,,,,,
49,3,10,ORACLE_plane,YZ,2.782612855896464,5.63724604900894,0.9200992060064507,0.07990079399354932,,,,,,,,,
49,3,10,RL_adaptive,YZ,2.782612855896464,5.63724604900894,0.8674594111527337,0.13254058884726627,3.0,0.0,0.0,0.0,2.0,0.0,0.0,0.0,5.0
49,3,25,Z_only,YZ,2.782612855896464,5.63724604900894,0.5411860389136327,0.4588139610863673,,,,,,,,,
49,3,25,ZX_split,YZ,2.782612855896464,5.63724604900894,0.40836490854613783,0.5916350914538622,,,,,,,,,
49,3,25,XYZ_split,YZ,2.782612855896464,5.63724604900894,0.8471145128362311,0.15288548716376893,,,,,,,,,
49,3,25,ORACLE_plane,YZ,2.782612855896464,5.63724604900894,0.9929373321309616,0.007062667869038419,,,,,,,,,
49,3,25,RL_adaptive,YZ,2.782612855896464,5.63724604900894,0.8207894105255389,0.1792105894744611,10.0,1.0,0.0,0.0,2.0,4.0,0.0,6.0,2.0
49,3,50,Z_only,YZ,2.782612855896464,5.63724604900894,0.5411860389136327,0.4588139610863673,,,,,,,,,
49,3,50,ZX_split,YZ,2.782612855896464,5.63724604900894,0.5056651228884693,0.4943348771115307,,,,,,,,,
49,3,50,XYZ_split,YZ,2.782612855896464,5.63724604900894,0.9601385588731433,0.039861441126856745,,,,,,,,,
49,3,50,ORACLE_plane,YZ,2.782612855896464,5.63724604900894,0.9543324789065192,0.04566752109348082,,,,,,,,,
49,3,50,RL_adaptive,YZ,2.782612855896464,5.63724604900894,0.9572997255675977,0.04270027443240232,11.0,0.0,0.0,0.0,9.0,4.0,2.0,17.0,7.0
49,3,100,Z_only,YZ,2.782612855896464,5.63724604900894,0.5411860389136327,0.4588139610863673,,,,,,,,,
49,3,100,ZX_split,YZ,2.782612855896464,5.63724604900894,0.5334559431856059,0.46654405681439415,,,,,,,,,
49,3,100,XYZ_split,YZ,2.782612855896464,5.63724604900894,0.984551524141654,0.015448475858345967,,,,,,,,,
49,3,100,ORACLE_plane,YZ,2.782612855896464,5.63724604900894,0.972148462723962,0.027851537276037952,,,,,,,,,
49,3,100,RL_adaptive,YZ,2.782612855896464,5.63724604900894,0.992624750666489,0.007375249333510969,6.0,8.0,3.0,39.0,11.0,9.0,19.0,0.0,5.0
49,3,250,Z_only,YZ,2.782612855896464,5.63724604900894,0.5411860389136327,0.4588139610863673,,,,,,,,,
49,3,250,ZX_split,YZ,2.782612855896464,5.63724604900894,0.5384725625120071,0.46152743748799285,,,,,,,,,
49,3,250,XYZ_split,YZ,2.782612855896464,5.63724604900894,0.9975418929827258,0.0024581070172742248,,,,,,,,,
49,3,250,ORACLE_plane,YZ,2.782612855896464,5.63724604900894,0.997020473796383,0.0029795262036169667,,,,,,,,,
49,3,250,RL_adaptive,YZ,2.782612855896464,5.63724604900894,0.9935268175868797,0.0064731824131203375,14.0,0.0,160.0,11.0,25.0,0.0,0.0,6.0,34.0
49,3,500,Z_only,YZ,2.782612855896464,5.63724604900894,0.5411860389136327,0.4588139610863673,,,,,,,,,
49,3,500,ZX_split,YZ,2.782612855896464,5.63724604900894,0.5407833489835036,0.45921665101649645,,,,,,,,,
49,3,500,XYZ_split,YZ,2.782612855896464,5.63724604900894,0.9984308895793093,0.0015691104206907447,,,,,,,,,
49,3,500,ORACLE_plane,YZ,2.782612855896464,5.63724604900894,0.9985025667680361,0.0014974332319639405,,,,,,,,,
49,3,500,RL_adaptive,YZ,2.782612855896464,5.63724604900894,0.9972118862821301,0.002788113717869911,77.0,59.0,147.0,0.0,51.0,38.0,18.0,3.0,107.0
49,4,10,Z_only,YZ,2.782612855896464,5.63724604900894,0.5411860389136327,0.4588139610863673,,,,,,,,,
49,4,10,ZX_split,YZ,2.782612855896464,5.63724604900894,0.49033536570193426,0.5096646342980657,,,,,,,,,
49,4,10,XYZ_split,YZ,2.782612855896464,5.63724604900894,0.5964334603133427,0.40356653968665734,,,,,,,,,
49,4,10,ORACLE_plane,YZ,2.782612855896464,5.63724604900894,0.9886641190388418,0.011335880961158229,,,,,,,,,
49,4,10,RL_adaptive,YZ,2.782612855896464,5.63724604900894,0.8233110124845927,0.1766889875154073,3.0,1.0,0.0,0.0,3.0,0.0,0.0,0.0,3.0
49,4,25,Z_only,YZ,2.782612855896464,5.63724604900894,0.5411860389136327,0.4588139610863673,,,,,,,,,
49,4,25,ZX_split,YZ,2.782612855896464,5.63724604900894,0.5320931463326504,0.46790685366734963,,,,,,,,,
49,4,25,XYZ_split,YZ,2.782612855896464,5.63724604900894,0.9315036468317925,0.06849635316820746,,,,,,,,,
49,4,25,ORACLE_plane,YZ,2.782612855896464,5.63724604900894,0.9868317127418622,0.01316828725813779,,,,,,,,,
49,4,25,RL_adaptive,YZ,2.782612855896464,5.63724604900894,0.9623088617381138,0.03769113826188619,9.0,1.0,0.0,0.0,3.0,5.0,0.0,5.0,2.0
49,4,50,Z_only,YZ,2.782612855896464,5.63724604900894,0.5411860389136327,0.4588139610863673,,,,,,,,,
49,4,50,ZX_split,YZ,2.782612855896464,5.63724604900894,0.5288276062060603,0.4711723937939397,,,,,,,,,
49,4,50,XYZ_split,YZ,2.782612855896464,5.63724604900894,0.9702708667735513,0.029729133226448656,,,,,,,,,
49,4,50,ORACLE_plane,YZ,2.782612855896464,5.63724604900894,0.9774553358598322,0.02254466414016776,,,,,,,,,
49,4,50,RL_adaptive,YZ,2.782612855896464,5.63724604900894,0.8527910259554886,0.1472089740445114,11.0,0.0,0.0,0.0,11.0,1.0,0.0,18.0,9.0
49,4,100,Z_only,YZ,2.782612855896464,5.63724604900894,0.5411860389136327,0.4588139610863673,,,,,,,,,
49,4,100,ZX_split,YZ,2.782612855896464,5.63724604900894,0.5395499500832482,0.46045004991675176,,,,,,,,,
49,4,100,XYZ_split,YZ,2.782612855896464,5.63724604900894,0.9531048509741954,0.046895149025804606,,,,,,,,,
49,4,100,ORACLE_plane,YZ,2.782612855896464,5.63724604900894,0.9983165999990933,0.0016834000009067207,,,,,,,,,
49,4,100,RL_adaptive,YZ,2.782612855896464,5.63724604900894,0.9491900912111659,0.05080990878883407,7.0,3.0,6.0,37.0,15.0,6.0,20.0,0.0,6.0
49,4,250,Z_only,YZ,2.782612855896464,5.63724604900894,0.5411860389136327,0.4588139610863673,,,,,,,,,
49,4,250,ZX_split,YZ,2.782612855896464,5.63724604900894,0.5315097198506745,0.4684902801493255,,,,,,,,,
49,4,250,XYZ_split,YZ,2.782612855896464,5.63724604900894,0.995586344905913,0.004413655094086977,,,,,,,,,
49,4,250,ORACLE_plane,YZ,2.782612855896464,5.63724604900894,0.9992608798594741,0.0007391201405259062,,,,,,,,,
49,4,250,RL_adaptive,YZ,2.782612855896464,5.63724604900894,0.9912807872905817,0.008719212709418334,11.0,1.0,164.0,12.0,23.0,0.0,1.0,7.0,31.0
49,4,500,Z_only,YZ,2.782612855896464,5.63724604900894,0.5411860389136327,0.4588139610863673,,,,,,,,,
49,4,500,ZX_split,YZ,2.782612855896464,5.63724604900894,0.5291344014117325,0.4708655985882675,,,,,,,,,
49,4,500,XYZ_split,YZ,2.782612855896464,5.63724604900894,0.9974952151323683,0.0025047848676317264,,,,,,,,,
49,4,500,ORACLE_plane,YZ,2.782612855896464,5.63724604900894,0.9992510198856589,0.0007489801143411023,,,,,,,,,
49,4,500,RL_adaptive,YZ,2.782612855896464,5.63724604900894,0.9879697112482165,0.012030288751783469,90.0,38.0,156.0,0.0,70.0,23.0,5.0,3.0,115.0
