target_id,seed,N,method,true_theta,true_phi,fidelity,infidelity,z_shots,x_shots,y_shots,z_counts_0,z_counts_1,x_counts_0,x_counts_1,y_counts_0,y_counts_1,reward
0,0,10,Z_only,0.8869776881783328,2.519357309502857,0.8158788507442615,0.18412114925573853,10,0,0,10,0,0,0,0,0,
0,0,10,ZX_split,0.8869776881783328,2.519357309502857,0.8986691541926465,0.10133084580735352,5,5,0,3,2,1,4,0,0,
0,0,10,XYZ_split,0.8869776881783328,2.519357309502857,0.6988898275869986,0.3011101724130014,3,3,4,1,2,0,3,2,2,
0,0,10,RL_adaptive,0.8869776881783328,2.519357309502857,0.8986691541926465,0.10133084580735352,3,3,4,2,1,0,3,2,2,0.8986691541926465
0,0,25,Z_only,0.8869776881783328,2.519357309502857,0.8158788507442615,0.18412114925573853,25,0,0,22,3,0,0,0,0,
0,0,25,ZX_split,0.8869776881783328,2.519357309502857,0.9442246237576705,0.05577537624232953,12,13,0,11,1,2,11,0,0,
0,0,25,XYZ_split,0.8869776881783328,2.519357309502857,0.959934717614976,0.04006528238502405,8,8,9,8,0,1,7,5,4,
0,0,25,RL_adaptive,0.8869776881783328,2.519357309502857,0.9714174095163456,0.028582590483654413,7,11,7,7,0,3,8,5,2,0.9714174095163456
0,0,50,Z_only,0.8869776881783328,2.519357309502857,0.8158788507442615,0.18412114925573853,50,0,0,44,6,0,0,0,0,
0,0,50,ZX_split,0.8869776881783328,2.519357309502857,0.9437774942067972,0.05622250579320276,25,25,0,17,8,7,18,0,0,
0,0,50,XYZ_split,0.8869776881783328,2.519357309502857,0.98577573720706,0.014224262792939979,16,16,18,12,4,1,15,14,4,
0,0,50,RL_adaptive,0.8869776881783328,2.519357309502857,0.996636979550525,0.003363020449475007,18,17,15,16,2,0,17,12,3,0.996636979550525
0,0,100,Z_only,0.8869776881783328,2.519357309502857,0.8158788507442615,0.18412114925573853,100,0,0,88,12,0,0,0,0,
0,0,100,ZX_split,0.8869776881783328,2.519357309502857,0.9460571613654882,0.05394283863451177,50,50,0,42,8,8,42,0,0,
0,0,100,XYZ_split,0.8869776881783328,2.519357309502857,0.9952112393087151,0.004788760691284866,33,33,34,27,6,7,26,27,7,
0,0,100,RL_adaptive,0.8869776881783328,2.519357309502857,0.9968409891830597,0.0031590108169402553,34,37,29,29,5,5,32,20,9,0.9968409891830597
0,0,250,Z_only,0.8869776881783328,2.519357309502857,0.8158788507442615,0.18412114925573853,250,0,0,208,42,0,0,0,0,
0,0,250,ZX_split,0.8869776881783328,2.519357309502857,0.9460120084515473,0.053987991548452685,125,125,0,101,24,23,102,0,0,
0,0,250,XYZ_split,0.8869776881783328,2.519357309502857,0.9974309482666511,0.0025690517333488705,83,83,84,61,22,18,65,60,24,
0,0,250,RL_adaptive,0.8869776881783328,2.519357309502857,0.9981103471676015,0.001889652832398503,68,100,82,58,10,11,89,59,23,0.9981103471676015
0,0,500,Z_only,0.8869776881783328,2.519357309502857,0.8158788507442615,0.18412114925573853,500,0,0,412,88,0,0,0,0,
0,0,500,ZX_split,0.8869776881783328,2.519357309502857,0.9457900231775839,0.05420997682241613,250,250,0,211,39,45,205,0,0,
0,0,500,XYZ_split,0.8869776881783328,2.519357309502857,0.9995373493271076,0.00046265067289241735,166,166,168,140,26,26,140,121,47,
0,0,500,RL_adaptive,0.8869776881783328,2.519357309502857,0.9995512428941632,0.0004487571058368056,140,165,195,109,31,35,130,141,54,0.9995512428941632
0,1,10,Z_only,0.8869776881783328,2.519357309502857,0.8158788507442615,0.18412114925573853,10,0,0,8,2,0,0,0,0,
0,1,10,ZX_split,0.8869776881783328,2.519357309502857,0.932899809259298,0.06710019074070195,5,5,0,5,0,1,4,0,0,
0,1,10,XYZ_split,0.8869776881783328,2.519357309502857,0.9958480227313521,0.004151977268647911,3,3,4,3,0,0,3,3,1,
0,1,10,RL_adaptive,0.8869776881783328,2.519357309502857,0.882334252153093,0.11766574784690698,4,3,3,4,0,0,3,1,2,0.882334252153093
0,1,25,Z_only,0.8869776881783328,2.519357309502857,0.8158788507442615,0.18412114925573853,25,0,0,17,8,0,0,0,0,
0,1,25,ZX_split,0.8869776881783328,2.519357309502857,0.9187838674537849,0.08121613254621507,12,13,0,11,1,4,9,0,0,
0,1,25,XYZ_split,0.8869776881783328,2.519357309502857,0.9943464346684372,0.005653565331562804,8,8,9,8,0,1,7,8,1,
0,1,25,RL_adaptive,0.8869776881783328,2.519357309502857,0.9714174095163456,0.028582590483654413,7,11,7,7,0,3,8,5,2,0.9714174095163456
0,1,50,Z_only,0.8869776881783328,2.519357309502857,0.8158788507442615,0.18412114925573853,50,0,0,44,6,0,0,0,0,
0,1,50,ZX_split,0.8869776881783328,2.519357309502857,0.9366257229401835,0.06337427705981646,25,25,0,24,1,5,20,0,0,
0,1,50,XYZ_split,0.8869776881783328,2.519357309502857,0.996287519481569,0.003712480518430983,16,16,18,15,1,2,14,13,5,
0,1,50,RL_adaptive,0.8869776881783328,2.519357309502857,0.9937100963528542,0.006289903647145767,18,17,15,14,4,3,14,12,3,0.9937100963528542
0,1,100,Z_only,0.8869776881783328,2.519357309502857,0.8158788507442615,0.18412114925573853,100,0,0,82,18,0,0,0,0,
0,1,100,ZX_split,0.8869776881783328,2.519357309502857,0.9448763599001959,0.05512364009980408,50,50,0,38,12,10,40,0,0,
0,1,100,XYZ_split,0.8869776881783328,2.519357309502857,0.9979123986560463,0.0020876013439536933,33,33,34,26,7,8,25,25,9,
0,1,100,RL_adaptive,0.8869776881783328,2.519357309502857,0.9927988245729596,0.007201175427040352,34,37,29,29,5,8,29,19,10,0.9927988245729596
0,1,250,Z_only,0.8869776881783328,2.519357309502857,0.8158788507442615,0.18412114925573853,250,0,0,200,50,0,0,0,0,
0,1,250,ZX_split,0.8869776881783328,2.519357309502857,0.9451011082044999,0.054898891795500115,125,125,0,99,26,21,104,0,0,
0,1,250,XYZ_split,0.8869776881783328,2.519357309502857,0.9988115318623055,0.001188468137694465,83,83,84,70,13,15,68,59,25,
0,1,250,RL_adaptive,0.8869776881783328,2.519357309502857,0.9986090049635038,0.001390995036496201,69,99,82,58,11,10,89,64,18,0.9986090049635038
0,1,500,Z_only,0.8869776881783328,2.519357309502857,0.8158788507442615,0.18412114925573853,500,0,0,404,96,0,0,0,0,
0,1,500,ZX_split,0.8869776881783328,2.519357309502857,0.9460441699555763,0.053955830044423725,250,250,0,204,46,45,205,0,0,
0,1,500,XYZ_split,0.8869776881783328,2.519357309502857,0.9995466070756693,0.00045339292433066447,166,166,168,139,27,31,135,126,42,
0,1,500,RL_adaptive,0.8869776881783328,2.519357309502857,0.999727998608933,0.0002720013910669783,141,164,195,116,25,33,131,141,54,0.999727998608933
0,2,10,Z_only,0.8869776881783328,2.519357309502857,0.8158788507442615,0.18412114925573853,10,0,0,5,5,0,0,0,0,
0,2,10,ZX_split,0.8869776881783328,2.519357309502857,0.9460571613654882,0.05394283863451177,5,5,0,4,1,1,4,0,0,
0,2,10,XYZ_split,0.8869776881783328,2.519357309502857,0.9575524655389063,0.04244753446109373,3,3,4,3,0,1,2,3,1,
0,2,10,RL_adaptive,0.8869776881783328,2.519357309502857,0.9570166859435891,0.04298331405641087,3,3,4,2,1,0,3,3,1,0.9570166859435891
0,2,25,Z_only,0.8869776881783328,2.519357309502857,0.8158788507442615,0.18412114925573853,25,0,0,19,6,0,0,0,0,
0,2,25,ZX_split,0.8869776881783328,2.519357309502857,0.9309929148373389,0.06900708516266107,12,13,0,10,2,4,9,0,0,
0,2,25,XYZ_split,0.8869776881783328,2.519357309502857,0.9907706125561231,0.009229387443876913,8,8,9,6,2,1,7,7,2,
0,2,25,RL_adaptive,0.8869776881783328,2.519357309502857,0.9922681208461279,0.007731879153872079,7,11,7,5,2,2,9,5,2,0.9922681208461279
0,2,50,Z_only,0.8869776881783328,2.519357309502857,0.8158788507442615,0.18412114925573853,50,0,0,41,9,0,0,0,0,
0,2,50,ZX_split,0.8869776881783328,2.519357309502857,0.9139074475541898,0.08609255244581016,25,25,0,17,8,2,23,0,0,
0,2,50,XYZ_split,0.8869776881783328,2.519357309502857,0.9999526306815829,4.73693184170898e-05,16,16,18,14,2,2,14,14,4,
0,2,50,RL_adaptive,0.8869776881783328,2.519357309502857,0.9886168105293613,0.011383189470638655,18,17,15,16,2,4,13,10,5,0.9886168105293613
0,2,100,Z_only,0.8869776881783328,2.519357309502857,0.8158788507442615,0.18412114925573853,100,0,0,85,15,0,0,0,0,
0,2,100,ZX_split,0.8869776881783328,2.519357309502857,0.9420566799674732,0.05794332003252678,50,50,0,38,12,8,42,0,0,
0,2,100,XYZ_split,0.8869776881783328,2.519357309502857,0.9705937968090934,0.029406203190906588,33,33,34,33,0,9,24,24,10,
0,2,100,RL_adaptive,0.8869776881783328,2.519357309502857,0.9961343146494503,0.0038656853505496525,33,37,30,26,7,5,32,21,9,0.9961343146494503
0,2,250,Z_only,0.8869776881783328,2.519357309502857,0.8158788507442615,0.18412114925573853,250,0,0,210,40,0,0,0,0,
0,2,250,ZX_split,0.8869776881783328,2.519357309502857,0.9459436904633683,0.05405630953663165,125,125,0,105,20,22,103,0,0,
0,2,250,XYZ_split,0.8869776881783328,2.519357309502857,0.9994520960217919,0.0005479039782081419,83,83,84,64,19,17,66,58,26,
0,2,250,RL_adaptive,0.8869776881783328,2.519357309502857,0.9994811918494667,0.0005188081505332898,70,97,83,60,10,16,81,64,19,0.9994811918494667
0,2,500,Z_only,0.8869776881783328,2.519357309502857,0.8158788507442615,0.18412114925573853,500,0,0,422,78,0,0,0,0,
0,2,500,ZX_split,0.8869776881783328,2.519357309502857,0.9459012641505655,0.054098735849434476,250,250,0,203,47,43,207,0,0,
0,2,500,XYZ_split,0.8869776881783328,2.519357309502857,0.998783029766875,0.0012169702331249477,166,166,168,131,35,30,136,116,52,
0,2,500,RL_adaptive,0.8869776881783328,2.519357309502857,0.9974846342081118,0.002515365791888158,141,165,194,118,23,35,130,133,61,0.9974846342081118
0,3,10,Z_only,0.8869776881783328,2.519357309502857,0.8158788507442615,0.18412114925573853,10,0,0,7,3,0,0,0,0,
0,3,10,ZX_split,0.8869776881783328,2.519357309502857,0.9460571613654882,0.05394283863451177,5,5,0,4,1,1,4,0,0,
0,3,10,XYZ_split,0.8869776881783328,2.519357309502857,0.7775860447089317,0.22241395529106833,3,3,4,3,0,2,1,3,1,
0,3,10,RL_adaptive,0.8869776881783328,2.519357309502857,0.6298843420330035,0.3701156579669965,2,3,5,0,2,0,3,5,0,0.6298843420330035
0,3,25,Z_only,0.8869776881783328,2.519357309502857,0.8158788507442615,0.18412114925573853,25,0,0,23,2,0,0,0,0,
0,3,25,ZX_split,0.8869776881783328,2.519357309502857,0.9229573220339463,0.07704267796605369,12,13,0,9,3,0,13,0,0,
0,3,25,XYZ_split,0.8869776881783328,2.519357309502857,0.9595421004541503,0.04045789954584966,8,8,9,6,2,3,5,7,2,
0,3,25,RL_adaptive,0.8869776881783328,2.519357309502857,0.9924026185675912,0.007597381432408845,6,12,7,6,0,0,12,5,2,0.9924026185675912
0,3,50,Z_only,0.8869776881783328,2.519357309502857,0.8158788507442615,0.18412114925573853,50,0,0,46,4,0,0,0,0,
0,3,50,ZX_split,0.8869776881783328,2.519357309502857,0.9460571613654882,0.05394283863451177,25,25,0,23,2,2,23,0,0,
0,3,50,XYZ_split,0.8869776881783328,2.519357309502857,0.9502426590570063,0.049757340942993666,16,16,18,10,6,1,15,14,4,
0,3,50,RL_adaptive,0.8869776881783328,2.519357309502857,0.9749420891912433,0.025057910808756745,18,17,15,14,4,6,11,9,6,0.9749420891912433
0,3,100,Z_only,0.8869776881783328,2.519357309502857,0.8158788507442615,0.18412114925573853,100,0,0,88,12,0,0,0,0,
0,3,100,ZX_split,0.8869776881783328,2.519357309502857,0.9460571613654882,0.05394283863451177,50,50,0,45,5,5,45,0,0,
0,3,100,XYZ_split,0.8869776881783328,2.519357309502857,0.9988006182081656,0.0011993817918344307,33,33,34,28,5,5,28,27,7,
0,3,100,RL_adaptive,0.8869776881783328,2.519357309502857,0.9877556214701848,0.012244378529815192,32,38,30,22,10,8,30,22,8,0.9877556214701848
0,3,250,Z_only,0.8869776881783328,2.519357309502857,0.8158788507442615,0.18412114925573853,250,0,0,207,43,0,0,0,0,
0,3,250,ZX_split,0.8869776881783328,2.519357309502857,0.9459239860215565,0.05407601397844353,125,125,0,102,23,25,100,0,0,
0,3,250,XYZ_split,0.8869776881783328,2.519357309502857,0.9964518595670907,0.003548140432909297,83,83,84,71,12,19,64,62,22,
0,3,250,RL_adaptive,0.8869776881783328,2.519357309502857,0.9979580576847316,0.0020419423152684413,71,97,82,59,12,18,79,56,26,0.9979580576847316
0,3,500,Z_only,0.8869776881783328,2.519357309502857,0.8158788507442615,0.18412114925573853,500,0,0,396,104,0,0,0,0,
0,3,500,ZX_split,0.8869776881783328,2.519357309502857,0.9460021819258576,0.05399781807414239,250,250,0,194,56,54,196,0,0,
0,3,500,XYZ_split,0.8869776881783328,2.519357309502857,0.9984271495645904,0.0015728504354095563,166,166,168,129,37,30,136,116,52,
0,3,500,RL_adaptive,0.8869776881783328,2.519357309502857,0.9901868665192043,0.00981313348079571,142,162,196,124,18,43,119,143,53,0.9901868665192043
0,4,10,Z_only,0.8869776881783328,2.519357309502857,0.8158788507442615,0.18412114925573853,10,0,0,8,2,0,0,0,0,
0,4,10,ZX_split,0.8869776881783328,2.519357309502857,0.932899809259298,0.06710019074070195,5,5,0,5,0,1,4,0,0,
0,4,10,XYZ_split,0.8869776881783328,2.519357309502857,0.7765144855182973,0.22348551448170273,3,3,4,1,2,0,3,3,1,
0,4,10,RL_adaptive,0.8869776881783328,2.519357309502857,0.49933700657612684,0.5006629934238731,3,3,4,1,2,1,2,2,2,0.49933700657612684
0,4,25,Z_only,0.8869776881783328,2.519357309502857,0.8158788507442615,0.18412114925573853,25,0,0,19,6,0,0,0,0,
0,4,25,ZX_split,0.8869776881783328,2.519357309502857,0.9460391048162137,0.05396089518378633,12,13,0,11,1,1,12,0,0,
0,4,25,XYZ_split,0.8869776881783328,2.519357309502857,0.9951780571742839,0.00482194282571613,8,8,9,7,1,0,8,7,2,
0,4,25,RL_adaptive,0.8869776881783328,2.519357309502857,0.996849027333752,0.0031509726662479753,7,11,7,6,1,1,10,5,2,0.996849027333752
0,4,50,Z_only,0.8869776881783328,2.519357309502857,0.8158788507442615,0.18412114925573853,50,0,0,42,8,0,0,0,0,
0,4,50,ZX_split,0.8869776881783328,2.519357309502857,0.9460571613654882,0.05394283863451177,25,25,0,20,5,5,20,0,0,
0,4,50,XYZ_split,0.8869776881783328,2.519357309502857,0.932696575019634,0.06730342498036601,16,16,18,15,1,6,10,11,7,
0,4,50,RL_adaptive,0.8869776881783328,2.519357309502857,0.9844876630114759,0.015512336988524056,18,17,15,14,4,3,14,13,2,0.9844876630114759
0,4,100,Z_only,0.8869776881783328,2.519357309502857,0.8158788507442615,0.18412114925573853,100,0,0,78,22,0,0,0,0,
0,4,100,ZX_split,0.8869776881783328,2.519357309502857,0.9382949956021794,0.06170500439782056,50,50,0,38,12,6,44,0,0,
0,4,100,XYZ_split,0.8869776881783328,2.519357309502857,0.9975638866855295,0.002436113314470467,33,33,34,29,4,5,28,28,6,
0,4,100,RL_adaptive,0.8869776881783328,2.519357309502857,0.9985378864276633,0.0014621135723367207,33,38,29,25,8,8,30,21,8,0.9985378864276633
0,4,250,Z_only,0.8869776881783328,2.519357309502857,0.8158788507442615,0.18412114925573853,250,0,0,204,46,0,0,0,0,
0,4,250,ZX_split,0.8869776881783328,2.519357309502857,0.9458891088775887,0.0541108911224113,125,125,0,98,27,29,96,0,0,
0,4,250,XYZ_split,0.8869776881783328,2.519357309502857,0.9910275940217882,0.008972405978211806,83,83,84,68,15,8,75,56,28,
0,4,250,RL_adaptive,0.8869776881783328,2.519357309502857,0.9981341581068285,0.001865841893171516,74,93,83,59,15,21,72,62,21,0.9981341581068285
0,4,500,Z_only,0.8869776881783328,2.519357309502857,0.8158788507442615,0.18412114925573853,500,0,0,425,75,0,0,0,0,
0,4,500,ZX_split,0.8869776881783328,2.519357309502857,0.946043601179823,0.053956398820177,250,250,0,202,48,47,203,0,0,
0,4,500,XYZ_split,0.8869776881783328,2.519357309502857,0.9996653752317666,0.0003346247682334269,166,166,168,131,35,32,134,122,46,
0,4,500,RL_adaptive,0.8869776881783328,2.519357309502857,0.9931534687830657,0.006846531216934348,141,167,192,123,18,30,137,127,65,0.9931534687830657
1,0,10,Z_only,2.0684580761489415,3.6014520459272514,0.7386861109364968,0.26131388906350317,10,0,0,3,7,0,0,0,0,
1,0,10,ZX_split,2.0684580761489415,3.6014520459272514,0.9471705986966176,0.05282940130338243,5,5,0,0,5,0,5,0,0,
1,0,10,XYZ_split,2.0684580761489415,3.6014520459272514,0.6096174634601345,0.39038253653986554,3,3,4,2,1,1,2,2,2,
1,0,10,RL_adaptive,2.0684580761489415,3.6014520459272514,0.9700694218816721,0.02993057811832789,2,3,5,0,2,0,3,2,3,0.9700694218816721
1,0,25,Z_only,2.0684580761489415,3.6014520459272514,0.7386861109364968,0.26131388906350317,25,0,0,10,15,0,0,0,0,
1,0,25,ZX_split,2.0684580761489415,3.6014520459272514,0.9479943207300647,0.05200567926993527,12,13,0,1,11,1,12,0,0,
1,0,25,XYZ_split,2.0684580761489415,3.6014520459272514,0.9759152867157589,0.02408471328424111,8,8,9,1,7,1,7,1,8,
1,0,25,RL_adaptive,2.0684580761489415,3.6014520459272514,0.9859412235726831,0.0140587764273169,9,9,7,2,7,2,7,2,5,0.9859412235726831
1,0,50,Z_only,2.0684580761489415,3.6014520459272514,0.7386861109364968,0.26131388906350317,50,0,0,10,40,0,0,0,0,
1,0,50,ZX_split,2.0684580761489415,3.6014520459272514,0.9603161826059181,0.03968381739408189,25,25,0,7,18,3,22,0,0,
1,0,50,XYZ_split,2.0684580761489415,3.6014520459272514,0.9572916141483047,0.04270838585169534,16,16,18,2,14,4,12,4,14,
1,0,50,RL_adaptive,2.0684580761489415,3.6014520459272514,0.9992594605859438,0.0007405394140561627,17,18,15,4,13,0,18,4,11,0.9992594605859438
1,0,100,Z_only,2.0684580761489415,3.6014520459272514,0.7386861109364968,0.26131388906350317,100,0,0,38,62,0,0,0,0,
1,0,100,ZX_split,2.0684580761489415,3.6014520459272514,0.955258460207709,0.04474153979229101,50,50,0,10,40,7,43,0,0,
1,0,100,XYZ_split,2.0684580761489415,3.6014520459272514,0.9941934287188399,0.005806571281160133,33,33,34,7,26,0,33,12,22,
1,0,100,RL_adaptive,2.0684580761489415,3.6014520459272514,0.9968196916334928,0.0031803083665071785,28,39,33,3,25,0,39,8,25,0.9968196916334928
1,0,250,Z_only,2.0684580761489415,3.6014520459272514,0.7386861109364968,0.26131388906350317,250,0,0,76,174,0,0,0,0,
1,0,250,ZX_split,2.0684580761489415,3.6014520459272514,0.9580284093485856,0.041971590651414425,125,125,0,39,86,13,112,0,0,
1,0,250,XYZ_split,2.0684580761489415,3.6014520459272514,0.9956495711607596,0.004350428839240417,83,83,84,21,62,14,69,23,61,
1,0,250,RL_adaptive,2.0684580761489415,3.6014520459272514,0.9996941010945335,0.0003058989054665062,79,101,70,21,58,8,93,21,49,0.9996941010945335
1,0,500,Z_only,2.0684580761489415,3.6014520459272514,0.7386861109364968,0.26131388906350317,500,0,0,151,349,0,0,0,0,
1,0,500,ZX_split,2.0684580761489415,3.6014520459272514,0.9603720457189274,0.039627954281072575,250,250,0,62,188,18,232,0,0,
1,0,500,XYZ_split,2.0684580761489415,3.6014520459272514,0.9972666257279068,0.002733374272093192,166,166,168,35,131,18,148,43,125,
1,0,500,RL_adaptive,2.0684580761489415,3.6014520459272514,0.9975738329301631,0.002426167069836893,132,188,180,35,97,14,174,62,118,0.9975738329301631
1,1,10,Z_only,2.0684580761489415,3.6014520459272514,0.7386861109364968,0.26131388906350317,10,0,0,2,8,0,0,0,0,
1,1,10,ZX_split,2.0684580761489415,3.6014520459272514,0.9471705986966176,0.05282940130338243,5,5,0,0,5,0,5,0,0,
1,1,10,XYZ_split,2.0684580761489415,3.6014520459272514,0.9489839624535583,0.051016037546441684,3,3,4,1,2,0,3,2,2,
1,1,10,RL_adaptive,2.0684580761489415,3.6014520459272514,0.9014518519101965,0.0985481480898035,2,3,5,0,2,1,2,1,4,0.9014518519101965
1,1,25,Z_only,2.0684580761489415,3.6014520459272514,0.7386861109364968,0.26131388906350317,25,0,0,7,18,0,0,0,0,
1,1,25,ZX_split,2.0684580761489415,3.6014520459272514,0.9491589098722623,0.05084109012773774,12,13,0,2,10,2,11,0,0,
1,1,25,XYZ_split,2.0684580761489415,3.6014520459272514,0.9756459999425563,0.024354000057443703,8,8,9,2,6,1,7,1,8,
1,1,25,RL_adaptive,2.0684580761489415,3.6014520459272514,0.9762836192615856,0.023716380738414422,9,9,7,1,8,0,9,3,4,0.9762836192615856
1,1,50,Z_only,2.0684580761489415,3.6014520459272514,0.7386861109364968,0.26131388906350317,50,0,0,11,39,0,0,0,0,
1,1,50,ZX_split,2.0684580761489415,3.6014520459272514,0.958160449128013,0.041839550871986986,25,25,0,7,18,1,24,0,0,
1,1,50,XYZ_split,2.0684580761489415,3.6014520459272514,0.9954710044763496,0.004528995523650381,16,16,18,4,12,0,16,6,12,
1,1,50,RL_adaptive,2.0684580761489415,3.6014520459272514,0.9567643144914261,0.04323568550857393,17,18,15,8,9,3,15,5,10,0.9567643144914261
1,1,100,Z_only,2.0684580761489415,3.6014520459272514,0.7386861109364968,0.26131388906350317,100,0,0,30,70,0,0,0,0,
1,1,100,ZX_split,2.0684580761489415,3.6014520459272514,0.9565408084431888,0.043459191556811216,50,50,0,13,37,10,40,0,0,
1,1,100,XYZ_split,2.0684580761489415,3.6014520459272514,0.987891509237997,0.012108490762003044,33,33,34,12,21,3,30,12,22,
1,1,100,RL_adaptive,2.0684580761489415,3.6014520459272514,0.9574286675659089,0.04257133243409106,29,39,32,5,24,3,36,16,16,0.9574286675659089
1,1,250,Z_only,2.0684580761489415,3.6014520459272514,0.7386861109364968,0.26131388906350317,250,0,0,67,183,0,0,0,0,
1,1,250,ZX_split,2.0684580761489415,3.6014520459272514,0.9603814908814726,0.03961850911852738,125,125,0,28,97,7,118,0,0,
1,1,250,XYZ_split,2.0684580761489415,3.6014520459272514,0.9982541351205326,0.0017458648794673737,83,83,84,19,64,9,74,22,62,
1,1,250,RL_adaptive,2.0684580761489415,3.6014520459272514,0.9992443712278761,0.000755628772123873,79,101,70,22,57,9,92,20,50,0.9992443712278761
1,1,500,Z_only,2.0684580761489415,3.6014520459272514,0.7386861109364968,0.26131388906350317,500,0,0,152,348,0,0,0,0,
1,1,500,ZX_split,2.0684580761489415,3.6014520459272514,0.960107322614523,0.03989267738547697,250,250,0,67,183,21,229,0,0,
1,1,500,XYZ_split,2.0684580761489415,3.6014520459272514,0.9936028327108877,0.006397167289112327,166,166,168,33,133,24,142,44,124,
1,1,500,RL_adaptive,2.0684580761489415,3.6014520459272514,0.998564469389908,0.0014355306100920506,132,191,177,30,102,20,171,47,130,0.998564469389908
1,2,10,Z_only,2.0684580761489415,3.6014520459272514,0.7386861109364968,0.26131388906350317,10,0,0,0,10,0,0,0,0,
1,2,10,ZX_split,2.0684580761489415,3.6014520459272514,0.9604053426262223,0.03959465737377765,5,5,0,1,4,0,5,0,0,
1,2,10,XYZ_split,2.0684580761489415,3.6014520459272514,0.9006449160518749,0.09935508394812509,3,3,4,0,3,1,2,1,3,
1,2,10,RL_adaptive,2.0684580761489415,3.6014520459272514,0.8528371403728825,0.1471628596271175,3,3,4,2,1,0,3,1,3,0.8528371403728825
1,2,25,Z_only,2.0684580761489415,3.6014520459272514,0.7386861109364968,0.26131388906350317,25,0,0,8,17,0,0,0,0,
1,2,25,ZX_split,2.0684580761489415,3.6014520459272514,0.9509213368454367,0.04907866315456333,12,13,0,3,9,3,10,0,0,
1,2,25,XYZ_split,2.0684580761489415,3.6014520459272514,0.9261585657094195,0.07384143429058054,8,8,9,3,5,2,6,1,8,
1,2,25,RL_adaptive,2.0684580761489415,3.6014520459272514,0.9489839624535583,0.051016037546441684,9,10,6,3,6,0,10,3,3,0.9489839624535583
1,2,50,Z_only,2.0684580761489415,3.6014520459272514,0.7386861109364968,0.26131388906350317,50,0,0,12,38,0,0,0,0,
1,2,50,ZX_split,2.0684580761489415,3.6014520459272514,0.9603161826059181,0.03968381739408189,25,25,0,7,18,3,22,0,0,
1,2,50,XYZ_split,2.0684580761489415,3.6014520459272514,0.9967219727840997,0.0032780272159003143,16,16,18,3,13,0,16,3,15,
1,2,50,RL_adaptive,2.0684580761489415,3.6014520459272514,0.9960020603574448,0.003997939642555237,17,18,15,4,13,0,18,5,10,0.9960020603574448
1,2,100,Z_only,2.0684580761489415,3.6014520459272514,0.7386861109364968,0.26131388906350317,100,0,0,20,80,0,0,0,0,
1,2,100,ZX_split,2.0684580761489415,3.6014520459272514,0.9588873639491606,0.04111263605083937,50,50,0,14,36,3,47,0,0,
1,2,100,XYZ_split,2.0684580761489415,3.6014520459272514,0.9850851603643042,0.014914839635695842,33,33,34,10,23,6,27,15,19,
1,2,100,RL_adaptive,2.0684580761489415,3.6014520459272514,0.9698347174649009,0.03016528253509909,28,40,32,4,24,5,35,14,18,0.9698347174649009
1,2,250,Z_only,2.0684580761489415,3.6014520459272514,0.7386861109364968,0.26131388906350317,250,0,0,63,187,0,0,0,0,
1,2,250,ZX_split,2.0684580761489415,3.6014520459272514,0.9604096887740198,0.039590311225980224,125,125,0,33,92,14,111,0,0,
1,2,250,XYZ_split,2.0684580761489415,3.6014520459272514,0.9837494244538386,0.016250575546161383,83,83,84,14,69,16,67,25,59,
1,2,250,RL_adaptive,2.0684580761489415,3.6014520459272514,0.9994286557718064,0.0005713442281936043,80,102,68,18,62,7,95,21,47,0.9994286557718064
1,2,500,Z_only,2.0684580761489415,3.6014520459272514,0.7386861109364968,0.26131388906350317,500,0,0,135,365,0,0,0,0,
1,2,500,ZX_split,2.0684580761489415,3.6014520459272514,0.9603934265226886,0.039606573477311446,250,250,0,70,180,36,214,0,0,
1,2,500,XYZ_split,2.0684580761489415,3.6014520459272514,0.9991336601504431,0.000866339849556863,166,166,168,42,124,24,142,52,116,
1,2,500,RL_adaptive,2.0684580761489415,3.6014520459272514,0.9975620646075646,0.0024379353924354197,132,192,176,29,103,21,171,45,131,0.9975620646075646
1,3,10,Z_only,2.0684580761489415,3.6014520459272514,0.7386861109364968,0.26131388906350317,10,0,0,2,8,0,0,0,0,
1,3,10,ZX_split,2.0684580761489415,3.6014520459272514,0.8392528615797397,0.16074713842026034,5,5,0,3,2,0,5,0,0,
1,3,10,XYZ_split,2.0684580761489415,3.6014520459272514,0.05282940130338246,0.9471705986966176,3,3,4,2,1,2,1,2,2,
1,3,10,RL_adaptive,2.0684580761489415,3.6014520459272514,0.9700694218816721,0.02993057811832789,2,3,5,0,2,0,3,2,3,0.9700694218816721
1,3,25,Z_only,2.0684580761489415,3.6014520459272514,0.7386861109364968,0.26131388906350317,25,0,0,7,18,0,0,0,0,
1,3,25,ZX_split,2.0684580761489415,3.6014520459272514,0.9582778819126704,0.04172211808732962,12,13,0,4,8,2,11,0,0,
1,3,25,XYZ_split,2.0684580761489415,3.6014520459272514,0.9954710044763496,0.004528995523650381,8,8,9,2,6,0,8,3,6,
1,3,25,RL_adaptive,2.0684580761489415,3.6014520459272514,0.9089104143347534,0.09108958566524661,8,10,7,3,5,0,10,4,3,0.9089104143347534
1,3,50,Z_only,2.0684580761489415,3.6014520459272514,0.7386861109364968,0.26131388906350317,50,0,0,16,34,0,0,0,0,
1,3,50,ZX_split,2.0684580761489415,3.6014520459272514,0.9598100997561153,0.04018990024388469,25,25,0,9,16,6,19,0,0,
1,3,50,XYZ_split,2.0684580761489415,3.6014520459272514,0.9735135765463365,0.026486423453663477,16,16,18,6,10,1,15,3,15,
1,3,50,RL_adaptive,2.0684580761489415,3.6014520459272514,0.9840869254997203,0.015913074500279678,17,18,15,5,12,3,15,3,12,0.9840869254997203
1,3,100,Z_only,2.0684580761489415,3.6014520459272514,0.7386861109364968,0.26131388906350317,100,0,0,24,76,0,0,0,0,
1,3,100,ZX_split,2.0684580761489415,3.6014520459272514,0.9603161826059181,0.03968381739408189,50,50,0,14,36,6,44,0,0,
1,3,100,XYZ_split,2.0684580761489415,3.6014520459272514,0.9914833551020579,0.008516644897942127,33,33,34,5,28,4,29,10,24,
1,3,100,RL_adaptive,2.0684580761489415,3.6014520459272514,0.9898555974399853,0.010144402560014698,29,39,32,8,21,4,35,6,26,0.9898555974399853
1,3,250,Z_only,2.0684580761489415,3.6014520459272514,0.7386861109364968,0.26131388906350317,250,0,0,69,181,0,0,0,0,
1,3,250,ZX_split,2.0684580761489415,3.6014520459272514,0.9601786703338733,0.039821329666126726,125,125,0,29,96,11,114,0,0,
1,3,250,XYZ_split,2.0684580761489415,3.6014520459272514,0.9930610667318601,0.00693893326813988,83,83,84,16,67,12,71,22,62,
1,3,250,RL_adaptive,2.0684580761489415,3.6014520459272514,0.9962706575089905,0.003729342491009535,82,99,69,16,66,12,87,20,49,0.9962706575089905
1,3,500,Z_only,2.0684580761489415,3.6014520459272514,0.7386861109364968,0.26131388906350317,500,0,0,124,376,0,0,0,0,
1,3,500,ZX_split,2.0684580761489415,3.6014520459272514,0.9604096430909256,0.03959035690907442,250,250,0,67,183,29,221,0,0,
1,3,500,XYZ_split,2.0684580761489415,3.6014520459272514,0.997628009413366,0.002371990586633954,166,166,168,34,132,17,149,53,115,
1,3,500,RL_adaptive,2.0684580761489415,3.6014520459272514,0.9994702835668878,0.0005297164331121706,132,189,179,33,99,15,174,57,122,0.9994702835668878
1,4,10,Z_only,2.0684580761489415,3.6014520459272514,0.7386861109364968,0.26131388906350317,10,0,0,3,7,0,0,0,0,
1,4,10,ZX_split,2.0684580761489415,3.6014520459272514,0.9072330625958203,0.09276693740417974,5,5,0,0,5,1,4,0,0,
1,4,10,XYZ_split,2.0684580761489415,3.6014520459272514,0.6096174634601345,0.39038253653986554,3,3,4,2,1,1,2,2,2,
1,4,10,RL_adaptive,2.0684580761489415,3.6014520459272514,0.8220919129438429,0.17790808705615713,3,3,4,1,2,0,3,3,1,0.8220919129438429
1,4,25,Z_only,2.0684580761489415,3.6014520459272514,0.7386861109364968,0.26131388906350317,25,0,0,8,17,0,0,0,0,
1,4,25,ZX_split,2.0684580761489415,3.6014520459272514,0.9489839624535583,0.051016037546441684,12,13,0,4,8,0,13,0,0,
1,4,25,XYZ_split,2.0684580761489415,3.6014520459272514,0.9357483045414484,0.06425169545855158,8,8,9,4,4,2,6,3,6,
1,4,25,RL_adaptive,2.0684580761489415,3.6014520459272514,0.9078638723195646,0.09213612768043544,8,10,7,3,5,1,9,4,3,0.9078638723195646
1,4,50,Z_only,2.0684580761489415,3.6014520459272514,0.7386861109364968,0.26131388906350317,50,0,0,14,36,0,0,0,0,
1,4,50,ZX_split,2.0684580761489415,3.6014520459272514,0.9591073614545533,0.04089263854544667,25,25,0,5,20,2,23,0,0,
1,4,50,XYZ_split,2.0684580761489415,3.6014520459272514,0.9972581989980515,0.0027418010019485406,16,16,18,5,11,3,13,7,11,
1,4,50,RL_adaptive,2.0684580761489415,3.6014520459272514,0.9797432942979017,0.020256705702098254,17,18,15,3,14,3,15,6,9,0.9797432942979017
1,4,100,Z_only,2.0684580761489415,3.6014520459272514,0.7386861109364968,0.26131388906350317,100,0,0,20,80,0,0,0,0,
1,4,100,ZX_split,2.0684580761489415,3.6014520459272514,0.9594161610728847,0.04058383892711526,50,50,0,11,39,5,45,0,0,
1,4,100,XYZ_split,2.0684580761489415,3.6014520459272514,0.9959614868585307,0.004038513141469302,33,33,34,6,27,3,30,8,26,
1,4,100,RL_adaptive,2.0684580761489415,3.6014520459272514,0.9954112001340716,0.004588799865928417,29,39,32,5,24,2,37,6,26,0.9954112001340716
1,4,250,Z_only,2.0684580761489415,3.6014520459272514,0.7386861109364968,0.26131388906350317,250,0,0,64,186,0,0,0,0,
1,4,250,ZX_split,2.0684580761489415,3.6014520459272514,0.9555720284459638,0.044427971554036216,125,125,0,42,83,14,111,0,0,
1,4,250,XYZ_split,2.0684580761489415,3.6014520459272514,0.9940234717915704,0.005976528208429643,83,83,84,27,56,5,78,24,60,
1,4,250,RL_adaptive,2.0684580761489415,3.6014520459272514,0.9983895177063159,0.0016104822936841012,82,98,70,19,63,13,85,22,48,0.9983895177063159
1,4,500,Z_only,2.0684580761489415,3.6014520459272514,0.7386861109364968,0.26131388906350317,500,0,0,124,376,0,0,0,0,
1,4,500,ZX_split,2.0684580761489415,3.6014520459272514,0.9596428923410169,0.04035710765898315,250,250,0,61,189,32,218,0,0,
1,4,500,XYZ_split,2.0684580761489415,3.6014520459272514,0.9983773593441423,0.00162264065585771,166,166,168,37,129,17,149,44,124,
1,4,500,RL_adaptive,2.0684580761489415,3.6014520459272514,0.9900256108967769,0.009974389103223125,131,187,182,27,104,17,170,71,111,0.9900256108967769
2,0,10,Z_only,0.4817660178801132,4.239392952202323,0.9430890148672506,0.05691098513274939,10,0,0,9,1,0,0,0,0,
2,0,10,ZX_split,0.4817660178801132,4.239392952202323,0.9137864994209671,0.08621350057903288,5,5,0,5,0,3,2,0,0,
2,0,10,XYZ_split,0.4817660178801132,4.239392952202323,0.9344979486577932,0.06550205134220677,3,3,4,3,0,0,3,1,3,
2,0,10,RL_adaptive,0.4817660178801132,4.239392952202323,0.9537257123249728,0.04627428767502717,3,3,4,3,0,1,2,2,2,0.9537257123249728
2,0,25,Z_only,0.4817660178801132,4.239392952202323,0.9430890148672506,0.05691098513274939,25,0,0,21,4,0,0,0,0,
2,0,25,ZX_split,0.4817660178801132,4.239392952202323,0.9401633966119458,0.05983660338805419,12,13,0,12,0,3,10,0,0,
2,0,25,XYZ_split,0.4817660178801132,4.239392952202323,0.956827575149521,0.04317242485047901,8,8,9,8,0,1,7,3,6,
2,0,25,RL_adaptive,0.4817660178801132,4.239392952202323,0.9470459991612765,0.05295400083872348,6,11,8,6,0,3,8,4,4,0.9470459991612765
2,0,50,Z_only,0.4817660178801132,4.239392952202323,0.9430890148672506,0.05691098513274939,50,0,0,45,5,0,0,0,0,
2,0,50,ZX_split,0.4817660178801132,4.239392952202323,0.9525073638613444,0.04749263613865562,25,25,0,25,0,11,14,0,0,
2,0,50,XYZ_split,0.4817660178801132,4.239392952202323,0.9909701252927303,0.00902987470726968,16,16,18,15,1,6,10,7,11,
2,0,50,RL_adaptive,0.4817660178801132,4.239392952202323,0.9968964707768011,0.0031035292231988976,17,18,15,17,0,7,11,5,10,0.9968964707768011
2,0,100,Z_only,0.4817660178801132,4.239392952202323,0.9430890148672506,0.05691098513274939,100,0,0,95,5,0,0,0,0,
2,0,100,ZX_split,0.4817660178801132,4.239392952202323,0.9546197916638804,0.045380208336119554,50,50,0,48,2,21,29,0,0,
2,0,100,XYZ_split,0.4817660178801132,4.239392952202323,0.9797175816537936,0.020282418346206366,33,33,34,33,0,15,18,14,20,
2,0,100,RL_adaptive,0.4817660178801132,4.239392952202323,0.9781963003979022,0.021803699602097826,34,37,29,32,2,20,17,8,21,0.9781963003979022
2,0,250,Z_only,0.4817660178801132,4.239392952202323,0.9430890148672506,0.05691098513274939,250,0,0,231,19,0,0,0,0,
2,0,250,ZX_split,0.4817660178801132,4.239392952202323,0.9492253837260664,0.05077461627393365,125,125,0,114,11,59,66,0,0,
2,0,250,XYZ_split,0.4817660178801132,4.239392952202323,0.9960229700687201,0.003977029931279907,83,83,84,79,4,27,56,22,62,
2,0,250,RL_adaptive,0.4817660178801132,4.239392952202323,0.9944427654176763,0.005557234582323711,76,90,84,66,10,39,51,22,62,0.9944427654176763
2,0,500,Z_only,0.4817660178801132,4.239392952202323,0.9430890148672506,0.05691098513274939,500,0,0,459,41,0,0,0,0,
2,0,500,ZX_split,0.4817660178801132,4.239392952202323,0.9554504154674914,0.04454958453250857,250,250,0,236,14,100,150,0,0,
2,0,500,XYZ_split,0.4817660178801132,4.239392952202323,0.9951760593927224,0.004823940607277644,166,166,168,155,11,61,105,37,131,
2,0,500,RL_adaptive,0.4817660178801132,4.239392952202323,0.9999507737993798,4.9226200620200444e-05,145,176,179,134,11,69,107,54,125,0.9999507737993798
2,1,10,Z_only,0.4817660178801132,4.239392952202323,0.9430890148672506,0.05691098513274939,10,0,0,7,3,0,0,0,0,
2,1,10,ZX_split,0.4817660178801132,4.239392952202323,0.9342453921729558,0.06575460782704423,5,5,0,5,0,1,4,0,0,
2,1,10,XYZ_split,0.4817660178801132,4.239392952202323,0.7883229333243212,0.21167706667567876,3,3,4,2,1,2,1,0,4,
2,1,10,RL_adaptive,0.4817660178801132,4.239392952202323,0.8302782293527864,0.1697217706472136,4,3,3,4,0,0,3,2,1,0.8302782293527864
2,1,25,Z_only,0.4817660178801132,4.239392952202323,0.9430890148672506,0.05691098513274939,25,0,0,24,1,0,0,0,0,
2,1,25,ZX_split,0.4817660178801132,4.239392952202323,0.8861057812980964,0.11389421870190364,12,13,0,11,1,1,12,0,0,
2,1,25,XYZ_split,0.4817660178801132,4.239392952202323,0.970504373515873,0.029495626484126958,8,8,9,8,0,3,5,0,9,
2,1,25,RL_adaptive,0.4817660178801132,4.239392952202323,0.8585717898546739,0.14142821014532614,7,11,7,5,2,4,7,4,3,0.8585717898546739
2,1,50,Z_only,0.4817660178801132,4.239392952202323,0.9430890148672506,0.05691098513274939,50,0,0,44,6,0,0,0,0,
2,1,50,ZX_split,0.4817660178801132,4.239392952202323,0.9385167561024823,0.06148324389751769,25,25,0,25,0,13,12,0,0,
2,1,50,XYZ_split,0.4817660178801132,4.239392952202323,0.9886604498709622,0.011339550129037756,16,16,18,16,0,8,8,5,13,
2,1,50,RL_adaptive,0.4817660178801132,4.239392952202323,0.9858681961630117,0.01413180383698831,17,18,15,16,1,5,13,3,12,0.9858681961630117
2,1,100,Z_only,0.4817660178801132,4.239392952202323,0.9430890148672506,0.05691098513274939,100,0,0,95,5,0,0,0,0,
2,1,100,ZX_split,0.4817660178801132,4.239392952202323,0.9541983573398369,0.04580164266016307,50,50,0,50,0,21,29,0,0,
2,1,100,XYZ_split,0.4817660178801132,4.239392952202323,0.9980347462661072,0.00196525373389278,33,33,34,30,3,12,21,11,23,
2,1,100,RL_adaptive,0.4817660178801132,4.239392952202323,0.9982323367895067,0.0017676632104932644,34,37,29,32,2,16,21,8,21,0.9982323367895067
2,1,250,Z_only,0.4817660178801132,4.239392952202323,0.9430890148672506,0.05691098513274939,250,0,0,238,12,0,0,0,0,
2,1,250,ZX_split,0.4817660178801132,4.239392952202323,0.955473626231997,0.04452637376800295,125,125,0,121,4,49,76,0,0,
2,1,250,XYZ_split,0.4817660178801132,4.239392952202323,0.9834685203075563,0.01653147969244373,83,83,84,79,4,30,53,35,49,
2,1,250,RL_adaptive,0.4817660178801132,4.239392952202323,0.997646726783878,0.0023532732161219982,73,92,85,69,4,35,57,29,56,0.997646726783878
2,1,500,Z_only,0.4817660178801132,4.239392952202323,0.9430890148672506,0.05691098513274939,500,0,0,467,33,0,0,0,0,
2,1,500,ZX_split,0.4817660178801132,4.239392952202323,0.9550918048537018,0.04490819514629818,250,250,0,238,12,103,147,0,0,
2,1,500,XYZ_split,0.4817660178801132,4.239392952202323,0.9988628745499734,0.0011371254500266437,166,166,168,159,7,62,104,42,126,
2,1,500,RL_adaptive,0.4817660178801132,4.239392952202323,0.9979441574852665,0.0020558425147334525,146,177,177,135,11,72,105,45,132,0.9979441574852665
2,2,10,Z_only,0.4817660178801132,4.239392952202323,0.9430890148672506,0.05691098513274939,10,0,0,9,1,0,0,0,0,
2,2,10,ZX_split,0.4817660178801132,4.239392952202323,0.9137864994209671,0.08621350057903288,5,5,0,5,0,3,2,0,0,
2,2,10,XYZ_split,0.4817660178801132,4.239392952202323,0.9711089482182114,0.028891051781788635,3,3,4,3,0,1,2,0,4,
2,2,10,RL_adaptive,0.4817660178801132,4.239392952202323,0.92490604259425,0.07509395740574998,4,3,3,4,0,0,3,1,2,0.92490604259425
2,2,25,Z_only,0.4817660178801132,4.239392952202323,0.9430890148672506,0.05691098513274939,25,0,0,24,1,0,0,0,0,
2,2,25,ZX_split,0.4817660178801132,4.239392952202323,0.9498784105798462,0.05012158942015377,12,13,0,12,0,6,7,0,0,
2,2,25,XYZ_split,0.4817660178801132,4.239392952202323,0.948107339289238,0.05189266071076204,8,8,9,8,0,5,3,3,6,
2,2,25,RL_adaptive,0.4817660178801132,4.239392952202323,0.9783822298813356,0.021617770118664392,6,11,8,6,0,6,5,2,6,0.9783822298813356
2,2,50,Z_only,0.4817660178801132,4.239392952202323,0.9430890148672506,0.05691098513274939,50,0,0,42,8,0,0,0,0,
2,2,50,ZX_split,0.4817660178801132,4.239392952202323,0.9363400675570202,0.06365993244297985,25,25,0,22,3,7,18,0,0,
2,2,50,XYZ_split,0.4817660178801132,4.239392952202323,0.9515481669039507,0.04845183309604928,16,16,18,14,2,9,7,3,15,
2,2,50,RL_adaptive,0.4817660178801132,4.239392952202323,0.9279884687828686,0.07201153121713144,18,17,15,15,3,8,9,8,7,0.9279884687828686
2,2,100,Z_only,0.4817660178801132,4.239392952202323,0.9430890148672506,0.05691098513274939,100,0,0,94,6,0,0,0,0,
2,2,100,ZX_split,0.4817660178801132,4.239392952202323,0.941807019860658,0.05819298013934204,50,50,0,50,0,12,38,0,0,
2,2,100,XYZ_split,0.4817660178801132,4.239392952202323,0.9960203321684326,0.003979667831567446,33,33,34,32,1,15,18,10,24,
2,2,100,RL_adaptive,0.4817660178801132,4.239392952202323,0.9910041835821712,0.008995816417828761,35,36,29,34,1,10,26,7,22,0.9910041835821712
2,2,250,Z_only,0.4817660178801132,4.239392952202323,0.9430890148672506,0.05691098513274939,250,0,0,239,11,0,0,0,0,
2,2,250,ZX_split,0.4817660178801132,4.239392952202323,0.955473626231997,0.04452637376800295,125,125,0,121,4,49,76,0,0,
2,2,250,XYZ_split,0.4817660178801132,4.239392952202323,0.9982866627424353,0.0017133372575647288,83,83,84,79,4,32,51,28,56,
2,2,250,RL_adaptive,0.4817660178801132,4.239392952202323,0.9976474361338159,0.0023525638661840986,73,91,86,68,5,36,55,30,56,0.9976474361338159
2,2,500,Z_only,0.4817660178801132,4.239392952202323,0.9430890148672506,0.05691098513274939,500,0,0,471,29,0,0,0,0,
2,2,500,ZX_split,0.4817660178801132,4.239392952202323,0.95544527358093,0.04455472641906999,250,250,0,240,10,96,154,0,0,
2,2,500,XYZ_split,0.4817660178801132,4.239392952202323,0.9975630380271571,0.0024369619728429326,166,166,168,154,12,74,92,52,116,
2,2,500,RL_adaptive,0.4817660178801132,4.239392952202323,0.9994424713857363,0.0005575286142637248,145,177,178,133,12,71,106,50,128,0.9994424713857363
2,3,10,Z_only,0.4817660178801132,4.239392952202323,0.9430890148672506,0.05691098513274939,10,0,0,10,0,0,0,0,0,
2,3,10,ZX_split,0.4817660178801132,4.239392952202323,0.8184669115313444,0.18153308846865557,5,5,0,4,1,0,5,0,0,
2,3,10,XYZ_split,0.4817660178801132,4.239392952202323,0.9358216216752737,0.06417837832472628,3,3,4,3,0,0,3,0,4,
2,3,10,RL_adaptive,0.4817660178801132,4.239392952202323,0.8054464969215914,0.19455350307840857,3,3,4,2,1,0,3,1,3,0.8054464969215914
2,3,25,Z_only,0.4817660178801132,4.239392952202323,0.9430890148672506,0.05691098513274939,25,0,0,23,2,0,0,0,0,
2,3,25,ZX_split,0.4817660178801132,4.239392952202323,0.9280711997404769,0.07192880025952308,12,13,0,10,2,7,6,0,0,
2,3,25,XYZ_split,0.4817660178801132,4.239392952202323,0.8987748974549653,0.1012251025450347,8,8,9,7,1,2,6,5,4,
2,3,25,RL_adaptive,0.4817660178801132,4.239392952202323,0.9447241934303257,0.055275806569674346,6,11,8,6,0,7,4,1,7,0.9447241934303257
2,3,50,Z_only,0.4817660178801132,4.239392952202323,0.9430890148672506,0.05691098513274939,50,0,0,49,1,0,0,0,0,
2,3,50,ZX_split,0.4817660178801132,4.239392952202323,0.9273582766380166,0.07264172336198338,25,25,0,25,0,14,11,0,0,
2,3,50,XYZ_split,0.4817660178801132,4.239392952202323,0.872221322987243,0.12777867701275702,16,16,18,14,2,12,4,4,14,
2,3,50,RL_adaptive,0.4817660178801132,4.239392952202323,0.9855688675054177,0.014431132494582277,17,18,15,17,0,9,9,5,10,0.9855688675054177
2,3,100,Z_only,0.4817660178801132,4.239392952202323,0.9430890148672506,0.05691098513274939,100,0,0,93,7,0,0,0,0,
2,3,100,ZX_split,0.4817660178801132,4.239392952202323,0.9430890148672506,0.05691098513274939,50,50,0,46,4,25,25,0,0,
2,3,100,XYZ_split,0.4817660178801132,4.239392952202323,0.9888259314955107,0.01117406850448932,33,33,34,31,2,16,17,12,22,
2,3,100,RL_adaptive,0.4817660178801132,4.239392952202323,0.991541405792982,0.008458594207018,34,37,29,33,1,17,20,6,23,0.991541405792982
2,3,250,Z_only,0.4817660178801132,4.239392952202323,0.9430890148672506,0.05691098513274939,250,0,0,234,16,0,0,0,0,
2,3,250,ZX_split,0.4817660178801132,4.239392952202323,0.9553736494820607,0.044626350517939284,125,125,0,116,9,51,74,0,0,
2,3,250,XYZ_split,0.4817660178801132,4.239392952202323,0.995876840249834,0.004123159750165972,83,83,84,76,7,33,50,31,53,
2,3,250,RL_adaptive,0.4817660178801132,4.239392952202323,0.9987678509021028,0.0012321490978971505,71,94,85,67,4,34,60,23,62,0.9987678509021028
2,3,500,Z_only,0.4817660178801132,4.239392952202323,0.9430890148672506,0.05691098513274939,500,0,0,471,29,0,0,0,0,
2,3,500,ZX_split,0.4817660178801132,4.239392952202323,0.9554806732354,0.04451932676460002,250,250,0,232,18,100,150,0,0,
2,3,500,XYZ_split,0.4817660178801132,4.239392952202323,0.9997133550095795,0.00028664499042052594,166,166,168,155,11,66,100,47,121,
2,3,500,RL_adaptive,0.4817660178801132,4.239392952202323,0.9993243504289567,0.0006756495710432686,146,177,177,142,4,71,106,45,132,0.9993243504289567
2,4,10,Z_only,0.4817660178801132,4.239392952202323,0.9430890148672506,0.05691098513274939,10,0,0,9,1,0,0,0,0,
2,4,10,ZX_split,0.4817660178801132,4.239392952202323,0.9537257123249728,0.04627428767502717,5,5,0,4,1,2,3,0,0,
2,4,10,XYZ_split,0.4817660178801132,4.239392952202323,0.9983318543728807,0.0016681456271192552,3,3,4,3,0,1,2,1,3,
2,4,10,RL_adaptive,0.4817660178801132,4.239392952202323,0.9983318543728807,0.0016681456271192552,3,3,4,3,0,1,2,1,3,0.9983318543728807
2,4,25,Z_only,0.4817660178801132,4.239392952202323,0.9430890148672506,0.05691098513274939,25,0,0,24,1,0,0,0,0,
2,4,25,ZX_split,0.4817660178801132,4.239392952202323,0.9551845081533762,0.04481549184662381,12,13,0,11,1,5,8,0,0,
2,4,25,XYZ_split,0.4817660178801132,4.239392952202323,0.9855688675054177,0.014431132494582277,8,8,9,8,0,4,4,3,6,
2,4,25,RL_adaptive,0.4817660178801132,4.239392952202323,0.9772180559718078,0.022781944028192225,7,11,7,6,1,3,8,2,5,0.9772180559718078
2,4,50,Z_only,0.4817660178801132,4.239392952202323,0.9430890148672506,0.05691098513274939,50,0,0,49,1,0,0,0,0,
2,4,50,ZX_split,0.4817660178801132,4.239392952202323,0.9553958604872818,0.044604139512718244,25,25,0,24,1,10,15,0,0,
2,4,50,XYZ_split,0.4817660178801132,4.239392952202323,0.9641618728201706,0.03583812717982937,16,16,18,14,2,4,12,7,11,
2,4,50,RL_adaptive,0.4817660178801132,4.239392952202323,0.9993729061363501,0.0006270938636498968,17,18,15,16,1,7,11,4,11,0.9993729061363501
2,4,100,Z_only,0.4817660178801132,4.239392952202323,0.9430890148672506,0.05691098513274939,100,0,0,96,4,0,0,0,0,
2,4,100,ZX_split,0.4817660178801132,4.239392952202323,0.9525073638613444,0.04749263613865562,50,50,0,50,0,22,28,0,0,
2,4,100,XYZ_split,0.4817660178801132,4.239392952202323,0.9958308451230079,0.004169154876992098,33,33,34,32,1,13,20,12,22,
2,4,100,RL_adaptive,0.4817660178801132,4.239392952202323,0.9803894354998373,0.01961056450016274,34,37,29,33,1,12,25,12,17,0.9803894354998373
2,4,250,Z_only,0.4817660178801132,4.239392952202323,0.9430890148672506,0.05691098513274939,250,0,0,237,13,0,0,0,0,
2,4,250,ZX_split,0.4817660178801132,4.239392952202323,0.95544527358093,0.04455472641906999,125,125,0,120,5,48,77,0,0,
2,4,250,XYZ_split,0.4817660178801132,4.239392952202323,0.9903367444106428,0.009663255589357211,83,83,84,78,5,36,47,16,68,
2,4,250,RL_adaptive,0.4817660178801132,4.239392952202323,0.9968791679244684,0.003120832075531599,71,95,84,66,5,33,62,22,62,0.9968791679244684
2,4,500,Z_only,0.4817660178801132,4.239392952202323,0.9430890148672506,0.05691098513274939,500,0,0,461,39,0,0,0,0,
2,4,500,ZX_split,0.4817660178801132,4.239392952202323,0.9496432062606803,0.05035679373931967,250,250,0,238,12,78,172,0,0,
2,4,500,XYZ_split,0.4817660178801132,4.239392952202323,0.9978366781723833,0.0021633218276166932,166,166,168,162,4,72,94,44,124,
2,4,500,RL_adaptive,0.4817660178801132,4.239392952202323,0.9977561807775536,0.0022438192224464304,146,175,179,141,5,63,112,58,121,0.9977561807775536
3,0,10,Z_only,1.7715563717962275,4.790460021979365,0.4002929159778455,0.5997070840221546,10,0,0,6,4,0,0,0,0,
3,0,10,ZX_split,1.7715563717962275,4.790460021979365,0.5677818589413536,0.4322181410586464,5,5,0,2,3,4,1,0,0,
3,0,10,XYZ_split,1.7715563717962275,4.790460021979365,0.8616435377256115,0.13835646227438847,3,3,4,0,3,3,0,0,4,
3,0,10,RL_adaptive,1.7715563717962275,4.790460021979365,0.9135745406987917,0.08642545930120826,2,3,5,0,2,2,1,0,5,0.9135745406987917
3,0,25,Z_only,1.7715563717962275,4.790460021979365,0.5997070840221544,0.40029291597784555,25,0,0,9,16,0,0,0,0,
3,0,25,ZX_split,1.7715563717962275,4.790460021979365,0.44426844215907885,0.5557315578409212,12,13,0,9,3,9,4,0,0,
3,0,25,XYZ_split,1.7715563717962275,4.790460021979365,0.9831488195549272,0.016851180445072833,8,8,9,4,4,5,3,0,9,
3,0,25,RL_adaptive,1.7715563717962275,4.790460021979365,0.9269126122833946,0.07308738771660539,8,9,8,3,5,7,2,1,7,0.9269126122833946
3,0,50,Z_only,1.7715563717962275,4.790460021979365,0.5997070840221544,0.40029291597784555,50,0,0,22,28,0,0,0,0,
3,0,50,ZX_split,1.7715563717962275,4.790460021979365,0.6033171311897122,0.3966828688102878,25,25,0,8,17,13,12,0,0,
3,0,50,XYZ_split,1.7715563717962275,4.790460021979365,0.9734378763555561,0.02656212364444388,16,16,18,9,7,9,7,0,18,
3,0,50,RL_adaptive,1.7715563717962275,4.790460021979365,0.9701968148081977,0.02980318519180225,17,18,15,4,13,10,8,1,14,0.9701968148081977
3,0,100,Z_only,1.7715563717962275,4.790460021979365,0.5997070840221544,0.40029291597784555,100,0,0,43,57,0,0,0,0,
3,0,100,ZX_split,1.7715563717962275,4.790460021979365,0.6062699473031808,0.39373005269681915,50,50,0,23,27,26,24,0,0,
3,0,100,XYZ_split,1.7715563717962275,4.790460021979365,0.9898151011147361,0.01018489888526386,33,33,34,11,22,15,18,0,34,
3,0,100,RL_adaptive,1.7715563717962275,4.790460021979365,0.9910181183484899,0.008981881651510149,29,39,32,9,20,19,20,0,32,0.9910181183484899
3,0,250,Z_only,1.7715563717962275,4.790460021979365,0.5997070840221544,0.40029291597784555,250,0,0,99,151,0,0,0,0,
3,0,250,ZX_split,1.7715563717962275,4.790460021979365,0.5986382903834212,0.4013617096165788,125,125,0,44,81,62,63,0,0,
3,0,250,XYZ_split,1.7715563717962275,4.790460021979365,0.9988092483440808,0.0011907516559191977,83,83,84,31,52,47,36,0,84,
3,0,250,RL_adaptive,1.7715563717962275,4.790460021979365,0.9932162803581777,0.006783719641822339,89,83,78,42,47,48,35,1,77,0.9932162803581777
3,0,500,Z_only,1.7715563717962275,4.790460021979365,0.5997070840221544,0.40029291597784555,500,0,0,190,310,0,0,0,0,
3,0,500,ZX_split,1.7715563717962275,4.790460021979365,0.6065616866719556,0.39343831332804435,250,250,0,101,149,136,114,0,0,
3,0,500,XYZ_split,1.7715563717962275,4.790460021979365,0.9942467900728477,0.005753209927152336,166,166,168,55,111,97,69,1,167,
3,0,500,RL_adaptive,1.7715563717962275,4.790460021979365,0.9998176840113441,0.00018231598865592336,140,191,169,55,85,105,86,2,167,0.9998176840113441
3,1,10,Z_only,1.7715563717962275,4.790460021979365,0.4002929159778455,0.5997070840221546,10,0,0,6,4,0,0,0,0,
3,1,10,ZX_split,1.7715563717962275,4.790460021979365,0.5434831255811466,0.45651687441885336,5,5,0,2,3,2,3,0,0,
3,1,10,XYZ_split,1.7715563717962275,4.790460021979365,0.9232921663376424,0.07670783366235756,3,3,4,2,1,2,1,0,4,
3,1,10,RL_adaptive,1.7715563717962275,4.790460021979365,0.9834178002725383,0.016582199727461666,3,3,4,1,2,2,1,0,4,0.9834178002725383
3,1,25,Z_only,1.7715563717962275,4.790460021979365,0.4002929159778455,0.5997070840221546,25,0,0,16,9,0,0,0,0,
3,1,25,ZX_split,1.7715563717962275,4.790460021979365,0.4635756743209888,0.5364243256790112,12,13,0,8,4,9,4,0,0,
3,1,25,XYZ_split,1.7715563717962275,4.790460021979365,0.9493402823574473,0.050659717642552726,8,8,9,1,7,5,3,0,9,
3,1,25,RL_adaptive,1.7715563717962275,4.790460021979365,0.8977147209510131,0.10228527904898688,7,10,8,5,2,7,3,0,8,0.8977147209510131
3,1,50,Z_only,1.7715563717962275,4.790460021979365,0.5997070840221544,0.40029291597784555,50,0,0,21,29,0,0,0,0,
3,1,50,ZX_split,1.7715563717962275,4.790460021979365,0.3966828688102875,0.6033171311897125,25,25,0,17,8,12,13,0,0,
3,1,50,XYZ_split,1.7715563717962275,4.790460021979365,0.9646129577261631,0.03538704227383693,16,16,18,8,8,6,10,0,18,
3,1,50,RL_adaptive,1.7715563717962275,4.790460021979365,0.9945971677300822,0.005402832269917779,17,18,15,6,11,9,9,1,14,0.9945971677300822
3,1,100,Z_only,1.7715563717962275,4.790460021979365,0.5997070840221544,0.40029291597784555,100,0,0,32,68,0,0,0,0,
3,1,100,ZX_split,1.7715563717962275,4.790460021979365,0.6051583695838074,0.3948416304161926,50,50,0,15,35,31,19,0,0,
3,1,100,XYZ_split,1.7715563717962275,4.790460021979365,0.9936264903433758,0.006373509656624199,33,33,34,11,22,16,17,0,34,
3,1,100,RL_adaptive,1.7715563717962275,4.790460021979365,0.993125670831466,0.006874329168534032,29,39,32,9,20,22,17,0,32,0.993125670831466
3,1,250,Z_only,1.7715563717962275,4.790460021979365,0.5997070840221544,0.40029291597784555,250,0,0,99,151,0,0,0,0,
3,1,250,ZX_split,1.7715563717962275,4.790460021979365,0.6064362340358137,0.3935637659641863,125,125,0,51,74,68,57,0,0,
3,1,250,XYZ_split,1.7715563717962275,4.790460021979365,0.9975648863954019,0.002435113604598138,83,83,84,33,50,49,34,0,84,
3,1,250,RL_adaptive,1.7715563717962275,4.790460021979365,0.9998901256972742,0.00010987430272579868,89,84,77,36,53,46,38,0,77,0.9998901256972742
3,1,500,Z_only,1.7715563717962275,4.790460021979365,0.5997070840221544,0.40029291597784555,500,0,0,212,288,0,0,0,0,
3,1,500,ZX_split,1.7715563717962275,4.790460021979365,0.6067417022740764,0.3932582977259236,250,250,0,96,154,137,113,0,0,
3,1,500,XYZ_split,1.7715563717962275,4.790460021979365,0.9994310768350072,0.0005689231649927962,166,166,168,63,103,87,79,1,167,
3,1,500,RL_adaptive,1.7715563717962275,4.790460021979365,0.9968114482797473,0.0031885517202526747,139,191,170,48,91,106,85,3,167,0.9968114482797473
3,2,10,Z_only,1.7715563717962275,4.790460021979365,0.5997070840221544,0.40029291597784555,10,0,0,2,8,0,0,0,0,
3,2,10,ZX_split,1.7715563717962275,4.790460021979365,0.5975239849076577,0.4024760150923423,5,5,0,2,3,3,2,0,0,
3,2,10,XYZ_split,1.7715563717962275,4.790460021979365,0.8960413707006432,0.10395862929935684,3,3,4,0,3,1,2,0,4,
3,2,10,RL_adaptive,1.7715563717962275,4.790460021979365,0.9135745406987917,0.08642545930120826,2,3,5,0,2,2,1,0,5,0.9135745406987917
3,2,25,Z_only,1.7715563717962275,4.790460021979365,0.4002929159778455,0.5997070840221546,25,0,0,13,12,0,0,0,0,
3,2,25,ZX_split,1.7715563717962275,4.790460021979365,0.555731557840921,0.444268442159079,12,13,0,3,9,4,9,0,0,
3,2,25,XYZ_split,1.7715563717962275,4.790460021979365,0.9980634085844089,0.0019365914155911046,8,8,9,3,5,4,4,0,9,
3,2,25,RL_adaptive,1.7715563717962275,4.790460021979365,0.9884652394566324,0.01153476054336755,8,10,7,4,4,5,5,0,7,0.9884652394566324
3,2,50,Z_only,1.7715563717962275,4.790460021979365,0.5997070840221544,0.40029291597784555,50,0,0,18,32,0,0,0,0,
3,2,50,ZX_split,1.7715563717962275,4.790460021979365,0.6037294122375702,0.39627058776242985,25,25,0,6,19,17,8,0,0,
3,2,50,XYZ_split,1.7715563717962275,4.790460021979365,0.9493402823574473,0.050659717642552726,16,16,18,2,14,10,6,0,18,
3,2,50,RL_adaptive,1.7715563717962275,4.790460021979365,0.9691885714699766,0.030811428530023388,17,18,15,9,8,12,6,0,15,0.9691885714699766
3,2,100,Z_only,1.7715563717962275,4.790460021979365,0.5997070840221544,0.40029291597784555,100,0,0,36,64,0,0,0,0,
3,2,100,ZX_split,1.7715563717962275,4.790460021979365,0.6067760120013973,0.3932239879986027,50,50,0,17,33,28,22,0,0,
3,2,100,XYZ_split,1.7715563717962275,4.790460021979365,0.9926852505466801,0.007314749453319891,33,33,34,15,18,20,13,0,34,
3,2,100,RL_adaptive,1.7715563717962275,4.790460021979365,0.9893384955774365,0.010661504422563528,29,39,32,9,20,23,16,1,31,0.9893384955774365
3,2,250,Z_only,1.7715563717962275,4.790460021979365,0.5997070840221544,0.40029291597784555,250,0,0,99,151,0,0,0,0,
3,2,250,ZX_split,1.7715563717962275,4.790460021979365,0.6059058203776237,0.39409417962237625,125,125,0,56,69,66,59,0,0,
3,2,250,XYZ_split,1.7715563717962275,4.790460021979365,0.9999271579112649,7.284208873514775e-05,83,83,84,33,50,44,39,1,83,
3,2,250,RL_adaptive,1.7715563717962275,4.790460021979365,0.9961667790188888,0.003833220981111163,89,85,76,32,57,42,43,2,74,0.9961667790188888
3,2,500,Z_only,1.7715563717962275,4.790460021979365,0.5997070840221544,0.40029291597784555,500,0,0,218,282,0,0,0,0,
3,2,500,ZX_split,1.7715563717962275,4.790460021979365,0.5941974367225584,0.4058025632774416,250,250,0,85,165,120,130,0,0,
3,2,500,XYZ_split,1.7715563717962275,4.790460021979365,0.9961508145114573,0.003849185488542739,166,166,168,65,101,79,87,0,168,
3,2,500,RL_adaptive,1.7715563717962275,4.790460021979365,0.9988977673014203,0.0011022326985796749,140,191,169,60,80,106,85,1,168,0.9988977673014203
3,3,10,Z_only,1.7715563717962275,4.790460021979365,0.5997070840221544,0.40029291597784555,10,0,0,1,9,0,0,0,0,
3,3,10,ZX_split,1.7715563717962275,4.790460021979365,0.6052649586397645,0.3947350413602355,5,5,0,0,5,3,2,0,0,
3,3,10,XYZ_split,1.7715563717962275,4.790460021979365,0.9834178002725383,0.016582199727461666,3,3,4,1,2,2,1,0,4,
3,3,10,RL_adaptive,1.7715563717962275,4.790460021979365,0.9135745406987917,0.08642545930120826,2,3,5,0,2,2,1,0,5,0.9135745406987917
3,3,25,Z_only,1.7715563717962275,4.790460021979365,0.5997070840221544,0.40029291597784555,25,0,0,11,14,0,0,0,0,
3,3,25,ZX_split,1.7715563717962275,4.790460021979365,0.46178734190907555,0.5382126580909244,12,13,0,6,6,4,9,0,0,
3,3,25,XYZ_split,1.7715563717962275,4.790460021979365,0.9980634085844089,0.0019365914155911046,8,8,9,3,5,4,4,0,9,
3,3,25,RL_adaptive,1.7715563717962275,4.790460021979365,0.9896975385977584,0.010302461402241558,8,9,8,4,4,5,4,0,8,0.9896975385977584
3,3,50,Z_only,1.7715563717962275,4.790460021979365,0.5997070840221544,0.40029291597784555,50,0,0,23,27,0,0,0,0,
3,3,50,ZX_split,1.7715563717962275,4.790460021979365,0.5825065418074787,0.41749345819252126,25,25,0,5,20,10,15,0,0,
3,3,50,XYZ_split,1.7715563717962275,4.790460021979365,0.9898408177323021,0.010159182267697853,16,16,18,6,10,7,9,0,18,
3,3,50,RL_adaptive,1.7715563717962275,4.790460021979365,0.995597397099955,0.004402602900045016,17,18,15,6,11,10,8,1,14,0.995597397099955
3,3,100,Z_only,1.7715563717962275,4.790460021979365,0.5997070840221544,0.40029291597784555,100,0,0,39,61,0,0,0,0,
3,3,100,ZX_split,1.7715563717962275,4.790460021979365,0.5720915068662754,0.4279084931337246,50,50,0,21,29,23,27,0,0,
3,3,100,XYZ_split,1.7715563717962275,4.790460021979365,0.9891240060484968,0.010875993951503182,33,33,34,10,23,20,13,0,34,
3,3,100,RL_adaptive,1.7715563717962275,4.790460021979365,0.9973134051922118,0.002686594807788212,30,39,31,12,18,19,20,1,30,0.9973134051922118
3,3,250,Z_only,1.7715563717962275,4.790460021979365,0.5997070840221544,0.40029291597784555,250,0,0,110,140,0,0,0,0,
3,3,250,ZX_split,1.7715563717962275,4.790460021979365,0.604634466464135,0.395365533535865,125,125,0,57,68,66,59,0,0,
3,3,250,XYZ_split,1.7715563717962275,4.790460021979365,0.9992894771326337,0.0007105228673662811,83,83,84,35,48,46,37,1,83,
3,3,250,RL_adaptive,1.7715563717962275,4.790460021979365,0.9733220042259413,0.026677995774058716,87,89,74,26,61,36,53,2,72,0.9733220042259413
3,3,500,Z_only,1.7715563717962275,4.790460021979365,0.5997070840221544,0.40029291597784555,500,0,0,206,294,0,0,0,0,
3,3,500,ZX_split,1.7715563717962275,4.790460021979365,0.6034940812425579,0.3965059187574421,250,250,0,108,142,137,113,0,0,
3,3,500,XYZ_split,1.7715563717962275,4.790460021979365,0.9951367417133138,0.004863258286686212,166,166,168,78,88,90,76,2,166,
3,3,500,RL_adaptive,1.7715563717962275,4.790460021979365,0.9991762393651146,0.0008237606348854287,140,191,169,59,81,99,92,2,167,0.9991762393651146
3,4,10,Z_only,1.7715563717962275,4.790460021979365,0.4002929159778455,0.5997070840221546,10,0,0,5,5,0,0,0,0,
3,4,10,ZX_split,1.7715563717962275,4.790460021979365,0.5677818589413536,0.4322181410586464,5,5,0,2,3,4,1,0,0,
3,4,10,XYZ_split,1.7715563717962275,4.790460021979365,0.9603747004307679,0.03962529956923211,3,3,4,1,2,1,2,0,4,
3,4,10,RL_adaptive,1.7715563717962275,4.790460021979365,0.9603747004307679,0.03962529956923211,3,3,4,1,2,1,2,0,4,0.9603747004307679
3,4,25,Z_only,1.7715563717962275,4.790460021979365,0.5997070840221544,0.40029291597784555,25,0,0,12,13,0,0,0,0,
3,4,25,ZX_split,1.7715563717962275,4.790460021979365,0.6065433094946417,0.39345669050535825,12,13,0,5,7,7,6,0,0,
3,4,25,XYZ_split,1.7715563717962275,4.790460021979365,0.9505964419785984,0.04940355802140162,8,8,9,1,7,4,4,0,9,
3,4,25,RL_adaptive,1.7715563717962275,4.790460021979365,0.9455531504868676,0.05444684951313239,8,9,8,4,4,7,2,0,8,0.9455531504868676
3,4,50,Z_only,1.7715563717962275,4.790460021979365,0.5997070840221544,0.40029291597784555,50,0,0,20,30,0,0,0,0,
3,4,50,ZX_split,1.7715563717962275,4.790460021979365,0.6041090632748142,0.3958909367251858,25,25,0,9,16,13,12,0,0,
3,4,50,XYZ_split,1.7715563717962275,4.790460021979365,0.9525277648261646,0.047472235173835364,16,16,18,7,9,5,11,0,18,
3,4,50,RL_adaptive,1.7715563717962275,4.790460021979365,0.9778101602536975,0.02218983974630251,17,18,15,6,11,12,6,1,14,0.9778101602536975
3,4,100,Z_only,1.7715563717962275,4.790460021979365,0.5997070840221544,0.40029291597784555,100,0,0,47,53,0,0,0,0,
3,4,100,ZX_split,1.7715563717962275,4.790460021979365,0.5128892037136645,0.48711079628633547,50,50,0,26,24,29,21,0,0,
3,4,100,XYZ_split,1.7715563717962275,4.790460021979365,0.992703530468123,0.0072964695318770145,33,33,34,16,17,18,15,0,34,
3,4,100,RL_adaptive,1.7715563717962275,4.790460021979365,0.986334326728712,0.013665673271287981,31,38,31,16,15,20,18,0,31,0.986334326728712
3,4,250,Z_only,1.7715563717962275,4.790460021979365,0.5997070840221544,0.40029291597784555,250,0,0,95,155,0,0,0,0,
3,4,250,ZX_split,1.7715563717962275,4.790460021979365,0.6049697947231615,0.3950302052768385,125,125,0,38,87,67,58,0,0,
3,4,250,XYZ_split,1.7715563717962275,4.790460021979365,0.9987243224212498,0.001275677578750245,83,83,84,36,47,44,39,0,84,
3,4,250,RL_adaptive,1.7715563717962275,4.790460021979365,0.9945471878192426,0.005452812180757438,87,85,78,41,46,44,41,1,77,0.9945471878192426
3,4,500,Z_only,1.7715563717962275,4.790460021979365,0.5997070840221544,0.40029291597784555,500,0,0,192,308,0,0,0,0,
3,4,500,ZX_split,1.7715563717962275,4.790460021979365,0.605038202063399,0.394961797936601,250,250,0,102,148,139,111,0,0,
3,4,500,XYZ_split,1.7715563717962275,4.790460021979365,0.9999914819443793,8.518055620743148e-06,166,166,168,66,100,89,77,0,168,
3,4,500,RL_adaptive,1.7715563717962275,4.790460021979365,0.9988103658198314,0.0011896341801685972,140,191,169,59,81,108,83,0,169,0.9988103658198314
4,0,10,Z_only,0.5396201460046384,3.5171319310383375,0.9289519580453642,0.07104804195463577,10,0,0,10,0,0,0,0,0,
4,0,10,ZX_split,0.5396201460046384,3.5171319310383375,0.9723143145775035,0.027685685422496498,5,5,0,5,0,0,5,0,0,
4,0,10,XYZ_split,0.5396201460046384,3.5171319310383375,0.9767109307125977,0.023289069287402264,3,3,4,3,0,0,3,1,3,
4,0,10,RL_adaptive,0.5396201460046384,3.5171319310383375,0.9400445295419124,0.05995547045808758,4,3,3,4,0,0,3,0,3,0.9400445295419124
4,0,25,Z_only,0.5396201460046384,3.5171319310383375,0.9289519580453642,0.07104804195463577,25,0,0,23,2,0,0,0,0,
4,0,25,ZX_split,0.5396201460046384,3.5171319310383375,0.9899936101414709,0.010006389858529086,12,13,0,11,1,3,10,0,0,
4,0,25,XYZ_split,0.5396201460046384,3.5171319310383375,0.9909364584130645,0.009063541586935453,8,8,9,7,1,3,5,4,5,
4,0,25,RL_adaptive,0.5396201460046384,3.5171319310383375,0.9907627347552078,0.009237265244792181,7,11,7,7,0,1,10,3,4,0.9907627347552078
4,0,50,Z_only,0.5396201460046384,3.5171319310383375,0.9289519580453642,0.07104804195463577,50,0,0,46,4,0,0,0,0,
4,0,50,ZX_split,0.5396201460046384,3.5171319310383375,0.9908373115989807,0.009162688401019303,25,25,0,25,0,6,19,0,0,
4,0,50,XYZ_split,0.5396201460046384,3.5171319310383375,0.9884163050305166,0.011583694969483416,16,16,18,15,1,5,11,9,9,
4,0,50,RL_adaptive,0.5396201460046384,3.5171319310383375,0.9640313674529588,0.03596863254704119,18,17,15,17,1,4,13,9,6,0.9640313674529588
4,0,100,Z_only,0.5396201460046384,3.5171319310383375,0.9289519580453642,0.07104804195463577,100,0,0,88,12,0,0,0,0,
4,0,100,ZX_split,0.5396201460046384,3.5171319310383375,0.989402945920041,0.010597054079959034,50,50,0,47,3,15,35,0,0,
4,0,100,XYZ_split,0.5396201460046384,3.5171319310383375,0.988048770514283,0.01195122948571703,33,33,34,30,3,8,25,10,24,
4,0,100,RL_adaptive,0.5396201460046384,3.5171319310383375,0.9789929793591134,0.021007020640886553,34,37,29,32,2,13,24,15,14,0.9789929793591134
4,0,250,Z_only,0.5396201460046384,3.5171319310383375,0.9289519580453642,0.07104804195463577,250,0,0,232,18,0,0,0,0,
4,0,250,ZX_split,0.5396201460046384,3.5171319310383375,0.9860699546832973,0.013930045316702722,125,125,0,116,9,42,83,0,0,
4,0,250,XYZ_split,0.5396201460046384,3.5171319310383375,0.9969380354225245,0.00306196457747554,83,83,84,77,6,18,65,30,54,
4,0,250,RL_adaptive,0.5396201460046384,3.5171319310383375,0.9987904564994707,0.0012095435005292643,71,95,84,65,6,29,66,35,49,0.9987904564994707
4,0,500,Z_only,0.5396201460046384,3.5171319310383375,0.9289519580453642,0.07104804195463577,500,0,0,471,29,0,0,0,0,
4,0,500,ZX_split,0.5396201460046384,3.5171319310383375,0.9904001081138463,0.009599891886153733,250,250,0,232,18,58,192,0,0,
4,0,500,XYZ_split,0.5396201460046384,3.5171319310383375,0.9923475431075363,0.007652456892463744,166,166,168,156,10,58,108,69,99,
4,0,500,RL_adaptive,0.5396201460046384,3.5171319310383375,0.998681171704012,0.0013188282959879505,145,175,180,142,3,46,129,66,114,0.998681171704012
4,1,10,Z_only,0.5396201460046384,3.5171319310383375,0.9289519580453642,0.07104804195463577,10,0,0,10,0,0,0,0,0,
4,1,10,ZX_split,0.5396201460046384,3.5171319310383375,0.9723143145775035,0.027685685422496498,5,5,0,4,1,1,4,0,0,
4,1,10,XYZ_split,0.5396201460046384,3.5171319310383375,0.8313606948566321,0.1686393051433679,3,3,4,3,0,2,1,2,2,
4,1,10,RL_adaptive,0.5396201460046384,3.5171319310383375,0.9138934817920121,0.08610651820798787,3,3,4,3,0,0,3,3,1,0.9138934817920121
4,1,25,Z_only,0.5396201460046384,3.5171319310383375,0.9289519580453642,0.07104804195463577,25,0,0,22,3,0,0,0,0,
4,1,25,ZX_split,0.5396201460046384,3.5171319310383375,0.9771783413863152,0.022821658613684792,12,13,0,11,1,5,8,0,0,
4,1,25,XYZ_split,0.5396201460046384,3.5171319310383375,0.9795609681648363,0.020439031835163712,8,8,9,7,1,1,7,4,5,
4,1,25,RL_adaptive,0.5396201460046384,3.5171319310383375,0.989402945920041,0.010597054079959034,6,11,8,6,0,3,8,4,4,0.989402945920041
4,1,50,Z_only,0.5396201460046384,3.5171319310383375,0.9289519580453642,0.07104804195463577,50,0,0,44,6,0,0,0,0,
4,1,50,ZX_split,0.5396201460046384,3.5171319310383375,0.9825184216707716,0.017481578329228364,25,25,0,23,2,9,16,0,0,
4,1,50,XYZ_split,0.5396201460046384,3.5171319310383375,0.9794194235605481,0.02058057643945188,16,16,18,16,0,3,13,10,8,
4,1,50,RL_adaptive,0.5396201460046384,3.5171319310383375,0.9837621174431675,0.01623788255683245,18,17,15,17,1,4,13,8,7,0.9837621174431675
4,1,100,Z_only,0.5396201460046384,3.5171319310383375,0.9289519580453642,0.07104804195463577,100,0,0,89,11,0,0,0,0,
4,1,100,ZX_split,0.5396201460046384,3.5171319310383375,0.9886750757344408,0.0113249242655592,50,50,0,48,2,15,35,0,0,
4,1,100,XYZ_split,0.5396201460046384,3.5171319310383375,0.965556277446327,0.034443722553673006,33,33,34,28,5,15,18,15,19,
4,1,100,RL_adaptive,0.5396201460046384,3.5171319310383375,0.9971458528147013,0.00285414718529875,35,36,29,35,0,9,27,13,16,0.9971458528147013
4,1,250,Z_only,0.5396201460046384,3.5171319310383375,0.9289519580453642,0.07104804195463577,250,0,0,229,21,0,0,0,0,
4,1,250,ZX_split,0.5396201460046384,3.5171319310383375,0.9910045763558685,0.008995423644131528,125,125,0,117,8,33,92,0,0,
4,1,250,XYZ_split,0.5396201460046384,3.5171319310383375,0.9975297668844145,0.002470233115585474,83,83,84,79,4,23,60,30,54,
4,1,250,RL_adaptive,0.5396201460046384,3.5171319310383375,0.9957130964995287,0.00428690350047134,68,100,82,61,7,21,79,31,51,0.9957130964995287
4,1,500,Z_only,0.5396201460046384,3.5171319310383375,0.9289519580453642,0.07104804195463577,500,0,0,465,35,0,0,0,0,
4,1,500,ZX_split,0.5396201460046384,3.5171319310383375,0.9907884502967638,0.009211549703236233,250,250,0,235,15,59,191,0,0,
4,1,500,XYZ_split,0.5396201460046384,3.5171319310383375,0.9992459236120906,0.0007540763879093637,166,166,168,150,16,43,123,65,103,
4,1,500,RL_adaptive,0.5396201460046384,3.5171319310383375,0.9977108793204917,0.002289120679508261,143,174,183,136,7,38,136,81,102,0.9977108793204917
4,2,10,Z_only,0.5396201460046384,3.5171319310383375,0.9289519580453642,0.07104804195463577,10,0,0,9,1,0,0,0,0,
4,2,10,ZX_split,0.5396201460046384,3.5171319310383375,0.9907884502967638,0.009211549703236233,5,5,0,5,0,1,4,0,0,
4,2,10,XYZ_split,0.5396201460046384,3.5171319310383375,0.9723143145775035,0.027685685422496498,3,3,4,3,0,0,3,2,2,
4,2,10,RL_adaptive,0.5396201460046384,3.5171319310383375,0.642503043524637,0.35749695647536295,3,3,4,2,1,2,1,0,4,0.642503043524637
4,2,25,Z_only,0.5396201460046384,3.5171319310383375,0.9289519580453642,0.07104804195463577,25,0,0,24,1,0,0,0,0,
4,2,25,ZX_split,0.5396201460046384,3.5171319310383375,0.9861569103689689,0.013843089631031091,12,13,0,12,0,4,9,0,0,
4,2,25,XYZ_split,0.5396201460046384,3.5171319310383375,0.9814786637801145,0.018521336219885498,8,8,9,8,0,3,5,4,5,
4,2,25,RL_adaptive,0.5396201460046384,3.5171319310383375,0.9600935982387357,0.039906401761264254,7,11,7,6,1,2,9,4,3,0.9600935982387357
4,2,50,Z_only,0.5396201460046384,3.5171319310383375,0.9289519580453642,0.07104804195463577,50,0,0,48,2,0,0,0,0,
4,2,50,ZX_split,0.5396201460046384,3.5171319310383375,0.9908373115989807,0.009162688401019303,25,25,0,25,0,6,19,0,0,
4,2,50,XYZ_split,0.5396201460046384,3.5171319310383375,0.9950697888164454,0.004930211183554634,16,16,18,15,1,3,13,8,10,
4,2,50,RL_adaptive,0.5396201460046384,3.5171319310383375,0.9758065118237075,0.02419348817629252,17,18,15,15,2,3,15,4,11,0.9758065118237075
4,2,100,Z_only,0.5396201460046384,3.5171319310383375,0.9289519580453642,0.07104804195463577,100,0,0,89,11,0,0,0,0,
4,2,100,ZX_split,0.5396201460046384,3.5171319310383375,0.9860471412134075,0.01395285878659247,50,50,0,46,4,9,41,0,0,
4,2,100,XYZ_split,0.5396201460046384,3.5171319310383375,0.9836463166809363,0.016353683319063728,33,33,34,32,1,6,27,18,16,
4,2,100,RL_adaptive,0.5396201460046384,3.5171319310383375,0.9923289222430957,0.007671077756904343,34,37,29,31,3,13,24,13,16,0.9923289222430957
4,2,250,Z_only,0.5396201460046384,3.5171319310383375,0.9289519580453642,0.07104804195463577,250,0,0,227,23,0,0,0,0,
4,2,250,ZX_split,0.5396201460046384,3.5171319310383375,0.9890372702223064,0.010962729777693636,125,125,0,116,9,26,99,0,0,
4,2,250,XYZ_split,0.5396201460046384,3.5171319310383375,0.9933337197935739,0.006666280206426123,83,83,84,79,4,25,58,28,56,
4,2,250,RL_adaptive,0.5396201460046384,3.5171319310383375,0.9994757547193165,0.0005242452806835107,69,97,84,64,5,25,72,36,48,0.9994757547193165
4,2,500,Z_only,0.5396201460046384,3.5171319310383375,0.9289519580453642,0.07104804195463577,500,0,0,467,33,0,0,0,0,
4,2,500,ZX_split,0.5396201460046384,3.5171319310383375,0.9910400293886046,0.008959970611395418,250,250,0,225,25,69,181,0,0,
4,2,500,XYZ_split,0.5396201460046384,3.5171319310383375,0.9993693980283338,0.0006306019716662004,166,166,168,155,11,45,121,72,96,
4,2,500,RL_adaptive,0.5396201460046384,3.5171319310383375,0.9995358117617412,0.0004641882382587781,144,174,182,138,6,40,134,76,106,0.9995358117617412
4,3,10,Z_only,0.5396201460046384,3.5171319310383375,0.9289519580453642,0.07104804195463577,10,0,0,8,2,0,0,0,0,
4,3,10,ZX_split,0.5396201460046384,3.5171319310383375,0.9723143145775035,0.027685685422496498,5,5,0,5,0,0,5,0,0,
4,3,10,XYZ_split,0.5396201460046384,3.5171319310383375,0.9138934817920121,0.08610651820798787,3,3,4,3,0,0,3,3,1,
4,3,10,RL_adaptive,0.5396201460046384,3.5171319310383375,0.9400445295419124,0.05995547045808758,4,3,3,4,0,0,3,0,3,0.9400445295419124
4,3,25,Z_only,0.5396201460046384,3.5171319310383375,0.9289519580453642,0.07104804195463577,25,0,0,24,1,0,0,0,0,
4,3,25,ZX_split,0.5396201460046384,3.5171319310383375,0.9909903006861225,0.009009699313877517,12,13,0,12,0,3,10,0,0,
4,3,25,XYZ_split,0.5396201460046384,3.5171319310383375,0.9814786637801145,0.018521336219885498,8,8,9,8,0,3,5,4,5,
4,3,25,RL_adaptive,0.5396201460046384,3.5171319310383375,0.8978060242973,0.10219397570269995,7,10,8,6,1,2,8,0,8,0.8978060242973
4,3,50,Z_only,0.5396201460046384,3.5171319310383375,0.9289519580453642,0.07104804195463577,50,0,0,50,0,0,0,0,0,
4,3,50,ZX_split,0.5396201460046384,3.5171319310383375,0.9900906876860903,0.00990931231390968,25,25,0,24,1,7,18,0,0,
4,3,50,XYZ_split,0.5396201460046384,3.5171319310383375,0.9905509485674502,0.009449051432549815,16,16,18,16,0,4,12,9,9,
4,3,50,RL_adaptive,0.5396201460046384,3.5171319310383375,0.9702104074904288,0.02978959250957125,17,18,15,15,2,1,17,6,9,0.9702104074904288
4,3,100,Z_only,0.5396201460046384,3.5171319310383375,0.9289519580453642,0.07104804195463577,100,0,0,89,11,0,0,0,0,
4,3,100,ZX_split,0.5396201460046384,3.5171319310383375,0.9894836994310016,0.010516300568998438,50,50,0,46,4,11,39,0,0,
4,3,100,XYZ_split,0.5396201460046384,3.5171319310383375,0.9937731503418447,0.006226849658155342,33,33,34,31,2,11,22,15,19,
4,3,100,RL_adaptive,0.5396201460046384,3.5171319310383375,0.9988099799573822,0.001190020042617812,35,36,29,34,1,7,29,11,18,0.9988099799573822
4,3,250,Z_only,0.5396201460046384,3.5171319310383375,0.9289519580453642,0.07104804195463577,250,0,0,234,16,0,0,0,0,
4,3,250,ZX_split,0.5396201460046384,3.5171319310383375,0.9909803652563732,0.00901963474362677,125,125,0,117,8,31,94,0,0,
4,3,250,XYZ_split,0.5396201460046384,3.5171319310383375,0.9975297668844145,0.002470233115585474,83,83,84,79,4,23,60,30,54,
4,3,250,RL_adaptive,0.5396201460046384,3.5171319310383375,0.9979212457018409,0.002078754298159069,68,99,83,62,6,23,76,31,52,0.9979212457018409
4,3,500,Z_only,0.5396201460046384,3.5171319310383375,0.9289519580453642,0.07104804195463577,500,0,0,471,29,0,0,0,0,
4,3,500,ZX_split,0.5396201460046384,3.5171319310383375,0.9902042152219374,0.009795784778062644,250,250,0,235,15,55,195,0,0,
4,3,500,XYZ_split,0.5396201460046384,3.5171319310383375,0.9994110468624642,0.0005889531375358192,166,166,168,154,12,43,123,64,104,
4,3,500,RL_adaptive,0.5396201460046384,3.5171319310383375,0.9974912954012147,0.002508704598785272,144,176,180,135,9,43,133,63,117,0.9974912954012147
4,4,10,Z_only,0.5396201460046384,3.5171319310383375,0.9289519580453642,0.07104804195463577,10,0,0,9,1,0,0,0,0,
4,4,10,ZX_split,0.5396201460046384,3.5171319310383375,0.9907884502967638,0.009211549703236233,5,5,0,5,0,1,4,0,0,
4,4,10,XYZ_split,0.5396201460046384,3.5171319310383375,0.9767109307125977,0.023289069287402264,3,3,4,3,0,0,3,1,3,
4,4,10,RL_adaptive,0.5396201460046384,3.5171319310383375,0.8617730907675564,0.13822690923244363,4,3,3,3,1,0,3,2,1,0.8617730907675564
4,4,25,Z_only,0.5396201460046384,3.5171319310383375,0.9289519580453642,0.07104804195463577,25,0,0,22,3,0,0,0,0,
4,4,25,ZX_split,0.5396201460046384,3.5171319310383375,0.9909903006861225,0.009009699313877517,12,13,0,12,0,3,10,0,0,
4,4,25,XYZ_split,0.5396201460046384,3.5171319310383375,0.9782436322035394,0.02175636779646062,8,8,9,8,0,0,8,4,5,
4,4,25,RL_adaptive,0.5396201460046384,3.5171319310383375,0.9582974596533473,0.04170254034665266,6,11,8,6,0,5,6,3,5,0.9582974596533473
4,4,50,Z_only,0.5396201460046384,3.5171319310383375,0.9289519580453642,0.07104804195463577,50,0,0,47,3,0,0,0,0,
4,4,50,ZX_split,0.5396201460046384,3.5171319310383375,0.9898534433339139,0.010146556666086104,25,25,0,24,1,5,20,0,0,
4,4,50,XYZ_split,0.5396201460046384,3.5171319310383375,0.9726729735360037,0.027327026463996318,16,16,18,16,0,6,10,5,13,
4,4,50,RL_adaptive,0.5396201460046384,3.5171319310383375,0.9786233872518328,0.021376612748167156,17,18,15,17,0,4,14,3,12,0.9786233872518328
4,4,100,Z_only,0.5396201460046384,3.5171319310383375,0.9289519580453642,0.07104804195463577,100,0,0,93,7,0,0,0,0,
4,4,100,ZX_split,0.5396201460046384,3.5171319310383375,0.9884163050305164,0.011583694969483638,50,50,0,46,4,16,34,0,0,
4,4,100,XYZ_split,0.5396201460046384,3.5171319310383375,0.9984979040120877,0.0015020959879122886,33,33,34,31,2,9,24,15,19,
4,4,100,RL_adaptive,0.5396201460046384,3.5171319310383375,0.9889995957509349,0.011000404249065121,34,37,29,31,3,7,30,9,20,0.9889995957509349
4,4,250,Z_only,0.5396201460046384,3.5171319310383375,0.9289519580453642,0.07104804195463577,250,0,0,237,13,0,0,0,0,
4,4,250,ZX_split,0.5396201460046384,3.5171319310383375,0.9897792299219282,0.010220770078071761,125,125,0,115,10,38,87,0,0,
4,4,250,XYZ_split,0.5396201460046384,3.5171319310383375,0.9989168194542174,0.0010831805457826027,83,83,84,76,7,20,63,36,48,
4,4,250,RL_adaptive,0.5396201460046384,3.5171319310383375,0.9947561079518202,0.005243892048179766,70,95,85,67,3,30,65,31,54,0.9947561079518202
4,4,500,Z_only,0.5396201460046384,3.5171319310383375,0.9289519580453642,0.07104804195463577,500,0,0,463,37,0,0,0,0,
4,4,500,ZX_split,0.5396201460046384,3.5171319310383375,0.990051421977643,0.009948578022357046,250,250,0,226,24,60,190,0,0,
4,4,500,XYZ_split,0.5396201460046384,3.5171319310383375,0.999529148582392,0.0004708514176080536,166,166,168,155,11,39,127,66,102,
4,4,500,RL_adaptive,0.5396201460046384,3.5171319310383375,0.9992767556402381,0.0007232443597618987,143,174,183,129,14,43,131,76,107,0.9992767556402381
5,0,10,Z_only,2.0569027913762383,4.545951486169658,0.7335934676825674,0.2664065323174326,10,0,0,1,9,0,0,0,0,
5,0,10,ZX_split,2.0569027913762383,4.545951486169658,0.7447665319279918,0.2552334680720082,5,5,0,1,4,2,3,0,0,
5,0,10,XYZ_split,2.0569027913762383,4.545951486169658,0.9776276364094247,0.02237236359057526,3,3,4,0,3,1,2,0,4,
5,0,10,RL_adaptive,2.0569027913762383,4.545951486169658,0.9660507489680232,0.03394925103197677,3,3,4,1,2,1,2,1,3,0.9660507489680232
5,0,25,Z_only,2.0569027913762383,4.545951486169658,0.7335934676825674,0.2664065323174326,25,0,0,10,15,0,0,0,0,
5,0,25,ZX_split,2.0569027913762383,4.545951486169658,0.733747284234508,0.26625271576549203,12,13,0,4,8,5,8,0,0,
5,0,25,XYZ_split,2.0569027913762383,4.545951486169658,0.8716137088136359,0.12838629118636413,8,8,9,1,7,2,6,3,6,
5,0,25,RL_adaptive,2.0569027913762383,4.545951486169658,0.9321786367910617,0.06782136320893828,9,9,7,2,7,6,3,1,6,0.9321786367910617
5,0,50,Z_only,2.0569027913762383,4.545951486169658,0.7335934676825674,0.2664065323174326,50,0,0,12,38,0,0,0,0,
5,0,50,ZX_split,2.0569027913762383,4.545951486169658,0.7392649251772764,0.2607350748227236,25,25,0,7,18,12,13,0,0,
5,0,50,XYZ_split,2.0569027913762383,4.545951486169658,0.9808503749007719,0.01914962509922813,16,16,18,3,13,5,11,2,16,
5,0,50,RL_adaptive,2.0569027913762383,4.545951486169658,0.9892026052138856,0.010797394786114412,17,18,15,6,11,8,10,0,15,0.9892026052138856
5,0,100,Z_only,2.0569027913762383,4.545951486169658,0.7335934676825674,0.2664065323174326,100,0,0,32,68,0,0,0,0,
5,0,100,ZX_split,2.0569027913762383,4.545951486169658,0.7416033408329514,0.25839665916704857,50,50,0,11,39,23,27,0,0,
5,0,100,XYZ_split,2.0569027913762383,4.545951486169658,0.9981708844882098,0.0018291155117902136,33,33,34,8,25,15,18,3,31,
5,0,100,RL_adaptive,2.0569027913762383,4.545951486169658,0.9886883171296222,0.01131168287037776,28,40,32,6,22,21,19,2,30,0.9886883171296222
5,0,250,Z_only,2.0569027913762383,4.545951486169658,0.7335934676825674,0.2664065323174326,250,0,0,70,180,0,0,0,0,
5,0,250,ZX_split,2.0569027913762383,4.545951486169658,0.7445712774552655,0.2554287225447345,125,125,0,28,97,50,75,0,0,
5,0,250,XYZ_split,2.0569027913762383,4.545951486169658,0.9983420449196271,0.0016579550803729193,83,83,84,18,65,36,47,5,79,
5,0,250,RL_adaptive,2.0569027913762383,4.545951486169658,0.9980299895972276,0.0019700104027724485,88,89,73,23,65,34,55,5,68,0.9980299895972276
5,0,500,Z_only,2.0569027913762383,4.545951486169658,0.7335934676825674,0.2664065323174326,500,0,0,147,353,0,0,0,0,
5,0,500,ZX_split,2.0569027913762383,4.545951486169658,0.7445867726430664,0.2554132273569336,250,250,0,64,186,103,147,0,0,
5,0,500,XYZ_split,2.0569027913762383,4.545951486169658,0.9996845653016544,0.0003154346983456069,166,166,168,48,118,72,94,12,156,
5,0,500,RL_adaptive,2.0569027913762383,4.545951486169658,0.9986227705309118,0.001377229469088248,136,194,170,39,97,77,117,9,161,0.9986227705309118
5,1,10,Z_only,2.0569027913762383,4.545951486169658,0.7335934676825674,0.2664065323174326,10,0,0,0,10,0,0,0,0,
5,1,10,ZX_split,2.0569027913762383,4.545951486169658,0.716963553929414,0.283036446070586,5,5,0,1,4,1,4,0,0,
5,1,10,XYZ_split,2.0569027913762383,4.545951486169658,0.9868635333973685,0.013136466602631458,3,3,4,1,2,1,2,0,4,
5,1,10,RL_adaptive,2.0569027913762383,4.545951486169658,0.9440231258329141,0.055976874167085855,2,3,5,0,2,2,1,0,5,0.9440231258329141
5,1,25,Z_only,2.0569027913762383,4.545951486169658,0.7335934676825674,0.2664065323174326,25,0,0,7,18,0,0,0,0,
5,1,25,ZX_split,2.0569027913762383,4.545951486169658,0.7427849224725809,0.2572150775274191,12,13,0,3,9,5,8,0,0,
5,1,25,XYZ_split,2.0569027913762383,4.545951486169658,0.9789736877621131,0.02102631223788687,8,8,9,0,8,3,5,0,9,
5,1,25,RL_adaptive,2.0569027913762383,4.545951486169658,0.992081150702686,0.007918849297314012,9,9,7,1,8,4,5,0,7,0.992081150702686
5,1,50,Z_only,2.0569027913762383,4.545951486169658,0.7335934676825674,0.2664065323174326,50,0,0,21,29,0,0,0,0,
5,1,50,ZX_split,2.0569027913762383,4.545951486169658,0.7403950521566767,0.25960494784332333,25,25,0,6,19,9,16,0,0,
5,1,50,XYZ_split,2.0569027913762383,4.545951486169658,0.9844253117787689,0.015574688221231092,16,16,18,4,12,5,11,2,16,
5,1,50,RL_adaptive,2.0569027913762383,4.545951486169658,0.999390761777615,0.0006092382223850112,17,18,15,4,13,8,10,0,15,0.999390761777615
5,1,100,Z_only,2.0569027913762383,4.545951486169658,0.7335934676825674,0.2664065323174326,100,0,0,24,76,0,0,0,0,
5,1,100,ZX_split,2.0569027913762383,4.545951486169658,0.738868774911401,0.261131225088599,50,50,0,13,37,24,26,0,0,
5,1,100,XYZ_split,2.0569027913762383,4.545951486169658,0.9677910036677414,0.0322089963322586,33,33,34,15,18,15,18,5,29,
5,1,100,RL_adaptive,2.0569027913762383,4.545951486169658,0.9859940932453964,0.014005906754603559,30,39,31,10,20,14,25,6,25,0.9859940932453964
5,1,250,Z_only,2.0569027913762383,4.545951486169658,0.7335934676825674,0.2664065323174326,250,0,0,65,185,0,0,0,0,
5,1,250,ZX_split,2.0569027913762383,4.545951486169658,0.7436859321315767,0.25631406786842326,125,125,0,40,85,53,72,0,0,
5,1,250,XYZ_split,2.0569027913762383,4.545951486169658,0.9951591913171924,0.0048408086828075625,83,83,84,26,57,39,44,3,81,
5,1,250,RL_adaptive,2.0569027913762383,4.545951486169658,0.9980248198956688,0.0019751801043311756,91,85,74,24,67,40,45,4,70,0.9980248198956688
5,1,500,Z_only,2.0569027913762383,4.545951486169658,0.7335934676825674,0.2664065323174326,500,0,0,142,358,0,0,0,0,
5,1,500,ZX_split,2.0569027913762383,4.545951486169658,0.7433216213601779,0.2566783786398221,250,250,0,59,191,96,154,0,0,
5,1,500,XYZ_split,2.0569027913762383,4.545951486169658,0.996893829663786,0.0031061703362139648,166,166,168,49,117,80,86,15,153,
5,1,500,RL_adaptive,2.0569027913762383,4.545951486169658,0.9999233654776417,7.66345223582876e-05,137,192,171,39,98,82,110,14,157,0.9999233654776417
5,2,10,Z_only,2.0569027913762383,4.545951486169658,0.7335934676825674,0.2664065323174326,10,0,0,2,8,0,0,0,0,
5,2,10,ZX_split,2.0569027913762383,4.545951486169658,0.49561219137012824,0.5043878086298718,5,5,0,3,2,1,4,0,0,
5,2,10,XYZ_split,2.0569027913762383,4.545951486169658,0.7968720797228732,0.20312792027712678,3,3,4,2,1,0,3,0,4,
5,2,10,RL_adaptive,2.0569027913762383,4.545951486169658,0.7746571419701218,0.2253428580298782,2,3,5,0,2,3,0,1,4,0.7746571419701218
5,2,25,Z_only,2.0569027913762383,4.545951486169658,0.7335934676825674,0.2664065323174326,25,0,0,8,17,0,0,0,0,
5,2,25,ZX_split,2.0569027913762383,4.545951486169658,0.733747284234508,0.26625271576549203,12,13,0,4,8,5,8,0,0,
5,2,25,XYZ_split,2.0569027913762383,4.545951486169658,0.940716452513952,0.05928354748604803,8,8,9,4,4,3,5,0,9,
5,2,25,RL_adaptive,2.0569027913762383,4.545951486169658,0.9170869138676222,0.0829130861323778,9,9,7,1,8,7,2,0,7,0.9170869138676222
5,2,50,Z_only,2.0569027913762383,4.545951486169658,0.7335934676825674,0.2664065323174326,50,0,0,15,35,0,0,0,0,
5,2,50,ZX_split,2.0569027913762383,4.545951486169658,0.744079978531662,0.25592002146833803,25,25,0,6,19,11,14,0,0,
5,2,50,XYZ_split,2.0569027913762383,4.545951486169658,0.988901971751767,0.011098028248233027,16,16,18,2,14,7,9,1,17,
5,2,50,RL_adaptive,2.0569027913762383,4.545951486169658,0.923064142834773,0.076935857165227,17,18,15,9,8,6,12,0,15,0.923064142834773
5,2,100,Z_only,2.0569027913762383,4.545951486169658,0.7335934676825674,0.2664065323174326,100,0,0,30,70,0,0,0,0,
5,2,100,ZX_split,2.0569027913762383,4.545951486169658,0.7446178121123829,0.25538218788761713,50,50,0,11,39,20,30,0,0,
5,2,100,XYZ_split,2.0569027913762383,4.545951486169658,0.9596841195923846,0.040315880407615357,33,33,34,12,21,8,25,2,32,
5,2,100,RL_adaptive,2.0569027913762383,4.545951486169658,0.9907268059498232,0.009273194050176792,30,39,31,11,19,17,22,2,29,0.9907268059498232
5,2,250,Z_only,2.0569027913762383,4.545951486169658,0.7335934676825674,0.2664065323174326,250,0,0,65,185,0,0,0,0,
5,2,250,ZX_split,2.0569027913762383,4.545951486169658,0.7441373044785347,0.25586269552146534,125,125,0,39,86,57,68,0,0,
5,2,250,XYZ_split,2.0569027913762383,4.545951486169658,0.9443119461752096,0.05568805382479036,83,83,84,26,57,54,29,8,76,
5,2,250,RL_adaptive,2.0569027913762383,4.545951486169658,0.9989874826980434,0.001012517301956617,89,88,73,23,66,36,52,7,66,0.9989874826980434
5,2,500,Z_only,2.0569027913762383,4.545951486169658,0.7335934676825674,0.2664065323174326,500,0,0,127,373,0,0,0,0,
5,2,500,ZX_split,2.0569027913762383,4.545951486169658,0.7357156175347925,0.26428438246520747,250,250,0,82,168,97,153,0,0,
5,2,500,XYZ_split,2.0569027913762383,4.545951486169658,0.998980907206043,0.001019092793956955,166,166,168,44,122,65,101,8,160,
5,2,500,RL_adaptive,2.0569027913762383,4.545951486169658,0.9975151522050916,0.002484847794908429,137,193,170,42,95,86,107,7,163,0.9975151522050916
5,3,10,Z_only,2.0569027913762383,4.545951486169658,0.7335934676825674,0.2664065323174326,10,0,0,2,8,0,0,0,0,
5,3,10,ZX_split,2.0569027913762383,4.545951486169658,0.6626234201616172,0.33737657983838276,5,5,0,0,5,4,1,0,0,
5,3,10,XYZ_split,2.0569027913762383,4.545951486169658,0.9288575630813128,0.07114243691868716,3,3,4,0,3,0,3,0,4,
5,3,10,RL_adaptive,2.0569027913762383,4.545951486169658,0.9440231258329141,0.055976874167085855,2,3,5,0,2,2,1,0,5,0.9440231258329141
5,3,25,Z_only,2.0569027913762383,4.545951486169658,0.7335934676825674,0.2664065323174326,25,0,0,8,17,0,0,0,0,
5,3,25,ZX_split,2.0569027913762383,4.545951486169658,0.712618238314886,0.287381761685114,12,13,0,3,9,3,10,0,0,
5,3,25,XYZ_split,2.0569027913762383,4.545951486169658,0.9173375697504831,0.08266243024951692,8,8,9,2,6,0,8,0,9,
5,3,25,RL_adaptive,2.0569027913762383,4.545951486169658,0.9851528978172437,0.014847102182756311,9,9,7,2,7,5,4,0,7,0.9851528978172437
5,3,50,Z_only,2.0569027913762383,4.545951486169658,0.7335934676825674,0.2664065323174326,50,0,0,21,29,0,0,0,0,
5,3,50,ZX_split,2.0569027913762383,4.545951486169658,0.737986071899309,0.262013928100691,25,25,0,5,20,8,17,0,0,
5,3,50,XYZ_split,2.0569027913762383,4.545951486169658,0.9698639223221122,0.03013607767788784,16,16,18,6,10,9,7,2,16,
5,3,50,RL_adaptive,2.0569027913762383,4.545951486169658,0.9722396986358417,0.027760301364158302,17,18,15,2,15,10,8,1,14,0.9722396986358417
5,3,100,Z_only,2.0569027913762383,4.545951486169658,0.7335934676825674,0.2664065323174326,100,0,0,27,73,0,0,0,0,
5,3,100,ZX_split,2.0569027913762383,4.545951486169658,0.7434206552709101,0.25657934472908994,50,50,0,15,35,23,27,0,0,
5,3,100,XYZ_split,2.0569027913762383,4.545951486169658,0.98662632840793,0.013373671592070036,33,33,34,12,21,15,18,0,34,
5,3,100,RL_adaptive,2.0569027913762383,4.545951486169658,0.9657975992705236,0.034202400729476445,30,39,31,12,18,12,27,3,28,0.9657975992705236
5,3,250,Z_only,2.0569027913762383,4.545951486169658,0.7335934676825674,0.2664065323174326,250,0,0,61,189,0,0,0,0,
5,3,250,ZX_split,2.0569027913762383,4.545951486169658,0.7444581019748975,0.2555418980251025,125,125,0,29,96,50,75,0,0,
5,3,250,XYZ_split,2.0569027913762383,4.545951486169658,0.9971732750456693,0.0028267249543306727,83,83,84,25,58,32,51,7,77,
5,3,250,RL_adaptive,2.0569027913762383,4.545951486169658,0.9894946045616432,0.010505395438356824,94,83,73,19,75,43,40,4,69,0.9894946045616432
5,3,500,Z_only,2.0569027913762383,4.545951486169658,0.7335934676825674,0.2664065323174326,500,0,0,134,366,0,0,0,0,
5,3,500,ZX_split,2.0569027913762383,4.545951486169658,0.7424556493163272,0.25754435068367276,250,250,0,65,185,115,135,0,0,
5,3,500,XYZ_split,2.0569027913762383,4.545951486169658,0.9957863532329362,0.004213646767063817,166,166,168,33,133,63,103,10,158,
5,3,500,RL_adaptive,2.0569027913762383,4.545951486169658,0.9995298833512375,0.0004701166487625086,137,192,171,40,97,81,111,12,159,0.9995298833512375
5,4,10,Z_only,2.0569027913762383,4.545951486169658,0.7335934676825674,0.2664065323174326,10,0,0,2,8,0,0,0,0,
5,4,10,ZX_split,2.0569027913762383,4.545951486169658,0.5043878086298715,0.49561219137012846,5,5,0,2,3,4,1,0,0,
5,4,10,XYZ_split,2.0569027913762383,4.545951486169658,0.9288575630813128,0.07114243691868716,3,3,4,0,3,0,3,0,4,
5,4,10,RL_adaptive,2.0569027913762383,4.545951486169658,0.7758739809844419,0.22412601901555806,2,3,5,0,2,0,3,2,3,0.7758739809844419
5,4,25,Z_only,2.0569027913762383,4.545951486169658,0.7335934676825674,0.2664065323174326,25,0,0,7,18,0,0,0,0,
5,4,25,ZX_split,2.0569027913762383,4.545951486169658,0.7197406054874953,0.2802593945125047,12,13,0,3,9,7,6,0,0,
5,4,25,XYZ_split,2.0569027913762383,4.545951486169658,0.994409854586543,0.005590145413457037,8,8,9,2,6,4,4,0,9,
5,4,25,RL_adaptive,2.0569027913762383,4.545951486169658,0.9538098652509331,0.04619013474906686,9,9,7,1,8,1,8,0,7,0.9538098652509331
5,4,50,Z_only,2.0569027913762383,4.545951486169658,0.7335934676825674,0.2664065323174326,50,0,0,14,36,0,0,0,0,
5,4,50,ZX_split,2.0569027913762383,4.545951486169658,0.7426503113692451,0.2573496886307549,25,25,0,5,20,9,16,0,0,
5,4,50,XYZ_split,2.0569027913762383,4.545951486169658,0.9117726550423372,0.08822734495766282,16,16,18,4,12,12,4,1,17,
5,4,50,RL_adaptive,2.0569027913762383,4.545951486169658,0.9857180744211096,0.014281925578890409,17,18,15,3,14,7,11,2,13,0.9857180744211096
5,4,100,Z_only,2.0569027913762383,4.545951486169658,0.7335934676825674,0.2664065323174326,100,0,0,26,74,0,0,0,0,
5,4,100,ZX_split,2.0569027913762383,4.545951486169658,0.7363942153279383,0.26360578467206175,50,50,0,14,36,18,32,0,0,
5,4,100,XYZ_split,2.0569027913762383,4.545951486169658,0.9904512853094978,0.009548714690502225,33,33,34,5,28,12,21,2,32,
5,4,100,RL_adaptive,2.0569027913762383,4.545951486169658,0.9943123201854932,0.005687679814506796,30,39,31,10,20,16,23,1,30,0.9943123201854932
5,4,250,Z_only,2.0569027913762383,4.545951486169658,0.7335934676825674,0.2664065323174326,250,0,0,66,184,0,0,0,0,
5,4,250,ZX_split,2.0569027913762383,4.545951486169658,0.7332614850855799,0.26673851491442013,125,125,0,39,86,46,79,0,0,
5,4,250,XYZ_split,2.0569027913762383,4.545951486169658,0.9997175480143565,0.0002824519856434726,83,83,84,21,62,36,47,6,78,
5,4,250,RL_adaptive,2.0569027913762383,4.545951486169658,0.9954744604279898,0.004525539572010184,87,90,73,24,63,33,57,7,66,0.9954744604279898
5,4,500,Z_only,2.0569027913762383,4.545951486169658,0.7335934676825674,0.2664065323174326,500,0,0,124,376,0,0,0,0,
5,4,500,ZX_split,2.0569027913762383,4.545951486169658,0.7392628584380571,0.26073714156194294,250,250,0,74,176,96,154,0,0,
5,4,500,XYZ_split,2.0569027913762383,4.545951486169658,0.9980232238122658,0.001976776187734175,166,166,168,39,127,77,89,9,159,
5,4,500,RL_adaptive,2.0569027913762383,4.545951486169658,0.9995707593605213,0.0004292406394786896,137,191,172,38,99,86,105,15,157,0.9995707593605213
6,0,10,Z_only,0.9779392190258654,5.568022322373576,0.7793664179743388,0.2206335820256612,10,0,0,8,2,0,0,0,0,
6,0,10,ZX_split,0.9779392190258654,5.568022322373576,0.9121908128208626,0.08780918717913744,5,5,0,4,1,5,0,0,0,
6,0,10,XYZ_split,0.9779392190258654,5.568022322373576,0.9189180072681036,0.08108199273189642,3,3,4,3,0,3,0,2,2,
6,0,10,RL_adaptive,0.9779392190258654,5.568022322373576,0.9852251014040865,0.014774898595913522,3,3,4,2,1,2,1,1,3,0.9852251014040865
6,0,25,Z_only,0.9779392190258654,5.568022322373576,0.7793664179743388,0.2206335820256612,25,0,0,20,5,0,0,0,0,
6,0,25,ZX_split,0.9779392190258654,5.568022322373576,0.9192930824938244,0.08070691750617565,12,13,0,10,2,11,2,0,0,
6,0,25,XYZ_split,0.9779392190258654,5.568022322373576,0.9972618600583004,0.00273813994169958,8,8,9,7,1,7,1,2,7,
6,0,25,RL_adaptive,0.9779392190258654,5.568022322373576,0.9195954629498126,0.08040453705018735,7,10,8,6,1,9,1,4,4,0.9195954629498126
6,0,50,Z_only,0.9779392190258654,5.568022322373576,0.7793664179743388,0.2206335820256612,50,0,0,41,9,0,0,0,0,
6,0,50,ZX_split,0.9779392190258654,5.568022322373576,0.9189180072681036,0.08108199273189642,25,25,0,19,6,19,6,0,0,
6,0,50,XYZ_split,0.9779392190258654,5.568022322373576,0.9921877832490419,0.007812216750958112,16,16,18,12,4,14,2,2,16,
6,0,50,RL_adaptive,0.9779392190258654,5.568022322373576,0.9870545475299639,0.01294545247003609,17,18,15,12,5,16,2,2,13,0.9870545475299639
6,0,100,Z_only,0.9779392190258654,5.568022322373576,0.7793664179743388,0.2206335820256612,100,0,0,76,24,0,0,0,0,
6,0,100,ZX_split,0.9779392190258654,5.568022322373576,0.9189180072681034,0.08108199273189665,50,50,0,43,7,43,7,0,0,
6,0,100,XYZ_split,0.9779392190258654,5.568022322373576,0.9933035915085836,0.006696408491416395,33,33,34,29,4,26,7,7,27,
6,0,100,RL_adaptive,0.9779392190258654,5.568022322373576,0.975593279193614,0.02440672080638595,32,39,29,24,8,33,6,11,18,0.975593279193614
6,0,250,Z_only,0.9779392190258654,5.568022322373576,0.7793664179743388,0.2206335820256612,250,0,0,190,60,0,0,0,0,
6,0,250,ZX_split,0.9779392190258654,5.568022322373576,0.916260345420099,0.08373965457990096,125,125,0,101,24,96,29,0,0,
6,0,250,XYZ_split,0.9779392190258654,5.568022322373576,0.9987859574192448,0.0012140425807551924,83,83,84,63,20,70,13,18,66,
6,0,250,RL_adaptive,0.9779392190258654,5.568022322373576,0.9983897885634497,0.0016102114365502684,91,71,88,69,22,57,14,25,63,0.9983897885634497
6,0,500,Z_only,0.9779392190258654,5.568022322373576,0.7793664179743388,0.2206335820256612,500,0,0,401,99,0,0,0,0,
6,0,500,ZX_split,0.9779392190258654,5.568022322373576,0.9163041170343184,0.08369588296568164,250,250,0,187,63,215,35,0,0,
6,0,500,XYZ_split,0.9779392190258654,5.568022322373576,0.9988023139570961,0.0011976860429039338,166,166,168,134,32,136,30,42,126,
6,0,500,RL_adaptive,0.9779392190258654,5.568022322373576,0.9993757216281063,0.0006242783718937162,149,173,178,117,32,147,26,33,145,0.9993757216281063
6,1,10,Z_only,0.9779392190258654,5.568022322373576,0.7793664179743388,0.2206335820256612,10,0,0,10,0,0,0,0,0,
6,1,10,ZX_split,0.9779392190258654,5.568022322373576,0.9121908128208626,0.08780918717913744,5,5,0,4,1,5,0,0,0,
6,1,10,XYZ_split,0.9779392190258654,5.568022322373576,0.9189180072681036,0.08108199273189642,3,3,4,3,0,3,0,2,2,
6,1,10,RL_adaptive,0.9779392190258654,5.568022322373576,0.5291007527849448,0.47089924721505516,2,4,4,1,1,3,1,3,1,0.5291007527849448
6,1,25,Z_only,0.9779392190258654,5.568022322373576,0.7793664179743388,0.2206335820256612,25,0,0,19,6,0,0,0,0,
6,1,25,ZX_split,0.9779392190258654,5.568022322373576,0.9149458420128749,0.08505415798712512,12,13,0,11,1,11,2,0,0,
6,1,25,XYZ_split,0.9779392190258654,5.568022322373576,0.9560203162273981,0.04397968377260186,8,8,9,5,3,8,0,2,7,
6,1,25,RL_adaptive,0.9779392190258654,5.568022322373576,0.991022708237516,0.008977291762483963,7,10,8,5,2,7,3,3,5,0.991022708237516
6,1,50,Z_only,0.9779392190258654,5.568022322373576,0.7793664179743388,0.2206335820256612,50,0,0,39,11,0,0,0,0,
6,1,50,ZX_split,0.9779392190258654,5.568022322373576,0.9074023475120068,0.09259765248799323,25,25,0,17,8,21,4,0,0,
6,1,50,XYZ_split,0.9779392190258654,5.568022322373576,0.975211826859006,0.02478817314099402,16,16,18,14,2,12,4,6,12,
6,1,50,RL_adaptive,0.9779392190258654,5.568022322373576,0.9919085182159958,0.008091481784004206,18,17,15,16,2,15,2,4,11,0.9919085182159958
6,1,100,Z_only,0.9779392190258654,5.568022322373576,0.7793664179743388,0.2206335820256612,100,0,0,79,21,0,0,0,0,
6,1,100,ZX_split,0.9779392190258654,5.568022322373576,0.9195131232279022,0.08048687677209776,50,50,0,38,12,39,11,0,0,
6,1,100,XYZ_split,0.9779392190258654,5.568022322373576,0.9649262323192107,0.03507376768078929,33,33,34,26,7,21,12,6,28,
6,1,100,RL_adaptive,0.9779392190258654,5.568022322373576,0.9992085191372025,0.0007914808627974557,32,39,29,24,8,32,7,7,22,0.9992085191372025
6,1,250,Z_only,0.9779392190258654,5.568022322373576,0.7793664179743388,0.2206335820256612,250,0,0,191,59,0,0,0,0,
6,1,250,ZX_split,0.9779392190258654,5.568022322373576,0.9180807812355919,0.08191921876440811,125,125,0,99,26,97,28,0,0,
6,1,250,XYZ_split,0.9779392190258654,5.568022322373576,0.9949800391558621,0.005019960844137916,83,83,84,62,21,74,9,18,66,
6,1,250,RL_adaptive,0.9779392190258654,5.568022322373576,0.9964264982074745,0.0035735017925254686,91,69,90,76,15,60,9,23,67,0.9964264982074745
6,1,500,Z_only,0.9779392190258654,5.568022322373576,0.7793664179743388,0.2206335820256612,500,0,0,391,109,0,0,0,0,
6,1,500,ZX_split,0.9779392190258654,5.568022322373576,0.9158560762019781,0.08414392379802194,250,250,0,195,55,185,65,0,0,
6,1,500,XYZ_split,0.9779392190258654,5.568022322373576,0.9991972185913501,0.0008027814086498664,166,166,168,129,37,139,27,41,127,
6,1,500,RL_adaptive,0.9779392190258654,5.568022322373576,0.9990746658351768,0.0009253341648232105,148,173,179,116,32,135,38,40,139,0.9990746658351768
6,2,10,Z_only,0.9779392190258654,5.568022322373576,0.7793664179743388,0.2206335820256612,10,0,0,8,2,0,0,0,0,
6,2,10,ZX_split,0.9779392190258654,5.568022322373576,0.9121908128208626,0.08780918717913744,5,5,0,4,1,5,0,0,0,
6,2,10,XYZ_split,0.9779392190258654,5.568022322373576,0.9647038261423122,0.035296173857687796,3,3,4,2,1,3,0,1,3,
6,2,10,RL_adaptive,0.9779392190258654,5.568022322373576,0.9189180072681036,0.08108199273189642,3,3,4,3,0,3,0,2,2,0.9189180072681036
6,2,25,Z_only,0.9779392190258654,5.568022322373576,0.7793664179743388,0.2206335820256612,25,0,0,19,6,0,0,0,0,
6,2,25,ZX_split,0.9779392190258654,5.568022322373576,0.8816784281545555,0.11832157184544445,12,13,0,7,5,10,3,0,0,
6,2,25,XYZ_split,0.9779392190258654,5.568022322373576,0.9863210351251223,0.013678964874877741,8,8,9,8,0,7,1,2,7,
6,2,25,RL_adaptive,0.9779392190258654,5.568022322373576,0.9620356565073303,0.03796434349266975,6,11,8,6,0,8,3,2,6,0.9620356565073303
6,2,50,Z_only,0.9779392190258654,5.568022322373576,0.7793664179743388,0.2206335820256612,50,0,0,37,13,0,0,0,0,
6,2,50,ZX_split,0.9779392190258654,5.568022322373576,0.8958605567464037,0.10413944325359625,25,25,0,16,9,21,4,0,0,
6,2,50,XYZ_split,0.9779392190258654,5.568022322373576,0.9957330028776317,0.004266997122368332,16,16,18,14,2,14,2,1,17,
6,2,50,RL_adaptive,0.9779392190258654,5.568022322373576,0.9520526985549032,0.047947301445096846,17,18,15,10,7,17,1,2,13,0.9520526985549032
6,2,100,Z_only,0.9779392190258654,5.568022322373576,0.7793664179743388,0.2206335820256612,100,0,0,74,26,0,0,0,0,
6,2,100,ZX_split,0.9779392190258654,5.568022322373576,0.9177488343621576,0.0822511656378424,50,50,0,39,11,38,12,0,0,
6,2,100,XYZ_split,0.9779392190258654,5.568022322373576,0.9988505349078145,0.0011494650921854976,33,33,34,27,6,28,5,5,29,
6,2,100,RL_adaptive,0.9779392190258654,5.568022322373576,0.998386703648181,0.0016132963518189491,32,39,29,25,7,32,7,5,24,0.998386703648181
6,2,250,Z_only,0.9779392190258654,5.568022322373576,0.7793664179743388,0.2206335820256612,250,0,0,202,48,0,0,0,0,
6,2,250,ZX_split,0.9779392190258654,5.568022322373576,0.9185947384805584,0.08140526151944161,125,125,0,97,28,107,18,0,0,
6,2,250,XYZ_split,0.9779392190258654,5.568022322373576,0.9976761633139244,0.0023238366860756088,83,83,84,61,22,62,21,27,57,
6,2,250,RL_adaptive,0.9779392190258654,5.568022322373576,0.9955246121856538,0.004475387814346199,87,73,90,75,12,58,15,18,72,0.9955246121856538
6,2,500,Z_only,0.9779392190258654,5.568022322373576,0.7793664179743388,0.2206335820256612,500,0,0,385,115,0,0,0,0,
6,2,500,ZX_split,0.9779392190258654,5.568022322373576,0.9172906065644597,0.08270939343554029,250,250,0,184,66,207,43,0,0,
6,2,500,XYZ_split,0.9779392190258654,5.568022322373576,0.9996309322165897,0.0003690677834102818,166,166,168,130,36,139,27,39,129,
6,2,500,RL_adaptive,0.9779392190258654,5.568022322373576,0.9988346475770329,0.0011653524229671142,149,171,180,122,27,144,27,43,137,0.9988346475770329
6,3,10,Z_only,0.9779392190258654,5.568022322373576,0.7793664179743388,0.2206335820256612,10,0,0,9,1,0,0,0,0,
6,3,10,ZX_split,0.9779392190258654,5.568022322373576,0.9189180072681036,0.08108199273189642,5,5,0,4,1,4,1,0,0,
6,3,10,XYZ_split,0.9779392190258654,5.568022322373576,0.9667098418872282,0.033290158112771806,3,3,4,2,1,3,0,0,4,
6,3,10,RL_adaptive,0.9779392190258654,5.568022322373576,0.9855991616548376,0.01440083834516237,3,3,4,3,0,3,0,1,3,0.9855991616548376
6,3,25,Z_only,0.9779392190258654,5.568022322373576,0.7793664179743388,0.2206335820256612,25,0,0,22,3,0,0,0,0,
6,3,25,ZX_split,0.9779392190258654,5.568022322373576,0.8697638596387973,0.13023614036120268,12,13,0,7,5,11,2,0,0,
6,3,25,XYZ_split,0.9779392190258654,5.568022322373576,0.4703091215256837,0.5296908784743163,8,8,9,4,4,5,3,6,3,
6,3,25,RL_adaptive,0.9779392190258654,5.568022322373576,0.9679350108030209,0.03206498919697909,7,10,8,5,2,6,4,3,5,0.9679350108030209
6,3,50,Z_only,0.9779392190258654,5.568022322373576,0.7793664179743388,0.2206335820256612,50,0,0,37,13,0,0,0,0,
6,3,50,ZX_split,0.9779392190258654,5.568022322373576,0.9006295130330929,0.09937048696690709,25,25,0,20,5,17,8,0,0,
6,3,50,XYZ_split,0.9779392190258654,5.568022322373576,0.987771627898525,0.012228372101474982,16,16,18,11,5,14,2,4,14,
6,3,50,RL_adaptive,0.9779392190258654,5.568022322373576,0.991056091232624,0.008943908767376052,17,18,15,13,4,14,4,2,13,0.991056091232624
6,3,100,Z_only,0.9779392190258654,5.568022322373576,0.7793664179743388,0.2206335820256612,100,0,0,74,26,0,0,0,0,
6,3,100,ZX_split,0.9779392190258654,5.568022322373576,0.910620232901832,0.08937976709816797,50,50,0,44,6,39,11,0,0,
6,3,100,XYZ_split,0.9779392190258654,5.568022322373576,0.998332094848564,0.001667905151436,33,33,34,23,10,25,8,9,25,
6,3,100,RL_adaptive,0.9779392190258654,5.568022322373576,0.9997444858611106,0.0002555141388893567,32,39,29,24,8,30,9,8,21,0.9997444858611106
6,3,250,Z_only,0.9779392190258654,5.568022322373576,0.7793664179743388,0.2206335820256612,250,0,0,189,61,0,0,0,0,
6,3,250,ZX_split,0.9779392190258654,5.568022322373576,0.9195837083549823,0.08041629164501773,125,125,0,101,24,105,20,0,0,
6,3,250,XYZ_split,0.9779392190258654,5.568022322373576,0.9992604647835681,0.0007395352164318858,83,83,84,65,18,70,13,20,64,
6,3,250,RL_adaptive,0.9779392190258654,5.568022322373576,0.9967291181818541,0.003270881818145943,90,72,88,69,21,56,16,27,61,0.9967291181818541
6,3,500,Z_only,0.9779392190258654,5.568022322373576,0.7793664179743388,0.2206335820256612,500,0,0,393,107,0,0,0,0,
6,3,500,ZX_split,0.9779392190258654,5.568022322373576,0.9195507298737603,0.0804492701262397,250,250,0,193,57,199,51,0,0,
6,3,500,XYZ_split,0.9779392190258654,5.568022322373576,0.9982903351223789,0.001709664877621142,166,166,168,128,38,144,22,31,137,
6,3,500,RL_adaptive,0.9779392190258654,5.568022322373576,0.9995069403447826,0.0004930596552173983,148,174,178,117,31,143,31,34,144,0.9995069403447826
6,4,10,Z_only,0.9779392190258654,5.568022322373576,0.7793664179743388,0.2206335820256612,10,0,0,10,0,0,0,0,0,
6,4,10,ZX_split,0.9779392190258654,5.568022322373576,0.9121908128208626,0.08780918717913744,5,5,0,4,1,5,0,0,0,
6,4,10,XYZ_split,0.9779392190258654,5.568022322373576,0.9512441511755249,0.048755848824475145,3,3,4,3,0,2,1,0,4,
6,4,10,RL_adaptive,0.9779392190258654,5.568022322373576,0.9667098418872282,0.033290158112771806,3,3,4,2,1,3,0,0,4,0.9667098418872282
6,4,25,Z_only,0.9779392190258654,5.568022322373576,0.7793664179743388,0.2206335820256612,25,0,0,14,11,0,0,0,0,
6,4,25,ZX_split,0.9779392190258654,5.568022322373576,0.9195515294484835,0.0804484705515165,12,13,0,8,4,9,4,0,0,
6,4,25,XYZ_split,0.9779392190258654,5.568022322373576,0.9753403340637746,0.024659665936225372,8,8,9,8,0,6,2,1,8,
6,4,25,RL_adaptive,0.9779392190258654,5.568022322373576,0.9944747122698948,0.005525287730105188,7,10,8,6,1,8,2,2,6,0.9944747122698948
6,4,50,Z_only,0.9779392190258654,5.568022322373576,0.7793664179743388,0.2206335820256612,50,0,0,41,9,0,0,0,0,
6,4,50,ZX_split,0.9779392190258654,5.568022322373576,0.9188334932594173,0.08116650674058268,25,25,0,20,5,22,3,0,0,
6,4,50,XYZ_split,0.9779392190258654,5.568022322373576,0.9870793878547417,0.012920612145258303,16,16,18,12,4,16,0,3,15,
6,4,50,RL_adaptive,0.9779392190258654,5.568022322373576,0.9663686085395403,0.03363139146045968,18,17,15,15,3,14,3,6,9,0.9663686085395403
6,4,100,Z_only,0.9779392190258654,5.568022322373576,0.7793664179743388,0.2206335820256612,100,0,0,76,24,0,0,0,0,
6,4,100,ZX_split,0.9779392190258654,5.568022322373576,0.9194477169637929,0.0805522830362071,50,50,0,41,9,42,8,0,0,
6,4,100,XYZ_split,0.9779392190258654,5.568022322373576,0.989808522164368,0.010191477835632012,33,33,34,23,10,28,5,6,28,
6,4,100,RL_adaptive,0.9779392190258654,5.568022322373576,0.9998347765651154,0.00016522343488456492,32,39,29,24,8,31,8,7,22,0.9998347765651154
6,4,250,Z_only,0.9779392190258654,5.568022322373576,0.7793664179743388,0.2206335820256612,250,0,0,203,47,0,0,0,0,
6,4,250,ZX_split,0.9779392190258654,5.568022322373576,0.91628546429045,0.08371453570955001,125,125,0,109,16,103,22,0,0,
6,4,250,XYZ_split,0.9779392190258654,5.568022322373576,0.9997689356115163,0.00023106438848374822,83,83,84,64,19,65,18,21,63,
6,4,250,RL_adaptive,0.9779392190258654,5.568022322373576,0.9962905442548724,0.003709455745127599,92,70,88,67,25,56,14,27,61,0.9962905442548724
6,4,500,Z_only,0.9779392190258654,5.568022322373576,0.7793664179743388,0.2206335820256612,500,0,0,387,113,0,0,0,0,
6,4,500,ZX_split,0.9779392190258654,5.568022322373576,0.9163582525723789,0.0836417474276211,250,250,0,204,46,194,56,0,0,
6,4,500,XYZ_split,0.9779392190258654,5.568022322373576,0.9994597530529674,0.0005402469470325855,166,166,168,133,33,135,31,33,135,
6,4,500,RL_adaptive,0.9779392190258654,5.568022322373576,0.9967008654173711,0.003299134582628871,149,171,180,127,22,143,28,44,136,0.9967008654173711
7,0,10,Z_only,2.4970698167514516,5.211203405422227,0.8996932728541919,0.10030672714580813,10,0,0,1,9,0,0,0,0,
7,0,10,ZX_split,2.4970698167514516,5.211203405422227,0.9166727841363587,0.08332721586364134,5,5,0,0,5,4,1,0,0,
7,0,10,XYZ_split,2.4970698167514516,5.211203405422227,0.914592782387938,0.08540721761206205,3,3,4,0,3,1,2,1,3,
7,0,10,RL_adaptive,2.4970698167514516,5.211203405422227,0.7465155768492016,0.25348442315079844,2,4,4,1,1,4,0,1,3,0.7465155768492016
7,0,25,Z_only,2.4970698167514516,5.211203405422227,0.8996932728541919,0.10030672714580813,25,0,0,3,22,0,0,0,0,
7,0,25,ZX_split,2.4970698167514516,5.211203405422227,0.9180240979909501,0.08197590200904992,12,13,0,2,10,9,4,0,0,
7,0,25,XYZ_split,2.4970698167514516,5.211203405422227,0.9540950581582582,0.045904941841741764,8,8,9,0,8,8,0,2,7,
7,0,25,RL_adaptive,2.4970698167514516,5.211203405422227,0.9619116710752712,0.0380883289247288,10,8,7,0,10,8,0,1,6,0.9619116710752712
7,0,50,Z_only,2.4970698167514516,5.211203405422227,0.8996932728541919,0.10030672714580813,50,0,0,8,42,0,0,0,0,
7,0,50,ZX_split,2.4970698167514516,5.211203405422227,0.8979492813102891,0.10205071868971094,25,25,0,6,19,18,7,0,0,
7,0,50,XYZ_split,2.4970698167514516,5.211203405422227,0.998619440832849,0.0013805591671509632,16,16,18,1,15,11,5,3,15,
7,0,50,RL_adaptive,2.4970698167514516,5.211203405422227,0.9905407887065346,0.009459211293465386,17,18,15,2,15,11,7,2,13,0.9905407887065346
7,0,100,Z_only,2.4970698167514516,5.211203405422227,0.8996932728541919,0.10030672714580813,100,0,0,10,90,0,0,0,0,
7,0,100,ZX_split,2.4970698167514516,5.211203405422227,0.9217659840866537,0.07823401591334633,50,50,0,5,45,35,15,0,0,
7,0,100,XYZ_split,2.4970698167514516,5.211203405422227,0.9912703013684101,0.0087296986315899,33,33,34,7,26,22,11,8,26,
7,0,100,RL_adaptive,2.4970698167514516,5.211203405422227,0.9866567727688913,0.0133432272311087,27,41,32,4,23,30,11,5,27,0.9866567727688913
7,0,250,Z_only,2.4970698167514516,5.211203405422227,0.8996932728541919,0.10030672714580813,250,0,0,26,224,0,0,0,0,
7,0,250,ZX_split,2.4970698167514516,5.211203405422227,0.9247310476789966,0.07526895232100339,125,125,0,15,110,80,45,0,0,
7,0,250,XYZ_split,2.4970698167514516,5.211203405422227,0.9981754250923217,0.0018245749076782891,83,83,84,8,75,50,33,19,65,
7,0,250,RL_adaptive,2.4970698167514516,5.211203405422227,0.9847443867250548,0.015255613274945179,98,79,73,10,88,43,36,11,62,0.9847443867250548
7,0,500,Z_only,2.4970698167514516,5.211203405422227,0.8996932728541919,0.10030672714580813,500,0,0,51,449,0,0,0,0,
7,0,500,ZX_split,2.4970698167514516,5.211203405422227,0.9243535116635992,0.07564648833640075,250,250,0,32,218,154,96,0,0,
7,0,500,XYZ_split,2.4970698167514516,5.211203405422227,0.9987415851240998,0.0012584148759001712,166,166,168,15,151,114,52,38,130,
7,0,500,RL_adaptive,2.4970698167514516,5.211203405422227,0.9991923496794928,0.000807650320507225,137,184,179,16,121,122,62,40,139,0.9991923496794928
7,1,10,Z_only,2.4970698167514516,5.211203405422227,0.8996932728541919,0.10030672714580813,10,0,0,1,9,0,0,0,0,
7,1,10,ZX_split,2.4970698167514516,5.211203405422227,0.8842447510182347,0.11575524898176526,5,5,0,1,4,4,1,0,0,
7,1,10,XYZ_split,2.4970698167514516,5.211203405422227,0.7627302084312734,0.23726979156872663,3,3,4,1,2,3,0,2,2,
7,1,10,RL_adaptive,2.4970698167514516,5.211203405422227,0.9995319969412944,0.00046800305870564607,2,3,5,0,2,2,1,1,4,0.9995319969412944
7,1,25,Z_only,2.4970698167514516,5.211203405422227,0.8996932728541919,0.10030672714580813,25,0,0,2,23,0,0,0,0,
7,1,25,ZX_split,2.4970698167514516,5.211203405422227,0.8214627659329836,0.17853723406701638,12,13,0,0,12,4,9,0,0,
7,1,25,XYZ_split,2.4970698167514516,5.211203405422227,0.9627817907792787,0.03721820922072128,8,8,9,1,7,7,1,2,7,
7,1,25,RL_adaptive,2.4970698167514516,5.211203405422227,0.9974498267367883,0.002550173263211719,10,8,7,0,10,6,2,1,6,0.9974498267367883
7,1,50,Z_only,2.4970698167514516,5.211203405422227,0.8996932728541919,0.10030672714580813,50,0,0,7,43,0,0,0,0,
7,1,50,ZX_split,2.4970698167514516,5.211203405422227,0.9240023037675956,0.07599769623240438,25,25,0,4,21,15,10,0,0,
7,1,50,XYZ_split,2.4970698167514516,5.211203405422227,0.9657041224433903,0.03429587755660968,16,16,18,2,14,14,2,3,15,
7,1,50,RL_adaptive,2.4970698167514516,5.211203405422227,0.9708606526286833,0.029139347371316737,18,17,15,3,15,13,4,5,10,0.9708606526286833
7,1,100,Z_only,2.4970698167514516,5.211203405422227,0.8996932728541919,0.10030672714580813,100,0,0,7,93,0,0,0,0,
7,1,100,ZX_split,2.4970698167514516,5.211203405422227,0.9165893423729768,0.08341065762702315,50,50,0,5,45,28,22,0,0,
7,1,100,XYZ_split,2.4970698167514516,5.211203405422227,0.9996196370028481,0.00038036299715193955,33,33,34,3,30,22,11,8,26,
7,1,100,RL_adaptive,2.4970698167514516,5.211203405422227,0.9900771478795144,0.009922852120485603,28,40,32,4,24,22,18,7,25,0.9900771478795144
7,1,250,Z_only,2.4970698167514516,5.211203405422227,0.8996932728541919,0.10030672714580813,250,0,0,29,221,0,0,0,0,
7,1,250,ZX_split,2.4970698167514516,5.211203405422227,0.9247156149305592,0.0752843850694408,125,125,0,12,113,80,45,0,0,
7,1,250,XYZ_split,2.4970698167514516,5.211203405422227,0.9955343488389036,0.004465651161096429,83,83,84,5,78,56,27,24,60,
7,1,250,RL_adaptive,2.4970698167514516,5.211203405422227,0.9961991920382387,0.003800807961761299,103,71,76,12,91,50,21,18,58,0.9961991920382387
7,1,500,Z_only,2.4970698167514516,5.211203405422227,0.8996932728541919,0.10030672714580813,500,0,0,52,448,0,0,0,0,
7,1,500,ZX_split,2.4970698167514516,5.211203405422227,0.9247354654369376,0.07526453456306237,250,250,0,20,230,162,88,0,0,
7,1,500,XYZ_split,2.4970698167514516,5.211203405422227,0.9995135447278202,0.000486455272179831,166,166,168,12,154,109,57,41,127,
7,1,500,RL_adaptive,2.4970698167514516,5.211203405422227,0.9974937879893196,0.002506212010680353,135,184,181,4,131,119,65,46,135,0.9974937879893196
7,2,10,Z_only,2.4970698167514516,5.211203405422227,0.8996932728541919,0.10030672714580813,10,0,0,1,9,0,0,0,0,
7,2,10,ZX_split,2.4970698167514516,5.211203405422227,0.8637474800832099,0.1362525199167901,5,5,0,0,5,2,3,0,0,
7,2,10,XYZ_split,2.4970698167514516,5.211203405422227,0.9246276981881298,0.07537230181187016,3,3,4,0,3,2,1,2,2,
7,2,10,RL_adaptive,2.4970698167514516,5.211203405422227,0.9896195763462259,0.010380423653774118,2,3,5,0,2,2,1,0,5,0.9896195763462259
7,2,25,Z_only,2.4970698167514516,5.211203405422227,0.8996932728541919,0.10030672714580813,25,0,0,2,23,0,0,0,0,
7,2,25,ZX_split,2.4970698167514516,5.211203405422227,0.8468429826444183,0.15315701735558174,12,13,0,1,11,5,8,0,0,
7,2,25,XYZ_split,2.4970698167514516,5.211203405422227,0.8126698148878043,0.18733018511219568,8,8,9,3,5,3,5,3,6,
7,2,25,RL_adaptive,2.4970698167514516,5.211203405422227,0.8741560650187585,0.12584393498124147,9,9,7,1,8,6,3,4,3,0.8741560650187585
7,2,50,Z_only,2.4970698167514516,5.211203405422227,0.8996932728541919,0.10030672714580813,50,0,0,5,45,0,0,0,0,
7,2,50,ZX_split,2.4970698167514516,5.211203405422227,0.893693605905318,0.10630639409468201,25,25,0,3,22,21,4,0,0,
7,2,50,XYZ_split,2.4970698167514516,5.211203405422227,0.9617744972687396,0.03822550273126035,16,16,18,3,13,10,6,8,10,
7,2,50,RL_adaptive,2.4970698167514516,5.211203405422227,0.8714481127234541,0.12855188727654587,17,18,15,4,13,6,12,3,12,0.8714481127234541
7,2,100,Z_only,2.4970698167514516,5.211203405422227,0.8996932728541919,0.10030672714580813,100,0,0,17,83,0,0,0,0,
7,2,100,ZX_split,2.4970698167514516,5.211203405422227,0.9246688577891643,0.0753311422108357,50,50,0,4,46,33,17,0,0,
7,2,100,XYZ_split,2.4970698167514516,5.211203405422227,0.9923613246210657,0.0076386753789342565,33,33,34,5,28,20,13,6,28,
7,2,100,RL_adaptive,2.4970698167514516,5.211203405422227,0.9716515196489706,0.028348480351029437,27,41,32,3,24,27,14,13,19,0.9716515196489706
7,2,250,Z_only,2.4970698167514516,5.211203405422227,0.8996932728541919,0.10030672714580813,250,0,0,27,223,0,0,0,0,
7,2,250,ZX_split,2.4970698167514516,5.211203405422227,0.9233353360656579,0.07666466393434213,125,125,0,13,112,85,40,0,0,
7,2,250,XYZ_split,2.4970698167514516,5.211203405422227,0.9992673303109159,0.0007326696890841422,83,83,84,12,71,54,29,23,61,
7,2,250,RL_adaptive,2.4970698167514516,5.211203405422227,0.9986941960450704,0.0013058039549296296,101,74,75,11,90,47,27,15,60,0.9986941960450704
7,2,500,Z_only,2.4970698167514516,5.211203405422227,0.8996932728541919,0.10030672714580813,500,0,0,38,462,0,0,0,0,
7,2,500,ZX_split,2.4970698167514516,5.211203405422227,0.9246653927615918,0.07533460723840824,250,250,0,28,222,162,88,0,0,
7,2,500,XYZ_split,2.4970698167514516,5.211203405422227,0.990697325753504,0.009302674246496001,166,166,168,21,145,122,44,43,125,
7,2,500,RL_adaptive,2.4970698167514516,5.211203405422227,0.9994955667760339,0.0005044332239660942,136,184,180,14,122,114,70,44,136,0.9994955667760339
7,3,10,Z_only,2.4970698167514516,5.211203405422227,0.8996932728541919,0.10030672714580813,10,0,0,2,8,0,0,0,0,
7,3,10,ZX_split,2.4970698167514516,5.211203405422227,0.8288715427047433,0.17112845729525672,5,5,0,1,4,5,0,0,0,
7,3,10,XYZ_split,2.4970698167514516,5.211203405422227,0.9660417531447105,0.033958246855289476,3,3,4,0,3,3,0,0,4,
7,3,10,RL_adaptive,2.4970698167514516,5.211203405422227,0.9567589753104457,0.043241024689554264,2,3,5,0,2,3,0,1,4,0.9567589753104457
7,3,25,Z_only,2.4970698167514516,5.211203405422227,0.8996932728541919,0.10030672714580813,25,0,0,3,22,0,0,0,0,
7,3,25,ZX_split,2.4970698167514516,5.211203405422227,0.9044285373763375,0.09557146262366245,12,13,0,3,9,9,4,0,0,
7,3,25,XYZ_split,2.4970698167514516,5.211203405422227,0.9962480551414625,0.0037519448585374704,8,8,9,0,8,5,3,1,8,
7,3,25,RL_adaptive,2.4970698167514516,5.211203405422227,0.9076351930485155,0.09236480695148452,9,9,7,1,8,3,6,1,6,0.9076351930485155
7,3,50,Z_only,2.4970698167514516,5.211203405422227,0.8996932728541919,0.10030672714580813,50,0,0,7,43,0,0,0,0,
7,3,50,ZX_split,2.4970698167514516,5.211203405422227,0.9240023037675956,0.07599769623240438,25,25,0,4,21,15,10,0,0,
7,3,50,XYZ_split,2.4970698167514516,5.211203405422227,0.8709948898323214,0.12900511016767857,16,16,18,4,12,14,2,8,10,
7,3,50,RL_adaptive,2.4970698167514516,5.211203405422227,0.9994582737038137,0.0005417262961863178,18,17,15,2,16,11,6,4,11,0.9994582737038137
7,3,100,Z_only,2.4970698167514516,5.211203405422227,0.8996932728541919,0.10030672714580813,100,0,0,9,91,0,0,0,0,
7,3,100,ZX_split,2.4970698167514516,5.211203405422227,0.912009436728389,0.08799056327161103,50,50,0,5,45,27,23,0,0,
7,3,100,XYZ_split,2.4970698167514516,5.211203405422227,0.9930724761985504,0.006927523801449564,33,33,34,1,32,19,14,8,26,
7,3,100,RL_adaptive,2.4970698167514516,5.211203405422227,0.999308464807171,0.0006915351928290514,27,41,32,2,25,28,13,7,25,0.999308464807171
7,3,250,Z_only,2.4970698167514516,5.211203405422227,0.8996932728541919,0.10030672714580813,250,0,0,18,232,0,0,0,0,
7,3,250,ZX_split,2.4970698167514516,5.211203405422227,0.9232843505143101,0.07671564948568987,125,125,0,11,114,86,39,0,0,
7,3,250,XYZ_split,2.4970698167514516,5.211203405422227,0.9979863194983437,0.0020136805016562898,83,83,84,10,73,52,31,25,59,
7,3,250,RL_adaptive,2.4970698167514516,5.211203405422227,0.9954457906865531,0.004554209313446855,104,71,75,11,93,50,21,13,62,0.9954457906865531
7,3,500,Z_only,2.4970698167514516,5.211203405422227,0.8996932728541919,0.10030672714580813,500,0,0,49,451,0,0,0,0,
7,3,500,ZX_split,2.4970698167514516,5.211203405422227,0.9245631372763449,0.07543686272365513,250,250,0,21,229,159,91,0,0,
7,3,500,XYZ_split,2.4970698167514516,5.211203405422227,0.9968035496238259,0.003196450376174109,166,166,168,13,153,118,48,40,128,
7,3,500,RL_adaptive,2.4970698167514516,5.211203405422227,0.9996206909799108,0.0003793090200892024,136,183,181,15,121,119,64,47,134,0.9996206909799108
7,4,10,Z_only,2.4970698167514516,5.211203405422227,0.8996932728541919,0.10030672714580813,10,0,0,1,9,0,0,0,0,
7,4,10,ZX_split,2.4970698167514516,5.211203405422227,0.6810068962414535,0.3189931037585465,5,5,0,1,4,1,4,0,0,
7,4,10,XYZ_split,2.4970698167514516,5.211203405422227,0.9967132768487769,0.0032867231512231365,3,3,4,0,3,2,1,1,3,
7,4,10,RL_adaptive,2.4970698167514516,5.211203405422227,0.9660417531447105,0.033958246855289476,2,3,5,0,2,3,0,0,5,0.9660417531447105
7,4,25,Z_only,2.4970698167514516,5.211203405422227,0.8996932728541919,0.10030672714580813,25,0,0,5,20,0,0,0,0,
7,4,25,ZX_split,2.4970698167514516,5.211203405422227,0.8874938503033775,0.11250614969662254,12,13,0,0,12,6,7,0,0,
7,4,25,XYZ_split,2.4970698167514516,5.211203405422227,0.9893875607583318,0.010612439241668215,8,8,9,1,7,6,2,2,7,
7,4,25,RL_adaptive,2.4970698167514516,5.211203405422227,0.9636508254073921,0.03634917459260789,9,9,7,2,7,7,2,2,5,0.9636508254073921
7,4,50,Z_only,2.4970698167514516,5.211203405422227,0.8996932728541919,0.10030672714580813,50,0,0,3,47,0,0,0,0,
7,4,50,ZX_split,2.4970698167514516,5.211203405422227,0.9186720843693579,0.08132791563064212,25,25,0,1,24,19,6,0,0,
7,4,50,XYZ_split,2.4970698167514516,5.211203405422227,0.9968786849632916,0.0031213150367084275,16,16,18,0,16,12,4,2,16,
7,4,50,RL_adaptive,2.4970698167514516,5.211203405422227,0.9424657531484356,0.057534246851564386,18,17,15,4,14,13,4,6,9,0.9424657531484356
7,4,100,Z_only,2.4970698167514516,5.211203405422227,0.8996932728541919,0.10030672714580813,100,0,0,13,87,0,0,0,0,
7,4,100,ZX_split,2.4970698167514516,5.211203405422227,0.912009436728389,0.08799056327161103,50,50,0,5,45,27,23,0,0,
7,4,100,XYZ_split,2.4970698167514516,5.211203405422227,0.9998328278117022,0.00016717218829775948,33,33,34,4,29,21,12,8,26,
7,4,100,RL_adaptive,2.4970698167514516,5.211203405422227,0.9965109894127125,0.0034890105872874555,27,41,32,1,26,29,12,8,24,0.9965109894127125
7,4,250,Z_only,2.4970698167514516,5.211203405422227,0.8996932728541919,0.10030672714580813,250,0,0,18,232,0,0,0,0,
7,4,250,ZX_split,2.4970698167514516,5.211203405422227,0.922722792169072,0.07727720783092795,125,125,0,17,108,74,51,0,0,
7,4,250,XYZ_split,2.4970698167514516,5.211203405422227,0.9888223550857098,0.011177644914290186,83,83,84,11,72,62,21,20,64,
7,4,250,RL_adaptive,2.4970698167514516,5.211203405422227,0.9979190779453793,0.0020809220546207374,103,72,75,7,96,48,24,20,55,0.9979190779453793
7,4,500,Z_only,2.4970698167514516,5.211203405422227,0.8996932728541919,0.10030672714580813,500,0,0,50,450,0,0,0,0,
7,4,500,ZX_split,2.4970698167514516,5.211203405422227,0.924393210650054,0.07560678934994602,250,250,0,20,230,158,92,0,0,
7,4,500,XYZ_split,2.4970698167514516,5.211203405422227,0.9985943530925083,0.0014056469074916755,166,166,168,18,148,112,54,35,133,
7,4,500,RL_adaptive,2.4970698167514516,5.211203405422227,0.9931682939335088,0.006831706066491194,135,182,183,15,120,107,75,58,125,0.9931682939335088
8,0,10,Z_only,1.1496956870577162,0.225208916674823,0.7043825939229362,0.29561740607706377,10,0,0,8,2,0,0,0,0,
8,0,10,ZX_split,1.1496956870577162,0.225208916674823,0.9762416436358654,0.023758356364134592,5,5,0,3,2,5,0,0,0,
8,0,10,XYZ_split,1.1496956870577162,0.225208916674823,0.959038987623596,0.04096101237640404,3,3,4,3,0,3,0,2,2,
8,0,10,RL_adaptive,1.1496956870577162,0.225208916674823,0.8865733999802624,0.11342660001973759,2,4,4,1,1,3,1,3,1,0.8865733999802624
8,0,25,Z_only,1.1496956870577162,0.225208916674823,0.7043825939229362,0.29561740607706377,25,0,0,15,10,0,0,0,0,
8,0,25,ZX_split,1.1496956870577162,0.225208916674823,0.9759096448528715,0.02409035514712854,12,13,0,7,5,12,1,0,0,
8,0,25,XYZ_split,1.1496956870577162,0.225208916674823,0.9922990905634683,0.007700909436531678,8,8,9,6,2,7,1,5,4,
8,0,25,RL_adaptive,1.1496956870577162,0.225208916674823,0.9885931026539315,0.011406897346068479,7,10,8,5,2,9,1,4,4,0.9885931026539315
8,0,50,Z_only,1.1496956870577162,0.225208916674823,0.7043825939229362,0.29561740607706377,50,0,0,39,11,0,0,0,0,
8,0,50,ZX_split,1.1496956870577162,0.225208916674823,0.9807408250052134,0.019259174994786576,25,25,0,20,5,23,2,0,0,
8,0,50,XYZ_split,1.1496956870577162,0.225208916674823,0.9902514228480166,0.009748577151983406,16,16,18,13,3,16,0,13,5,
8,0,50,RL_adaptive,1.1496956870577162,0.225208916674823,0.9996835899640831,0.0003164100359168698,18,17,15,13,5,16,1,9,6,0.9996835899640831
8,0,100,Z_only,1.1496956870577162,0.225208916674823,0.7043825939229362,0.29561740607706377,100,0,0,73,27,0,0,0,0,
8,0,100,ZX_split,1.1496956870577162,0.225208916674823,0.9893428029159544,0.010657197084045555,50,50,0,34,16,46,4,0,0,
8,0,100,XYZ_split,1.1496956870577162,0.225208916674823,0.9785492311341986,0.02145076886580144,33,33,34,21,12,31,2,25,9,
8,0,100,RL_adaptive,1.1496956870577162,0.225208916674823,0.9796663310435846,0.02033366895641542,32,39,29,25,7,35,4,21,8,0.9796663310435846
8,0,250,Z_only,1.1496956870577162,0.225208916674823,0.7043825939229362,0.29561740607706377,250,0,0,164,86,0,0,0,0,
8,0,250,ZX_split,1.1496956870577162,0.225208916674823,0.989482357894277,0.010517642105723035,125,125,0,86,39,115,10,0,0,
8,0,250,XYZ_split,1.1496956870577162,0.225208916674823,0.9909570139975584,0.009042986002441578,83,83,84,57,26,81,2,43,41,
8,0,250,RL_adaptive,1.1496956870577162,0.225208916674823,0.9998281957619876,0.0001718042380124407,99,60,91,68,31,56,4,55,36,0.9998281957619876
8,0,500,Z_only,1.1496956870577162,0.225208916674823,0.7043825939229362,0.29561740607706377,500,0,0,344,156,0,0,0,0,
8,0,500,ZX_split,1.1496956870577162,0.225208916674823,0.9891819203103552,0.010818079689644766,250,250,0,183,67,240,10,0,0,
8,0,500,XYZ_split,1.1496956870577162,0.225208916674823,0.9973947434508692,0.0026052565491307966,166,166,168,114,52,161,5,94,74,
8,0,500,RL_adaptive,1.1496956870577162,0.225208916674823,0.9996498429934599,0.0003501570065400639,148,157,195,105,43,146,11,114,81,0.9996498429934599
8,1,10,Z_only,1.1496956870577162,0.225208916674823,0.7043825939229362,0.29561740607706377,10,0,0,7,3,0,0,0,0,
8,1,10,ZX_split,1.1496956870577162,0.225208916674823,0.9762416436358654,0.023758356364134592,5,5,0,3,2,5,0,0,0,
8,1,10,XYZ_split,1.1496956870577162,0.225208916674823,0.959038987623596,0.04096101237640404,3,3,4,3,0,3,0,2,2,
8,1,10,RL_adaptive,1.1496956870577162,0.225208916674823,0.845941575831364,0.15405842416863602,3,3,4,3,0,2,1,3,1,0.845941575831364
8,1,25,Z_only,1.1496956870577162,0.225208916674823,0.7043825939229362,0.29561740607706377,25,0,0,19,6,0,0,0,0,
8,1,25,ZX_split,1.1496956870577162,0.225208916674823,0.9758707110049035,0.024129288995096476,12,13,0,10,2,12,1,0,0,
8,1,25,XYZ_split,1.1496956870577162,0.225208916674823,0.996048948490472,0.003951051509528014,8,8,9,5,3,7,1,5,4,
8,1,25,RL_adaptive,1.1496956870577162,0.225208916674823,0.9836975548475169,0.016302445152483136,7,10,8,6,1,10,0,6,2,0.9836975548475169
8,1,50,Z_only,1.1496956870577162,0.225208916674823,0.7043825939229362,0.29561740607706377,50,0,0,32,18,0,0,0,0,
8,1,50,ZX_split,1.1496956870577162,0.225208916674823,0.9526099285658584,0.047390071434141645,25,25,0,13,12,25,0,0,0,
8,1,50,XYZ_split,1.1496956870577162,0.225208916674823,0.9955244767585444,0.0044755232414556145,16,16,18,11,5,15,1,12,6,
8,1,50,RL_adaptive,1.1496956870577162,0.225208916674823,0.9943719835840523,0.005628016415947679,18,17,15,12,6,16,1,10,5,0.9943719835840523
8,1,100,Z_only,1.1496956870577162,0.225208916674823,0.7043825939229362,0.29561740607706377,100,0,0,73,27,0,0,0,0,
8,1,100,ZX_split,1.1496956870577162,0.225208916674823,0.9888497799166119,0.011150220083388063,50,50,0,36,14,46,4,0,0,
8,1,100,XYZ_split,1.1496956870577162,0.225208916674823,0.9941086143333633,0.005891385666636717,33,33,34,26,7,32,1,19,15,
8,1,100,RL_adaptive,1.1496956870577162,0.225208916674823,0.9924730450747832,0.007526954925216822,31,40,29,19,12,36,4,16,13,0.9924730450747832
8,1,250,Z_only,1.1496956870577162,0.225208916674823,0.7043825939229362,0.29561740607706377,250,0,0,173,77,0,0,0,0,
8,1,250,ZX_split,1.1496956870577162,0.225208916674823,0.9859612608944875,0.014038739105512454,125,125,0,96,29,117,8,0,0,
8,1,250,XYZ_split,1.1496956870577162,0.225208916674823,0.9839011821832803,0.016098817816719735,83,83,84,49,34,79,4,55,29,
8,1,250,RL_adaptive,1.1496956870577162,0.225208916674823,0.9970638290832354,0.002936170916764569,99,58,93,72,27,56,2,62,31,0.9970638290832354
8,1,500,Z_only,1.1496956870577162,0.225208916674823,0.7043825939229362,0.29561740607706377,500,0,0,343,157,0,0,0,0,
8,1,500,ZX_split,1.1496956870577162,0.225208916674823,0.9889610371060867,0.011038962893913262,250,250,0,171,79,239,11,0,0,
8,1,500,XYZ_split,1.1496956870577162,0.225208916674823,0.9946110776405307,0.005388922359469306,166,166,168,118,48,160,6,89,79,
8,1,500,RL_adaptive,1.1496956870577162,0.225208916674823,0.9935134172286103,0.006486582771389693,146,157,197,91,55,146,11,123,74,0.9935134172286103
8,2,10,Z_only,1.1496956870577162,0.225208916674823,0.7043825939229362,0.29561740607706377,10,0,0,6,4,0,0,0,0,
8,2,10,ZX_split,1.1496956870577162,0.225208916674823,0.9865638875255927,0.013436112474407347,5,5,0,4,1,5,0,0,0,
8,2,10,XYZ_split,1.1496956870577162,0.225208916674823,0.959038987623596,0.04096101237640404,3,3,4,3,0,3,0,2,2,
8,2,10,RL_adaptive,1.1496956870577162,0.225208916674823,0.8865733999802624,0.11342660001973759,2,4,4,1,1,4,0,4,0,0.8865733999802624
8,2,25,Z_only,1.1496956870577162,0.225208916674823,0.7043825939229362,0.29561740607706377,25,0,0,18,7,0,0,0,0,
8,2,25,ZX_split,1.1496956870577162,0.225208916674823,0.9834641803058691,0.01653581969413087,12,13,0,10,2,13,0,0,0,
8,2,25,XYZ_split,1.1496956870577162,0.225208916674823,0.8947703186853235,0.10522968131467647,8,8,9,3,5,8,0,6,3,
8,2,25,RL_adaptive,1.1496956870577162,0.225208916674823,0.7991771910218174,0.2008228089781826,8,9,8,3,5,9,0,2,6,0.7991771910218174
8,2,50,Z_only,1.1496956870577162,0.225208916674823,0.7043825939229362,0.29561740607706377,50,0,0,36,14,0,0,0,0,
8,2,50,ZX_split,1.1496956870577162,0.225208916674823,0.9827404508996187,0.0172595491003813,25,25,0,21,4,25,0,0,0,
8,2,50,XYZ_split,1.1496956870577162,0.225208916674823,0.8760537225677304,0.1239462774322696,16,16,18,6,10,16,0,15,3,
8,2,50,RL_adaptive,1.1496956870577162,0.225208916674823,0.9358550982927459,0.06414490170725407,18,17,15,9,9,16,1,7,8,0.9358550982927459
8,2,100,Z_only,1.1496956870577162,0.225208916674823,0.7043825939229362,0.29561740607706377,100,0,0,71,29,0,0,0,0,
8,2,100,ZX_split,1.1496956870577162,0.225208916674823,0.9890660728258698,0.01093392717413022,50,50,0,34,16,47,3,0,0,
8,2,100,XYZ_split,1.1496956870577162,0.225208916674823,0.9515758479120571,0.04842415208794293,33,33,34,17,16,31,2,17,17,
8,2,100,RL_adaptive,1.1496956870577162,0.225208916674823,0.9936650810969881,0.006334918903011855,32,39,29,23,9,37,2,20,9,0.9936650810969881
8,2,250,Z_only,1.1496956870577162,0.225208916674823,0.7043825939229362,0.29561740607706377,250,0,0,168,82,0,0,0,0,
8,2,250,ZX_split,1.1496956870577162,0.225208916674823,0.9864204146949713,0.013579585305028674,125,125,0,96,29,118,7,0,0,
8,2,250,XYZ_split,1.1496956870577162,0.225208916674823,0.9942735451907775,0.005726454809222514,83,83,84,54,29,79,4,55,29,
8,2,250,RL_adaptive,1.1496956870577162,0.225208916674823,0.9938172386719081,0.006182761328091924,99,61,90,65,34,57,4,48,42,0.9938172386719081
8,2,500,Z_only,1.1496956870577162,0.225208916674823,0.7043825939229362,0.29561740607706377,500,0,0,366,134,0,0,0,0,
8,2,500,ZX_split,1.1496956870577162,0.225208916674823,0.9892523481004699,0.010747651899530086,250,250,0,173,77,239,11,0,0,
8,2,500,XYZ_split,1.1496956870577162,0.225208916674823,0.9968637956238587,0.0031362043761412606,166,166,168,115,51,159,7,111,57,
8,2,500,RL_adaptive,1.1496956870577162,0.225208916674823,0.999208836663233,0.0007911633367669868,147,157,196,99,48,146,11,120,76,0.999208836663233
8,3,10,Z_only,1.1496956870577162,0.225208916674823,0.7043825939229362,0.29561740607706377,10,0,0,10,0,0,0,0,0,
8,3,10,ZX_split,1.1496956870577162,0.225208916674823,0.9762416436358654,0.023758356364134592,5,5,0,3,2,5,0,0,0,
8,3,10,XYZ_split,1.1496956870577162,0.225208916674823,0.9833209896081824,0.016679010391817628,3,3,4,2,1,3,0,3,1,
8,3,10,RL_adaptive,1.1496956870577162,0.225208916674823,0.959038987623596,0.04096101237640404,3,3,4,3,0,3,0,2,2,0.959038987623596
8,3,25,Z_only,1.1496956870577162,0.225208916674823,0.7043825939229362,0.29561740607706377,25,0,0,14,11,0,0,0,0,
8,3,25,ZX_split,1.1496956870577162,0.225208916674823,0.9725447368467716,0.027455263153228437,12,13,0,11,1,13,0,0,0,
8,3,25,XYZ_split,1.1496956870577162,0.225208916674823,0.987966247189615,0.01203375281038499,8,8,9,5,3,7,1,6,3,
8,3,25,RL_adaptive,1.1496956870577162,0.225208916674823,0.9439864723332755,0.056013527666724516,7,10,8,5,2,9,1,3,5,0.9439864723332755
8,3,50,Z_only,1.1496956870577162,0.225208916674823,0.7043825939229362,0.29561740607706377,50,0,0,38,12,0,0,0,0,
8,3,50,ZX_split,1.1496956870577162,0.225208916674823,0.9857727406228849,0.014227259377115109,25,25,0,19,6,23,2,0,0,
8,3,50,XYZ_split,1.1496956870577162,0.225208916674823,0.9872536599563349,0.01274634004366515,16,16,18,12,4,15,1,13,5,
8,3,50,RL_adaptive,1.1496956870577162,0.225208916674823,0.9960909406192192,0.003909059380780788,18,17,15,11,7,14,3,9,6,0.9960909406192192
8,3,100,Z_only,1.1496956870577162,0.225208916674823,0.7043825939229362,0.29561740607706377,100,0,0,72,28,0,0,0,0,
8,3,100,ZX_split,1.1496956870577162,0.225208916674823,0.9884500343545314,0.011549965645468618,50,50,0,38,12,49,1,0,0,
8,3,100,XYZ_split,1.1496956870577162,0.225208916674823,0.9919223399945442,0.008077660005455845,33,33,34,26,7,30,3,21,13,
8,3,100,RL_adaptive,1.1496956870577162,0.225208916674823,0.994285294577928,0.005714705422071975,31,40,29,20,11,40,0,17,12,0.994285294577928
8,3,250,Z_only,1.1496956870577162,0.225208916674823,0.7043825939229362,0.29561740607706377,250,0,0,168,82,0,0,0,0,
8,3,250,ZX_split,1.1496956870577162,0.225208916674823,0.9888309034724933,0.01116909652750675,125,125,0,89,36,113,12,0,0,
8,3,250,XYZ_split,1.1496956870577162,0.225208916674823,0.9936623816768982,0.006337618323101757,83,83,84,56,27,79,4,57,27,
8,3,250,RL_adaptive,1.1496956870577162,0.225208916674823,0.9965801783743594,0.0034198216256405845,97,61,92,74,23,57,4,54,38,0.9965801783743594
8,3,500,Z_only,1.1496956870577162,0.225208916674823,0.7043825939229362,0.29561740607706377,500,0,0,360,140,0,0,0,0,
8,3,500,ZX_split,1.1496956870577162,0.225208916674823,0.9895032596304886,0.010496740369511426,250,250,0,176,74,235,15,0,0,
8,3,500,XYZ_split,1.1496956870577162,0.225208916674823,0.9948027477621736,0.005197252237826411,166,166,168,108,58,159,7,109,59,
8,3,500,RL_adaptive,1.1496956870577162,0.225208916674823,0.99841572736057,0.0015842726394299511,147,155,198,100,47,150,5,125,73,0.99841572736057
8,4,10,Z_only,1.1496956870577162,0.225208916674823,0.7043825939229362,0.29561740607706377,10,0,0,9,1,0,0,0,0,
8,4,10,ZX_split,1.1496956870577162,0.225208916674823,0.9762416436358654,0.023758356364134592,5,5,0,3,2,5,0,0,0,
8,4,10,XYZ_split,1.1496956870577162,0.225208916674823,0.89597746640327,0.10402253359672997,3,3,4,2,1,3,0,1,3,
8,4,10,RL_adaptive,1.1496956870577162,0.225208916674823,0.9447965680323686,0.055203431967631444,2,4,4,1,1,4,0,2,2,0.9447965680323686
8,4,25,Z_only,1.1496956870577162,0.225208916674823,0.7043825939229362,0.29561740607706377,25,0,0,15,10,0,0,0,0,
8,4,25,ZX_split,1.1496956870577162,0.225208916674823,0.9723449235122922,0.02765507648770782,12,13,0,7,5,13,0,0,0,
8,4,25,XYZ_split,1.1496956870577162,0.225208916674823,0.9892362453075523,0.010763754692447725,8,8,9,5,3,8,0,5,4,
8,4,25,RL_adaptive,1.1496956870577162,0.225208916674823,0.9325620452996002,0.06743795470039982,7,10,8,6,1,9,1,3,5,0.9325620452996002
8,4,50,Z_only,1.1496956870577162,0.225208916674823,0.7043825939229362,0.29561740607706377,50,0,0,31,19,0,0,0,0,
8,4,50,ZX_split,1.1496956870577162,0.225208916674823,0.9827404508996187,0.0172595491003813,25,25,0,21,4,25,0,0,0,
8,4,50,XYZ_split,1.1496956870577162,0.225208916674823,0.9821154122682562,0.01788458773174384,16,16,18,9,7,14,2,10,8,
8,4,50,RL_adaptive,1.1496956870577162,0.225208916674823,0.9402635358588001,0.05973646414119993,18,17,15,15,3,15,2,13,2,0.9402635358588001
8,4,100,Z_only,1.1496956870577162,0.225208916674823,0.7043825939229362,0.29561740607706377,100,0,0,66,34,0,0,0,0,
8,4,100,ZX_split,1.1496956870577162,0.225208916674823,0.9892408195974787,0.010759180402521329,50,50,0,35,15,45,5,0,0,
8,4,100,XYZ_split,1.1496956870577162,0.225208916674823,0.9464806581303967,0.053519341869603276,33,33,34,18,15,33,0,15,19,
8,4,100,RL_adaptive,1.1496956870577162,0.225208916674823,0.9996199426881939,0.0003800573118061257,32,39,29,23,9,37,2,18,11,0.9996199426881939
8,4,250,Z_only,1.1496956870577162,0.225208916674823,0.7043825939229362,0.29561740607706377,250,0,0,169,81,0,0,0,0,
8,4,250,ZX_split,1.1496956870577162,0.225208916674823,0.9871589863957093,0.012841013604290685,125,125,0,92,33,113,12,0,0,
8,4,250,XYZ_split,1.1496956870577162,0.225208916674823,0.9861717730260264,0.013828226973973567,83,83,84,54,29,80,3,42,42,
8,4,250,RL_adaptive,1.1496956870577162,0.225208916674823,0.9944068035016239,0.005593196498376085,97,60,93,76,21,58,2,52,41,0.9944068035016239
8,4,500,Z_only,1.1496956870577162,0.225208916674823,0.7043825939229362,0.29561740607706377,500,0,0,361,139,0,0,0,0,
8,4,500,ZX_split,1.1496956870577162,0.225208916674823,0.9840061509564649,0.01599384904353507,250,250,0,157,93,236,14,0,0,
8,4,500,XYZ_split,1.1496956870577162,0.225208916674823,0.9994760337792351,0.0005239662207648932,166,166,168,116,50,153,13,104,64,
8,4,500,RL_adaptive,1.1496956870577162,0.225208916674823,0.998903721995055,0.0010962780049450505,147,155,198,103,44,147,8,126,72,0.998903721995055
9,0,10,Z_only,0.8314670505307366,3.4513340691031495,0.836896225801857,0.16310377419814304,10,0,0,10,0,0,0,0,0,
9,0,10,ZX_split,0.8314670505307366,3.4513340691031495,0.9870373531726288,0.01296264682737125,5,5,0,5,0,0,5,0,0,
9,0,10,XYZ_split,0.8314670505307366,3.4513340691031495,0.9308816075847651,0.06911839241523487,3,3,4,3,0,1,2,2,2,
9,0,10,RL_adaptive,0.8314670505307366,3.4513340691031495,0.9403572958356917,0.05964270416430828,3,3,4,2,1,0,3,2,2,0.9403572958356917
9,0,25,Z_only,0.8314670505307366,3.4513340691031495,0.836896225801857,0.16310377419814304,25,0,0,20,5,0,0,0,0,
9,0,25,ZX_split,0.8314670505307366,3.4513340691031495,0.9870957583936629,0.012904241606337075,12,13,0,9,3,3,10,0,0,
9,0,25,XYZ_split,0.8314670505307366,3.4513340691031495,0.9109531528531293,0.08904684714687072,8,8,9,6,2,2,6,1,8,
9,0,25,RL_adaptive,0.8314670505307366,3.4513340691031495,0.9679683426172628,0.032031657382737166,8,10,7,5,3,2,8,3,4,0.9679683426172628
9,0,50,Z_only,0.8314670505307366,3.4513340691031495,0.836896225801857,0.16310377419814304,50,0,0,46,4,0,0,0,0,
9,0,50,ZX_split,0.8314670505307366,3.4513340691031495,0.9854280417594136,0.014571958240586436,25,25,0,21,4,5,20,0,0,
9,0,50,XYZ_split,0.8314670505307366,3.4513340691031495,0.9864153111517301,0.01358468884826991,16,16,18,14,2,1,15,9,9,
9,0,50,RL_adaptive,0.8314670505307366,3.4513340691031495,0.9874575843351993,0.012542415664800743,17,18,15,13,4,1,17,6,9,0.9874575843351993
9,0,100,Z_only,0.8314670505307366,3.4513340691031495,0.836896225801857,0.16310377419814304,100,0,0,75,25,0,0,0,0,
9,0,100,ZX_split,0.8314670505307366,3.4513340691031495,0.9848303487730918,0.015169651226908165,50,50,0,36,14,11,39,0,0,
9,0,100,XYZ_split,0.8314670505307366,3.4513340691031495,0.9919944653173387,0.008005534682661297,33,33,34,26,7,2,31,13,21,
9,0,100,RL_adaptive,0.8314670505307366,3.4513340691031495,0.990434106941876,0.009565893058124053,34,37,29,30,4,4,33,14,15,0.990434106941876
9,0,250,Z_only,0.8314670505307366,3.4513340691031495,0.836896225801857,0.16310377419814304,250,0,0,212,38,0,0,0,0,
9,0,250,ZX_split,0.8314670505307366,3.4513340691031495,0.9862703516855759,0.013729648314424137,125,125,0,103,22,25,100,0,0,
9,0,250,XYZ_split,0.8314670505307366,3.4513340691031495,0.9973678067889475,0.002632193211052458,83,83,84,65,18,15,68,30,54,
9,0,250,RL_adaptive,0.8314670505307366,3.4513340691031495,0.9902920018854968,0.00970799811450318,67,105,78,51,16,9,96,29,49,0.9902920018854968
9,0,500,Z_only,0.8314670505307366,3.4513340691031495,0.836896225801857,0.16310377419814304,500,0,0,415,85,0,0,0,0,
9,0,500,ZX_split,0.8314670505307366,3.4513340691031495,0.9852851419845012,0.014714858015498766,250,250,0,222,28,40,210,0,0,
9,0,500,XYZ_split,0.8314670505307366,3.4513340691031495,0.9957797568666197,0.004220243133380319,166,166,168,143,23,34,132,70,98,
9,0,500,RL_adaptive,0.8314670505307366,3.4513340691031495,0.997646197869513,0.0023538021304869705,140,179,181,109,31,26,153,70,111,0.997646197869513
9,1,10,Z_only,0.8314670505307366,3.4513340691031495,0.836896225801857,0.16310377419814304,10,0,0,6,4,0,0,0,0,
9,1,10,ZX_split,0.8314670505307366,3.4513340691031495,0.9699261787330333,0.03007382126696667,5,5,0,5,0,1,4,0,0,
9,1,10,XYZ_split,0.8314670505307366,3.4513340691031495,0.8095384994921907,0.1904615005078093,3,3,4,2,1,1,2,0,4,
9,1,10,RL_adaptive,0.8314670505307366,3.4513340691031495,0.8969764594849694,0.1030235405150306,3,3,4,2,1,0,3,0,4,0.8969764594849694
9,1,25,Z_only,0.8314670505307366,3.4513340691031495,0.836896225801857,0.16310377419814304,25,0,0,23,2,0,0,0,0,
9,1,25,ZX_split,0.8314670505307366,3.4513340691031495,0.9739346881656651,0.026065311834334914,12,13,0,11,1,3,10,0,0,
9,1,25,XYZ_split,0.8314670505307366,3.4513340691031495,0.9675893698547446,0.03241063014525536,8,8,9,8,0,1,7,1,8,
9,1,25,RL_adaptive,0.8314670505307366,3.4513340691031495,0.9235212786901471,0.07647872130985289,7,11,7,7,0,1,10,5,2,0.9235212786901471
9,1,50,Z_only,0.8314670505307366,3.4513340691031495,0.836896225801857,0.16310377419814304,50,0,0,44,6,0,0,0,0,
9,1,50,ZX_split,0.8314670505307366,3.4513340691031495,0.9740065188571222,0.025993481142877806,25,25,0,21,4,7,18,0,0,
9,1,50,XYZ_split,0.8314670505307366,3.4513340691031495,0.9602989095944778,0.039701090405522166,16,16,18,15,1,5,11,6,12,
9,1,50,RL_adaptive,0.8314670505307366,3.4513340691031495,0.9930726702954741,0.00692732970452592,17,18,15,15,2,2,16,7,8,0.9930726702954741
9,1,100,Z_only,0.8314670505307366,3.4513340691031495,0.836896225801857,0.16310377419814304,100,0,0,80,20,0,0,0,0,
9,1,100,ZX_split,0.8314670505307366,3.4513340691031495,0.9871131508977556,0.012886849102244358,50,50,0,39,11,10,40,0,0,
9,1,100,XYZ_split,0.8314670505307366,3.4513340691031495,0.99322585911091,0.006774140889090008,33,33,34,29,4,5,28,10,24,
9,1,100,RL_adaptive,0.8314670505307366,3.4513340691031495,0.9623817435737753,0.03761825642622474,34,37,29,29,5,4,33,17,12,0.9623817435737753
9,1,250,Z_only,0.8314670505307366,3.4513340691031495,0.836896225801857,0.16310377419814304,250,0,0,200,50,0,0,0,0,
9,1,250,ZX_split,0.8314670505307366,3.4513340691031495,0.9868311910261691,0.013168808973830881,125,125,0,103,22,17,108,0,0,
9,1,250,XYZ_split,0.8314670505307366,3.4513340691031495,0.997134982171336,0.002865017828663996,83,83,84,68,15,7,76,31,53,
9,1,250,RL_adaptive,0.8314670505307366,3.4513340691031495,0.9891752862745268,0.010824713725473223,69,99,82,58,11,18,81,40,42,0.9891752862745268
9,1,500,Z_only,0.8314670505307366,3.4513340691031495,0.836896225801857,0.16310377419814304,500,0,0,417,83,0,0,0,0,
9,1,500,ZX_split,0.8314670505307366,3.4513340691031495,0.9851824253030276,0.014817574696972424,250,250,0,211,39,50,200,0,0,
9,1,500,XYZ_split,0.8314670505307366,3.4513340691031495,0.9996212150328948,0.0003787849671051946,166,166,168,139,27,23,143,68,100,
9,1,500,RL_adaptive,0.8314670505307366,3.4513340691031495,0.9995785071749006,0.000421492825099401,141,179,180,119,22,20,159,70,110,0.9995785071749006
9,2,10,Z_only,0.8314670505307366,3.4513340691031495,0.836896225801857,0.16310377419814304,10,0,0,8,2,0,0,0,0,
9,2,10,ZX_split,0.8314670505307366,3.4513340691031495,0.9870373531726288,0.01296264682737125,5,5,0,4,1,1,4,0,0,
9,2,10,XYZ_split,0.8314670505307366,3.4513340691031495,0.9626832559717233,0.03731674402827667,3,3,4,3,0,0,3,0,4,
9,2,10,RL_adaptive,0.8314670505307366,3.4513340691031495,0.9160450997340779,0.08395490026592212,3,3,4,2,1,1,2,1,3,0.9160450997340779
9,2,25,Z_only,0.8314670505307366,3.4513340691031495,0.836896225801857,0.16310377419814304,25,0,0,21,4,0,0,0,0,
9,2,25,ZX_split,0.8314670505307366,3.4513340691031495,0.9676562943235738,0.03234370567642619,12,13,0,10,2,4,9,0,0,
9,2,25,XYZ_split,0.8314670505307366,3.4513340691031495,0.9983964329975993,0.0016035670024007187,8,8,9,7,1,1,7,3,6,
9,2,25,RL_adaptive,0.8314670505307366,3.4513340691031495,0.9999846768852116,1.5323114788357017e-05,7,11,7,5,2,3,8,3,4,0.9999846768852116
9,2,50,Z_only,0.8314670505307366,3.4513340691031495,0.836896225801857,0.16310377419814304,50,0,0,42,8,0,0,0,0,
9,2,50,ZX_split,0.8314670505307366,3.4513340691031495,0.9561373953999507,0.043862604600049315,25,25,0,17,8,2,23,0,0,
9,2,50,XYZ_split,0.8314670505307366,3.4513340691031495,0.9911738565703785,0.008826143429621514,16,16,18,13,3,1,15,8,10,
9,2,50,RL_adaptive,0.8314670505307366,3.4513340691031495,0.9352298555973991,0.06477014440260087,17,18,15,10,7,3,15,7,8,0.9352298555973991
9,2,100,Z_only,0.8314670505307366,3.4513340691031495,0.836896225801857,0.16310377419814304,100,0,0,82,18,0,0,0,0,
9,2,100,ZX_split,0.8314670505307366,3.4513340691031495,0.9870373531726288,0.01296264682737125,50,50,0,43,7,7,43,0,0,
9,2,100,XYZ_split,0.8314670505307366,3.4513340691031495,0.9843081559371664,0.015691844062833638,33,33,34,25,8,6,27,10,24,
9,2,100,RL_adaptive,0.8314670505307366,3.4513340691031495,0.9972194270012995,0.0027805729987004923,34,37,29,30,4,6,31,10,19,0.9972194270012995
9,2,250,Z_only,0.8314670505307366,3.4513340691031495,0.836896225801857,0.16310377419814304,250,0,0,210,40,0,0,0,0,
9,2,250,ZX_split,0.8314670505307366,3.4513340691031495,0.9871289563528353,0.012871043647164737,125,125,0,104,21,20,105,0,0,
9,2,250,XYZ_split,0.8314670505307366,3.4513340691031495,0.9942072016596933,0.00579279834030666,83,83,84,69,14,17,66,28,56,
9,2,250,RL_adaptive,0.8314670505307366,3.4513340691031495,0.9961453473794647,0.0038546526205353038,67,101,82,60,7,18,83,30,52,0.9961453473794647
9,2,500,Z_only,0.8314670505307366,3.4513340691031495,0.836896225801857,0.16310377419814304,500,0,0,416,84,0,0,0,0,
9,2,500,ZX_split,0.8314670505307366,3.4513340691031495,0.9867017949947844,0.013298205005215613,250,250,0,221,29,33,217,0,0,
9,2,500,XYZ_split,0.8314670505307366,3.4513340691031495,0.9993223368293854,0.000677663170614573,166,166,168,144,22,23,143,60,108,
9,2,500,RL_adaptive,0.8314670505307366,3.4513340691031495,0.9989371779291274,0.0010628220708726044,141,181,178,121,20,19,162,61,117,0.9989371779291274
9,3,10,Z_only,0.8314670505307366,3.4513340691031495,0.836896225801857,0.16310377419814304,10,0,0,6,4,0,0,0,0,
9,3,10,ZX_split,0.8314670505307366,3.4513340691031495,0.9699261787330333,0.03007382126696667,5,5,0,5,0,1,4,0,0,
9,3,10,XYZ_split,0.8314670505307366,3.4513340691031495,0.9967219124644828,0.0032780875355171712,3,3,4,3,0,0,3,1,3,
9,3,10,RL_adaptive,0.8314670505307366,3.4513340691031495,0.9626832559717233,0.03731674402827667,4,3,3,4,0,0,3,0,3,0.9626832559717233
9,3,25,Z_only,0.8314670505307366,3.4513340691031495,0.836896225801857,0.16310377419814304,25,0,0,22,3,0,0,0,0,
9,3,25,ZX_split,0.8314670505307366,3.4513340691031495,0.9825102333683549,0.017489766631645143,12,13,0,9,3,2,11,0,0,
9,3,25,XYZ_split,0.8314670505307366,3.4513340691031495,0.9876941037836159,0.012305896216384116,8,8,9,7,1,0,8,2,7,
9,3,25,RL_adaptive,0.8314670505307366,3.4513340691031495,0.9656716998575972,0.034328300142402846,7,11,7,5,2,0,11,2,5,0.9656716998575972
9,3,50,Z_only,0.8314670505307366,3.4513340691031495,0.836896225801857,0.16310377419814304,50,0,0,40,10,0,0,0,0,
9,3,50,ZX_split,0.8314670505307366,3.4513340691031495,0.9829848509053366,0.017015149094663395,25,25,0,18,7,5,20,0,0,
9,3,50,XYZ_split,0.8314670505307366,3.4513340691031495,0.9726635209686549,0.027336479031345062,16,16,18,12,4,1,15,9,9,
9,3,50,RL_adaptive,0.8314670505307366,3.4513340691031495,0.9809712093965525,0.019028790603447532,17,18,15,13,4,1,17,7,8,0.9809712093965525
9,3,100,Z_only,0.8314670505307366,3.4513340691031495,0.836896225801857,0.16310377419814304,100,0,0,78,22,0,0,0,0,
9,3,100,ZX_split,0.8314670505307366,3.4513340691031495,0.9810765345314363,0.018923465468563716,50,50,0,34,16,12,38,0,0,
9,3,100,XYZ_split,0.8314670505307366,3.4513340691031495,0.9931928384617676,0.006807161538232354,33,33,34,26,7,6,27,11,23,
9,3,100,RL_adaptive,0.8314670505307366,3.4513340691031495,0.9951483496571804,0.004851650342819647,33,37,30,26,7,10,27,13,17,0.9951483496571804
9,3,250,Z_only,0.8314670505307366,3.4513340691031495,0.836896225801857,0.16310377419814304,250,0,0,207,43,0,0,0,0,
9,3,250,ZX_split,0.8314670505307366,3.4513340691031495,0.9871262903074502,0.01287370969254975,125,125,0,106,19,18,107,0,0,
9,3,250,XYZ_split,0.8314670505307366,3.4513340691031495,0.9986159439995457,0.0013840560004543256,83,83,84,69,14,8,75,32,52,
9,3,250,RL_adaptive,0.8314670505307366,3.4513340691031495,0.9992489214885274,0.0007510785114726026,68,102,80,58,10,17,85,30,50,0.9992489214885274
9,3,500,Z_only,0.8314670505307366,3.4513340691031495,0.836896225801857,0.16310377419814304,500,0,0,406,94,0,0,0,0,
9,3,500,ZX_split,0.8314670505307366,3.4513340691031495,0.9871376354131588,0.012862364586841202,250,250,0,207,43,38,212,0,0,
9,3,500,XYZ_split,0.8314670505307366,3.4513340691031495,0.9951154782658059,0.004884521734194069,166,166,168,136,30,19,147,75,93,
9,3,500,RL_adaptive,0.8314670505307366,3.4513340691031495,0.998990670401599,0.0010093295984010542,142,177,181,124,18,26,151,73,108,0.998990670401599
9,4,10,Z_only,0.8314670505307366,3.4513340691031495,0.836896225801857,0.16310377419814304,10,0,0,8,2,0,0,0,0,
9,4,10,ZX_split,0.8314670505307366,3.4513340691031495,0.8993630006745413,0.10063699932545866,5,5,0,5,0,2,3,0,0,
9,4,10,XYZ_split,0.8314670505307366,3.4513340691031495,0.9870373531726288,0.01296264682737125,3,3,4,3,0,0,3,2,2,
9,4,10,RL_adaptive,0.8314670505307366,3.4513340691031495,0.8496022639257923,0.1503977360742077,3,3,4,2,1,0,3,3,1,0.8496022639257923
9,4,25,Z_only,0.8314670505307366,3.4513340691031495,0.836896225801857,0.16310377419814304,25,0,0,22,3,0,0,0,0,
9,4,25,ZX_split,0.8314670505307366,3.4513340691031495,0.9870957583936629,0.012904241606337075,12,13,0,9,3,3,10,0,0,
9,4,25,XYZ_split,0.8314670505307366,3.4513340691031495,0.9983964329975993,0.0016035670024007187,8,8,9,7,1,1,7,3,6,
9,4,25,RL_adaptive,0.8314670505307366,3.4513340691031495,0.9832421522481147,0.01675784775188527,7,11,7,7,0,2,9,2,5,0.9832421522481147
9,4,50,Z_only,0.8314670505307366,3.4513340691031495,0.836896225801857,0.16310377419814304,50,0,0,41,9,0,0,0,0,
9,4,50,ZX_split,0.8314670505307366,3.4513340691031495,0.9784460804990146,0.021553919500985397,25,25,0,18,7,4,21,0,0,
9,4,50,XYZ_split,0.8314670505307366,3.4513340691031495,0.9989395424010827,0.0010604575989172638,16,16,18,14,2,1,15,7,11,
9,4,50,RL_adaptive,0.8314670505307366,3.4513340691031495,0.9984726150758848,0.0015273849241151938,17,18,15,15,2,1,17,6,9,0.9984726150758848
9,4,100,Z_only,0.8314670505307366,3.4513340691031495,0.836896225801857,0.16310377419814304,100,0,0,88,12,0,0,0,0,
9,4,100,ZX_split,0.8314670505307366,3.4513340691031495,0.9843532830133513,0.015646716986648657,50,50,0,44,6,9,41,0,0,
9,4,100,XYZ_split,0.8314670505307366,3.4513340691031495,0.9967083766819967,0.003291623318003256,33,33,34,31,2,4,29,11,23,
9,4,100,RL_adaptive,0.8314670505307366,3.4513340691031495,0.9913902759806447,0.008609724019355336,34,36,30,29,5,3,33,8,22,0.9913902759806447
9,4,250,Z_only,0.8314670505307366,3.4513340691031495,0.836896225801857,0.16310377419814304,250,0,0,203,47,0,0,0,0,
9,4,250,ZX_split,0.8314670505307366,3.4513340691031495,0.9830509620375784,0.016949037962421643,125,125,0,93,32,21,104,0,0,
9,4,250,XYZ_split,0.8314670505307366,3.4513340691031495,0.9938100294589876,0.006189970541012446,83,83,84,71,12,11,72,39,45,
9,4,250,RL_adaptive,0.8314670505307366,3.4513340691031495,0.9999212988044789,7.870119552111365e-05,69,101,80,56,13,17,84,31,49,0.9999212988044789
9,4,500,Z_only,0.8314670505307366,3.4513340691031495,0.836896225801857,0.16310377419814304,500,0,0,414,86,0,0,0,0,
9,4,500,ZX_split,0.8314670505307366,3.4513340691031495,0.9871473914444876,0.012852608555512401,250,250,0,211,39,36,214,0,0,
9,4,500,XYZ_split,0.8314670505307366,3.4513340691031495,0.997688331326139,0.0023116686738610115,166,166,168,149,17,26,140,66,102,
9,4,500,RL_adaptive,0.8314670505307366,3.4513340691031495,0.9989652990159773,0.0010347009840226962,141,177,182,115,26,26,151,76,106,0.9989652990159773
10,0,10,Z_only,0.5669664678179095,5.06993382436133,0.9217670450604193,0.07823295493958071,10,0,0,10,0,0,0,0,0,
10,0,10,ZX_split,0.5669664678179095,5.06993382436133,0.9298429524017394,0.07015704759826058,5,5,0,4,1,3,2,0,0,
10,0,10,XYZ_split,0.5669664678179095,5.06993382436133,0.8646893859330268,0.1353106140669732,3,3,4,3,0,3,0,2,2,
10,0,10,RL_adaptive,0.5669664678179095,5.06993382436133,0.9849730077168177,0.015026992283182272,3,3,4,3,0,2,1,0,4,0.9849730077168177
10,0,25,Z_only,0.5669664678179095,5.06993382436133,0.9217670450604193,0.07823295493958071,25,0,0,24,1,0,0,0,0,
10,0,25,ZX_split,0.5669664678179095,5.06993382436133,0.9297597119911553,0.07024028800884474,12,13,0,10,2,7,6,0,0,
10,0,25,XYZ_split,0.5669664678179095,5.06993382436133,0.973665362702251,0.026334637297748986,8,8,9,8,0,6,2,3,6,
10,0,25,RL_adaptive,0.5669664678179095,5.06993382436133,0.9681332009277867,0.03186679907221335,6,11,8,6,0,8,3,3,5,0.9681332009277867
10,0,50,Z_only,0.5669664678179095,5.06993382436133,0.9217670450604193,0.07823295493958071,50,0,0,47,3,0,0,0,0,
10,0,50,ZX_split,0.5669664678179095,5.06993382436133,0.8990166225751351,0.10098337742486485,25,25,0,21,4,11,14,0,0,
10,0,50,XYZ_split,0.5669664678179095,5.06993382436133,0.9915619467363602,0.008438053263639778,16,16,18,15,1,10,6,6,12,
10,0,50,RL_adaptive,0.5669664678179095,5.06993382436133,0.9959452209189102,0.004054779081089754,17,18,15,16,1,12,6,3,12,0.9959452209189102
10,0,100,Z_only,0.5669664678179095,5.06993382436133,0.9217670450604193,0.07823295493958071,100,0,0,94,6,0,0,0,0,
10,0,100,ZX_split,0.5669664678179095,5.06993382436133,0.91926977629217,0.08073022370783,50,50,0,41,9,33,17,0,0,
10,0,100,XYZ_split,0.5669664678179095,5.06993382436133,0.9765311967663572,0.023468803233642754,33,33,34,29,4,22,11,13,21,
10,0,100,RL_adaptive,0.5669664678179095,5.06993382436133,0.9877945042374844,0.012205495762515617,34,37,29,34,0,18,19,7,22,0.9877945042374844
10,0,250,Z_only,0.5669664678179095,5.06993382436133,0.9217670450604193,0.07823295493958071,250,0,0,231,19,0,0,0,0,
10,0,250,ZX_split,0.5669664678179095,5.06993382436133,0.9319910343743016,0.06800896562569836,125,125,0,117,8,76,49,0,0,
10,0,250,XYZ_split,0.5669664678179095,5.06993382436133,0.9896928913532818,0.010307108646718244,83,83,84,77,6,41,42,19,65,
10,0,250,RL_adaptive,0.5669664678179095,5.06993382436133,0.997868850050013,0.002131149949986977,79,82,89,77,2,51,31,24,65,0.997868850050013
10,0,500,Z_only,0.5669664678179095,5.06993382436133,0.9217670450604193,0.07823295493958071,500,0,0,468,32,0,0,0,0,
10,0,500,ZX_split,0.5669664678179095,5.06993382436133,0.9321082745874028,0.06789172541259725,250,250,0,230,20,148,102,0,0,
10,0,500,XYZ_split,0.5669664678179095,5.06993382436133,0.9947009539110937,0.005299046088906301,166,166,168,154,12,93,73,28,140,
10,0,500,RL_adaptive,0.5669664678179095,5.06993382436133,0.9992253778630774,0.000774622136922587,147,174,179,133,14,99,75,50,129,0.9992253778630774
10,1,10,Z_only,0.5669664678179095,5.06993382436133,0.9217670450604193,0.07823295493958071,10,0,0,10,0,0,0,0,0,
10,1,10,ZX_split,0.5669664678179095,5.06993382436133,0.9320079281927609,0.0679920718072391,5,5,0,5,0,3,2,0,0,
10,1,10,XYZ_split,0.5669664678179095,5.06993382436133,0.9430030924579188,0.0569969075420812,3,3,4,3,0,3,0,0,4,
10,1,10,RL_adaptive,0.5669664678179095,5.06993382436133,0.9298429524017394,0.07015704759826058,3,3,4,3,0,2,1,2,2,0.9298429524017394
10,1,25,Z_only,0.5669664678179095,5.06993382436133,0.9217670450604193,0.07823295493958071,25,0,0,25,0,0,0,0,0,
10,1,25,ZX_split,0.5669664678179095,5.06993382436133,0.9273918575657952,0.07260814243420477,12,13,0,12,0,9,4,0,0,
10,1,25,XYZ_split,0.5669664678179095,5.06993382436133,0.9672577910042777,0.03274220899572233,8,8,9,8,0,7,1,1,8,
10,1,25,RL_adaptive,0.5669664678179095,5.06993382436133,0.9730344778538124,0.026965522146187637,7,10,8,6,1,5,5,1,7,0.9730344778538124
10,1,50,Z_only,0.5669664678179095,5.06993382436133,0.9217670450604193,0.07823295493958071,50,0,0,47,3,0,0,0,0,
10,1,50,ZX_split,0.5669664678179095,5.06993382436133,0.932105271872277,0.06789472812772301,25,25,0,24,1,15,10,0,0,
10,1,50,XYZ_split,0.5669664678179095,5.06993382436133,0.9549794481579164,0.045020551842083645,16,16,18,15,1,6,10,3,15,
10,1,50,RL_adaptive,0.5669664678179095,5.06993382436133,0.9747106161361297,0.02528938386387025,18,17,15,16,2,11,6,6,9,0.9747106161361297
10,1,100,Z_only,0.5669664678179095,5.06993382436133,0.9217670450604193,0.07823295493958071,100,0,0,96,4,0,0,0,0,
10,1,100,ZX_split,0.5669664678179095,5.06993382436133,0.9176737743665323,0.0823262256334677,50,50,0,50,0,24,26,0,0,
10,1,100,XYZ_split,0.5669664678179095,5.06993382436133,0.9966579810322772,0.003342018967722793,33,33,34,29,4,18,15,8,26,
10,1,100,RL_adaptive,0.5669664678179095,5.06993382436133,0.9850314832549489,0.014968516745051064,34,37,29,33,1,28,9,6,23,0.9850314832549489
10,1,250,Z_only,0.5669664678179095,5.06993382436133,0.9217670450604193,0.07823295493958071,250,0,0,234,16,0,0,0,0,
10,1,250,ZX_split,0.5669664678179095,5.06993382436133,0.9319304194658845,0.06806958053411549,125,125,0,117,8,73,52,0,0,
10,1,250,XYZ_split,0.5669664678179095,5.06993382436133,0.9987281551495462,0.0012718448504538404,83,83,84,78,5,52,31,22,62,
10,1,250,RL_adaptive,0.5669664678179095,5.06993382436133,0.990237701374785,0.009762298625215049,83,78,89,76,7,52,26,28,61,0.990237701374785
10,1,500,Z_only,0.5669664678179095,5.06993382436133,0.9217670450604193,0.07823295493958071,500,0,0,468,32,0,0,0,0,
10,1,500,ZX_split,0.5669664678179095,5.06993382436133,0.928040189799774,0.07195981020022602,250,250,0,227,23,163,87,0,0,
10,1,500,XYZ_split,0.5669664678179095,5.06993382436133,0.9979098535302646,0.0020901464697353767,166,166,168,154,12,106,60,44,124,
10,1,500,RL_adaptive,0.5669664678179095,5.06993382436133,0.9973190546219691,0.0026809453780308745,147,173,180,139,8,99,74,52,128,0.9973190546219691
10,2,10,Z_only,0.5669664678179095,5.06993382436133,0.9217670450604193,0.07823295493958071,10,0,0,10,0,0,0,0,0,
10,2,10,ZX_split,0.5669664678179095,5.06993382436133,0.7317792893534426,0.2682207106465574,5,5,0,4,1,1,4,0,0,
10,2,10,XYZ_split,0.5669664678179095,5.06993382436133,0.9849730077168177,0.015026992283182272,3,3,4,3,0,2,1,0,4,
10,2,10,RL_adaptive,0.5669664678179095,5.06993382436133,0.996175870963346,0.003824129036653967,3,3,4,3,0,2,1,1,3,0.996175870963346
10,2,25,Z_only,0.5669664678179095,5.06993382436133,0.9217670450604193,0.07823295493958071,25,0,0,24,1,0,0,0,0,
10,2,25,ZX_split,0.5669664678179095,5.06993382436133,0.9273918575657952,0.07260814243420477,12,13,0,12,0,9,4,0,0,
10,2,25,XYZ_split,0.5669664678179095,5.06993382436133,0.9594739092562833,0.040526090743716714,8,8,9,8,0,3,5,2,7,
10,2,25,RL_adaptive,0.5669664678179095,5.06993382436133,0.9843590663936342,0.01564093360636576,7,10,8,6,1,7,3,2,6,0.9843590663936342
10,2,50,Z_only,0.5669664678179095,5.06993382436133,0.9217670450604193,0.07823295493958071,50,0,0,43,7,0,0,0,0,
10,2,50,ZX_split,0.5669664678179095,5.06993382436133,0.9308190823584868,0.06918091764151324,25,25,0,23,2,14,11,0,0,
10,2,50,XYZ_split,0.5669664678179095,5.06993382436133,0.9975598961277499,0.0024401038722501323,16,16,18,16,0,9,7,3,15,
10,2,50,RL_adaptive,0.5669664678179095,5.06993382436133,0.9602362128170931,0.03976378718290685,17,18,15,13,4,11,7,2,13,0.9602362128170931
10,2,100,Z_only,0.5669664678179095,5.06993382436133,0.9217670450604193,0.07823295493958071,100,0,0,89,11,0,0,0,0,
10,2,100,ZX_split,0.5669664678179095,5.06993382436133,0.9217670450604193,0.07823295493958071,50,50,0,46,4,25,25,0,0,
10,2,100,XYZ_split,0.5669664678179095,5.06993382436133,0.9993827207610323,0.0006172792389677051,33,33,34,31,2,20,13,9,25,
10,2,100,RL_adaptive,0.5669664678179095,5.06993382436133,0.9752286855194513,0.0247713144805487,33,38,29,27,6,27,11,7,22,0.9752286855194513
10,2,250,Z_only,0.5669664678179095,5.06993382436133,0.9217670450604193,0.07823295493958071,250,0,0,230,20,0,0,0,0,
10,2,250,ZX_split,0.5669664678179095,5.06993382436133,0.9226595686861223,0.07734043131387769,125,125,0,114,11,63,62,0,0,
10,2,250,XYZ_split,0.5669664678179095,5.06993382436133,0.9979671632028321,0.002032836797167925,83,83,84,70,13,48,35,21,63,
10,2,250,RL_adaptive,0.5669664678179095,5.06993382436133,0.9817914141581492,0.01820858584185081,78,84,88,72,6,45,39,33,55,0.9817914141581492
10,2,500,Z_only,0.5669664678179095,5.06993382436133,0.9217670450604193,0.07823295493958071,500,0,0,463,37,0,0,0,0,
10,2,500,ZX_split,0.5669664678179095,5.06993382436133,0.9304416473811614,0.06955835261883858,250,250,0,231,19,139,111,0,0,
10,2,500,XYZ_split,0.5669664678179095,5.06993382436133,0.9955963182242947,0.00440368177570527,166,166,168,151,15,107,59,49,119,
10,2,500,RL_adaptive,0.5669664678179095,5.06993382436133,0.9985812531297367,0.0014187468702633321,147,175,178,132,15,108,67,41,137,0.9985812531297367
10,3,10,Z_only,0.5669664678179095,5.06993382436133,0.9217670450604193,0.07823295493958071,10,0,0,9,1,0,0,0,0,
10,3,10,ZX_split,0.5669664678179095,5.06993382436133,0.8951452998662561,0.10485470013374387,5,5,0,5,0,2,3,0,0,
10,3,10,XYZ_split,0.5669664678179095,5.06993382436133,0.9430030924579188,0.0569969075420812,3,3,4,3,0,3,0,0,4,
10,3,10,RL_adaptive,0.5669664678179095,5.06993382436133,0.9298429524017394,0.07015704759826058,3,3,4,3,0,2,1,2,2,0.9298429524017394
10,3,25,Z_only,0.5669664678179095,5.06993382436133,0.9217670450604193,0.07823295493958071,25,0,0,22,3,0,0,0,0,
10,3,25,ZX_split,0.5669664678179095,5.06993382436133,0.911343067363259,0.08865693263674101,12,13,0,11,1,6,7,0,0,
10,3,25,XYZ_split,0.5669664678179095,5.06993382436133,0.9828334171641702,0.017166582835829836,8,8,9,7,1,5,3,1,8,
10,3,25,RL_adaptive,0.5669664678179095,5.06993382436133,0.9897824544172662,0.0102175455827338,7,10,8,6,1,5,5,2,6,0.9897824544172662
10,3,50,Z_only,0.5669664678179095,5.06993382436133,0.9217670450604193,0.07823295493958071,50,0,0,50,0,0,0,0,0,
10,3,50,ZX_split,0.5669664678179095,5.06993382436133,0.9303798827232312,0.06962011727676876,25,25,0,24,1,14,11,0,0,
10,3,50,XYZ_split,0.5669664678179095,5.06993382436133,0.9899592399444229,0.01004076005557708,16,16,18,15,1,8,8,5,13,
10,3,50,RL_adaptive,0.5669664678179095,5.06993382436133,0.9646326063359668,0.035367393664033187,17,18,15,17,0,7,11,2,13,0.9646326063359668
10,3,100,Z_only,0.5669664678179095,5.06993382436133,0.9217670450604193,0.07823295493958071,100,0,0,92,8,0,0,0,0,
10,3,100,ZX_split,0.5669664678179095,5.06993382436133,0.9298429524017394,0.07015704759826058,50,50,0,43,7,31,19,0,0,
10,3,100,XYZ_split,0.5669664678179095,5.06993382436133,0.9816470089257283,0.018352991074271685,33,33,34,32,1,15,18,7,27,
10,3,100,RL_adaptive,0.5669664678179095,5.06993382436133,0.9918218344021079,0.008178165597892084,34,37,29,31,3,19,18,6,23,0.9918218344021079
10,3,250,Z_only,0.5669664678179095,5.06993382436133,0.9217670450604193,0.07823295493958071,250,0,0,239,11,0,0,0,0,
10,3,250,ZX_split,0.5669664678179095,5.06993382436133,0.9320432529880989,0.06795674701190113,125,125,0,109,16,72,53,0,0,
10,3,250,XYZ_split,0.5669664678179095,5.06993382436133,0.9969895039680878,0.0030104960319121687,83,83,84,79,4,55,28,19,65,
10,3,250,RL_adaptive,0.5669664678179095,5.06993382436133,0.989153442393244,0.010846557606756013,83,78,89,74,9,54,24,19,70,0.989153442393244
10,3,500,Z_only,0.5669664678179095,5.06993382436133,0.9217670450604193,0.07823295493958071,500,0,0,462,38,0,0,0,0,
10,3,500,ZX_split,0.5669664678179095,5.06993382436133,0.9317824054685456,0.06821759453145437,250,250,0,231,19,153,97,0,0,
10,3,500,XYZ_split,0.5669664678179095,5.06993382436133,0.9996072495971965,0.00039275040280351003,166,166,168,153,13,102,64,41,127,
10,3,500,RL_adaptive,0.5669664678179095,5.06993382436133,0.9994342206677216,0.0005657793322784155,147,175,178,130,17,100,75,45,133,0.9994342206677216
10,4,10,Z_only,0.5669664678179095,5.06993382436133,0.9217670450604193,0.07823295493958071,10,0,0,9,1,0,0,0,0,
10,4,10,ZX_split,0.5669664678179095,5.06993382436133,0.7225332536933831,0.27746674630661694,5,5,0,3,2,4,1,0,0,
10,4,10,XYZ_split,0.5669664678179095,5.06993382436133,0.996175870963346,0.003824129036653967,3,3,4,3,0,2,1,1,3,
10,4,10,RL_adaptive,0.5669664678179095,5.06993382436133,0.9418512782172833,0.058148721782716684,3,3,4,3,0,1,2,0,4,0.9418512782172833
10,4,25,Z_only,0.5669664678179095,5.06993382436133,0.9217670450604193,0.07823295493958071,25,0,0,25,0,0,0,0,0,
10,4,25,ZX_split,0.5669664678179095,5.06993382436133,0.9320987584318783,0.06790124156812172,12,13,0,12,0,8,5,0,0,
10,4,25,XYZ_split,0.5669664678179095,5.06993382436133,0.9878346774556037,0.012165322544396284,8,8,9,8,0,6,2,1,8,
10,4,25,RL_adaptive,0.5669664678179095,5.06993382436133,0.9837163112535547,0.016283688746445257,7,10,8,7,0,7,3,0,8,0.9837163112535547
10,4,50,Z_only,0.5669664678179095,5.06993382436133,0.9217670450604193,0.07823295493958071,50,0,0,45,5,0,0,0,0,
10,4,50,ZX_split,0.5669664678179095,5.06993382436133,0.9299601923870444,0.07003980761295558,25,25,0,25,0,14,11,0,0,
10,4,50,XYZ_split,0.5669664678179095,5.06993382436133,0.9787199329262555,0.021280067073744524,16,16,18,15,1,10,6,7,11,
10,4,50,RL_adaptive,0.5669664678179095,5.06993382436133,0.9973197572047326,0.0026802427952673513,17,18,15,16,1,10,8,3,12,0.9973197572047326
10,4,100,Z_only,0.5669664678179095,5.06993382436133,0.9217670450604193,0.07823295493958071,100,0,0,91,9,0,0,0,0,
10,4,100,ZX_split,0.5669664678179095,5.06993382436133,0.9174888973863302,0.08251110261366978,50,50,0,49,1,24,26,0,0,
10,4,100,XYZ_split,0.5669664678179095,5.06993382436133,0.9919435234013848,0.008056476598615192,33,33,34,33,0,18,15,10,24,
10,4,100,RL_adaptive,0.5669664678179095,5.06993382436133,0.985014436095311,0.01498556390468897,34,37,29,31,3,19,18,4,25,0.985014436095311
10,4,250,Z_only,0.5669664678179095,5.06993382436133,0.9217670450604193,0.07823295493958071,250,0,0,224,26,0,0,0,0,
10,4,250,ZX_split,0.5669664678179095,5.06993382436133,0.9246862612899224,0.07531373871007763,125,125,0,115,10,85,40,0,0,
10,4,250,XYZ_split,0.5669664678179095,5.06993382436133,0.9950894353993456,0.004910564600654421,83,83,84,77,6,45,38,16,68,
10,4,250,RL_adaptive,0.5669664678179095,5.06993382436133,0.9965332685332342,0.0034667314667657934,81,81,88,75,6,51,30,26,62,0.9965332685332342
10,4,500,Z_only,0.5669664678179095,5.06993382436133,0.9217670450604193,0.07823295493958071,500,0,0,460,40,0,0,0,0,
10,4,500,ZX_split,0.5669664678179095,5.06993382436133,0.9317758498756757,0.06822415012432426,250,250,0,235,15,145,105,0,0,
10,4,500,XYZ_split,0.5669664678179095,5.06993382436133,0.9992959412173861,0.0007040587826139255,166,166,168,149,17,102,64,44,124,
10,4,500,RL_adaptive,0.5669664678179095,5.06993382436133,0.997247154567722,0.0027528454322780505,148,172,180,137,11,105,67,54,126,0.997247154567722
11,0,10,Z_only,1.54168770401255,5.02803972639706,0.48544774386200856,0.5145522561379914,10,0,0,3,7,0,0,0,0,
11,0,10,ZX_split,1.54168770401255,5.02803972639706,0.6492849364775639,0.3507150635224361,5,5,0,2,3,5,0,0,0,
11,0,10,XYZ_split,1.54168770401255,5.02803972639706,0.8873480809614466,0.11265191903855343,3,3,4,2,1,1,2,0,4,
11,0,10,RL_adaptive,1.54168770401255,5.02803972639706,0.7774822659837669,0.2225177340162331,3,3,4,2,1,1,2,1,3,0.7774822659837669
11,0,25,Z_only,1.54168770401255,5.02803972639706,0.5145522561379917,0.4854477438620083,25,0,0,15,10,0,0,0,0,
11,0,25,ZX_split,1.54168770401255,5.02803972639706,0.65515181206451,0.34484818793549,12,13,0,6,6,8,5,0,0,
11,0,25,XYZ_split,1.54168770401255,5.02803972639706,0.8337063436029818,0.1662936563970182,8,8,9,1,7,3,5,0,9,
11,0,25,RL_adaptive,1.54168770401255,5.02803972639706,0.9762369413805336,0.02376305861946637,8,9,8,3,5,7,2,0,8,0.9762369413805336
11,0,50,Z_only,1.54168770401255,5.02803972639706,0.5145522561379917,0.4854477438620083,50,0,0,31,19,0,0,0,0,
11,0,50,ZX_split,1.54168770401255,5.02803972639706,0.6525958345629039,0.34740416543709607,25,25,0,12,13,17,8,0,0,
11,0,50,XYZ_split,1.54168770401255,5.02803972639706,0.9901469140811914,0.009853085918808624,16,16,18,8,8,12,4,1,17,
11,0,50,RL_adaptive,1.54168770401255,5.02803972639706,0.9783706464394505,0.021629353560549514,17,18,15,7,10,10,8,1,14,0.9783706464394505
11,0,100,Z_only,1.54168770401255,5.02803972639706,0.48544774386200856,0.5145522561379914,100,0,0,49,51,0,0,0,0,
11,0,100,ZX_split,1.54168770401255,5.02803972639706,0.6557586958714001,0.3442413041285999,50,50,0,27,23,41,9,0,0,
11,0,100,XYZ_split,1.54168770401255,5.02803972639706,0.9719914276518378,0.02800857234816223,33,33,34,14,19,17,16,0,34,
11,0,100,RL_adaptive,1.54168770401255,5.02803972639706,0.9940018262850527,0.005998173714947264,30,39,31,13,17,26,13,0,31,0.9940018262850527
11,0,250,Z_only,1.54168770401255,5.02803972639706,0.5145522561379917,0.4854477438620083,250,0,0,135,115,0,0,0,0,
11,0,250,ZX_split,1.54168770401255,5.02803972639706,0.63958630657457,0.36041369342542995,125,125,0,55,70,82,43,0,0,
11,0,250,XYZ_split,1.54168770401255,5.02803972639706,0.993362118620166,0.00663788137983401,83,83,84,40,43,48,35,3,81,
11,0,250,RL_adaptive,1.54168770401255,5.02803972639706,0.9995174273004017,0.00048257269959828264,91,78,81,48,43,53,25,1,80,0.9995174273004017
11,0,500,Z_only,1.54168770401255,5.02803972639706,0.5145522561379917,0.4854477438620083,500,0,0,266,234,0,0,0,0,
11,0,500,ZX_split,1.54168770401255,5.02803972639706,0.6558203711746238,0.3441796288253762,250,250,0,128,122,162,88,0,0,
11,0,500,XYZ_split,1.54168770401255,5.02803972639706,0.9996426104471188,0.00035738955288122654,166,166,168,85,81,105,61,6,162,
11,0,500,RL_adaptive,1.54168770401255,5.02803972639706,0.9994566498882222,0.0005433501117777517,142,188,170,71,71,120,68,3,167,0.9994566498882222
11,1,10,Z_only,1.54168770401255,5.02803972639706,0.5145522561379917,0.4854477438620083,10,0,0,6,4,0,0,0,0,
11,1,10,ZX_split,1.54168770401255,5.02803972639706,0.6549928009402116,0.3450071990597884,5,5,0,3,2,5,0,0,0,
11,1,10,XYZ_split,1.54168770401255,5.02803972639706,0.8873480809614466,0.11265191903855343,3,3,4,2,1,1,2,0,4,
11,1,10,RL_adaptive,1.54168770401255,5.02803972639706,0.8525621647337546,0.14743783526624543,2,3,5,0,2,2,1,0,5,0.8525621647337546
11,1,25,Z_only,1.54168770401255,5.02803972639706,0.48544774386200856,0.5145522561379914,25,0,0,12,13,0,0,0,0,
11,1,25,ZX_split,1.54168770401255,5.02803972639706,0.6525172023271489,0.34748279767285106,12,13,0,7,5,10,3,0,0,
11,1,25,XYZ_split,1.54168770401255,5.02803972639706,0.9810643758833406,0.01893562411665939,8,8,9,3,5,5,3,0,9,
11,1,25,RL_adaptive,1.54168770401255,5.02803972639706,0.9507095416860164,0.0492904583139836,9,9,7,4,5,4,5,0,7,0.9507095416860164
11,1,50,Z_only,1.54168770401255,5.02803972639706,0.48544774386200856,0.5145522561379914,50,0,0,22,28,0,0,0,0,
11,1,50,ZX_split,1.54168770401255,5.02803972639706,0.655809890269205,0.344190109730795,25,25,0,13,12,17,8,0,0,
11,1,50,XYZ_split,1.54168770401255,5.02803972639706,0.9784693014965806,0.021530698503419377,16,16,18,6,10,11,5,1,17,
11,1,50,RL_adaptive,1.54168770401255,5.02803972639706,0.9612755664086972,0.03872443359130284,17,18,15,6,11,11,7,2,13,0.9612755664086972
11,1,100,Z_only,1.54168770401255,5.02803972639706,0.5145522561379917,0.4854477438620083,100,0,0,58,42,0,0,0,0,
11,1,100,ZX_split,1.54168770401255,5.02803972639706,0.645279966233514,0.354720033766486,50,50,0,29,21,33,17,0,0,
11,1,100,XYZ_split,1.54168770401255,5.02803972639706,0.9963003203878328,0.003699679612167217,33,33,34,16,17,20,13,0,34,
11,1,100,RL_adaptive,1.54168770401255,5.02803972639706,0.9931022792515157,0.006897720748484271,30,39,31,13,17,25,14,1,30,0.9931022792515157
11,1,250,Z_only,1.54168770401255,5.02803972639706,0.48544774386200856,0.5145522561379914,250,0,0,121,129,0,0,0,0,
11,1,250,ZX_split,1.54168770401255,5.02803972639706,0.6287548398917017,0.37124516010829833,125,125,0,77,48,80,45,0,0,
11,1,250,XYZ_split,1.54168770401255,5.02803972639706,0.9762320052995483,0.023767994700451656,83,83,84,51,32,45,38,4,80,
11,1,250,RL_adaptive,1.54168770401255,5.02803972639706,0.9885318681670793,0.011468131832920725,92,75,83,54,38,57,18,1,82,0.9885318681670793
11,1,500,Z_only,1.54168770401255,5.02803972639706,0.5145522561379917,0.4854477438620083,500,0,0,263,237,0,0,0,0,
11,1,500,ZX_split,1.54168770401255,5.02803972639706,0.6540488073964587,0.34595119260354135,250,250,0,134,116,161,89,0,0,
11,1,500,XYZ_split,1.54168770401255,5.02803972639706,0.9981353350278214,0.0018646649721786313,166,166,168,90,76,114,52,6,162,
11,1,500,RL_adaptive,1.54168770401255,5.02803972639706,0.998104089236208,0.0018959107637920303,144,186,170,78,66,129,57,4,166,0.998104089236208
11,2,10,Z_only,1.54168770401255,5.02803972639706,0.5145522561379917,0.4854477438620083,10,0,0,5,5,0,0,0,0,
11,2,10,ZX_split,1.54168770401255,5.02803972639706,0.6492849364775639,0.3507150635224361,5,5,0,2,3,5,0,0,0,
11,2,10,XYZ_split,1.54168770401255,5.02803972639706,0.9809081438999399,0.019091856100060145,3,3,4,2,1,2,1,0,4,
11,2,10,RL_adaptive,1.54168770401255,5.02803972639706,0.9280016328421093,0.07199836715789065,3,3,4,2,1,2,1,1,3,0.9280016328421093
11,2,25,Z_only,1.54168770401255,5.02803972639706,0.5145522561379917,0.4854477438620083,25,0,0,14,11,0,0,0,0,
11,2,25,ZX_split,1.54168770401255,5.02803972639706,0.65515181206451,0.34484818793549,12,13,0,6,6,10,3,0,0,
11,2,25,XYZ_split,1.54168770401255,5.02803972639706,0.9835399940874879,0.016460005912512066,8,8,9,4,4,6,2,1,8,
11,2,25,RL_adaptive,1.54168770401255,5.02803972639706,0.9585569541589078,0.04144304584109215,8,9,8,3,5,8,1,0,8,0.9585569541589078
11,2,50,Z_only,1.54168770401255,5.02803972639706,0.5145522561379917,0.4854477438620083,50,0,0,27,23,0,0,0,0,
11,2,50,ZX_split,1.54168770401255,5.02803972639706,0.6177938955230846,0.3822061044769154,25,25,0,10,15,16,9,0,0,
11,2,50,XYZ_split,1.54168770401255,5.02803972639706,0.992880775670623,0.00711922432937695,16,16,18,9,7,12,4,0,18,
11,2,50,RL_adaptive,1.54168770401255,5.02803972639706,0.9892622497980018,0.010737750201998186,17,18,15,8,9,14,4,0,15,0.9892622497980018
11,2,100,Z_only,1.54168770401255,5.02803972639706,0.5145522561379917,0.4854477438620083,100,0,0,50,50,0,0,0,0,
11,2,100,ZX_split,1.54168770401255,5.02803972639706,0.5563700661414881,0.4436299338585119,50,50,0,21,29,27,23,0,0,
11,2,100,XYZ_split,1.54168770401255,5.02803972639706,0.9637957663593554,0.03620423364064462,33,33,34,14,19,27,6,3,31,
11,2,100,RL_adaptive,1.54168770401255,5.02803972639706,0.9649115744616109,0.03508842553838909,30,39,31,13,17,19,20,0,31,0.9649115744616109
11,2,250,Z_only,1.54168770401255,5.02803972639706,0.5145522561379917,0.4854477438620083,250,0,0,140,110,0,0,0,0,
11,2,250,ZX_split,1.54168770401255,5.02803972639706,0.6523128088800706,0.3476871911199294,125,125,0,61,64,75,50,0,0,
11,2,250,XYZ_split,1.54168770401255,5.02803972639706,0.9918925411195872,0.008107458880412755,83,83,84,36,47,57,26,4,80,
11,2,250,RL_adaptive,1.54168770401255,5.02803972639706,0.9907658101335581,0.009234189866441866,94,74,82,47,47,54,20,7,75,0.9907658101335581
11,2,500,Z_only,1.54168770401255,5.02803972639706,0.5145522561379917,0.4854477438620083,500,0,0,252,248,0,0,0,0,
11,2,500,ZX_split,1.54168770401255,5.02803972639706,0.655809890269205,0.344190109730795,250,250,0,130,120,170,80,0,0,
11,2,500,XYZ_split,1.54168770401255,5.02803972639706,0.9979803246232422,0.0020196753767578457,166,166,168,78,88,110,56,4,164,
11,2,500,RL_adaptive,1.54168770401255,5.02803972639706,0.9996539295765741,0.0003460704234259371,143,187,170,72,71,120,67,3,167,0.9996539295765741
11,3,10,Z_only,1.54168770401255,5.02803972639706,0.48544774386200856,0.5145522561379914,10,0,0,4,6,0,0,0,0,
11,3,10,ZX_split,1.54168770401255,5.02803972639706,0.6492849364775639,0.3507150635224361,5,5,0,2,3,5,0,0,0,
11,3,10,XYZ_split,1.54168770401255,5.02803972639706,0.7235391635147259,0.2764608364852741,3,3,4,2,1,0,3,0,4,
11,3,10,RL_adaptive,1.54168770401255,5.02803972639706,0.9721328032703282,0.02786719672967175,3,3,4,1,2,2,1,0,4,0.9721328032703282
11,3,25,Z_only,1.54168770401255,5.02803972639706,0.48544774386200856,0.5145522561379914,25,0,0,12,13,0,0,0,0,
11,3,25,ZX_split,1.54168770401255,5.02803972639706,0.6525172023271489,0.34748279767285106,12,13,0,7,5,10,3,0,0,
11,3,25,XYZ_split,1.54168770401255,5.02803972639706,0.987924375214499,0.012075624785500949,8,8,9,5,3,5,3,0,9,
11,3,25,RL_adaptive,1.54168770401255,5.02803972639706,0.8983790982648343,0.10162090173516569,8,9,8,3,5,9,0,1,7,0.8983790982648343
11,3,50,Z_only,1.54168770401255,5.02803972639706,0.5145522561379917,0.4854477438620083,50,0,0,26,24,0,0,0,0,
11,3,50,ZX_split,1.54168770401255,5.02803972639706,0.6549928009402116,0.3450071990597884,25,25,0,14,11,20,5,0,0,
11,3,50,XYZ_split,1.54168770401255,5.02803972639706,0.9397365474335911,0.06026345256640886,16,16,18,5,11,8,8,0,18,
11,3,50,RL_adaptive,1.54168770401255,5.02803972639706,0.9400829076007164,0.059917092399283556,17,18,15,4,13,12,6,0,15,0.9400829076007164
11,3,100,Z_only,1.54168770401255,5.02803972639706,0.5145522561379917,0.4854477438620083,100,0,0,53,47,0,0,0,0,
11,3,100,ZX_split,1.54168770401255,5.02803972639706,0.6371662502305889,0.3628337497694111,50,50,0,29,21,31,19,0,0,
11,3,100,XYZ_split,1.54168770401255,5.02803972639706,0.971714888416171,0.02828511158382896,33,33,34,13,20,18,15,2,32,
11,3,100,RL_adaptive,1.54168770401255,5.02803972639706,0.9564754748144133,0.04352452518558669,31,38,31,16,15,17,21,0,31,0.9564754748144133
11,3,250,Z_only,1.54168770401255,5.02803972639706,0.5145522561379917,0.4854477438620083,250,0,0,140,110,0,0,0,0,
11,3,250,ZX_split,1.54168770401255,5.02803972639706,0.649688306777956,0.35031169322204403,125,125,0,69,56,79,46,0,0,
11,3,250,XYZ_split,1.54168770401255,5.02803972639706,0.996066326864447,0.00393367313555304,83,83,84,46,37,59,24,2,82,
11,3,250,RL_adaptive,1.54168770401255,5.02803972639706,0.9997146737503216,0.00028532624967836373,90,80,80,45,45,52,28,1,79,0.9997146737503216
11,3,500,Z_only,1.54168770401255,5.02803972639706,0.5145522561379917,0.4854477438620083,500,0,0,254,246,0,0,0,0,
11,3,500,ZX_split,1.54168770401255,5.02803972639706,0.6554542376039773,0.34454576239602275,250,250,0,126,124,167,83,0,0,
11,3,500,XYZ_split,1.54168770401255,5.02803972639706,0.9991166951570528,0.0008833048429471857,166,166,168,86,80,104,62,3,165,
11,3,500,RL_adaptive,1.54168770401255,5.02803972639706,0.9963386407353835,0.003661359264616526,144,186,170,80,64,132,54,3,167,0.9963386407353835
11,4,10,Z_only,1.54168770401255,5.02803972639706,0.5145522561379917,0.4854477438620083,10,0,0,7,3,0,0,0,0,
11,4,10,ZX_split,1.54168770401255,5.02803972639706,0.5673464920625948,0.4326535079374052,5,5,0,0,5,4,1,0,0,
11,4,10,XYZ_split,1.54168770401255,5.02803972639706,0.9721328032703282,0.02786719672967175,3,3,4,1,2,2,1,0,4,
11,4,10,RL_adaptive,1.54168770401255,5.02803972639706,0.9371047644714878,0.06289523552851217,3,3,4,2,1,3,0,0,4,0.9371047644714878
11,4,25,Z_only,1.54168770401255,5.02803972639706,0.48544774386200856,0.5145522561379914,25,0,0,9,16,0,0,0,0,
11,4,25,ZX_split,1.54168770401255,5.02803972639706,0.65515181206451,0.34484818793549,12,13,0,6,6,10,3,0,0,
11,4,25,XYZ_split,1.54168770401255,5.02803972639706,0.9943247219435253,0.00567527805647472,8,8,9,4,4,6,2,0,9,
11,4,25,RL_adaptive,1.54168770401255,5.02803972639706,0.8985592502603528,0.10144074973964723,9,9,7,3,6,4,5,1,6,0.8985592502603528
11,4,50,Z_only,1.54168770401255,5.02803972639706,0.5145522561379917,0.4854477438620083,50,0,0,25,25,0,0,0,0,
11,4,50,ZX_split,1.54168770401255,5.02803972639706,0.34820823978310544,0.6517917602168946,25,25,0,12,13,11,14,0,0,
11,4,50,XYZ_split,1.54168770401255,5.02803972639706,0.9898760727688138,0.010123927231186158,16,16,18,9,7,9,7,2,16,
11,4,50,RL_adaptive,1.54168770401255,5.02803972639706,0.9674696189683983,0.03253038103160166,17,18,15,10,7,15,3,1,14,0.9674696189683983
11,4,100,Z_only,1.54168770401255,5.02803972639706,0.48544774386200856,0.5145522561379914,100,0,0,46,54,0,0,0,0,
11,4,100,ZX_split,1.54168770401255,5.02803972639706,0.6371662502305889,0.3628337497694111,50,50,0,27,23,28,22,0,0,
11,4,100,XYZ_split,1.54168770401255,5.02803972639706,0.9898803035201492,0.010119696479850782,33,33,34,19,14,19,14,1,33,
11,4,100,RL_adaptive,1.54168770401255,5.02803972639706,0.9894841305261213,0.010515869473878725,31,39,30,18,13,29,10,1,29,0.9894841305261213
11,4,250,Z_only,1.54168770401255,5.02803972639706,0.5145522561379917,0.4854477438620083,250,0,0,136,114,0,0,0,0,
11,4,250,ZX_split,1.54168770401255,5.02803972639706,0.6549928009402116,0.3450071990597884,125,125,0,67,58,85,40,0,0,
11,4,250,XYZ_split,1.54168770401255,5.02803972639706,0.9988134964342971,0.0011865035657029344,83,83,84,42,41,57,26,3,81,
11,4,250,RL_adaptive,1.54168770401255,5.02803972639706,0.9971074713030432,0.0028925286969567754,91,79,80,42,49,51,28,1,79,0.9971074713030432
11,4,500,Z_only,1.54168770401255,5.02803972639706,0.5145522561379917,0.4854477438620083,500,0,0,281,219,0,0,0,0,
11,4,500,ZX_split,1.54168770401255,5.02803972639706,0.6558321349722542,0.34416786502774577,250,250,0,129,121,169,81,0,0,
11,4,500,XYZ_split,1.54168770401255,5.02803972639706,0.9999368001007318,6.319989926817371e-05,166,166,168,86,80,109,57,7,161,
11,4,500,RL_adaptive,1.54168770401255,5.02803972639706,0.995143994651493,0.004856005348507053,142,189,169,68,74,113,76,1,168,0.995143994651493
12,0,10,Z_only,1.163965072262246,5.31804349889605,0.6978506045957095,0.30214939540429053,10,0,0,8,2,0,0,0,0,
12,0,10,ZX_split,1.163965072262246,5.31804349889605,0.7703648167962692,0.22963518320373077,5,5,0,4,1,3,2,0,0,
12,0,10,XYZ_split,1.163965072262246,5.31804349889605,0.9320160848027592,0.06798391519724079,3,3,4,3,0,3,0,1,3,
12,0,10,RL_adaptive,1.163965072262246,5.31804349889605,0.9851319904973309,0.014868009502669088,3,3,4,2,1,3,0,0,4,0.9851319904973309
12,0,25,Z_only,1.163965072262246,5.31804349889605,0.6978506045957095,0.30214939540429053,25,0,0,15,10,0,0,0,0,
12,0,25,ZX_split,1.163965072262246,5.31804349889605,0.8020111898010195,0.1979888101989805,12,13,0,10,2,9,4,0,0,
12,0,25,XYZ_split,1.163965072262246,5.31804349889605,0.9641734441946556,0.03582655580534444,8,8,9,5,3,5,3,0,9,
12,0,25,RL_adaptive,1.163965072262246,5.31804349889605,0.9945185398584125,0.0054814601415874575,8,9,8,5,3,7,2,1,7,0.9945185398584125
12,0,50,Z_only,1.163965072262246,5.31804349889605,0.6978506045957095,0.30214939540429053,50,0,0,38,12,0,0,0,0,
12,0,50,ZX_split,1.163965072262246,5.31804349889605,0.8170579746790131,0.1829420253209869,25,25,0,16,9,21,4,0,0,
12,0,50,XYZ_split,1.163965072262246,5.31804349889605,0.9856678787717048,0.014332121228295192,16,16,18,10,6,10,6,3,15,
12,0,50,RL_adaptive,1.163965072262246,5.31804349889605,0.9014239429310911,0.09857605706890893,18,17,15,8,10,14,3,4,11,0.9014239429310911
12,0,100,Z_only,1.163965072262246,5.31804349889605,0.6978506045957095,0.30214939540429053,100,0,0,67,33,0,0,0,0,
12,0,100,ZX_split,1.163965072262246,5.31804349889605,0.8132918671515871,0.18670813284841292,50,50,0,29,21,36,14,0,0,
12,0,100,XYZ_split,1.163965072262246,5.31804349889605,0.9998850926629471,0.00011490733705288303,33,33,34,25,8,27,6,1,33,
12,0,100,RL_adaptive,1.163965072262246,5.31804349889605,0.9980058415527635,0.0019941584472364937,32,38,30,25,7,30,8,2,28,0.9980058415527635
12,0,250,Z_only,1.163965072262246,5.31804349889605,0.6978506045957095,0.30214939540429053,250,0,0,187,63,0,0,0,0,
12,0,250,ZX_split,1.163965072262246,5.31804349889605,0.8187915636321,0.18120843636789996,125,125,0,96,29,90,35,0,0,
12,0,250,XYZ_split,1.163965072262246,5.31804349889605,0.9982446847222276,0.0017553152777723957,83,83,84,55,28,65,18,11,73,
12,0,250,RL_adaptive,1.163965072262246,5.31804349889605,0.9919954716263714,0.008004528373628639,86,77,87,69,17,57,20,9,78,0.9919954716263714
12,0,500,Z_only,1.163965072262246,5.31804349889605,0.6978506045957095,0.30214939540429053,500,0,0,348,152,0,0,0,0,
12,0,500,ZX_split,1.163965072262246,5.31804349889605,0.8237680549243599,0.1762319450756401,250,250,0,165,85,200,50,0,0,
12,0,500,XYZ_split,1.163965072262246,5.31804349889605,0.9971527497289321,0.0028472502710679137,166,166,168,124,42,123,43,22,146,
12,0,500,RL_adaptive,1.163965072262246,5.31804349889605,0.9999606138263797,3.9386173620314935e-05,146,178,176,99,47,132,46,26,150,0.9999606138263797
12,1,10,Z_only,1.163965072262246,5.31804349889605,0.6978506045957095,0.30214939540429053,10,0,0,7,3,0,0,0,0,
12,1,10,ZX_split,1.163965072262246,5.31804349889605,0.7452765332840533,0.2547234667159467,5,5,0,5,0,3,2,0,0,
12,1,10,XYZ_split,1.163965072262246,5.31804349889605,0.9799480823272645,0.02005191767273551,3,3,4,2,1,2,1,0,4,
12,1,10,RL_adaptive,1.163965072262246,5.31804349889605,0.9799480823272645,0.02005191767273551,3,3,4,2,1,2,1,0,4,0.9799480823272645
12,1,25,Z_only,1.163965072262246,5.31804349889605,0.6978506045957095,0.30214939540429053,25,0,0,22,3,0,0,0,0,
12,1,25,ZX_split,1.163965072262246,5.31804349889605,0.8181740127603961,0.18182598723960386,12,13,0,10,2,10,3,0,0,
12,1,25,XYZ_split,1.163965072262246,5.31804349889605,0.9801632190631852,0.019836780936814846,8,8,9,6,2,8,0,1,8,
12,1,25,RL_adaptive,1.163965072262246,5.31804349889605,0.9766307949352642,0.023369205064735832,7,10,8,7,0,8,2,0,8,0.9766307949352642
12,1,50,Z_only,1.163965072262246,5.31804349889605,0.6978506045957095,0.30214939540429053,50,0,0,30,20,0,0,0,0,
12,1,50,ZX_split,1.163965072262246,5.31804349889605,0.8066210434500332,0.19337895654996684,25,25,0,15,10,21,4,0,0,
12,1,50,XYZ_split,1.163965072262246,5.31804349889605,0.9976080988787415,0.002391901121258533,16,16,18,11,5,11,5,3,15,
12,1,50,RL_adaptive,1.163965072262246,5.31804349889605,0.9886436633739742,0.011356336626025754,17,18,15,14,3,13,5,1,14,0.9886436633739742
12,1,100,Z_only,1.163965072262246,5.31804349889605,0.6978506045957095,0.30214939540429053,100,0,0,72,28,0,0,0,0,
12,1,100,ZX_split,1.163965072262246,5.31804349889605,0.8270217309447719,0.17297826905522806,50,50,0,32,18,33,17,0,0,
12,1,100,XYZ_split,1.163965072262246,5.31804349889605,0.9763493785504481,0.02365062144955188,33,33,34,18,15,25,8,4,30,
12,1,100,RL_adaptive,1.163965072262246,5.31804349889605,0.9972815659880824,0.0027184340119176253,32,38,30,22,10,31,7,4,26,0.9972815659880824
12,1,250,Z_only,1.163965072262246,5.31804349889605,0.6978506045957095,0.30214939540429053,250,0,0,176,74,0,0,0,0,
12,1,250,ZX_split,1.163965072262246,5.31804349889605,0.8238968186347503,0.17610318136524972,125,125,0,91,34,90,35,0,0,
12,1,250,XYZ_split,1.163965072262246,5.31804349889605,0.9974425008124788,0.0025574991875212394,83,83,84,58,25,68,15,11,73,
12,1,250,RL_adaptive,1.163965072262246,5.31804349889605,0.9880321731774881,0.011967826822511851,86,78,86,66,20,53,25,12,74,0.9880321731774881
12,1,500,Z_only,1.163965072262246,5.31804349889605,0.6978506045957095,0.30214939540429053,500,0,0,363,137,0,0,0,0,
12,1,500,ZX_split,1.163965072262246,5.31804349889605,0.8257654056642075,0.17423459433579247,250,250,0,184,66,187,63,0,0,
12,1,500,XYZ_split,1.163965072262246,5.31804349889605,0.9982446847222276,0.0017553152777723957,166,166,168,110,56,130,36,22,146,
12,1,500,RL_adaptive,1.163965072262246,5.31804349889605,0.9995773677463126,0.0004226322536874383,147,177,176,103,44,134,43,27,149,0.9995773677463126
12,2,10,Z_only,1.163965072262246,5.31804349889605,0.6978506045957095,0.30214939540429053,10,0,0,7,3,0,0,0,0,
12,2,10,ZX_split,1.163965072262246,5.31804349889605,0.7703648167962692,0.22963518320373077,5,5,0,4,1,3,2,0,0,
12,2,10,XYZ_split,1.163965072262246,5.31804349889605,0.9851319904973309,0.014868009502669088,3,3,4,2,1,3,0,0,4,
12,2,10,RL_adaptive,1.163965072262246,5.31804349889605,0.9799480823272645,0.02005191767273551,3,3,4,2,1,2,1,0,4,0.9799480823272645
12,2,25,Z_only,1.163965072262246,5.31804349889605,0.6978506045957095,0.30214939540429053,25,0,0,19,6,0,0,0,0,
12,2,25,ZX_split,1.163965072262246,5.31804349889605,0.8181740127603961,0.18182598723960386,12,13,0,10,2,10,3,0,0,
12,2,25,XYZ_split,1.163965072262246,5.31804349889605,0.9711557365500552,0.02884426344994484,8,8,9,5,3,7,1,2,7,
12,2,25,RL_adaptive,1.163965072262246,5.31804349889605,0.994083123251732,0.0059168767482680185,7,10,8,6,1,8,2,0,8,0.994083123251732
12,2,50,Z_only,1.163965072262246,5.31804349889605,0.6978506045957095,0.30214939540429053,50,0,0,39,11,0,0,0,0,
12,2,50,ZX_split,1.163965072262246,5.31804349889605,0.7867697360270904,0.21323026397290956,25,25,0,13,12,16,9,0,0,
12,2,50,XYZ_split,1.163965072262246,5.31804349889605,0.9934269707497346,0.006573029250265372,16,16,18,12,4,13,3,3,15,
12,2,50,RL_adaptive,1.163965072262246,5.31804349889605,0.9829901859276208,0.017009814072379226,17,18,15,10,7,15,3,0,15,0.9829901859276208
12,2,100,Z_only,1.163965072262246,5.31804349889605,0.6978506045957095,0.30214939540429053,100,0,0,65,35,0,0,0,0,
12,2,100,ZX_split,1.163965072262246,5.31804349889605,0.8222455644871948,0.17775443551280523,50,50,0,36,14,35,15,0,0,
12,2,100,XYZ_split,1.163965072262246,5.31804349889605,0.9453677967848614,0.05463220321513862,33,33,34,27,6,19,14,6,28,
12,2,100,RL_adaptive,1.163965072262246,5.31804349889605,0.9960308100602913,0.003969189939708739,32,38,30,23,9,28,10,6,24,0.9960308100602913
12,2,250,Z_only,1.163965072262246,5.31804349889605,0.6978506045957095,0.30214939540429053,250,0,0,181,69,0,0,0,0,
12,2,250,ZX_split,1.163965072262246,5.31804349889605,0.8277448493452562,0.17225515065474384,125,125,0,88,37,98,27,0,0,
12,2,250,XYZ_split,1.163965072262246,5.31804349889605,0.9976745272069365,0.002325472793063499,83,83,84,56,27,68,15,6,78,
12,2,250,RL_adaptive,1.163965072262246,5.31804349889605,0.9945998113243278,0.005400188675672157,91,75,84,57,34,56,19,9,75,0.9945998113243278
12,2,500,Z_only,1.163965072262246,5.31804349889605,0.6978506045957095,0.30214939540429053,500,0,0,372,128,0,0,0,0,
12,2,500,ZX_split,1.163965072262246,5.31804349889605,0.8278040046236135,0.17219599537638652,250,250,0,179,71,194,56,0,0,
12,2,500,XYZ_split,1.163965072262246,5.31804349889605,0.997535496463579,0.0024645035364210255,166,166,168,120,46,121,45,14,154,
12,2,500,RL_adaptive,1.163965072262246,5.31804349889605,0.9985305958461084,0.0014694041538916292,146,180,174,97,49,137,43,18,156,0.9985305958461084
12,3,10,Z_only,1.163965072262246,5.31804349889605,0.6978506045957095,0.30214939540429053,10,0,0,8,2,0,0,0,0,
12,3,10,ZX_split,1.163965072262246,5.31804349889605,0.8041533311115215,0.19584666888847846,5,5,0,5,0,4,1,0,0,
12,3,10,XYZ_split,1.163965072262246,5.31804349889605,0.8943519071972132,0.10564809280278675,3,3,4,1,2,3,0,0,4,
12,3,10,RL_adaptive,1.163965072262246,5.31804349889605,0.9026474392891951,0.09735256071080489,2,4,4,1,1,4,0,1,3,0.9026474392891951
12,3,25,Z_only,1.163965072262246,5.31804349889605,0.6978506045957095,0.30214939540429053,25,0,0,16,9,0,0,0,0,
12,3,25,ZX_split,1.163965072262246,5.31804349889605,0.789189163646114,0.21081083635388598,12,13,0,11,1,9,4,0,0,
12,3,25,XYZ_split,1.163965072262246,5.31804349889605,0.9118561332871039,0.08814386671289609,8,8,9,4,4,8,0,2,7,
12,3,25,RL_adaptive,1.163965072262246,5.31804349889605,0.9556841224572608,0.044315877542739246,7,10,8,6,1,9,1,2,6,0.9556841224572608
12,3,50,Z_only,1.163965072262246,5.31804349889605,0.6978506045957095,0.30214939540429053,50,0,0,39,11,0,0,0,0,
12,3,50,ZX_split,1.163965072262246,5.31804349889605,0.7971716872389523,0.20282831276104774,25,25,0,21,4,17,8,0,0,
12,3,50,XYZ_split,1.163965072262246,5.31804349889605,0.9960372116399403,0.003962788360059699,16,16,18,10,6,11,5,3,15,
12,3,50,RL_adaptive,1.163965072262246,5.31804349889605,0.9936386517752592,0.0063613482247407704,17,18,15,12,5,12,6,3,12,0.9936386517752592
12,3,100,Z_only,1.163965072262246,5.31804349889605,0.6978506045957095,0.30214939540429053,100,0,0,69,31,0,0,0,0,
12,3,100,ZX_split,1.163965072262246,5.31804349889605,0.8177082885712326,0.18229171142876743,50,50,0,33,17,44,6,0,0,
12,3,100,XYZ_split,1.163965072262246,5.31804349889605,0.9950952877382552,0.004904712261744826,33,33,34,21,12,25,8,3,31,
12,3,100,RL_adaptive,1.163965072262246,5.31804349889605,0.9773658287534911,0.022634171246508905,31,39,30,17,14,30,9,4,26,0.9773658287534911
12,3,250,Z_only,1.163965072262246,5.31804349889605,0.6978506045957095,0.30214939540429053,250,0,0,175,75,0,0,0,0,
12,3,250,ZX_split,1.163965072262246,5.31804349889605,0.8270448979376754,0.17295510206232456,125,125,0,85,40,97,28,0,0,
12,3,250,XYZ_split,1.163965072262246,5.31804349889605,0.9859492634888711,0.01405073651112887,83,83,84,49,34,67,16,6,78,
12,3,250,RL_adaptive,1.163965072262246,5.31804349889605,0.9950870415038015,0.0049129584961985495,87,76,87,67,20,56,20,10,77,0.9950870415038015
12,3,500,Z_only,1.163965072262246,5.31804349889605,0.6978506045957095,0.30214939540429053,500,0,0,349,151,0,0,0,0,
12,3,500,ZX_split,1.163965072262246,5.31804349889605,0.8266911080701206,0.17330889192987942,250,250,0,168,82,193,57,0,0,
12,3,500,XYZ_split,1.163965072262246,5.31804349889605,0.996762800758733,0.0032371992412669748,166,166,168,113,53,120,46,14,154,
12,3,500,RL_adaptive,1.163965072262246,5.31804349889605,0.998375476803789,0.0016245231962109807,146,181,173,99,47,138,43,13,160,0.998375476803789
12,4,10,Z_only,1.163965072262246,5.31804349889605,0.6978506045957095,0.30214939540429053,10,0,0,6,4,0,0,0,0,
12,4,10,ZX_split,1.163965072262246,5.31804349889605,0.8247511007377656,0.17524889926223441,5,5,0,4,1,4,1,0,0,
12,4,10,XYZ_split,1.163965072262246,5.31804349889605,0.9799480823272645,0.02005191767273551,3,3,4,2,1,2,1,0,4,
12,4,10,RL_adaptive,1.163965072262246,5.31804349889605,0.9799480823272645,0.02005191767273551,3,3,4,2,1,2,1,0,4,0.9799480823272645
12,4,25,Z_only,1.163965072262246,5.31804349889605,0.6978506045957095,0.30214939540429053,25,0,0,18,7,0,0,0,0,
12,4,25,ZX_split,1.163965072262246,5.31804349889605,0.8082289911719002,0.19177100882809983,12,13,0,7,5,10,3,0,0,
12,4,25,XYZ_split,1.163965072262246,5.31804349889605,0.8775134322904007,0.12248656770959931,8,8,9,4,4,4,4,0,9,
12,4,25,RL_adaptive,1.163965072262246,5.31804349889605,0.9892211415211919,0.010778858478808107,8,9,8,5,3,6,3,1,7,0.9892211415211919
12,4,50,Z_only,1.163965072262246,5.31804349889605,0.6978506045957095,0.30214939540429053,50,0,0,30,20,0,0,0,0,
12,4,50,ZX_split,1.163965072262246,5.31804349889605,0.8271282296962049,0.17287177030379508,25,25,0,19,6,20,5,0,0,
12,4,50,XYZ_split,1.163965072262246,5.31804349889605,0.9708075792245062,0.029192420775493777,16,16,18,10,6,10,6,1,17,
12,4,50,RL_adaptive,1.163965072262246,5.31804349889605,0.9792777855324599,0.02072221446754008,17,18,15,15,2,14,4,2,13,0.9792777855324599
12,4,100,Z_only,1.163965072262246,5.31804349889605,0.6978506045957095,0.30214939540429053,100,0,0,73,27,0,0,0,0,
12,4,100,ZX_split,1.163965072262246,5.31804349889605,0.8222997801381629,0.17770021986183715,50,50,0,31,19,37,13,0,0,
12,4,100,XYZ_split,1.163965072262246,5.31804349889605,0.9802380456143573,0.019761954385642655,33,33,34,24,9,21,12,2,32,
12,4,100,RL_adaptive,1.163965072262246,5.31804349889605,0.9707985905772617,0.0292014094227383,33,38,29,27,6,29,9,7,22,0.9707985905772617
12,4,250,Z_only,1.163965072262246,5.31804349889605,0.6978506045957095,0.30214939540429053,250,0,0,170,80,0,0,0,0,
12,4,250,ZX_split,1.163965072262246,5.31804349889605,0.8231613754588665,0.17683862454113353,125,125,0,95,30,93,32,0,0,
12,4,250,XYZ_split,1.163965072262246,5.31804349889605,0.9992761449547913,0.0007238550452086656,83,83,84,59,24,67,16,9,75,
12,4,250,RL_adaptive,1.163965072262246,5.31804349889605,0.9999454346356627,5.456536433734449e-05,90,74,86,63,27,56,18,10,76,0.9999454346356627
12,4,500,Z_only,1.163965072262246,5.31804349889605,0.6978506045957095,0.30214939540429053,500,0,0,343,157,0,0,0,0,
12,4,500,ZX_split,1.163965072262246,5.31804349889605,0.8277985311831719,0.17220146881682807,250,250,0,171,79,188,62,0,0,
12,4,500,XYZ_split,1.163965072262246,5.31804349889605,0.9994759380792163,0.0005240619207836916,166,166,168,121,45,132,34,18,150,
12,4,500,RL_adaptive,1.163965072262246,5.31804349889605,0.9961248569503895,0.003875143049610452,146,179,175,105,41,125,54,24,151,0.9961248569503895
13,0,10,Z_only,1.7469329324267693,4.316370300032413,0.4123863646900754,0.5876136353099246,10,0,0,6,4,0,0,0,0,
13,0,10,ZX_split,1.7469329324267693,4.316370300032413,0.6962246793365686,0.3037753206634314,5,5,0,1,4,1,4,0,0,
13,0,10,XYZ_split,1.7469329324267693,4.316370300032413,0.9164412273280934,0.08355877267190659,3,3,4,0,3,1,2,0,4,
13,0,10,RL_adaptive,1.7469329324267693,4.316370300032413,0.9224289401549493,0.07757105984505075,2,3,5,0,2,0,3,0,5,0.9224289401549493
13,0,25,Z_only,1.7469329324267693,4.316370300032413,0.5876136353099246,0.4123863646900754,25,0,0,12,13,0,0,0,0,
13,0,25,ZX_split,1.7469329324267693,4.316370300032413,0.7080529348695577,0.29194706513044233,12,13,0,3,9,1,12,0,0,
13,0,25,XYZ_split,1.7469329324267693,4.316370300032413,0.9907840417195242,0.009215958280475833,8,8,9,3,5,2,6,1,8,
13,0,25,RL_adaptive,1.7469329324267693,4.316370300032413,0.9633688269329423,0.036631173067057654,9,9,7,3,6,0,9,0,7,0.9633688269329423
13,0,50,Z_only,1.7469329324267693,4.316370300032413,0.5876136353099246,0.4123863646900754,50,0,0,20,30,0,0,0,0,
13,0,50,ZX_split,1.7469329324267693,4.316370300032413,0.7036796359024322,0.2963203640975678,25,25,0,9,16,8,17,0,0,
13,0,50,XYZ_split,1.7469329324267693,4.316370300032413,0.9772658078047031,0.02273419219529693,16,16,18,8,8,4,12,3,15,
13,0,50,RL_adaptive,1.7469329324267693,4.316370300032413,0.9948441484721454,0.0051558515278545825,17,18,15,7,10,7,11,1,14,0.9948441484721454
13,0,100,Z_only,1.7469329324267693,4.316370300032413,0.5876136353099246,0.4123863646900754,100,0,0,46,54,0,0,0,0,
13,0,100,ZX_split,1.7469329324267693,4.316370300032413,0.6728256547410335,0.3271743452589665,50,50,0,20,30,22,28,0,0,
13,0,100,XYZ_split,1.7469329324267693,4.316370300032413,0.9659440317889173,0.0340559682110827,33,33,34,16,17,5,28,4,30,
13,0,100,RL_adaptive,1.7469329324267693,4.316370300032413,0.9862637371740571,0.013736262825942869,31,38,31,16,15,14,24,2,29,0.9862637371740571
13,0,250,Z_only,1.7469329324267693,4.316370300032413,0.5876136353099246,0.4123863646900754,250,0,0,95,155,0,0,0,0,
13,0,250,ZX_split,1.7469329324267693,4.316370300032413,0.7091000735183411,0.29089992648165885,125,125,0,53,72,41,84,0,0,
13,0,250,XYZ_split,1.7469329324267693,4.316370300032413,0.9997429950373233,0.0002570049626766657,83,83,84,35,48,24,59,1,83,
13,0,250,RL_adaptive,1.7469329324267693,4.316370300032413,0.9993845123546803,0.0006154876453197122,81,95,74,35,46,29,66,1,73,0.9993845123546803
13,0,500,Z_only,1.7469329324267693,4.316370300032413,0.5876136353099246,0.4123863646900754,500,0,0,206,294,0,0,0,0,
13,0,500,ZX_split,1.7469329324267693,4.316370300032413,0.7091198243747884,0.2908801756252116,250,250,0,102,148,74,176,0,0,
13,0,500,XYZ_split,1.7469329324267693,4.316370300032413,0.9938200577943954,0.006179942205604583,166,166,168,79,87,59,107,6,162,
13,0,500,RL_adaptive,1.7469329324267693,4.316370300032413,0.9902593512846289,0.009740648715371059,139,191,170,70,69,68,123,12,158,0.9902593512846289
13,1,10,Z_only,1.7469329324267693,4.316370300032413,0.4123863646900754,0.5876136353099246,10,0,0,6,4,0,0,0,0,
13,1,10,ZX_split,1.7469329324267693,4.316370300032413,0.6962246793365686,0.3037753206634314,5,5,0,0,5,0,5,0,0,
13,1,10,XYZ_split,1.7469329324267693,4.316370300032413,0.8293137348398565,0.1706862651601435,3,3,4,0,3,2,1,0,4,
13,1,10,RL_adaptive,1.7469329324267693,4.316370300032413,0.9944779885853843,0.005522011414615724,3,3,4,1,2,1,2,0,4,0.9944779885853843
13,1,25,Z_only,1.7469329324267693,4.316370300032413,0.5876136353099246,0.4123863646900754,25,0,0,11,14,0,0,0,0,
13,1,25,ZX_split,1.7469329324267693,4.316370300032413,0.7052368081796216,0.29476319182037836,12,13,0,3,9,2,11,0,0,
13,1,25,XYZ_split,1.7469329324267693,4.316370300032413,0.9618539869707279,0.03814601302927212,8,8,9,3,5,4,4,0,9,
13,1,25,RL_adaptive,1.7469329324267693,4.316370300032413,0.9732664365519762,0.0267335634480238,8,10,7,4,4,1,9,0,7,0.9732664365519762
13,1,50,Z_only,1.7469329324267693,4.316370300032413,0.5876136353099246,0.4123863646900754,50,0,0,18,32,0,0,0,0,
13,1,50,ZX_split,1.7469329324267693,4.316370300032413,0.6816654492893331,0.31833455071066685,25,25,0,9,16,10,15,0,0,
13,1,50,XYZ_split,1.7469329324267693,4.316370300032413,0.9989439561164509,0.0010560438835490737,16,16,18,6,10,5,11,0,18,
13,1,50,RL_adaptive,1.7469329324267693,4.316370300032413,0.998635328365361,0.0013646716346390475,17,18,15,7,10,6,12,0,15,0.998635328365361
13,1,100,Z_only,1.7469329324267693,4.316370300032413,0.5876136353099246,0.4123863646900754,100,0,0,49,51,0,0,0,0,
13,1,100,ZX_split,1.7469329324267693,4.316370300032413,0.7070571950053767,0.29294280499462333,50,50,0,22,28,15,35,0,0,
13,1,100,XYZ_split,1.7469329324267693,4.316370300032413,0.9740546487466089,0.025945351253391147,33,33,34,19,14,10,23,1,33,
13,1,100,RL_adaptive,1.7469329324267693,4.316370300032413,0.988534113502315,0.011465886497684985,31,38,31,16,15,13,25,3,28,0.988534113502315
13,1,250,Z_only,1.7469329324267693,4.316370300032413,0.5876136353099246,0.4123863646900754,250,0,0,107,143,0,0,0,0,
13,1,250,ZX_split,1.7469329324267693,4.316370300032413,0.7049513607048393,0.2950486392951607,125,125,0,56,69,35,90,0,0,
13,1,250,XYZ_split,1.7469329324267693,4.316370300032413,0.9987826839555841,0.0012173160444158837,83,83,84,31,52,25,58,3,81,
13,1,250,RL_adaptive,1.7469329324267693,4.316370300032413,0.9983246074781563,0.0016753925218436772,83,94,73,31,52,30,64,4,69,0.9983246074781563
13,1,500,Z_only,1.7469329324267693,4.316370300032413,0.5876136353099246,0.4123863646900754,500,0,0,206,294,0,0,0,0,
13,1,500,ZX_split,1.7469329324267693,4.316370300032413,0.708594009344238,0.291405990655762,250,250,0,105,145,72,178,0,0,
13,1,500,XYZ_split,1.7469329324267693,4.316370300032413,0.9995693592869382,0.00043064071306175844,166,166,168,70,96,55,111,8,160,
13,1,500,RL_adaptive,1.7469329324267693,4.316370300032413,0.9963395313905937,0.0036604686094062755,136,196,168,49,87,50,146,6,162,0.9963395313905937
13,2,10,Z_only,1.7469329324267693,4.316370300032413,0.4123863646900754,0.5876136353099246,10,0,0,5,5,0,0,0,0,
13,2,10,ZX_split,1.7469329324267693,4.316370300032413,0.5230691122947525,0.4769308877052475,5,5,0,1,4,3,2,0,0,
13,2,10,XYZ_split,1.7469329324267693,4.316370300032413,0.9633688269329423,0.036631173067057654,3,3,4,1,2,0,3,0,4,
13,2,10,RL_adaptive,1.7469329324267693,4.316370300032413,0.9416449786141018,0.05835502138589821,3,3,4,2,1,1,2,0,4,0.9416449786141018
13,2,25,Z_only,1.7469329324267693,4.316370300032413,0.5876136353099246,0.4123863646900754,25,0,0,11,14,0,0,0,0,
13,2,25,ZX_split,1.7469329324267693,4.316370300032413,0.6898899674801621,0.31011003251983793,12,13,0,6,6,4,9,0,0,
13,2,25,XYZ_split,1.7469329324267693,4.316370300032413,0.9591884227709221,0.04081157722907791,8,8,9,3,5,4,4,1,8,
13,2,25,RL_adaptive,1.7469329324267693,4.316370300032413,0.9249353995841794,0.07506460041582064,7,10,8,5,2,3,7,0,8,0.9249353995841794
13,2,50,Z_only,1.7469329324267693,4.316370300032413,0.5876136353099246,0.4123863646900754,50,0,0,20,30,0,0,0,0,
13,2,50,ZX_split,1.7469329324267693,4.316370300032413,0.6062554930336721,0.3937445069663279,25,25,0,17,8,6,19,0,0,
13,2,50,XYZ_split,1.7469329324267693,4.316370300032413,0.9584115185301137,0.04158848146988625,16,16,18,9,7,3,13,2,16,
13,2,50,RL_adaptive,1.7469329324267693,4.316370300032413,0.9971076707751281,0.0028923292248719257,17,18,15,8,9,6,12,2,13,0.9971076707751281
13,2,100,Z_only,1.7469329324267693,4.316370300032413,0.5876136353099246,0.4123863646900754,100,0,0,44,56,0,0,0,0,
13,2,100,ZX_split,1.7469329324267693,4.316370300032413,0.6976654622408139,0.30233453775918606,50,50,0,24,26,15,35,0,0,
13,2,100,XYZ_split,1.7469329324267693,4.316370300032413,0.9950726634954276,0.004927336504572444,33,33,34,15,18,12,21,1,33,
13,2,100,RL_adaptive,1.7469329324267693,4.316370300032413,0.9996664596224615,0.0003335403775385215,30,39,31,12,18,12,27,2,29,0.9996664596224615
13,2,250,Z_only,1.7469329324267693,4.316370300032413,0.5876136353099246,0.4123863646900754,250,0,0,103,147,0,0,0,0,
13,2,250,ZX_split,1.7469329324267693,4.316370300032413,0.7044694728216652,0.29553052717833483,125,125,0,57,68,38,87,0,0,
13,2,250,XYZ_split,1.7469329324267693,4.316370300032413,0.9948926234124367,0.005107376587563328,83,83,84,40,43,25,58,6,78,
13,2,250,RL_adaptive,1.7469329324267693,4.316370300032413,0.991531495570966,0.008468504429034018,83,95,72,26,57,26,69,3,69,0.991531495570966
13,2,500,Z_only,1.7469329324267693,4.316370300032413,0.5876136353099246,0.4123863646900754,500,0,0,220,280,0,0,0,0,
13,2,500,ZX_split,1.7469329324267693,4.316370300032413,0.7074896181828237,0.29251038181717626,250,250,0,112,138,84,166,0,0,
13,2,500,XYZ_split,1.7469329324267693,4.316370300032413,0.9990238712154789,0.0009761287845211353,166,166,168,64,102,49,117,9,159,
13,2,500,RL_adaptive,1.7469329324267693,4.316370300032413,0.9995861051102359,0.00041389488976406597,137,193,170,56,81,65,128,11,159,0.9995861051102359
13,3,10,Z_only,1.7469329324267693,4.316370300032413,0.5876136353099246,0.4123863646900754,10,0,0,2,8,0,0,0,0,
13,3,10,ZX_split,1.7469329324267693,4.316370300032413,0.6690199850762356,0.3309800149237644,5,5,0,3,2,0,5,0,0,
13,3,10,XYZ_split,1.7469329324267693,4.316370300032413,0.8799700297518411,0.12002997024815887,3,3,4,1,2,2,1,0,4,
13,3,10,RL_adaptive,1.7469329324267693,4.316370300032413,0.9944779885853843,0.005522011414615724,3,3,4,1,2,1,2,0,4,0.9944779885853843
13,3,25,Z_only,1.7469329324267693,4.316370300032413,0.5876136353099246,0.4123863646900754,25,0,0,6,19,0,0,0,0,
13,3,25,ZX_split,1.7469329324267693,4.316370300032413,0.6026428964557711,0.39735710354422893,12,13,0,7,5,5,8,0,0,
13,3,25,XYZ_split,1.7469329324267693,4.316370300032413,0.9761026374500652,0.023897362549934797,8,8,9,2,6,3,5,0,9,
13,3,25,RL_adaptive,1.7469329324267693,4.316370300032413,0.9478470179183893,0.05215298208161068,8,10,7,5,3,4,6,0,7,0.9478470179183893
13,3,50,Z_only,1.7469329324267693,4.316370300032413,0.4123863646900754,0.5876136353099246,50,0,0,25,25,0,0,0,0,
13,3,50,ZX_split,1.7469329324267693,4.316370300032413,0.7087302375273343,0.29126976247266567,25,25,0,9,16,6,19,0,0,
13,3,50,XYZ_split,1.7469329324267693,4.316370300032413,0.9990477480398605,0.000952251960139483,16,16,18,7,9,5,11,2,16,
13,3,50,RL_adaptive,1.7469329324267693,4.316370300032413,0.9761580147611116,0.023841985238888364,17,18,15,6,11,8,10,2,13,0.9761580147611116
13,3,100,Z_only,1.7469329324267693,4.316370300032413,0.5876136353099246,0.4123863646900754,100,0,0,43,57,0,0,0,0,
13,3,100,ZX_split,1.7469329324267693,4.316370300032413,0.6962246793365686,0.3037753206634314,50,50,0,16,34,16,34,0,0,
13,3,100,XYZ_split,1.7469329324267693,4.316370300032413,0.9724718520530984,0.027528147946901615,33,33,34,15,18,3,30,1,33,
13,3,100,RL_adaptive,1.7469329324267693,4.316370300032413,0.9893035122222748,0.01069648777772525,30,39,31,13,17,16,23,1,30,0.9893035122222748
13,3,250,Z_only,1.7469329324267693,4.316370300032413,0.5876136353099246,0.4123863646900754,250,0,0,104,146,0,0,0,0,
13,3,250,ZX_split,1.7469329324267693,4.316370300032413,0.7028125010755574,0.29718749892444263,125,125,0,50,75,47,78,0,0,
13,3,250,XYZ_split,1.7469329324267693,4.316370300032413,0.9989163102847323,0.0010836897152677327,83,83,84,34,49,28,55,2,82,
13,3,250,RL_adaptive,1.7469329324267693,4.316370300032413,0.9998325034452101,0.0001674965547898699,81,96,73,32,49,29,67,2,71,0.9998325034452101
13,3,500,Z_only,1.7469329324267693,4.316370300032413,0.5876136353099246,0.4123863646900754,500,0,0,210,290,0,0,0,0,
13,3,500,ZX_split,1.7469329324267693,4.316370300032413,0.7088638610395713,0.29113613896042867,250,250,0,103,147,83,167,0,0,
13,3,500,XYZ_split,1.7469329324267693,4.316370300032413,0.9967701919343,0.003229808065699946,166,166,168,61,105,43,123,7,161,
13,3,500,RL_adaptive,1.7469329324267693,4.316370300032413,0.9986450304528945,0.0013549695471054557,137,193,170,52,85,60,133,11,159,0.9986450304528945
13,4,10,Z_only,1.7469329324267693,4.316370300032413,0.5876136353099246,0.4123863646900754,10,0,0,4,6,0,0,0,0,
13,4,10,ZX_split,1.7469329324267693,4.316370300032413,0.6524395764491139,0.3475604235508861,5,5,0,3,2,1,4,0,0,
13,4,10,XYZ_split,1.7469329324267693,4.316370300032413,0.9944779885853843,0.005522011414615724,3,3,4,1,2,1,2,0,4,
13,4,10,RL_adaptive,1.7469329324267693,4.316370300032413,0.8293137348398565,0.1706862651601435,2,3,5,0,2,2,1,0,5,0.8293137348398565
13,4,25,Z_only,1.7469329324267693,4.316370300032413,0.5876136353099246,0.4123863646900754,25,0,0,12,13,0,0,0,0,
13,4,25,ZX_split,1.7469329324267693,4.316370300032413,0.7090704408887466,0.2909295591112534,12,13,0,5,7,4,9,0,0,
13,4,25,XYZ_split,1.7469329324267693,4.316370300032413,0.9601834375708552,0.039816562429144775,8,8,9,5,3,2,6,0,9,
13,4,25,RL_adaptive,1.7469329324267693,4.316370300032413,0.9825856974363928,0.01741430256360721,8,10,7,4,4,4,6,0,7,0.9825856974363928
13,4,50,Z_only,1.7469329324267693,4.316370300032413,0.5876136353099246,0.4123863646900754,50,0,0,18,32,0,0,0,0,
13,4,50,ZX_split,1.7469329324267693,4.316370300032413,0.7022264828262573,0.2977735171737427,25,25,0,11,14,4,21,0,0,
13,4,50,XYZ_split,1.7469329324267693,4.316370300032413,0.9837158160836257,0.016284183916374317,16,16,18,7,9,7,9,1,17,
13,4,50,RL_adaptive,1.7469329324267693,4.316370300032413,0.9533151035799535,0.04668489642004647,17,18,15,5,12,9,9,0,15,0.9533151035799535
13,4,100,Z_only,1.7469329324267693,4.316370300032413,0.5876136353099246,0.4123863646900754,100,0,0,47,53,0,0,0,0,
13,4,100,ZX_split,1.7469329324267693,4.316370300032413,0.7088472959138852,0.2911527040861148,50,50,0,21,29,15,35,0,0,
13,4,100,XYZ_split,1.7469329324267693,4.316370300032413,0.9880001325853492,0.011999867414650756,33,33,34,11,22,7,26,2,32,
13,4,100,RL_adaptive,1.7469329324267693,4.316370300032413,0.9934005831717568,0.006599416828243165,30,38,32,10,20,11,27,2,30,0.9934005831717568
13,4,250,Z_only,1.7469329324267693,4.316370300032413,0.5876136353099246,0.4123863646900754,250,0,0,102,148,0,0,0,0,
13,4,250,ZX_split,1.7469329324267693,4.316370300032413,0.6880547159570154,0.3119452840429846,125,125,0,46,79,49,76,0,0,
13,4,250,XYZ_split,1.7469329324267693,4.316370300032413,0.9987722673755649,0.0012277326244350961,83,83,84,37,46,25,58,5,79,
13,4,250,RL_adaptive,1.7469329324267693,4.316370300032413,0.9840195836767709,0.015980416323229107,86,91,73,25,61,32,59,4,69,0.9840195836767709
13,4,500,Z_only,1.7469329324267693,4.316370300032413,0.5876136353099246,0.4123863646900754,500,0,0,212,288,0,0,0,0,
13,4,500,ZX_split,1.7469329324267693,4.316370300032413,0.702446991196815,0.297553008803185,250,250,0,89,161,81,169,0,0,
13,4,500,XYZ_split,1.7469329324267693,4.316370300032413,0.999966751211062,3.324878893795624e-05,166,166,168,69,97,53,113,9,159,
13,4,500,RL_adaptive,1.7469329324267693,4.316370300032413,0.9964748416496546,0.003525158350345392,136,196,168,47,89,62,134,3,165,0.9964748416496546
14,0,10,Z_only,2.1735448049507475,3.9526191083858375,0.7834543773786398,0.21654562262136023,10,0,0,4,6,0,0,0,0,
14,0,10,ZX_split,2.1735448049507475,3.9526191083858375,0.8890181162455205,0.11098188375447948,5,5,0,0,5,1,4,0,0,
14,0,10,XYZ_split,2.1735448049507475,3.9526191083858375,0.9998490407426399,0.00015095925736008375,3,3,4,0,3,0,3,0,4,
14,0,10,RL_adaptive,2.1735448049507475,3.9526191083858375,0.9656930890644617,0.03430691093553828,2,3,5,0,2,1,2,0,5,0.9656930890644617
14,0,25,Z_only,2.1735448049507475,3.9526191083858375,0.7834543773786398,0.21654562262136023,25,0,0,4,21,0,0,0,0,
14,0,25,ZX_split,2.1735448049507475,3.9526191083858375,0.8904103826816525,0.10958961731834749,12,13,0,4,8,3,10,0,0,
14,0,25,XYZ_split,2.1735448049507475,3.9526191083858375,0.9998490407426399,0.00015095925736008375,8,8,9,0,8,0,8,0,9,
14,0,25,RL_adaptive,2.1735448049507475,3.9526191083858375,0.9825723082948591,0.017427691705140913,9,9,7,2,7,2,7,0,7,0.9825723082948591
14,0,50,Z_only,2.1735448049507475,3.9526191083858375,0.7834543773786398,0.21654562262136023,50,0,0,8,42,0,0,0,0,
14,0,50,ZX_split,2.1735448049507475,3.9526191083858375,0.8702483724823572,0.1297516275176428,25,25,0,9,16,4,21,0,0,
14,0,50,XYZ_split,2.1735448049507475,3.9526191083858375,0.9983371352164377,0.0016628647835622568,16,16,18,3,13,3,13,2,16,
14,0,50,RL_adaptive,2.1735448049507475,3.9526191083858375,0.9997076252788597,0.0002923747211402983,17,18,15,5,12,5,13,4,11,0.9997076252788597
14,0,100,Z_only,2.1735448049507475,3.9526191083858375,0.7834543773786398,0.21654562262136023,100,0,0,20,80,0,0,0,0,
14,0,100,ZX_split,2.1735448049507475,3.9526191083858375,0.8829621757400297,0.11703782425997034,50,50,0,6,44,15,35,0,0,
14,0,100,XYZ_split,2.1735448049507475,3.9526191083858375,0.9246827819762794,0.0753172180237206,33,33,34,13,20,3,30,12,22,
14,0,100,RL_adaptive,2.1735448049507475,3.9526191083858375,0.9940197648309582,0.005980235169041781,29,39,32,8,21,8,31,9,23,0.9940197648309582
14,0,250,Z_only,2.1735448049507475,3.9526191083858375,0.7834543773786398,0.21654562262136023,250,0,0,48,202,0,0,0,0,
14,0,250,ZX_split,2.1735448049507475,3.9526191083858375,0.8899198902418007,0.11008010975819926,125,125,0,16,109,34,91,0,0,
14,0,250,XYZ_split,2.1735448049507475,3.9526191083858375,0.9992729306692927,0.0007270693307073195,83,83,84,17,66,20,63,18,66,
14,0,250,RL_adaptive,2.1735448049507475,3.9526191083858375,0.999261255872274,0.0007387441277260098,84,94,72,22,62,25,69,16,56,0.999261255872274
14,0,500,Z_only,2.1735448049507475,3.9526191083858375,0.7834543773786398,0.21654562262136023,500,0,0,113,387,0,0,0,0,
14,0,500,ZX_split,2.1735448049507475,3.9526191083858375,0.9010210030551001,0.09897899694489987,250,250,0,55,195,56,194,0,0,
14,0,500,XYZ_split,2.1735448049507475,3.9526191083858375,0.9978246191315078,0.002175380868492227,166,166,168,30,136,35,131,39,129,
14,0,500,RL_adaptive,2.1735448049507475,3.9526191083858375,0.9969387765509228,0.0030612234490772217,134,191,175,37,97,49,142,34,141,0.9969387765509228
14,1,10,Z_only,2.1735448049507475,3.9526191083858375,0.7834543773786398,0.21654562262136023,10,0,0,4,6,0,0,0,0,
14,1,10,ZX_split,2.1735448049507475,3.9526191083858375,0.9010325862520654,0.09896741374793461,5,5,0,1,4,1,4,0,0,
14,1,10,XYZ_split,2.1735448049507475,3.9526191083858375,0.9521302088316543,0.047869791168345666,3,3,4,1,2,0,3,1,3,
14,1,10,RL_adaptive,2.1735448049507475,3.9526191083858375,0.9656930890644617,0.03430691093553828,2,3,5,0,2,1,2,0,5,0.9656930890644617
14,1,25,Z_only,2.1735448049507475,3.9526191083858375,0.7834543773786398,0.21654562262136023,25,0,0,7,18,0,0,0,0,
14,1,25,ZX_split,2.1735448049507475,3.9526191083858375,0.8141039787694833,0.18589602123051674,12,13,0,2,10,6,7,0,0,
14,1,25,XYZ_split,2.1735448049507475,3.9526191083858375,0.9907257264299247,0.009274273570075264,8,8,9,2,6,2,6,1,8,
14,1,25,RL_adaptive,2.1735448049507475,3.9526191083858375,0.9704836331263642,0.02951636687363579,8,10,7,3,5,2,8,1,6,0.9704836331263642
14,1,50,Z_only,2.1735448049507475,3.9526191083858375,0.7834543773786398,0.21654562262136023,50,0,0,13,37,0,0,0,0,
14,1,50,ZX_split,2.1735448049507475,3.9526191083858375,0.8983053334781702,0.10169466652182979,25,25,0,5,20,3,22,0,0,
14,1,50,XYZ_split,2.1735448049507475,3.9526191083858375,0.9464647833710177,0.05353521662898231,16,16,18,2,14,6,10,6,12,
14,1,50,RL_adaptive,2.1735448049507475,3.9526191083858375,0.9890305027956532,0.010969497204346812,17,18,15,5,12,3,15,2,13,0.9890305027956532
14,1,100,Z_only,2.1735448049507475,3.9526191083858375,0.7834543773786398,0.21654562262136023,100,0,0,21,79,0,0,0,0,
14,1,100,ZX_split,2.1735448049507475,3.9526191083858375,0.9002411545685101,0.09975884543148994,50,50,0,8,42,10,40,0,0,
14,1,100,XYZ_split,2.1735448049507475,3.9526191083858375,0.9992712747946513,0.0007287252053487236,33,33,34,5,28,6,27,6,28,
14,1,100,RL_adaptive,2.1735448049507475,3.9526191083858375,0.9967961858274177,0.003203814172582309,29,39,32,5,24,9,30,4,28,0.9967961858274177
14,1,250,Z_only,2.1735448049507475,3.9526191083858375,0.7834543773786398,0.21654562262136023,250,0,0,58,192,0,0,0,0,
14,1,250,ZX_split,2.1735448049507475,3.9526191083858375,0.9009974842965942,0.09900251570340579,125,125,0,23,102,24,101,0,0,
14,1,250,XYZ_split,2.1735448049507475,3.9526191083858375,0.9992000530096734,0.0007999469903265943,83,83,84,15,68,16,67,11,73,
14,1,250,RL_adaptive,2.1735448049507475,3.9526191083858375,0.9998325768969533,0.0001674231030467377,84,97,69,16,68,18,79,13,56,0.9998325768969533
14,1,500,Z_only,2.1735448049507475,3.9526191083858375,0.7834543773786398,0.21654562262136023,500,0,0,110,390,0,0,0,0,
14,1,500,ZX_split,2.1735448049507475,3.9526191083858375,0.9010325862520654,0.09896741374793461,250,250,0,48,202,48,202,0,0,
14,1,500,XYZ_split,2.1735448049507475,3.9526191083858375,0.99948536838028,0.0005146316197199852,166,166,168,31,135,35,131,27,141,
14,1,500,RL_adaptive,2.1735448049507475,3.9526191083858375,0.998134917420261,0.0018650825797390524,134,192,174,34,100,39,153,32,142,0.998134917420261
14,2,10,Z_only,2.1735448049507475,3.9526191083858375,0.7834543773786398,0.21654562262136023,10,0,0,4,6,0,0,0,0,
14,2,10,ZX_split,2.1735448049507475,3.9526191083858375,0.8586195138627153,0.1413804861372847,5,5,0,1,4,2,3,0,0,
14,2,10,XYZ_split,2.1735448049507475,3.9526191083858375,0.9658018172901068,0.034198182709893166,3,3,4,1,2,0,3,0,4,
14,2,10,RL_adaptive,2.1735448049507475,3.9526191083858375,0.9656930890644617,0.03430691093553828,2,3,5,0,2,1,2,0,5,0.9656930890644617
14,2,25,Z_only,2.1735448049507475,3.9526191083858375,0.7834543773786398,0.21654562262136023,25,0,0,5,20,0,0,0,0,
14,2,25,ZX_split,2.1735448049507475,3.9526191083858375,0.8232955913021348,0.1767044086978652,12,13,0,3,9,6,7,0,0,
14,2,25,XYZ_split,2.1735448049507475,3.9526191083858375,0.9952993740794598,0.0047006259205402134,8,8,9,0,8,0,8,1,8,
14,2,25,RL_adaptive,2.1735448049507475,3.9526191083858375,0.8484556985051827,0.15154430149481735,8,10,7,4,4,4,6,0,7,0.8484556985051827
14,2,50,Z_only,2.1735448049507475,3.9526191083858375,0.7834543773786398,0.21654562262136023,50,0,0,14,36,0,0,0,0,
14,2,50,ZX_split,2.1735448049507475,3.9526191083858375,0.9000015038137973,0.09999849618620271,25,25,0,5,20,6,19,0,0,
14,2,50,XYZ_split,2.1735448049507475,3.9526191083858375,0.9896528427750952,0.010347157224904757,16,16,18,2,14,4,12,1,17,
14,2,50,RL_adaptive,2.1735448049507475,3.9526191083858375,0.9856705700651863,0.014329429934813676,17,18,15,4,13,2,16,4,11,0.9856705700651863
14,2,100,Z_only,2.1735448049507475,3.9526191083858375,0.7834543773786398,0.21654562262136023,100,0,0,21,79,0,0,0,0,
14,2,100,ZX_split,2.1735448049507475,3.9526191083858375,0.8945938688862135,0.1054061311137865,50,50,0,16,34,12,38,0,0,
14,2,100,XYZ_split,2.1735448049507475,3.9526191083858375,0.9904721814711738,0.009527818528826226,33,33,34,12,21,9,24,10,24,
14,2,100,RL_adaptive,2.1735448049507475,3.9526191083858375,0.9827530894289722,0.017246910571027785,29,39,32,6,23,10,29,11,21,0.9827530894289722
14,2,250,Z_only,2.1735448049507475,3.9526191083858375,0.7834543773786398,0.21654562262136023,250,0,0,57,193,0,0,0,0,
14,2,250,ZX_split,2.1735448049507475,3.9526191083858375,0.9008998918023362,0.0991001081976638,125,125,0,22,103,24,101,0,0,
14,2,250,XYZ_split,2.1735448049507475,3.9526191083858375,0.9787826449067972,0.021217355093202772,83,83,84,8,75,18,65,25,59,
14,2,250,RL_adaptive,2.1735448049507475,3.9526191083858375,0.9900112158163189,0.009988784183681099,88,91,71,16,72,28,63,13,58,0.9900112158163189
14,2,500,Z_only,2.1735448049507475,3.9526191083858375,0.7834543773786398,0.21654562262136023,500,0,0,102,398,0,0,0,0,
14,2,500,ZX_split,2.1735448049507475,3.9526191083858375,0.9005580067108555,0.09944199328914449,250,250,0,49,201,56,194,0,0,
14,2,500,XYZ_split,2.1735448049507475,3.9526191083858375,0.9990868651851138,0.0009131348148861962,166,166,168,40,126,33,133,35,133,
14,2,500,RL_adaptive,2.1735448049507475,3.9526191083858375,0.9994329066109106,0.0005670933890894458,133,193,174,31,102,39,154,33,141,0.9994329066109106
14,3,10,Z_only,2.1735448049507475,3.9526191083858375,0.7834543773786398,0.21654562262136023,10,0,0,4,6,0,0,0,0,
14,3,10,ZX_split,2.1735448049507475,3.9526191083858375,0.8587693853790175,0.14123061462098252,5,5,0,2,3,1,4,0,0,
14,3,10,XYZ_split,2.1735448049507475,3.9526191083858375,0.9521302088316543,0.047869791168345666,3,3,4,1,2,0,3,1,3,
14,3,10,RL_adaptive,2.1735448049507475,3.9526191083858375,0.9658018172901068,0.034198182709893166,3,3,4,1,2,0,3,0,4,0.9658018172901068
14,3,25,Z_only,2.1735448049507475,3.9526191083858375,0.7834543773786398,0.21654562262136023,25,0,0,4,21,0,0,0,0,
14,3,25,ZX_split,2.1735448049507475,3.9526191083858375,0.8785733117049891,0.12142668829501091,12,13,0,4,8,2,11,0,0,
14,3,25,XYZ_split,2.1735448049507475,3.9526191083858375,0.9378051166747681,0.06219488332523193,8,8,9,3,5,3,5,1,8,
14,3,25,RL_adaptive,2.1735448049507475,3.9526191083858375,0.9933153326061981,0.006684667393801913,9,9,7,1,8,0,9,1,6,0.9933153326061981
14,3,50,Z_only,2.1735448049507475,3.9526191083858375,0.7834543773786398,0.21654562262136023,50,0,0,10,40,0,0,0,0,
14,3,50,ZX_split,2.1735448049507475,3.9526191083858375,0.887534871082521,0.11246512891747895,25,25,0,7,18,3,22,0,0,
14,3,50,XYZ_split,2.1735448049507475,3.9526191083858375,0.9118812744590058,0.0881187255409942,16,16,18,8,8,3,13,3,15,
14,3,50,RL_adaptive,2.1735448049507475,3.9526191083858375,0.9884183012706601,0.011581698729339895,17,18,15,2,15,5,13,3,12,0.9884183012706601
14,3,100,Z_only,2.1735448049507475,3.9526191083858375,0.7834543773786398,0.21654562262136023,100,0,0,26,74,0,0,0,0,
14,3,100,ZX_split,2.1735448049507475,3.9526191083858375,0.8970257024692551,0.10297429753074494,50,50,0,13,37,9,41,0,0,
14,3,100,XYZ_split,2.1735448049507475,3.9526191083858375,0.9798295565867475,0.02017044341325247,33,33,34,5,28,6,27,11,23,
14,3,100,RL_adaptive,2.1735448049507475,3.9526191083858375,0.9867977031896195,0.013202296810380543,29,39,32,6,23,5,34,9,23,0.9867977031896195
14,3,250,Z_only,2.1735448049507475,3.9526191083858375,0.7834543773786398,0.21654562262136023,250,0,0,52,198,0,0,0,0,
14,3,250,ZX_split,2.1735448049507475,3.9526191083858375,0.8984920779013885,0.10150792209861148,125,125,0,23,102,31,94,0,0,
14,3,250,XYZ_split,2.1735448049507475,3.9526191083858375,0.9993946905682266,0.0006053094317733931,83,83,84,22,61,22,61,19,65,
14,3,250,RL_adaptive,2.1735448049507475,3.9526191083858375,0.9982739494949597,0.0017260505050402664,86,93,71,18,68,24,69,17,54,0.9982739494949597
14,3,500,Z_only,2.1735448049507475,3.9526191083858375,0.7834543773786398,0.21654562262136023,500,0,0,107,393,0,0,0,0,
14,3,500,ZX_split,2.1735448049507475,3.9526191083858375,0.8974925430314962,0.10250745696850383,250,250,0,57,193,73,177,0,0,
14,3,500,XYZ_split,2.1735448049507475,3.9526191083858375,0.9977528467174519,0.0022471532825480978,166,166,168,28,138,36,130,37,131,
14,3,500,RL_adaptive,2.1735448049507475,3.9526191083858375,0.9933251176800685,0.006674882319931519,132,193,175,17,115,48,145,35,140,0.9933251176800685
14,4,10,Z_only,2.1735448049507475,3.9526191083858375,0.7834543773786398,0.21654562262136023,10,0,0,4,6,0,0,0,0,
14,4,10,ZX_split,2.1735448049507475,3.9526191083858375,0.9010325862520654,0.09896741374793461,5,5,0,0,5,0,5,0,0,
14,4,10,XYZ_split,2.1735448049507475,3.9526191083858375,0.8357440292798194,0.1642559707201806,3,3,4,2,1,0,3,0,4,
14,4,10,RL_adaptive,2.1735448049507475,3.9526191083858375,0.9388963434651788,0.061103656534821194,2,3,5,0,2,0,3,2,3,0.9388963434651788
14,4,25,Z_only,2.1735448049507475,3.9526191083858375,0.7834543773786398,0.21654562262136023,25,0,0,5,20,0,0,0,0,
14,4,25,ZX_split,2.1735448049507475,3.9526191083858375,0.8987646319279902,0.10123536807200983,12,13,0,2,10,3,10,0,0,
14,4,25,XYZ_split,2.1735448049507475,3.9526191083858375,0.9914203296841195,0.008579670315880472,8,8,9,1,7,2,6,2,7,
14,4,25,RL_adaptive,2.1735448049507475,3.9526191083858375,0.9956063341474763,0.004393665852523654,9,9,7,1,8,2,7,1,6,0.9956063341474763
14,4,50,Z_only,2.1735448049507475,3.9526191083858375,0.7834543773786398,0.21654562262136023,50,0,0,14,36,0,0,0,0,
14,4,50,ZX_split,2.1735448049507475,3.9526191083858375,0.8903336263562998,0.10966637364370024,25,25,0,2,23,6,19,0,0,
14,4,50,XYZ_split,2.1735448049507475,3.9526191083858375,0.9762421203361514,0.02375787966384857,16,16,18,1,15,5,11,3,15,
14,4,50,RL_adaptive,2.1735448049507475,3.9526191083858375,0.9112727423005986,0.08872725769940137,17,18,15,2,15,9,9,2,13,0.9112727423005986
14,4,100,Z_only,2.1735448049507475,3.9526191083858375,0.7834543773786398,0.21654562262136023,100,0,0,33,67,0,0,0,0,
14,4,100,ZX_split,2.1735448049507475,3.9526191083858375,0.8970257024692551,0.10297429753074494,50,50,0,13,37,9,41,0,0,
14,4,100,XYZ_split,2.1735448049507475,3.9526191083858375,0.9910462169240073,0.008953783075992705,33,33,34,8,25,5,28,9,25,
14,4,100,RL_adaptive,2.1735448049507475,3.9526191083858375,0.9993535672254504,0.0006464327745495657,29,39,32,6,23,8,31,5,27,0.9993535672254504
14,4,250,Z_only,2.1735448049507475,3.9526191083858375,0.7834543773786398,0.21654562262136023,250,0,0,60,190,0,0,0,0,
14,4,250,ZX_split,2.1735448049507475,3.9526191083858375,0.8973447315533398,0.10265526844666018,125,125,0,31,94,21,104,0,0,
14,4,250,XYZ_split,2.1735448049507475,3.9526191083858375,0.9979239985494524,0.0020760014505476487,83,83,84,17,66,22,61,18,66,
14,4,250,RL_adaptive,2.1735448049507475,3.9526191083858375,0.9986314801793579,0.0013685198206421223,85,97,68,11,74,18,79,11,57,0.9986314801793579
14,4,500,Z_only,2.1735448049507475,3.9526191083858375,0.7834543773786398,0.21654562262136023,500,0,0,103,397,0,0,0,0,
14,4,500,ZX_split,2.1735448049507475,3.9526191083858375,0.9010325862520654,0.09896741374793461,250,250,0,55,195,55,195,0,0,
14,4,500,XYZ_split,2.1735448049507475,3.9526191083858375,0.9992156951762274,0.0007843048237725636,166,166,168,32,134,37,129,28,140,
14,4,500,RL_adaptive,2.1735448049507475,3.9526191083858375,0.9988991326114586,0.0011008673885414266,134,191,175,29,105,49,142,36,139,0.9988991326114586
15,0,10,Z_only,0.9960052427284548,4.29698385370205,0.7718297290867762,0.22817027091322384,10,0,0,8,2,0,0,0,0,
15,0,10,ZX_split,0.9960052427284548,4.29698385370205,0.5724602851525795,0.4275397148474205,5,5,0,3,2,3,2,0,0,
15,0,10,XYZ_split,0.9960052427284548,4.29698385370205,0.9431816477049401,0.05681835229505994,3,3,4,2,1,0,3,0,4,
15,0,10,RL_adaptive,0.9960052427284548,4.29698385370205,0.9594886401157925,0.04051135988420751,4,3,3,3,1,0,3,0,3,0.9594886401157925
15,0,25,Z_only,0.9960052427284548,4.29698385370205,0.7718297290867762,0.22817027091322384,25,0,0,17,8,0,0,0,0,
15,0,25,ZX_split,0.9960052427284548,4.29698385370205,0.802949668944801,0.19705033105519898,12,13,0,12,0,5,8,0,0,
15,0,25,XYZ_split,0.9960052427284548,4.29698385370205,0.9936467461145256,0.006353253885474364,8,8,9,8,0,2,6,0,9,
15,0,25,RL_adaptive,0.9960052427284548,4.29698385370205,0.9428797322381175,0.057120267761882504,7,10,8,6,1,5,5,2,6,0.9428797322381175
15,0,50,Z_only,0.9960052427284548,4.29698385370205,0.7718297290867762,0.22817027091322384,50,0,0,39,11,0,0,0,0,
15,0,50,ZX_split,0.9960052427284548,4.29698385370205,0.8145061328277806,0.18549386717221938,25,25,0,19,6,10,15,0,0,
15,0,50,XYZ_split,0.9960052427284548,4.29698385370205,0.9786411985236015,0.02135880147639846,16,16,18,10,6,6,10,2,16,
15,0,50,RL_adaptive,0.9960052427284548,4.29698385370205,0.9959143461173219,0.00408565388267812,17,18,15,14,3,5,13,2,13,0.9959143461173219
15,0,100,Z_only,0.9960052427284548,4.29698385370205,0.7718297290867762,0.22817027091322384,100,0,0,80,20,0,0,0,0,
15,0,100,ZX_split,0.9960052427284548,4.29698385370205,0.8020550437696033,0.19794495623039665,50,50,0,37,13,10,40,0,0,
15,0,100,XYZ_split,0.9960052427284548,4.29698385370205,0.9972298805171925,0.002770119482807476,33,33,34,24,9,11,22,3,31,
15,0,100,RL_adaptive,0.9960052427284548,4.29698385370205,0.9958618292865055,0.004138170713494538,33,37,30,24,9,14,23,3,27,0.9958618292865055
15,0,250,Z_only,0.9960052427284548,4.29698385370205,0.7718297290867762,0.22817027091322384,250,0,0,197,53,0,0,0,0,
15,0,250,ZX_split,0.9960052427284548,4.29698385370205,0.8199027285207978,0.18009727147920218,125,125,0,101,24,41,84,0,0,
15,0,250,XYZ_split,0.9960052427284548,4.29698385370205,0.9951087698819766,0.004891230118023393,83,83,84,57,26,27,56,12,72,
15,0,250,RL_adaptive,0.9960052427284548,4.29698385370205,0.9956999559109573,0.0043000440890427205,76,93,81,59,17,37,56,10,71,0.9956999559109573
15,0,500,Z_only,0.9960052427284548,4.29698385370205,0.7718297290867762,0.22817027091322384,500,0,0,401,99,0,0,0,0,
15,0,500,ZX_split,0.9960052427284548,4.29698385370205,0.8193505803362635,0.1806494196637365,250,250,0,192,58,90,160,0,0,
15,0,500,XYZ_split,0.9960052427284548,4.29698385370205,0.9966347253537535,0.0033652746462464744,166,166,168,135,31,57,109,26,142,
15,0,500,RL_adaptive,0.9960052427284548,4.29698385370205,0.9883389152763727,0.011661084723627257,142,188,170,99,43,73,115,11,159,0.9883389152763727
15,1,10,Z_only,0.9960052427284548,4.29698385370205,0.7718297290867762,0.22817027091322384,10,0,0,9,1,0,0,0,0,
15,1,10,ZX_split,0.9960052427284548,4.29698385370205,0.8119650043781437,0.18803499562185633,5,5,0,4,1,1,4,0,0,
15,1,10,XYZ_split,0.9960052427284548,4.29698385370205,0.8782044852535035,0.12179551474649652,3,3,4,2,1,2,1,0,4,
15,1,10,RL_adaptive,0.9960052427284548,4.29698385370205,0.9594886401157925,0.04051135988420751,4,3,3,3,1,0,3,0,3,0.9594886401157925
15,1,25,Z_only,0.9960052427284548,4.29698385370205,0.7718297290867762,0.22817027091322384,25,0,0,18,7,0,0,0,0,
15,1,25,ZX_split,0.9960052427284548,4.29698385370205,0.809069381016677,0.19093061898332297,12,13,0,9,3,3,10,0,0,
15,1,25,XYZ_split,0.9960052427284548,4.29698385370205,0.9643266710720128,0.03567332892798725,8,8,9,5,3,2,6,2,7,
15,1,25,RL_adaptive,0.9960052427284548,4.29698385370205,0.9830349912488112,0.01696500875118878,7,10,8,5,2,4,6,0,8,0.9830349912488112
15,1,50,Z_only,0.9960052427284548,4.29698385370205,0.7718297290867762,0.22817027091322384,50,0,0,40,10,0,0,0,0,
15,1,50,ZX_split,0.9960052427284548,4.29698385370205,0.7958079872679275,0.20419201273207255,25,25,0,15,10,9,16,0,0,
15,1,50,XYZ_split,0.9960052427284548,4.29698385370205,0.9966548102753164,0.0033451897246835616,16,16,18,13,3,6,10,2,16,
15,1,50,RL_adaptive,0.9960052427284548,4.29698385370205,0.9936562361604486,0.006343763839551375,17,18,15,14,3,7,11,2,13,0.9936562361604486
15,1,100,Z_only,0.9960052427284548,4.29698385370205,0.7718297290867762,0.22817027091322384,100,0,0,84,16,0,0,0,0,
15,1,100,ZX_split,0.9960052427284548,4.29698385370205,0.8190770299237669,0.18092297007623315,50,50,0,37,13,16,34,0,0,
15,1,100,XYZ_split,0.9960052427284548,4.29698385370205,0.9989550243394152,0.0010449756605848126,33,33,34,25,8,11,22,6,28,
15,1,100,RL_adaptive,0.9960052427284548,4.29698385370205,0.9845535242413699,0.015446475758630118,32,38,30,20,12,13,25,5,25,0.9845535242413699
15,1,250,Z_only,0.9960052427284548,4.29698385370205,0.7718297290867762,0.22817027091322384,250,0,0,195,55,0,0,0,0,
15,1,250,ZX_split,0.9960052427284548,4.29698385370205,0.8174576235352383,0.18254237646476168,125,125,0,99,26,46,79,0,0,
15,1,250,XYZ_split,0.9960052427284548,4.29698385370205,0.9975989972798123,0.002401002720187728,83,83,84,63,20,23,60,7,77,
15,1,250,RL_adaptive,0.9960052427284548,4.29698385370205,0.9978922148954007,0.0021077851045993024,75,94,81,59,16,34,60,13,68,0.9978922148954007
15,1,500,Z_only,0.9960052427284548,4.29698385370205,0.7718297290867762,0.22817027091322384,500,0,0,391,109,0,0,0,0,
15,1,500,ZX_split,0.9960052427284548,4.29698385370205,0.818695873284711,0.18130412671528895,250,250,0,196,54,90,160,0,0,
15,1,500,XYZ_split,0.9960052427284548,4.29698385370205,0.9982926496264828,0.0017073503735172135,166,166,168,138,28,50,116,18,150,
15,1,500,RL_adaptive,0.9960052427284548,4.29698385370205,0.9919147852630887,0.008085214736911261,141,189,170,99,42,52,137,18,152,0.9919147852630887
15,2,10,Z_only,0.9960052427284548,4.29698385370205,0.7718297290867762,0.22817027091322384,10,0,0,8,2,0,0,0,0,
15,2,10,ZX_split,0.9960052427284548,4.29698385370205,0.8202247098550532,0.17977529014494675,5,5,0,5,0,1,4,0,0,
15,2,10,XYZ_split,0.9960052427284548,4.29698385370205,0.9763993187216382,0.02360068127836179,3,3,4,3,0,0,3,0,4,
15,2,10,RL_adaptive,0.9960052427284548,4.29698385370205,0.8184576141323827,0.18154238586761728,3,3,4,1,2,0,3,0,4,0.8184576141323827
15,2,25,Z_only,0.9960052427284548,4.29698385370205,0.7718297290867762,0.22817027091322384,25,0,0,17,8,0,0,0,0,
15,2,25,ZX_split,0.9960052427284548,4.29698385370205,0.726787320555616,0.273212679444384,12,13,0,8,4,7,6,0,0,
15,2,25,XYZ_split,0.9960052427284548,4.29698385370205,0.9643266710720128,0.03567332892798725,8,8,9,5,3,2,6,2,7,
15,2,25,RL_adaptive,0.9960052427284548,4.29698385370205,0.9501877453411212,0.04981225465887884,8,10,7,5,3,1,9,0,7,0.9501877453411212
15,2,50,Z_only,0.9960052427284548,4.29698385370205,0.7718297290867762,0.22817027091322384,50,0,0,35,15,0,0,0,0,
15,2,50,ZX_split,0.9960052427284548,4.29698385370205,0.8119650043781437,0.18803499562185633,25,25,0,15,10,10,15,0,0,
15,2,50,XYZ_split,0.9960052427284548,4.29698385370205,0.9858301923144698,0.014169807685530222,16,16,18,11,5,4,12,1,17,
15,2,50,RL_adaptive,0.9960052427284548,4.29698385370205,0.991147740208722,0.008852259791278017,17,18,15,13,4,5,13,3,12,0.991147740208722
15,2,100,Z_only,0.9960052427284548,4.29698385370205,0.7718297290867762,0.22817027091322384,100,0,0,79,21,0,0,0,0,
15,2,100,ZX_split,0.9960052427284548,4.29698385370205,0.802949668944801,0.19705033105519898,50,50,0,38,12,22,28,0,0,
15,2,100,XYZ_split,0.9960052427284548,4.29698385370205,0.9876923336467253,0.012307666353274738,33,33,34,28,5,14,19,3,31,
15,2,100,RL_adaptive,0.9960052427284548,4.29698385370205,0.9951680595208212,0.004831940479178787,33,37,30,28,5,11,26,4,26,0.9951680595208212
15,2,250,Z_only,0.9960052427284548,4.29698385370205,0.7718297290867762,0.22817027091322384,250,0,0,187,63,0,0,0,0,
15,2,250,ZX_split,0.9960052427284548,4.29698385370205,0.8196295909886456,0.18037040901135437,125,125,0,95,30,45,80,0,0,
15,2,250,XYZ_split,0.9960052427284548,4.29698385370205,0.9996321286783854,0.0003678713216146434,83,83,84,62,21,27,56,12,72,
15,2,250,RL_adaptive,0.9960052427284548,4.29698385370205,0.9978176174384589,0.0021823825615411296,74,96,80,56,18,33,63,5,75,0.9978176174384589
15,2,500,Z_only,0.9960052427284548,4.29698385370205,0.7718297290867762,0.22817027091322384,500,0,0,380,120,0,0,0,0,
15,2,500,ZX_split,0.9960052427284548,4.29698385370205,0.8201562239936157,0.17984377600638435,250,250,0,200,50,81,169,0,0,
15,2,500,XYZ_split,0.9960052427284548,4.29698385370205,0.9976140085054259,0.00238599149457408,166,166,168,129,37,63,103,19,149,
15,2,500,RL_adaptive,0.9960052427284548,4.29698385370205,0.9993362476128953,0.0006637523871046991,143,187,170,116,27,63,124,16,154,0.9993362476128953
15,3,10,Z_only,0.9960052427284548,4.29698385370205,0.7718297290867762,0.22817027091322384,10,0,0,8,2,0,0,0,0,
15,3,10,ZX_split,0.9960052427284548,4.29698385370205,0.7043254405861843,0.2956745594138157,5,5,0,4,1,3,2,0,0,
15,3,10,XYZ_split,0.9960052427284548,4.29698385370205,0.9124944975963165,0.08750550240368349,3,3,4,3,0,2,1,0,4,
15,3,10,RL_adaptive,0.9960052427284548,4.29698385370205,0.8164101464460564,0.18358985355394364,3,3,4,1,2,1,2,0,4,0.8164101464460564
15,3,25,Z_only,0.9960052427284548,4.29698385370205,0.7718297290867762,0.22817027091322384,25,0,0,18,7,0,0,0,0,
15,3,25,ZX_split,0.9960052427284548,4.29698385370205,0.7944205177580059,0.20557948224199407,12,13,0,9,3,6,7,0,0,
15,3,25,XYZ_split,0.9960052427284548,4.29698385370205,0.9650800322217393,0.034919967778260674,8,8,9,7,1,4,4,1,8,
15,3,25,RL_adaptive,0.9960052427284548,4.29698385370205,0.9177514664074257,0.08224853359257434,8,9,8,5,3,5,4,0,8,0.9177514664074257
15,3,50,Z_only,0.9960052427284548,4.29698385370205,0.7718297290867762,0.22817027091322384,50,0,0,39,11,0,0,0,0,
15,3,50,ZX_split,0.9960052427284548,4.29698385370205,0.8201017962957892,0.17989820370421084,25,25,0,22,3,7,18,0,0,
15,3,50,XYZ_split,0.9960052427284548,4.29698385370205,0.993959050997378,0.006040949002621976,16,16,18,12,4,4,12,2,16,
15,3,50,RL_adaptive,0.9960052427284548,4.29698385370205,0.9897164745936597,0.010283525406340255,17,18,15,12,5,5,13,3,12,0.9897164745936597
15,3,100,Z_only,0.9960052427284548,4.29698385370205,0.7718297290867762,0.22817027091322384,100,0,0,74,26,0,0,0,0,
15,3,100,ZX_split,0.9960052427284548,4.29698385370205,0.8166035571141412,0.18339644288585877,50,50,0,39,11,13,37,0,0,
15,3,100,XYZ_split,0.9960052427284548,4.29698385370205,0.981454942751425,0.018545057248575025,33,33,34,21,12,10,23,4,30,
15,3,100,RL_adaptive,0.9960052427284548,4.29698385370205,0.9841662740237662,0.01583372597623378,34,37,29,30,4,16,21,2,27,0.9841662740237662
15,3,250,Z_only,0.9960052427284548,4.29698385370205,0.7718297290867762,0.22817027091322384,250,0,0,199,51,0,0,0,0,
15,3,250,ZX_split,0.9960052427284548,4.29698385370205,0.8171305485696623,0.18286945143033773,125,125,0,102,23,45,80,0,0,
15,3,250,XYZ_split,0.9960052427284548,4.29698385370205,0.9983013396991985,0.0016986603008014578,83,83,84,68,15,28,55,10,74,
15,3,250,RL_adaptive,0.9960052427284548,4.29698385370205,0.9970594218095583,0.0029405781904416894,71,100,79,56,15,26,74,8,71,0.9970594218095583
15,3,500,Z_only,0.9960052427284548,4.29698385370205,0.7718297290867762,0.22817027091322384,500,0,0,392,108,0,0,0,0,
15,3,500,ZX_split,0.9960052427284548,4.29698385370205,0.8192752763976455,0.18072472360235448,250,250,0,206,44,83,167,0,0,
15,3,500,XYZ_split,0.9960052427284548,4.29698385370205,0.9923970843181714,0.0076029156818285815,166,166,168,114,52,50,116,20,148,
15,3,500,RL_adaptive,0.9960052427284548,4.29698385370205,0.995750704689857,0.004249295310142953,142,184,174,105,37,56,128,34,140,0.995750704689857
15,4,10,Z_only,0.9960052427284548,4.29698385370205,0.7718297290867762,0.22817027091322384,10,0,0,8,2,0,0,0,0,
15,4,10,ZX_split,0.9960052427284548,4.29698385370205,0.7333376507329686,0.26666234926703136,5,5,0,5,0,3,2,0,0,
15,4,10,XYZ_split,0.9960052427284548,4.29698385370205,0.8290812345871714,0.17091876541282858,3,3,4,2,1,2,1,1,3,
15,4,10,RL_adaptive,0.9960052427284548,4.29698385370205,0.8119650043781437,0.18803499562185633,3,3,4,2,1,1,2,2,2,0.8119650043781437
15,4,25,Z_only,0.9960052427284548,4.29698385370205,0.7718297290867762,0.22817027091322384,25,0,0,19,6,0,0,0,0,
15,4,25,ZX_split,0.9960052427284548,4.29698385370205,0.802949668944801,0.19705033105519898,12,13,0,8,4,6,7,0,0,
15,4,25,XYZ_split,0.9960052427284548,4.29698385370205,0.9475182905645169,0.05248170943548314,8,8,9,8,0,1,7,2,7,
15,4,25,RL_adaptive,0.9960052427284548,4.29698385370205,0.999757856443698,0.00024214355630203244,7,10,8,6,1,3,7,0,8,0.999757856443698
15,4,50,Z_only,0.9960052427284548,4.29698385370205,0.7718297290867762,0.22817027091322384,50,0,0,39,11,0,0,0,0,
15,4,50,ZX_split,0.9960052427284548,4.29698385370205,0.811435207210257,0.18856479278974303,25,25,0,14,11,12,13,0,0,
15,4,50,XYZ_split,0.9960052427284548,4.29698385370205,0.9991358093417229,0.0008641906582771419,16,16,18,13,3,5,11,2,16,
15,4,50,RL_adaptive,0.9960052427284548,4.29698385370205,0.9508739412303429,0.049126058769657144,17,18,15,15,2,9,9,3,12,0.9508739412303429
15,4,100,Z_only,0.9960052427284548,4.29698385370205,0.7718297290867762,0.22817027091322384,100,0,0,80,20,0,0,0,0,
15,4,100,ZX_split,0.9960052427284548,4.29698385370205,0.8190770299237669,0.18092297007623315,50,50,0,41,9,13,37,0,0,
15,4,100,XYZ_split,0.9960052427284548,4.29698385370205,0.9945419639020557,0.005458036097944263,33,33,34,27,6,9,24,5,29,
15,4,100,RL_adaptive,0.9960052427284548,4.29698385370205,0.9972638494385618,0.0027361505614381665,33,37,30,27,6,11,26,4,26,0.9972638494385618
15,4,250,Z_only,0.9960052427284548,4.29698385370205,0.7718297290867762,0.22817027091322384,250,0,0,196,54,0,0,0,0,
15,4,250,ZX_split,0.9960052427284548,4.29698385370205,0.8146136418244562,0.18538635817554383,125,125,0,100,25,48,77,0,0,
15,4,250,XYZ_split,0.9960052427284548,4.29698385370205,0.9923489008169508,0.0076510991830491815,83,83,84,63,20,23,60,16,68,
15,4,250,RL_adaptive,0.9960052427284548,4.29698385370205,0.9987798368118889,0.0012201631881111341,74,96,80,55,19,33,63,8,72,0.9987798368118889
15,4,500,Z_only,0.9960052427284548,4.29698385370205,0.7718297290867762,0.22817027091322384,500,0,0,395,105,0,0,0,0,
15,4,500,ZX_split,0.9960052427284548,4.29698385370205,0.8198067045988525,0.18019329540114748,250,250,0,194,56,87,163,0,0,
15,4,500,XYZ_split,0.9960052427284548,4.29698385370205,0.9993844691702743,0.0006155308297256523,166,166,168,131,35,49,117,17,151,
15,4,500,RL_adaptive,0.9960052427284548,4.29698385370205,0.9975542832486761,0.0024457167513238787,144,185,171,119,25,65,120,19,152,0.9975542832486761
16,0,10,Z_only,1.7869896017165068,5.351853866517653,0.39274346121944587,0.6072565387805542,10,0,0,8,2,0,0,0,0,
16,0,10,ZX_split,1.7869896017165068,5.351853866517653,0.7819189380619059,0.21808106193809407,5,5,0,2,3,3,2,0,0,
16,0,10,XYZ_split,1.7869896017165068,5.351853866517653,0.9456764076882334,0.054323592311766644,3,3,4,2,1,3,0,0,4,
16,0,10,RL_adaptive,1.7869896017165068,5.351853866517653,0.7342472495613038,0.2657527504386962,3,3,4,2,1,1,2,0,4,0.7342472495613038
16,0,25,Z_only,1.7869896017165068,5.351853866517653,0.6072565387805544,0.3927434612194456,25,0,0,12,13,0,0,0,0,
16,0,25,ZX_split,1.7869896017165068,5.351853866517653,0.8054704301896964,0.19452956981030356,12,13,0,3,9,12,1,0,0,
16,0,25,XYZ_split,1.7869896017165068,5.351853866517653,0.9824909870034708,0.017509012996529183,8,8,9,3,5,8,0,1,8,
16,0,25,RL_adaptive,1.7869896017165068,5.351853866517653,0.9287882670149967,0.07121173298500327,7,10,8,5,2,9,1,0,8,0.9287882670149967
16,0,50,Z_only,1.7869896017165068,5.351853866517653,0.6072565387805544,0.3927434612194456,50,0,0,19,31,0,0,0,0,
16,0,50,ZX_split,1.7869896017165068,5.351853866517653,0.8105143407655291,0.18948565923447092,25,25,0,10,15,19,6,0,0,
16,0,50,XYZ_split,1.7869896017165068,5.351853866517653,0.9975656896076686,0.00243431039233144,16,16,18,7,9,13,3,2,16,
16,0,50,RL_adaptive,1.7869896017165068,5.351853866517653,0.9870857158280798,0.012914284171920198,17,18,15,4,13,16,2,1,14,0.9870857158280798
16,0,100,Z_only,1.7869896017165068,5.351853866517653,0.6072565387805544,0.3927434612194456,100,0,0,31,69,0,0,0,0,
16,0,100,ZX_split,1.7869896017165068,5.351853866517653,0.8074522033117745,0.19254779668822553,50,50,0,18,32,38,12,0,0,
16,0,100,XYZ_split,1.7869896017165068,5.351853866517653,0.9830671682213828,0.016932831778617152,33,33,34,17,16,24,9,5,29,
16,0,100,RL_adaptive,1.7869896017165068,5.351853866517653,0.9841062634776756,0.015893736522324398,29,40,31,11,18,28,12,0,31,0.9841062634776756
16,0,250,Z_only,1.7869896017165068,5.351853866517653,0.6072565387805544,0.3927434612194456,250,0,0,98,152,0,0,0,0,
16,0,250,ZX_split,1.7869896017165068,5.351853866517653,0.8102126279896155,0.18978737201038454,125,125,0,45,80,104,21,0,0,
16,0,250,XYZ_split,1.7869896017165068,5.351853866517653,0.9884066738009716,0.01159332619902842,83,83,84,25,58,61,22,9,75,
16,0,250,RL_adaptive,1.7869896017165068,5.351853866517653,0.9985416200477519,0.0014583799522480678,101,67,82,38,63,57,10,8,74,0.9985416200477519
16,0,500,Z_only,1.7869896017165068,5.351853866517653,0.6072565387805544,0.3927434612194456,500,0,0,186,314,0,0,0,0,
16,0,500,ZX_split,1.7869896017165068,5.351853866517653,0.8105132774625484,0.18948672253745158,250,250,0,99,151,199,51,0,0,
16,0,500,XYZ_split,1.7869896017165068,5.351853866517653,0.9993107264309508,0.0006892735690492424,166,166,168,69,97,132,34,22,146,
16,0,500,RL_adaptive,1.7869896017165068,5.351853866517653,0.9957534391761519,0.004246560823848111,143,181,176,66,77,139,42,25,151,0.9957534391761519
16,1,10,Z_only,1.7869896017165068,5.351853866517653,0.39274346121944587,0.6072565387805542,10,0,0,5,5,0,0,0,0,
16,1,10,ZX_split,1.7869896017165068,5.351853866517653,0.8103989544920386,0.18960104550796142,5,5,0,2,3,4,1,0,0,
16,1,10,XYZ_split,1.7869896017165068,5.351853866517653,0.7819189380619059,0.21808106193809407,3,3,4,0,3,3,0,2,2,
16,1,10,RL_adaptive,1.7869896017165068,5.351853866517653,0.6592769545448658,0.3407230454551342,3,3,4,3,0,2,1,1,3,0.6592769545448658
16,1,25,Z_only,1.7869896017165068,5.351853866517653,0.6072565387805544,0.3927434612194456,25,0,0,11,14,0,0,0,0,
16,1,25,ZX_split,1.7869896017165068,5.351853866517653,0.7914370469164135,0.20856295308358652,12,13,0,6,6,9,4,0,0,
16,1,25,XYZ_split,1.7869896017165068,5.351853866517653,0.9315576147997271,0.0684423852002729,8,8,9,1,7,7,1,2,7,
16,1,25,RL_adaptive,1.7869896017165068,5.351853866517653,0.9339918224455309,0.06600817755446908,9,9,7,3,6,5,4,0,7,0.9339918224455309
16,1,50,Z_only,1.7869896017165068,5.351853866517653,0.39274346121944587,0.6072565387805542,50,0,0,26,24,0,0,0,0,
16,1,50,ZX_split,1.7869896017165068,5.351853866517653,0.8103989544920386,0.18960104550796142,25,25,0,11,14,17,8,0,0,
16,1,50,XYZ_split,1.7869896017165068,5.351853866517653,0.990463597957835,0.009536402042164993,16,16,18,6,10,11,5,2,16,
16,1,50,RL_adaptive,1.7869896017165068,5.351853866517653,0.9636102848707896,0.03638971512921041,18,17,15,6,12,17,0,3,12,0.9636102848707896
16,1,100,Z_only,1.7869896017165068,5.351853866517653,0.6072565387805544,0.3927434612194456,100,0,0,47,53,0,0,0,0,
16,1,100,ZX_split,1.7869896017165068,5.351853866517653,0.8103989544920386,0.18960104550796142,50,50,0,20,30,40,10,0,0,
16,1,100,XYZ_split,1.7869896017165068,5.351853866517653,0.997890967141349,0.00210903285865105,33,33,34,12,21,26,7,1,33,
16,1,100,RL_adaptive,1.7869896017165068,5.351853866517653,0.9752992734213806,0.024700726578619436,28,40,32,7,21,30,10,5,27,0.9752992734213806
16,1,250,Z_only,1.7869896017165068,5.351853866517653,0.6072565387805544,0.3927434612194456,250,0,0,108,142,0,0,0,0,
16,1,250,ZX_split,1.7869896017165068,5.351853866517653,0.8038791062893954,0.1961208937106046,125,125,0,56,69,107,18,0,0,
16,1,250,XYZ_split,1.7869896017165068,5.351853866517653,0.9913198548610644,0.008680145138935558,83,83,84,24,59,71,12,9,75,
16,1,250,RL_adaptive,1.7869896017165068,5.351853866517653,0.999861945933817,0.00013805406618294658,99,70,81,38,61,56,14,9,72,0.999861945933817
16,1,500,Z_only,1.7869896017165068,5.351853866517653,0.6072565387805544,0.3927434612194456,500,0,0,184,316,0,0,0,0,
16,1,500,ZX_split,1.7869896017165068,5.351853866517653,0.8102541119123934,0.18974588808760662,250,250,0,102,148,197,53,0,0,
16,1,500,XYZ_split,1.7869896017165068,5.351853866517653,0.9974446072018756,0.002555392798124445,166,166,168,72,94,138,28,16,152,
16,1,500,RL_adaptive,1.7869896017165068,5.351853866517653,0.9983567934505596,0.0016432065494403902,142,184,174,51,91,142,42,16,158,0.9983567934505596
16,2,10,Z_only,1.7869896017165068,5.351853866517653,0.6072565387805544,0.3927434612194456,10,0,0,3,7,0,0,0,0,
16,2,10,ZX_split,1.7869896017165068,5.351853866517653,0.8103989544920386,0.18960104550796142,5,5,0,2,3,4,1,0,0,
16,2,10,XYZ_split,1.7869896017165068,5.351853866517653,0.9948890828017479,0.005110917198252074,3,3,4,1,2,3,0,0,4,
16,2,10,RL_adaptive,1.7869896017165068,5.351853866517653,0.9125779998418542,0.08742200015814583,2,3,5,0,2,3,0,1,4,0.9125779998418542
16,2,25,Z_only,1.7869896017165068,5.351853866517653,0.6072565387805544,0.3927434612194456,25,0,0,9,16,0,0,0,0,
16,2,25,ZX_split,1.7869896017165068,5.351853866517653,0.804253737581578,0.19574626241842197,12,13,0,4,8,10,3,0,0,
16,2,25,XYZ_split,1.7869896017165068,5.351853866517653,0.963429616500956,0.03657038349904396,8,8,9,3,5,5,3,0,9,
16,2,25,RL_adaptive,1.7869896017165068,5.351853866517653,0.9883596618038448,0.011640338196155176,8,9,8,4,4,7,2,1,7,0.9883596618038448
16,2,50,Z_only,1.7869896017165068,5.351853866517653,0.6072565387805544,0.3927434612194456,50,0,0,20,30,0,0,0,0,
16,2,50,ZX_split,1.7869896017165068,5.351853866517653,0.7675609326649455,0.23243906733505448,25,25,0,7,18,17,8,0,0,
16,2,50,XYZ_split,1.7869896017165068,5.351853866517653,0.9972046912419343,0.002795308758065662,16,16,18,7,9,12,4,2,16,
16,2,50,RL_adaptive,1.7869896017165068,5.351853866517653,0.9682617919648931,0.03173820803510685,17,18,15,9,8,12,6,2,13,0.9682617919648931
16,2,100,Z_only,1.7869896017165068,5.351853866517653,0.6072565387805544,0.3927434612194456,100,0,0,49,51,0,0,0,0,
16,2,100,ZX_split,1.7869896017165068,5.351853866517653,0.8062115180628378,0.19378848193716225,50,50,0,22,28,41,9,0,0,
16,2,100,XYZ_split,1.7869896017165068,5.351853866517653,0.9974942422562246,0.002505757743775372,33,33,34,14,19,25,8,3,31,
16,2,100,RL_adaptive,1.7869896017165068,5.351853866517653,0.9913027983246836,0.008697201675316402,29,40,31,11,18,29,11,1,30,0.9913027983246836
16,2,250,Z_only,1.7869896017165068,5.351853866517653,0.6072565387805544,0.3927434612194456,250,0,0,105,145,0,0,0,0,
16,2,250,ZX_split,1.7869896017165068,5.351853866517653,0.809850197888676,0.19014980211132404,125,125,0,48,77,95,30,0,0,
16,2,250,XYZ_split,1.7869896017165068,5.351853866517653,0.9963608035844859,0.0036391964155141343,83,83,84,35,48,69,14,12,72,
16,2,250,RL_adaptive,1.7869896017165068,5.351853866517653,0.9937758470084455,0.0062241529915545435,101,70,79,30,71,56,14,6,73,0.9937758470084455
16,2,500,Z_only,1.7869896017165068,5.351853866517653,0.6072565387805544,0.3927434612194456,500,0,0,185,315,0,0,0,0,
16,2,500,ZX_split,1.7869896017165068,5.351853866517653,0.8104918091575691,0.18950819084243087,250,250,0,95,155,202,48,0,0,
16,2,500,XYZ_split,1.7869896017165068,5.351853866517653,0.9999723422267408,2.7657773259193164e-05,166,166,168,65,101,134,32,14,154,
16,2,500,RL_adaptive,1.7869896017165068,5.351853866517653,0.9991953869336455,0.000804613066354487,142,183,175,52,90,143,40,19,156,0.9991953869336455
16,3,10,Z_only,1.7869896017165068,5.351853866517653,0.39274346121944587,0.6072565387805542,10,0,0,6,4,0,0,0,0,
16,3,10,ZX_split,1.7869896017165068,5.351853866517653,0.7819189380619059,0.21808106193809407,5,5,0,1,4,4,1,0,0,
16,3,10,XYZ_split,1.7869896017165068,5.351853866517653,0.9948890828017479,0.005110917198252074,3,3,4,1,2,3,0,0,4,
16,3,10,RL_adaptive,1.7869896017165068,5.351853866517653,0.9948890828017479,0.005110917198252074,3,3,4,1,2,3,0,0,4,0.9948890828017479
16,3,25,Z_only,1.7869896017165068,5.351853866517653,0.6072565387805544,0.3927434612194456,25,0,0,9,16,0,0,0,0,
16,3,25,ZX_split,1.7869896017165068,5.351853866517653,0.7627064092409893,0.2372935907590107,12,13,0,3,9,9,4,0,0,
16,3,25,XYZ_split,1.7869896017165068,5.351853866517653,0.9983335702400317,0.0016664297599683353,8,8,9,3,5,6,2,1,8,
16,3,25,RL_adaptive,1.7869896017165068,5.351853866517653,0.7494545012742679,0.25054549872573206,8,10,7,5,3,6,4,3,4,0.7494545012742679
16,3,50,Z_only,1.7869896017165068,5.351853866517653,0.6072565387805544,0.3927434612194456,50,0,0,20,30,0,0,0,0,
16,3,50,ZX_split,1.7869896017165068,5.351853866517653,0.8056420256396429,0.19435797436035707,25,25,0,11,14,21,4,0,0,
16,3,50,XYZ_split,1.7869896017165068,5.351853866517653,0.9224361726267938,0.07756382737320622,16,16,18,11,5,14,2,2,16,
16,3,50,RL_adaptive,1.7869896017165068,5.351853866517653,0.9918056550836067,0.008194344916393259,17,18,15,5,12,14,4,0,15,0.9918056550836067
16,3,100,Z_only,1.7869896017165068,5.351853866517653,0.6072565387805544,0.3927434612194456,100,0,0,45,55,0,0,0,0,
16,3,100,ZX_split,1.7869896017165068,5.351853866517653,0.7591238587768686,0.2408761412231314,50,50,0,29,21,42,8,0,0,
16,3,100,XYZ_split,1.7869896017165068,5.351853866517653,0.9942933911620786,0.005706608837921401,33,33,34,11,22,27,6,5,29,
16,3,100,RL_adaptive,1.7869896017165068,5.351853866517653,0.9943562158739635,0.0056437841260365,29,40,31,12,17,38,2,1,30,0.9943562158739635
16,3,250,Z_only,1.7869896017165068,5.351853866517653,0.6072565387805544,0.3927434612194456,250,0,0,103,147,0,0,0,0,
16,3,250,ZX_split,1.7869896017165068,5.351853866517653,0.8096380237940143,0.19036197620598572,125,125,0,49,76,92,33,0,0,
16,3,250,XYZ_split,1.7869896017165068,5.351853866517653,0.9996251421041691,0.00037485789583091567,83,83,84,30,53,69,14,6,78,
16,3,250,RL_adaptive,1.7869896017165068,5.351853866517653,0.998859608539965,0.001140391460034973,98,71,81,40,58,57,14,4,77,0.998859608539965
16,3,500,Z_only,1.7869896017165068,5.351853866517653,0.6072565387805544,0.3927434612194456,500,0,0,195,305,0,0,0,0,
16,3,500,ZX_split,1.7869896017165068,5.351853866517653,0.8102203427397394,0.18977965726026058,250,250,0,93,157,201,49,0,0,
16,3,500,XYZ_split,1.7869896017165068,5.351853866517653,0.9989134106908889,0.0010865893091110967,166,166,168,69,97,128,38,16,152,
16,3,500,RL_adaptive,1.7869896017165068,5.351853866517653,0.9999938718508173,6.1281491826603585e-06,143,184,173,54,89,152,32,10,163,0.9999938718508173
16,4,10,Z_only,1.7869896017165068,5.351853866517653,0.39274346121944587,0.6072565387805542,10,0,0,5,5,0,0,0,0,
16,4,10,ZX_split,1.7869896017165068,5.351853866517653,0.7819189380619059,0.21808106193809407,5,5,0,2,3,3,2,0,0,
16,4,10,XYZ_split,1.7869896017165068,5.351853866517653,0.9948890828017479,0.005110917198252074,3,3,4,1,2,3,0,0,4,
16,4,10,RL_adaptive,1.7869896017165068,5.351853866517653,0.9456764076882334,0.054323592311766644,3,3,4,2,1,3,0,0,4,0.9456764076882334
16,4,25,Z_only,1.7869896017165068,5.351853866517653,0.6072565387805544,0.3927434612194456,25,0,0,9,16,0,0,0,0,
16,4,25,ZX_split,1.7869896017165068,5.351853866517653,0.7582381811417382,0.24176181885826176,12,13,0,7,5,11,2,0,0,
16,4,25,XYZ_split,1.7869896017165068,5.351853866517653,0.9507726354082211,0.0492273645917789,8,8,9,2,6,8,0,2,7,
16,4,25,RL_adaptive,1.7869896017165068,5.351853866517653,0.8945347045323985,0.10546529546760153,9,9,7,1,8,7,2,2,5,0.8945347045323985
16,4,50,Z_only,1.7869896017165068,5.351853866517653,0.6072565387805544,0.3927434612194456,50,0,0,14,36,0,0,0,0,
16,4,50,ZX_split,1.7869896017165068,5.351853866517653,0.8103233606207016,0.18967663937929835,25,25,0,9,16,21,4,0,0,
16,4,50,XYZ_split,1.7869896017165068,5.351853866517653,0.9821768660087353,0.017823133991264672,16,16,18,5,11,11,5,3,15,
16,4,50,RL_adaptive,1.7869896017165068,5.351853866517653,0.9702957241660058,0.029704275833994154,17,18,15,5,12,12,6,3,12,0.9702957241660058
16,4,100,Z_only,1.7869896017165068,5.351853866517653,0.6072565387805544,0.3927434612194456,100,0,0,41,59,0,0,0,0,
16,4,100,ZX_split,1.7869896017165068,5.351853866517653,0.8074412128575775,0.19255878714242247,50,50,0,22,28,39,11,0,0,
16,4,100,XYZ_split,1.7869896017165068,5.351853866517653,0.9984353346991556,0.0015646653008444256,33,33,34,14,19,27,6,2,32,
16,4,100,RL_adaptive,1.7869896017165068,5.351853866517653,0.9864738600575205,0.013526139942479531,30,39,31,13,17,27,12,2,29,0.9864738600575205
16,4,250,Z_only,1.7869896017165068,5.351853866517653,0.6072565387805544,0.3927434612194456,250,0,0,95,155,0,0,0,0,
16,4,250,ZX_split,1.7869896017165068,5.351853866517653,0.8068122742406042,0.1931877257593958,125,125,0,55,70,100,25,0,0,
16,4,250,XYZ_split,1.7869896017165068,5.351853866517653,0.999060750410997,0.0009392495890030439,83,83,84,35,48,63,20,16,68,
16,4,250,RL_adaptive,1.7869896017165068,5.351853866517653,0.9983044471948203,0.0016955528051797453,98,70,82,42,56,57,13,6,76,0.9983044471948203
16,4,500,Z_only,1.7869896017165068,5.351853866517653,0.6072565387805544,0.3927434612194456,500,0,0,191,309,0,0,0,0,
16,4,500,ZX_split,1.7869896017165068,5.351853866517653,0.8098899726742059,0.19011002732579407,250,250,0,104,146,196,54,0,0,
16,4,500,XYZ_split,1.7869896017165068,5.351853866517653,0.9968745669287731,0.003125433071226924,166,166,168,59,107,138,28,22,146,
16,4,500,RL_adaptive,1.7869896017165068,5.351853866517653,0.997537908599882,0.002462091400117994,142,183,175,48,94,146,37,18,157,0.997537908599882
17,0,10,Z_only,0.5132733246297371,3.1119143290230142,0.9355709361599278,0.06442906384007219,10,0,0,9,1,0,0,0,0,
17,0,10,ZX_split,0.5132733246297371,3.1119143290230142,0.9815245292599146,0.018475470740085376,5,5,0,5,0,0,5,0,0,
17,0,10,XYZ_split,0.5132733246297371,3.1119143290230142,0.9908235642191842,0.00917643578081584,3,3,4,3,0,1,2,2,2,
17,0,10,RL_adaptive,0.5132733246297371,3.1119143290230142,0.8705536999878198,0.12944630001218016,3,3,4,2,1,0,3,2,2,0.8705536999878198
17,0,25,Z_only,0.5132733246297371,3.1119143290230142,0.9355709361599278,0.06442906384007219,25,0,0,23,2,0,0,0,0,
17,0,25,ZX_split,0.5132733246297371,3.1119143290230142,0.9562841348531559,0.04371586514684411,12,13,0,11,1,6,7,0,0,
17,0,25,XYZ_split,0.5132733246297371,3.1119143290230142,0.9943995520643425,0.005600447935657504,8,8,9,8,0,1,7,5,4,
17,0,25,RL_adaptive,0.5132733246297371,3.1119143290230142,0.9072356236505746,0.09276437634942536,6,11,8,6,0,3,8,1,7,0.9072356236505746
17,0,50,Z_only,0.5132733246297371,3.1119143290230142,0.9355709361599278,0.06442906384007219,50,0,0,49,1,0,0,0,0,
17,0,50,ZX_split,0.5132733246297371,3.1119143290230142,0.9881526063036896,0.011847393696310382,25,25,0,24,1,9,16,0,0,
17,0,50,XYZ_split,0.5132733246297371,3.1119143290230142,0.9808410967927036,0.019158903207296407,16,16,18,16,0,2,14,12,6,
17,0,50,RL_adaptive,0.5132733246297371,3.1119143290230142,0.8840120596680575,0.11598794033194249,18,17,15,15,3,3,14,13,2,0.8840120596680575
17,0,100,Z_only,0.5132733246297371,3.1119143290230142,0.9355709361599278,0.06442906384007219,100,0,0,92,8,0,0,0,0,
17,0,100,ZX_split,0.5132733246297371,3.1119143290230142,0.9987687625364992,0.001231237463500845,50,50,0,46,4,15,35,0,0,
17,0,100,XYZ_split,0.5132733246297371,3.1119143290230142,0.9930781482690237,0.006921851730976258,33,33,34,33,0,7,26,14,20,
17,0,100,RL_adaptive,0.5132733246297371,3.1119143290230142,0.9744006613260807,0.02559933867391928,34,37,29,30,4,10,27,19,10,0.9744006613260807
17,0,250,Z_only,0.5132733246297371,3.1119143290230142,0.9355709361599278,0.06442906384007219,250,0,0,238,12,0,0,0,0,
17,0,250,ZX_split,0.5132733246297371,3.1119143290230142,0.9995848987477516,0.00041510125224841765,125,125,0,117,8,29,96,0,0,
17,0,250,XYZ_split,0.5132733246297371,3.1119143290230142,0.9978682074295423,0.0021317925704577023,83,83,84,78,5,19,64,39,45,
17,0,250,RL_adaptive,0.5132733246297371,3.1119143290230142,0.9930373540176897,0.006962645982310334,67,100,83,63,4,17,83,47,36,0.9930373540176897
17,0,500,Z_only,0.5132733246297371,3.1119143290230142,0.9355709361599278,0.06442906384007219,500,0,0,468,32,0,0,0,0,
17,0,500,ZX_split,0.5132733246297371,3.1119143290230142,0.9998075498594129,0.0001924501405871082,250,250,0,232,18,68,182,0,0,
17,0,500,XYZ_split,0.5132733246297371,3.1119143290230142,0.9940898381158516,0.0059101618841483905,166,166,168,159,7,37,129,99,69,
17,0,500,RL_adaptive,0.5132733246297371,3.1119143290230142,0.9990784701666473,0.0009215298333526967,143,171,186,128,15,42,129,93,93,0.9990784701666473
17,1,10,Z_only,0.5132733246297371,3.1119143290230142,0.9355709361599278,0.06442906384007219,10,0,0,9,1,0,0,0,0,
17,1,10,ZX_split,0.5132733246297371,3.1119143290230142,0.8789840560353664,0.12101594396463355,5,5,0,5,0,3,2,0,0,
17,1,10,XYZ_split,0.5132733246297371,3.1119143290230142,0.9908235642191842,0.00917643578081584,3,3,4,3,0,1,2,2,2,
17,1,10,RL_adaptive,0.5132733246297371,3.1119143290230142,0.9908235642191842,0.00917643578081584,3,3,4,3,0,1,2,2,2,0.9908235642191842
17,1,25,Z_only,0.5132733246297371,3.1119143290230142,0.9355709361599278,0.06442906384007219,25,0,0,25,0,0,0,0,0,
17,1,25,ZX_split,0.5132733246297371,3.1119143290230142,0.9789022021030864,0.021097797896913573,12,13,0,10,2,2,11,0,0,
17,1,25,XYZ_split,0.5132733246297371,3.1119143290230142,0.9321023281390077,0.06789767186099227,8,8,9,8,0,4,4,4,5,
17,1,25,RL_adaptive,0.5132733246297371,3.1119143290230142,0.9934814749677305,0.006518525032269462,7,11,7,6,1,3,8,4,3,0.9934814749677305
17,1,50,Z_only,0.5132733246297371,3.1119143290230142,0.9355709361599278,0.06442906384007219,50,0,0,48,2,0,0,0,0,
17,1,50,ZX_split,0.5132733246297371,3.1119143290230142,0.9921040689325684,0.007895931067431583,25,25,0,24,1,3,22,0,0,
17,1,50,XYZ_split,0.5132733246297371,3.1119143290230142,0.9862305342122873,0.013769465787712654,16,16,18,15,1,6,10,9,9,
17,1,50,RL_adaptive,0.5132733246297371,3.1119143290230142,0.9659389939218784,0.03406100607812157,17,18,15,15,2,4,14,5,10,0.9659389939218784
17,1,100,Z_only,0.5132733246297371,3.1119143290230142,0.9355709361599278,0.06442906384007219,100,0,0,91,9,0,0,0,0,
17,1,100,ZX_split,0.5132733246297371,3.1119143290230142,0.998212441691969,0.001787558308031012,50,50,0,49,1,14,36,0,0,
17,1,100,XYZ_split,0.5132733246297371,3.1119143290230142,0.9898441781616071,0.01015582183839292,33,33,34,33,0,10,23,20,14,
17,1,100,RL_adaptive,0.5132733246297371,3.1119143290230142,0.9761680368667628,0.02383196313323721,34,37,29,32,2,9,28,10,19,0.9761680368667628
17,1,250,Z_only,0.5132733246297371,3.1119143290230142,0.9355709361599278,0.06442906384007219,250,0,0,240,10,0,0,0,0,
17,1,250,ZX_split,0.5132733246297371,3.1119143290230142,0.9996926413528522,0.00030735864714781513,125,125,0,119,6,33,92,0,0,
17,1,250,XYZ_split,0.5132733246297371,3.1119143290230142,0.9996200374334733,0.0003799625665267259,83,83,84,75,8,22,61,44,40,
17,1,250,RL_adaptive,0.5132733246297371,3.1119143290230142,0.9985311155375098,0.001468884462490161,70,95,85,67,3,27,68,42,43,0.9985311155375098
17,1,500,Z_only,0.5132733246297371,3.1119143290230142,0.9355709361599278,0.06442906384007219,500,0,0,464,36,0,0,0,0,
17,1,500,ZX_split,0.5132733246297371,3.1119143290230142,0.9993692073714776,0.0006307926285223919,250,250,0,230,20,59,191,0,0,
17,1,500,XYZ_split,0.5132733246297371,3.1119143290230142,0.9976581984454785,0.002341801554521461,166,166,168,156,10,50,116,82,86,
17,1,500,RL_adaptive,0.5132733246297371,3.1119143290230142,0.9992166548946511,0.0007833451053489426,143,171,186,131,12,40,131,94,92,0.9992166548946511
17,2,10,Z_only,0.5132733246297371,3.1119143290230142,0.9355709361599278,0.06442906384007219,10,0,0,9,1,0,0,0,0,
17,2,10,ZX_split,0.5132733246297371,3.1119143290230142,0.8789840560353664,0.12101594396463355,5,5,0,5,0,3,2,0,0,
17,2,10,XYZ_split,0.5132733246297371,3.1119143290230142,0.8063523892363487,0.19364761076365133,3,3,4,3,0,2,1,3,1,
17,2,10,RL_adaptive,0.5132733246297371,3.1119143290230142,0.36583885888272977,0.6341611411172703,2,3,5,0,2,0,3,2,3,0.36583885888272977
17,2,25,Z_only,0.5132733246297371,3.1119143290230142,0.9355709361599278,0.06442906384007219,25,0,0,19,6,0,0,0,0,
17,2,25,ZX_split,0.5132733246297371,3.1119143290230142,0.9815245292599146,0.018475470740085376,12,13,0,12,0,0,13,0,0,
17,2,25,XYZ_split,0.5132733246297371,3.1119143290230142,0.9939082674297012,0.0060917325702988245,8,8,9,7,1,2,6,4,5,
17,2,25,RL_adaptive,0.5132733246297371,3.1119143290230142,0.8970313377972942,0.10296866220270584,6,11,8,6,0,4,7,7,1,0.8970313377972942
17,2,50,Z_only,0.5132733246297371,3.1119143290230142,0.9355709361599278,0.06442906384007219,50,0,0,46,4,0,0,0,0,
17,2,50,ZX_split,0.5132733246297371,3.1119143290230142,0.9975197357573488,0.0024802642426512422,25,25,0,25,0,7,18,0,0,
17,2,50,XYZ_split,0.5132733246297371,3.1119143290230142,0.9897435518714783,0.010256448128521667,16,16,18,13,3,4,12,10,8,
17,2,50,RL_adaptive,0.5132733246297371,3.1119143290230142,0.984487816258735,0.015512183741264951,18,17,15,17,1,2,15,9,6,0.984487816258735
17,2,100,Z_only,0.5132733246297371,3.1119143290230142,0.9355709361599278,0.06442906384007219,100,0,0,95,5,0,0,0,0,
17,2,100,ZX_split,0.5132733246297371,3.1119143290230142,0.9998775216792979,0.00012247832070211295,50,50,0,49,1,12,38,0,0,
17,2,100,XYZ_split,0.5132733246297371,3.1119143290230142,0.998510099127238,0.0014899008727620178,33,33,34,32,1,7,26,16,18,
17,2,100,RL_adaptive,0.5132733246297371,3.1119143290230142,0.9941312653921239,0.005868734607876069,34,37,29,32,2,9,28,17,12,0.9941312653921239
17,2,250,Z_only,0.5132733246297371,3.1119143290230142,0.9355709361599278,0.06442906384007219,250,0,0,234,16,0,0,0,0,
17,2,250,ZX_split,0.5132733246297371,3.1119143290230142,0.9997601565843892,0.00023984341561078537,125,125,0,115,10,31,94,0,0,
17,2,250,XYZ_split,0.5132733246297371,3.1119143290230142,0.9986729952619631,0.0013270047380369299,83,83,84,76,7,19,64,44,40,
17,2,250,RL_adaptive,0.5132733246297371,3.1119143290230142,0.9977663141531459,0.0022336858468541276,71,96,83,62,9,24,72,40,43,0.9977663141531459
17,2,500,Z_only,0.5132733246297371,3.1119143290230142,0.9355709361599278,0.06442906384007219,500,0,0,464,36,0,0,0,0,
17,2,500,ZX_split,0.5132733246297371,3.1119143290230142,0.9997222593939233,0.0002777406060766596,250,250,0,236,14,58,192,0,0,
17,2,500,XYZ_split,0.5132733246297371,3.1119143290230142,0.9996661643888745,0.0003338356111255436,166,166,168,155,11,39,127,86,82,
17,2,500,RL_adaptive,0.5132733246297371,3.1119143290230142,0.9963913030385552,0.003608696961444835,143,172,185,132,11,33,139,91,94,0.9963913030385552
17,3,10,Z_only,0.5132733246297371,3.1119143290230142,0.9355709361599278,0.06442906384007219,10,0,0,9,1,0,0,0,0,
17,3,10,ZX_split,0.5132733246297371,3.1119143290230142,0.9815245292599146,0.018475470740085376,5,5,0,5,0,0,5,0,0,
17,3,10,XYZ_split,0.5132733246297371,3.1119143290230142,0.5975437004368479,0.4024562995631521,3,3,4,2,1,2,1,3,1,
17,3,10,RL_adaptive,0.5132733246297371,3.1119143290230142,0.8001077391893767,0.19989226081062328,3,3,4,3,0,2,1,1,3,0.8001077391893767
17,3,25,Z_only,0.5132733246297371,3.1119143290230142,0.9355709361599278,0.06442906384007219,25,0,0,25,0,0,0,0,0,
17,3,25,ZX_split,0.5132733246297371,3.1119143290230142,0.9918572500703178,0.008142749929682225,12,13,0,11,1,2,11,0,0,
17,3,25,XYZ_split,0.5132733246297371,3.1119143290230142,0.976439645436322,0.023560354563678,8,8,9,8,0,2,6,3,6,
17,3,25,RL_adaptive,0.5132733246297371,3.1119143290230142,0.9666614658047421,0.033338534195257896,7,11,7,7,0,3,8,5,2,0.9666614658047421
17,3,50,Z_only,0.5132733246297371,3.1119143290230142,0.9355709361599278,0.06442906384007219,50,0,0,46,4,0,0,0,0,
17,3,50,ZX_split,0.5132733246297371,3.1119143290230142,0.9876386512397438,0.012361348760256186,25,25,0,23,2,3,22,0,0,
17,3,50,XYZ_split,0.5132733246297371,3.1119143290230142,0.9977250053830871,0.00227499461691294,16,16,18,15,1,4,12,10,8,
17,3,50,RL_adaptive,0.5132733246297371,3.1119143290230142,0.9708705013568611,0.02912949864313885,17,18,15,16,1,5,13,5,10,0.9708705013568611
17,3,100,Z_only,0.5132733246297371,3.1119143290230142,0.9355709361599278,0.06442906384007219,100,0,0,94,6,0,0,0,0,
17,3,100,ZX_split,0.5132733246297371,3.1119143290230142,0.9975656228456513,0.002434377154348688,50,50,0,45,5,11,39,0,0,
17,3,100,XYZ_split,0.5132733246297371,3.1119143290230142,0.9977221722131765,0.0022778277868235053,33,33,34,32,1,8,25,19,15,
17,3,100,RL_adaptive,0.5132733246297371,3.1119143290230142,0.9993424264779939,0.0006575735220061274,34,37,29,31,3,10,27,14,15,0.9993424264779939
17,3,250,Z_only,0.5132733246297371,3.1119143290230142,0.9355709361599278,0.06442906384007219,250,0,0,233,17,0,0,0,0,
17,3,250,ZX_split,0.5132733246297371,3.1119143290230142,0.9998493292311099,0.00015067076889008213,125,125,0,121,4,28,97,0,0,
17,3,250,XYZ_split,0.5132733246297371,3.1119143290230142,0.9982628960341489,0.001737103965851139,83,83,84,79,4,17,66,45,39,
17,3,250,RL_adaptive,0.5132733246297371,3.1119143290230142,0.9922216759829445,0.007778324017055471,71,93,86,67,4,28,65,50,36,0.9922216759829445
17,3,500,Z_only,0.5132733246297371,3.1119143290230142,0.9355709361599278,0.06442906384007219,500,0,0,464,36,0,0,0,0,
17,3,500,ZX_split,0.5132733246297371,3.1119143290230142,0.9985593397633851,0.0014406602366149324,250,250,0,238,12,72,178,0,0,
17,3,500,XYZ_split,0.5132733246297371,3.1119143290230142,0.994332354391916,0.005667645608083971,166,166,168,164,2,52,114,88,80,
17,3,500,RL_adaptive,0.5132733246297371,3.1119143290230142,0.9987927981478177,0.0012072018521822603,143,172,185,133,10,38,134,91,94,0.9987927981478177
17,4,10,Z_only,0.5132733246297371,3.1119143290230142,0.9355709361599278,0.06442906384007219,10,0,0,8,2,0,0,0,0,
17,4,10,ZX_split,0.5132733246297371,3.1119143290230142,0.9815245292599146,0.018475470740085376,5,5,0,4,1,1,4,0,0,
17,4,10,XYZ_split,0.5132733246297371,3.1119143290230142,0.951557204911527,0.048442795088473045,3,3,4,3,0,0,3,1,3,
17,4,10,RL_adaptive,0.5132733246297371,3.1119143290230142,0.7119126640743042,0.2880873359256958,3,3,4,2,1,1,2,4,0,0.7119126640743042
17,4,25,Z_only,0.5132733246297371,3.1119143290230142,0.9355709361599278,0.06442906384007219,25,0,0,24,1,0,0,0,0,
17,4,25,ZX_split,0.5132733246297371,3.1119143290230142,0.9852669387381895,0.01473306126181051,12,13,0,11,1,5,8,0,0,
17,4,25,XYZ_split,0.5132733246297371,3.1119143290230142,0.980090141761693,0.019909858238307043,8,8,9,8,0,3,5,5,4,
17,4,25,RL_adaptive,0.5132733246297371,3.1119143290230142,0.9965126798190753,0.00348732018092468,7,11,7,7,0,2,9,4,3,0.9965126798190753
17,4,50,Z_only,0.5132733246297371,3.1119143290230142,0.9355709361599278,0.06442906384007219,50,0,0,46,4,0,0,0,0,
17,4,50,ZX_split,0.5132733246297371,3.1119143290230142,0.9935537066252338,0.00644629337476621,25,25,0,22,3,9,16,0,0,
17,4,50,XYZ_split,0.5132733246297371,3.1119143290230142,0.9939082674297012,0.0060917325702988245,16,16,18,14,2,4,12,8,10,
17,4,50,RL_adaptive,0.5132733246297371,3.1119143290230142,0.9496307377044697,0.05036926229553029,18,17,15,16,2,3,14,11,4,0.9496307377044697
17,4,100,Z_only,0.5132733246297371,3.1119143290230142,0.9355709361599278,0.06442906384007219,100,0,0,93,7,0,0,0,0,
17,4,100,ZX_split,0.5132733246297371,3.1119143290230142,0.9989459451525985,0.0010540548474015088,50,50,0,45,5,12,38,0,0,
17,4,100,XYZ_split,0.5132733246297371,3.1119143290230142,0.9963872076878267,0.003612792312173263,33,33,34,31,2,6,27,18,16,
17,4,100,RL_adaptive,0.5132733246297371,3.1119143290230142,0.9896584375220338,0.010341562477966249,34,37,29,33,1,8,29,18,11,0.9896584375220338
17,4,250,Z_only,0.5132733246297371,3.1119143290230142,0.9355709361599278,0.06442906384007219,250,0,0,228,22,0,0,0,0,
17,4,250,ZX_split,0.5132733246297371,3.1119143290230142,0.9968871982201445,0.003112801779855512,125,125,0,116,9,24,101,0,0,
17,4,250,XYZ_split,0.5132733246297371,3.1119143290230142,0.9910742015574676,0.008925798442532384,83,83,84,76,7,26,57,49,35,
17,4,250,RL_adaptive,0.5132733246297371,3.1119143290230142,0.9896232199963846,0.010376780003615416,66,102,82,62,4,15,87,36,46,0.9896232199963846
17,4,500,Z_only,0.5132733246297371,3.1119143290230142,0.9355709361599278,0.06442906384007219,500,0,0,456,44,0,0,0,0,
17,4,500,ZX_split,0.5132733246297371,3.1119143290230142,0.9994992883707081,0.0005007116292918834,250,250,0,237,13,68,182,0,0,
17,4,500,XYZ_split,0.5132733246297371,3.1119143290230142,0.9936316177472675,0.006368382252732507,166,166,168,157,9,37,129,99,69,
17,4,500,RL_adaptive,0.5132733246297371,3.1119143290230142,0.9997786527777547,0.0002213472222453161,143,171,186,131,12,44,127,92,94,0.9997786527777547
18,0,10,Z_only,2.2859477756802553,5.941421631356004,0.8278658836037777,0.17213411639622234,10,0,0,0,10,0,0,0,0,
18,0,10,ZX_split,2.2859477756802553,5.941421631356004,0.9833289315761091,0.016671068423890878,5,5,0,2,3,3,2,0,0,
18,0,10,XYZ_split,2.2859477756802553,5.941421631356004,0.9070782016969542,0.09292179830304581,3,3,4,1,2,3,0,0,4,
18,0,10,RL_adaptive,2.2859477756802553,5.941421631356004,0.9943540059529485,0.005645994047051461,2,3,5,0,2,3,0,1,4,0.9943540059529485
18,0,25,Z_only,2.2859477756802553,5.941421631356004,0.8278658836037777,0.17213411639622234,25,0,0,2,23,0,0,0,0,
18,0,25,ZX_split,2.2859477756802553,5.941421631356004,0.9794678672915452,0.020532132708454776,12,13,0,1,11,11,2,0,0,
18,0,25,XYZ_split,2.2859477756802553,5.941421631356004,0.9938799954110632,0.0061200045889368004,8,8,9,1,7,7,1,4,5,
18,0,25,RL_adaptive,2.2859477756802553,5.941421631356004,0.8826996667428388,0.11730033325716116,8,9,8,3,5,8,1,5,3,0.8826996667428388
18,0,50,Z_only,2.2859477756802553,5.941421631356004,0.8278658836037777,0.17213411639622234,50,0,0,9,41,0,0,0,0,
18,0,50,ZX_split,2.2859477756802553,5.941421631356004,0.9784706286979563,0.021529371302043687,25,25,0,4,21,25,0,0,0,
18,0,50,XYZ_split,2.2859477756802553,5.941421631356004,0.9664893314167228,0.033510668583277226,16,16,18,3,13,16,0,2,16,
18,0,50,RL_adaptive,2.2859477756802553,5.941421631356004,0.924923972082099,0.07507602791790102,17,18,15,6,11,17,1,2,13,0.924923972082099
18,0,100,Z_only,2.2859477756802553,5.941421631356004,0.8278658836037777,0.17213411639622234,100,0,0,11,89,0,0,0,0,
18,0,100,ZX_split,2.2859477756802553,5.941421631356004,0.9620759399371497,0.03792406006285032,50,50,0,15,35,46,4,0,0,
18,0,100,XYZ_split,2.2859477756802553,5.941421631356004,0.9949654773200877,0.005034522679912334,33,33,34,5,28,29,4,15,19,
18,0,100,RL_adaptive,2.2859477756802553,5.941421631356004,0.9929738674623166,0.0070261325376833605,28,41,31,7,21,34,7,14,17,0.9929738674623166
18,0,250,Z_only,2.2859477756802553,5.941421631356004,0.8278658836037777,0.17213411639622234,250,0,0,30,220,0,0,0,0,
18,0,250,ZX_split,2.2859477756802553,5.941421631356004,0.9811602271635937,0.018839772836406254,125,125,0,30,95,106,19,0,0,
18,0,250,XYZ_split,2.2859477756802553,5.941421631356004,0.9997965717891227,0.0002034282108772656,83,83,84,12,71,72,11,30,54,
18,0,250,RL_adaptive,2.2859477756802553,5.941421631356004,0.9992747180660609,0.0007252819339390593,107,63,80,19,88,52,11,32,48,0.9992747180660609
18,0,500,Z_only,2.2859477756802553,5.941421631356004,0.8278658836037777,0.17213411639622234,500,0,0,85,415,0,0,0,0,
18,0,500,ZX_split,2.2859477756802553,5.941421631356004,0.983704562245472,0.01629543775452802,250,250,0,50,200,208,42,0,0,
18,0,500,XYZ_split,2.2859477756802553,5.941421631356004,0.9990713182086378,0.0009286817913621848,166,166,168,30,136,134,32,66,102,
18,0,500,RL_adaptive,2.2859477756802553,5.941421631356004,0.9992981873748892,0.0007018126251108203,139,173,188,25,114,142,31,75,113,0.9992981873748892
18,1,10,Z_only,2.2859477756802553,5.941421631356004,0.8278658836037777,0.17213411639622234,10,0,0,1,9,0,0,0,0,
18,1,10,ZX_split,2.2859477756802553,5.941421631356004,0.8912504863374533,0.1087495136625467,5,5,0,0,5,3,2,0,0,
18,1,10,XYZ_split,2.2859477756802553,5.941421631356004,0.9235118611496234,0.07648813885037664,3,3,4,0,3,2,1,2,2,
18,1,10,RL_adaptive,2.2859477756802553,5.941421631356004,0.9962829952195388,0.0037170047804612194,2,3,5,0,2,3,0,2,3,0.9962829952195388
18,1,25,Z_only,2.2859477756802553,5.941421631356004,0.8278658836037777,0.17213411639622234,25,0,0,1,24,0,0,0,0,
18,1,25,ZX_split,2.2859477756802553,5.941421631356004,0.9777979773817591,0.02220202261824089,12,13,0,2,10,13,0,0,0,
18,1,25,XYZ_split,2.2859477756802553,5.941421631356004,0.9555961087813458,0.04440389121865418,8,8,9,3,5,7,1,3,6,
18,1,25,RL_adaptive,2.2859477756802553,5.941421631356004,0.9992484217970805,0.0007515782029194895,10,8,7,0,10,8,0,2,5,0.9992484217970805
18,1,50,Z_only,2.2859477756802553,5.941421631356004,0.8278658836037777,0.17213411639622234,50,0,0,9,41,0,0,0,0,
18,1,50,ZX_split,2.2859477756802553,5.941421631356004,0.9764912391033932,0.023508760896606806,25,25,0,4,21,19,6,0,0,
18,1,50,XYZ_split,2.2859477756802553,5.941421631356004,0.9976005373557579,0.0023994626442420675,16,16,18,2,14,16,0,6,12,
18,1,50,RL_adaptive,2.2859477756802553,5.941421631356004,0.9911658399424041,0.008834160057595852,18,17,15,3,15,13,4,5,10,0.9911658399424041
18,1,100,Z_only,2.2859477756802553,5.941421631356004,0.8278658836037777,0.17213411639622234,100,0,0,17,83,0,0,0,0,
18,1,100,ZX_split,2.2859477756802553,5.941421631356004,0.9836138284618666,0.016386171538133376,50,50,0,10,40,42,8,0,0,
18,1,100,XYZ_split,2.2859477756802553,5.941421631356004,0.9995780701082047,0.00042192989179534734,33,33,34,4,29,29,4,12,22,
18,1,100,RL_adaptive,2.2859477756802553,5.941421631356004,0.9993627934264636,0.0006372065735363863,28,41,31,5,23,36,5,12,19,0.9993627934264636
18,1,250,Z_only,2.2859477756802553,5.941421631356004,0.8278658836037777,0.17213411639622234,250,0,0,50,200,0,0,0,0,
18,1,250,ZX_split,2.2859477756802553,5.941421631356004,0.9834272237706263,0.016572776229373698,125,125,0,20,105,112,13,0,0,
18,1,250,XYZ_split,2.2859477756802553,5.941421631356004,0.9985027495819874,0.00149725041801263,83,83,84,14,69,68,15,34,50,
18,1,250,RL_adaptive,2.2859477756802553,5.941421631356004,0.9970668464959256,0.002933153504074415,109,61,80,17,92,52,9,34,46,0.9970668464959256
18,1,500,Z_only,2.2859477756802553,5.941421631356004,0.8278658836037777,0.17213411639622234,500,0,0,90,410,0,0,0,0,
18,1,500,ZX_split,2.2859477756802553,5.941421631356004,0.9834283015600273,0.01657169843997275,250,250,0,46,204,217,33,0,0,
18,1,500,XYZ_split,2.2859477756802553,5.941421631356004,0.9986776804828235,0.00132231951717654,166,166,168,26,140,149,17,67,101,
18,1,500,RL_adaptive,2.2859477756802553,5.941421631356004,0.9977057099331026,0.0022942900668974087,139,172,189,22,117,145,27,79,110,0.9977057099331026
18,2,10,Z_only,2.2859477756802553,5.941421631356004,0.8278658836037777,0.17213411639622234,10,0,0,3,7,0,0,0,0,
18,2,10,ZX_split,2.2859477756802553,5.941421631356004,0.9833289315761091,0.016671068423890878,5,5,0,1,4,4,1,0,0,
18,2,10,XYZ_split,2.2859477756802553,5.941421631356004,0.9368682449736749,0.06313175502632506,3,3,4,0,3,2,1,1,3,
18,2,10,RL_adaptive,2.2859477756802553,5.941421631356004,0.9396727962164785,0.06032720378352152,2,3,5,0,2,2,1,2,3,0.9396727962164785
18,2,25,Z_only,2.2859477756802553,5.941421631356004,0.8278658836037777,0.17213411639622234,25,0,0,2,23,0,0,0,0,
18,2,25,ZX_split,2.2859477756802553,5.941421631356004,0.9834648956475909,0.016535104352409125,12,13,0,1,11,12,1,0,0,
18,2,25,XYZ_split,2.2859477756802553,5.941421631356004,0.9724917454542941,0.027508254545705935,8,8,9,2,6,8,0,2,7,
18,2,25,RL_adaptive,2.2859477756802553,5.941421631356004,0.9846368113158813,0.015363188684118678,9,9,7,2,7,9,0,2,5,0.9846368113158813
18,2,50,Z_only,2.2859477756802553,5.941421631356004,0.8278658836037777,0.17213411639622234,50,0,0,9,41,0,0,0,0,
18,2,50,ZX_split,2.2859477756802553,5.941421631356004,0.9777217243827717,0.022278275617228283,25,25,0,3,22,20,5,0,0,
18,2,50,XYZ_split,2.2859477756802553,5.941421631356004,0.9471139719063175,0.05288602809368248,16,16,18,2,14,14,2,11,7,
18,2,50,RL_adaptive,2.2859477756802553,5.941421631356004,0.9949315165004864,0.00506848349951361,18,17,15,1,17,15,2,6,9,0.9949315165004864
18,2,100,Z_only,2.2859477756802553,5.941421631356004,0.8278658836037777,0.17213411639622234,100,0,0,19,81,0,0,0,0,
18,2,100,ZX_split,2.2859477756802553,5.941421631356004,0.9825434666634145,0.017456533336585478,50,50,0,9,41,45,5,0,0,
18,2,100,XYZ_split,2.2859477756802553,5.941421631356004,0.9872442664425999,0.012755733557400117,33,33,34,11,22,26,7,13,21,
18,2,100,RL_adaptive,2.2859477756802553,5.941421631356004,0.9874275532084257,0.012572446791574321,27,42,31,4,23,37,5,15,16,0.9874275532084257
18,2,250,Z_only,2.2859477756802553,5.941421631356004,0.8278658836037777,0.17213411639622234,250,0,0,41,209,0,0,0,0,
18,2,250,ZX_split,2.2859477756802553,5.941421631356004,0.9825013755452311,0.017498624454768907,125,125,0,23,102,112,13,0,0,
18,2,250,XYZ_split,2.2859477756802553,5.941421631356004,0.996060440028942,0.003939559971057993,83,83,84,18,65,69,14,37,47,
18,2,250,RL_adaptive,2.2859477756802553,5.941421631356004,0.9989565689486247,0.0010434310513752765,108,63,79,17,91,52,11,30,49,0.9989565689486247
18,2,500,Z_only,2.2859477756802553,5.941421631356004,0.8278658836037777,0.17213411639622234,500,0,0,95,405,0,0,0,0,
18,2,500,ZX_split,2.2859477756802553,5.941421631356004,0.9833115646805197,0.016688435319480277,250,250,0,47,203,217,33,0,0,
18,2,500,XYZ_split,2.2859477756802553,5.941421631356004,0.9992057082624779,0.0007942917375221015,166,166,168,30,136,135,31,62,106,
18,2,500,RL_adaptive,2.2859477756802553,5.941421631356004,0.9993105058915366,0.0006894941084634176,139,175,186,27,112,142,33,68,118,0.9993105058915366
18,3,10,Z_only,2.2859477756802553,5.941421631356004,0.8278658836037777,0.17213411639622234,10,0,0,1,9,0,0,0,0,
18,3,10,ZX_split,2.2859477756802553,5.941421631356004,0.9736653522806805,0.02633464771931948,5,5,0,1,4,5,0,0,0,
18,3,10,XYZ_split,2.2859477756802553,5.941421631356004,0.9833289315761091,0.016671068423890878,3,3,4,0,3,3,0,2,2,
18,3,10,RL_adaptive,2.2859477756802553,5.941421631356004,0.7351580964742259,0.2648419035257741,2,3,5,0,2,1,2,1,4,0.7351580964742259
18,3,25,Z_only,2.2859477756802553,5.941421631356004,0.8278658836037777,0.17213411639622234,25,0,0,4,21,0,0,0,0,
18,3,25,ZX_split,2.2859477756802553,5.941421631356004,0.9802921568506965,0.019707843149303517,12,13,0,3,9,11,2,0,0,
18,3,25,XYZ_split,2.2859477756802553,5.941421631356004,0.9844744478454446,0.015525552154555422,8,8,9,0,8,8,0,1,8,
18,3,25,RL_adaptive,2.2859477756802553,5.941421631356004,0.9792480471127446,0.020751952887255398,9,8,8,1,8,8,0,1,7,0.9792480471127446
18,3,50,Z_only,2.2859477756802553,5.941421631356004,0.8278658836037777,0.17213411639622234,50,0,0,5,45,0,0,0,0,
18,3,50,ZX_split,2.2859477756802553,5.941421631356004,0.981161544367964,0.01883845563203601,25,25,0,4,21,20,5,0,0,
18,3,50,XYZ_split,2.2859477756802553,5.941421631356004,0.9995311934599945,0.00046880654000547306,16,16,18,2,14,15,1,6,12,
18,3,50,RL_adaptive,2.2859477756802553,5.941421631356004,0.9970141899348557,0.002985810065144312,18,17,15,1,17,16,1,4,11,0.9970141899348557
18,3,100,Z_only,2.2859477756802553,5.941421631356004,0.8278658836037777,0.17213411639622234,100,0,0,20,80,0,0,0,0,
18,3,100,ZX_split,2.2859477756802553,5.941421631356004,0.9825703884703993,0.017429611529600653,50,50,0,7,43,42,8,0,0,
18,3,100,XYZ_split,2.2859477756802553,5.941421631356004,0.9833289315761091,0.016671068423890878,33,33,34,5,28,28,5,17,17,
18,3,100,RL_adaptive,2.2859477756802553,5.941421631356004,0.9999602481710276,3.975182897242302e-05,27,42,31,3,24,39,3,11,20,0.9999602481710276
18,3,250,Z_only,2.2859477756802553,5.941421631356004,0.8278658836037777,0.17213411639622234,250,0,0,35,215,0,0,0,0,
18,3,250,ZX_split,2.2859477756802553,5.941421631356004,0.9803493707044981,0.019650629295501876,125,125,0,14,111,104,21,0,0,
18,3,250,XYZ_split,2.2859477756802553,5.941421631356004,0.9955445956120902,0.0044554043879098115,83,83,84,14,69,70,13,37,47,
18,3,250,RL_adaptive,2.2859477756802553,5.941421631356004,0.9973306694479063,0.0026693305520937294,108,62,80,18,90,53,9,34,46,0.9973306694479063
18,3,500,Z_only,2.2859477756802553,5.941421631356004,0.8278658836037777,0.17213411639622234,500,0,0,93,407,0,0,0,0,
18,3,500,ZX_split,2.2859477756802553,5.941421631356004,0.9835926367277565,0.016407363272243458,250,250,0,38,212,215,35,0,0,
18,3,500,XYZ_split,2.2859477756802553,5.941421631356004,0.9965527793549457,0.0034472206450543164,166,166,168,23,143,141,25,71,97,
18,3,500,RL_adaptive,2.2859477756802553,5.941421631356004,0.9995027766886487,0.0004972233113512692,139,174,187,20,119,149,25,71,116,0.9995027766886487
18,4,10,Z_only,2.2859477756802553,5.941421631356004,0.8278658836037777,0.17213411639622234,10,0,0,3,7,0,0,0,0,
18,4,10,ZX_split,2.2859477756802553,5.941421631356004,0.9833289315761091,0.016671068423890878,5,5,0,1,4,4,1,0,0,
18,4,10,XYZ_split,2.2859477756802553,5.941421631356004,0.9368682449736749,0.06313175502632506,3,3,4,0,3,2,1,1,3,
18,4,10,RL_adaptive,2.2859477756802553,5.941421631356004,0.8746964499826062,0.1253035500173938,2,4,4,1,1,4,0,1,3,0.8746964499826062
18,4,25,Z_only,2.2859477756802553,5.941421631356004,0.8278658836037777,0.17213411639622234,25,0,0,5,20,0,0,0,0,
18,4,25,ZX_split,2.2859477756802553,5.941421631356004,0.9729959425859415,0.027004057414058535,12,13,0,3,9,12,1,0,0,
18,4,25,XYZ_split,2.2859477756802553,5.941421631356004,0.9896871212174618,0.01031287878253817,8,8,9,2,6,7,1,4,5,
18,4,25,RL_adaptive,2.2859477756802553,5.941421631356004,0.9931757642833129,0.00682423571668711,9,9,7,1,8,9,0,3,4,0.9931757642833129
18,4,50,Z_only,2.2859477756802553,5.941421631356004,0.8278658836037777,0.17213411639622234,50,0,0,6,44,0,0,0,0,
18,4,50,ZX_split,2.2859477756802553,5.941421631356004,0.981744299477566,0.01825570052243397,25,25,0,2,23,22,3,0,0,
18,4,50,XYZ_split,2.2859477756802553,5.941421631356004,0.9749756806802559,0.025024319319744137,16,16,18,4,12,16,0,8,10,
18,4,50,RL_adaptive,2.2859477756802553,5.941421631356004,0.9589537171503784,0.04104628284962164,17,18,15,4,13,14,4,3,12,0.9589537171503784
18,4,100,Z_only,2.2859477756802553,5.941421631356004,0.8278658836037777,0.17213411639622234,100,0,0,25,75,0,0,0,0,
18,4,100,ZX_split,2.2859477756802553,5.941421631356004,0.9832418533659174,0.016758146634082594,50,50,0,9,41,44,6,0,0,
18,4,100,XYZ_split,2.2859477756802553,5.941421631356004,0.9937641582786073,0.0062358417213926876,33,33,34,8,25,29,4,14,20,
18,4,100,RL_adaptive,2.2859477756802553,5.941421631356004,0.9841345927462848,0.015865407253715214,27,41,32,4,23,30,11,11,21,0.9841345927462848
18,4,250,Z_only,2.2859477756802553,5.941421631356004,0.8278658836037777,0.17213411639622234,250,0,0,42,208,0,0,0,0,
18,4,250,ZX_split,2.2859477756802553,5.941421631356004,0.983720401357236,0.01627959864276396,125,125,0,21,104,107,18,0,0,
18,4,250,XYZ_split,2.2859477756802553,5.941421631356004,0.9943318588040682,0.005668141195931842,83,83,84,19,64,75,8,30,54,
18,4,250,RL_adaptive,2.2859477756802553,5.941421631356004,0.9997425832749919,0.0002574167250081194,111,59,80,14,97,53,6,30,50,0.9997425832749919
18,4,500,Z_only,2.2859477756802553,5.941421631356004,0.8278658836037777,0.17213411639622234,500,0,0,98,402,0,0,0,0,
18,4,500,ZX_split,2.2859477756802553,5.941421631356004,0.983123620077047,0.01687637992295299,250,250,0,45,205,221,29,0,0,
18,4,500,XYZ_split,2.2859477756802553,5.941421631356004,0.9981411729360722,0.0018588270639278148,166,166,168,32,134,138,28,71,97,
18,4,500,RL_adaptive,2.2859477756802553,5.941421631356004,0.9958894569330854,0.004110543066914607,139,171,190,21,118,153,18,82,108,0.9958894569330854
19,0,10,Z_only,1.7787190059761344,5.690762775590097,0.39678611622630017,0.6032138837736998,10,0,0,5,5,0,0,0,0,
19,0,10,ZX_split,1.7787190059761344,5.690762775590097,0.9182216509972403,0.08177834900275971,5,5,0,2,3,5,0,0,0,
19,0,10,XYZ_split,1.7787190059761344,5.690762775590097,0.8215035681943297,0.17849643180567032,3,3,4,0,3,2,1,1,3,
19,0,10,RL_adaptive,1.7787190059761344,5.690762775590097,0.9380720128792298,0.06192798712077019,2,3,5,0,2,3,0,1,4,0.9380720128792298
19,0,25,Z_only,1.7787190059761344,5.690762775590097,0.6032138837736999,0.3967861162263001,25,0,0,10,15,0,0,0,0,
19,0,25,ZX_split,1.7787190059761344,5.690762775590097,0.9176729279061171,0.0823270720938829,12,13,0,4,8,13,0,0,0,
19,0,25,XYZ_split,1.7787190059761344,5.690762775590097,0.988079529759277,0.011920470240722958,8,8,9,4,4,8,0,1,8,
19,0,25,RL_adaptive,1.7787190059761344,5.690762775590097,0.9599974826986698,0.0400025173013302,8,9,8,4,4,9,0,3,5,0.9599974826986698
19,0,50,Z_only,1.7787190059761344,5.690762775590097,0.6032138837736999,0.3967861162263001,50,0,0,18,32,0,0,0,0,
19,0,50,ZX_split,1.7787190059761344,5.690762775590097,0.8924463603471345,0.10755363965286546,25,25,0,8,17,19,6,0,0,
19,0,50,XYZ_split,1.7787190059761344,5.690762775590097,0.9956953788563124,0.00430462114368757,16,16,18,6,10,15,1,2,16,
19,0,50,RL_adaptive,1.7787190059761344,5.690762775590097,0.9924614956574189,0.007538504342581076,17,18,15,6,11,15,3,3,12,0.9924614956574189
19,0,100,Z_only,1.7787190059761344,5.690762775590097,0.6032138837736999,0.3967861162263001,100,0,0,46,54,0,0,0,0,
19,0,100,ZX_split,1.7787190059761344,5.690762775590097,0.91730737340672,0.08269262659328003,50,50,0,22,28,43,7,0,0,
19,0,100,XYZ_split,1.7787190059761344,5.690762775590097,0.9699563179921987,0.030043682007801276,33,33,34,19,14,31,2,6,28,
19,0,100,RL_adaptive,1.7787190059761344,5.690762775590097,0.9971351685419402,0.0028648314580598244,30,40,30,13,17,35,5,6,24,0.9971351685419402
19,0,250,Z_only,1.7787190059761344,5.690762775590097,0.6032138837736999,0.3967861162263001,250,0,0,96,154,0,0,0,0,
19,0,250,ZX_split,1.7787190059761344,5.690762775590097,0.9179131377146895,0.08208686228531048,125,125,0,54,71,108,17,0,0,
19,0,250,XYZ_split,1.7787190059761344,5.690762775590097,0.9981551931277951,0.001844806872204896,83,83,84,30,53,73,10,19,65,
19,0,250,RL_adaptive,1.7787190059761344,5.690762775590097,0.9877441801965741,0.012255819803425938,104,65,81,31,73,56,9,20,61,0.9877441801965741
19,0,500,Z_only,1.7787190059761344,5.690762775590097,0.6032138837736999,0.3967861162263001,500,0,0,216,284,0,0,0,0,
19,0,500,ZX_split,1.7787190059761344,5.690762775590097,0.9125295779732232,0.0874704220267768,250,250,0,117,133,230,20,0,0,
19,0,500,XYZ_split,1.7787190059761344,5.690762775590097,0.9975335935880786,0.002466406411921418,166,166,168,58,108,153,13,41,127,
19,0,500,RL_adaptive,1.7787190059761344,5.690762775590097,0.9927771064972516,0.0072228935027484065,143,173,184,52,91,159,14,56,128,0.9927771064972516
19,1,10,Z_only,1.7787190059761344,5.690762775590097,0.39678611622630017,0.6032138837736998,10,0,0,5,5,0,0,0,0,
19,1,10,ZX_split,1.7787190059761344,5.690762775590097,0.9011262945003893,0.09887370549961072,5,5,0,1,4,5,0,0,0,
19,1,10,XYZ_split,1.7787190059761344,5.690762775590097,0.9944449461142978,0.00555505388570221,3,3,4,1,2,3,0,1,3,
19,1,10,RL_adaptive,1.7787190059761344,5.690762775590097,0.8383459289920212,0.1616540710079788,3,3,4,2,1,2,1,0,4,0.8383459289920212
19,1,25,Z_only,1.7787190059761344,5.690762775590097,0.6032138837736999,0.3967861162263001,25,0,0,6,19,0,0,0,0,
19,1,25,ZX_split,1.7787190059761344,5.690762775590097,0.8894540755514094,0.11054592444859057,12,13,0,3,9,11,2,0,0,
19,1,25,XYZ_split,1.7787190059761344,5.690762775590097,0.9818268132512259,0.018173186748774106,8,8,9,4,4,7,1,3,6,
19,1,25,RL_adaptive,1.7787190059761344,5.690762775590097,0.9509641499945453,0.04903585000545474,8,9,8,5,3,9,0,2,6,0.9509641499945453
19,1,50,Z_only,1.7787190059761344,5.690762775590097,0.6032138837736999,0.3967861162263001,50,0,0,19,31,0,0,0,0,
19,1,50,ZX_split,1.7787190059761344,5.690762775590097,0.9186593760028271,0.0813406239971729,25,25,0,9,16,25,0,0,0,
19,1,50,XYZ_split,1.7787190059761344,5.690762775590097,0.9971966718322326,0.002803328167767405,16,16,18,7,9,13,3,6,12,
19,1,50,RL_adaptive,1.7787190059761344,5.690762775590097,0.9856445379604513,0.014355462039548739,17,18,15,8,9,17,1,1,14,0.9856445379604513
19,1,100,Z_only,1.7787190059761344,5.690762775590097,0.6032138837736999,0.3967861162263001,100,0,0,37,63,0,0,0,0,
19,1,100,ZX_split,1.7787190059761344,5.690762775590097,0.9124689752612368,0.08753102473876317,50,50,0,16,34,45,5,0,0,
19,1,100,XYZ_split,1.7787190059761344,5.690762775590097,0.9880015197711473,0.011998480228852748,33,33,34,16,17,32,1,9,25,
19,1,100,RL_adaptive,1.7787190059761344,5.690762775590097,0.9688807765054247,0.0311192234945753,28,41,31,5,23,37,4,5,26,0.9688807765054247
19,1,250,Z_only,1.7787190059761344,5.690762775590097,0.6032138837736999,0.3967861162263001,250,0,0,97,153,0,0,0,0,
19,1,250,ZX_split,1.7787190059761344,5.690762775590097,0.9168579950350293,0.0831420049649707,125,125,0,44,81,114,11,0,0,
19,1,250,XYZ_split,1.7787190059761344,5.690762775590097,0.997111072424156,0.0028889275758440247,83,83,84,36,47,78,5,21,63,
19,1,250,RL_adaptive,1.7787190059761344,5.690762775590097,0.9926302558640618,0.007369744135938161,102,66,82,35,67,55,11,18,64,0.9926302558640618
19,1,500,Z_only,1.7787190059761344,5.690762775590097,0.6032138837736999,0.3967861162263001,500,0,0,204,296,0,0,0,0,
19,1,500,ZX_split,1.7787190059761344,5.690762775590097,0.918222893604856,0.08177710639514402,250,250,0,94,156,225,25,0,0,
19,1,500,XYZ_split,1.7787190059761344,5.690762775590097,0.998898832762926,0.0011011672370739856,166,166,168,61,105,148,18,40,128,
19,1,500,RL_adaptive,1.7787190059761344,5.690762775590097,0.9983941215126999,0.0016058784873000942,143,174,183,58,85,159,15,49,134,0.9983941215126999
19,2,10,Z_only,1.7787190059761344,5.690762775590097,0.6032138837736999,0.3967861162263001,10,0,0,4,6,0,0,0,0,
19,2,10,ZX_split,1.7787190059761344,5.690762775590097,0.9011262945003893,0.09887370549961072,5,5,0,1,4,5,0,0,0,
19,2,10,XYZ_split,1.7787190059761344,5.690762775590097,0.9354655839578983,0.06453441604210175,3,3,4,2,1,3,0,1,3,
19,2,10,RL_adaptive,1.7787190059761344,5.690762775590097,0.8455681315361079,0.15443186846389212,3,3,4,2,1,2,1,1,3,0.8455681315361079
19,2,25,Z_only,1.7787190059761344,5.690762775590097,0.6032138837736999,0.3967861162263001,25,0,0,11,14,0,0,0,0,
19,2,25,ZX_split,1.7787190059761344,5.690762775590097,0.918232234761794,0.08176776523820595,12,13,0,5,7,10,3,0,0,
19,2,25,XYZ_split,1.7787190059761344,5.690762775590097,0.8295505447606651,0.17044945523933486,8,8,9,1,7,7,1,5,4,
19,2,25,RL_adaptive,1.7787190059761344,5.690762775590097,0.9358998592183744,0.06410014078162563,8,9,8,4,4,7,2,0,8,0.9358998592183744
19,2,50,Z_only,1.7787190059761344,5.690762775590097,0.6032138837736999,0.3967861162263001,50,0,0,19,31,0,0,0,0,
19,2,50,ZX_split,1.7787190059761344,5.690762775590097,0.8871855361884198,0.11281446381158022,25,25,0,14,11,23,2,0,0,
19,2,50,XYZ_split,1.7787190059761344,5.690762775590097,0.9938709583992204,0.00612904160077965,16,16,18,7,9,14,2,3,15,
19,2,50,RL_adaptive,1.7787190059761344,5.690762775590097,0.9868712502452526,0.013128749754747426,18,17,15,5,13,17,0,4,11,0.9868712502452526
19,2,100,Z_only,1.7787190059761344,5.690762775590097,0.6032138837736999,0.3967861162263001,100,0,0,44,56,0,0,0,0,
19,2,100,ZX_split,1.7787190059761344,5.690762775590097,0.9138186964738558,0.08618130352614417,50,50,0,23,27,46,4,0,0,
19,2,100,XYZ_split,1.7787190059761344,5.690762775590097,0.9779999378699797,0.02200006213002026,33,33,34,10,23,27,6,5,29,
19,2,100,RL_adaptive,1.7787190059761344,5.690762775590097,0.9992452917031354,0.0007547082968646368,29,40,31,12,17,37,3,6,25,0.9992452917031354
19,2,250,Z_only,1.7787190059761344,5.690762775590097,0.6032138837736999,0.3967861162263001,250,0,0,97,153,0,0,0,0,
19,2,250,ZX_split,1.7787190059761344,5.690762775590097,0.9185110645963648,0.08148893540363522,125,125,0,52,73,111,14,0,0,
19,2,250,XYZ_split,1.7787190059761344,5.690762775590097,0.9990089340483931,0.0009910659516069176,83,83,84,35,48,73,10,23,61,
19,2,250,RL_adaptive,1.7787190059761344,5.690762775590097,0.9926002247649185,0.007399775235081507,106,62,82,32,74,57,5,19,63,0.9926002247649185
19,2,500,Z_only,1.7787190059761344,5.690762775590097,0.6032138837736999,0.3967861162263001,500,0,0,214,286,0,0,0,0,
19,2,500,ZX_split,1.7787190059761344,5.690762775590097,0.9117803995415142,0.08821960045848576,250,250,0,118,132,231,19,0,0,
19,2,500,XYZ_split,1.7787190059761344,5.690762775590097,0.9996819567763401,0.000318043223659914,166,166,168,67,99,152,14,34,134,
19,2,500,RL_adaptive,1.7787190059761344,5.690762775590097,0.991479832944618,0.008520167055382055,145,176,179,70,75,159,17,34,145,0.991479832944618
19,3,10,Z_only,1.7787190059761344,5.690762775590097,0.6032138837736999,0.3967861162263001,10,0,0,4,6,0,0,0,0,
19,3,10,ZX_split,1.7787190059761344,5.690762775590097,0.9011262945003893,0.09887370549961072,5,5,0,1,4,5,0,0,0,
19,3,10,XYZ_split,1.7787190059761344,5.690762775590097,0.4480429847831408,0.5519570152168591,3,3,4,2,1,2,1,3,1,
19,3,10,RL_adaptive,1.7787190059761344,5.690762775590097,0.831772521601188,0.16822747839881202,2,3,5,0,2,2,1,1,4,0.831772521601188
19,3,25,Z_only,1.7787190059761344,5.690762775590097,0.6032138837736999,0.3967861162263001,25,0,0,10,15,0,0,0,0,
19,3,25,ZX_split,1.7787190059761344,5.690762775590097,0.9181568604780038,0.08184313952199618,12,13,0,5,7,12,1,0,0,
19,3,25,XYZ_split,1.7787190059761344,5.690762775590097,0.9893189525530268,0.01068104744697318,8,8,9,3,5,7,1,1,8,
19,3,25,RL_adaptive,1.7787190059761344,5.690762775590097,0.9713649446039739,0.028635055396026066,8,9,8,3,5,9,0,3,5,0.9713649446039739
19,3,50,Z_only,1.7787190059761344,5.690762775590097,0.6032138837736999,0.3967861162263001,50,0,0,19,31,0,0,0,0,
19,3,50,ZX_split,1.7787190059761344,5.690762775590097,0.9112218579441858,0.08877814205581425,25,25,0,12,13,21,4,0,0,
19,3,50,XYZ_split,1.7787190059761344,5.690762775590097,0.9866649207180497,0.013335079281950324,16,16,18,8,8,13,3,6,12,
19,3,50,RL_adaptive,1.7787190059761344,5.690762775590097,0.9952304955712664,0.004769504428733584,17,18,15,7,10,15,3,3,12,0.9952304955712664
19,3,100,Z_only,1.7787190059761344,5.690762775590097,0.6032138837736999,0.3967861162263001,100,0,0,34,66,0,0,0,0,
19,3,100,ZX_split,1.7787190059761344,5.690762775590097,0.91730737340672,0.08269262659328003,50,50,0,22,28,43,7,0,0,
19,3,100,XYZ_split,1.7787190059761344,5.690762775590097,0.9992346181881036,0.0007653818118964484,33,33,34,12,21,31,2,6,28,
19,3,100,RL_adaptive,1.7787190059761344,5.690762775590097,0.9861977657359398,0.013802234264060242,29,41,30,11,18,39,2,10,20,0.9861977657359398
19,3,250,Z_only,1.7787190059761344,5.690762775590097,0.6032138837736999,0.3967861162263001,250,0,0,104,146,0,0,0,0,
19,3,250,ZX_split,1.7787190059761344,5.690762775590097,0.9176729279061171,0.0823270720938829,125,125,0,47,78,109,16,0,0,
19,3,250,XYZ_split,1.7787190059761344,5.690762775590097,0.9962877020327188,0.0037122979672812306,83,83,84,31,52,78,5,23,61,
19,3,250,RL_adaptive,1.7787190059761344,5.690762775590097,0.9969248274731974,0.003075172526802561,104,62,84,41,63,58,4,23,61,0.9969248274731974
19,3,500,Z_only,1.7787190059761344,5.690762775590097,0.6032138837736999,0.3967861162263001,500,0,0,206,294,0,0,0,0,
19,3,500,ZX_split,1.7787190059761344,5.690762775590097,0.917762417556347,0.08223758244365298,250,250,0,92,158,225,25,0,0,
19,3,500,XYZ_split,1.7787190059761344,5.690762775590097,0.9987659666545182,0.0012340333454817776,166,166,168,71,95,154,12,38,130,
19,3,500,RL_adaptive,1.7787190059761344,5.690762775590097,0.9986864119776513,0.0013135880223487106,143,177,180,51,92,162,15,36,144,0.9986864119776513
19,4,10,Z_only,1.7787190059761344,5.690762775590097,0.6032138837736999,0.3967861162263001,10,0,0,2,8,0,0,0,0,
19,4,10,ZX_split,1.7787190059761344,5.690762775590097,0.8777378350406407,0.12226216495935927,5,5,0,3,2,5,0,0,0,
19,4,10,XYZ_split,1.7787190059761344,5.690762775590097,0.9910223616900152,0.00897763830998477,3,3,4,1,2,3,0,0,4,
19,4,10,RL_adaptive,1.7787190059761344,5.690762775590097,0.9910223616900152,0.00897763830998477,3,3,4,1,2,3,0,0,4,0.9910223616900152
19,4,25,Z_only,1.7787190059761344,5.690762775590097,0.6032138837736999,0.3967861162263001,25,0,0,10,15,0,0,0,0,
19,4,25,ZX_split,1.7787190059761344,5.690762775590097,0.9104574994612458,0.08954250053875423,12,13,0,4,8,11,2,0,0,
19,4,25,XYZ_split,1.7787190059761344,5.690762775590097,0.9874511543470277,0.012548845652972318,8,8,9,4,4,8,0,2,7,
19,4,25,RL_adaptive,1.7787190059761344,5.690762775590097,0.9907860441923215,0.009213955807678476,8,9,8,3,5,9,0,0,8,0.9907860441923215
19,4,50,Z_only,1.7787190059761344,5.690762775590097,0.6032138837736999,0.3967861162263001,50,0,0,19,31,0,0,0,0,
19,4,50,ZX_split,1.7787190059761344,5.690762775590097,0.9106735611296848,0.08932643887031522,25,25,0,7,18,24,1,0,0,
19,4,50,XYZ_split,1.7787190059761344,5.690762775590097,0.9890562723709317,0.010943727629068256,16,16,18,8,8,15,1,4,14,
19,4,50,RL_adaptive,1.7787190059761344,5.690762775590097,0.9872462677931204,0.012753732206879587,17,18,15,7,10,14,4,3,12,0.9872462677931204
19,4,100,Z_only,1.7787190059761344,5.690762775590097,0.6032138837736999,0.3967861162263001,100,0,0,46,54,0,0,0,0,
19,4,100,ZX_split,1.7787190059761344,5.690762775590097,0.9163788310400125,0.0836211689599875,50,50,0,22,28,46,4,0,0,
19,4,100,XYZ_split,1.7787190059761344,5.690762775590097,0.8271836269153426,0.17281637308465736,33,33,34,20,13,27,6,18,16,
19,4,100,RL_adaptive,1.7787190059761344,5.690762775590097,0.9994392068964199,0.0005607931035801483,29,40,31,11,18,38,2,7,24,0.9994392068964199
19,4,250,Z_only,1.7787190059761344,5.690762775590097,0.6032138837736999,0.3967861162263001,250,0,0,93,157,0,0,0,0,
19,4,250,ZX_split,1.7787190059761344,5.690762775590097,0.9187790522133729,0.08122094778662714,125,125,0,49,76,116,9,0,0,
19,4,250,XYZ_split,1.7787190059761344,5.690762775590097,0.9984727241350014,0.0015272758649985674,83,83,84,30,53,74,9,20,64,
19,4,250,RL_adaptive,1.7787190059761344,5.690762775590097,0.994958735654891,0.005041264345108987,104,62,84,43,61,57,5,25,59,0.994958735654891
19,4,500,Z_only,1.7787190059761344,5.690762775590097,0.6032138837736999,0.3967861162263001,500,0,0,196,304,0,0,0,0,
19,4,500,ZX_split,1.7787190059761344,5.690762775590097,0.9184766048138215,0.08152339518617846,250,250,0,94,156,230,20,0,0,
19,4,500,XYZ_split,1.7787190059761344,5.690762775590097,0.9997396249629036,0.0002603750370964164,166,166,168,64,102,148,18,38,130,
19,4,500,RL_adaptive,1.7787190059761344,5.690762775590097,0.9997168771344314,0.0002831228655686413,143,175,182,58,85,158,17,45,137,0.9997168771344314
20,0,10,Z_only,2.5386194942390277,3.87066411030052,0.9118265987430603,0.08817340125693973,10,0,0,0,10,0,0,0,0,
20,0,10,ZX_split,2.5386194942390277,3.87066411030052,0.8623570375431487,0.13764296245685126,5,5,0,0,5,3,2,0,0,
20,0,10,XYZ_split,2.5386194942390277,3.87066411030052,0.9943674321919829,0.00563256780801713,3,3,4,0,3,1,2,1,3,
20,0,10,RL_adaptive,2.5386194942390277,3.87066411030052,0.9407354049782026,0.05926459502179737,3,3,4,1,2,1,2,2,2,0.9407354049782026
20,0,25,Z_only,2.5386194942390277,3.87066411030052,0.9118265987430603,0.08817340125693973,25,0,0,1,24,0,0,0,0,
20,0,25,ZX_split,2.5386194942390277,3.87066411030052,0.9125528026418,0.08744719735819995,12,13,0,3,9,2,11,0,0,
20,0,25,XYZ_split,2.5386194942390277,3.87066411030052,0.9770931168538182,0.022906883146181833,8,8,9,1,7,1,7,3,6,
20,0,25,RL_adaptive,2.5386194942390277,3.87066411030052,0.9188787605680314,0.08112123943196858,9,9,7,1,8,4,5,0,7,0.9188787605680314
20,0,50,Z_only,2.5386194942390277,3.87066411030052,0.9118265987430603,0.08817340125693973,50,0,0,5,45,0,0,0,0,
20,0,50,ZX_split,2.5386194942390277,3.87066411030052,0.9555935723682333,0.04440642763176672,25,25,0,4,21,6,19,0,0,
20,0,50,XYZ_split,2.5386194942390277,3.87066411030052,0.8714582301723477,0.1285417698276523,16,16,18,2,14,9,7,9,9,
20,0,50,RL_adaptive,2.5386194942390277,3.87066411030052,0.9303013115704881,0.06969868842951188,18,17,15,5,13,7,10,8,7,0.9303013115704881
20,0,100,Z_only,2.5386194942390277,3.87066411030052,0.9118265987430603,0.08817340125693973,100,0,0,7,93,0,0,0,0,
20,0,100,ZX_split,2.5386194942390277,3.87066411030052,0.9612333539963,0.038766646003699945,50,50,0,3,47,16,34,0,0,
20,0,100,XYZ_split,2.5386194942390277,3.87066411030052,0.9932872598921351,0.006712740107864934,33,33,34,6,27,9,24,10,24,
20,0,100,RL_adaptive,2.5386194942390277,3.87066411030052,0.995105221344935,0.004894778655065046,28,40,32,2,26,14,26,9,23,0.995105221344935
20,0,250,Z_only,2.5386194942390277,3.87066411030052,0.9118265987430603,0.08817340125693973,250,0,0,24,226,0,0,0,0,
20,0,250,ZX_split,2.5386194942390277,3.87066411030052,0.9625870034696017,0.03741299653039831,125,125,0,12,113,34,91,0,0,
20,0,250,XYZ_split,2.5386194942390277,3.87066411030052,0.9853682678024318,0.014631732197568192,83,83,84,7,76,32,51,33,51,
20,0,250,RL_adaptive,2.5386194942390277,3.87066411030052,0.9990890604490524,0.0009109395509475648,90,91,69,5,85,23,68,18,51,0.9990890604490524
20,0,500,Z_only,2.5386194942390277,3.87066411030052,0.9118265987430603,0.08817340125693973,500,0,0,34,466,0,0,0,0,
20,0,500,ZX_split,2.5386194942390277,3.87066411030052,0.9622461689079196,0.037753831092080414,250,250,0,31,219,70,180,0,0,
20,0,500,XYZ_split,2.5386194942390277,3.87066411030052,0.9983969648195097,0.0016030351804903198,166,166,168,11,155,46,120,58,110,
20,0,500,RL_adaptive,2.5386194942390277,3.87066411030052,0.9959109920014629,0.004089007998537064,132,187,181,9,123,65,122,59,122,0.9959109920014629
20,1,10,Z_only,2.5386194942390277,3.87066411030052,0.9118265987430603,0.08817340125693973,10,0,0,1,9,0,0,0,0,
20,1,10,ZX_split,2.5386194942390277,3.87066411030052,0.9575648757380932,0.042435124261906765,5,5,0,1,4,2,3,0,0,
20,1,10,XYZ_split,2.5386194942390277,3.87066411030052,0.8324595304504698,0.16754046954953017,3,3,4,0,3,1,2,3,1,
20,1,10,RL_adaptive,2.5386194942390277,3.87066411030052,0.9628433262051272,0.03715667379487275,2,3,5,0,2,0,3,2,3,0.9628433262051272
20,1,25,Z_only,2.5386194942390277,3.87066411030052,0.9118265987430603,0.08817340125693973,25,0,0,3,22,0,0,0,0,
20,1,25,ZX_split,2.5386194942390277,3.87066411030052,0.9628580697883106,0.03714193021168943,12,13,0,0,12,3,10,0,0,
20,1,25,XYZ_split,2.5386194942390277,3.87066411030052,0.9504260856667163,0.04957391433328373,8,8,9,0,8,4,4,3,6,
20,1,25,RL_adaptive,2.5386194942390277,3.87066411030052,0.9720778777128057,0.027922122287194262,9,9,7,0,9,4,5,2,5,0.9720778777128057
20,1,50,Z_only,2.5386194942390277,3.87066411030052,0.9118265987430603,0.08817340125693973,50,0,0,3,47,0,0,0,0,
20,1,50,ZX_split,2.5386194942390277,3.87066411030052,0.9520840507746164,0.04791594922538356,25,25,0,3,22,10,15,0,0,
20,1,50,XYZ_split,2.5386194942390277,3.87066411030052,0.9794012334809854,0.0205987665190146,16,16,18,2,14,6,10,8,10,
20,1,50,RL_adaptive,2.5386194942390277,3.87066411030052,0.9843607622302764,0.015639237769723646,17,18,15,0,17,7,11,5,10,0.9843607622302764
20,1,100,Z_only,2.5386194942390277,3.87066411030052,0.9118265987430603,0.08817340125693973,100,0,0,10,90,0,0,0,0,
20,1,100,ZX_split,2.5386194942390277,3.87066411030052,0.9627591168678188,0.03724088313218121,50,50,0,5,45,14,36,0,0,
20,1,100,XYZ_split,2.5386194942390277,3.87066411030052,0.9735344812633105,0.026465518736689453,33,33,34,5,28,8,25,5,29,
20,1,100,RL_adaptive,2.5386194942390277,3.87066411030052,0.9970637278532607,0.002936272146739305,28,40,32,4,24,12,28,9,23,0.9970637278532607
20,1,250,Z_only,2.5386194942390277,3.87066411030052,0.9118265987430603,0.08817340125693973,250,0,0,25,225,0,0,0,0,
20,1,250,ZX_split,2.5386194942390277,3.87066411030052,0.9629466122424959,0.03705338775750411,125,125,0,9,116,35,90,0,0,
20,1,250,XYZ_split,2.5386194942390277,3.87066411030052,0.9991439840356952,0.0008560159643048459,83,83,84,10,73,23,60,28,56,
20,1,250,RL_adaptive,2.5386194942390277,3.87066411030052,0.9892844584458637,0.010715541554136343,93,86,71,10,83,32,54,18,53,0.9892844584458637
20,1,500,Z_only,2.5386194942390277,3.87066411030052,0.9118265987430603,0.08817340125693973,500,0,0,39,461,0,0,0,0,
20,1,500,ZX_split,2.5386194942390277,3.87066411030052,0.9625048826907899,0.03749511730921007,250,250,0,25,225,68,182,0,0,
20,1,500,XYZ_split,2.5386194942390277,3.87066411030052,0.999961358651513,3.864134848696743e-05,166,166,168,16,150,49,117,54,114,
20,1,500,RL_adaptive,2.5386194942390277,3.87066411030052,0.9998452534756065,0.000154746524393512,132,186,182,15,117,56,130,61,121,0.9998452534756065
20,2,10,Z_only,2.5386194942390277,3.87066411030052,0.9118265987430603,0.08817340125693973,10,0,0,0,10,0,0,0,0,
20,2,10,ZX_split,2.5386194942390277,3.87066411030052,0.9407354049782026,0.05926459502179737,5,5,0,0,5,0,5,0,0,
20,2,10,XYZ_split,2.5386194942390277,3.87066411030052,0.968916117021954,0.031083882978045985,3,3,4,0,3,0,3,0,4,
20,2,10,RL_adaptive,2.5386194942390277,3.87066411030052,0.9910993129447496,0.008900687055250378,2,3,5,0,2,1,2,1,4,0.9910993129447496
20,2,25,Z_only,2.5386194942390277,3.87066411030052,0.9118265987430603,0.08817340125693973,25,0,0,3,22,0,0,0,0,
20,2,25,ZX_split,2.5386194942390277,3.87066411030052,0.9125528026418,0.08744719735819995,12,13,0,3,9,2,11,0,0,
20,2,25,XYZ_split,2.5386194942390277,3.87066411030052,0.9186567822968146,0.08134321770318542,8,8,9,1,7,1,7,5,4,
20,2,25,RL_adaptive,2.5386194942390277,3.87066411030052,0.9239411912449315,0.07605880875506854,9,9,7,1,8,3,6,4,3,0.9239411912449315
20,2,50,Z_only,2.5386194942390277,3.87066411030052,0.9118265987430603,0.08817340125693973,50,0,0,2,48,0,0,0,0,
20,2,50,ZX_split,2.5386194942390277,3.87066411030052,0.9580300105917233,0.041969989408276676,25,25,0,2,23,5,20,0,0,
20,2,50,XYZ_split,2.5386194942390277,3.87066411030052,0.9952502999680838,0.004749700031916215,16,16,18,0,16,5,11,6,12,
20,2,50,RL_adaptive,2.5386194942390277,3.87066411030052,0.9883164434123028,0.011683556587697153,17,18,15,0,17,4,14,6,9,0.9883164434123028
20,2,100,Z_only,2.5386194942390277,3.87066411030052,0.9118265987430603,0.08817340125693973,100,0,0,8,92,0,0,0,0,
20,2,100,ZX_split,2.5386194942390277,3.87066411030052,0.9599614445383219,0.040038555461678116,50,50,0,4,46,11,39,0,0,
20,2,100,XYZ_split,2.5386194942390277,3.87066411030052,0.9908881555595002,0.009111844440499839,33,33,34,1,32,10,23,6,28,
20,2,100,RL_adaptive,2.5386194942390277,3.87066411030052,0.9995456519900919,0.0004543480099080677,28,40,32,3,25,11,29,10,22,0.9995456519900919
20,2,250,Z_only,2.5386194942390277,3.87066411030052,0.9118265987430603,0.08817340125693973,250,0,0,20,230,0,0,0,0,
20,2,250,ZX_split,2.5386194942390277,3.87066411030052,0.9600803515985981,0.03991964840140194,125,125,0,12,113,29,96,0,0,
20,2,250,XYZ_split,2.5386194942390277,3.87066411030052,0.9959593053922052,0.00404069460779477,83,83,84,7,76,27,56,31,53,
20,2,250,RL_adaptive,2.5386194942390277,3.87066411030052,0.9996455674023743,0.0003544325976256868,91,89,70,9,82,27,62,21,49,0.9996455674023743
20,2,500,Z_only,2.5386194942390277,3.87066411030052,0.9118265987430603,0.08817340125693973,500,0,0,41,459,0,0,0,0,
20,2,500,ZX_split,2.5386194942390277,3.87066411030052,0.9609084140223849,0.039091585977615084,250,250,0,20,230,83,167,0,0,
20,2,500,XYZ_split,2.5386194942390277,3.87066411030052,0.992125228604456,0.007874771395544045,166,166,168,10,156,51,115,66,102,
20,2,500,RL_adaptive,2.5386194942390277,3.87066411030052,0.9992324606210132,0.0007675393789867702,132,189,179,11,121,55,134,50,129,0.9992324606210132
20,3,10,Z_only,2.5386194942390277,3.87066411030052,0.9118265987430603,0.08817340125693973,10,0,0,0,10,0,0,0,0,
20,3,10,ZX_split,2.5386194942390277,3.87066411030052,0.9619374687830622,0.03806253121693781,5,5,0,0,5,1,4,0,0,
20,3,10,XYZ_split,2.5386194942390277,3.87066411030052,0.8735289245376329,0.12647107546236713,3,3,4,0,3,2,1,1,3,
20,3,10,RL_adaptive,2.5386194942390277,3.87066411030052,0.8748663242538667,0.12513367574613332,2,3,5,0,2,2,1,1,4,0.8748663242538667
20,3,25,Z_only,2.5386194942390277,3.87066411030052,0.9118265987430603,0.08817340125693973,25,0,0,4,21,0,0,0,0,
20,3,25,ZX_split,2.5386194942390277,3.87066411030052,0.9589699614694418,0.0410300385305582,12,13,0,0,12,2,11,0,0,
20,3,25,XYZ_split,2.5386194942390277,3.87066411030052,0.8638283540033319,0.1361716459966681,8,8,9,1,7,1,7,6,3,
20,3,25,RL_adaptive,2.5386194942390277,3.87066411030052,0.8266553487088293,0.17334465129117071,9,9,7,1,8,3,6,5,2,0.8266553487088293
20,3,50,Z_only,2.5386194942390277,3.87066411030052,0.9118265987430603,0.08817340125693973,50,0,0,6,44,0,0,0,0,
20,3,50,ZX_split,2.5386194942390277,3.87066411030052,0.9604681440838432,0.03953185591615682,25,25,0,1,24,5,20,0,0,
20,3,50,XYZ_split,2.5386194942390277,3.87066411030052,0.9986164360017935,0.001383563998206494,16,16,18,0,16,4,12,4,14,
20,3,50,RL_adaptive,2.5386194942390277,3.87066411030052,0.9832699155902566,0.01673008440974344,17,18,15,1,16,2,16,5,10,0.9832699155902566
20,3,100,Z_only,2.5386194942390277,3.87066411030052,0.9118265987430603,0.08817340125693973,100,0,0,9,91,0,0,0,0,
20,3,100,ZX_split,2.5386194942390277,3.87066411030052,0.9612333539963,0.038766646003699945,50,50,0,3,47,16,34,0,0,
20,3,100,XYZ_split,2.5386194942390277,3.87066411030052,0.9990360707151013,0.0009639292848987457,33,33,34,4,29,10,23,10,24,
20,3,100,RL_adaptive,2.5386194942390277,3.87066411030052,0.9970700610267197,0.0029299389732803105,28,40,32,1,27,12,28,11,21,0.9970700610267197
20,3,250,Z_only,2.5386194942390277,3.87066411030052,0.9118265987430603,0.08817340125693973,250,0,0,28,222,0,0,0,0,
20,3,250,ZX_split,2.5386194942390277,3.87066411030052,0.9627232217506663,0.03727677824933373,125,125,0,11,114,34,91,0,0,
20,3,250,XYZ_split,2.5386194942390277,3.87066411030052,0.9814639913863036,0.01853600861369642,83,83,84,9,74,21,62,37,47,
20,3,250,RL_adaptive,2.5386194942390277,3.87066411030052,0.9897041152100535,0.010295884789946474,93,87,70,4,89,27,60,28,42,0.9897041152100535
20,3,500,Z_only,2.5386194942390277,3.87066411030052,0.9118265987430603,0.08817340125693973,500,0,0,32,468,0,0,0,0,
20,3,500,ZX_split,2.5386194942390277,3.87066411030052,0.961604292386544,0.03839570761345601,250,250,0,24,226,63,187,0,0,
20,3,500,XYZ_split,2.5386194942390277,3.87066411030052,0.9997274051667547,0.00027259483324526546,166,166,168,15,151,47,119,55,113,
20,3,500,RL_adaptive,2.5386194942390277,3.87066411030052,0.9994379768070035,0.0005620231929964747,131,189,180,9,122,48,141,56,124,0.9994379768070035
20,4,10,Z_only,2.5386194942390277,3.87066411030052,0.9118265987430603,0.08817340125693973,10,0,0,2,8,0,0,0,0,
20,4,10,ZX_split,2.5386194942390277,3.87066411030052,0.9407354049782026,0.05926459502179737,5,5,0,1,4,1,4,0,0,
20,4,10,XYZ_split,2.5386194942390277,3.87066411030052,0.8798764548502983,0.1201235451497017,3,3,4,1,2,0,3,1,3,
20,4,10,RL_adaptive,2.5386194942390277,3.87066411030052,0.9143329805064419,0.08566701949355815,2,3,5,0,2,1,2,3,2,0.9143329805064419
20,4,25,Z_only,2.5386194942390277,3.87066411030052,0.9118265987430603,0.08817340125693973,25,0,0,1,24,0,0,0,0,
20,4,25,ZX_split,2.5386194942390277,3.87066411030052,0.9488306646054987,0.0511693353945013,12,13,0,0,12,5,8,0,0,
20,4,25,XYZ_split,2.5386194942390277,3.87066411030052,0.8896538076543098,0.11034619234569021,8,8,9,0,8,2,6,6,3,
20,4,25,RL_adaptive,2.5386194942390277,3.87066411030052,0.9709685633149208,0.029031436685079237,10,8,7,0,10,2,6,0,7,0.9709685633149208
20,4,50,Z_only,2.5386194942390277,3.87066411030052,0.9118265987430603,0.08817340125693973,50,0,0,5,45,0,0,0,0,
20,4,50,ZX_split,2.5386194942390277,3.87066411030052,0.9629405359467609,0.03705946405323912,25,25,0,0,25,6,19,0,0,
20,4,50,XYZ_split,2.5386194942390277,3.87066411030052,0.9983779997931574,0.0016220002068425554,16,16,18,1,15,5,11,5,13,
20,4,50,RL_adaptive,2.5386194942390277,3.87066411030052,0.8939548384424406,0.10604516155755939,18,17,15,1,17,7,10,9,6,0.8939548384424406
20,4,100,Z_only,2.5386194942390277,3.87066411030052,0.9118265987430603,0.08817340125693973,100,0,0,10,90,0,0,0,0,
20,4,100,ZX_split,2.5386194942390277,3.87066411030052,0.9609738992106518,0.039026100789348206,50,50,0,3,47,11,39,0,0,
20,4,100,XYZ_split,2.5386194942390277,3.87066411030052,0.9947287522766433,0.005271247723356742,33,33,34,1,32,7,26,12,22,
20,4,100,RL_adaptive,2.5386194942390277,3.87066411030052,0.9892351455749856,0.010764854425014403,28,40,32,4,24,8,32,10,22,0.9892351455749856
20,4,250,Z_only,2.5386194942390277,3.87066411030052,0.9118265987430603,0.08817340125693973,250,0,0,18,232,0,0,0,0,
20,4,250,ZX_split,2.5386194942390277,3.87066411030052,0.9628102665588409,0.037189733441159056,125,125,0,12,113,35,90,0,0,
20,4,250,XYZ_split,2.5386194942390277,3.87066411030052,0.9952872597431304,0.00471274025686963,83,83,84,7,76,24,59,32,52,
20,4,250,RL_adaptive,2.5386194942390277,3.87066411030052,0.9979433688220906,0.0020566311779094404,88,93,69,8,80,22,71,21,48,0.9979433688220906
20,4,500,Z_only,2.5386194942390277,3.87066411030052,0.9118265987430603,0.08817340125693973,500,0,0,37,463,0,0,0,0,
20,4,500,ZX_split,2.5386194942390277,3.87066411030052,0.9621171595457625,0.03788284045423751,250,250,0,25,225,81,169,0,0,
20,4,500,XYZ_split,2.5386194942390277,3.87066411030052,0.9929313735592591,0.0070686264407409105,166,166,168,22,144,38,128,45,123,
20,4,500,RL_adaptive,2.5386194942390277,3.87066411030052,0.9979374283982243,0.002062571601775698,132,186,182,11,121,61,125,62,120,0.9979374283982243
21,0,10,Z_only,2.4964034862849602,3.859931570274658,0.8994930127788727,0.10050698722112728,10,0,0,1,9,0,0,0,0,
21,0,10,ZX_split,2.4964034862849602,3.859931570274658,0.9505793736007233,0.04942062639927669,5,5,0,1,4,2,3,0,0,
21,0,10,XYZ_split,2.4964034862849602,3.859931570274658,0.8625508220619363,0.13744917793806366,3,3,4,0,3,2,1,1,3,
21,0,10,RL_adaptive,2.4964034862849602,3.859931570274658,0.9475742478161863,0.052425752183813734,3,3,4,1,2,1,2,1,3,0.9475742478161863
21,0,25,Z_only,2.4964034862849602,3.859931570274658,0.8994930127788727,0.10050698722112728,25,0,0,2,23,0,0,0,0,
21,0,25,ZX_split,2.4964034862849602,3.859931570274658,0.9546728778631862,0.04532712213681378,12,13,0,3,9,4,9,0,0,
21,0,25,XYZ_split,2.4964034862849602,3.859931570274658,0.9987104096873686,0.0012895903126314279,8,8,9,0,8,2,6,2,7,
21,0,25,RL_adaptive,2.4964034862849602,3.859931570274658,0.9494269002937746,0.050573099706225366,9,9,7,1,8,4,5,1,6,0.9494269002937746
21,0,50,Z_only,2.4964034862849602,3.859931570274658,0.8994930127788727,0.10050698722112728,50,0,0,4,46,0,0,0,0,
21,0,50,ZX_split,2.4964034862849602,3.859931570274658,0.958830115815244,0.04116988418475598,25,25,0,2,23,6,19,0,0,
21,0,50,XYZ_split,2.4964034862849602,3.859931570274658,0.9967886265235553,0.0032113734764447344,16,16,18,3,13,5,11,7,11,
21,0,50,RL_adaptive,2.4964034862849602,3.859931570274658,0.996099825951947,0.0039001740480529845,17,18,15,2,15,4,14,5,10,0.996099825951947
21,0,100,Z_only,2.4964034862849602,3.859931570274658,0.8994930127788727,0.10050698722112728,100,0,0,10,90,0,0,0,0,
21,0,100,ZX_split,2.4964034862849602,3.859931570274658,0.9570967147466388,0.04290328525336118,50,50,0,5,45,11,39,0,0,
21,0,100,XYZ_split,2.4964034862849602,3.859931570274658,0.9980372260497322,0.001962773950267782,33,33,34,4,29,9,24,12,22,
21,0,100,RL_adaptive,2.4964034862849602,3.859931570274658,0.9680830833685066,0.03191691663149343,28,40,32,2,26,8,32,15,17,0.9680830833685066
21,0,250,Z_only,2.4964034862849602,3.859931570274658,0.8994930127788727,0.10050698722112728,250,0,0,31,219,0,0,0,0,
21,0,250,ZX_split,2.4964034862849602,3.859931570274658,0.9583358530789767,0.04166414692102327,125,125,0,14,111,31,94,0,0,
21,0,250,XYZ_split,2.4964034862849602,3.859931570274658,0.9981274550741204,0.0018725449258796267,83,83,84,7,76,26,57,26,58,
21,0,250,RL_adaptive,2.4964034862849602,3.859931570274658,0.9845469746199994,0.015453025380000596,94,84,72,11,83,34,50,23,49,0.9845469746199994
21,0,500,Z_only,2.4964034862849602,3.859931570274658,0.8994930127788727,0.10050698722112728,500,0,0,43,457,0,0,0,0,
21,0,500,ZX_split,2.4964034862849602,3.859931570274658,0.9585567544497665,0.04144324555023349,250,250,0,19,231,72,178,0,0,
21,0,500,XYZ_split,2.4964034862849602,3.859931570274658,0.9987883998992,0.0012116001008000143,166,166,168,8,158,39,127,53,115,
21,0,500,RL_adaptive,2.4964034862849602,3.859931570274658,0.9982479845719456,0.0017520154280543654,133,188,179,19,114,58,130,51,128,0.9982479845719456
21,1,10,Z_only,2.4964034862849602,3.859931570274658,0.8994930127788727,0.10050698722112728,10,0,0,0,10,0,0,0,0,
21,1,10,ZX_split,2.4964034862849602,3.859931570274658,0.9425576718853221,0.057442328114677865,5,5,0,1,4,1,4,0,0,
21,1,10,XYZ_split,2.4964034862849602,3.859931570274658,0.9832089051002723,0.016791094899727743,3,3,4,0,3,0,3,1,3,
21,1,10,RL_adaptive,2.4964034862849602,3.859931570274658,0.9057937066863856,0.09420629331361441,2,3,5,0,2,1,2,3,2,0.9057937066863856
21,1,25,Z_only,2.4964034862849602,3.859931570274658,0.8994930127788727,0.10050698722112728,25,0,0,3,22,0,0,0,0,
21,1,25,ZX_split,2.4964034862849602,3.859931570274658,0.9530237942194225,0.046976205780577485,12,13,0,2,10,3,10,0,0,
21,1,25,XYZ_split,2.4964034862849602,3.859931570274658,0.9959802010322523,0.004019798967747734,8,8,9,0,8,2,6,3,6,
21,1,25,RL_adaptive,2.4964034862849602,3.859931570274658,0.7884149455912807,0.21158505440871933,9,9,7,2,7,5,4,4,3,0.7884149455912807
21,1,50,Z_only,2.4964034862849602,3.859931570274658,0.8994930127788727,0.10050698722112728,50,0,0,3,47,0,0,0,0,
21,1,50,ZX_split,2.4964034862849602,3.859931570274658,0.9486664169131678,0.051333583086832224,25,25,0,3,22,4,21,0,0,
21,1,50,XYZ_split,2.4964034862849602,3.859931570274658,0.9924267238796893,0.007573276120310668,16,16,18,3,13,4,12,5,13,
21,1,50,RL_adaptive,2.4964034862849602,3.859931570274658,0.9785029946692251,0.02149700533077492,17,18,15,1,16,7,11,3,12,0.9785029946692251
21,1,100,Z_only,2.4964034862849602,3.859931570274658,0.8994930127788727,0.10050698722112728,100,0,0,7,93,0,0,0,0,
21,1,100,ZX_split,2.4964034862849602,3.859931570274658,0.9585567544497665,0.04144324555023349,50,50,0,1,49,13,37,0,0,
21,1,100,XYZ_split,2.4964034862849602,3.859931570274658,0.9944100057353698,0.005589994264630249,33,33,34,2,31,11,22,11,23,
21,1,100,RL_adaptive,2.4964034862849602,3.859931570274658,0.9988342788614781,0.001165721138521869,28,40,32,1,27,10,30,10,22,0.9988342788614781
21,1,250,Z_only,2.4964034862849602,3.859931570274658,0.8994930127788727,0.10050698722112728,250,0,0,18,232,0,0,0,0,
21,1,250,ZX_split,2.4964034862849602,3.859931570274658,0.9567108979434708,0.04328910205652925,125,125,0,11,114,40,85,0,0,
21,1,250,XYZ_split,2.4964034862849602,3.859931570274658,0.9893950425288919,0.010604957471108123,83,83,84,7,76,27,56,33,51,
21,1,250,RL_adaptive,2.4964034862849602,3.859931570274658,0.9999666980437482,3.330195625184107e-05,90,91,69,5,85,23,68,19,50,0.9999666980437482
21,1,500,Z_only,2.4964034862849602,3.859931570274658,0.8994930127788727,0.10050698722112728,500,0,0,50,450,0,0,0,0,
21,1,500,ZX_split,2.4964034862849602,3.859931570274658,0.9587352522477767,0.04126474775222333,250,250,0,27,223,75,175,0,0,
21,1,500,XYZ_split,2.4964034862849602,3.859931570274658,0.9980025580568148,0.0019974419431851853,166,166,168,23,143,51,115,47,121,
21,1,500,RL_adaptive,2.4964034862849602,3.859931570274658,0.9994759082782716,0.0005240917217284036,132,188,180,13,119,48,140,57,123,0.9994759082782716
21,2,10,Z_only,2.4964034862849602,3.859931570274658,0.8994930127788727,0.10050698722112728,10,0,0,0,10,0,0,0,0,
21,2,10,ZX_split,2.4964034862849602,3.859931570274658,0.9361315164414913,0.06386848355850872,5,5,0,0,5,2,3,0,0,
21,2,10,XYZ_split,2.4964034862849602,3.859931570274658,0.9505793736007233,0.04942062639927669,3,3,4,0,3,1,2,2,2,
21,2,10,RL_adaptive,2.4964034862849602,3.859931570274658,0.20000100967951887,0.7999989903204812,2,4,4,1,1,3,1,3,1,0.20000100967951887
21,2,25,Z_only,2.4964034862849602,3.859931570274658,0.8994930127788727,0.10050698722112728,25,0,0,6,19,0,0,0,0,
21,2,25,ZX_split,2.4964034862849602,3.859931570274658,0.959161283425477,0.04083871657452298,12,13,0,2,10,4,9,0,0,
21,2,25,XYZ_split,2.4964034862849602,3.859931570274658,0.9739049595619562,0.02609504043804378,8,8,9,1,7,1,7,1,8,
21,2,25,RL_adaptive,2.4964034862849602,3.859931570274658,0.9808948742360167,0.019105125763983266,9,9,7,1,8,2,7,3,4,0.9808948742360167
21,2,50,Z_only,2.4964034862849602,3.859931570274658,0.8994930127788727,0.10050698722112728,50,0,0,5,45,0,0,0,0,
21,2,50,ZX_split,2.4964034862849602,3.859931570274658,0.9486664169131678,0.051333583086832224,25,25,0,3,22,4,21,0,0,
21,2,50,XYZ_split,2.4964034862849602,3.859931570274658,0.9919032247665097,0.008096775233490283,16,16,18,0,16,5,11,6,12,
21,2,50,RL_adaptive,2.4964034862849602,3.859931570274658,0.9936907676732597,0.0063092323267402994,17,18,15,4,13,7,11,5,10,0.9936907676732597
21,2,100,Z_only,2.4964034862849602,3.859931570274658,0.8994930127788727,0.10050698722112728,100,0,0,14,86,0,0,0,0,
21,2,100,ZX_split,2.4964034862849602,3.859931570274658,0.9554212395832653,0.0445787604167347,50,50,0,5,45,10,40,0,0,
21,2,100,XYZ_split,2.4964034862849602,3.859931570274658,0.9962949671799811,0.003705032820018883,33,33,34,3,30,11,22,11,23,
21,2,100,RL_adaptive,2.4964034862849602,3.859931570274658,0.9981503110773926,0.0018496889226073954,27,40,33,1,26,9,31,7,26,0.9981503110773926
21,2,250,Z_only,2.4964034862849602,3.859931570274658,0.8994930127788727,0.10050698722112728,250,0,0,20,230,0,0,0,0,
21,2,250,ZX_split,2.4964034862849602,3.859931570274658,0.9590425775360056,0.040957422463994364,125,125,0,13,112,36,89,0,0,
21,2,250,XYZ_split,2.4964034862849602,3.859931570274658,0.999915397534647,8.460246535302307e-05,83,83,84,6,77,22,61,25,59,
21,2,250,RL_adaptive,2.4964034862849602,3.859931570274658,0.9992726524193007,0.0007273475806992558,90,91,69,7,83,23,68,22,47,0.9992726524193007
21,2,500,Z_only,2.4964034862849602,3.859931570274658,0.8994930127788727,0.10050698722112728,500,0,0,46,454,0,0,0,0,
21,2,500,ZX_split,2.4964034862849602,3.859931570274658,0.9589776894976277,0.04102231050237226,250,250,0,26,224,65,185,0,0,
21,2,500,XYZ_split,2.4964034862849602,3.859931570274658,0.9975419756563322,0.0024580243436678195,166,166,168,8,158,35,131,54,114,
21,2,500,RL_adaptive,2.4964034862849602,3.859931570274658,0.999132612681151,0.0008673873188490555,132,187,181,13,119,54,133,60,121,0.999132612681151
21,3,10,Z_only,2.4964034862849602,3.859931570274658,0.8994930127788727,0.10050698722112728,10,0,0,2,8,0,0,0,0,
21,3,10,ZX_split,2.4964034862849602,3.859931570274658,0.9425576718853221,0.057442328114677865,5,5,0,2,3,2,3,0,0,
21,3,10,XYZ_split,2.4964034862849602,3.859931570274658,0.9832089051002723,0.016791094899727743,3,3,4,0,3,0,3,1,3,
21,3,10,RL_adaptive,2.4964034862849602,3.859931570274658,0.9795694082158688,0.020430591784131202,2,3,5,0,2,1,2,2,3,0.9795694082158688
21,3,25,Z_only,2.4964034862849602,3.859931570274658,0.8994930127788727,0.10050698722112728,25,0,0,1,24,0,0,0,0,
21,3,25,ZX_split,2.4964034862849602,3.859931570274658,0.9156787040952815,0.08432129590471849,12,13,0,0,12,6,7,0,0,
21,3,25,XYZ_split,2.4964034862849602,3.859931570274658,0.9987104096873686,0.0012895903126314279,8,8,9,0,8,2,6,2,7,
21,3,25,RL_adaptive,2.4964034862849602,3.859931570274658,0.8107444953638359,0.18925550463616414,9,9,7,0,9,4,5,5,2,0.8107444953638359
21,3,50,Z_only,2.4964034862849602,3.859931570274658,0.8994930127788727,0.10050698722112728,50,0,0,7,43,0,0,0,0,
21,3,50,ZX_split,2.4964034862849602,3.859931570274658,0.953829045762537,0.04617095423746298,25,25,0,3,22,5,20,0,0,
21,3,50,XYZ_split,2.4964034862849602,3.859931570274658,0.9402477858383512,0.059752214161648776,16,16,18,3,13,8,8,5,13,
21,3,50,RL_adaptive,2.4964034862849602,3.859931570274658,0.9346535637314995,0.06534643626850045,18,17,15,4,14,5,12,8,7,0.9346535637314995
21,3,100,Z_only,2.4964034862849602,3.859931570274658,0.8994930127788727,0.10050698722112728,100,0,0,14,86,0,0,0,0,
21,3,100,ZX_split,2.4964034862849602,3.859931570274658,0.9579702270331324,0.04202977296686761,50,50,0,7,43,13,37,0,0,
21,3,100,XYZ_split,2.4964034862849602,3.859931570274658,0.9921983893222058,0.0078016106777941685,33,33,34,2,31,11,22,12,22,
21,3,100,RL_adaptive,2.4964034862849602,3.859931570274658,0.9925871280124476,0.007412871987552361,29,39,32,6,23,11,28,9,23,0.9925871280124476
21,3,250,Z_only,2.4964034862849602,3.859931570274658,0.8994930127788727,0.10050698722112728,250,0,0,24,226,0,0,0,0,
21,3,250,ZX_split,2.4964034862849602,3.859931570274658,0.9569592569141271,0.04304074308587291,125,125,0,14,111,41,84,0,0,
21,3,250,XYZ_split,2.4964034862849602,3.859931570274658,0.9955580997462977,0.00444190025370228,83,83,84,6,77,27,56,28,56,
21,3,250,RL_adaptive,2.4964034862849602,3.859931570274658,0.9952763419191748,0.004723658080825199,89,91,70,9,80,24,67,26,44,0.9952763419191748
21,3,500,Z_only,2.4964034862849602,3.859931570274658,0.8994930127788727,0.10050698722112728,500,0,0,53,447,0,0,0,0,
21,3,500,ZX_split,2.4964034862849602,3.859931570274658,0.959164879249676,0.04083512075032403,250,250,0,19,231,64,186,0,0,
21,3,500,XYZ_split,2.4964034862849602,3.859931570274658,0.9982552051508436,0.0017447948491563503,166,166,168,12,154,50,116,46,122,
21,3,500,RL_adaptive,2.4964034862849602,3.859931570274658,0.997132761374034,0.002867238625966051,132,191,177,13,119,50,141,42,135,0.997132761374034
21,4,10,Z_only,2.4964034862849602,3.859931570274658,0.8994930127788727,0.10050698722112728,10,0,0,1,9,0,0,0,0,
21,4,10,ZX_split,2.4964034862849602,3.859931570274658,0.8473387403675257,0.15266125963247434,5,5,0,0,5,3,2,0,0,
21,4,10,XYZ_split,2.4964034862849602,3.859931570274658,0.9630781509373932,0.03692184906260676,3,3,4,0,3,1,2,0,4,
21,4,10,RL_adaptive,2.4964034862849602,3.859931570274658,0.9630781509373932,0.03692184906260676,2,3,5,0,2,1,2,0,5,0.9630781509373932
21,4,25,Z_only,2.4964034862849602,3.859931570274658,0.8994930127788727,0.10050698722112728,25,0,0,0,25,0,0,0,0,
21,4,25,ZX_split,2.4964034862849602,3.859931570274658,0.9530237942194225,0.046976205780577485,12,13,0,2,10,3,10,0,0,
21,4,25,XYZ_split,2.4964034862849602,3.859931570274658,0.9367393870274939,0.06326061297250607,8,8,9,0,8,2,6,5,4,
21,4,25,RL_adaptive,2.4964034862849602,3.859931570274658,0.9260623237605631,0.07393767623943692,9,9,7,2,7,4,5,1,6,0.9260623237605631
21,4,50,Z_only,2.4964034862849602,3.859931570274658,0.8994930127788727,0.10050698722112728,50,0,0,9,41,0,0,0,0,
21,4,50,ZX_split,2.4964034862849602,3.859931570274658,0.9425576718853221,0.057442328114677865,25,25,0,4,21,4,21,0,0,
21,4,50,XYZ_split,2.4964034862849602,3.859931570274658,0.9895235019024322,0.010476498097567788,16,16,18,0,16,5,11,3,15,
21,4,50,RL_adaptive,2.4964034862849602,3.859931570274658,0.9796234394315452,0.020376560568454827,17,18,15,0,17,2,16,6,9,0.9796234394315452
21,4,100,Z_only,2.4964034862849602,3.859931570274658,0.8994930127788727,0.10050698722112728,100,0,0,9,91,0,0,0,0,
21,4,100,ZX_split,2.4964034862849602,3.859931570274658,0.9588992413773616,0.0411007586226384,50,50,0,2,48,13,37,0,0,
21,4,100,XYZ_split,2.4964034862849602,3.859931570274658,0.9889017495102677,0.011098250489732342,33,33,34,4,29,9,24,14,20,
21,4,100,RL_adaptive,2.4964034862849602,3.859931570274658,0.9950059306185244,0.004994069381475619,28,40,32,4,24,12,28,8,24,0.9950059306185244
21,4,250,Z_only,2.4964034862849602,3.859931570274658,0.8994930127788727,0.10050698722112728,250,0,0,25,225,0,0,0,0,
21,4,250,ZX_split,2.4964034862849602,3.859931570274658,0.9566080390796537,0.04339196092034625,125,125,0,13,112,41,84,0,0,
21,4,250,XYZ_split,2.4964034862849602,3.859931570274658,0.997313703615305,0.002686296384694975,83,83,84,10,73,22,61,30,54,
21,4,250,RL_adaptive,2.4964034862849602,3.859931570274658,0.9991297057002317,0.0008702942997682594,90,90,70,8,82,24,66,23,47,0.9991297057002317
21,4,500,Z_only,2.4964034862849602,3.859931570274658,0.8994930127788727,0.10050698722112728,500,0,0,52,448,0,0,0,0,
21,4,500,ZX_split,2.4964034862849602,3.859931570274658,0.9571539398397947,0.04284606016020531,250,250,0,18,232,77,173,0,0,
21,4,500,XYZ_split,2.4964034862849602,3.859931570274658,0.9972575295677422,0.0027424704322578375,166,166,168,14,152,44,122,59,109,
21,4,500,RL_adaptive,2.4964034862849602,3.859931570274658,0.9981378894670384,0.0018621105329615917,132,189,179,19,113,50,139,51,128,0.9981378894670384
22,0,10,Z_only,1.6902430135303856,1.9274887966502952,0.5595814274021659,0.4404185725978341,10,0,0,1,9,0,0,0,0,
22,0,10,ZX_split,1.6902430135303856,1.9274887966502952,0.6832902498446638,0.3167097501553362,5,5,0,2,3,1,4,0,0,
22,0,10,XYZ_split,1.6902430135303856,1.9274887966502952,0.8342586813907923,0.1657413186092077,3,3,4,3,0,0,3,4,0,
22,0,10,RL_adaptive,1.6902430135303856,1.9274887966502952,0.9030573876894774,0.09694261231052259,2,3,5,0,2,0,3,5,0,0.9030573876894774
22,0,25,Z_only,1.6902430135303856,1.9274887966502952,0.5595814274021659,0.4404185725978341,25,0,0,7,18,0,0,0,0,
22,0,25,ZX_split,1.6902430135303856,1.9274887966502952,0.5919727831330094,0.4080272168669906,12,13,0,8,4,4,9,0,0,
22,0,25,XYZ_split,1.6902430135303856,1.9274887966502952,0.9427242404563201,0.057275759543679916,8,8,9,2,6,4,4,9,0,
22,0,25,RL_adaptive,1.6902430135303856,1.9274887966502952,0.9657512421124901,0.03424875788750992,8,10,7,3,5,5,5,7,0,0.9657512421124901
22,0,50,Z_only,1.6902430135303856,1.9274887966502952,0.5595814274021659,0.4404185725978341,50,0,0,21,29,0,0,0,0,
22,0,50,ZX_split,1.6902430135303856,1.9274887966502952,0.6230476819355236,0.3769523180644764,25,25,0,9,16,11,14,0,0,
22,0,50,XYZ_split,1.6902430135303856,1.9274887966502952,0.9358839443613239,0.06411605563867606,16,16,18,5,11,1,15,16,2,
22,0,50,RL_adaptive,1.6902430135303856,1.9274887966502952,0.9964362890773957,0.003563710922604324,18,16,16,9,9,5,11,16,0,0.9964362890773957
22,0,100,Z_only,1.6902430135303856,1.9274887966502952,0.5595814274021659,0.4404185725978341,100,0,0,37,63,0,0,0,0,
22,0,100,ZX_split,1.6902430135303856,1.9274887966502952,0.653718162187663,0.346281837812337,50,50,0,27,23,17,33,0,0,
22,0,100,XYZ_split,1.6902430135303856,1.9274887966502952,0.9893734362257931,0.010626563774206899,33,33,34,14,19,14,19,34,0,
22,0,100,RL_adaptive,1.6902430135303856,1.9274887966502952,0.9933345106242122,0.006665489375787814,30,40,30,12,18,16,24,28,2,0.9933345106242122
22,0,250,Z_only,1.6902430135303856,1.9274887966502952,0.5595814274021659,0.4404185725978341,250,0,0,123,127,0,0,0,0,
22,0,250,ZX_split,1.6902430135303856,1.9274887966502952,0.6766384856784781,0.32336151432152194,125,125,0,45,80,37,88,0,0,
22,0,250,XYZ_split,1.6902430135303856,1.9274887966502952,0.9958880196390762,0.00411198036092375,83,83,84,33,50,31,52,82,2,
22,0,250,RL_adaptive,1.6902430135303856,1.9274887966502952,0.9998086377297588,0.000191362270241191,87,83,80,38,49,26,57,77,3,0.9998086377297588
22,0,500,Z_only,1.6902430135303856,1.9274887966502952,0.5595814274021659,0.4404185725978341,500,0,0,220,280,0,0,0,0,
22,0,500,ZX_split,1.6902430135303856,1.9274887966502952,0.6758461789350465,0.3241538210649535,250,250,0,103,147,94,156,0,0,
22,0,500,XYZ_split,1.6902430135303856,1.9274887966502952,0.9996096361405141,0.00039036385948587604,166,166,168,71,95,57,109,161,7,
22,0,500,RL_adaptive,1.6902430135303856,1.9274887966502952,0.9902264148620195,0.009773585137980545,137,157,206,73,64,57,100,191,15,0.9902264148620195
22,1,10,Z_only,1.6902430135303856,1.9274887966502952,0.4404185725978343,0.5595814274021658,10,0,0,5,5,0,0,0,0,
22,1,10,ZX_split,1.6902430135303856,1.9274887966502952,0.5804425776234023,0.41955742237659766,5,5,0,4,1,1,4,0,0,
22,1,10,XYZ_split,1.6902430135303856,1.9274887966502952,0.9910100015307385,0.008989998469261518,3,3,4,1,2,1,2,4,0,
22,1,10,RL_adaptive,1.6902430135303856,1.9274887966502952,0.8936586205232312,0.1063413794767688,3,3,4,2,1,1,2,3,1,0.8936586205232312
22,1,25,Z_only,1.6902430135303856,1.9274887966502952,0.5595814274021659,0.4404185725978341,25,0,0,6,19,0,0,0,0,
22,1,25,ZX_split,1.6902430135303856,1.9274887966502952,0.6479762121199283,0.3520237878800717,12,13,0,7,5,3,10,0,0,
22,1,25,XYZ_split,1.6902430135303856,1.9274887966502952,0.9933428186077502,0.0066571813922498,8,8,9,4,4,3,5,9,0,
22,1,25,RL_adaptive,1.6902430135303856,1.9274887966502952,0.9363270817847765,0.06367291821522347,8,10,7,5,3,2,8,6,1,0.9363270817847765
22,1,50,Z_only,1.6902430135303856,1.9274887966502952,0.4404185725978343,0.5595814274021658,50,0,0,29,21,0,0,0,0,
22,1,50,ZX_split,1.6902430135303856,1.9274887966502952,0.6788638592085549,0.32113614079144515,25,25,0,12,13,8,17,0,0,
22,1,50,XYZ_split,1.6902430135303856,1.9274887966502952,0.9969275841835781,0.003072415816421925,16,16,18,7,9,6,10,18,0,
22,1,50,RL_adaptive,1.6902430135303856,1.9274887966502952,0.9786189863721536,0.02138101362784639,18,16,16,10,8,3,13,16,0,0.9786189863721536
22,1,100,Z_only,1.6902430135303856,1.9274887966502952,0.5595814274021659,0.4404185725978341,100,0,0,48,52,0,0,0,0,
22,1,100,ZX_split,1.6902430135303856,1.9274887966502952,0.6830742323513194,0.31692576764868063,50,50,0,21,29,15,35,0,0,
22,1,100,XYZ_split,1.6902430135303856,1.9274887966502952,0.9632316604104263,0.036768339589573706,33,33,34,15,18,17,16,34,0,
22,1,100,RL_adaptive,1.6902430135303856,1.9274887966502952,0.9838564670460482,0.016143532953951767,30,40,30,12,18,7,33,29,1,0.9838564670460482
22,1,250,Z_only,1.6902430135303856,1.9274887966502952,0.5595814274021659,0.4404185725978341,250,0,0,117,133,0,0,0,0,
22,1,250,ZX_split,1.6902430135303856,1.9274887966502952,0.6800282988309158,0.31997170116908424,125,125,0,58,67,31,94,0,0,
22,1,250,XYZ_split,1.6902430135303856,1.9274887966502952,0.996840833947046,0.0031591660529539656,83,83,84,41,42,29,54,80,4,
22,1,250,RL_adaptive,1.6902430135303856,1.9274887966502952,0.998755475445099,0.0012445245549009831,87,84,79,36,51,26,58,75,4,0.998755475445099
22,1,500,Z_only,1.6902430135303856,1.9274887966502952,0.5595814274021659,0.4404185725978341,500,0,0,217,283,0,0,0,0,
22,1,500,ZX_split,1.6902430135303856,1.9274887966502952,0.681689579578565,0.318310420421435,250,250,0,102,148,79,171,0,0,
22,1,500,XYZ_split,1.6902430135303856,1.9274887966502952,0.9988009546722924,0.0011990453277076485,166,166,168,75,91,59,107,165,3,
22,1,500,RL_adaptive,1.6902430135303856,1.9274887966502952,0.9982421003075423,0.001757899692457654,135,159,206,60,75,46,113,195,11,0.9982421003075423
22,2,10,Z_only,1.6902430135303856,1.9274887966502952,0.5595814274021659,0.4404185725978341,10,0,0,4,6,0,0,0,0,
22,2,10,ZX_split,1.6902430135303856,1.9274887966502952,0.6816630595901855,0.31833694040981453,5,5,0,2,3,0,5,0,0,
22,2,10,XYZ_split,1.6902430135303856,1.9274887966502952,0.8214045549119269,0.17859544508807312,3,3,4,0,3,2,1,4,0,
22,2,10,RL_adaptive,1.6902430135303856,1.9274887966502952,0.9030573876894774,0.09694261231052259,2,3,5,0,2,0,3,5,0,0.9030573876894774
22,2,25,Z_only,1.6902430135303856,1.9274887966502952,0.4404185725978343,0.5595814274021658,25,0,0,14,11,0,0,0,0,
22,2,25,ZX_split,1.6902430135303856,1.9274887966502952,0.4814561229243583,0.5185438770756416,12,13,0,5,7,7,6,0,0,
22,2,25,XYZ_split,1.6902430135303856,1.9274887966502952,0.8422208332189057,0.15777916678109427,8,8,9,6,2,5,3,9,0,
22,2,25,RL_adaptive,1.6902430135303856,1.9274887966502952,0.9427242404563201,0.057275759543679916,8,10,7,2,6,5,5,7,0,0.9427242404563201
22,2,50,Z_only,1.6902430135303856,1.9274887966502952,0.5595814274021659,0.4404185725978341,50,0,0,23,27,0,0,0,0,
22,2,50,ZX_split,1.6902430135303856,1.9274887966502952,0.6113402211041714,0.3886597788958286,25,25,0,11,14,12,13,0,0,
22,2,50,XYZ_split,1.6902430135303856,1.9274887966502952,0.9933428186077502,0.0066571813922498,16,16,18,8,8,6,10,18,0,
22,2,50,RL_adaptive,1.6902430135303856,1.9274887966502952,0.9841158613707156,0.015884138629284394,18,16,16,10,8,6,10,16,0,0.9841158613707156
22,2,100,Z_only,1.6902430135303856,1.9274887966502952,0.5595814274021659,0.4404185725978341,100,0,0,44,56,0,0,0,0,
22,2,100,ZX_split,1.6902430135303856,1.9274887966502952,0.6824619115240117,0.3175380884759883,50,50,0,20,30,14,36,0,0,
22,2,100,XYZ_split,1.6902430135303856,1.9274887966502952,0.9873121237692247,0.012687876230775275,33,33,34,18,15,12,21,34,0,
22,2,100,RL_adaptive,1.6902430135303856,1.9274887966502952,0.9940796759798163,0.00592032402018372,31,39,30,16,15,13,26,30,0,0.9940796759798163
22,2,250,Z_only,1.6902430135303856,1.9274887966502952,0.5595814274021659,0.4404185725978341,250,0,0,114,136,0,0,0,0,
22,2,250,ZX_split,1.6902430135303856,1.9274887966502952,0.6745725921438908,0.32542740785610924,125,125,0,62,63,39,86,0,0,
22,2,250,XYZ_split,1.6902430135303856,1.9274887966502952,0.9878749952504577,0.012125004749542256,83,83,84,28,55,31,52,82,2,
22,2,250,RL_adaptive,1.6902430135303856,1.9274887966502952,0.9960532722696798,0.003946727730320232,90,80,80,35,55,29,51,79,1,0.9960532722696798
22,2,500,Z_only,1.6902430135303856,1.9274887966502952,0.5595814274021659,0.4404185725978341,500,0,0,217,283,0,0,0,0,
22,2,500,ZX_split,1.6902430135303856,1.9274887966502952,0.6517950172715773,0.3482049827284227,250,250,0,135,115,88,162,0,0,
22,2,500,XYZ_split,1.6902430135303856,1.9274887966502952,0.9983871309693941,0.001612869030605868,166,166,168,67,99,57,109,165,3,
22,2,500,RL_adaptive,1.6902430135303856,1.9274887966502952,0.9971628744183814,0.002837125581618638,136,156,208,61,75,59,97,203,5,0.9971628744183814
22,3,10,Z_only,1.6902430135303856,1.9274887966502952,0.4404185725978343,0.5595814274021658,10,0,0,5,5,0,0,0,0,
22,3,10,ZX_split,1.6902430135303856,1.9274887966502952,0.6832902498446638,0.3167097501553362,5,5,0,2,3,1,4,0,0,
22,3,10,XYZ_split,1.6902430135303856,1.9274887966502952,0.7393910535567859,0.2606089464432141,3,3,4,3,0,2,1,4,0,
22,3,10,RL_adaptive,1.6902430135303856,1.9274887966502952,0.8505504356799763,0.14944956432002365,3,3,4,2,1,2,1,4,0,0.8505504356799763
22,3,25,Z_only,1.6902430135303856,1.9274887966502952,0.5595814274021659,0.4404185725978341,25,0,0,12,13,0,0,0,0,
22,3,25,ZX_split,1.6902430135303856,1.9274887966502952,0.6824747961854859,0.3175252038145141,12,13,0,5,7,2,11,0,0,
22,3,25,XYZ_split,1.6902430135303856,1.9274887966502952,0.9651900347725642,0.034809965227435846,8,8,9,4,4,4,4,9,0,
22,3,25,RL_adaptive,1.6902430135303856,1.9274887966502952,0.8696993843119757,0.1303006156880243,9,9,7,2,7,6,3,7,0,0.8696993843119757
22,3,50,Z_only,1.6902430135303856,1.9274887966502952,0.4404185725978343,0.5595814274021658,50,0,0,26,24,0,0,0,0,
22,3,50,ZX_split,1.6902430135303856,1.9274887966502952,0.6774035100719406,0.32259648992805945,25,25,0,12,13,6,19,0,0,
22,3,50,XYZ_split,1.6902430135303856,1.9274887966502952,0.9735474241671982,0.026452575832801806,16,16,18,5,11,7,9,18,0,
22,3,50,RL_adaptive,1.6902430135303856,1.9274887966502952,0.988673109236907,0.011326890763093012,18,16,16,8,10,7,9,15,1,0.988673109236907
22,3,100,Z_only,1.6902430135303856,1.9274887966502952,0.4404185725978343,0.5595814274021658,100,0,0,50,50,0,0,0,0,
22,3,100,ZX_split,1.6902430135303856,1.9274887966502952,0.6796983203679603,0.3203016796320397,50,50,0,23,27,10,40,0,0,
22,3,100,XYZ_split,1.6902430135303856,1.9274887966502952,0.9994189669715687,0.0005810330284312659,33,33,34,15,18,11,22,34,0,
22,3,100,RL_adaptive,1.6902430135303856,1.9274887966502952,0.9969453458896791,0.003054654110320909,31,39,30,15,16,15,24,27,3,0.9969453458896791
22,3,250,Z_only,1.6902430135303856,1.9274887966502952,0.4404185725978343,0.5595814274021658,250,0,0,128,122,0,0,0,0,
22,3,250,ZX_split,1.6902430135303856,1.9274887966502952,0.6832532980323686,0.31674670196763144,125,125,0,55,70,39,86,0,0,
22,3,250,XYZ_split,1.6902430135303856,1.9274887966502952,0.9994911452220255,0.0005088547779744657,83,83,84,38,45,28,55,82,2,
22,3,250,RL_adaptive,1.6902430135303856,1.9274887966502952,0.9994940965902006,0.0005059034097993909,86,84,80,39,47,27,57,74,6,0.9994940965902006
22,3,500,Z_only,1.6902430135303856,1.9274887966502952,0.5595814274021659,0.4404185725978341,500,0,0,229,271,0,0,0,0,
22,3,500,ZX_split,1.6902430135303856,1.9274887966502952,0.6820725238460281,0.3179274761539719,250,250,0,118,132,93,157,0,0,
22,3,500,XYZ_split,1.6902430135303856,1.9274887966502952,0.998597266288153,0.0014027337118469596,166,166,168,67,99,56,110,164,4,
22,3,500,RL_adaptive,1.6902430135303856,1.9274887966502952,0.9973152413401128,0.0026847586598871542,136,156,208,65,71,56,100,204,4,0.9973152413401128
22,4,10,Z_only,1.6902430135303856,1.9274887966502952,0.5595814274021659,0.4404185725978341,10,0,0,4,6,0,0,0,0,
22,4,10,ZX_split,1.6902430135303856,1.9274887966502952,0.6113402211041714,0.3886597788958286,5,5,0,1,4,2,3,0,0,
22,4,10,XYZ_split,1.6902430135303856,1.9274887966502952,0.9009404257429332,0.0990595742570668,3,3,4,0,3,1,2,4,0,
22,4,10,RL_adaptive,1.6902430135303856,1.9274887966502952,0.8649713470198019,0.13502865298019806,3,3,4,1,2,0,3,3,1,0.8649713470198019
22,4,25,Z_only,1.6902430135303856,1.9274887966502952,0.4404185725978343,0.5595814274021658,25,0,0,15,10,0,0,0,0,
22,4,25,ZX_split,1.6902430135303856,1.9274887966502952,0.6733444116694316,0.3266555883305684,12,13,0,6,6,1,12,0,0,
22,4,25,XYZ_split,1.6902430135303856,1.9274887966502952,0.9642302173539481,0.035769782646051906,8,8,9,2,6,1,7,9,0,
22,4,25,RL_adaptive,1.6902430135303856,1.9274887966502952,0.9435102170543918,0.05648978294560825,8,10,7,2,6,4,6,6,1,0.9435102170543918
22,4,50,Z_only,1.6902430135303856,1.9274887966502952,0.5595814274021659,0.4404185725978341,50,0,0,14,36,0,0,0,0,
22,4,50,ZX_split,1.6902430135303856,1.9274887966502952,0.6064251485796157,0.3935748514203843,25,25,0,15,10,9,16,0,0,
22,4,50,XYZ_split,1.6902430135303856,1.9274887966502952,0.9999967807622382,3.2192377618089907e-06,16,16,18,7,9,5,11,18,0,
22,4,50,RL_adaptive,1.6902430135303856,1.9274887966502952,0.9589354552528151,0.041064544747184906,18,16,16,11,7,7,9,16,0,0.9589354552528151
22,4,100,Z_only,1.6902430135303856,1.9274887966502952,0.5595814274021659,0.4404185725978341,100,0,0,37,63,0,0,0,0,
22,4,100,ZX_split,1.6902430135303856,1.9274887966502952,0.6830430799475268,0.3169569200524732,50,50,0,23,27,18,32,0,0,
22,4,100,XYZ_split,1.6902430135303856,1.9274887966502952,0.9897705255403292,0.010229474459670818,33,33,34,13,20,7,26,33,1,
22,4,100,RL_adaptive,1.6902430135303856,1.9274887966502952,0.9977053621826958,0.0022946378173042126,30,40,30,13,17,15,25,29,1,0.9977053621826958
22,4,250,Z_only,1.6902430135303856,1.9274887966502952,0.5595814274021659,0.4404185725978341,250,0,0,121,129,0,0,0,0,
22,4,250,ZX_split,1.6902430135303856,1.9274887966502952,0.6827210582406398,0.3172789417593602,125,125,0,58,67,45,80,0,0,
22,4,250,XYZ_split,1.6902430135303856,1.9274887966502952,0.997845518969979,0.002154481030021027,83,83,84,40,43,25,58,82,2,
22,4,250,RL_adaptive,1.6902430135303856,1.9274887966502952,0.9868865509241099,0.013113449075890071,87,81,82,47,40,31,50,78,4,0.9868865509241099
22,4,500,Z_only,1.6902430135303856,1.9274887966502952,0.5595814274021659,0.4404185725978341,500,0,0,205,295,0,0,0,0,
22,4,500,ZX_split,1.6902430135303856,1.9274887966502952,0.6815780398337788,0.31842196016622115,250,250,0,114,136,69,181,0,0,
22,4,500,XYZ_split,1.6902430135303856,1.9274887966502952,0.999148285150402,0.0008517148495980065,166,166,168,73,93,49,117,162,6,
22,4,500,RL_adaptive,1.6902430135303856,1.9274887966502952,0.9943423238844409,0.005657676115559118,136,157,207,53,83,60,97,198,9,0.9943423238844409
23,0,10,Z_only,2.5732935662854217,1.6879819446376672,0.9214088119345516,0.0785911880654484,10,0,0,1,9,0,0,0,0,
23,0,10,ZX_split,2.5732935662854217,1.6879819446376672,0.9070550372187723,0.09294496278122766,5,5,0,0,5,3,2,0,0,
23,0,10,XYZ_split,2.5732935662854217,1.6879819446376672,0.9667522969424828,0.03324770305751723,3,3,4,0,3,2,1,4,0,
23,0,10,RL_adaptive,2.5732935662854217,1.6879819446376672,0.9328202001541268,0.06717979984587319,2,3,5,0,2,2,1,3,2,0.9328202001541268
23,0,25,Z_only,2.5732935662854217,1.6879819446376672,0.9214088119345516,0.0785911880654484,25,0,0,2,23,0,0,0,0,
23,0,25,ZX_split,2.5732935662854217,1.6879819446376672,0.9035423980027882,0.09645760199721176,12,13,0,0,12,8,5,0,0,
23,0,25,XYZ_split,2.5732935662854217,1.6879819446376672,0.9933986038125944,0.006601396187405628,8,8,9,0,8,3,5,7,2,
23,0,25,RL_adaptive,2.5732935662854217,1.6879819446376672,0.9802183591246811,0.019781640875318862,9,9,7,0,9,3,6,5,2,0.9802183591246811
23,0,50,Z_only,2.5732935662854217,1.6879819446376672,0.9214088119345516,0.0785911880654484,50,0,0,4,46,0,0,0,0,
23,0,50,ZX_split,2.5732935662854217,1.6879819446376672,0.8586984032372429,0.1413015967627571,25,25,0,2,23,18,7,0,0,
23,0,50,XYZ_split,2.5732935662854217,1.6879819446376672,0.9848522682152271,0.015147731784772911,16,16,18,2,14,9,7,15,3,
23,0,50,RL_adaptive,2.5732935662854217,1.6879819446376672,0.984386525209985,0.015613474790014958,18,17,15,1,17,10,7,11,4,0.984386525209985
23,0,100,Z_only,2.5732935662854217,1.6879819446376672,0.9214088119345516,0.0785911880654484,100,0,0,5,95,0,0,0,0,
23,0,100,ZX_split,2.5732935662854217,1.6879819446376672,0.92242835284496,0.07757164715503995,50,50,0,4,46,24,26,0,0,
23,0,100,XYZ_split,2.5732935662854217,1.6879819446376672,0.9876035305386841,0.012396469461315895,33,33,34,3,30,15,18,22,12,
23,0,100,RL_adaptive,2.5732935662854217,1.6879819446376672,0.9858956116813034,0.014104388318696648,27,41,32,2,25,14,27,26,6,0.9858956116813034
23,0,250,Z_only,2.5732935662854217,1.6879819446376672,0.9214088119345516,0.0785911880654484,250,0,0,27,223,0,0,0,0,
23,0,250,ZX_split,2.5732935662854217,1.6879819446376672,0.921314872818862,0.07868512718113796,125,125,0,7,118,54,71,0,0,
23,0,250,XYZ_split,2.5732935662854217,1.6879819446376672,0.9992090354528201,0.0007909645471798621,83,83,84,7,76,39,44,67,17,
23,0,250,RL_adaptive,2.5732935662854217,1.6879819446376672,0.9956584793961706,0.0043415206038294185,101,73,76,10,91,38,35,61,15,0.9956584793961706
23,0,500,Z_only,2.5732935662854217,1.6879819446376672,0.9214088119345516,0.0785911880654484,500,0,0,41,459,0,0,0,0,
23,0,500,ZX_split,2.5732935662854217,1.6879819446376672,0.9213178080066763,0.07868219199332371,250,250,0,27,223,110,140,0,0,
23,0,500,XYZ_split,2.5732935662854217,1.6879819446376672,0.9996365411774614,0.0003634588225386315,166,166,168,8,158,74,92,132,36,
23,0,500,RL_adaptive,2.5732935662854217,1.6879819446376672,0.9951112957156263,0.004888704284373713,133,165,202,9,124,89,76,156,46,0.9951112957156263
23,1,10,Z_only,2.5732935662854217,1.6879819446376672,0.9214088119345516,0.0785911880654484,10,0,0,2,8,0,0,0,0,
23,1,10,ZX_split,2.5732935662854217,1.6879819446376672,0.8775423884019481,0.12245761159805191,5,5,0,0,5,1,4,0,0,
23,1,10,XYZ_split,2.5732935662854217,1.6879819446376672,0.9157645591282428,0.08423544087175716,3,3,4,0,3,0,3,4,0,
23,1,10,RL_adaptive,2.5732935662854217,1.6879819446376672,0.7796502747204888,0.22034972527951124,2,3,5,0,2,0,3,2,3,0.7796502747204888
23,1,25,Z_only,2.5732935662854217,1.6879819446376672,0.9214088119345516,0.0785911880654484,25,0,0,0,25,0,0,0,0,
23,1,25,ZX_split,2.5732935662854217,1.6879819446376672,0.8977276452569488,0.10227235474305119,12,13,0,1,11,8,5,0,0,
23,1,25,XYZ_split,2.5732935662854217,1.6879819446376672,0.9726155203285378,0.02738447967146218,8,8,9,1,7,5,3,7,2,
23,1,25,RL_adaptive,2.5732935662854217,1.6879819446376672,0.9773532800335154,0.022646719966484596,9,9,7,1,8,3,6,5,2,0.9773532800335154
23,1,50,Z_only,2.5732935662854217,1.6879819446376672,0.9214088119345516,0.0785911880654484,50,0,0,5,45,0,0,0,0,
23,1,50,ZX_split,2.5732935662854217,1.6879819446376672,0.9223295825774676,0.07767041742253245,25,25,0,0,25,12,13,0,0,
23,1,50,XYZ_split,2.5732935662854217,1.6879819446376672,0.8996069868355345,0.10039301316446547,16,16,18,1,15,12,4,11,7,
23,1,50,RL_adaptive,2.5732935662854217,1.6879819446376672,0.9870780843684493,0.012921915631550651,18,17,15,1,17,10,7,12,3,0.9870780843684493
23,1,100,Z_only,2.5732935662854217,1.6879819446376672,0.9214088119345516,0.0785911880654484,100,0,0,6,94,0,0,0,0,
23,1,100,ZX_split,2.5732935662854217,1.6879819446376672,0.921158987319777,0.07884101268022303,50,50,0,6,44,22,28,0,0,
23,1,100,XYZ_split,2.5732935662854217,1.6879819446376672,0.9984859873402799,0.0015140126597200654,33,33,34,2,31,16,17,28,6,
23,1,100,RL_adaptive,2.5732935662854217,1.6879819446376672,0.9958002494259858,0.004199750574014227,27,41,32,1,26,20,21,23,9,0.9958002494259858
23,1,250,Z_only,2.5732935662854217,1.6879819446376672,0.9214088119345516,0.0785911880654484,250,0,0,23,227,0,0,0,0,
23,1,250,ZX_split,2.5732935662854217,1.6879819446376672,0.9216664570129987,0.07833354298700135,125,125,0,5,120,62,63,0,0,
23,1,250,XYZ_split,2.5732935662854217,1.6879819446376672,0.9988447613883567,0.00115523861164335,83,83,84,5,78,36,47,67,17,
23,1,250,RL_adaptive,2.5732935662854217,1.6879819446376672,0.9955897410914218,0.004410258908578157,100,74,76,12,88,36,38,62,14,0.9955897410914218
23,1,500,Z_only,2.5732935662854217,1.6879819446376672,0.9214088119345516,0.0785911880654484,500,0,0,41,459,0,0,0,0,
23,1,500,ZX_split,2.5732935662854217,1.6879819446376672,0.9213394252283313,0.07866057477166866,250,250,0,20,230,109,141,0,0,
23,1,500,XYZ_split,2.5732935662854217,1.6879819446376672,0.9959325530427671,0.004067446957232934,166,166,168,13,153,67,99,132,36,
23,1,500,RL_adaptive,2.5732935662854217,1.6879819446376672,0.9986393736357643,0.0013606263642357286,134,167,199,16,118,84,83,145,54,0.9986393736357643
23,2,10,Z_only,2.5732935662854217,1.6879819446376672,0.9214088119345516,0.0785911880654484,10,0,0,2,8,0,0,0,0,
23,2,10,ZX_split,2.5732935662854217,1.6879819446376672,0.8898341912044541,0.11016580879554594,5,5,0,1,4,3,2,0,0,
23,2,10,XYZ_split,2.5732935662854217,1.6879819446376672,0.878286213560572,0.12171378643942798,3,3,4,1,2,1,2,4,0,
23,2,10,RL_adaptive,2.5732935662854217,1.6879819446376672,0.9328202001541268,0.06717979984587319,2,3,5,0,2,2,1,3,2,0.9328202001541268
23,2,25,Z_only,2.5732935662854217,1.6879819446376672,0.9214088119345516,0.0785911880654484,25,0,0,3,22,0,0,0,0,
23,2,25,ZX_split,2.5732935662854217,1.6879819446376672,0.8807407473235448,0.11925925267645521,12,13,0,2,10,4,9,0,0,
23,2,25,XYZ_split,2.5732935662854217,1.6879819446376672,0.9842966516723103,0.015703348327689715,8,8,9,0,8,4,4,6,3,
23,2,25,RL_adaptive,2.5732935662854217,1.6879819446376672,0.990304511716169,0.009695488283831044,9,9,7,1,8,5,4,5,2,0.990304511716169
23,2,50,Z_only,2.5732935662854217,1.6879819446376672,0.9214088119345516,0.0785911880654484,50,0,0,5,45,0,0,0,0,
23,2,50,ZX_split,2.5732935662854217,1.6879819446376672,0.9184742943872289,0.08152570561277106,25,25,0,1,24,10,15,0,0,
23,2,50,XYZ_split,2.5732935662854217,1.6879819446376672,0.9842966516723103,0.015703348327689715,16,16,18,0,16,8,8,12,6,
23,2,50,RL_adaptive,2.5732935662854217,1.6879819446376672,0.9882301649948348,0.011769835005165152,18,16,16,1,17,9,7,14,2,0.9882301649948348
23,2,100,Z_only,2.5732935662854217,1.6879819446376672,0.9214088119345516,0.0785911880654484,100,0,0,4,96,0,0,0,0,
23,2,100,ZX_split,2.5732935662854217,1.6879819446376672,0.9080791169067826,0.09192088309321744,50,50,0,4,46,29,21,0,0,
23,2,100,XYZ_split,2.5732935662854217,1.6879819446376672,0.9910325874145146,0.00896741258548539,33,33,34,3,30,16,17,30,4,
23,2,100,RL_adaptive,2.5732935662854217,1.6879819446376672,0.9733377725426362,0.026662227457363796,27,42,31,1,26,27,15,28,3,0.9733377725426362
23,2,250,Z_only,2.5732935662854217,1.6879819446376672,0.9214088119345516,0.0785911880654484,250,0,0,23,227,0,0,0,0,
23,2,250,ZX_split,2.5732935662854217,1.6879819446376672,0.9188251560953724,0.08117484390462759,125,125,0,8,117,51,74,0,0,
23,2,250,XYZ_split,2.5732935662854217,1.6879819446376672,0.9965792161046383,0.003420783895361712,83,83,84,7,76,42,41,60,24,
23,2,250,RL_adaptive,2.5732935662854217,1.6879819446376672,0.9999458677445132,5.413225548678291e-05,101,74,75,6,95,35,39,58,17,0.9999458677445132
23,2,500,Z_only,2.5732935662854217,1.6879819446376672,0.9214088119345516,0.0785911880654484,500,0,0,37,463,0,0,0,0,
23,2,500,ZX_split,2.5732935662854217,1.6879819446376672,0.9189275499132937,0.08107245008670627,250,250,0,20,230,131,119,0,0,
23,2,500,XYZ_split,2.5732935662854217,1.6879819446376672,0.9984066923144458,0.0015933076855542128,166,166,168,13,153,82,84,123,45,
23,2,500,RL_adaptive,2.5732935662854217,1.6879819446376672,0.9968339416031002,0.0031660583968997624,133,167,200,11,122,86,81,146,54,0.9968339416031002
23,3,10,Z_only,2.5732935662854217,1.6879819446376672,0.9214088119345516,0.0785911880654484,10,0,0,1,9,0,0,0,0,
23,3,10,ZX_split,2.5732935662854217,1.6879819446376672,0.8898341912044541,0.11016580879554594,5,5,0,1,4,3,2,0,0,
23,3,10,XYZ_split,2.5732935662854217,1.6879819446376672,0.8490489023223806,0.15095109767761938,3,3,4,0,3,3,0,3,1,
23,3,10,RL_adaptive,2.5732935662854217,1.6879819446376672,0.8991746425962133,0.10082535740378673,2,3,5,0,2,0,3,4,1,0.8991746425962133
23,3,25,Z_only,2.5732935662854217,1.6879819446376672,0.9214088119345516,0.0785911880654484,25,0,0,1,24,0,0,0,0,
23,3,25,ZX_split,2.5732935662854217,1.6879819446376672,0.9150249205206725,0.08497507947932748,12,13,0,2,10,7,6,0,0,
23,3,25,XYZ_split,2.5732935662854217,1.6879819446376672,0.9977030537654771,0.002296946234522923,8,8,9,1,7,4,4,7,2,
23,3,25,RL_adaptive,2.5732935662854217,1.6879819446376672,0.990304511716169,0.009695488283831044,9,9,7,1,8,5,4,5,2,0.990304511716169
23,3,50,Z_only,2.5732935662854217,1.6879819446376672,0.9214088119345516,0.0785911880654484,50,0,0,4,46,0,0,0,0,
23,3,50,ZX_split,2.5732935662854217,1.6879819446376672,0.8937419712712388,0.10625802872876122,25,25,0,1,24,7,18,0,0,
23,3,50,XYZ_split,2.5732935662854217,1.6879819446376672,0.9777199633512665,0.02228003664873346,16,16,18,1,15,10,6,14,4,
23,3,50,RL_adaptive,2.5732935662854217,1.6879819446376672,0.9946374465953379,0.005362553404662074,18,17,15,2,16,7,10,12,3,0.9946374465953379
23,3,100,Z_only,2.5732935662854217,1.6879819446376672,0.9214088119345516,0.0785911880654484,100,0,0,7,93,0,0,0,0,
23,3,100,ZX_split,2.5732935662854217,1.6879819446376672,0.9168296936902204,0.08317030630977962,50,50,0,3,47,27,23,0,0,
23,3,100,XYZ_split,2.5732935662854217,1.6879819446376672,0.9752989118168768,0.02470108818312322,33,33,34,5,28,11,22,25,9,
23,3,100,RL_adaptive,2.5732935662854217,1.6879819446376672,0.9981864363573022,0.001813563642697802,27,41,32,2,25,18,23,26,6,0.9981864363573022
23,3,250,Z_only,2.5732935662854217,1.6879819446376672,0.9214088119345516,0.0785911880654484,250,0,0,11,239,0,0,0,0,
23,3,250,ZX_split,2.5732935662854217,1.6879819446376672,0.9192304499465012,0.08076955005349884,125,125,0,14,111,65,60,0,0,
23,3,250,XYZ_split,2.5732935662854217,1.6879819446376672,0.9831917525158005,0.016808247484199512,83,83,84,11,72,47,36,70,14,
23,3,250,RL_adaptive,2.5732935662854217,1.6879819446376672,0.9854188154276431,0.014581184572356909,96,81,73,7,89,30,51,51,22,0.9854188154276431
23,3,500,Z_only,2.5732935662854217,1.6879819446376672,0.9214088119345516,0.0785911880654484,500,0,0,37,463,0,0,0,0,
23,3,500,ZX_split,2.5732935662854217,1.6879819446376672,0.9222185353327562,0.07778146466724378,250,250,0,22,228,113,137,0,0,
23,3,500,XYZ_split,2.5732935662854217,1.6879819446376672,0.9988666937327784,0.0011333062672216343,166,166,168,14,152,75,91,123,45,
23,3,500,RL_adaptive,2.5732935662854217,1.6879819446376672,0.995649392678014,0.004350607321986,132,170,198,9,123,77,93,139,59,0.995649392678014
23,4,10,Z_only,2.5732935662854217,1.6879819446376672,0.9214088119345516,0.0785911880654484,10,0,0,1,9,0,0,0,0,
23,4,10,ZX_split,2.5732935662854217,1.6879819446376672,0.9097328118627833,0.09026718813721668,5,5,0,1,4,2,3,0,0,
23,4,10,XYZ_split,2.5732935662854217,1.6879819446376672,0.984734282172204,0.015265717827795955,3,3,4,0,3,1,2,3,1,
23,4,10,RL_adaptive,2.5732935662854217,1.6879819446376672,0.8991746425962133,0.10082535740378673,2,3,5,0,2,0,3,4,1,0.8991746425962133
23,4,25,Z_only,2.5732935662854217,1.6879819446376672,0.9214088119345516,0.0785911880654484,25,0,0,2,23,0,0,0,0,
23,4,25,ZX_split,2.5732935662854217,1.6879819446376672,0.9176916742715255,0.08230832572847446,12,13,0,0,12,5,8,0,0,
23,4,25,XYZ_split,2.5732935662854217,1.6879819446376672,0.9977030537654771,0.002296946234522923,8,8,9,1,7,4,4,7,2,
23,4,25,RL_adaptive,2.5732935662854217,1.6879819446376672,0.8870196280001799,0.11298037199982014,10,9,6,1,9,1,8,4,2,0.8870196280001799
23,4,50,Z_only,2.5732935662854217,1.6879819446376672,0.9214088119345516,0.0785911880654484,50,0,0,6,44,0,0,0,0,
23,4,50,ZX_split,2.5732935662854217,1.6879819446376672,0.8898341912044541,0.11016580879554594,25,25,0,2,23,16,9,0,0,
23,4,50,XYZ_split,2.5732935662854217,1.6879819446376672,0.9752580237111643,0.024741976288835676,16,16,18,1,15,5,11,13,5,
23,4,50,RL_adaptive,2.5732935662854217,1.6879819446376672,0.995820543943505,0.004179456056494946,18,17,15,0,18,9,8,13,2,0.995820543943505
23,4,100,Z_only,2.5732935662854217,1.6879819446376672,0.9214088119345516,0.0785911880654484,100,0,0,9,91,0,0,0,0,
23,4,100,ZX_split,2.5732935662854217,1.6879819446376672,0.9223058137078355,0.07769418629216451,50,50,0,7,43,23,27,0,0,
23,4,100,XYZ_split,2.5732935662854217,1.6879819446376672,0.9957310026822856,0.004268997317714351,33,33,34,2,31,16,17,24,10,
23,4,100,RL_adaptive,2.5732935662854217,1.6879819446376672,0.9860678739623265,0.013932126037673465,27,41,32,2,25,24,17,24,8,0.9860678739623265
23,4,250,Z_only,2.5732935662854217,1.6879819446376672,0.9214088119345516,0.0785911880654484,250,0,0,17,233,0,0,0,0,
23,4,250,ZX_split,2.5732935662854217,1.6879819446376672,0.9216959382071294,0.07830406179287064,125,125,0,9,116,55,70,0,0,
23,4,250,XYZ_split,2.5732935662854217,1.6879819446376672,0.9962054418310112,0.003794558168988771,83,83,84,5,78,44,39,67,17,
23,4,250,RL_adaptive,2.5732935662854217,1.6879819446376672,0.993432459505674,0.006567540494325952,97,79,74,9,88,31,48,55,19,0.993432459505674
23,4,500,Z_only,2.5732935662854217,1.6879819446376672,0.9214088119345516,0.0785911880654484,500,0,0,46,454,0,0,0,0,
23,4,500,ZX_split,2.5732935662854217,1.6879819446376672,0.9214088119345516,0.0785911880654484,250,250,0,24,226,125,125,0,0,
23,4,500,XYZ_split,2.5732935662854217,1.6879819446376672,0.999801085863477,0.0001989141365229541,166,166,168,9,157,75,91,132,36,
23,4,500,RL_adaptive,2.5732935662854217,1.6879819446376672,0.999515736801273,0.0004842631987269641,132,167,201,7,125,74,93,158,43,0.999515736801273
24,0,10,Z_only,1.6381332991449755,1.0294200835166913,0.4663569517128762,0.5336430482871237,10,0,0,5,5,0,0,0,0,
24,0,10,ZX_split,1.6381332991449755,1.0294200835166913,0.7545207100159113,0.24547928998408874,5,5,0,2,3,4,1,0,0,
24,0,10,XYZ_split,1.6381332991449755,1.0294200835166913,0.7026931250784413,0.2973068749215587,3,3,4,1,2,1,2,3,1,
24,0,10,RL_adaptive,1.6381332991449755,1.0294200835166913,0.8098802668552381,0.19011973314476194,2,3,5,0,2,2,1,4,1,0.8098802668552381
24,0,25,Z_only,1.6381332991449755,1.0294200835166913,0.4663569517128762,0.5336430482871237,25,0,0,16,9,0,0,0,0,
24,0,25,ZX_split,1.6381332991449755,1.0294200835166913,0.7578077385826738,0.2421922614173262,12,13,0,5,7,11,2,0,0,
24,0,25,XYZ_split,1.6381332991449755,1.0294200835166913,0.9708398961415629,0.029160103858437147,8,8,9,5,3,8,0,9,0,
24,0,25,RL_adaptive,1.6381332991449755,1.0294200835166913,0.9948361999501341,0.005163800049865941,8,10,7,3,5,8,2,7,0,0.9948361999501341
24,0,50,Z_only,1.6381332991449755,1.0294200835166913,0.4663569517128762,0.5336430482871237,50,0,0,28,22,0,0,0,0,
24,0,50,ZX_split,1.6381332991449755,1.0294200835166913,0.7391636574174494,0.2608363425825506,25,25,0,14,11,18,7,0,0,
24,0,50,XYZ_split,1.6381332991449755,1.0294200835166913,0.9850215005514326,0.01497849944856744,16,16,18,8,8,15,1,17,1,
24,0,50,RL_adaptive,1.6381332991449755,1.0294200835166913,0.9802155513650178,0.019784448634982188,18,16,16,11,7,13,3,15,1,0.9802155513650178
24,0,100,Z_only,1.6381332991449755,1.0294200835166913,0.5336430482871236,0.4663569517128764,100,0,0,45,55,0,0,0,0,
24,0,100,ZX_split,1.6381332991449755,1.0294200835166913,0.757074035682129,0.24292596431787095,50,50,0,25,25,36,14,0,0,
24,0,100,XYZ_split,1.6381332991449755,1.0294200835166913,0.990517464730613,0.009482535269387027,33,33,34,18,15,28,5,32,2,
24,0,100,RL_adaptive,1.6381332991449755,1.0294200835166913,0.9999630206076628,3.6979392337155303e-05,30,41,29,14,16,33,8,29,0,0.9999630206076628
24,0,250,Z_only,1.6381332991449755,1.0294200835166913,0.4663569517128762,0.5336430482871237,250,0,0,127,123,0,0,0,0,
24,0,250,ZX_split,1.6381332991449755,1.0294200835166913,0.758321615877897,0.24167838412210296,125,125,0,61,64,96,29,0,0,
24,0,250,XYZ_split,1.6381332991449755,1.0294200835166913,0.9970233030575407,0.002976696942459278,83,83,84,41,42,67,16,77,7,
24,0,250,RL_adaptive,1.6381332991449755,1.0294200835166913,0.9925839342591845,0.007416065740815547,104,58,88,50,54,50,8,81,7,0.9925839342591845
24,0,500,Z_only,1.6381332991449755,1.0294200835166913,0.5336430482871236,0.4663569517128764,500,0,0,231,269,0,0,0,0,
24,0,500,ZX_split,1.6381332991449755,1.0294200835166913,0.7590919745260293,0.24090802547397072,250,250,0,119,131,189,61,0,0,
24,0,500,XYZ_split,1.6381332991449755,1.0294200835166913,0.9990745896533454,0.0009254103466546093,166,166,168,74,92,129,37,154,14,
24,0,500,RL_adaptive,1.6381332991449755,1.0294200835166913,0.9994427006108265,0.0005572993891734823,140,152,208,64,76,110,42,189,19,0.9994427006108265
24,1,10,Z_only,1.6381332991449755,1.0294200835166913,0.4663569517128762,0.5336430482871237,10,0,0,5,5,0,0,0,0,
24,1,10,ZX_split,1.6381332991449755,1.0294200835166913,0.7332429780122441,0.26675702198775586,5,5,0,3,2,4,1,0,0,
24,1,10,XYZ_split,1.6381332991449755,1.0294200835166913,0.9131882071059968,0.0868117928940032,3,3,4,1,2,3,0,3,1,
24,1,10,RL_adaptive,1.6381332991449755,1.0294200835166913,0.7026931250784413,0.2973068749215587,3,3,4,1,2,1,2,3,1,0.7026931250784413
24,1,25,Z_only,1.6381332991449755,1.0294200835166913,0.5336430482871236,0.4663569517128764,25,0,0,8,17,0,0,0,0,
24,1,25,ZX_split,1.6381332991449755,1.0294200835166913,0.7578077385826738,0.2421922614173262,12,13,0,5,7,11,2,0,0,
24,1,25,XYZ_split,1.6381332991449755,1.0294200835166913,0.997360607812233,0.002639392187766987,8,8,9,4,4,6,2,9,0,
24,1,25,RL_adaptive,1.6381332991449755,1.0294200835166913,0.9948361999501341,0.005163800049865941,8,10,7,3,5,8,2,7,0,0.9948361999501341
24,1,50,Z_only,1.6381332991449755,1.0294200835166913,0.5336430482871236,0.4663569517128764,50,0,0,24,26,0,0,0,0,
24,1,50,ZX_split,1.6381332991449755,1.0294200835166913,0.7568678005939424,0.24313219940605757,25,25,0,11,14,18,7,0,0,
24,1,50,XYZ_split,1.6381332991449755,1.0294200835166913,0.9933111960281059,0.006688803971894086,16,16,18,7,9,14,2,17,1,
24,1,50,RL_adaptive,1.6381332991449755,1.0294200835166913,0.9503292925892899,0.04967070741071011,18,17,15,7,11,16,1,12,3,0.9503292925892899
24,1,100,Z_only,1.6381332991449755,1.0294200835166913,0.5336430482871236,0.4663569517128764,100,0,0,44,56,0,0,0,0,
24,1,100,ZX_split,1.6381332991449755,1.0294200835166913,0.757074035682129,0.24292596431787095,50,50,0,25,25,37,13,0,0,
24,1,100,XYZ_split,1.6381332991449755,1.0294200835166913,0.9792434497994591,0.020756550200540902,33,33,34,19,14,22,11,32,2,
24,1,100,RL_adaptive,1.6381332991449755,1.0294200835166913,0.9955944803439857,0.004405519656014323,30,41,29,16,14,33,8,28,1,0.9955944803439857
24,1,250,Z_only,1.6381332991449755,1.0294200835166913,0.5336430482871236,0.4663569517128764,250,0,0,116,134,0,0,0,0,
24,1,250,ZX_split,1.6381332991449755,1.0294200835166913,0.7565890983475443,0.2434109016524557,125,125,0,63,62,99,26,0,0,
24,1,250,XYZ_split,1.6381332991449755,1.0294200835166913,0.9942353497883629,0.005764650211637079,83,83,84,44,39,60,23,80,4,
24,1,250,RL_adaptive,1.6381332991449755,1.0294200835166913,0.9996834178423345,0.00031658215766550146,102,62,86,46,56,47,15,82,4,0.9996834178423345
24,1,500,Z_only,1.6381332991449755,1.0294200835166913,0.4663569517128762,0.5336430482871237,500,0,0,257,243,0,0,0,0,
24,1,500,ZX_split,1.6381332991449755,1.0294200835166913,0.7482668640428812,0.25173313595711877,250,250,0,134,116,180,70,0,0,
24,1,500,XYZ_split,1.6381332991449755,1.0294200835166913,0.999702527032128,0.0002974729678719701,166,166,168,75,91,127,39,155,13,
24,1,500,RL_adaptive,1.6381332991449755,1.0294200835166913,0.9941429844976635,0.005857015502336527,143,147,210,77,66,120,27,200,10,0.9941429844976635
24,2,10,Z_only,1.6381332991449755,1.0294200835166913,0.5336430482871236,0.4663569517128764,10,0,0,4,6,0,0,0,0,
24,2,10,ZX_split,1.6381332991449755,1.0294200835166913,0.7545207100159113,0.24547928998408874,5,5,0,2,3,4,1,0,0,
24,2,10,XYZ_split,1.6381332991449755,1.0294200835166913,0.8758319507191695,0.12416804928083047,3,3,4,3,0,3,0,4,0,
24,2,10,RL_adaptive,1.6381332991449755,1.0294200835166913,0.997360607812233,0.002639392187766987,2,4,4,1,1,3,1,4,0,0.997360607812233
24,2,25,Z_only,1.6381332991449755,1.0294200835166913,0.5336430482871236,0.4663569517128764,25,0,0,12,13,0,0,0,0,
24,2,25,ZX_split,1.6381332991449755,1.0294200835166913,0.757074035682129,0.24292596431787095,12,13,0,6,6,9,4,0,0,
24,2,25,XYZ_split,1.6381332991449755,1.0294200835166913,0.8800158128399952,0.11998418716000481,8,8,9,1,7,8,0,7,2,
24,2,25,RL_adaptive,1.6381332991449755,1.0294200835166913,0.9481267537361555,0.051873246263844486,8,10,7,5,3,6,4,7,0,0.9481267537361555
24,2,50,Z_only,1.6381332991449755,1.0294200835166913,0.5336430482871236,0.4663569517128764,50,0,0,22,28,0,0,0,0,
24,2,50,ZX_split,1.6381332991449755,1.0294200835166913,0.7568678005939424,0.24313219940605757,25,25,0,11,14,18,7,0,0,
24,2,50,XYZ_split,1.6381332991449755,1.0294200835166913,0.9844347657505096,0.015565234249490412,16,16,18,6,10,11,5,15,3,
24,2,50,RL_adaptive,1.6381332991449755,1.0294200835166913,0.9865709799303054,0.013429020069694597,19,16,15,7,12,14,2,14,1,0.9865709799303054
24,2,100,Z_only,1.6381332991449755,1.0294200835166913,0.5336430482871236,0.4663569517128764,100,0,0,44,56,0,0,0,0,
24,2,100,ZX_split,1.6381332991449755,1.0294200835166913,0.7537365163674279,0.2462634836325721,50,50,0,26,24,38,12,0,0,
24,2,100,XYZ_split,1.6381332991449755,1.0294200835166913,0.998791124147589,0.0012088758524110288,33,33,34,14,19,26,7,33,1,
24,2,100,RL_adaptive,1.6381332991449755,1.0294200835166913,0.9935666474866407,0.006433352513359303,30,40,30,16,14,29,11,29,1,0.9935666474866407
24,2,250,Z_only,1.6381332991449755,1.0294200835166913,0.4663569517128762,0.5336430482871237,250,0,0,132,118,0,0,0,0,
24,2,250,ZX_split,1.6381332991449755,1.0294200835166913,0.7592314349344762,0.2407685650655238,125,125,0,58,67,93,32,0,0,
24,2,250,XYZ_split,1.6381332991449755,1.0294200835166913,0.9953686603361894,0.004631339663810574,83,83,84,43,40,66,17,76,8,
24,2,250,RL_adaptive,1.6381332991449755,1.0294200835166913,0.9938118192622453,0.006188180737754734,99,66,85,44,55,45,21,80,5,0.9938118192622453
24,2,500,Z_only,1.6381332991449755,1.0294200835166913,0.5336430482871236,0.4663569517128764,500,0,0,236,264,0,0,0,0,
24,2,500,ZX_split,1.6381332991449755,1.0294200835166913,0.7505203145652557,0.2494796854347443,250,250,0,104,146,176,74,0,0,
24,2,500,XYZ_split,1.6381332991449755,1.0294200835166913,0.9999657189595687,3.428104043134983e-05,166,166,168,77,89,122,44,150,18,
24,2,500,RL_adaptive,1.6381332991449755,1.0294200835166913,0.9967067241060822,0.003293275893917813,141,150,209,62,79,123,27,193,16,0.9967067241060822
24,3,10,Z_only,1.6381332991449755,1.0294200835166913,0.4663569517128762,0.5336430482871237,10,0,0,5,5,0,0,0,0,
24,3,10,ZX_split,1.6381332991449755,1.0294200835166913,0.7332429780122441,0.26675702198775586,5,5,0,3,2,4,1,0,0,
24,3,10,XYZ_split,1.6381332991449755,1.0294200835166913,0.9146795966890304,0.08532040331096957,3,3,4,0,3,3,0,4,0,
24,3,10,RL_adaptive,1.6381332991449755,1.0294200835166913,0.7785194602505734,0.2214805397494266,3,4,3,3,0,2,2,3,0,0.7785194602505734
24,3,25,Z_only,1.6381332991449755,1.0294200835166913,0.5336430482871236,0.4663569517128764,25,0,0,8,17,0,0,0,0,
24,3,25,ZX_split,1.6381332991449755,1.0294200835166913,0.7492564537849118,0.2507435462150882,12,13,0,5,7,9,4,0,0,
24,3,25,XYZ_split,1.6381332991449755,1.0294200835166913,0.8974392325932073,0.10256076740679265,8,8,9,2,6,4,4,9,0,
24,3,25,RL_adaptive,1.6381332991449755,1.0294200835166913,0.9249109224987383,0.0750890775012617,9,9,7,2,7,6,3,6,1,0.9249109224987383
24,3,50,Z_only,1.6381332991449755,1.0294200835166913,0.5336430482871236,0.4663569517128764,50,0,0,23,27,0,0,0,0,
24,3,50,ZX_split,1.6381332991449755,1.0294200835166913,0.7592481569736783,0.2407518430263217,25,25,0,11,14,23,2,0,0,
24,3,50,XYZ_split,1.6381332991449755,1.0294200835166913,0.9564112135253615,0.043588786474638486,16,16,18,11,5,12,4,17,1,
24,3,50,RL_adaptive,1.6381332991449755,1.0294200835166913,0.9942878547108915,0.005712145289108461,18,16,16,7,11,12,4,15,1,0.9942878547108915
24,3,100,Z_only,1.6381332991449755,1.0294200835166913,0.4663569517128762,0.5336430482871237,100,0,0,50,50,0,0,0,0,
24,3,100,ZX_split,1.6381332991449755,1.0294200835166913,0.7358291261928402,0.26417087380715976,50,50,0,20,30,33,17,0,0,
24,3,100,XYZ_split,1.6381332991449755,1.0294200835166913,0.9670591347740616,0.03294086522593842,33,33,34,10,23,22,11,33,1,
24,3,100,RL_adaptive,1.6381332991449755,1.0294200835166913,0.9793886880499006,0.020611311950099354,29,41,30,9,20,34,7,28,2,0.9793886880499006
24,3,250,Z_only,1.6381332991449755,1.0294200835166913,0.5336430482871236,0.4663569517128764,250,0,0,114,136,0,0,0,0,
24,3,250,ZX_split,1.6381332991449755,1.0294200835166913,0.7588209556729051,0.24117904432709492,125,125,0,54,71,107,18,0,0,
24,3,250,XYZ_split,1.6381332991449755,1.0294200835166913,0.9982620021631272,0.0017379978368727844,83,83,84,36,47,64,19,76,8,
24,3,250,RL_adaptive,1.6381332991449755,1.0294200835166913,0.9992386687256788,0.0007613312743212086,102,61,87,45,57,48,13,82,5,0.9992386687256788
24,3,500,Z_only,1.6381332991449755,1.0294200835166913,0.4663569517128762,0.5336430482871237,500,0,0,255,245,0,0,0,0,
24,3,500,ZX_split,1.6381332991449755,1.0294200835166913,0.7589631807755266,0.2410368192244734,250,250,0,120,130,186,64,0,0,
24,3,500,XYZ_split,1.6381332991449755,1.0294200835166913,0.9988315183647882,0.001168481635211771,166,166,168,76,90,134,32,158,10,
24,3,500,RL_adaptive,1.6381332991449755,1.0294200835166913,0.9956339689054651,0.004366031094534928,140,151,209,57,83,110,41,195,14,0.9956339689054651
24,4,10,Z_only,1.6381332991449755,1.0294200835166913,0.5336430482871236,0.4663569517128764,10,0,0,3,7,0,0,0,0,
24,4,10,ZX_split,1.6381332991449755,1.0294200835166913,0.5493773499991912,0.4506226500008088,5,5,0,4,1,3,2,0,0,
24,4,10,XYZ_split,1.6381332991449755,1.0294200835166913,0.9634579108166401,0.03654208918335988,3,3,4,2,1,3,0,4,0,
24,4,10,RL_adaptive,1.6381332991449755,1.0294200835166913,0.997360607812233,0.002639392187766987,2,4,4,1,1,3,1,4,0,0.997360607812233
24,4,25,Z_only,1.6381332991449755,1.0294200835166913,0.5336430482871236,0.4663569517128764,25,0,0,11,14,0,0,0,0,
24,4,25,ZX_split,1.6381332991449755,1.0294200835166913,0.7480453837035914,0.2519546162964086,12,13,0,7,5,13,0,0,0,
24,4,25,XYZ_split,1.6381332991449755,1.0294200835166913,0.9812682178786132,0.01873178212138682,8,8,9,3,5,7,1,8,1,
24,4,25,RL_adaptive,1.6381332991449755,1.0294200835166913,0.9364970760665121,0.06350292393348789,8,10,7,2,6,6,4,7,0,0.9364970760665121
24,4,50,Z_only,1.6381332991449755,1.0294200835166913,0.5336430482871236,0.4663569517128764,50,0,0,23,27,0,0,0,0,
24,4,50,ZX_split,1.6381332991449755,1.0294200835166913,0.7590641841708877,0.24093581582911228,25,25,0,12,13,18,7,0,0,
24,4,50,XYZ_split,1.6381332991449755,1.0294200835166913,0.9422349090532575,0.05776509094674254,16,16,18,11,5,11,5,16,2,
24,4,50,RL_adaptive,1.6381332991449755,1.0294200835166913,0.9987570155138316,0.0012429844861684414,18,17,15,8,10,12,5,13,2,0.9987570155138316
24,4,100,Z_only,1.6381332991449755,1.0294200835166913,0.5336430482871236,0.4663569517128764,100,0,0,45,55,0,0,0,0,
24,4,100,ZX_split,1.6381332991449755,1.0294200835166913,0.7533921367251715,0.24660786327482853,50,50,0,26,24,37,13,0,0,
24,4,100,XYZ_split,1.6381332991449755,1.0294200835166913,0.999258558654538,0.0007414413454619462,33,33,34,15,18,27,6,33,1,
24,4,100,RL_adaptive,1.6381332991449755,1.0294200835166913,0.9828548383194249,0.017145161680575116,31,40,29,18,13,28,12,28,1,0.9828548383194249
24,4,250,Z_only,1.6381332991449755,1.0294200835166913,0.5336430482871236,0.4663569517128764,250,0,0,119,131,0,0,0,0,
24,4,250,ZX_split,1.6381332991449755,1.0294200835166913,0.7574376715672256,0.24256232843277437,125,125,0,55,70,92,33,0,0,
24,4,250,XYZ_split,1.6381332991449755,1.0294200835166913,0.9963737985424167,0.0036262014575833,83,83,84,41,42,64,19,72,12,
24,4,250,RL_adaptive,1.6381332991449755,1.0294200835166913,0.9906292819275139,0.009370718072486128,105,60,85,38,67,48,12,80,5,0.9906292819275139
24,4,500,Z_only,1.6381332991449755,1.0294200835166913,0.5336430482871236,0.4663569517128764,500,0,0,234,266,0,0,0,0,
24,4,500,ZX_split,1.6381332991449755,1.0294200835166913,0.7579685258549136,0.2420314741450864,250,250,0,110,140,189,61,0,0,
24,4,500,XYZ_split,1.6381332991449755,1.0294200835166913,0.9956483320664339,0.004351667933566117,166,166,168,82,84,133,33,149,19,
24,4,500,RL_adaptive,1.6381332991449755,1.0294200835166913,0.9913972431321962,0.008602756867803762,140,150,210,51,89,115,35,200,10,0.9913972431321962
25,0,10,Z_only,1.353322023751702,3.498351016571465,0.39211794578766596,0.607882054212334,10,0,0,4,6,0,0,0,0,
25,0,10,ZX_split,1.353322023751702,3.498351016571465,0.7470141770810618,0.25298582291893823,5,5,0,4,1,2,3,0,0,
25,0,10,XYZ_split,1.353322023751702,3.498351016571465,0.968120123268194,0.031879876731806034,3,3,4,2,1,0,3,2,2,
25,0,10,RL_adaptive,1.353322023751702,3.498351016571465,0.9870780124490488,0.012921987550951197,4,3,3,3,1,0,3,1,2,0.9870780124490488
25,0,25,Z_only,1.353322023751702,3.498351016571465,0.6078820542123341,0.3921179457876659,25,0,0,17,8,0,0,0,0,
25,0,25,ZX_split,1.353322023751702,3.498351016571465,0.9574299918818365,0.04257000811816347,12,13,0,9,3,0,13,0,0,
25,0,25,XYZ_split,1.353322023751702,3.498351016571465,0.9335248546297569,0.06647514537024313,8,8,9,3,5,0,8,4,5,
25,0,25,RL_adaptive,1.353322023751702,3.498351016571465,0.999431305232758,0.0005686947672419729,8,10,7,5,3,0,10,2,5,0.999431305232758
25,0,50,Z_only,1.353322023751702,3.498351016571465,0.6078820542123341,0.3921179457876659,50,0,0,27,23,0,0,0,0,
25,0,50,ZX_split,1.353322023751702,3.498351016571465,0.9670761695990594,0.0329238304009406,25,25,0,14,11,0,25,0,0,
25,0,50,XYZ_split,1.353322023751702,3.498351016571465,0.9963958518613334,0.0036041481386666074,16,16,18,9,7,0,16,5,13,
25,0,50,RL_adaptive,1.353322023751702,3.498351016571465,0.9973700400914327,0.002629959908567292,17,18,15,10,7,2,16,6,9,0.9973700400914327
25,0,100,Z_only,1.353322023751702,3.498351016571465,0.6078820542123341,0.3921179457876659,100,0,0,57,43,0,0,0,0,
25,0,100,ZX_split,1.353322023751702,3.498351016571465,0.967329646628823,0.03267035337117696,50,50,0,28,22,1,49,0,0,
25,0,100,XYZ_split,1.353322023751702,3.498351016571465,0.9544472105548948,0.04555278944510521,33,33,34,13,20,1,32,9,25,
25,0,100,RL_adaptive,1.353322023751702,3.498351016571465,0.922584464170233,0.07741553582976701,32,38,30,19,13,2,36,18,12,0.922584464170233
25,0,250,Z_only,1.353322023751702,3.498351016571465,0.6078820542123341,0.3921179457876659,250,0,0,146,104,0,0,0,0,
25,0,250,ZX_split,1.353322023751702,3.498351016571465,0.9685376034973104,0.03146239650268956,125,125,0,81,44,5,120,0,0,
25,0,250,XYZ_split,1.353322023751702,3.498351016571465,0.9783343258614831,0.021665674138516944,83,83,84,62,21,7,76,30,54,
25,0,250,RL_adaptive,1.353322023751702,3.498351016571465,0.9911545550072919,0.008845444992708118,68,106,76,46,22,4,102,30,46,0.9911545550072919
25,0,500,Z_only,1.353322023751702,3.498351016571465,0.6078820542123341,0.3921179457876659,500,0,0,297,203,0,0,0,0,
25,0,500,ZX_split,1.353322023751702,3.498351016571465,0.9687561592058994,0.031243840794100586,250,250,0,143,107,12,238,0,0,
25,0,500,XYZ_split,1.353322023751702,3.498351016571465,0.9958238613059192,0.004176138694080844,166,166,168,103,63,1,165,65,103,
25,0,500,RL_adaptive,1.353322023751702,3.498351016571465,0.9919106214881359,0.008089378511864087,137,190,173,90,47,3,187,37,136,0.9919106214881359
25,1,10,Z_only,1.353322023751702,3.498351016571465,0.6078820542123341,0.3921179457876659,10,0,0,8,2,0,0,0,0,
25,1,10,ZX_split,1.353322023751702,3.498351016571465,0.9274398629842736,0.07256013701572639,5,5,0,2,3,0,5,0,0,
25,1,10,XYZ_split,1.353322023751702,3.498351016571465,0.9569604524040676,0.043039547595932426,3,3,4,2,1,0,3,0,4,
25,1,10,RL_adaptive,1.353322023751702,3.498351016571465,0.793642009016994,0.206357990983006,3,3,4,1,2,1,2,1,3,0.793642009016994
25,1,25,Z_only,1.353322023751702,3.498351016571465,0.6078820542123341,0.3921179457876659,25,0,0,13,12,0,0,0,0,
25,1,25,ZX_split,1.353322023751702,3.498351016571465,0.9574299918818365,0.04257000811816347,12,13,0,9,3,0,13,0,0,
25,1,25,XYZ_split,1.353322023751702,3.498351016571465,0.9996496932038217,0.0003503067961783124,8,8,9,5,3,0,8,3,6,
25,1,25,RL_adaptive,1.353322023751702,3.498351016571465,0.9769965523111851,0.023003447688814904,8,10,7,4,4,0,10,3,4,0.9769965523111851
25,1,50,Z_only,1.353322023751702,3.498351016571465,0.6078820542123341,0.3921179457876659,50,0,0,34,16,0,0,0,0,
25,1,50,ZX_split,1.353322023751702,3.498351016571465,0.9698737293084467,0.03012627069155327,25,25,0,15,10,3,22,0,0,
25,1,50,XYZ_split,1.353322023751702,3.498351016571465,0.9662329619355138,0.03376703806448622,16,16,18,11,5,0,16,9,9,
25,1,50,RL_adaptive,1.353322023751702,3.498351016571465,0.9531125989291876,0.04688740107081235,17,18,15,13,4,1,17,1,14,0.9531125989291876
25,1,100,Z_only,1.353322023751702,3.498351016571465,0.6078820542123341,0.3921179457876659,100,0,0,64,36,0,0,0,0,
25,1,100,ZX_split,1.353322023751702,3.498351016571465,0.9696262149295708,0.030373785070429205,50,50,0,32,18,0,50,0,0,
25,1,100,XYZ_split,1.353322023751702,3.498351016571465,0.9890355524094917,0.010964447590508297,33,33,34,22,11,1,32,7,27,
25,1,100,RL_adaptive,1.353322023751702,3.498351016571465,0.9970520698624182,0.002947930137581767,32,37,31,18,14,1,36,11,20,0.9970520698624182
25,1,250,Z_only,1.353322023751702,3.498351016571465,0.6078820542123341,0.3921179457876659,250,0,0,157,93,0,0,0,0,
25,1,250,ZX_split,1.353322023751702,3.498351016571465,0.968120123268194,0.031879876731806034,125,125,0,82,43,4,121,0,0,
25,1,250,XYZ_split,1.353322023751702,3.498351016571465,0.9999268472598735,7.315274012653639e-05,83,83,84,50,33,3,80,28,56,
25,1,250,RL_adaptive,1.353322023751702,3.498351016571465,0.997676738703997,0.0023232612960030208,70,106,74,42,28,6,100,21,53,0.997676738703997
25,1,500,Z_only,1.353322023751702,3.498351016571465,0.6078820542123341,0.3921179457876659,500,0,0,294,206,0,0,0,0,
25,1,500,ZX_split,1.353322023751702,3.498351016571465,0.9623659631318081,0.03763403686819189,250,250,0,174,76,13,237,0,0,
25,1,500,XYZ_split,1.353322023751702,3.498351016571465,0.9956945295461584,0.004305470453841553,166,166,168,96,70,5,161,65,103,
25,1,500,RL_adaptive,1.353322023751702,3.498351016571465,0.9978099077673607,0.002190092232639329,137,185,178,90,47,8,177,57,121,0.9978099077673607
25,2,10,Z_only,1.353322023751702,3.498351016571465,0.6078820542123341,0.3921179457876659,10,0,0,8,2,0,0,0,0,
25,2,10,ZX_split,1.353322023751702,3.498351016571465,0.9477917956074734,0.0522082043925266,5,5,0,4,1,0,5,0,0,
25,2,10,XYZ_split,1.353322023751702,3.498351016571465,0.9960243201871765,0.0039756798128235404,3,3,4,2,1,0,3,1,3,
25,2,10,RL_adaptive,1.353322023751702,3.498351016571465,0.9960243201871765,0.0039756798128235404,3,3,4,2,1,0,3,1,3,0.9960243201871765
25,2,25,Z_only,1.353322023751702,3.498351016571465,0.6078820542123341,0.3921179457876659,25,0,0,14,11,0,0,0,0,
25,2,25,ZX_split,1.353322023751702,3.498351016571465,0.9574812512913149,0.042518748708685106,12,13,0,6,6,0,13,0,0,
25,2,25,XYZ_split,1.353322023751702,3.498351016571465,0.9827156993269309,0.017284300673069075,8,8,9,4,4,0,8,2,7,
25,2,25,RL_adaptive,1.353322023751702,3.498351016571465,0.9713725272015158,0.02862747279848421,8,10,7,4,4,0,10,1,6,0.9713725272015158
25,2,50,Z_only,1.353322023751702,3.498351016571465,0.6078820542123341,0.3921179457876659,50,0,0,31,19,0,0,0,0,
25,2,50,ZX_split,1.353322023751702,3.498351016571465,0.9696262149295708,0.030373785070429205,25,25,0,16,9,0,25,0,0,
25,2,50,XYZ_split,1.353322023751702,3.498351016571465,0.9639451692164007,0.03605483078359928,16,16,18,7,9,2,14,7,11,
25,2,50,RL_adaptive,1.353322023751702,3.498351016571465,0.9931766417014819,0.006823358298518101,17,18,15,9,8,0,18,5,10,0.9931766417014819
25,2,100,Z_only,1.353322023751702,3.498351016571465,0.6078820542123341,0.3921179457876659,100,0,0,56,44,0,0,0,0,
25,2,100,ZX_split,1.353322023751702,3.498351016571465,0.9621877353761636,0.037812264623836356,50,50,0,36,14,0,50,0,0,
25,2,100,XYZ_split,1.353322023751702,3.498351016571465,0.9760198039509865,0.02398019604901347,33,33,34,15,18,1,32,10,24,
25,2,100,RL_adaptive,1.353322023751702,3.498351016571465,0.9987553342089659,0.0012446657910341052,32,37,31,19,13,1,36,9,22,0.9987553342089659
25,2,250,Z_only,1.353322023751702,3.498351016571465,0.6078820542123341,0.3921179457876659,250,0,0,160,90,0,0,0,0,
25,2,250,ZX_split,1.353322023751702,3.498351016571465,0.9695797423976905,0.030420257602309486,125,125,0,74,51,2,123,0,0,
25,2,250,XYZ_split,1.353322023751702,3.498351016571465,0.9974944276712554,0.0025055723287445986,83,83,84,50,33,1,82,22,62,
25,2,250,RL_adaptive,1.353322023751702,3.498351016571465,0.9934356060988119,0.006564393901188126,70,107,73,38,32,3,104,20,53,0.9934356060988119
25,2,500,Z_only,1.353322023751702,3.498351016571465,0.6078820542123341,0.3921179457876659,500,0,0,315,185,0,0,0,0,
25,2,500,ZX_split,1.353322023751702,3.498351016571465,0.9651583974253198,0.034841602574680164,250,250,0,135,115,11,239,0,0,
25,2,500,XYZ_split,1.353322023751702,3.498351016571465,0.9981381053470434,0.0018618946529566083,166,166,168,103,63,5,161,62,106,
25,2,500,RL_adaptive,1.353322023751702,3.498351016571465,0.9867470163190826,0.01325298368091743,136,181,183,85,51,7,174,81,102,0.9867470163190826
25,3,10,Z_only,1.353322023751702,3.498351016571465,0.6078820542123341,0.3921179457876659,10,0,0,8,2,0,0,0,0,
25,3,10,ZX_split,1.353322023751702,3.498351016571465,0.9274398629842736,0.07256013701572639,5,5,0,2,3,0,5,0,0,
25,3,10,XYZ_split,1.353322023751702,3.498351016571465,0.9960243201871765,0.0039756798128235404,3,3,4,2,1,0,3,1,3,
25,3,10,RL_adaptive,1.353322023751702,3.498351016571465,0.8499929059820117,0.15000709401798829,4,3,3,4,0,0,3,2,1,0.8499929059820117
25,3,25,Z_only,1.353322023751702,3.498351016571465,0.6078820542123341,0.3921179457876659,25,0,0,13,12,0,0,0,0,
25,3,25,ZX_split,1.353322023751702,3.498351016571465,0.9589922913995715,0.04100770860042846,12,13,0,8,4,2,11,0,0,
25,3,25,XYZ_split,1.353322023751702,3.498351016571465,0.9855539355506222,0.014446064449377793,8,8,9,5,3,0,8,4,5,
25,3,25,RL_adaptive,1.353322023751702,3.498351016571465,0.9772741553779133,0.02272584462208671,8,10,7,6,2,0,10,1,6,0.9772741553779133
25,3,50,Z_only,1.353322023751702,3.498351016571465,0.6078820542123341,0.3921179457876659,50,0,0,32,18,0,0,0,0,
25,3,50,ZX_split,1.353322023751702,3.498351016571465,0.9690714771147314,0.030928522885268595,25,25,0,16,9,1,24,0,0,
25,3,50,XYZ_split,1.353322023751702,3.498351016571465,0.9813737545251929,0.01862624547480707,16,16,18,11,5,0,16,8,10,
25,3,50,RL_adaptive,1.353322023751702,3.498351016571465,0.9918195163317772,0.008180483668222771,17,18,15,11,6,0,18,3,12,0.9918195163317772
25,3,100,Z_only,1.353322023751702,3.498351016571465,0.6078820542123341,0.3921179457876659,100,0,0,51,49,0,0,0,0,
25,3,100,ZX_split,1.353322023751702,3.498351016571465,0.9700139389547319,0.02998606104526813,50,50,0,30,20,3,47,0,0,
25,3,100,XYZ_split,1.353322023751702,3.498351016571465,0.992332078740935,0.007667921259065014,33,33,34,20,13,0,33,7,27,
25,3,100,RL_adaptive,1.353322023751702,3.498351016571465,0.9916516720359394,0.008348327964060598,33,37,30,22,11,1,36,12,18,0.9916516720359394
25,3,250,Z_only,1.353322023751702,3.498351016571465,0.6078820542123341,0.3921179457876659,250,0,0,159,91,0,0,0,0,
25,3,250,ZX_split,1.353322023751702,3.498351016571465,0.9688585288965952,0.031141471103404816,125,125,0,72,53,4,121,0,0,
25,3,250,XYZ_split,1.353322023751702,3.498351016571465,0.9960133117845635,0.0039866882154364625,83,83,84,56,27,3,80,25,59,
25,3,250,RL_adaptive,1.353322023751702,3.498351016571465,0.992991297387125,0.007008702612875006,68,108,74,42,26,4,104,17,57,0.992991297387125
25,3,500,Z_only,1.353322023751702,3.498351016571465,0.6078820542123341,0.3921179457876659,500,0,0,301,199,0,0,0,0,
25,3,500,ZX_split,1.353322023751702,3.498351016571465,0.9699774928017592,0.030022507198240844,250,250,0,149,101,16,234,0,0,
25,3,500,XYZ_split,1.353322023751702,3.498351016571465,0.9985360513726362,0.0014639486273637647,166,166,168,101,65,7,159,62,106,
25,3,500,RL_adaptive,1.353322023751702,3.498351016571465,0.99990397758749,9.602241251005506e-05,137,186,177,83,54,6,180,56,121,0.99990397758749
25,4,10,Z_only,1.353322023751702,3.498351016571465,0.39211794578766596,0.607882054212334,10,0,0,4,6,0,0,0,0,
25,4,10,ZX_split,1.353322023751702,3.498351016571465,0.9697546860300554,0.030245313969944565,5,5,0,3,2,0,5,0,0,
25,4,10,XYZ_split,1.353322023751702,3.498351016571465,0.968120123268194,0.031879876731806034,3,3,4,2,1,0,3,2,2,
25,4,10,RL_adaptive,1.353322023751702,3.498351016571465,0.6211280280077132,0.37887197199228684,2,3,5,0,2,1,2,1,4,0.6211280280077132
25,4,25,Z_only,1.353322023751702,3.498351016571465,0.6078820542123341,0.3921179457876659,25,0,0,17,8,0,0,0,0,
25,4,25,ZX_split,1.353322023751702,3.498351016571465,0.968120123268194,0.031879876731806034,12,13,0,8,4,0,13,0,0,
25,4,25,XYZ_split,1.353322023751702,3.498351016571465,0.9996496932038217,0.0003503067961783124,8,8,9,5,3,0,8,3,6,
25,4,25,RL_adaptive,1.353322023751702,3.498351016571465,0.9889445944530453,0.011055405546954722,8,10,7,5,3,0,10,3,4,0.9889445944530453
25,4,50,Z_only,1.353322023751702,3.498351016571465,0.6078820542123341,0.3921179457876659,50,0,0,25,25,0,0,0,0,
25,4,50,ZX_split,1.353322023751702,3.498351016571465,0.9621877353761636,0.037812264623836356,25,25,0,18,7,0,25,0,0,
25,4,50,XYZ_split,1.353322023751702,3.498351016571465,0.9574812512913149,0.042518748708685106,16,16,18,8,8,1,15,9,9,
25,4,50,RL_adaptive,1.353322023751702,3.498351016571465,0.9559562376791741,0.04404376232082585,17,18,15,10,7,1,17,8,7,0.9559562376791741
25,4,100,Z_only,1.353322023751702,3.498351016571465,0.6078820542123341,0.3921179457876659,100,0,0,64,36,0,0,0,0,
25,4,100,ZX_split,1.353322023751702,3.498351016571465,0.9690714771147314,0.030928522885268595,50,50,0,32,18,2,48,0,0,
25,4,100,XYZ_split,1.353322023751702,3.498351016571465,0.9888646908529924,0.011135309147007555,33,33,34,23,10,2,31,13,21,
25,4,100,RL_adaptive,1.353322023751702,3.498351016571465,0.98840277340828,0.011597226591720022,32,37,31,18,14,0,37,13,18,0.98840277340828
25,4,250,Z_only,1.353322023751702,3.498351016571465,0.6078820542123341,0.3921179457876659,250,0,0,163,87,0,0,0,0,
25,4,250,ZX_split,1.353322023751702,3.498351016571465,0.9673767153156524,0.03262328468434761,125,125,0,82,43,7,118,0,0,
25,4,250,XYZ_split,1.353322023751702,3.498351016571465,0.9954065177248307,0.004593482275169314,83,83,84,56,27,4,79,29,55,
25,4,250,RL_adaptive,1.353322023751702,3.498351016571465,0.9977437386656292,0.002256261334370846,69,107,74,42,27,3,104,20,54,0.9977437386656292
25,4,500,Z_only,1.353322023751702,3.498351016571465,0.6078820542123341,0.3921179457876659,500,0,0,291,209,0,0,0,0,
25,4,500,ZX_split,1.353322023751702,3.498351016571465,0.9697078197850653,0.03029218021493474,250,250,0,155,95,16,234,0,0,
25,4,500,XYZ_split,1.353322023751702,3.498351016571465,0.9988399451327747,0.0011600548672252575,166,166,168,96,70,2,164,54,114,
25,4,500,RL_adaptive,1.353322023751702,3.498351016571465,0.9963129724353216,0.0036870275646784245,136,185,179,74,62,13,172,61,118,0.9963129724353216
26,0,10,Z_only,2.33538883620418,1.5146224316481232,0.8461214922755902,0.1538785077244098,10,0,0,2,8,0,0,0,0,
26,0,10,ZX_split,2.33538883620418,1.5146224316481232,0.7304197939430984,0.2695802060569016,5,5,0,2,3,2,3,0,0,
26,0,10,XYZ_split,2.33538883620418,1.5146224316481232,0.9815195524012972,0.01848044759870282,3,3,4,0,3,1,2,4,0,
26,0,10,RL_adaptive,2.33538883620418,1.5146224316481232,0.9815195524012972,0.01848044759870282,2,3,5,0,2,1,2,5,0,0.9815195524012972
26,0,25,Z_only,2.33538883620418,1.5146224316481232,0.8461214922755902,0.1538785077244098,25,0,0,9,16,0,0,0,0,
26,0,25,ZX_split,2.33538883620418,1.5146224316481232,0.7951453274658791,0.20485467253412093,12,13,0,0,12,3,10,0,0,
26,0,25,XYZ_split,2.33538883620418,1.5146224316481232,0.8278314863204381,0.17216851367956187,8,8,9,1,7,1,7,6,3,
26,0,25,RL_adaptive,2.33538883620418,1.5146224316481232,0.9340377383779169,0.06596226162208307,9,9,7,2,7,7,2,6,1,0.9340377383779169
26,0,50,Z_only,2.33538883620418,1.5146224316481232,0.8461214922755902,0.1538785077244098,50,0,0,11,39,0,0,0,0,
26,0,50,ZX_split,2.33538883620418,1.5146224316481232,0.8467024761298572,0.15329752387014284,25,25,0,5,20,13,12,0,0,
26,0,50,XYZ_split,2.33538883620418,1.5146224316481232,0.9500593322416137,0.04994066775838635,16,16,18,1,15,4,12,16,2,
26,0,50,RL_adaptive,2.33538883620418,1.5146224316481232,0.9805178052334689,0.019482194766531125,18,17,15,0,18,8,9,12,3,0.9805178052334689
26,0,100,Z_only,2.33538883620418,1.5146224316481232,0.8461214922755902,0.1538785077244098,100,0,0,14,86,0,0,0,0,
26,0,100,ZX_split,2.33538883620418,1.5146224316481232,0.8461214922755902,0.1538785077244098,50,50,0,10,40,25,25,0,0,
26,0,100,XYZ_split,2.33538883620418,1.5146224316481232,0.9772140206579012,0.022785979342098805,33,33,34,4,29,12,21,29,5,
26,0,100,RL_adaptive,2.33538883620418,1.5146224316481232,0.9826468740620747,0.017353125937925262,28,41,31,5,23,26,15,31,0,0.9826468740620747
26,0,250,Z_only,2.33538883620418,1.5146224316481232,0.8461214922755902,0.1538785077244098,250,0,0,39,211,0,0,0,0,
26,0,250,ZX_split,2.33538883620418,1.5146224316481232,0.8367018367489216,0.16329816325107838,125,125,0,22,103,75,50,0,0,
26,0,250,XYZ_split,2.33538883620418,1.5146224316481232,0.9939820311760333,0.006017968823966657,83,83,84,20,63,47,36,70,14,
26,0,250,RL_adaptive,2.33538883620418,1.5146224316481232,0.9982157598472167,0.001784240152783334,98,75,77,17,81,36,39,64,13,0.9982157598472167
26,0,500,Z_only,2.33538883620418,1.5146224316481232,0.8461214922755902,0.1538785077244098,500,0,0,69,431,0,0,0,0,
26,0,500,ZX_split,2.33538883620418,1.5146224316481232,0.8458218532606028,0.15417814673939723,250,250,0,41,209,136,114,0,0,
26,0,500,XYZ_split,2.33538883620418,1.5146224316481232,0.9981285955845102,0.0018714044154898302,166,166,168,22,144,82,84,140,28,
26,0,500,RL_adaptive,2.33538883620418,1.5146224316481232,0.9998769384683687,0.00012306153163132993,134,162,204,25,109,85,77,171,33,0.9998769384683687
26,1,10,Z_only,2.33538883620418,1.5146224316481232,0.8461214922755902,0.1538785077244098,10,0,0,2,8,0,0,0,0,
26,1,10,ZX_split,2.33538883620418,1.5146224316481232,0.8354269898706049,0.16457301012939507,5,5,0,0,5,2,3,0,0,
26,1,10,XYZ_split,2.33538883620418,1.5146224316481232,0.9815195524012972,0.01848044759870282,3,3,4,0,3,1,2,4,0,
26,1,10,RL_adaptive,2.33538883620418,1.5146224316481232,0.9580174292027622,0.04198257079723777,2,3,5,0,2,1,2,4,1,0.9580174292027622
26,1,25,Z_only,2.33538883620418,1.5146224316481232,0.8461214922755902,0.1538785077244098,25,0,0,2,23,0,0,0,0,
26,1,25,ZX_split,2.33538883620418,1.5146224316481232,0.8057746854344725,0.1942253145655275,12,13,0,1,11,4,9,0,0,
26,1,25,XYZ_split,2.33538883620418,1.5146224316481232,0.8934564147835908,0.10654358521640916,8,8,9,3,5,6,2,8,1,
26,1,25,RL_adaptive,2.33538883620418,1.5146224316481232,0.9908786568840012,0.00912134311599877,9,9,7,0,9,5,4,6,1,0.9908786568840012
26,1,50,Z_only,2.33538883620418,1.5146224316481232,0.8461214922755902,0.1538785077244098,50,0,0,9,41,0,0,0,0,
26,1,50,ZX_split,2.33538883620418,1.5146224316481232,0.8467138472552872,0.1532861527447128,25,25,0,4,21,13,12,0,0,
26,1,50,XYZ_split,2.33538883620418,1.5146224316481232,0.9842317570736139,0.015768242926386122,16,16,18,1,15,11,5,17,1,
26,1,50,RL_adaptive,2.33538883620418,1.5146224316481232,0.9625571361766019,0.03744286382339812,18,17,15,0,18,6,11,12,3,0.9625571361766019
26,1,100,Z_only,2.33538883620418,1.5146224316481232,0.8461214922755902,0.1538785077244098,100,0,0,17,83,0,0,0,0,
26,1,100,ZX_split,2.33538883620418,1.5146224316481232,0.8272386121743668,0.17276138782563322,50,50,0,11,39,21,29,0,0,
26,1,100,XYZ_split,2.33538883620418,1.5146224316481232,0.9707759771575468,0.02922402284245318,33,33,34,6,27,23,10,30,4,
26,1,100,RL_adaptive,2.33538883620418,1.5146224316481232,0.9999795980184994,2.0401981500550725e-05,27,42,31,2,25,22,20,29,2,0.9999795980184994
26,1,250,Z_only,2.33538883620418,1.5146224316481232,0.8461214922755902,0.1538785077244098,250,0,0,43,207,0,0,0,0,
26,1,250,ZX_split,2.33538883620418,1.5146224316481232,0.8465995961971309,0.15340040380286912,125,125,0,21,104,66,59,0,0,
26,1,250,XYZ_split,2.33538883620418,1.5146224316481232,0.9901258789661609,0.009874121033839112,83,83,84,14,69,51,32,70,14,
26,1,250,RL_adaptive,2.33538883620418,1.5146224316481232,0.9961950518197352,0.0038049481802647778,98,75,77,18,80,35,40,67,10,0.9961950518197352
26,1,500,Z_only,2.33538883620418,1.5146224316481232,0.8461214922755902,0.1538785077244098,500,0,0,78,422,0,0,0,0,
26,1,500,ZX_split,2.33538883620418,1.5146224316481232,0.845654844177509,0.15434515582249098,250,250,0,45,205,136,114,0,0,
26,1,500,XYZ_split,2.33538883620418,1.5146224316481232,0.9991288184424529,0.0008711815575470627,166,166,168,26,140,82,84,141,27,
26,1,500,RL_adaptive,2.33538883620418,1.5146224316481232,0.999853360370017,0.00014663962998295865,133,162,205,19,114,83,79,176,29,0.999853360370017
26,2,10,Z_only,2.33538883620418,1.5146224316481232,0.8461214922755902,0.1538785077244098,10,0,0,4,6,0,0,0,0,
26,2,10,ZX_split,2.33538883620418,1.5146224316481232,0.8433731036628909,0.15662689633710913,5,5,0,0,5,3,2,0,0,
26,2,10,XYZ_split,2.33538883620418,1.5146224316481232,0.8373295635414142,0.1626704364585858,3,3,4,0,3,0,3,3,1,
26,2,10,RL_adaptive,2.33538883620418,1.5146224316481232,0.7276189005862879,0.27238109941371214,3,3,4,2,1,2,1,4,0,0.7276189005862879
26,2,25,Z_only,2.33538883620418,1.5146224316481232,0.8461214922755902,0.1538785077244098,25,0,0,4,21,0,0,0,0,
26,2,25,ZX_split,2.33538883620418,1.5146224316481232,0.8389742951713233,0.16102570482867673,12,13,0,1,11,8,5,0,0,
26,2,25,XYZ_split,2.33538883620418,1.5146224316481232,0.9925669347195548,0.0074330652804451836,8,8,9,1,7,4,4,7,2,
26,2,25,RL_adaptive,2.33538883620418,1.5146224316481232,0.9815847596938488,0.01841524030615116,9,9,7,1,8,6,3,6,1,0.9815847596938488
26,2,50,Z_only,2.33538883620418,1.5146224316481232,0.8461214922755902,0.1538785077244098,50,0,0,8,42,0,0,0,0,
26,2,50,ZX_split,2.33538883620418,1.5146224316481232,0.8387263934226817,0.16127360657731826,25,25,0,3,22,11,14,0,0,
26,2,50,XYZ_split,2.33538883620418,1.5146224316481232,0.9995520554987698,0.0004479445012302019,16,16,18,3,13,8,8,15,3,
26,2,50,RL_adaptive,2.33538883620418,1.5146224316481232,0.9834714003304756,0.016528599669524358,18,17,15,4,14,7,10,13,2,0.9834714003304756
26,2,100,Z_only,2.33538883620418,1.5146224316481232,0.8461214922755902,0.1538785077244098,100,0,0,11,89,0,0,0,0,
26,2,100,ZX_split,2.33538883620418,1.5146224316481232,0.8420989343581489,0.15790106564185113,50,50,0,6,44,23,27,0,0,
26,2,100,XYZ_split,2.33538883620418,1.5146224316481232,0.9893960824287805,0.010603917571219479,33,33,34,6,27,20,13,32,2,
26,2,100,RL_adaptive,2.33538883620418,1.5146224316481232,0.9993279791667418,0.0006720208332582356,28,41,31,3,25,21,20,27,4,0.9993279791667418
26,2,250,Z_only,2.33538883620418,1.5146224316481232,0.8461214922755902,0.1538785077244098,250,0,0,37,213,0,0,0,0,
26,2,250,ZX_split,2.33538883620418,1.5146224316481232,0.8466998223401639,0.15330017765983606,125,125,0,12,113,65,60,0,0,
26,2,250,XYZ_split,2.33538883620418,1.5146224316481232,0.9963162908474087,0.003683709152591308,83,83,84,17,66,39,44,71,13,
26,2,250,RL_adaptive,2.33538883620418,1.5146224316481232,0.9913604340908089,0.008639565909191127,98,76,76,13,85,32,44,69,7,0.9913604340908089
26,2,500,Z_only,2.33538883620418,1.5146224316481232,0.8461214922755902,0.1538785077244098,500,0,0,64,436,0,0,0,0,
26,2,500,ZX_split,2.33538883620418,1.5146224316481232,0.8461214922755902,0.1538785077244098,250,250,0,41,209,125,125,0,0,
26,2,500,XYZ_split,2.33538883620418,1.5146224316481232,0.9998276781100032,0.0001723218899968293,166,166,168,25,141,86,80,142,26,
26,2,500,RL_adaptive,2.33538883620418,1.5146224316481232,0.9998596606003664,0.00014033939963364883,134,160,206,18,116,82,78,184,22,0.9998596606003664
26,3,10,Z_only,2.33538883620418,1.5146224316481232,0.8461214922755902,0.1538785077244098,10,0,0,0,10,0,0,0,0,
26,3,10,ZX_split,2.33538883620418,1.5146224316481232,0.8354269898706049,0.16457301012939507,5,5,0,0,5,2,3,0,0,
26,3,10,XYZ_split,2.33538883620418,1.5146224316481232,0.8134127934866108,0.18658720651338923,3,3,4,1,2,0,3,4,0,
26,3,10,RL_adaptive,2.33538883620418,1.5146224316481232,0.9241215611110107,0.07587843888898926,3,3,4,1,2,1,2,4,0,0.9241215611110107
26,3,25,Z_only,2.33538883620418,1.5146224316481232,0.8461214922755902,0.1538785077244098,25,0,0,2,23,0,0,0,0,
26,3,25,ZX_split,2.33538883620418,1.5146224316481232,0.8057746854344725,0.1942253145655275,12,13,0,5,7,6,7,0,0,
26,3,25,XYZ_split,2.33538883620418,1.5146224316481232,0.9889600352104465,0.011039964789553491,8,8,9,0,8,5,3,8,1,
26,3,25,RL_adaptive,2.33538883620418,1.5146224316481232,0.9967424317891982,0.003257568210801809,9,9,7,1,8,5,4,7,0,0.9967424317891982
26,3,50,Z_only,2.33538883620418,1.5146224316481232,0.8461214922755902,0.1538785077244098,50,0,0,10,40,0,0,0,0,
26,3,50,ZX_split,2.33538883620418,1.5146224316481232,0.7836317839905823,0.2163682160094177,25,25,0,2,23,6,19,0,0,
26,3,50,XYZ_split,2.33538883620418,1.5146224316481232,0.9659732995832447,0.03402670041675526,16,16,18,1,15,12,4,16,2,
26,3,50,RL_adaptive,2.33538883620418,1.5146224316481232,0.9729982552808316,0.027001744719168386,18,17,15,3,15,6,11,13,2,0.9729982552808316
26,3,100,Z_only,2.33538883620418,1.5146224316481232,0.8461214922755902,0.1538785077244098,100,0,0,16,84,0,0,0,0,
26,3,100,ZX_split,2.33538883620418,1.5146224316481232,0.8452973101593315,0.15470268984066848,50,50,0,5,45,28,22,0,0,
26,3,100,XYZ_split,2.33538883620418,1.5146224316481232,0.9976363621749895,0.0023636378250104784,33,33,34,7,26,18,15,26,8,
26,3,100,RL_adaptive,2.33538883620418,1.5146224316481232,0.9979974246645927,0.002002575335407264,28,41,31,5,23,23,18,26,5,0.9979974246645927
26,3,250,Z_only,2.33538883620418,1.5146224316481232,0.8461214922755902,0.1538785077244098,250,0,0,29,221,0,0,0,0,
26,3,250,ZX_split,2.33538883620418,1.5146224316481232,0.8330809141345551,0.1669190858654449,125,125,0,13,112,80,45,0,0,
26,3,250,XYZ_split,2.33538883620418,1.5146224316481232,0.9980609889687154,0.0019390110312845765,83,83,84,12,71,47,36,73,11,
26,3,250,RL_adaptive,2.33538883620418,1.5146224316481232,0.9960429819364467,0.003957018063553308,100,74,76,11,89,35,39,64,12,0.9960429819364467
26,3,500,Z_only,2.33538883620418,1.5146224316481232,0.8461214922755902,0.1538785077244098,500,0,0,81,419,0,0,0,0,
26,3,500,ZX_split,2.33538883620418,1.5146224316481232,0.8464861439149427,0.1535138560850573,250,250,0,35,215,127,123,0,0,
26,3,500,XYZ_split,2.33538883620418,1.5146224316481232,0.99966387811402,0.0003361218859799786,166,166,168,24,142,84,82,149,19,
26,3,500,RL_adaptive,2.33538883620418,1.5146224316481232,0.9987107754384499,0.0012892245615501174,134,162,204,19,115,89,73,172,32,0.9987107754384499
26,4,10,Z_only,2.33538883620418,1.5146224316481232,0.8461214922755902,0.1538785077244098,10,0,0,1,9,0,0,0,0,
26,4,10,ZX_split,2.33538883620418,1.5146224316481232,0.8219533170691006,0.17804668293089942,5,5,0,1,4,2,3,0,0,
26,4,10,XYZ_split,2.33538883620418,1.5146224316481232,0.9363380136328383,0.0636619863671617,3,3,4,1,2,2,1,4,0,
26,4,10,RL_adaptive,2.33538883620418,1.5146224316481232,0.7304197939430984,0.2695802060569016,3,3,4,1,2,1,2,2,2,0.7304197939430984
26,4,25,Z_only,2.33538883620418,1.5146224316481232,0.8461214922755902,0.1538785077244098,25,0,0,3,22,0,0,0,0,
26,4,25,ZX_split,2.33538883620418,1.5146224316481232,0.8337068229466895,0.16629317705331048,12,13,0,2,10,8,5,0,0,
26,4,25,XYZ_split,2.33538883620418,1.5146224316481232,0.9775238465194881,0.022476153480511907,8,8,9,0,8,4,4,7,2,
26,4,25,RL_adaptive,2.33538883620418,1.5146224316481232,0.9937553464695992,0.006244653530400823,9,9,7,1,8,4,5,6,1,0.9937553464695992
26,4,50,Z_only,2.33538883620418,1.5146224316481232,0.8461214922755902,0.1538785077244098,50,0,0,8,42,0,0,0,0,
26,4,50,ZX_split,2.33538883620418,1.5146224316481232,0.786373718659552,0.21362628134044803,25,25,0,5,20,8,17,0,0,
26,4,50,XYZ_split,2.33538883620418,1.5146224316481232,0.9987519785588628,0.001248021441137226,16,16,18,1,15,9,7,18,0,
26,4,50,RL_adaptive,2.33538883620418,1.5146224316481232,0.9794980343326024,0.020501965667397593,18,16,16,3,15,6,10,15,1,0.9794980343326024
26,4,100,Z_only,2.33538883620418,1.5146224316481232,0.8461214922755902,0.1538785077244098,100,0,0,16,84,0,0,0,0,
26,4,100,ZX_split,2.33538883620418,1.5146224316481232,0.8288896280974688,0.1711103719025312,50,50,0,10,40,31,19,0,0,
26,4,100,XYZ_split,2.33538883620418,1.5146224316481232,0.98648826492261,0.013511735077390008,33,33,34,1,32,14,19,29,5,
26,4,100,RL_adaptive,2.33538883620418,1.5146224316481232,0.9933612427612182,0.006638757238781823,27,41,32,1,26,18,23,29,3,0.9933612427612182
26,4,250,Z_only,2.33538883620418,1.5146224316481232,0.8461214922755902,0.1538785077244098,250,0,0,37,213,0,0,0,0,
26,4,250,ZX_split,2.33538883620418,1.5146224316481232,0.8374407313070541,0.1625592686929459,125,125,0,24,101,74,51,0,0,
26,4,250,XYZ_split,2.33538883620418,1.5146224316481232,0.9881915680622638,0.011808431937736175,83,83,84,11,72,34,49,72,12,
26,4,250,RL_adaptive,2.33538883620418,1.5146224316481232,0.9969496687914823,0.0030503312085177203,101,72,77,12,89,37,35,63,14,0.9969496687914823
26,4,500,Z_only,2.33538883620418,1.5146224316481232,0.8461214922755902,0.1538785077244098,500,0,0,82,418,0,0,0,0,
26,4,500,ZX_split,2.33538883620418,1.5146224316481232,0.8455644767471375,0.15443552325286247,250,250,0,38,212,123,127,0,0,
26,4,500,XYZ_split,2.33538883620418,1.5146224316481232,0.9973731510303934,0.002626848969606632,166,166,168,16,150,81,85,144,24,
26,4,500,RL_adaptive,2.33538883620418,1.5146224316481232,0.9997404217666981,0.00025957823330191587,134,160,206,19,115,86,74,181,25,0.9997404217666981
27,0,10,Z_only,1.1835673387754908,5.907066462138253,0.6888120123392043,0.3111879876607957,10,0,0,8,2,0,0,0,0,
27,0,10,ZX_split,1.1835673387754908,5.907066462138253,0.9592827716584044,0.040717228341595635,5,5,0,3,2,5,0,0,0,
27,0,10,XYZ_split,1.1835673387754908,5.907066462138253,0.9959279299092064,0.004072070090793578,3,3,4,2,1,3,0,1,3,
27,0,10,RL_adaptive,1.1835673387754908,5.907066462138253,0.6454836630304503,0.35451633696954965,2,3,5,0,2,3,0,3,2,0.6454836630304503
27,0,25,Z_only,1.1835673387754908,5.907066462138253,0.6888120123392043,0.3111879876607957,25,0,0,15,10,0,0,0,0,
27,0,25,ZX_split,1.1835673387754908,5.907066462138253,0.9698529356369975,0.030147064363002518,12,13,0,8,4,12,1,0,0,
27,0,25,XYZ_split,1.1835673387754908,5.907066462138253,0.9590138193817129,0.04098618061828707,8,8,9,4,4,8,0,2,7,
27,0,25,RL_adaptive,1.1835673387754908,5.907066462138253,0.9428777436846593,0.057122256315340736,7,10,8,6,1,9,1,0,8,0.9428777436846593
27,0,50,Z_only,1.1835673387754908,5.907066462138253,0.6888120123392043,0.3111879876607957,50,0,0,36,14,0,0,0,0,
27,0,50,ZX_split,1.1835673387754908,5.907066462138253,0.9220080575182414,0.07799194248175856,25,25,0,12,13,24,1,0,0,
27,0,50,XYZ_split,1.1835673387754908,5.907066462138253,0.9965239344641527,0.003476065535847339,16,16,18,11,5,15,1,7,11,
27,0,50,RL_adaptive,1.1835673387754908,5.907066462138253,0.990196561435028,0.009803438564972011,18,17,15,11,7,16,1,4,11,0.990196561435028
27,0,100,Z_only,1.1835673387754908,5.907066462138253,0.6888120123392043,0.3111879876607957,100,0,0,63,37,0,0,0,0,
27,0,100,ZX_split,1.1835673387754908,5.907066462138253,0.9695939228801443,0.030406077119855657,50,50,0,35,15,45,5,0,0,
27,0,100,XYZ_split,1.1835673387754908,5.907066462138253,0.9850245558904742,0.014975444109525782,33,33,34,21,12,31,2,15,19,
27,0,100,RL_adaptive,1.1835673387754908,5.907066462138253,0.9738496216420294,0.026150378357970627,31,39,30,20,11,35,4,5,25,0.9738496216420294
27,0,250,Z_only,1.1835673387754908,5.907066462138253,0.6888120123392043,0.3111879876607957,250,0,0,177,73,0,0,0,0,
27,0,250,ZX_split,1.1835673387754908,5.907066462138253,0.9698274830945715,0.030172516905428548,125,125,0,89,36,117,8,0,0,
27,0,250,XYZ_split,1.1835673387754908,5.907066462138253,0.9981554887874969,0.0018445112125030638,83,83,84,61,22,77,6,28,56,
27,0,250,RL_adaptive,1.1835673387754908,5.907066462138253,0.9976216079215883,0.0023783920784117285,97,63,90,69,28,61,2,23,67,0.9976216079215883
27,0,500,Z_only,1.1835673387754908,5.907066462138253,0.6888120123392043,0.3111879876607957,500,0,0,352,148,0,0,0,0,
27,0,500,ZX_split,1.1835673387754908,5.907066462138253,0.9669638758753393,0.033036124124660726,250,250,0,186,64,229,21,0,0,
27,0,500,XYZ_split,1.1835673387754908,5.907066462138253,0.9985703973172333,0.0014296026827667063,166,166,168,110,56,148,18,64,104,
27,0,500,RL_adaptive,1.1835673387754908,5.907066462138253,0.9991575922239462,0.0008424077760538218,148,167,185,107,41,157,10,62,123,0.9991575922239462
27,1,10,Z_only,1.1835673387754908,5.907066462138253,0.6888120123392043,0.3111879876607957,10,0,0,7,3,0,0,0,0,
27,1,10,ZX_split,1.1835673387754908,5.907066462138253,0.885224607403149,0.11477539259685099,5,5,0,2,3,5,0,0,0,
27,1,10,XYZ_split,1.1835673387754908,5.907066462138253,0.9682257704792285,0.03177422952077147,3,3,4,2,1,3,0,2,2,
27,1,10,RL_adaptive,1.1835673387754908,5.907066462138253,0.9696381731912511,0.030361826808748882,3,3,4,3,0,3,0,1,3,0.9696381731912511
27,1,25,Z_only,1.1835673387754908,5.907066462138253,0.6888120123392043,0.3111879876607957,25,0,0,17,8,0,0,0,0,
27,1,25,ZX_split,1.1835673387754908,5.907066462138253,0.930615960520796,0.06938403947920402,12,13,0,6,6,13,0,0,0,
27,1,25,XYZ_split,1.1835673387754908,5.907066462138253,0.997513401994523,0.0024865980054770143,8,8,9,5,3,7,1,3,6,
27,1,25,RL_adaptive,1.1835673387754908,5.907066462138253,0.9541853419230575,0.045814658076942516,8,9,8,4,4,8,1,2,6,0.9541853419230575
27,1,50,Z_only,1.1835673387754908,5.907066462138253,0.6888120123392043,0.3111879876607957,50,0,0,31,19,0,0,0,0,
27,1,50,ZX_split,1.1835673387754908,5.907066462138253,0.9529901029388849,0.047009897061115136,25,25,0,14,11,23,2,0,0,
27,1,50,XYZ_split,1.1835673387754908,5.907066462138253,0.9932070319691653,0.006792968030834734,16,16,18,12,4,15,1,7,11,
27,1,50,RL_adaptive,1.1835673387754908,5.907066462138253,0.9993348969616734,0.0006651030383265644,18,17,15,13,5,17,0,5,10,0.9993348969616734
27,1,100,Z_only,1.1835673387754908,5.907066462138253,0.6888120123392043,0.3111879876607957,100,0,0,74,26,0,0,0,0,
27,1,100,ZX_split,1.1835673387754908,5.907066462138253,0.9699373750490957,0.030062624950904282,50,50,0,36,14,48,2,0,0,
27,1,100,XYZ_split,1.1835673387754908,5.907066462138253,0.9988324827482826,0.001167517251717376,33,33,34,22,11,32,1,11,23,
27,1,100,RL_adaptive,1.1835673387754908,5.907066462138253,0.9736729399653309,0.026327060034669114,31,40,29,20,11,38,2,14,15,0.9736729399653309
27,1,250,Z_only,1.1835673387754908,5.907066462138253,0.6888120123392043,0.3111879876607957,250,0,0,178,72,0,0,0,0,
27,1,250,ZX_split,1.1835673387754908,5.907066462138253,0.970187646800034,0.029812353199966002,125,125,0,87,38,119,6,0,0,
27,1,250,XYZ_split,1.1835673387754908,5.907066462138253,0.998865968081958,0.0011340319180419556,83,83,84,55,28,78,5,26,58,
27,1,250,RL_adaptive,1.1835673387754908,5.907066462138253,0.9969241808249303,0.003075819175069716,96,65,89,65,31,59,6,25,64,0.9969241808249303
27,1,500,Z_only,1.1835673387754908,5.907066462138253,0.6888120123392043,0.3111879876607957,500,0,0,355,145,0,0,0,0,
27,1,500,ZX_split,1.1835673387754908,5.907066462138253,0.9698862741364603,0.030113725863539664,250,250,0,179,71,237,13,0,0,
27,1,500,XYZ_split,1.1835673387754908,5.907066462138253,0.985436206985536,0.014563793014463977,166,166,168,136,30,151,15,45,123,
27,1,500,RL_adaptive,1.1835673387754908,5.907066462138253,0.9994484933162516,0.0005515066837483706,148,167,185,106,42,156,11,61,124,0.9994484933162516
27,2,10,Z_only,1.1835673387754908,5.907066462138253,0.6888120123392043,0.3111879876607957,10,0,0,7,3,0,0,0,0,
27,2,10,ZX_split,1.1835673387754908,5.907066462138253,0.938001720065943,0.06199827993405704,5,5,0,4,1,4,1,0,0,
27,2,10,XYZ_split,1.1835673387754908,5.907066462138253,0.938001720065943,0.06199827993405704,3,3,4,3,0,3,0,2,2,
27,2,10,RL_adaptive,1.1835673387754908,5.907066462138253,0.956729013737062,0.043270986262938016,3,3,4,2,1,3,0,0,4,0.956729013737062
27,2,25,Z_only,1.1835673387754908,5.907066462138253,0.6888120123392043,0.3111879876607957,25,0,0,20,5,0,0,0,0,
27,2,25,ZX_split,1.1835673387754908,5.907066462138253,0.9695939228801443,0.030406077119855657,12,13,0,9,3,13,0,0,0,
27,2,25,XYZ_split,1.1835673387754908,5.907066462138253,0.9533358190160922,0.04666418098390779,8,8,9,7,1,7,1,4,5,
27,2,25,RL_adaptive,1.1835673387754908,5.907066462138253,0.9701752154231222,0.02982478457687776,7,10,8,5,2,10,0,4,4,0.9701752154231222
27,2,50,Z_only,1.1835673387754908,5.907066462138253,0.6888120123392043,0.3111879876607957,50,0,0,35,15,0,0,0,0,
27,2,50,ZX_split,1.1835673387754908,5.907066462138253,0.9620095854663889,0.03799041453361107,25,25,0,19,6,22,3,0,0,
27,2,50,XYZ_split,1.1835673387754908,5.907066462138253,0.9383484998842507,0.06165150011574927,16,16,18,16,0,15,1,8,10,
27,2,50,RL_adaptive,1.1835673387754908,5.907066462138253,0.9621322223745041,0.03786777762549587,18,17,15,9,9,17,0,4,11,0.9621322223745041
27,2,100,Z_only,1.1835673387754908,5.907066462138253,0.6888120123392043,0.3111879876607957,100,0,0,70,30,0,0,0,0,
27,2,100,ZX_split,1.1835673387754908,5.907066462138253,0.9694946117483125,0.03050538825168747,50,50,0,34,16,49,1,0,0,
27,2,100,XYZ_split,1.1835673387754908,5.907066462138253,0.9804336092563407,0.01956639074365929,33,33,34,26,7,29,4,14,20,
27,2,100,RL_adaptive,1.1835673387754908,5.907066462138253,0.985213169309883,0.014786830690116992,32,39,29,23,9,32,7,8,21,0.985213169309883
27,2,250,Z_only,1.1835673387754908,5.907066462138253,0.6888120123392043,0.3111879876607957,250,0,0,162,88,0,0,0,0,
27,2,250,ZX_split,1.1835673387754908,5.907066462138253,0.9673919425968043,0.03260805740319572,125,125,0,91,34,112,13,0,0,
27,2,250,XYZ_split,1.1835673387754908,5.907066462138253,0.9996844247190706,0.00031557528092940323,83,83,84,57,26,78,5,29,55,
27,2,250,RL_adaptive,1.1835673387754908,5.907066462138253,0.9908796390976294,0.009120360902370561,94,66,90,73,21,59,7,31,59,0.9908796390976294
27,2,500,Z_only,1.1835673387754908,5.907066462138253,0.6888120123392043,0.3111879876607957,500,0,0,344,156,0,0,0,0,
27,2,500,ZX_split,1.1835673387754908,5.907066462138253,0.9699048726413917,0.03009512735860831,250,250,0,175,75,229,21,0,0,
27,2,500,XYZ_split,1.1835673387754908,5.907066462138253,0.9959541992149056,0.004045800785094422,166,166,168,123,43,152,14,61,107,
27,2,500,RL_adaptive,1.1835673387754908,5.907066462138253,0.9961479779596252,0.003852022040374825,148,170,182,102,46,157,13,48,134,0.9961479779596252
27,3,10,Z_only,1.1835673387754908,5.907066462138253,0.6888120123392043,0.3111879876607957,10,0,0,6,4,0,0,0,0,
27,3,10,ZX_split,1.1835673387754908,5.907066462138253,0.9592827716584044,0.040717228341595635,5,5,0,3,2,5,0,0,0,
27,3,10,XYZ_split,1.1835673387754908,5.907066462138253,0.8562657906220824,0.1437342093779176,3,3,4,3,0,3,0,3,1,
27,3,10,RL_adaptive,1.1835673387754908,5.907066462138253,0.9242024886324002,0.07579751136759982,3,3,4,2,1,2,1,1,3,0.9242024886324002
27,3,25,Z_only,1.1835673387754908,5.907066462138253,0.6888120123392043,0.3111879876607957,25,0,0,17,8,0,0,0,0,
27,3,25,ZX_split,1.1835673387754908,5.907066462138253,0.9589872505244831,0.04101274947551692,12,13,0,7,5,12,1,0,0,
27,3,25,XYZ_split,1.1835673387754908,5.907066462138253,0.7672166341706471,0.23278336582935288,8,8,9,1,7,8,0,3,6,
27,3,25,RL_adaptive,1.1835673387754908,5.907066462138253,0.998232913421859,0.0017670865781409528,7,10,8,5,2,10,0,2,6,0.998232913421859
27,3,50,Z_only,1.1835673387754908,5.907066462138253,0.6888120123392043,0.3111879876607957,50,0,0,31,19,0,0,0,0,
27,3,50,ZX_split,1.1835673387754908,5.907066462138253,0.9592827716584044,0.040717228341595635,25,25,0,15,10,25,0,0,0,
27,3,50,XYZ_split,1.1835673387754908,5.907066462138253,0.997513401994523,0.0024865980054770143,16,16,18,10,6,14,2,6,12,
27,3,50,RL_adaptive,1.1835673387754908,5.907066462138253,0.9938899954421169,0.006110004557883131,18,17,15,11,7,16,1,5,10,0.9938899954421169
27,3,100,Z_only,1.1835673387754908,5.907066462138253,0.6888120123392043,0.3111879876607957,100,0,0,74,26,0,0,0,0,
27,3,100,ZX_split,1.1835673387754908,5.907066462138253,0.9692152431909647,0.030784756809035252,50,50,0,33,17,47,3,0,0,
27,3,100,XYZ_split,1.1835673387754908,5.907066462138253,0.9979935582905615,0.0020064417094385334,33,33,34,21,12,26,7,12,22,
27,3,100,RL_adaptive,1.1835673387754908,5.907066462138253,0.9976988698581762,0.0023011301418237595,31,39,30,20,11,32,7,10,20,0.9976988698581762
27,3,250,Z_only,1.1835673387754908,5.907066462138253,0.6888120123392043,0.3111879876607957,250,0,0,171,79,0,0,0,0,
27,3,250,ZX_split,1.1835673387754908,5.907066462138253,0.9695200940583438,0.03047990594165617,125,125,0,83,42,117,8,0,0,
27,3,250,XYZ_split,1.1835673387754908,5.907066462138253,0.9974544926794864,0.002545507320513618,83,83,84,63,20,79,4,26,58,
27,3,250,RL_adaptive,1.1835673387754908,5.907066462138253,0.9929115338503559,0.00708846614964409,96,66,88,62,34,58,8,24,64,0.9929115338503559
27,3,500,Z_only,1.1835673387754908,5.907066462138253,0.6888120123392043,0.3111879876607957,500,0,0,330,170,0,0,0,0,
27,3,500,ZX_split,1.1835673387754908,5.907066462138253,0.9699471377978387,0.0300528622021613,250,250,0,178,72,236,14,0,0,
27,3,500,XYZ_split,1.1835673387754908,5.907066462138253,0.9969713451131411,0.0030286548868588836,166,166,168,113,53,151,15,47,121,
27,3,500,RL_adaptive,1.1835673387754908,5.907066462138253,0.9991967986361523,0.0008032013638477054,148,166,186,102,46,154,12,67,119,0.9991967986361523
27,4,10,Z_only,1.1835673387754908,5.907066462138253,0.6888120123392043,0.3111879876607957,10,0,0,5,5,0,0,0,0,
27,4,10,ZX_split,1.1835673387754908,5.907066462138253,0.938001720065943,0.06199827993405704,5,5,0,3,2,3,2,0,0,
27,4,10,XYZ_split,1.1835673387754908,5.907066462138253,0.6767309136179555,0.32326908638204455,3,3,4,2,1,2,1,3,1,
27,4,10,RL_adaptive,1.1835673387754908,5.907066462138253,0.9696381731912511,0.030361826808748882,3,3,4,3,0,3,0,1,3,0.9696381731912511
27,4,25,Z_only,1.1835673387754908,5.907066462138253,0.6888120123392043,0.3111879876607957,25,0,0,18,7,0,0,0,0,
27,4,25,ZX_split,1.1835673387754908,5.907066462138253,0.9698529356369975,0.030147064363002518,12,13,0,8,4,12,1,0,0,
27,4,25,XYZ_split,1.1835673387754908,5.907066462138253,0.9426569655687796,0.05734303443122035,8,8,9,5,3,8,0,5,4,
27,4,25,RL_adaptive,1.1835673387754908,5.907066462138253,0.9428777436846593,0.057122256315340736,7,10,8,6,1,9,1,0,8,0.9428777436846593
27,4,50,Z_only,1.1835673387754908,5.907066462138253,0.6888120123392043,0.3111879876607957,50,0,0,35,15,0,0,0,0,
27,4,50,ZX_split,1.1835673387754908,5.907066462138253,0.9677845738067564,0.03221542619324358,25,25,0,19,6,24,1,0,0,
27,4,50,XYZ_split,1.1835673387754908,5.907066462138253,0.9883201657747818,0.011679834225218233,16,16,18,11,5,16,0,3,15,
27,4,50,RL_adaptive,1.1835673387754908,5.907066462138253,0.9782263620015217,0.021773637998478312,18,17,15,10,8,16,1,4,11,0.9782263620015217
27,4,100,Z_only,1.1835673387754908,5.907066462138253,0.6888120123392043,0.3111879876607957,100,0,0,60,40,0,0,0,0,
27,4,100,ZX_split,1.1835673387754908,5.907066462138253,0.9690632918274896,0.030936708172510374,50,50,0,36,14,46,4,0,0,
27,4,100,XYZ_split,1.1835673387754908,5.907066462138253,0.987032261527402,0.012967738472598023,33,33,34,26,7,29,4,10,24,
27,4,100,RL_adaptive,1.1835673387754908,5.907066462138253,0.9832568737516456,0.01674312624835439,30,40,30,17,13,36,4,12,18,0.9832568737516456
27,4,250,Z_only,1.1835673387754908,5.907066462138253,0.6888120123392043,0.3111879876607957,250,0,0,162,88,0,0,0,0,
27,4,250,ZX_split,1.1835673387754908,5.907066462138253,0.9696930770649773,0.030306922935022684,125,125,0,85,40,121,4,0,0,
27,4,250,XYZ_split,1.1835673387754908,5.907066462138253,0.9972524873989536,0.0027475126010464423,83,83,84,62,21,79,4,23,61,
27,4,250,RL_adaptive,1.1835673387754908,5.907066462138253,0.9895955560292209,0.01040444397077911,96,65,89,67,29,60,5,19,70,0.9895955560292209
27,4,500,Z_only,1.1835673387754908,5.907066462138253,0.6888120123392043,0.3111879876607957,500,0,0,334,166,0,0,0,0,
27,4,500,ZX_split,1.1835673387754908,5.907066462138253,0.9700995417268888,0.029900458273111163,250,250,0,174,76,231,19,0,0,
27,4,500,XYZ_split,1.1835673387754908,5.907066462138253,0.9991589656955047,0.0008410343044953361,166,166,168,111,55,154,12,60,108,
27,4,500,RL_adaptive,1.1835673387754908,5.907066462138253,0.9990997797455151,0.0009002202544848847,148,166,186,101,47,159,7,65,121,0.9990997797455151
28,0,10,Z_only,1.668625179750003,4.429020837000073,0.5488364413448524,0.45116355865514757,10,0,0,4,6,0,0,0,0,
28,0,10,ZX_split,1.668625179750003,4.429020837000073,0.5638451381541024,0.4361548618458976,5,5,0,3,2,2,3,0,0,
28,0,10,XYZ_split,1.668625179750003,4.429020837000073,0.8279666390535857,0.1720333609464143,3,3,4,3,0,0,3,0,4,
28,0,10,RL_adaptive,1.668625179750003,4.429020837000073,0.9049303403008289,0.09506965969917114,3,3,4,1,2,2,1,0,4,0.9049303403008289
28,0,25,Z_only,1.668625179750003,4.429020837000073,0.5488364413448524,0.45116355865514757,25,0,0,12,13,0,0,0,0,
28,0,25,ZX_split,1.668625179750003,4.429020837000073,0.36087289838603204,0.6391271016139679,12,13,0,6,6,7,6,0,0,
28,0,25,XYZ_split,1.668625179750003,4.429020837000073,0.9670898619910088,0.03291013800899123,8,8,9,5,3,2,6,0,9,
28,0,25,RL_adaptive,1.668625179750003,4.429020837000073,0.9957714328551875,0.004228567144812456,8,10,7,4,4,4,6,0,7,0.9957714328551875
28,0,50,Z_only,1.668625179750003,4.429020837000073,0.5488364413448524,0.45116355865514757,50,0,0,23,27,0,0,0,0,
28,0,50,ZX_split,1.668625179750003,4.429020837000073,0.6213750764360458,0.37862492356395416,25,25,0,14,11,7,18,0,0,
28,0,50,XYZ_split,1.668625179750003,4.429020837000073,0.9947438599664276,0.005256140033572443,16,16,18,6,10,6,10,0,18,
28,0,50,RL_adaptive,1.668625179750003,4.429020837000073,0.9721802248066066,0.027819775193393403,17,18,15,10,7,8,10,1,14,0.9721802248066066
28,0,100,Z_only,1.668625179750003,4.429020837000073,0.5488364413448524,0.45116355865514757,100,0,0,46,54,0,0,0,0,
28,0,100,ZX_split,1.668625179750003,4.429020837000073,0.6329102958420306,0.3670897041579694,50,50,0,22,28,22,28,0,0,
28,0,100,XYZ_split,1.668625179750003,4.429020837000073,0.9881484477450776,0.011851552254922404,33,33,34,18,15,10,23,1,33,
28,0,100,RL_adaptive,1.668625179750003,4.429020837000073,0.9841655212145299,0.015834478785470063,29,39,32,9,20,14,25,0,32,0.9841655212145299
28,0,250,Z_only,1.668625179750003,4.429020837000073,0.5488364413448524,0.45116355865514757,250,0,0,122,128,0,0,0,0,
28,0,250,ZX_split,1.668625179750003,4.429020837000073,0.6431380647417777,0.3568619352582223,125,125,0,53,72,48,77,0,0,
28,0,250,XYZ_split,1.668625179750003,4.429020837000073,0.9980520371549921,0.0019479628450078668,83,83,84,34,49,27,56,0,84,
28,0,250,RL_adaptive,1.668625179750003,4.429020837000073,0.9949171894966838,0.00508281050331616,85,89,76,36,49,38,51,2,74,0.9949171894966838
28,0,500,Z_only,1.668625179750003,4.429020837000073,0.5488364413448524,0.45116355865514757,500,0,0,235,265,0,0,0,0,
28,0,500,ZX_split,1.668625179750003,4.429020837000073,0.645741062056961,0.354258937943039,250,250,0,109,141,95,155,0,0,
28,0,500,XYZ_split,1.668625179750003,4.429020837000073,0.9994300325557762,0.0005699674442237734,166,166,168,76,90,56,110,4,164,
28,0,500,RL_adaptive,1.668625179750003,4.429020837000073,0.9994013882314481,0.0005986117685519154,139,193,168,63,76,74,119,2,166,0.9994013882314481
28,1,10,Z_only,1.668625179750003,4.429020837000073,0.45116355865514757,0.5488364413448524,10,0,0,5,5,0,0,0,0,
28,1,10,ZX_split,1.668625179750003,4.429020837000073,0.40967383122413237,0.5903261687758676,5,5,0,4,1,3,2,0,0,
28,1,10,XYZ_split,1.668625179750003,4.429020837000073,0.8305134866302364,0.16948651336976361,3,3,4,0,3,2,1,0,4,
28,1,10,RL_adaptive,1.668625179750003,4.429020837000073,0.8754808581122702,0.12451914188772983,3,3,4,2,1,2,1,0,4,0.8754808581122702
28,1,25,Z_only,1.668625179750003,4.429020837000073,0.5488364413448524,0.45116355865514757,25,0,0,10,15,0,0,0,0,
28,1,25,ZX_split,1.668625179750003,4.429020837000073,0.635182244773837,0.364817755226163,12,13,0,3,9,3,10,0,0,
28,1,25,XYZ_split,1.668625179750003,4.429020837000073,0.9777642217592976,0.022235778240702442,8,8,9,4,4,4,4,1,8,
28,1,25,RL_adaptive,1.668625179750003,4.429020837000073,0.9876557155587097,0.01234428444129032,9,9,7,4,5,2,7,0,7,0.9876557155587097
28,1,50,Z_only,1.668625179750003,4.429020837000073,0.5488364413448524,0.45116355865514757,50,0,0,23,27,0,0,0,0,
28,1,50,ZX_split,1.668625179750003,4.429020837000073,0.46650749360413335,0.5334925063958667,25,25,0,7,18,16,9,0,0,
28,1,50,XYZ_split,1.668625179750003,4.429020837000073,0.9927115272472461,0.007288472752753905,16,16,18,7,9,5,11,2,16,
28,1,50,RL_adaptive,1.668625179750003,4.429020837000073,0.9651442010713632,0.03485579892863677,17,18,15,4,13,5,13,0,15,0.9651442010713632
28,1,100,Z_only,1.668625179750003,4.429020837000073,0.5488364413448524,0.45116355865514757,100,0,0,44,56,0,0,0,0,
28,1,100,ZX_split,1.668625179750003,4.429020837000073,0.6465455610048874,0.35345443899511264,50,50,0,22,28,12,38,0,0,
28,1,100,XYZ_split,1.668625179750003,4.429020837000073,0.9915311234202262,0.008468876579773799,33,33,34,17,16,14,19,0,34,
28,1,100,RL_adaptive,1.668625179750003,4.429020837000073,0.9887916246419945,0.011208375358005451,31,38,31,16,15,11,27,2,29,0.9887916246419945
28,1,250,Z_only,1.668625179750003,4.429020837000073,0.5488364413448524,0.45116355865514757,250,0,0,121,129,0,0,0,0,
28,1,250,ZX_split,1.668625179750003,4.429020837000073,0.6472422492980677,0.35275775070193227,125,125,0,59,66,54,71,0,0,
28,1,250,XYZ_split,1.668625179750003,4.429020837000073,0.9986524029074137,0.0013475970925862502,83,83,84,40,43,28,55,1,83,
28,1,250,RL_adaptive,1.668625179750003,4.429020837000073,0.9981052376185882,0.0018947623814118408,81,94,75,38,43,31,63,4,71,0.9981052376185882
28,1,500,Z_only,1.668625179750003,4.429020837000073,0.5488364413448524,0.45116355865514757,500,0,0,216,284,0,0,0,0,
28,1,500,ZX_split,1.668625179750003,4.429020837000073,0.6441101600233249,0.3558898399766751,250,250,0,122,128,101,149,0,0,
28,1,500,XYZ_split,1.668625179750003,4.429020837000073,0.995887881281683,0.004112118718316959,166,166,168,69,97,50,116,4,164,
28,1,500,RL_adaptive,1.668625179750003,4.429020837000073,0.998141663741298,0.0018583362587020202,139,192,169,63,76,78,114,5,164,0.998141663741298
28,2,10,Z_only,1.668625179750003,4.429020837000073,0.45116355865514757,0.5488364413448524,10,0,0,5,5,0,0,0,0,
28,2,10,ZX_split,1.668625179750003,4.429020837000073,0.5941743636267559,0.4058256363732441,5,5,0,4,1,0,5,0,0,
28,2,10,XYZ_split,1.668625179750003,4.429020837000073,0.8305134866302364,0.16948651336976361,3,3,4,0,3,2,1,0,4,
28,2,10,RL_adaptive,1.668625179750003,4.429020837000073,0.9049303403008289,0.09506965969917114,3,3,4,1,2,2,1,0,4,0.9049303403008289
28,2,25,Z_only,1.668625179750003,4.429020837000073,0.5488364413448524,0.45116355865514757,25,0,0,7,18,0,0,0,0,
28,2,25,ZX_split,1.668625179750003,4.429020837000073,0.6465397618836124,0.3534602381163876,12,13,0,4,8,2,11,0,0,
28,2,25,XYZ_split,1.668625179750003,4.429020837000073,0.8987742680812731,0.10122573191872686,8,8,9,6,2,3,5,1,8,
28,2,25,RL_adaptive,1.668625179750003,4.429020837000073,0.912891187727461,0.08710881227253897,7,10,8,5,2,3,7,1,7,0.912891187727461
28,2,50,Z_only,1.668625179750003,4.429020837000073,0.5488364413448524,0.45116355865514757,50,0,0,17,33,0,0,0,0,
28,2,50,ZX_split,1.668625179750003,4.429020837000073,0.6020302633588722,0.3979697366411278,25,25,0,7,18,10,15,0,0,
28,2,50,XYZ_split,1.668625179750003,4.429020837000073,0.8766401956080858,0.12335980439191419,16,16,18,9,7,11,5,1,17,
28,2,50,RL_adaptive,1.668625179750003,4.429020837000073,0.9820358314545091,0.017964168545490877,17,18,15,6,11,7,11,2,13,0.9820358314545091
28,2,100,Z_only,1.668625179750003,4.429020837000073,0.5488364413448524,0.45116355865514757,100,0,0,48,52,0,0,0,0,
28,2,100,ZX_split,1.668625179750003,4.429020837000073,0.6300833578515264,0.36991664214847364,50,50,0,27,23,12,38,0,0,
28,2,100,XYZ_split,1.668625179750003,4.429020837000073,0.982587724729202,0.017412275270798028,33,33,34,13,20,8,25,2,32,
28,2,100,RL_adaptive,1.668625179750003,4.429020837000073,0.9923108671858629,0.0076891328141370785,31,38,31,16,15,16,22,1,30,0.9923108671858629
28,2,250,Z_only,1.668625179750003,4.429020837000073,0.5488364413448524,0.45116355865514757,250,0,0,115,135,0,0,0,0,
28,2,250,ZX_split,1.668625179750003,4.429020837000073,0.6425757553246135,0.35742424467538647,125,125,0,52,73,47,78,0,0,
28,2,250,XYZ_split,1.668625179750003,4.429020837000073,0.9976370627559539,0.002362937244046126,83,83,84,41,42,28,55,2,82,
28,2,250,RL_adaptive,1.668625179750003,4.429020837000073,0.9965610107980745,0.0034389892019255353,83,90,77,41,42,37,53,5,72,0.9965610107980745
28,2,500,Z_only,1.668625179750003,4.429020837000073,0.5488364413448524,0.45116355865514757,500,0,0,222,278,0,0,0,0,
28,2,500,ZX_split,1.668625179750003,4.429020837000073,0.6382893899779015,0.3617106100220985,250,250,0,96,154,90,160,0,0,
28,2,500,XYZ_split,1.668625179750003,4.429020837000073,0.9981567060933663,0.0018432939066337362,166,166,168,82,84,60,106,3,165,
28,2,500,RL_adaptive,1.668625179750003,4.429020837000073,0.9940506204028127,0.005949379597187332,138,193,169,53,85,77,116,4,165,0.9940506204028127
28,3,10,Z_only,1.668625179750003,4.429020837000073,0.45116355865514757,0.5488364413448524,10,0,0,7,3,0,0,0,0,
28,3,10,ZX_split,1.668625179750003,4.429020837000073,0.40967383122413237,0.5903261687758676,5,5,0,4,1,3,2,0,0,
28,3,10,XYZ_split,1.668625179750003,4.429020837000073,0.9357775750409351,0.06422242495906494,3,3,4,1,2,0,3,0,4,
28,3,10,RL_adaptive,1.668625179750003,4.429020837000073,0.9049303403008289,0.09506965969917114,3,3,4,1,2,2,1,0,4,0.9049303403008289
28,3,25,Z_only,1.668625179750003,4.429020837000073,0.45116355865514757,0.5488364413448524,25,0,0,14,11,0,0,0,0,
28,3,25,ZX_split,1.668625179750003,4.429020837000073,0.6391271016139677,0.3608728983860323,12,13,0,6,6,5,8,0,0,
28,3,25,XYZ_split,1.668625179750003,4.429020837000073,0.9972426551269908,0.00275734487300916,8,8,9,4,4,3,5,0,9,
28,3,25,RL_adaptive,1.668625179750003,4.429020837000073,0.9794961011133712,0.020503898886628846,9,9,7,3,6,2,7,0,7,0.9794961011133712
28,3,50,Z_only,1.668625179750003,4.429020837000073,0.5488364413448524,0.45116355865514757,50,0,0,18,32,0,0,0,0,
28,3,50,ZX_split,1.668625179750003,4.429020837000073,0.6268477331770891,0.3731522668229109,25,25,0,13,12,10,15,0,0,
28,3,50,XYZ_split,1.668625179750003,4.429020837000073,0.9651189287920151,0.03488107120798489,16,16,18,10,6,7,9,0,18,
28,3,50,RL_adaptive,1.668625179750003,4.429020837000073,0.9870748662831431,0.012925133716856885,17,18,15,8,9,4,14,0,15,0.9870748662831431
28,3,100,Z_only,1.668625179750003,4.429020837000073,0.5488364413448524,0.45116355865514757,100,0,0,42,58,0,0,0,0,
28,3,100,ZX_split,1.668625179750003,4.429020837000073,0.6329102958420306,0.3670897041579694,50,50,0,21,29,21,29,0,0,
28,3,100,XYZ_split,1.668625179750003,4.429020837000073,0.9824297288280708,0.01757027117192922,33,33,34,10,23,12,21,0,34,
28,3,100,RL_adaptive,1.668625179750003,4.429020837000073,0.9996208397478947,0.0003791602521052706,30,39,31,13,17,14,25,1,30,0.9996208397478947
28,3,250,Z_only,1.668625179750003,4.429020837000073,0.5488364413448524,0.45116355865514757,250,0,0,110,140,0,0,0,0,
28,3,250,ZX_split,1.668625179750003,4.429020837000073,0.6431842933697522,0.35681570663024775,125,125,0,61,64,47,78,0,0,
28,3,250,XYZ_split,1.668625179750003,4.429020837000073,0.9900169899862675,0.009983010013732474,83,83,84,29,54,31,52,2,82,
28,3,250,RL_adaptive,1.668625179750003,4.429020837000073,0.9980532833290986,0.001946716670901405,81,95,74,36,45,30,65,2,72,0.9980532833290986
28,3,500,Z_only,1.668625179750003,4.429020837000073,0.5488364413448524,0.45116355865514757,500,0,0,221,279,0,0,0,0,
28,3,500,ZX_split,1.668625179750003,4.429020837000073,0.6450954469747758,0.35490455302522417,250,250,0,121,129,100,150,0,0,
28,3,500,XYZ_split,1.668625179750003,4.429020837000073,0.9994709786799862,0.0005290213200137561,166,166,168,78,88,62,104,3,165,
28,3,500,RL_adaptive,1.668625179750003,4.429020837000073,0.9966635154347608,0.0033364845652391617,138,195,167,66,72,59,136,2,165,0.9966635154347608
28,4,10,Z_only,1.668625179750003,4.429020837000073,0.5488364413448524,0.45116355865514757,10,0,0,3,7,0,0,0,0,
28,4,10,ZX_split,1.668625179750003,4.429020837000073,0.6474309963540429,0.3525690036459571,5,5,0,2,3,1,4,0,0,
28,4,10,XYZ_split,1.668625179750003,4.429020837000073,0.9888271392504983,0.011172860749501745,3,3,4,1,2,1,2,0,4,
28,4,10,RL_adaptive,1.668625179750003,4.429020837000073,0.7632903984457009,0.2367096015542991,3,3,4,3,0,2,1,0,4,0.7632903984457009
28,4,25,Z_only,1.668625179750003,4.429020837000073,0.45116355865514757,0.5488364413448524,25,0,0,15,10,0,0,0,0,
28,4,25,ZX_split,1.668625179750003,4.429020837000073,0.4860391555867802,0.5139608444132198,12,13,0,5,7,7,6,0,0,
28,4,25,XYZ_split,1.668625179750003,4.429020837000073,0.9297560980281164,0.07024390197188357,8,8,9,4,4,5,3,0,9,
28,4,25,RL_adaptive,1.668625179750003,4.429020837000073,0.9794961011133712,0.020503898886628846,9,9,7,3,6,2,7,0,7,0.9794961011133712
28,4,50,Z_only,1.668625179750003,4.429020837000073,0.5488364413448524,0.45116355865514757,50,0,0,22,28,0,0,0,0,
28,4,50,ZX_split,1.668625179750003,4.429020837000073,0.5297034002751342,0.4702965997248658,25,25,0,15,10,11,14,0,0,
28,4,50,XYZ_split,1.668625179750003,4.429020837000073,0.9913314606599283,0.008668539340071724,16,16,18,8,8,7,9,0,18,
28,4,50,RL_adaptive,1.668625179750003,4.429020837000073,0.9912725413341752,0.008727458665824805,17,18,15,7,10,8,10,0,15,0.9912725413341752
28,4,100,Z_only,1.668625179750003,4.429020837000073,0.45116355865514757,0.5488364413448524,100,0,0,53,47,0,0,0,0,
28,4,100,ZX_split,1.668625179750003,4.429020837000073,0.6432960478095858,0.3567039521904142,50,50,0,24,26,15,35,0,0,
28,4,100,XYZ_split,1.668625179750003,4.429020837000073,0.9852359059330048,0.014764094066995193,33,33,34,19,14,11,22,0,34,
28,4,100,RL_adaptive,1.668625179750003,4.429020837000073,0.9979131600369011,0.0020868399630988854,31,38,31,14,17,12,26,1,30,0.9979131600369011
28,4,250,Z_only,1.668625179750003,4.429020837000073,0.5488364413448524,0.45116355865514757,250,0,0,102,148,0,0,0,0,
28,4,250,ZX_split,1.668625179750003,4.429020837000073,0.6303583303534582,0.36964166964654177,125,125,0,49,76,50,75,0,0,
28,4,250,XYZ_split,1.668625179750003,4.429020837000073,0.9973179250385086,0.0026820749614914208,83,83,84,39,44,25,58,0,84,
28,4,250,RL_adaptive,1.668625179750003,4.429020837000073,0.9823199278021426,0.017680072197857388,79,93,78,46,33,36,57,1,77,0.9823199278021426
28,4,500,Z_only,1.668625179750003,4.429020837000073,0.5488364413448524,0.45116355865514757,500,0,0,234,266,0,0,0,0,
28,4,500,ZX_split,1.668625179750003,4.429020837000073,0.6463624987618324,0.3536375012381676,250,250,0,116,134,84,166,0,0,
28,4,500,XYZ_split,1.668625179750003,4.429020837000073,0.9979442091713076,0.0020557908286924498,166,166,168,74,92,67,99,1,167,
28,4,500,RL_adaptive,1.668625179750003,4.429020837000073,0.9987097472916738,0.0012902527083261672,139,192,169,64,75,77,115,7,162,0.9987097472916738
29,0,10,Z_only,1.6948950053006298,2.9392974153324105,0.5618901968903114,0.4381098031096886,10,0,0,3,7,0,0,0,0,
29,0,10,ZX_split,1.6948950053006298,2.9392974153324105,0.9887363822706803,0.01126361772931972,5,5,0,2,3,0,5,0,0,
29,0,10,XYZ_split,1.6948950053006298,2.9392974153324105,0.8159935486914642,0.18400645130853577,3,3,4,3,0,0,3,3,1,
29,0,10,RL_adaptive,1.6948950053006298,2.9392974153324105,0.9416432465406319,0.05835675345936808,3,3,4,2,1,0,3,3,1,0.9416432465406319
29,0,25,Z_only,1.6948950053006298,2.9392974153324105,0.4381098031096888,0.5618901968903112,25,0,0,13,12,0,0,0,0,
29,0,25,ZX_split,1.6948950053006298,2.9392974153324105,0.9649139080250817,0.0350860919749183,12,13,0,7,5,1,12,0,0,
29,0,25,XYZ_split,1.6948950053006298,2.9392974153324105,0.9730500192963567,0.026949980703643295,8,8,9,3,5,0,8,4,5,
29,0,25,RL_adaptive,1.6948950053006298,2.9392974153324105,0.9952501215289249,0.0047498784710751085,8,10,7,4,4,0,10,4,3,0.9952501215289249
29,0,50,Z_only,1.6948950053006298,2.9392974153324105,0.5618901968903114,0.4381098031096886,50,0,0,17,33,0,0,0,0,
29,0,50,ZX_split,1.6948950053006298,2.9392974153324105,0.9828901501200066,0.017109849879993422,25,25,0,13,12,1,24,0,0,
29,0,50,XYZ_split,1.6948950053006298,2.9392974153324105,0.9871307438610913,0.012869256138908658,16,16,18,5,11,0,16,11,7,
29,0,50,RL_adaptive,1.6948950053006298,2.9392974153324105,0.9961488625602132,0.0038511374397868225,18,17,15,9,9,0,17,9,6,0.9961488625602132
29,0,100,Z_only,1.6948950053006298,2.9392974153324105,0.5618901968903114,0.4381098031096886,100,0,0,41,59,0,0,0,0,
29,0,100,ZX_split,1.6948950053006298,2.9392974153324105,0.9792186394664314,0.020781360533568605,50,50,0,27,23,1,49,0,0,
29,0,100,XYZ_split,1.6948950053006298,2.9392974153324105,0.9926991486841285,0.007300851315871548,33,33,34,16,17,0,33,18,16,
29,0,100,RL_adaptive,1.6948950053006298,2.9392974153324105,0.9779244022461641,0.02207559775383594,31,38,31,14,17,0,38,14,17,0.9779244022461641
29,0,250,Z_only,1.6948950053006298,2.9392974153324105,0.5618901968903114,0.4381098031096886,250,0,0,109,141,0,0,0,0,
29,0,250,ZX_split,1.6948950053006298,2.9392974153324105,0.9899338438290226,0.010066156170977392,125,125,0,54,71,1,124,0,0,
29,0,250,XYZ_split,1.6948950053006298,2.9392974153324105,0.9979893622363654,0.0020106377636346373,83,83,84,40,43,0,83,50,34,
29,0,250,RL_adaptive,1.6948950053006298,2.9392974153324105,0.9991527307007154,0.0008472692992845809,73,103,74,34,39,0,103,45,29,0.9991527307007154
29,0,500,Z_only,1.6948950053006298,2.9392974153324105,0.5618901968903114,0.4381098031096886,500,0,0,214,286,0,0,0,0,
29,0,500,ZX_split,1.6948950053006298,2.9392974153324105,0.9899583785686243,0.010041621431375658,250,250,0,109,141,3,247,0,0,
29,0,500,XYZ_split,1.6948950053006298,2.9392974153324105,0.9974573093840273,0.002542690615972676,166,166,168,69,97,2,164,109,59,
29,0,500,RL_adaptive,1.6948950053006298,2.9392974153324105,0.9964170518066404,0.003582948193359581,133,180,187,55,78,0,180,102,85,0.9964170518066404
29,1,10,Z_only,1.6948950053006298,2.9392974153324105,0.4381098031096888,0.5618901968903112,10,0,0,5,5,0,0,0,0,
29,1,10,ZX_split,1.6948950053006298,2.9392974153324105,0.9486157305283284,0.05138426947167163,5,5,0,1,4,0,5,0,0,
29,1,10,XYZ_split,1.6948950053006298,2.9392974153324105,0.9173213575333266,0.08267864246667345,3,3,4,1,2,0,3,4,0,
29,1,10,RL_adaptive,1.6948950053006298,2.9392974153324105,0.941524004258919,0.05847599574108098,3,3,4,2,1,0,3,2,2,0.941524004258919
29,1,25,Z_only,1.6948950053006298,2.9392974153324105,0.5618901968903114,0.4381098031096886,25,0,0,9,16,0,0,0,0,
29,1,25,ZX_split,1.6948950053006298,2.9392974153324105,0.96240305242002,0.03759694757998,12,13,0,3,9,0,13,0,0,
29,1,25,XYZ_split,1.6948950053006298,2.9392974153324105,0.9372667138122797,0.06273328618772034,8,8,9,1,7,0,8,6,3,
29,1,25,RL_adaptive,1.6948950053006298,2.9392974153324105,0.8249096107391137,0.17509038926088627,10,9,6,1,9,0,9,1,5,0.8249096107391137
29,1,50,Z_only,1.6948950053006298,2.9392974153324105,0.4381098031096888,0.5618901968903112,50,0,0,25,25,0,0,0,0,
29,1,50,ZX_split,1.6948950053006298,2.9392974153324105,0.9829991732181246,0.017000826781875422,25,25,0,9,16,1,24,0,0,
29,1,50,XYZ_split,1.6948950053006298,2.9392974153324105,0.9940730389972294,0.00592696100277057,16,16,18,8,8,0,16,10,8,
29,1,50,RL_adaptive,1.6948950053006298,2.9392974153324105,0.9718218286171114,0.028178171382888584,18,17,15,8,10,0,17,12,3,0.9718218286171114
29,1,100,Z_only,1.6948950053006298,2.9392974153324105,0.5618901968903114,0.4381098031096886,100,0,0,43,57,0,0,0,0,
29,1,100,ZX_split,1.6948950053006298,2.9392974153324105,0.9839249965649284,0.016075003435071622,50,50,0,18,32,1,49,0,0,
29,1,100,XYZ_split,1.6948950053006298,2.9392974153324105,0.990182741606505,0.00981725839349501,33,33,34,13,20,0,33,24,10,
29,1,100,RL_adaptive,1.6948950053006298,2.9392974153324105,0.9680618084528593,0.031938191547140726,32,38,30,16,16,0,38,24,6,0.9680618084528593
29,1,250,Z_only,1.6948950053006298,2.9392974153324105,0.5618901968903114,0.4381098031096886,250,0,0,106,144,0,0,0,0,
29,1,250,ZX_split,1.6948950053006298,2.9392974153324105,0.9796879604251969,0.020312039574803098,125,125,0,42,83,3,122,0,0,
29,1,250,XYZ_split,1.6948950053006298,2.9392974153324105,0.9987975092915159,0.0012024907084841052,83,83,84,34,49,4,79,50,34,
29,1,250,RL_adaptive,1.6948950053006298,2.9392974153324105,0.9986449943017678,0.0013550056982322145,76,101,73,33,43,4,97,46,27,0.9986449943017678
29,1,500,Z_only,1.6948950053006298,2.9392974153324105,0.5618901968903114,0.4381098031096886,500,0,0,231,269,0,0,0,0,
29,1,500,ZX_split,1.6948950053006298,2.9392974153324105,0.9894393856588214,0.010560614341178609,250,250,0,115,135,1,249,0,0,
29,1,500,XYZ_split,1.6948950053006298,2.9392974153324105,0.996681648964724,0.0033183510352760015,166,166,168,64,102,0,166,96,72,
29,1,500,RL_adaptive,1.6948950053006298,2.9392974153324105,0.9966098540374095,0.003390145962590463,134,176,190,66,68,2,174,118,72,0.9966098540374095
29,2,10,Z_only,1.6948950053006298,2.9392974153324105,0.4381098031096888,0.5618901968903112,10,0,0,5,5,0,0,0,0,
29,2,10,ZX_split,1.6948950053006298,2.9392974153324105,0.9644610498365422,0.03553895016345776,5,5,0,3,2,0,5,0,0,
29,2,10,XYZ_split,1.6948950053006298,2.9392974153324105,0.977009073335095,0.022990926664904987,3,3,4,1,2,0,3,3,1,
29,2,10,RL_adaptive,1.6948950053006298,2.9392974153324105,0.8177361141529077,0.1822638858470923,2,3,5,0,2,0,3,1,4,0.8177361141529077
29,2,25,Z_only,1.6948950053006298,2.9392974153324105,0.5618901968903114,0.4381098031096886,25,0,0,11,14,0,0,0,0,
29,2,25,ZX_split,1.6948950053006298,2.9392974153324105,0.9649139080250817,0.0350860919749183,12,13,0,7,5,1,12,0,0,
29,2,25,XYZ_split,1.6948950053006298,2.9392974153324105,0.9730500192963567,0.026949980703643295,8,8,9,3,5,0,8,4,5,
29,2,25,RL_adaptive,1.6948950053006298,2.9392974153324105,0.9956145285334774,0.0043854714665225725,8,10,7,3,5,0,10,4,3,0.9956145285334774
29,2,50,Z_only,1.6948950053006298,2.9392974153324105,0.5618901968903114,0.4381098031096886,50,0,0,18,32,0,0,0,0,
29,2,50,ZX_split,1.6948950053006298,2.9392974153324105,0.9880914063025112,0.011908593697488756,25,25,0,10,15,1,24,0,0,
29,2,50,XYZ_split,1.6948950053006298,2.9392974153324105,0.9608243316084137,0.03917566839158626,16,16,18,9,7,0,16,8,10,
29,2,50,RL_adaptive,1.6948950053006298,2.9392974153324105,0.9999334484238025,6.65515761975044e-05,18,17,15,8,10,0,17,9,6,0.9999334484238025
29,2,100,Z_only,1.6948950053006298,2.9392974153324105,0.5618901968903114,0.4381098031096886,100,0,0,39,61,0,0,0,0,
29,2,100,ZX_split,1.6948950053006298,2.9392974153324105,0.9831752370893488,0.01682476291065116,50,50,0,26,24,0,50,0,0,
29,2,100,XYZ_split,1.6948950053006298,2.9392974153324105,0.9973866030474922,0.0026133969525078404,33,33,34,16,17,1,32,21,13,
29,2,100,RL_adaptive,1.6948950053006298,2.9392974153324105,0.9992779340258572,0.0007220659741428159,31,38,31,13,18,1,37,18,13,0.9992779340258572
29,2,250,Z_only,1.6948950053006298,2.9392974153324105,0.5618901968903114,0.4381098031096886,250,0,0,114,136,0,0,0,0,
29,2,250,ZX_split,1.6948950053006298,2.9392974153324105,0.989949030129365,0.01005096987063503,125,125,0,55,70,0,125,0,0,
29,2,250,XYZ_split,1.6948950053006298,2.9392974153324105,0.9800428972017348,0.019957102798265236,83,83,84,46,37,1,82,58,26,
29,2,250,RL_adaptive,1.6948950053006298,2.9392974153324105,0.974119710121021,0.025880289878978946,70,105,75,41,29,0,105,40,35,0.974119710121021
29,2,500,Z_only,1.6948950053006298,2.9392974153324105,0.5618901968903114,0.4381098031096886,500,0,0,224,276,0,0,0,0,
29,2,500,ZX_split,1.6948950053006298,2.9392974153324105,0.9897358081549168,0.010264191845083204,250,250,0,106,144,5,245,0,0,
29,2,500,XYZ_split,1.6948950053006298,2.9392974153324105,0.999458154900875,0.0005418450991250268,166,166,168,76,90,0,166,103,65,
29,2,500,RL_adaptive,1.6948950053006298,2.9392974153324105,0.9916528456828483,0.008347154317151717,133,174,193,66,67,0,174,131,62,0.9916528456828483
29,3,10,Z_only,1.6948950053006298,2.9392974153324105,0.5618901968903114,0.4381098031096886,10,0,0,4,6,0,0,0,0,
29,3,10,ZX_split,1.6948950053006298,2.9392974153324105,0.9644610498365422,0.03553895016345776,5,5,0,3,2,0,5,0,0,
29,3,10,XYZ_split,1.6948950053006298,2.9392974153324105,0.977009073335095,0.022990926664904987,3,3,4,1,2,0,3,3,1,
29,3,10,RL_adaptive,1.6948950053006298,2.9392974153324105,0.9185608500519069,0.08143914994809309,4,3,3,3,1,0,3,2,1,0.9185608500519069
29,3,25,Z_only,1.6948950053006298,2.9392974153324105,0.5618901968903114,0.4381098031096886,25,0,0,11,14,0,0,0,0,
29,3,25,ZX_split,1.6948950053006298,2.9392974153324105,0.9806668016608497,0.01933319833915026,12,13,0,4,8,0,13,0,0,
29,3,25,XYZ_split,1.6948950053006298,2.9392974153324105,0.9088839587852415,0.09111604121475847,8,8,9,6,2,0,8,7,2,
29,3,25,RL_adaptive,1.6948950053006298,2.9392974153324105,0.9295049776763635,0.07049502232363647,7,11,7,5,2,0,11,5,2,0.9295049776763635
29,3,50,Z_only,1.6948950053006298,2.9392974153324105,0.4381098031096888,0.5618901968903112,50,0,0,28,22,0,0,0,0,
29,3,50,ZX_split,1.6948950053006298,2.9392974153324105,0.9881224966148108,0.011877503385189225,25,25,0,12,13,0,25,0,0,
29,3,50,XYZ_split,1.6948950053006298,2.9392974153324105,0.9979340412045477,0.0020659587954523495,16,16,18,7,9,0,16,10,8,
29,3,50,RL_adaptive,1.6948950053006298,2.9392974153324105,0.9863671404569008,0.01363285954309923,18,17,15,8,10,0,17,11,4,0.9863671404569008
29,3,100,Z_only,1.6948950053006298,2.9392974153324105,0.5618901968903114,0.4381098031096886,100,0,0,41,59,0,0,0,0,
29,3,100,ZX_split,1.6948950053006298,2.9392974153324105,0.9894980416644281,0.010501958335571882,50,50,0,23,27,1,49,0,0,
29,3,100,XYZ_split,1.6948950053006298,2.9392974153324105,0.9933425100081356,0.00665748999186444,33,33,34,12,21,0,33,19,15,
29,3,100,RL_adaptive,1.6948950053006298,2.9392974153324105,0.9682617789230332,0.03173822107696678,31,39,30,13,18,3,36,23,7,0.9682617789230332
29,3,250,Z_only,1.6948950053006298,2.9392974153324105,0.5618901968903114,0.4381098031096886,250,0,0,112,138,0,0,0,0,
29,3,250,ZX_split,1.6948950053006298,2.9392974153324105,0.9881499357701173,0.011850064229882662,125,125,0,60,65,1,124,0,0,
29,3,250,XYZ_split,1.6948950053006298,2.9392974153324105,0.9990268202148507,0.0009731797851493251,83,83,84,37,46,0,83,48,36,
29,3,250,RL_adaptive,1.6948950053006298,2.9392974153324105,0.9960089439267282,0.00399105607327177,75,103,72,31,44,2,101,39,33,0.9960089439267282
29,3,500,Z_only,1.6948950053006298,2.9392974153324105,0.5618901968903114,0.4381098031096886,500,0,0,205,295,0,0,0,0,
29,3,500,ZX_split,1.6948950053006298,2.9392974153324105,0.9899498254701857,0.01005017452981427,250,250,0,109,141,6,244,0,0,
29,3,500,XYZ_split,1.6948950053006298,2.9392974153324105,0.9946798522464538,0.005320147753546167,166,166,168,60,106,1,165,104,64,
29,3,500,RL_adaptive,1.6948950053006298,2.9392974153324105,0.9995498286109109,0.0004501713890890935,133,177,190,61,72,3,174,115,75,0.9995498286109109
29,4,10,Z_only,1.6948950053006298,2.9392974153324105,0.4381098031096888,0.5618901968903112,10,0,0,5,5,0,0,0,0,
29,4,10,ZX_split,1.6948950053006298,2.9392974153324105,0.9644610498365422,0.03553895016345776,5,5,0,3,2,0,5,0,0,
29,4,10,XYZ_split,1.6948950053006298,2.9392974153324105,0.8889241876553577,0.11107581234464226,3,3,4,2,1,0,3,4,0,
29,4,10,RL_adaptive,1.6948950053006298,2.9392974153324105,0.941524004258919,0.05847599574108098,3,3,4,2,1,0,3,2,2,0.941524004258919
29,4,25,Z_only,1.6948950053006298,2.9392974153324105,0.5618901968903114,0.4381098031096886,25,0,0,8,17,0,0,0,0,
29,4,25,ZX_split,1.6948950053006298,2.9392974153324105,0.986037230662126,0.013962769337873993,12,13,0,6,6,0,13,0,0,
29,4,25,XYZ_split,1.6948950053006298,2.9392974153324105,0.994417391691946,0.005582608308054016,8,8,9,3,5,0,8,5,4,
29,4,25,RL_adaptive,1.6948950053006298,2.9392974153324105,0.9646527663492811,0.0353472336507189,9,10,6,2,7,0,10,4,2,0.9646527663492811
29,4,50,Z_only,1.6948950053006298,2.9392974153324105,0.4381098031096888,0.5618901968903112,50,0,0,31,19,0,0,0,0,
29,4,50,ZX_split,1.6948950053006298,2.9392974153324105,0.9831752370893488,0.01682476291065116,25,25,0,13,12,0,25,0,0,
29,4,50,XYZ_split,1.6948950053006298,2.9392974153324105,0.9146458310831671,0.0853541689168329,16,16,18,4,12,0,16,6,12,
29,4,50,RL_adaptive,1.6948950053006298,2.9392974153324105,0.9713735592343659,0.028626440765634142,18,17,15,7,11,0,17,12,3,0.9713735592343659
29,4,100,Z_only,1.6948950053006298,2.9392974153324105,0.5618901968903114,0.4381098031096886,100,0,0,45,55,0,0,0,0,
29,4,100,ZX_split,1.6948950053006298,2.9392974153324105,0.9882668268456651,0.011733173154334864,50,50,0,24,26,2,48,0,0,
29,4,100,XYZ_split,1.6948950053006298,2.9392974153324105,0.9900642887838067,0.0099357112161933,33,33,34,12,21,0,33,18,16,
29,4,100,RL_adaptive,1.6948950053006298,2.9392974153324105,0.9876538450301197,0.01234615496988034,30,39,31,11,19,1,38,16,15,0.9876538450301197
29,4,250,Z_only,1.6948950053006298,2.9392974153324105,0.5618901968903114,0.4381098031096886,250,0,0,109,141,0,0,0,0,
29,4,250,ZX_split,1.6948950053006298,2.9392974153324105,0.9836152926416369,0.01638470735836306,125,125,0,44,81,0,125,0,0,
29,4,250,XYZ_split,1.6948950053006298,2.9392974153324105,0.99819781636086,0.001802183639139976,83,83,84,37,46,0,83,47,37,
29,4,250,RL_adaptive,1.6948950053006298,2.9392974153324105,0.9758436731618809,0.02415632683811908,77,102,71,23,54,2,100,37,34,0.9758436731618809
29,4,500,Z_only,1.6948950053006298,2.9392974153324105,0.5618901968903114,0.4381098031096886,500,0,0,208,292,0,0,0,0,
29,4,500,ZX_split,1.6948950053006298,2.9392974153324105,0.9888003882614738,0.011199611738526238,250,250,0,118,132,4,246,0,0,
29,4,500,XYZ_split,1.6948950053006298,2.9392974153324105,0.9998992492431122,0.00010075075688775748,166,166,168,71,95,2,164,101,67,
29,4,500,RL_adaptive,1.6948950053006298,2.9392974153324105,0.9971540995522827,0.0028459004477172645,133,176,191,64,69,1,175,121,70,0.9971540995522827
30,0,10,Z_only,0.6722112555358766,4.568113236307061,0.8912232959959621,0.10877670400403794,10,0,0,9,1,0,0,0,0,
30,0,10,ZX_split,0.6722112555358766,4.568113236307061,0.8924053089800312,0.10759469101996877,5,5,0,5,0,2,3,0,0,
30,0,10,XYZ_split,0.6722112555358766,4.568113236307061,0.9710537761920592,0.028946223807940763,3,3,4,3,0,2,1,0,4,
30,0,10,RL_adaptive,0.6722112555358766,4.568113236307061,0.8569908026928293,0.14300919730717065,3,3,4,3,0,2,1,2,2,0.8569908026928293
30,0,25,Z_only,0.6722112555358766,4.568113236307061,0.8912232959959621,0.10877670400403794,25,0,0,21,4,0,0,0,0,
30,0,25,ZX_split,0.6722112555358766,4.568113236307061,0.8854523831735114,0.11454761682648862,12,13,0,11,1,7,6,0,0,
30,0,25,XYZ_split,0.6722112555358766,4.568113236307061,0.9662671372868927,0.03373286271310727,8,8,9,8,0,3,5,3,6,
30,0,25,RL_adaptive,0.6722112555358766,4.568113236307061,0.9932944324101176,0.0067055675898823885,6,11,8,6,0,6,5,1,7,0.9932944324101176
30,0,50,Z_only,0.6722112555358766,4.568113236307061,0.8912232959959621,0.10877670400403794,50,0,0,45,5,0,0,0,0,
30,0,50,ZX_split,0.6722112555358766,4.568113236307061,0.8825774803948232,0.1174225196051768,25,25,0,22,3,9,16,0,0,
30,0,50,XYZ_split,0.6722112555358766,4.568113236307061,0.9971103290241723,0.0028896709758277073,16,16,18,15,1,8,8,2,16,
30,0,50,RL_adaptive,0.6722112555358766,4.568113236307061,0.9939996589029543,0.006000341097045725,17,18,15,17,0,9,9,3,12,0.9939996589029543
30,0,100,Z_only,0.6722112555358766,4.568113236307061,0.8912232959959621,0.10877670400403794,100,0,0,93,7,0,0,0,0,
30,0,100,ZX_split,0.6722112555358766,4.568113236307061,0.8931041127552459,0.10689588724475407,50,50,0,43,7,24,26,0,0,
30,0,100,XYZ_split,0.6722112555358766,4.568113236307061,0.9972144702176629,0.0027855297823371483,33,33,34,28,5,14,19,6,28,
30,0,100,RL_adaptive,0.6722112555358766,4.568113236307061,0.9853649011665295,0.014635098833470472,34,37,29,31,3,18,19,9,20,0.9853649011665295
30,0,250,Z_only,0.6722112555358766,4.568113236307061,0.8912232959959621,0.10877670400403794,250,0,0,226,24,0,0,0,0,
30,0,250,ZX_split,0.6722112555358766,4.568113236307061,0.8935533131608941,0.10644668683910585,125,125,0,106,19,59,66,0,0,
30,0,250,XYZ_split,0.6722112555358766,4.568113236307061,0.9836088734436014,0.016391126556398627,83,83,84,73,10,29,54,22,62,
30,0,250,RL_adaptive,0.6722112555358766,4.568113236307061,0.9979368260465425,0.0020631739534574534,76,89,85,67,9,43,46,13,72,0.9979368260465425
30,0,500,Z_only,0.6722112555358766,4.568113236307061,0.8912232959959621,0.10877670400403794,500,0,0,445,55,0,0,0,0,
30,0,500,ZX_split,0.6722112555358766,4.568113236307061,0.8920402127475847,0.10795978725241528,250,250,0,225,25,123,127,0,0,
30,0,500,XYZ_split,0.6722112555358766,4.568113236307061,0.9940741677996103,0.005925832200389669,166,166,168,155,11,76,90,43,125,
30,0,500,RL_adaptive,0.6722112555358766,4.568113236307061,0.9979969133385868,0.0020030866614132448,145,177,178,125,20,81,96,47,131,0.9979969133385868
30,1,10,Z_only,0.6722112555358766,4.568113236307061,0.8912232959959621,0.10877670400403794,10,0,0,8,2,0,0,0,0,
30,1,10,ZX_split,0.6722112555358766,4.568113236307061,0.8569908026928293,0.14300919730717065,5,5,0,4,1,3,2,0,0,
30,1,10,XYZ_split,0.6722112555358766,4.568113236307061,0.9801776055175174,0.019822394482482575,3,3,4,3,0,1,2,1,3,
30,1,10,RL_adaptive,0.6722112555358766,4.568113236307061,0.9801776055175174,0.019822394482482575,3,3,4,3,0,1,2,1,3,0.9801776055175174
30,1,25,Z_only,0.6722112555358766,4.568113236307061,0.8912232959959621,0.10877670400403794,25,0,0,22,3,0,0,0,0,
30,1,25,ZX_split,0.6722112555358766,4.568113236307061,0.8650865672134405,0.13491343278655954,12,13,0,11,1,8,5,0,0,
30,1,25,XYZ_split,0.6722112555358766,4.568113236307061,0.9707358625126542,0.029264137487345798,8,8,9,8,0,5,3,2,7,
30,1,25,RL_adaptive,0.6722112555358766,4.568113236307061,0.9932944324101176,0.0067055675898823885,6,11,8,6,0,6,5,1,7,0.9932944324101176
30,1,50,Z_only,0.6722112555358766,4.568113236307061,0.8912232959959621,0.10877670400403794,50,0,0,44,6,0,0,0,0,
30,1,50,ZX_split,0.6722112555358766,4.568113236307061,0.8722503947208694,0.1277496052791306,25,25,0,24,1,7,18,0,0,
30,1,50,XYZ_split,0.6722112555358766,4.568113236307061,0.995432649602551,0.004567350397449044,16,16,18,15,1,8,8,4,14,
30,1,50,RL_adaptive,0.6722112555358766,4.568113236307061,0.9898893148395602,0.01011068516043978,17,18,15,16,1,9,9,4,11,0.9898893148395602
30,1,100,Z_only,0.6722112555358766,4.568113236307061,0.8912232959959621,0.10877670400403794,100,0,0,88,12,0,0,0,0,
30,1,100,ZX_split,0.6722112555358766,4.568113236307061,0.8926899638731304,0.10731003612686962,50,50,0,46,4,21,29,0,0,
30,1,100,XYZ_split,0.6722112555358766,4.568113236307061,0.996134135421609,0.0038658645783909984,33,33,34,31,2,15,18,8,26,
30,1,100,RL_adaptive,0.6722112555358766,4.568113236307061,0.9966288136668823,0.003371186333117726,34,37,29,31,3,16,21,7,22,0.9966288136668823
30,1,250,Z_only,0.6722112555358766,4.568113236307061,0.8912232959959621,0.10877670400403794,250,0,0,228,22,0,0,0,0,
30,1,250,ZX_split,0.6722112555358766,4.568113236307061,0.8884672667244213,0.11153273327557867,125,125,0,112,13,65,60,0,0,
30,1,250,XYZ_split,0.6722112555358766,4.568113236307061,0.9976694318369491,0.0023305681630508834,83,83,84,76,7,34,49,17,67,
30,1,250,RL_adaptive,0.6722112555358766,4.568113236307061,0.993049426646581,0.006950573353418976,75,91,84,65,10,41,50,8,76,0.993049426646581
30,1,500,Z_only,0.6722112555358766,4.568113236307061,0.8912232959959621,0.10877670400403794,500,0,0,448,52,0,0,0,0,
30,1,500,ZX_split,0.6722112555358766,4.568113236307061,0.8935258154557584,0.10647418454424162,250,250,0,227,23,117,133,0,0,
30,1,500,XYZ_split,0.6722112555358766,4.568113236307061,0.999612414347479,0.0003875856525209498,166,166,168,146,20,77,89,30,138,
30,1,500,RL_adaptive,0.6722112555358766,4.568113236307061,0.9990385876053302,0.0009614123946698472,146,178,176,133,13,81,97,38,138,0.9990385876053302
30,2,10,Z_only,0.6722112555358766,4.568113236307061,0.8912232959959621,0.10877670400403794,10,0,0,9,1,0,0,0,0,
30,2,10,ZX_split,0.6722112555358766,4.568113236307061,0.8924053089800312,0.10759469101996877,5,5,0,5,0,2,3,0,0,
30,2,10,XYZ_split,0.6722112555358766,4.568113236307061,0.9710537761920592,0.028946223807940763,3,3,4,3,0,2,1,0,4,
30,2,10,RL_adaptive,0.6722112555358766,4.568113236307061,0.7449824110495875,0.2550175889504125,3,3,4,2,1,2,1,2,2,0.7449824110495875
30,2,25,Z_only,0.6722112555358766,4.568113236307061,0.8912232959959621,0.10877670400403794,25,0,0,19,6,0,0,0,0,
30,2,25,ZX_split,0.6722112555358766,4.568113236307061,0.8889807040045223,0.11101929599547766,12,13,0,11,1,5,8,0,0,
30,2,25,XYZ_split,0.6722112555358766,4.568113236307061,0.9916288956161541,0.008371104383845918,8,8,9,8,0,4,4,2,7,
30,2,25,RL_adaptive,0.6722112555358766,4.568113236307061,0.9373209782358811,0.06267902176411888,7,10,8,5,2,5,5,0,8,0.9373209782358811
30,2,50,Z_only,0.6722112555358766,4.568113236307061,0.8912232959959621,0.10877670400403794,50,0,0,42,8,0,0,0,0,
30,2,50,ZX_split,0.6722112555358766,4.568113236307061,0.8934176797770715,0.10658232022292846,25,25,0,22,3,11,14,0,0,
30,2,50,XYZ_split,0.6722112555358766,4.568113236307061,0.9870452120863265,0.012954787913673549,16,16,18,13,3,7,9,2,16,
30,2,50,RL_adaptive,0.6722112555358766,4.568113236307061,0.9652318627311267,0.03476813726887329,17,18,15,17,0,4,14,3,12,0.9652318627311267
30,2,100,Z_only,0.6722112555358766,4.568113236307061,0.8912232959959621,0.10877670400403794,100,0,0,94,6,0,0,0,0,
30,2,100,ZX_split,0.6722112555358766,4.568113236307061,0.8903996593561654,0.10960034064383462,50,50,0,41,9,21,29,0,0,
30,2,100,XYZ_split,0.6722112555358766,4.568113236307061,0.9730300722531438,0.026969927746856248,33,33,34,32,1,17,16,11,23,
30,2,100,RL_adaptive,0.6722112555358766,4.568113236307061,0.9926078883046899,0.007392111695310066,34,37,29,31,3,20,17,4,25,0.9926078883046899
30,2,250,Z_only,0.6722112555358766,4.568113236307061,0.8912232959959621,0.10877670400403794,250,0,0,232,18,0,0,0,0,
30,2,250,ZX_split,0.6722112555358766,4.568113236307061,0.8924413259898676,0.10755867401013242,125,125,0,110,15,61,64,0,0,
30,2,250,XYZ_split,0.6722112555358766,4.568113236307061,0.9970298269630531,0.0029701730369469104,83,83,84,73,10,39,44,11,73,
30,2,250,RL_adaptive,0.6722112555358766,4.568113236307061,0.9966561535390275,0.0033438464609725216,77,89,84,65,12,43,46,14,70,0.9966561535390275
30,2,500,Z_only,0.6722112555358766,4.568113236307061,0.8912232959959621,0.10877670400403794,500,0,0,436,64,0,0,0,0,
30,2,500,ZX_split,0.6722112555358766,4.568113236307061,0.892430658963903,0.10756934103609705,250,250,0,221,29,122,128,0,0,
30,2,500,XYZ_split,0.6722112555358766,4.568113236307061,0.9944636651814532,0.005536334818546762,166,166,168,151,15,63,103,34,134,
30,2,500,RL_adaptive,0.6722112555358766,4.568113236307061,0.9968544244330757,0.003145575566924297,146,177,177,129,17,87,90,44,133,0.9968544244330757
30,3,10,Z_only,0.6722112555358766,4.568113236307061,0.8912232959959621,0.10877670400403794,10,0,0,5,5,0,0,0,0,
30,3,10,ZX_split,0.6722112555358766,4.568113236307061,0.6628963274579052,0.33710367254209483,5,5,0,4,1,5,0,0,0,
30,3,10,XYZ_split,0.6722112555358766,4.568113236307061,0.9101642473552957,0.08983575264470434,3,3,4,2,1,1,2,0,4,
30,3,10,RL_adaptive,0.6722112555358766,4.568113236307061,0.9801776055175174,0.019822394482482575,3,3,4,3,0,1,2,1,3,0.9801776055175174
30,3,25,Z_only,0.6722112555358766,4.568113236307061,0.8912232959959621,0.10877670400403794,25,0,0,23,2,0,0,0,0,
30,3,25,ZX_split,0.6722112555358766,4.568113236307061,0.8935043258972716,0.10649567410272842,12,13,0,12,0,6,7,0,0,
30,3,25,XYZ_split,0.6722112555358766,4.568113236307061,0.9811534281691884,0.01884657183081162,8,8,9,8,0,2,6,0,9,
30,3,25,RL_adaptive,0.6722112555358766,4.568113236307061,0.9598282203389134,0.04017177966108665,7,10,8,5,2,4,6,1,7,0.9598282203389134
30,3,50,Z_only,0.6722112555358766,4.568113236307061,0.8912232959959621,0.10877670400403794,50,0,0,42,8,0,0,0,0,
30,3,50,ZX_split,0.6722112555358766,4.568113236307061,0.8918037509782528,0.10819624902174718,25,25,0,24,1,10,15,0,0,
30,3,50,XYZ_split,0.6722112555358766,4.568113236307061,0.9896895365229854,0.010310463477014586,16,16,18,15,1,9,7,3,15,
30,3,50,RL_adaptive,0.6722112555358766,4.568113236307061,0.9802241222921164,0.019775877707883582,17,18,15,16,1,11,7,2,13,0.9802241222921164
30,3,100,Z_only,0.6722112555358766,4.568113236307061,0.8912232959959621,0.10877670400403794,100,0,0,92,8,0,0,0,0,
30,3,100,ZX_split,0.6722112555358766,4.568113236307061,0.8914157464574259,0.10858425354257406,50,50,0,47,3,20,30,0,0,
30,3,100,XYZ_split,0.6722112555358766,4.568113236307061,0.9954181604084775,0.004581839591522474,33,33,34,29,4,14,19,9,25,
30,3,100,RL_adaptive,0.6722112555358766,4.568113236307061,0.9855341273560535,0.014465872643946498,34,37,29,30,4,15,22,9,20,0.9855341273560535
30,3,250,Z_only,0.6722112555358766,4.568113236307061,0.8912232959959621,0.10877670400403794,250,0,0,224,26,0,0,0,0,
30,3,250,ZX_split,0.6722112555358766,4.568113236307061,0.8932268760246611,0.10677312397533889,125,125,0,113,12,54,71,0,0,
30,3,250,XYZ_split,0.6722112555358766,4.568113236307061,0.9970601976596812,0.0029398023403187645,83,83,84,75,8,33,50,13,71,
30,3,250,RL_adaptive,0.6722112555358766,4.568113236307061,0.9996560164721826,0.00034398352781739305,73,92,85,68,5,40,52,12,73,0.9996560164721826
30,3,500,Z_only,0.6722112555358766,4.568113236307061,0.8912232959959621,0.10877670400403794,500,0,0,450,50,0,0,0,0,
30,3,500,ZX_split,0.6722112555358766,4.568113236307061,0.8937089310750541,0.10629106892494589,250,250,0,219,31,116,134,0,0,
30,3,500,XYZ_split,0.6722112555358766,4.568113236307061,0.9951485632531386,0.004851436746861393,166,166,168,145,21,84,82,24,144,
30,3,500,RL_adaptive,0.6722112555358766,4.568113236307061,0.9996439157404934,0.00035608425950661715,146,180,174,130,16,79,101,31,143,0.9996439157404934
30,4,10,Z_only,0.6722112555358766,4.568113236307061,0.8912232959959621,0.10877670400403794,10,0,0,9,1,0,0,0,0,
30,4,10,ZX_split,0.6722112555358766,4.568113236307061,0.8082908800642054,0.19170911993579465,5,5,0,4,1,1,4,0,0,
30,4,10,XYZ_split,0.6722112555358766,4.568113236307061,0.8922496318316848,0.10775036816831518,3,3,4,2,1,2,1,1,3,
30,4,10,RL_adaptive,0.6722112555358766,4.568113236307061,0.7293798323371126,0.27062016766288743,4,3,3,4,0,0,3,2,1,0.7293798323371126
30,4,25,Z_only,0.6722112555358766,4.568113236307061,0.8912232959959621,0.10877670400403794,25,0,0,24,1,0,0,0,0,
30,4,25,ZX_split,0.6722112555358766,4.568113236307061,0.8934810019831138,0.10651899801688625,12,13,0,9,3,6,7,0,0,
30,4,25,XYZ_split,0.6722112555358766,4.568113236307061,0.896400366655663,0.10359963334433697,8,8,9,7,1,5,3,4,5,
30,4,25,RL_adaptive,0.6722112555358766,4.568113236307061,0.9897416285225807,0.01025837147741926,6,11,8,6,0,5,6,2,6,0.9897416285225807
30,4,50,Z_only,0.6722112555358766,4.568113236307061,0.8912232959959621,0.10877670400403794,50,0,0,45,5,0,0,0,0,
30,4,50,ZX_split,0.6722112555358766,4.568113236307061,0.8853032107464541,0.11469678925354587,25,25,0,23,2,9,16,0,0,
30,4,50,XYZ_split,0.6722112555358766,4.568113236307061,0.9964338587935944,0.0035661412064056375,16,16,18,16,0,8,8,3,15,
30,4,50,RL_adaptive,0.6722112555358766,4.568113236307061,0.9913861317036899,0.008613868296310057,17,18,15,13,4,8,10,3,12,0.9913861317036899
30,4,100,Z_only,0.6722112555358766,4.568113236307061,0.8912232959959621,0.10877670400403794,100,0,0,92,8,0,0,0,0,
30,4,100,ZX_split,0.6722112555358766,4.568113236307061,0.8931080229161866,0.10689197708381337,50,50,0,48,2,21,29,0,0,
30,4,100,XYZ_split,0.6722112555358766,4.568113236307061,0.9497602421398221,0.05023975786017787,33,33,34,26,7,10,23,11,23,
30,4,100,RL_adaptive,0.6722112555358766,4.568113236307061,0.9969153990039923,0.0030846009960077136,34,37,29,30,4,18,19,4,25,0.9969153990039923
30,4,250,Z_only,0.6722112555358766,4.568113236307061,0.8912232959959621,0.10877670400403794,250,0,0,219,31,0,0,0,0,
30,4,250,ZX_split,0.6722112555358766,4.568113236307061,0.8937740313984998,0.10622596860150024,125,125,0,112,13,57,68,0,0,
30,4,250,XYZ_split,0.6722112555358766,4.568113236307061,0.9890922995176862,0.01090770048231382,83,83,84,73,10,46,37,19,65,
30,4,250,RL_adaptive,0.6722112555358766,4.568113236307061,0.9982355328452244,0.0017644671547756285,75,89,86,70,5,44,45,12,74,0.9982355328452244
30,4,500,Z_only,0.6722112555358766,4.568113236307061,0.8912232959959621,0.10877670400403794,500,0,0,455,45,0,0,0,0,
30,4,500,ZX_split,0.6722112555358766,4.568113236307061,0.893008860937379,0.10699113906262103,250,250,0,226,24,107,143,0,0,
30,4,500,XYZ_split,0.6722112555358766,4.568113236307061,0.9990760152422458,0.000923984757754237,166,166,168,145,21,73,93,29,139,
30,4,500,RL_adaptive,0.6722112555358766,4.568113236307061,0.9980673037130354,0.0019326962869645747,145,181,174,126,19,76,105,31,143,0.9980673037130354
31,0,10,Z_only,1.5349047246316248,2.9198199348294365,0.5179419483450548,0.4820580516549452,10,0,0,5,5,0,0,0,0,
31,0,10,ZX_split,1.5349047246316248,2.9198199348294365,0.9272077488268694,0.0727922511731306,5,5,0,4,1,0,5,0,0,
31,0,10,XYZ_split,1.5349047246316248,2.9198199348294365,0.8655760105432123,0.13442398945678768,3,3,4,1,2,0,3,1,3,
31,0,10,RL_adaptive,1.5349047246316248,2.9198199348294365,0.9597835575382878,0.04021644246171219,3,3,4,1,2,0,3,3,1,0.9597835575382878
31,0,25,Z_only,1.5349047246316248,2.9198199348294365,0.5179419483450548,0.4820580516549452,25,0,0,18,7,0,0,0,0,
31,0,25,ZX_split,1.5349047246316248,2.9198199348294365,0.9837578844584857,0.016242115541514335,12,13,0,7,5,0,13,0,0,
31,0,25,XYZ_split,1.5349047246316248,2.9198199348294365,0.9971827797156664,0.0028172202843336214,8,8,9,4,4,0,8,6,3,
31,0,25,RL_adaptive,1.5349047246316248,2.9198199348294365,0.9791873909152571,0.020812609084742917,8,10,7,3,5,0,10,4,3,0.9791873909152571
31,0,50,Z_only,1.5349047246316248,2.9198199348294365,0.48205805165494525,0.5179419483450547,50,0,0,24,26,0,0,0,0,
31,0,50,ZX_split,1.5349047246316248,2.9198199348294365,0.964703821243388,0.03529617875661195,25,25,0,17,8,0,25,0,0,
31,0,50,XYZ_split,1.5349047246316248,2.9198199348294365,0.9926586719996978,0.007341328000302183,16,16,18,9,7,1,15,12,6,
31,0,50,RL_adaptive,1.5349047246316248,2.9198199348294365,0.9686805118139593,0.03131948818604069,17,18,15,7,10,0,18,7,8,0.9686805118139593
31,0,100,Z_only,1.5349047246316248,2.9198199348294365,0.5179419483450548,0.4820580516549452,100,0,0,64,36,0,0,0,0,
31,0,100,ZX_split,1.5349047246316248,2.9198199348294365,0.9877596793835286,0.0122403206164714,50,50,0,26,24,2,48,0,0,
31,0,100,XYZ_split,1.5349047246316248,2.9198199348294365,0.9881525179220537,0.01184748207794628,33,33,34,17,16,0,33,25,9,
31,0,100,RL_adaptive,1.5349047246316248,2.9198199348294365,0.9896960573613521,0.010303942638647867,31,38,31,13,18,0,38,18,13,0.9896960573613521
31,0,250,Z_only,1.5349047246316248,2.9198199348294365,0.5179419483450548,0.4820580516549452,250,0,0,141,109,0,0,0,0,
31,0,250,ZX_split,1.5349047246316248,2.9198199348294365,0.9874703279817683,0.012529672018231741,125,125,0,67,58,0,125,0,0,
31,0,250,XYZ_split,1.5349047246316248,2.9198199348294365,0.9986329782171106,0.0013670217828893882,83,83,84,40,43,1,82,52,32,
31,0,250,RL_adaptive,1.5349047246316248,2.9198199348294365,0.9892486452887242,0.010751354711275751,74,103,73,31,43,0,103,42,31,0.9892486452887242
31,0,500,Z_only,1.5349047246316248,2.9198199348294365,0.48205805165494525,0.5179419483450547,500,0,0,243,257,0,0,0,0,
31,0,500,ZX_split,1.5349047246316248,2.9198199348294365,0.9863217346006743,0.013678265399325706,250,250,0,120,130,1,249,0,0,
31,0,500,XYZ_split,1.5349047246316248,2.9198199348294365,0.9983739585455541,0.0016260414544458923,166,166,168,87,79,0,166,96,72,
31,0,500,RL_adaptive,1.5349047246316248,2.9198199348294365,0.999982058012364,1.7941987636049817e-05,134,176,190,70,64,1,175,116,74,0.999982058012364
31,1,10,Z_only,1.5349047246316248,2.9198199348294365,0.5179419483450548,0.4820580516549452,10,0,0,5,5,0,0,0,0,
31,1,10,ZX_split,1.5349047246316248,2.9198199348294365,0.9814933399018547,0.018506660098145278,5,5,0,3,2,0,5,0,0,
31,1,10,XYZ_split,1.5349047246316248,2.9198199348294365,0.9700360994497479,0.02996390055025211,3,3,4,2,1,0,3,3,1,
31,1,10,RL_adaptive,1.5349047246316248,2.9198199348294365,0.8730427943873388,0.12695720561266122,4,3,3,4,0,0,3,2,1,0.8730427943873388
31,1,25,Z_only,1.5349047246316248,2.9198199348294365,0.5179419483450548,0.4820580516549452,25,0,0,18,7,0,0,0,0,
31,1,25,ZX_split,1.5349047246316248,2.9198199348294365,0.9874403974958929,0.012559602504107148,12,13,0,6,6,1,12,0,0,
31,1,25,XYZ_split,1.5349047246316248,2.9198199348294365,0.9522396376687224,0.04776036233127756,8,8,9,4,4,0,8,8,1,
31,1,25,RL_adaptive,1.5349047246316248,2.9198199348294365,0.9368011474911557,0.06319885250884427,8,10,7,4,4,1,9,6,1,0.9368011474911557
31,1,50,Z_only,1.5349047246316248,2.9198199348294365,0.5179419483450548,0.4820580516549452,50,0,0,26,24,0,0,0,0,
31,1,50,ZX_split,1.5349047246316248,2.9198199348294365,0.9861059782104276,0.013894021789572442,25,25,0,14,11,0,25,0,0,
31,1,50,XYZ_split,1.5349047246316248,2.9198199348294365,0.9685350842422629,0.03146491575773713,16,16,18,6,10,0,16,9,9,
31,1,50,RL_adaptive,1.5349047246316248,2.9198199348294365,0.9806037191814131,0.01939628081858691,18,17,15,11,7,2,15,8,7,0.9806037191814131
31,1,100,Z_only,1.5349047246316248,2.9198199348294365,0.5179419483450548,0.4820580516549452,100,0,0,50,50,0,0,0,0,
31,1,100,ZX_split,1.5349047246316248,2.9198199348294365,0.9818305834226347,0.01816941657736526,50,50,0,22,28,0,50,0,0,
31,1,100,XYZ_split,1.5349047246316248,2.9198199348294365,0.9992928700172484,0.0007071299827515753,33,33,34,18,15,0,33,21,13,
31,1,100,RL_adaptive,1.5349047246316248,2.9198199348294365,0.9980016639112004,0.0019983360887996238,32,38,30,18,14,0,38,18,12,0.9980016639112004
31,1,250,Z_only,1.5349047246316248,2.9198199348294365,0.5179419483450548,0.4820580516549452,250,0,0,129,121,0,0,0,0,
31,1,250,ZX_split,1.5349047246316248,2.9198199348294365,0.9874500717965662,0.012549928203433813,125,125,0,67,58,1,124,0,0,
31,1,250,XYZ_split,1.5349047246316248,2.9198199348294365,0.9990081475221373,0.0009918524778627091,83,83,84,43,40,1,82,54,30,
31,1,250,RL_adaptive,1.5349047246316248,2.9198199348294365,0.9901565627706523,0.009843437229347662,75,102,73,32,43,3,99,42,31,0.9901565627706523
31,1,500,Z_only,1.5349047246316248,2.9198199348294365,0.5179419483450548,0.4820580516549452,500,0,0,266,234,0,0,0,0,
31,1,500,ZX_split,1.5349047246316248,2.9198199348294365,0.9862722674947308,0.013727732505269152,250,250,0,139,111,4,246,0,0,
31,1,500,XYZ_split,1.5349047246316248,2.9198199348294365,0.996096282610412,0.0039037173895879462,166,166,168,96,70,3,163,100,68,
31,1,500,RL_adaptive,1.5349047246316248,2.9198199348294365,0.9964996313013882,0.003500368698611811,133,177,190,61,72,1,176,118,72,0.9964996313013882
31,2,10,Z_only,1.5349047246316248,2.9198199348294365,0.5179419483450548,0.4820580516549452,10,0,0,5,5,0,0,0,0,
31,2,10,ZX_split,1.5349047246316248,2.9198199348294365,0.9814933399018547,0.018506660098145278,5,5,0,3,2,0,5,0,0,
31,2,10,XYZ_split,1.5349047246316248,2.9198199348294365,0.8758285524546724,0.1241714475453276,3,3,4,2,1,0,3,1,3,
31,2,10,RL_adaptive,1.5349047246316248,2.9198199348294365,0.8940929457650496,0.10590705423495039,4,3,3,3,1,0,3,1,2,0.8940929457650496
31,2,25,Z_only,1.5349047246316248,2.9198199348294365,0.5179419483450548,0.4820580516549452,25,0,0,13,12,0,0,0,0,
31,2,25,ZX_split,1.5349047246316248,2.9198199348294365,0.977858608182062,0.02214139181793795,12,13,0,5,7,0,13,0,0,
31,2,25,XYZ_split,1.5349047246316248,2.9198199348294365,0.9862687429605064,0.013731257039493627,8,8,9,5,3,0,8,5,4,
31,2,25,RL_adaptive,1.5349047246316248,2.9198199348294365,0.9748262316147133,0.025173768385286732,8,10,7,3,5,0,10,5,2,0.9748262316147133
31,2,50,Z_only,1.5349047246316248,2.9198199348294365,0.5179419483450548,0.4820580516549452,50,0,0,25,25,0,0,0,0,
31,2,50,ZX_split,1.5349047246316248,2.9198199348294365,0.987768016977135,0.01223198302286499,25,25,0,13,12,0,25,0,0,
31,2,50,XYZ_split,1.5349047246316248,2.9198199348294365,0.9862687429605064,0.013731257039493627,16,16,18,10,6,0,16,10,8,
31,2,50,RL_adaptive,1.5349047246316248,2.9198199348294365,0.9830810283751303,0.01691897162486966,17,18,15,7,10,0,18,8,7,0.9830810283751303
31,2,100,Z_only,1.5349047246316248,2.9198199348294365,0.5179419483450548,0.4820580516549452,100,0,0,54,46,0,0,0,0,
31,2,100,ZX_split,1.5349047246316248,2.9198199348294365,0.9874403974958929,0.012559602504107148,50,50,0,25,25,0,50,0,0,
31,2,100,XYZ_split,1.5349047246316248,2.9198199348294365,0.9927424515676628,0.007257548432337169,33,33,34,18,15,2,31,23,11,
31,2,100,RL_adaptive,1.5349047246316248,2.9198199348294365,0.9978502671375319,0.0021497328624681122,32,38,30,18,14,0,38,19,11,0.9978502671375319
31,2,250,Z_only,1.5349047246316248,2.9198199348294365,0.48205805165494525,0.5179419483450547,250,0,0,118,132,0,0,0,0,
31,2,250,ZX_split,1.5349047246316248,2.9198199348294365,0.9802405176850876,0.019759482314912424,125,125,0,76,49,0,125,0,0,
31,2,250,XYZ_split,1.5349047246316248,2.9198199348294365,0.9924690031530815,0.007530996846918492,83,83,84,38,45,2,81,46,38,
31,2,250,RL_adaptive,1.5349047246316248,2.9198199348294365,0.9977685000891681,0.0022314999108319356,72,104,74,36,36,0,104,42,32,0.9977685000891681
31,2,500,Z_only,1.5349047246316248,2.9198199348294365,0.5179419483450548,0.4820580516549452,500,0,0,266,234,0,0,0,0,
31,2,500,ZX_split,1.5349047246316248,2.9198199348294365,0.9874403974958929,0.012559602504107148,250,250,0,125,125,5,245,0,0,
31,2,500,XYZ_split,1.5349047246316248,2.9198199348294365,0.9967128218905893,0.0032871781094107044,166,166,168,93,73,1,165,96,72,
31,2,500,RL_adaptive,1.5349047246316248,2.9198199348294365,0.9981052261481282,0.001894773851871756,134,174,192,68,66,1,173,126,66,0.9981052261481282
31,3,10,Z_only,1.5349047246316248,2.9198199348294365,0.5179419483450548,0.4820580516549452,10,0,0,5,5,0,0,0,0,
31,3,10,ZX_split,1.5349047246316248,2.9198199348294365,0.7661711093149277,0.2338288906850723,5,5,0,5,0,1,4,0,0,
31,3,10,XYZ_split,1.5349047246316248,2.9198199348294365,0.8573592838360993,0.14264071616390073,3,3,4,3,0,0,3,2,2,
31,3,10,RL_adaptive,1.5349047246316248,2.9198199348294365,0.8730427943873388,0.12695720561266122,4,3,3,4,0,0,3,2,1,0.8730427943873388
31,3,25,Z_only,1.5349047246316248,2.9198199348294365,0.48205805165494525,0.5179419483450547,25,0,0,8,17,0,0,0,0,
31,3,25,ZX_split,1.5349047246316248,2.9198199348294365,0.9567528216563111,0.04324717834368885,12,13,0,4,8,0,13,0,0,
31,3,25,XYZ_split,1.5349047246316248,2.9198199348294365,0.9471567617318764,0.05284323826812365,8,8,9,5,3,0,8,8,1,
31,3,25,RL_adaptive,1.5349047246316248,2.9198199348294365,0.9490109075825731,0.050989092417426884,8,10,7,3,5,0,10,3,4,0.9490109075825731
31,3,50,Z_only,1.5349047246316248,2.9198199348294365,0.5179419483450548,0.4820580516549452,50,0,0,29,21,0,0,0,0,
31,3,50,ZX_split,1.5349047246316248,2.9198199348294365,0.9645498783477635,0.03545012165223649,25,25,0,9,16,0,25,0,0,
31,3,50,XYZ_split,1.5349047246316248,2.9198199348294365,0.9862687429605064,0.013731257039493627,16,16,18,10,6,0,16,10,8,
31,3,50,RL_adaptive,1.5349047246316248,2.9198199348294365,0.9830810283751303,0.01691897162486966,17,18,15,7,10,0,18,8,7,0.9830810283751303
31,3,100,Z_only,1.5349047246316248,2.9198199348294365,0.5179419483450548,0.4820580516549452,100,0,0,50,50,0,0,0,0,
31,3,100,ZX_split,1.5349047246316248,2.9198199348294365,0.987768016977135,0.01223198302286499,50,50,0,26,24,0,50,0,0,
31,3,100,XYZ_split,1.5349047246316248,2.9198199348294365,0.9955356981368886,0.0044643018631114195,33,33,34,15,18,0,33,20,14,
31,3,100,RL_adaptive,1.5349047246316248,2.9198199348294365,0.9923354042526668,0.007664595747333247,31,38,31,16,15,0,38,22,9,0.9923354042526668
31,3,250,Z_only,1.5349047246316248,2.9198199348294365,0.5179419483450548,0.4820580516549452,250,0,0,125,125,0,0,0,0,
31,3,250,ZX_split,1.5349047246316248,2.9198199348294365,0.9877638985982837,0.01223610140171627,125,125,0,65,60,3,122,0,0,
31,3,250,XYZ_split,1.5349047246316248,2.9198199348294365,0.984208237015148,0.015791762984851965,83,83,84,38,45,0,83,42,42,
31,3,250,RL_adaptive,1.5349047246316248,2.9198199348294365,0.9965790419073919,0.0034209580926081173,71,104,75,40,31,2,102,43,32,0.9965790419073919
31,3,500,Z_only,1.5349047246316248,2.9198199348294365,0.5179419483450548,0.4820580516549452,500,0,0,264,236,0,0,0,0,
31,3,500,ZX_split,1.5349047246316248,2.9198199348294365,0.9856348636886906,0.014365136311309423,250,250,0,141,109,3,247,0,0,
31,3,500,XYZ_split,1.5349047246316248,2.9198199348294365,0.9957932496267474,0.004206750373252577,166,166,168,76,90,4,162,106,62,
31,3,500,RL_adaptive,1.5349047246316248,2.9198199348294365,0.9992767318418376,0.0007232681581623712,134,176,190,66,68,1,175,118,72,0.9992767318418376
31,4,10,Z_only,1.5349047246316248,2.9198199348294365,0.48205805165494525,0.5179419483450547,10,0,0,2,8,0,0,0,0,
31,4,10,ZX_split,1.5349047246316248,2.9198199348294365,0.9814933399018547,0.018506660098145278,5,5,0,3,2,0,5,0,0,
31,4,10,XYZ_split,1.5349047246316248,2.9198199348294365,0.8573592838360993,0.14264071616390073,3,3,4,2,1,1,2,2,2,
31,4,10,RL_adaptive,1.5349047246316248,2.9198199348294365,0.8441049749599173,0.15589502504008268,2,3,5,0,2,0,3,3,2,0.8441049749599173
31,4,25,Z_only,1.5349047246316248,2.9198199348294365,0.48205805165494525,0.5179419483450547,25,0,0,6,19,0,0,0,0,
31,4,25,ZX_split,1.5349047246316248,2.9198199348294365,0.9440038287418008,0.05599617125819922,12,13,0,9,3,0,13,0,0,
31,4,25,XYZ_split,1.5349047246316248,2.9198199348294365,0.9862687429605064,0.013731257039493627,8,8,9,5,3,0,8,5,4,
31,4,25,RL_adaptive,1.5349047246316248,2.9198199348294365,0.8225075249343893,0.17749247506561072,8,10,7,3,5,0,10,1,6,0.8225075249343893
31,4,50,Z_only,1.5349047246316248,2.9198199348294365,0.48205805165494525,0.5179419483450547,50,0,0,24,26,0,0,0,0,
31,4,50,ZX_split,1.5349047246316248,2.9198199348294365,0.9877596793835286,0.0122403206164714,25,25,0,13,12,1,24,0,0,
31,4,50,XYZ_split,1.5349047246316248,2.9198199348294365,0.998169816105472,0.001830183894528048,16,16,18,9,7,0,16,11,7,
31,4,50,RL_adaptive,1.5349047246316248,2.9198199348294365,0.985756346909025,0.014243653090974973,18,17,15,11,7,1,16,10,5,0.985756346909025
31,4,100,Z_only,1.5349047246316248,2.9198199348294365,0.48205805165494525,0.5179419483450547,100,0,0,49,51,0,0,0,0,
31,4,100,ZX_split,1.5349047246316248,2.9198199348294365,0.9844572509406638,0.01554274905933617,50,50,0,23,27,0,50,0,0,
31,4,100,XYZ_split,1.5349047246316248,2.9198199348294365,0.9830731376138407,0.016926862386159258,33,33,34,13,20,0,33,23,11,
31,4,100,RL_adaptive,1.5349047246316248,2.9198199348294365,0.9734997033980687,0.026500296601931317,30,39,31,11,19,0,39,22,9,0.9734997033980687
31,4,250,Z_only,1.5349047246316248,2.9198199348294365,0.5179419483450548,0.4820580516549452,250,0,0,140,110,0,0,0,0,
31,4,250,ZX_split,1.5349047246316248,2.9198199348294365,0.9785495418161569,0.021450458183843057,125,125,0,77,48,1,124,0,0,
31,4,250,XYZ_split,1.5349047246316248,2.9198199348294365,0.9983511789926192,0.0016488210073808407,83,83,84,44,39,0,83,55,29,
31,4,250,RL_adaptive,1.5349047246316248,2.9198199348294365,0.9884768998706248,0.011523100129375186,75,103,72,31,44,1,102,42,30,0.9884768998706248
31,4,500,Z_only,1.5349047246316248,2.9198199348294365,0.5179419483450548,0.4820580516549452,500,0,0,273,227,0,0,0,0,
31,4,500,ZX_split,1.5349047246316248,2.9198199348294365,0.9868459437413223,0.013154056258677715,250,250,0,122,128,4,246,0,0,
31,4,500,XYZ_split,1.5349047246316248,2.9198199348294365,0.9964679914612538,0.003532008538746245,166,166,168,77,89,2,164,107,61,
31,4,500,RL_adaptive,1.5349047246316248,2.9198199348294365,0.9977986820453096,0.0022013179546903627,135,177,188,74,61,1,176,108,80,0.9977986820453096
32,0,10,Z_only,1.60507338065709,3.045167579167607,0.4828648289278764,0.5171351710721236,10,0,0,5,5,0,0,0,0,
32,0,10,ZX_split,1.60507338065709,3.045167579167607,0.984365651244011,0.015634348755989014,5,5,0,3,2,0,5,0,0,
32,0,10,XYZ_split,1.60507338065709,3.045167579167607,0.9518441697638655,0.048155830236134456,3,3,4,1,2,0,3,3,1,
32,0,10,RL_adaptive,1.60507338065709,3.045167579167607,0.9420526434369378,0.05794735656306216,3,3,4,2,1,0,3,3,1,0.9420526434369378
32,0,25,Z_only,1.60507338065709,3.045167579167607,0.4828648289278764,0.5171351710721236,25,0,0,13,12,0,0,0,0,
32,0,25,ZX_split,1.60507338065709,3.045167579167607,0.9878005525160131,0.012199447483986936,12,13,0,7,5,0,13,0,0,
32,0,25,XYZ_split,1.60507338065709,3.045167579167607,0.9870744433664961,0.01292555663350392,8,8,9,4,4,0,8,6,3,
32,0,25,RL_adaptive,1.60507338065709,3.045167579167607,0.9367091374443728,0.06329086255562721,7,11,7,5,2,0,11,5,2,0.9367091374443728
32,0,50,Z_only,1.60507338065709,3.045167579167607,0.4828648289278764,0.5171351710721236,50,0,0,25,25,0,0,0,0,
32,0,50,ZX_split,1.60507338065709,3.045167579167607,0.9333829845407673,0.06661701545923271,25,25,0,19,6,0,25,0,0,
32,0,50,XYZ_split,1.60507338065709,3.045167579167607,0.9520406096452606,0.047959390354739395,16,16,18,5,11,0,16,7,11,
32,0,50,RL_adaptive,1.60507338065709,3.045167579167607,0.969573708397101,0.030426291602899003,18,17,15,6,12,0,17,10,5,0.969573708397101
32,0,100,Z_only,1.60507338065709,3.045167579167607,0.4828648289278764,0.5171351710721236,100,0,0,51,49,0,0,0,0,
32,0,100,ZX_split,1.60507338065709,3.045167579167607,0.9918004881571738,0.00819951184282619,50,50,0,28,22,0,50,0,0,
32,0,100,XYZ_split,1.60507338065709,3.045167579167607,0.9881099713550981,0.011890028644901851,33,33,34,14,19,0,33,22,12,
32,0,100,RL_adaptive,1.60507338065709,3.045167579167607,0.9951825488881072,0.004817451111892801,31,38,31,14,17,0,38,19,12,0.9951825488881072
32,0,250,Z_only,1.60507338065709,3.045167579167607,0.4828648289278764,0.5171351710721236,250,0,0,125,125,0,0,0,0,
32,0,250,ZX_split,1.60507338065709,3.045167579167607,0.9976529563828973,0.0023470436171026954,125,125,0,61,64,0,125,0,0,
32,0,250,XYZ_split,1.60507338065709,3.045167579167607,0.9992804438676904,0.0007195561323095623,83,83,84,41,42,0,83,44,40,
32,0,250,RL_adaptive,1.60507338065709,3.045167579167607,0.9809847813024118,0.019015218697588154,76,103,71,26,50,1,102,40,31,0.9809847813024118
32,0,500,Z_only,1.60507338065709,3.045167579167607,0.5171351710721237,0.4828648289278763,500,0,0,243,257,0,0,0,0,
32,0,500,ZX_split,1.60507338065709,3.045167579167607,0.9964892807349519,0.00351071926504809,250,250,0,112,138,0,250,0,0,
32,0,500,XYZ_split,1.60507338065709,3.045167579167607,0.9969575818109423,0.003042418189057705,166,166,168,71,95,1,165,92,76,
32,0,500,RL_adaptive,1.60507338065709,3.045167579167607,0.996750985692974,0.0032490143070259547,135,179,186,72,63,0,179,97,89,0.996750985692974
32,1,10,Z_only,1.60507338065709,3.045167579167607,0.4828648289278764,0.5171351710721236,10,0,0,5,5,0,0,0,0,
32,1,10,ZX_split,1.60507338065709,3.045167579167607,0.9910866182952044,0.008913381704795609,5,5,0,2,3,0,5,0,0,
32,1,10,XYZ_split,1.60507338065709,3.045167579167607,0.8269769298422803,0.17302307015771967,3,3,4,0,3,0,3,1,3,
32,1,10,RL_adaptive,1.60507338065709,3.045167579167607,0.9664422402228225,0.033557759777177454,3,3,4,2,1,0,3,2,2,0.9664422402228225
32,1,25,Z_only,1.60507338065709,3.045167579167607,0.5171351710721237,0.4828648289278763,25,0,0,12,13,0,0,0,0,
32,1,25,ZX_split,1.60507338065709,3.045167579167607,0.9878005525160131,0.012199447483986936,12,13,0,7,5,0,13,0,0,
32,1,25,XYZ_split,1.60507338065709,3.045167579167607,0.9807792279625718,0.019220772037428224,8,8,9,5,3,0,8,5,4,
32,1,25,RL_adaptive,1.60507338065709,3.045167579167607,0.8176857043661873,0.18231429563381274,8,10,7,4,4,0,10,0,7,0.8176857043661873
32,1,50,Z_only,1.60507338065709,3.045167579167607,0.5171351710721237,0.4828648289278763,50,0,0,23,27,0,0,0,0,
32,1,50,ZX_split,1.60507338065709,3.045167579167607,0.9963027253626531,0.0036972746373469256,25,25,0,13,12,0,25,0,0,
32,1,50,XYZ_split,1.60507338065709,3.045167579167607,0.9902500056474304,0.009749994352569624,16,16,18,9,7,0,16,11,7,
32,1,50,RL_adaptive,1.60507338065709,3.045167579167607,0.9779554533235278,0.022044546676472154,17,18,15,6,11,0,18,7,8,0.9779554533235278
32,1,100,Z_only,1.60507338065709,3.045167579167607,0.5171351710721237,0.4828648289278763,100,0,0,44,56,0,0,0,0,
32,1,100,ZX_split,1.60507338065709,3.045167579167607,0.9944345349345846,0.0055654650654154425,50,50,0,27,23,0,50,0,0,
32,1,100,XYZ_split,1.60507338065709,3.045167579167607,0.9954720364389864,0.004527963561013593,33,33,34,16,17,0,33,21,13,
32,1,100,RL_adaptive,1.60507338065709,3.045167579167607,0.987378382408372,0.012621617591628054,30,39,31,11,19,0,39,17,14,0.987378382408372
32,1,250,Z_only,1.60507338065709,3.045167579167607,0.4828648289278764,0.5171351710721236,250,0,0,129,121,0,0,0,0,
32,1,250,ZX_split,1.60507338065709,3.045167579167607,0.9951571661868926,0.00484283381310735,125,125,0,54,71,0,125,0,0,
32,1,250,XYZ_split,1.60507338065709,3.045167579167607,0.9980004512878653,0.001999548712134702,83,83,84,38,45,2,81,43,41,
32,1,250,RL_adaptive,1.60507338065709,3.045167579167607,0.9937920266300299,0.006207973369970143,74,104,72,30,44,0,104,38,34,0.9937920266300299
32,1,500,Z_only,1.60507338065709,3.045167579167607,0.5171351710721237,0.4828648289278763,500,0,0,237,263,0,0,0,0,
32,1,500,ZX_split,1.60507338065709,3.045167579167607,0.9970406923585748,0.0029593076414251573,250,250,0,127,123,2,248,0,0,
32,1,500,XYZ_split,1.60507338065709,3.045167579167607,0.9988693458112832,0.0011306541887168287,166,166,168,85,81,0,166,95,73,
32,1,500,RL_adaptive,1.60507338065709,3.045167579167607,0.997484110123385,0.002515889876614996,133,179,188,58,75,0,179,107,81,0.997484110123385
32,2,10,Z_only,1.60507338065709,3.045167579167607,0.5171351710721237,0.4828648289278763,10,0,0,4,6,0,0,0,0,
32,2,10,ZX_split,1.60507338065709,3.045167579167607,0.9910866182952044,0.008913381704795609,5,5,0,2,3,0,5,0,0,
32,2,10,XYZ_split,1.60507338065709,3.045167579167607,0.8715040538947814,0.12849594610521864,3,3,4,2,1,0,3,4,0,
32,2,10,RL_adaptive,1.60507338065709,3.045167579167607,0.9772794739597307,0.022720526040269307,3,3,4,1,2,0,3,2,2,0.9772794739597307
32,2,25,Z_only,1.60507338065709,3.045167579167607,0.5171351710721237,0.4828648289278763,25,0,0,11,14,0,0,0,0,
32,2,25,ZX_split,1.60507338065709,3.045167579167607,0.9664422402228225,0.033557759777177454,12,13,0,8,4,0,13,0,0,
32,2,25,XYZ_split,1.60507338065709,3.045167579167607,0.9474192536300012,0.052580746369998765,8,8,9,2,6,0,8,6,3,
32,2,25,RL_adaptive,1.60507338065709,3.045167579167607,0.9528490012872338,0.04715099871276618,7,11,7,5,2,0,11,4,3,0.9528490012872338
32,2,50,Z_only,1.60507338065709,3.045167579167607,0.5171351710721237,0.4828648289278763,50,0,0,22,28,0,0,0,0,
32,2,50,ZX_split,1.60507338065709,3.045167579167607,0.9976724437117036,0.002327556288296395,25,25,0,12,13,0,25,0,0,
32,2,50,XYZ_split,1.60507338065709,3.045167579167607,0.9554877844901052,0.044512215509894815,16,16,18,7,9,0,16,6,12,
32,2,50,RL_adaptive,1.60507338065709,3.045167579167607,0.9336480621192743,0.06635193788072569,17,18,15,13,4,0,18,8,7,0.9336480621192743
32,2,100,Z_only,1.60507338065709,3.045167579167607,0.4828648289278764,0.5171351710721236,100,0,0,53,47,0,0,0,0,
32,2,100,ZX_split,1.60507338065709,3.045167579167607,0.9910866182952044,0.008913381704795609,50,50,0,20,30,0,50,0,0,
32,2,100,XYZ_split,1.60507338065709,3.045167579167607,0.9603571476181149,0.03964285238188514,33,33,34,18,15,0,33,12,22,
32,2,100,RL_adaptive,1.60507338065709,3.045167579167607,0.99504856147358,0.004951438526419993,31,38,31,13,18,0,38,16,15,0.99504856147358
32,2,250,Z_only,1.60507338065709,3.045167579167607,0.5171351710721237,0.4828648289278763,250,0,0,120,130,0,0,0,0,
32,2,250,ZX_split,1.60507338065709,3.045167579167607,0.9968307049457589,0.003169295054241128,125,125,0,64,61,0,125,0,0,
32,2,250,XYZ_split,1.60507338065709,3.045167579167607,0.9964577975285848,0.0035422024714152345,83,83,84,44,39,0,83,43,41,
32,2,250,RL_adaptive,1.60507338065709,3.045167579167607,0.9952299819777717,0.004770018022228317,73,105,72,33,40,0,105,35,37,0.9952299819777717
32,2,500,Z_only,1.60507338065709,3.045167579167607,0.5171351710721237,0.4828648289278763,500,0,0,244,256,0,0,0,0,
32,2,500,ZX_split,1.60507338065709,3.045167579167607,0.9976715296491081,0.002328470350891898,250,250,0,120,130,1,249,0,0,
32,2,500,XYZ_split,1.60507338065709,3.045167579167607,0.9967345577548905,0.0032654422451094955,166,166,168,75,91,0,166,84,84,
32,2,500,RL_adaptive,1.60507338065709,3.045167579167607,0.9952464611472234,0.004753538852776629,134,181,185,70,64,1,180,91,94,0.9952464611472234
32,3,10,Z_only,1.60507338065709,3.045167579167607,0.4828648289278764,0.5171351710721236,10,0,0,6,4,0,0,0,0,
32,3,10,ZX_split,1.60507338065709,3.045167579167607,0.9176881595295103,0.08231184047048967,5,5,0,4,1,0,5,0,0,
32,3,10,XYZ_split,1.60507338065709,3.045167579167607,0.839587921797246,0.16041207820275405,3,3,4,3,0,0,3,2,2,
32,3,10,RL_adaptive,1.60507338065709,3.045167579167607,0.9420526434369378,0.05794735656306216,3,3,4,2,1,0,3,3,1,0.9420526434369378
32,3,25,Z_only,1.60507338065709,3.045167579167607,0.5171351710721237,0.4828648289278763,25,0,0,10,15,0,0,0,0,
32,3,25,ZX_split,1.60507338065709,3.045167579167607,0.9878005525160131,0.012199447483986936,12,13,0,7,5,0,13,0,0,
32,3,25,XYZ_split,1.60507338065709,3.045167579167607,0.902326397400443,0.09767360259955704,8,8,9,1,7,0,8,4,5,
32,3,25,RL_adaptive,1.60507338065709,3.045167579167607,0.9678645427207764,0.03213545727922362,8,10,7,3,5,0,10,5,2,0.9678645427207764
32,3,50,Z_only,1.60507338065709,3.045167579167607,0.4828648289278764,0.5171351710721236,50,0,0,27,23,0,0,0,0,
32,3,50,ZX_split,1.60507338065709,3.045167579167607,0.9737873161546973,0.02621268384530273,25,25,0,8,17,0,25,0,0,
32,3,50,XYZ_split,1.60507338065709,3.045167579167607,0.9736818125419856,0.026318187458014397,16,16,18,7,9,0,16,7,11,
32,3,50,RL_adaptive,1.60507338065709,3.045167579167607,0.9825945631944085,0.01740543680559148,18,17,15,10,8,0,17,10,5,0.9825945631944085
32,3,100,Z_only,1.60507338065709,3.045167579167607,0.4828648289278764,0.5171351710721236,100,0,0,51,49,0,0,0,0,
32,3,100,ZX_split,1.60507338065709,3.045167579167607,0.9969995538929093,0.003000446107090715,50,50,0,23,27,2,48,0,0,
32,3,100,XYZ_split,1.60507338065709,3.045167579167607,0.9988567905340239,0.001143209465976125,33,33,34,15,18,0,33,18,16,
32,3,100,RL_adaptive,1.60507338065709,3.045167579167607,0.9960600560229143,0.003939943977085747,31,38,31,15,16,0,38,19,12,0.9960600560229143
32,3,250,Z_only,1.60507338065709,3.045167579167607,0.4828648289278764,0.5171351710721236,250,0,0,128,122,0,0,0,0,
32,3,250,ZX_split,1.60507338065709,3.045167579167607,0.9963027253626531,0.0036972746373469256,125,125,0,65,60,0,125,0,0,
32,3,250,XYZ_split,1.60507338065709,3.045167579167607,0.994843947197397,0.005156052802603006,83,83,84,34,49,0,83,46,38,
32,3,250,RL_adaptive,1.60507338065709,3.045167579167607,0.9989409758545413,0.0010590241454586646,72,105,73,36,36,0,105,38,35,0.9989409758545413
32,3,500,Z_only,1.60507338065709,3.045167579167607,0.5171351710721237,0.4828648289278763,500,0,0,245,255,0,0,0,0,
32,3,500,ZX_split,1.60507338065709,3.045167579167607,0.9975978600435348,0.00240213995646521,250,250,0,123,127,2,248,0,0,
32,3,500,XYZ_split,1.60507338065709,3.045167579167607,0.9998491456090406,0.00015085439095940956,166,166,168,82,84,0,166,93,75,
32,3,500,RL_adaptive,1.60507338065709,3.045167579167607,0.9985745243508413,0.0014254756491587361,133,178,189,62,71,1,177,110,79,0.9985745243508413
32,4,10,Z_only,1.60507338065709,3.045167579167607,0.5171351710721237,0.4828648289278763,10,0,0,4,6,0,0,0,0,
32,4,10,ZX_split,1.60507338065709,3.045167579167607,0.9910866182952044,0.008913381704795609,5,5,0,2,3,0,5,0,0,
32,4,10,XYZ_split,1.60507338065709,3.045167579167607,0.9420526434369378,0.05794735656306216,3,3,4,2,1,0,3,3,1,
32,4,10,RL_adaptive,1.60507338065709,3.045167579167607,0.9420526434369378,0.05794735656306216,3,3,4,2,1,0,3,3,1,0.9420526434369378
32,4,25,Z_only,1.60507338065709,3.045167579167607,0.5171351710721237,0.4828648289278763,25,0,0,9,16,0,0,0,0,
32,4,25,ZX_split,1.60507338065709,3.045167579167607,0.9973850156958828,0.0026149843041172183,12,13,0,6,6,0,13,0,0,
32,4,25,XYZ_split,1.60507338065709,3.045167579167607,0.9890431344001489,0.010956865599851096,8,8,9,3,5,0,8,5,4,
32,4,25,RL_adaptive,1.60507338065709,3.045167579167607,0.9886868767633128,0.011313123236687206,8,10,7,3,5,0,10,4,3,0.9886868767633128
32,4,50,Z_only,1.60507338065709,3.045167579167607,0.4828648289278764,0.5171351710721236,50,0,0,26,24,0,0,0,0,
32,4,50,ZX_split,1.60507338065709,3.045167579167607,0.984365651244011,0.015634348755989014,25,25,0,15,10,0,25,0,0,
32,4,50,XYZ_split,1.60507338065709,3.045167579167607,0.9890300621895615,0.010969937810438535,16,16,18,8,8,0,16,8,10,
32,4,50,RL_adaptive,1.60507338065709,3.045167579167607,0.9996294609914721,0.00037053900852790367,17,18,15,8,9,0,18,8,7,0.9996294609914721
32,4,100,Z_only,1.60507338065709,3.045167579167607,0.5171351710721237,0.4828648289278763,100,0,0,48,52,0,0,0,0,
32,4,100,ZX_split,1.60507338065709,3.045167579167607,0.997089926110355,0.0029100738896450373,50,50,0,23,27,1,49,0,0,
32,4,100,XYZ_split,1.60507338065709,3.045167579167607,0.9314789880222826,0.06852101197771743,33,33,34,6,27,0,33,19,15,
32,4,100,RL_adaptive,1.60507338065709,3.045167579167607,0.9934835687562649,0.006516431243735132,32,38,30,18,14,0,38,17,13,0.9934835687562649
32,4,250,Z_only,1.60507338065709,3.045167579167607,0.4828648289278764,0.5171351710721236,250,0,0,125,125,0,0,0,0,
32,4,250,ZX_split,1.60507338065709,3.045167579167607,0.9958014728159054,0.004198527184094636,125,125,0,55,70,1,124,0,0,
32,4,250,XYZ_split,1.60507338065709,3.045167579167607,0.9964414948419349,0.003558505158065106,83,83,84,43,40,0,83,42,42,
32,4,250,RL_adaptive,1.60507338065709,3.045167579167607,0.9997142804769015,0.00028571952309852655,73,104,73,34,39,0,104,40,33,0.9997142804769015
32,4,500,Z_only,1.60507338065709,3.045167579167607,0.5171351710721237,0.4828648289278763,500,0,0,237,263,0,0,0,0,
32,4,500,ZX_split,1.60507338065709,3.045167579167607,0.9933500127650242,0.006649987234975785,250,250,0,104,146,0,250,0,0,
32,4,500,XYZ_split,1.60507338065709,3.045167579167607,0.9994211147400445,0.0005788852599555305,166,166,168,83,83,0,166,95,73,
32,4,500,RL_adaptive,1.60507338065709,3.045167579167607,0.9977744918403558,0.002225508159644174,134,181,185,63,71,0,181,93,92,0.9977744918403558
33,0,10,Z_only,0.3649522462041307,5.47215568957775,0.9670704028916556,0.03292959710834442,10,0,0,10,0,0,0,0,0,
33,0,10,ZX_split,0.3649522462041307,5.47215568957775,0.9821047408748559,0.017895259125144114,5,5,0,5,0,3,2,0,0,
33,0,10,XYZ_split,0.3649522462041307,5.47215568957775,0.9909104908458025,0.009089509154197484,3,3,4,3,0,2,1,1,3,
33,0,10,RL_adaptive,0.3649522462041307,5.47215568957775,0.9387008703702939,0.06129912962970607,3,3,4,3,0,2,1,0,4,0.9387008703702939
33,0,25,Z_only,0.3649522462041307,5.47215568957775,0.9670704028916556,0.03292959710834442,25,0,0,25,0,0,0,0,0,
33,0,25,ZX_split,0.3649522462041307,5.47215568957775,0.9751213660359698,0.024878633964030228,12,13,0,12,0,7,6,0,0,
33,0,25,XYZ_split,0.3649522462041307,5.47215568957775,0.9227438837954804,0.07725611620451955,8,8,9,7,1,3,5,3,6,
33,0,25,RL_adaptive,0.3649522462041307,5.47215568957775,0.9840163263973382,0.01598367360266184,6,11,8,6,0,6,5,2,6,0.9840163263973382
33,0,50,Z_only,0.3649522462041307,5.47215568957775,0.9670704028916556,0.03292959710834442,50,0,0,49,1,0,0,0,0,
33,0,50,ZX_split,0.3649522462041307,5.47215568957775,0.9606955363669071,0.03930446363309292,25,25,0,23,2,12,13,0,0,
33,0,50,XYZ_split,0.3649522462041307,5.47215568957775,0.9951207102783972,0.004879289721602786,16,16,18,16,0,9,7,6,12,
33,0,50,RL_adaptive,0.3649522462041307,5.47215568957775,0.9972519335513848,0.0027480664486152495,18,17,15,18,0,10,7,6,9,0.9972519335513848
33,0,100,Z_only,0.3649522462041307,5.47215568957775,0.9670704028916556,0.03292959710834442,100,0,0,98,2,0,0,0,0,
33,0,100,ZX_split,0.3649522462041307,5.47215568957775,0.9810924917971103,0.018907508202889667,50,50,0,50,0,34,16,0,0,
33,0,100,XYZ_split,0.3649522462041307,5.47215568957775,0.994037042709398,0.005962957290602033,33,33,34,33,0,20,13,15,19,
33,0,100,RL_adaptive,0.3649522462041307,5.47215568957775,0.9974870744948803,0.002512925505119723,34,37,29,33,1,25,12,11,18,0.9974870744948803
33,0,250,Z_only,0.3649522462041307,5.47215568957775,0.9670704028916556,0.03292959710834442,250,0,0,240,10,0,0,0,0,
33,0,250,ZX_split,0.3649522462041307,5.47215568957775,0.9802941613428025,0.01970583865719755,125,125,0,118,7,71,54,0,0,
33,0,250,XYZ_split,0.3649522462041307,5.47215568957775,0.9955226164928249,0.004477383507175081,83,83,84,81,2,57,26,27,57,
33,0,250,RL_adaptive,0.3649522462041307,5.47215568957775,0.9951421675735638,0.004857832426436226,79,82,89,77,2,51,31,26,63,0.9951421675735638
33,0,500,Z_only,0.3649522462041307,5.47215568957775,0.9670704028916556,0.03292959710834442,500,0,0,480,20,0,0,0,0,
33,0,500,ZX_split,0.3649522462041307,5.47215568957775,0.9795762170115799,0.02042378298842007,250,250,0,239,11,170,80,0,0,
33,0,500,XYZ_split,0.3649522462041307,5.47215568957775,0.9988832333023028,0.0011167666976972246,166,166,168,163,3,110,56,60,108,
33,0,500,RL_adaptive,0.3649522462041307,5.47215568957775,0.9986021342733745,0.0013978657266254801,149,169,182,144,5,110,59,62,120,0.9986021342733745
33,1,10,Z_only,0.3649522462041307,5.47215568957775,0.9670704028916556,0.03292959710834442,10,0,0,10,0,0,0,0,0,
33,1,10,ZX_split,0.3649522462041307,5.47215568957775,0.9338956816506039,0.06610431834939612,5,5,0,5,0,2,3,0,0,
33,1,10,XYZ_split,0.3649522462041307,5.47215568957775,0.9042345041101479,0.09576549588985206,3,3,4,3,0,1,2,2,2,
33,1,10,RL_adaptive,0.3649522462041307,5.47215568957775,0.8800156094588661,0.11998439054113386,3,3,4,3,0,2,1,3,1,0.8800156094588661
33,1,25,Z_only,0.3649522462041307,5.47215568957775,0.9670704028916556,0.03292959710834442,25,0,0,24,1,0,0,0,0,
33,1,25,ZX_split,0.3649522462041307,5.47215568957775,0.9173278037920347,0.08267219620796529,12,13,0,11,1,5,8,0,0,
33,1,25,XYZ_split,0.3649522462041307,5.47215568957775,0.9265041973009679,0.07349580269903211,8,8,9,6,2,5,3,2,7,
33,1,25,RL_adaptive,0.3649522462041307,5.47215568957775,0.9600363914939064,0.039963608506093595,6,11,8,6,0,9,2,4,4,0.9600363914939064
33,1,50,Z_only,0.3649522462041307,5.47215568957775,0.9670704028916556,0.03292959710834442,50,0,0,50,0,0,0,0,0,
33,1,50,ZX_split,0.3649522462041307,5.47215568957775,0.9710973276991285,0.028902672300871513,25,25,0,25,0,19,6,0,0,
33,1,50,XYZ_split,0.3649522462041307,5.47215568957775,0.8857999756707249,0.11420002432927512,16,16,18,16,0,9,7,13,5,
33,1,50,RL_adaptive,0.3649522462041307,5.47215568957775,0.9840597420626626,0.015940257937337443,17,18,15,16,1,10,8,4,11,0.9840597420626626
33,1,100,Z_only,0.3649522462041307,5.47215568957775,0.9670704028916556,0.03292959710834442,100,0,0,96,4,0,0,0,0,
33,1,100,ZX_split,0.3649522462041307,5.47215568957775,0.9784147822300684,0.02158521776993161,50,50,0,49,1,35,15,0,0,
33,1,100,XYZ_split,0.3649522462041307,5.47215568957775,0.9958106080203994,0.004189391979600554,33,33,34,33,0,20,13,10,24,
33,1,100,RL_adaptive,0.3649522462041307,5.47215568957775,0.980578187485723,0.019421812514276993,33,38,29,30,3,27,11,8,21,0.980578187485723
33,1,250,Z_only,0.3649522462041307,5.47215568957775,0.9670704028916556,0.03292959710834442,250,0,0,244,6,0,0,0,0,
33,1,250,ZX_split,0.3649522462041307,5.47215568957775,0.9826469523196584,0.017353047680341627,125,125,0,117,8,79,46,0,0,
33,1,250,XYZ_split,0.3649522462041307,5.47215568957775,0.9968760900260643,0.0031239099739357457,83,83,84,80,3,47,36,31,53,
33,1,250,RL_adaptive,0.3649522462041307,5.47215568957775,0.9999203627075327,7.96372924672939e-05,80,80,90,78,2,50,30,34,56,0.9999203627075327
33,1,500,Z_only,0.3649522462041307,5.47215568957775,0.9670704028916556,0.03292959710834442,500,0,0,491,9,0,0,0,0,
33,1,500,ZX_split,0.3649522462041307,5.47215568957775,0.9826441394398405,0.017355860560159475,250,250,0,241,9,151,99,0,0,
33,1,500,XYZ_split,0.3649522462041307,5.47215568957775,0.9998946155287189,0.00010538447128105588,166,166,168,160,6,105,61,62,106,
33,1,500,RL_adaptive,0.3649522462041307,5.47215568957775,0.9968477077703232,0.003152292229676834,148,166,186,143,5,108,58,78,108,0.9968477077703232
33,2,10,Z_only,0.3649522462041307,5.47215568957775,0.9670704028916556,0.03292959710834442,10,0,0,9,1,0,0,0,0,
33,2,10,ZX_split,0.3649522462041307,5.47215568957775,0.9042345041101479,0.09576549588985206,5,5,0,4,1,2,3,0,0,
33,2,10,XYZ_split,0.3649522462041307,5.47215568957775,0.7659289820592926,0.2340710179407074,3,3,4,3,0,3,0,4,0,
33,2,10,RL_adaptive,0.3649522462041307,5.47215568957775,0.7660985164684437,0.23390148353155626,3,4,3,3,0,3,1,3,0,0.7660985164684437
33,2,25,Z_only,0.3649522462041307,5.47215568957775,0.9670704028916556,0.03292959710834442,25,0,0,24,1,0,0,0,0,
33,2,25,ZX_split,0.3649522462041307,5.47215568957775,0.9562679144603425,0.04373208553965746,12,13,0,12,0,6,7,0,0,
33,2,25,XYZ_split,0.3649522462041307,5.47215568957775,0.9809152481417679,0.019084751858232107,8,8,9,8,0,6,2,2,7,
33,2,25,RL_adaptive,0.3649522462041307,5.47215568957775,0.9590093016419324,0.04099069835806757,6,11,8,6,0,6,5,1,7,0.9590093016419324
33,2,50,Z_only,0.3649522462041307,5.47215568957775,0.9670704028916556,0.03292959710834442,50,0,0,48,2,0,0,0,0,
33,2,50,ZX_split,0.3649522462041307,5.47215568957775,0.9829120630527475,0.017087936947252524,25,25,0,25,0,16,9,0,0,
33,2,50,XYZ_split,0.3649522462041307,5.47215568957775,0.997213266431466,0.0027867335685339834,16,16,18,16,0,11,5,6,12,
33,2,50,RL_adaptive,0.3649522462041307,5.47215568957775,0.9937182860366882,0.006281713963311786,17,18,15,16,1,10,8,5,10,0.9937182860366882
33,2,100,Z_only,0.3649522462041307,5.47215568957775,0.9670704028916556,0.03292959710834442,100,0,0,97,3,0,0,0,0,
33,2,100,ZX_split,0.3649522462041307,5.47215568957775,0.9759620928671108,0.024037907132889225,50,50,0,48,2,27,23,0,0,
33,2,100,XYZ_split,0.3649522462041307,5.47215568957775,0.9843739024274836,0.01562609757251643,33,33,34,32,1,18,15,9,25,
33,2,100,RL_adaptive,0.3649522462041307,5.47215568957775,0.9973679543593352,0.0026320456406647708,34,37,29,32,2,24,13,12,17,0.9973679543593352
33,2,250,Z_only,0.3649522462041307,5.47215568957775,0.9670704028916556,0.03292959710834442,250,0,0,239,11,0,0,0,0,
33,2,250,ZX_split,0.3649522462041307,5.47215568957775,0.9819692763639285,0.0180307236360715,125,125,0,121,4,82,43,0,0,
33,2,250,XYZ_split,0.3649522462041307,5.47215568957775,0.9956186499281581,0.004381350071841927,83,83,84,80,3,48,35,27,57,
33,2,250,RL_adaptive,0.3649522462041307,5.47215568957775,0.9993992492753201,0.0006007507246799104,80,80,90,78,2,51,29,31,59,0.9993992492753201
33,2,500,Z_only,0.3649522462041307,5.47215568957775,0.9670704028916556,0.03292959710834442,500,0,0,485,15,0,0,0,0,
33,2,500,ZX_split,0.3649522462041307,5.47215568957775,0.9822615010361925,0.017738498963807525,250,250,0,243,7,163,87,0,0,
33,2,500,XYZ_split,0.3649522462041307,5.47215568957775,0.9891238732935363,0.010876126706463651,166,166,168,157,9,109,57,45,123,
33,2,500,RL_adaptive,0.3649522462041307,5.47215568957775,0.9976266943987679,0.0023733056012320564,148,170,182,144,4,98,72,65,117,0.9976266943987679
33,3,10,Z_only,0.3649522462041307,5.47215568957775,0.9670704028916556,0.03292959710834442,10,0,0,10,0,0,0,0,0,
33,3,10,ZX_split,0.3649522462041307,5.47215568957775,0.9338956816506039,0.06610431834939612,5,5,0,5,0,2,3,0,0,
33,3,10,XYZ_split,0.3649522462041307,5.47215568957775,0.8823061392924648,0.11769386070753518,3,3,4,3,0,1,2,0,4,
33,3,10,RL_adaptive,0.3649522462041307,5.47215568957775,0.9819692763639285,0.0180307236360715,3,3,4,3,0,2,1,2,2,0.9819692763639285
33,3,25,Z_only,0.3649522462041307,5.47215568957775,0.9670704028916556,0.03292959710834442,25,0,0,22,3,0,0,0,0,
33,3,25,ZX_split,0.3649522462041307,5.47215568957775,0.9800600355775219,0.01993996442247814,12,13,0,12,0,9,4,0,0,
33,3,25,XYZ_split,0.3649522462041307,5.47215568957775,0.9785010158644935,0.02149898413550655,8,8,9,8,0,4,4,4,5,
33,3,25,RL_adaptive,0.3649522462041307,5.47215568957775,0.919705104315571,0.08029489568442905,7,10,8,6,1,9,1,2,6,0.919705104315571
33,3,50,Z_only,0.3649522462041307,5.47215568957775,0.9670704028916556,0.03292959710834442,50,0,0,48,2,0,0,0,0,
33,3,50,ZX_split,0.3649522462041307,5.47215568957775,0.9719684084718887,0.0280315915281113,25,25,0,24,1,13,12,0,0,
33,3,50,XYZ_split,0.3649522462041307,5.47215568957775,0.9921485461802017,0.007851453819798349,16,16,18,15,1,9,7,8,10,
33,3,50,RL_adaptive,0.3649522462041307,5.47215568957775,0.9766256676772963,0.023374332322703695,17,18,15,17,0,10,8,3,12,0.9766256676772963
33,3,100,Z_only,0.3649522462041307,5.47215568957775,0.9670704028916556,0.03292959710834442,100,0,0,94,6,0,0,0,0,
33,3,100,ZX_split,0.3649522462041307,5.47215568957775,0.9826950275140549,0.01730497248594509,50,50,0,47,3,30,20,0,0,
33,3,100,XYZ_split,0.3649522462041307,5.47215568957775,0.9974509449087793,0.00254905509122072,33,33,34,32,1,19,14,12,22,
33,3,100,RL_adaptive,0.3649522462041307,5.47215568957775,0.9097009309980468,0.09029906900195317,34,38,28,34,0,29,9,19,9,0.9097009309980468
33,3,250,Z_only,0.3649522462041307,5.47215568957775,0.9670704028916556,0.03292959710834442,250,0,0,248,2,0,0,0,0,
33,3,250,ZX_split,0.3649522462041307,5.47215568957775,0.9813231163167081,0.0186768836832919,125,125,0,122,3,73,52,0,0,
33,3,250,XYZ_split,0.3649522462041307,5.47215568957775,0.9924809904489108,0.007519009551089195,83,83,84,79,4,59,24,30,54,
33,3,250,RL_adaptive,0.3649522462041307,5.47215568957775,0.9889905376234873,0.01100946237651268,83,75,92,83,0,54,21,40,52,0.9889905376234873
33,3,500,Z_only,0.3649522462041307,5.47215568957775,0.9670704028916556,0.03292959710834442,500,0,0,489,11,0,0,0,0,
33,3,500,ZX_split,0.3649522462041307,5.47215568957775,0.9828908551369722,0.017109144863027836,250,250,0,244,6,154,96,0,0,
33,3,500,XYZ_split,0.3649522462041307,5.47215568957775,0.9996198385600351,0.0003801614399648878,166,166,168,162,4,106,60,59,109,
33,3,500,RL_adaptive,0.3649522462041307,5.47215568957775,0.9961144253062907,0.003885574693709315,149,167,184,146,3,116,51,68,116,0.9961144253062907
33,4,10,Z_only,0.3649522462041307,5.47215568957775,0.9670704028916556,0.03292959710834442,10,0,0,10,0,0,0,0,0,
33,4,10,ZX_split,0.3649522462041307,5.47215568957775,0.9637459652897086,0.03625403471029143,5,5,0,5,0,4,1,0,0,
33,4,10,XYZ_split,0.3649522462041307,5.47215568957775,0.9206765097839715,0.07932349021602847,3,3,4,3,0,1,2,1,3,
33,4,10,RL_adaptive,0.3649522462041307,5.47215568957775,0.9909104908458025,0.009089509154197484,3,3,4,3,0,2,1,1,3,0.9909104908458025
33,4,25,Z_only,0.3649522462041307,5.47215568957775,0.9670704028916556,0.03292959710834442,25,0,0,24,1,0,0,0,0,
33,4,25,ZX_split,0.3649522462041307,5.47215568957775,0.9590050754742566,0.04099492452574338,12,13,0,11,1,10,3,0,0,
33,4,25,XYZ_split,0.3649522462041307,5.47215568957775,0.971124192273127,0.028875807726873037,8,8,9,8,0,4,4,2,7,
33,4,25,RL_adaptive,0.3649522462041307,5.47215568957775,0.9760655366759295,0.023934463324070454,6,11,8,6,0,8,3,4,4,0.9760655366759295
33,4,50,Z_only,0.3649522462041307,5.47215568957775,0.9670704028916556,0.03292959710834442,50,0,0,49,1,0,0,0,0,
33,4,50,ZX_split,0.3649522462041307,5.47215568957775,0.9826205737332547,0.017379426266745268,25,25,0,24,1,16,9,0,0,
33,4,50,XYZ_split,0.3649522462041307,5.47215568957775,0.9979041084140853,0.002095891585914722,16,16,18,15,1,10,6,6,12,
33,4,50,RL_adaptive,0.3649522462041307,5.47215568957775,0.9892736492164435,0.010726350783556549,17,18,15,17,0,13,5,4,11,0.9892736492164435
33,4,100,Z_only,0.3649522462041307,5.47215568957775,0.9670704028916556,0.03292959710834442,100,0,0,97,3,0,0,0,0,
33,4,100,ZX_split,0.3649522462041307,5.47215568957775,0.9826205737332547,0.017379426266745268,50,50,0,48,2,32,18,0,0,
33,4,100,XYZ_split,0.3649522462041307,5.47215568957775,0.9904673839076503,0.009532616092349677,33,33,34,32,1,20,13,9,25,
33,4,100,RL_adaptive,0.3649522462041307,5.47215568957775,0.9905042366279663,0.009495763372033728,34,37,29,34,0,20,17,9,20,0.9905042366279663
33,4,250,Z_only,0.3649522462041307,5.47215568957775,0.9670704028916556,0.03292959710834442,250,0,0,241,9,0,0,0,0,
33,4,250,ZX_split,0.3649522462041307,5.47215568957775,0.9829708400408795,0.017029159959120466,125,125,0,121,4,78,47,0,0,
33,4,250,XYZ_split,0.3649522462041307,5.47215568957775,0.9977337659273255,0.0022662340726744556,83,83,84,82,1,50,33,27,57,
33,4,250,RL_adaptive,0.3649522462041307,5.47215568957775,0.9987830676718265,0.0012169323281735478,82,78,90,78,4,51,27,34,56,0.9987830676718265
33,4,500,Z_only,0.3649522462041307,5.47215568957775,0.9670704028916556,0.03292959710834442,500,0,0,479,21,0,0,0,0,
33,4,500,ZX_split,0.3649522462041307,5.47215568957775,0.9827992557045784,0.01720074429542162,250,250,0,240,10,152,98,0,0,
33,4,500,XYZ_split,0.3649522462041307,5.47215568957775,0.999491911817763,0.0005080881822370209,166,166,168,162,4,100,66,63,105,
33,4,500,RL_adaptive,0.3649522462041307,5.47215568957775,0.9978571999393276,0.0021428000606723563,148,167,185,141,7,100,67,77,108,0.9978571999393276
34,0,10,Z_only,2.634995146680256,3.3811210335117656,0.9372002361456745,0.06279976385432551,10,0,0,0,10,0,0,0,0,
34,0,10,ZX_split,2.634995146680256,3.3811210335117656,0.9749299992118635,0.02507000078813648,5,5,0,0,5,2,3,0,0,
34,0,10,XYZ_split,2.634995146680256,3.3811210335117656,0.989291905252293,0.010708094747706953,3,3,4,0,3,1,2,2,2,
34,0,10,RL_adaptive,2.634995146680256,3.3811210335117656,0.8682712042540011,0.13172879574599894,3,3,4,1,2,1,2,1,3,0.8682712042540011
34,0,25,Z_only,2.634995146680256,3.3811210335117656,0.9372002361456745,0.06279976385432551,25,0,0,2,23,0,0,0,0,
34,0,25,ZX_split,2.634995146680256,3.3811210335117656,0.9926617278003304,0.007338272199669649,12,13,0,0,12,4,9,0,0,
34,0,25,XYZ_split,2.634995146680256,3.3811210335117656,0.9732158121296822,0.026784187870317777,8,8,9,1,7,3,5,3,6,
34,0,25,RL_adaptive,2.634995146680256,3.3811210335117656,0.9517441398772198,0.04825586012278016,9,9,7,0,9,2,7,1,6,0.9517441398772198
34,0,50,Z_only,2.634995146680256,3.3811210335117656,0.9372002361456745,0.06279976385432551,50,0,0,2,48,0,0,0,0,
34,0,50,ZX_split,2.634995146680256,3.3811210335117656,0.9957853535225744,0.004214646477425643,25,25,0,2,23,6,19,0,0,
34,0,50,XYZ_split,2.634995146680256,3.3811210335117656,0.9960545489842142,0.003945451015785806,16,16,18,1,15,3,13,8,10,
34,0,50,RL_adaptive,2.634995146680256,3.3811210335117656,0.9587836122289115,0.04121638777108849,18,17,15,2,16,2,15,9,6,0.9587836122289115
34,0,100,Z_only,2.634995146680256,3.3811210335117656,0.9372002361456745,0.06279976385432551,100,0,0,6,94,0,0,0,0,
34,0,100,ZX_split,2.634995146680256,3.3811210335117656,0.9964413588070264,0.003558641192973555,50,50,0,3,47,14,36,0,0,
34,0,100,XYZ_split,2.634995146680256,3.3811210335117656,0.9920525372310999,0.007947462768900126,33,33,34,2,31,7,26,12,22,
34,0,100,RL_adaptive,2.634995146680256,3.3811210335117656,0.9940933136507587,0.005906686349241297,28,40,32,2,26,12,28,12,20,0.9940933136507587
34,0,250,Z_only,2.634995146680256,3.3811210335117656,0.9372002361456745,0.06279976385432551,250,0,0,19,231,0,0,0,0,
34,0,250,ZX_split,2.634995146680256,3.3811210335117656,0.9963386963516956,0.003661303648304415,125,125,0,14,111,34,91,0,0,
34,0,250,XYZ_split,2.634995146680256,3.3811210335117656,0.9938901105633433,0.00610988943665669,83,83,84,12,71,19,64,38,46,
34,0,250,RL_adaptive,2.634995146680256,3.3811210335117656,0.9987253249063935,0.0012746750936064588,91,88,71,7,84,24,64,34,37,0.9987253249063935
34,0,500,Z_only,2.634995146680256,3.3811210335117656,0.9372002361456745,0.06279976385432551,500,0,0,28,472,0,0,0,0,
34,0,500,ZX_split,2.634995146680256,3.3811210335117656,0.9966751635954051,0.003324836404594911,250,250,0,15,235,66,184,0,0,
34,0,500,XYZ_split,2.634995146680256,3.3811210335117656,0.998910494630271,0.0010895053697289603,166,166,168,9,157,49,117,76,92,
34,0,500,RL_adaptive,2.634995146680256,3.3811210335117656,0.9995630593865464,0.0004369406134535625,131,184,185,6,125,51,133,80,105,0.9995630593865464
34,1,10,Z_only,2.634995146680256,3.3811210335117656,0.9372002361456745,0.06279976385432551,10,0,0,0,10,0,0,0,0,
34,1,10,ZX_split,2.634995146680256,3.3811210335117656,0.9961504899082527,0.003849510091747277,5,5,0,0,5,1,4,0,0,
34,1,10,XYZ_split,2.634995146680256,3.3811210335117656,0.9667460026564799,0.03325399734352008,3,3,4,0,3,1,2,1,3,
34,1,10,RL_adaptive,2.634995146680256,3.3811210335117656,0.8552553352489597,0.1447446647510403,2,3,5,0,2,0,3,5,0,0.8552553352489597
34,1,25,Z_only,2.634995146680256,3.3811210335117656,0.9372002361456745,0.06279976385432551,25,0,0,3,22,0,0,0,0,
34,1,25,ZX_split,2.634995146680256,3.3811210335117656,0.9966761951621061,0.003323804837893851,12,13,0,0,12,3,10,0,0,
34,1,25,XYZ_split,2.634995146680256,3.3811210335117656,0.9284930721789091,0.07150692782109092,8,8,9,1,7,3,5,6,3,
34,1,25,RL_adaptive,2.634995146680256,3.3811210335117656,0.9549151873914262,0.04508481260857378,10,9,6,0,10,0,9,1,5,0.9549151873914262
34,1,50,Z_only,2.634995146680256,3.3811210335117656,0.9372002361456745,0.06279976385432551,50,0,0,2,48,0,0,0,0,
34,1,50,ZX_split,2.634995146680256,3.3811210335117656,0.9930197997684519,0.006980200231548106,25,25,0,1,24,8,17,0,0,
34,1,50,XYZ_split,2.634995146680256,3.3811210335117656,0.9792026410197496,0.02079735898025037,16,16,18,2,14,2,14,8,10,
34,1,50,RL_adaptive,2.634995146680256,3.3811210335117656,0.9927795456204263,0.007220454379573749,17,18,15,0,17,2,16,6,9,0.9927795456204263
34,1,100,Z_only,2.634995146680256,3.3811210335117656,0.9372002361456745,0.06279976385432551,100,0,0,8,92,0,0,0,0,
34,1,100,ZX_split,2.634995146680256,3.3811210335117656,0.9956531699532521,0.0043468300467478516,50,50,0,1,49,10,40,0,0,
34,1,100,XYZ_split,2.634995146680256,3.3811210335117656,0.9498578321467253,0.050142167853274744,33,33,34,6,27,12,21,21,13,
34,1,100,RL_adaptive,2.634995146680256,3.3811210335117656,0.9915587061930806,0.008441293806919381,27,41,32,0,27,13,28,16,16,0.9915587061930806
34,1,250,Z_only,2.634995146680256,3.3811210335117656,0.9372002361456745,0.06279976385432551,250,0,0,16,234,0,0,0,0,
34,1,250,ZX_split,2.634995146680256,3.3811210335117656,0.9966142111721455,0.0033857888278544523,125,125,0,8,117,32,93,0,0,
34,1,250,XYZ_split,2.634995146680256,3.3811210335117656,0.999405579519781,0.0005944204802189601,83,83,84,8,75,22,61,36,48,
34,1,250,RL_adaptive,2.634995146680256,3.3811210335117656,0.9856981424747268,0.014301857525273243,91,87,72,10,81,24,63,40,32,0.9856981424747268
34,1,500,Z_only,2.634995146680256,3.3811210335117656,0.9372002361456745,0.06279976385432551,500,0,0,34,466,0,0,0,0,
34,1,500,ZX_split,2.634995146680256,3.3811210335117656,0.9966535633842125,0.0033464366157874847,250,250,0,13,237,66,184,0,0,
34,1,500,XYZ_split,2.634995146680256,3.3811210335117656,0.9998788836394866,0.0001211163605133736,166,166,168,10,156,42,124,73,95,
34,1,500,RL_adaptive,2.634995146680256,3.3811210335117656,0.9988253247428037,0.0011746752571962782,131,184,185,7,124,54,130,79,106,0.9988253247428037
34,2,10,Z_only,2.634995146680256,3.3811210335117656,0.9372002361456745,0.06279976385432551,10,0,0,0,10,0,0,0,0,
34,2,10,ZX_split,2.634995146680256,3.3811210335117656,0.8824902067320473,0.11750979326795274,5,5,0,0,5,3,2,0,0,
34,2,10,XYZ_split,2.634995146680256,3.3811210335117656,0.9667460026564799,0.03325399734352008,3,3,4,0,3,1,2,1,3,
34,2,10,RL_adaptive,2.634995146680256,3.3811210335117656,0.9914446164867465,0.008555383513253467,2,3,5,0,2,1,2,2,3,0.9914446164867465
34,2,25,Z_only,2.634995146680256,3.3811210335117656,0.9372002361456745,0.06279976385432551,25,0,0,0,25,0,0,0,0,
34,2,25,ZX_split,2.634995146680256,3.3811210335117656,0.9539879923051179,0.04601200769488212,12,13,0,0,12,6,7,0,0,
34,2,25,XYZ_split,2.634995146680256,3.3811210335117656,0.8385757027517574,0.1614242972482426,8,8,9,2,6,2,6,7,2,
34,2,25,RL_adaptive,2.634995146680256,3.3811210335117656,0.9742391089868131,0.025760891013186904,10,9,6,1,9,1,8,2,4,0.9742391089868131
34,2,50,Z_only,2.634995146680256,3.3811210335117656,0.9372002361456745,0.06279976385432551,50,0,0,2,48,0,0,0,0,
34,2,50,ZX_split,2.634995146680256,3.3811210335117656,0.9479153571151745,0.052084642884825505,25,25,0,2,23,12,13,0,0,
34,2,50,XYZ_split,2.634995146680256,3.3811210335117656,0.9981368694170343,0.0018631305829657219,16,16,18,0,16,4,12,7,11,
34,2,50,RL_adaptive,2.634995146680256,3.3811210335117656,0.9905163611710021,0.009483638828997942,17,18,15,0,17,5,13,5,10,0.9905163611710021
34,2,100,Z_only,2.634995146680256,3.3811210335117656,0.9372002361456745,0.06279976385432551,100,0,0,8,92,0,0,0,0,
34,2,100,ZX_split,2.634995146680256,3.3811210335117656,0.9965764398983216,0.0034235601016784356,50,50,0,2,48,12,38,0,0,
34,2,100,XYZ_split,2.634995146680256,3.3811210335117656,0.9974484595073672,0.002551540492632842,33,33,34,1,32,8,25,13,21,
34,2,100,RL_adaptive,2.634995146680256,3.3811210335117656,0.9952621642381698,0.004737835761830178,28,40,32,2,26,11,29,12,20,0.9952621642381698
34,2,250,Z_only,2.634995146680256,3.3811210335117656,0.9372002361456745,0.06279976385432551,250,0,0,17,233,0,0,0,0,
34,2,250,ZX_split,2.634995146680256,3.3811210335117656,0.9965363457346774,0.00346365426532258,125,125,0,9,116,32,93,0,0,
34,2,250,XYZ_split,2.634995146680256,3.3811210335117656,0.9974789578326484,0.002521042167351606,83,83,84,6,77,18,65,35,49,
34,2,250,RL_adaptive,2.634995146680256,3.3811210335117656,0.9986902450236497,0.0013097549763503302,91,89,70,7,84,22,67,33,37,0.9986902450236497
34,2,500,Z_only,2.634995146680256,3.3811210335117656,0.9372002361456745,0.06279976385432551,500,0,0,26,474,0,0,0,0,
34,2,500,ZX_split,2.634995146680256,3.3811210335117656,0.9962988863926467,0.003701113607353257,250,250,0,20,230,63,187,0,0,
34,2,500,XYZ_split,2.634995146680256,3.3811210335117656,0.9996074398930153,0.00039256010698474064,166,166,168,16,150,46,120,72,96,
34,2,500,RL_adaptive,2.634995146680256,3.3811210335117656,0.9990900987727547,0.0009099012272453244,131,184,185,10,121,44,140,80,105,0.9990900987727547
34,3,10,Z_only,2.634995146680256,3.3811210335117656,0.9372002361456745,0.06279976385432551,10,0,0,2,8,0,0,0,0,
34,3,10,ZX_split,2.634995146680256,3.3811210335117656,0.9961504899082527,0.003849510091747277,5,5,0,0,5,1,4,0,0,
34,3,10,XYZ_split,2.634995146680256,3.3811210335117656,0.9677696255521626,0.032230374447837384,3,3,4,0,3,0,3,1,3,
34,3,10,RL_adaptive,2.634995146680256,3.3811210335117656,0.9791671691264578,0.020832830873542152,2,3,5,0,2,0,3,2,3,0.9791671691264578
34,3,25,Z_only,2.634995146680256,3.3811210335117656,0.9372002361456745,0.06279976385432551,25,0,0,1,24,0,0,0,0,
34,3,25,ZX_split,2.634995146680256,3.3811210335117656,0.9926617278003304,0.007338272199669649,12,13,0,0,12,4,9,0,0,
34,3,25,XYZ_split,2.634995146680256,3.3811210335117656,0.9921917246801142,0.007808275319885816,8,8,9,0,8,2,6,3,6,
34,3,25,RL_adaptive,2.634995146680256,3.3811210335117656,0.992589070418404,0.007410929581595949,9,9,7,0,9,3,6,3,4,0.992589070418404
34,3,50,Z_only,2.634995146680256,3.3811210335117656,0.9372002361456745,0.06279976385432551,50,0,0,2,48,0,0,0,0,
34,3,50,ZX_split,2.634995146680256,3.3811210335117656,0.9966411398062126,0.003358860193787394,25,25,0,2,23,7,18,0,0,
34,3,50,XYZ_split,2.634995146680256,3.3811210335117656,0.9424802733422278,0.05751972665777216,16,16,18,2,14,1,15,4,14,
34,3,50,RL_adaptive,2.634995146680256,3.3811210335117656,0.983875343579841,0.016124656420159034,17,18,15,0,17,6,12,5,10,0.983875343579841
34,3,100,Z_only,2.634995146680256,3.3811210335117656,0.9372002361456745,0.06279976385432551,100,0,0,4,96,0,0,0,0,
34,3,100,ZX_split,2.634995146680256,3.3811210335117656,0.9965764398983216,0.0034235601016784356,50,50,0,2,48,12,38,0,0,
34,3,100,XYZ_split,2.634995146680256,3.3811210335117656,0.99217566169599,0.00782433830400997,33,33,34,1,32,9,24,18,16,
34,3,100,RL_adaptive,2.634995146680256,3.3811210335117656,0.999114219277958,0.00088578072204204,28,40,32,2,26,12,28,14,18,0.999114219277958
34,3,250,Z_only,2.634995146680256,3.3811210335117656,0.9372002361456745,0.06279976385432551,250,0,0,16,234,0,0,0,0,
34,3,250,ZX_split,2.634995146680256,3.3811210335117656,0.9962418763872414,0.0037581236127586237,125,125,0,8,117,36,89,0,0,
34,3,250,XYZ_split,2.634995146680256,3.3811210335117656,0.9963942531752954,0.003605746824704603,83,83,84,1,82,15,68,32,52,
34,3,250,RL_adaptive,2.634995146680256,3.3811210335117656,0.9996971653895635,0.0003028346104364532,92,88,70,5,87,24,64,30,40,0.9996971653895635
34,3,500,Z_only,2.634995146680256,3.3811210335117656,0.9372002361456745,0.06279976385432551,500,0,0,30,470,0,0,0,0,
34,3,500,ZX_split,2.634995146680256,3.3811210335117656,0.9962330244443137,0.0037669755556862805,250,250,0,20,230,74,176,0,0,
34,3,500,XYZ_split,2.634995146680256,3.3811210335117656,0.9962222498684868,0.003777750131513158,166,166,168,13,153,39,127,83,85,
34,3,500,RL_adaptive,2.634995146680256,3.3811210335117656,0.9945631263800956,0.005436873619904414,131,186,183,13,118,45,141,70,113,0.9945631263800956
34,4,10,Z_only,2.634995146680256,3.3811210335117656,0.9372002361456745,0.06279976385432551,10,0,0,0,10,0,0,0,0,
34,4,10,ZX_split,2.634995146680256,3.3811210335117656,0.9757954575545803,0.024204542445419697,5,5,0,0,5,0,5,0,0,
34,4,10,XYZ_split,2.634995146680256,3.3811210335117656,0.8945824804824962,0.10541751951750378,3,3,4,0,3,1,2,0,4,
34,4,10,RL_adaptive,2.634995146680256,3.3811210335117656,0.9757954575545803,0.024204542445419697,3,3,4,1,2,1,2,2,2,0.9757954575545803
34,4,25,Z_only,2.634995146680256,3.3811210335117656,0.9372002361456745,0.06279976385432551,25,0,0,0,25,0,0,0,0,
34,4,25,ZX_split,2.634995146680256,3.3811210335117656,0.9868919159386563,0.013108084061343672,12,13,0,1,11,2,11,0,0,
34,4,25,XYZ_split,2.634995146680256,3.3811210335117656,0.9978290266135785,0.002170973386421471,8,8,9,1,7,2,6,4,5,
34,4,25,RL_adaptive,2.634995146680256,3.3811210335117656,0.8890650854600362,0.11093491453996385,8,10,7,3,5,2,8,3,4,0.8890650854600362
34,4,50,Z_only,2.634995146680256,3.3811210335117656,0.9372002361456745,0.06279976385432551,50,0,0,5,45,0,0,0,0,
34,4,50,ZX_split,2.634995146680256,3.3811210335117656,0.9961504899082525,0.003849510091747499,25,25,0,5,20,8,17,0,0,
34,4,50,XYZ_split,2.634995146680256,3.3811210335117656,0.9680939902348588,0.03190600976514124,16,16,18,0,16,1,15,11,7,
34,4,50,RL_adaptive,2.634995146680256,3.3811210335117656,0.9905163611710021,0.009483638828997942,17,18,15,0,17,5,13,5,10,0.9905163611710021
34,4,100,Z_only,2.634995146680256,3.3811210335117656,0.9372002361456745,0.06279976385432551,100,0,0,2,98,0,0,0,0,
34,4,100,ZX_split,2.634995146680256,3.3811210335117656,0.9964413588070264,0.003558641192973555,50,50,0,3,47,14,36,0,0,
34,4,100,XYZ_split,2.634995146680256,3.3811210335117656,0.993359702461428,0.006640297538571982,33,33,34,1,32,11,22,14,20,
34,4,100,RL_adaptive,2.634995146680256,3.3811210335117656,0.9842642920427501,0.015735707957249878,27,41,32,0,27,12,29,18,14,0.9842642920427501
34,4,250,Z_only,2.634995146680256,3.3811210335117656,0.9372002361456745,0.06279976385432551,250,0,0,22,228,0,0,0,0,
34,4,250,ZX_split,2.634995146680256,3.3811210335117656,0.995876969122718,0.004123030877282052,125,125,0,8,117,29,96,0,0,
34,4,250,XYZ_split,2.634995146680256,3.3811210335117656,0.9995241938197421,0.00047580618025788723,83,83,84,3,80,19,64,38,46,
34,4,250,RL_adaptive,2.634995146680256,3.3811210335117656,0.9980471277819849,0.0019528722180151004,93,86,71,5,88,26,60,33,38,0.9980471277819849
34,4,500,Z_only,2.634995146680256,3.3811210335117656,0.9372002361456745,0.06279976385432551,500,0,0,33,467,0,0,0,0,
34,4,500,ZX_split,2.634995146680256,3.3811210335117656,0.9964468770553592,0.0035531229446408297,250,250,0,11,239,59,191,0,0,
34,4,500,XYZ_split,2.634995146680256,3.3811210335117656,0.9985213956788472,0.0014786043211527655,166,166,168,7,159,36,130,78,90,
34,4,500,RL_adaptive,2.634995146680256,3.3811210335117656,0.9998312992124291,0.000168700787570919,130,185,185,2,128,44,141,78,107,0.9998312992124291
35,0,10,Z_only,2.6314071148243636,6.198588349378246,0.9363269584103096,0.06367304158969045,10,0,0,0,10,0,0,0,0,
35,0,10,ZX_split,2.6314071148243636,6.198588349378246,0.7489723219116764,0.2510276780883236,5,5,0,0,5,1,4,0,0,
35,0,10,XYZ_split,2.6314071148243636,6.198588349378246,0.42313731208952154,0.5768626879104785,3,3,4,2,1,2,1,4,0,
35,0,10,RL_adaptive,2.6314071148243636,6.198588349378246,0.9787204876606462,0.021279512339353768,2,3,5,0,2,3,0,2,3,0.9787204876606462
35,0,25,Z_only,2.6314071148243636,6.198588349378246,0.9363269584103096,0.06367304158969045,25,0,0,4,21,0,0,0,0,
35,0,25,ZX_split,2.6314071148243636,6.198588349378246,0.9985189776066763,0.0014810223933237054,12,13,0,1,11,10,3,0,0,
35,0,25,XYZ_split,2.6314071148243636,6.198588349378246,0.991268503508176,0.008731496491824031,8,8,9,0,8,7,1,5,4,
35,0,25,RL_adaptive,2.6314071148243636,6.198588349378246,0.8670455934669502,0.1329544065330498,10,8,7,0,10,4,4,1,6,0.8670455934669502
35,0,50,Z_only,2.6314071148243636,6.198588349378246,0.9363269584103096,0.06367304158969045,50,0,0,2,48,0,0,0,0,
35,0,50,ZX_split,2.6314071148243636,6.198588349378246,0.9983770611805732,0.0016229388194267669,25,25,0,1,24,20,5,0,0,
35,0,50,XYZ_split,2.6314071148243636,6.198588349378246,0.9757870345590639,0.024212965440936096,16,16,18,1,15,11,5,6,12,
35,0,50,RL_adaptive,2.6314071148243636,6.198588349378246,0.9948952738312101,0.005104726168789875,18,17,15,2,16,13,4,8,7,0.9948952738312101
35,0,100,Z_only,2.6314071148243636,6.198588349378246,0.9363269584103096,0.06367304158969045,100,0,0,6,94,0,0,0,0,
35,0,100,ZX_split,2.6314071148243636,6.198588349378246,0.9823073675090589,0.017692632490941107,50,50,0,1,49,31,19,0,0,
35,0,100,XYZ_split,2.6314071148243636,6.198588349378246,0.9908731707513894,0.009126829248610635,33,33,34,0,33,22,11,17,17,
35,0,100,RL_adaptive,2.6314071148243636,6.198588349378246,0.9801054060173039,0.019894593982696107,27,41,32,1,26,26,15,18,14,0.9801054060173039
35,0,250,Z_only,2.6314071148243636,6.198588349378246,0.9363269584103096,0.06367304158969045,250,0,0,27,223,0,0,0,0,
35,0,250,ZX_split,2.6314071148243636,6.198588349378246,0.9983473171756344,0.0016526828243655922,125,125,0,6,119,89,36,0,0,
35,0,250,XYZ_split,2.6314071148243636,6.198588349378246,0.9997297908968884,0.00027020910311159607,83,83,84,3,80,62,21,39,45,
35,0,250,RL_adaptive,2.6314071148243636,6.198588349378246,0.9984568877677469,0.0015431122322531188,108,64,78,10,98,49,15,36,42,0.9984568877677469
35,0,500,Z_only,2.6314071148243636,6.198588349378246,0.9363269584103096,0.06367304158969045,500,0,0,33,467,0,0,0,0,
35,0,500,ZX_split,2.6314071148243636,6.198588349378246,0.9989837423789981,0.0010162576210018814,250,250,0,14,236,180,70,0,0,
35,0,500,XYZ_split,2.6314071148243636,6.198588349378246,0.9958592171327386,0.004140782867261383,166,166,168,10,156,134,32,73,95,
35,0,500,RL_adaptive,2.6314071148243636,6.198588349378246,0.9977004274811119,0.0022995725188881266,137,174,189,15,122,130,44,84,105,0.9977004274811119
35,1,10,Z_only,2.6314071148243636,6.198588349378246,0.9363269584103096,0.06367304158969045,10,0,0,0,10,0,0,0,0,
35,1,10,ZX_split,2.6314071148243636,6.198588349378246,0.9755681307356169,0.02443186926438312,5,5,0,0,5,3,2,0,0,
35,1,10,XYZ_split,2.6314071148243636,6.198588349378246,0.8446772756910108,0.1553227243089892,3,3,4,1,2,2,1,1,3,
35,1,10,RL_adaptive,2.6314071148243636,6.198588349378246,0.9787204876606462,0.021279512339353768,2,3,5,0,2,3,0,2,3,0.9787204876606462
35,1,25,Z_only,2.6314071148243636,6.198588349378246,0.9363269584103096,0.06367304158969045,25,0,0,1,24,0,0,0,0,
35,1,25,ZX_split,2.6314071148243636,6.198588349378246,0.9972313492816618,0.002768650718338206,12,13,0,0,12,11,2,0,0,
35,1,25,XYZ_split,2.6314071148243636,6.198588349378246,0.9841590942692251,0.0158409057307749,8,8,9,0,8,6,2,3,6,
35,1,25,RL_adaptive,2.6314071148243636,6.198588349378246,0.998279709268124,0.001720290731875962,9,9,7,0,9,7,2,3,4,0.998279709268124
35,1,50,Z_only,2.6314071148243636,6.198588349378246,0.9363269584103096,0.06367304158969045,50,0,0,4,46,0,0,0,0,
35,1,50,ZX_split,2.6314071148243636,6.198588349378246,0.9641297475023551,0.03587025249764486,25,25,0,1,24,14,11,0,0,
35,1,50,XYZ_split,2.6314071148243636,6.198588349378246,0.9949218987030615,0.005078101296938531,16,16,18,0,16,14,2,8,10,
35,1,50,RL_adaptive,2.6314071148243636,6.198588349378246,0.9942449189918864,0.005755081008113616,18,17,15,2,16,11,6,7,8,0.9942449189918864
35,1,100,Z_only,2.6314071148243636,6.198588349378246,0.9363269584103096,0.06367304158969045,100,0,0,9,91,0,0,0,0,
35,1,100,ZX_split,2.6314071148243636,6.198588349378246,0.993555234923217,0.006444765076783043,50,50,0,2,48,43,7,0,0,
35,1,100,XYZ_split,2.6314071148243636,6.198588349378246,0.9995617282439135,0.0004382717560864613,33,33,34,1,32,25,8,17,17,
35,1,100,RL_adaptive,2.6314071148243636,6.198588349378246,0.9918157454495014,0.008184254550498649,27,41,32,2,25,29,12,18,14,0.9918157454495014
35,1,250,Z_only,2.6314071148243636,6.198588349378246,0.9363269584103096,0.06367304158969045,250,0,0,15,235,0,0,0,0,
35,1,250,ZX_split,2.6314071148243636,6.198588349378246,0.9988098932420313,0.001190106757968712,125,125,0,4,121,91,34,0,0,
35,1,250,XYZ_split,2.6314071148243636,6.198588349378246,0.9989408020757943,0.0010591979242057237,83,83,84,4,79,60,23,42,42,
35,1,250,RL_adaptive,2.6314071148243636,6.198588349378246,0.9989758405167325,0.001024159483267506,109,65,76,2,107,48,17,38,38,0.9989758405167325
35,1,500,Z_only,2.6314071148243636,6.198588349378246,0.9363269584103096,0.06367304158969045,500,0,0,38,462,0,0,0,0,
35,1,500,ZX_split,2.6314071148243636,6.198588349378246,0.9980794463998468,0.0019205536001531964,250,250,0,12,238,177,73,0,0,
35,1,500,XYZ_split,2.6314071148243636,6.198588349378246,0.9967472129161785,0.0032527870838214845,166,166,168,11,155,119,47,72,96,
35,1,500,RL_adaptive,2.6314071148243636,6.198588349378246,0.9995927297496278,0.0004072702503722381,135,174,191,5,130,128,46,90,101,0.9995927297496278
35,2,10,Z_only,2.6314071148243636,6.198588349378246,0.9363269584103096,0.06367304158969045,10,0,0,1,9,0,0,0,0,
35,2,10,ZX_split,2.6314071148243636,6.198588349378246,0.9755681307356169,0.02443186926438312,5,5,0,0,5,3,2,0,0,
35,2,10,XYZ_split,2.6314071148243636,6.198588349378246,0.7586842749976547,0.24131572500234533,3,3,4,0,3,1,2,0,4,
35,2,10,RL_adaptive,2.6314071148243636,6.198588349378246,0.9368103996043707,0.06318960039562926,2,3,5,0,2,2,1,1,4,0.9368103996043707
35,2,25,Z_only,2.6314071148243636,6.198588349378246,0.9363269584103096,0.06367304158969045,25,0,0,1,24,0,0,0,0,
35,2,25,ZX_split,2.6314071148243636,6.198588349378246,0.9854321057260291,0.014567894273970872,12,13,0,1,11,8,5,0,0,
35,2,25,XYZ_split,2.6314071148243636,6.198588349378246,0.9548344076361984,0.04516559236380158,8,8,9,0,8,8,0,2,7,
35,2,25,RL_adaptive,2.6314071148243636,6.198588349378246,0.9205030215086828,0.0794969784913172,9,9,7,2,7,8,1,2,5,0.9205030215086828
35,2,50,Z_only,2.6314071148243636,6.198588349378246,0.9363269584103096,0.06367304158969045,50,0,0,4,46,0,0,0,0,
35,2,50,ZX_split,2.6314071148243636,6.198588349378246,0.9932227261900399,0.0067772738099600716,25,25,0,3,22,20,5,0,0,
35,2,50,XYZ_split,2.6314071148243636,6.198588349378246,0.9561468278184289,0.04385317218157114,16,16,18,0,16,12,4,13,5,
35,2,50,RL_adaptive,2.6314071148243636,6.198588349378246,0.9509893756295316,0.049010624370468436,18,17,15,2,16,15,2,4,11,0.9509893756295316
35,2,100,Z_only,2.6314071148243636,6.198588349378246,0.9363269584103096,0.06367304158969045,100,0,0,8,92,0,0,0,0,
35,2,100,ZX_split,2.6314071148243636,6.198588349378246,0.9980025275675147,0.00199747243248527,50,50,0,1,49,41,9,0,0,
35,2,100,XYZ_split,2.6314071148243636,6.198588349378246,0.9809418391029213,0.01905816089707868,33,33,34,5,28,28,5,16,18,
35,2,100,RL_adaptive,2.6314071148243636,6.198588349378246,0.9929278868160162,0.007072113183983819,26,42,32,1,25,35,7,13,19,0.9929278868160162
35,2,250,Z_only,2.6314071148243636,6.198588349378246,0.9363269584103096,0.06367304158969045,250,0,0,21,229,0,0,0,0,
35,2,250,ZX_split,2.6314071148243636,6.198588349378246,0.9985774977138949,0.0014225022861050762,125,125,0,12,113,95,30,0,0,
35,2,250,XYZ_split,2.6314071148243636,6.198588349378246,0.9969319998664148,0.0030680001335852136,83,83,84,3,80,62,21,45,39,
35,2,250,RL_adaptive,2.6314071148243636,6.198588349378246,0.9921185101301702,0.007881489869829839,107,65,78,10,97,48,17,44,34,0.9921185101301702
35,2,500,Z_only,2.6314071148243636,6.198588349378246,0.9363269584103096,0.06367304158969045,500,0,0,28,472,0,0,0,0,
35,2,500,ZX_split,2.6314071148243636,6.198588349378246,0.9994174568746255,0.000582543125374535,250,250,0,15,235,190,60,0,0,
35,2,500,XYZ_split,2.6314071148243636,6.198588349378246,0.9999505399965913,4.946000340866341e-05,166,166,168,11,155,122,44,80,88,
35,2,500,RL_adaptive,2.6314071148243636,6.198588349378246,0.9977353043564493,0.002264695643550696,137,171,192,8,129,137,34,95,97,0.9977353043564493
35,3,10,Z_only,2.6314071148243636,6.198588349378246,0.9363269584103096,0.06367304158969045,10,0,0,0,10,0,0,0,0,
35,3,10,ZX_split,2.6314071148243636,6.198588349378246,0.9805662759181069,0.019433724081893144,5,5,0,1,4,4,1,0,0,
35,3,10,XYZ_split,2.6314071148243636,6.198588349378246,0.9523498068664875,0.047650193133512486,3,3,4,0,3,2,1,1,3,
35,3,10,RL_adaptive,2.6314071148243636,6.198588349378246,0.6574479397903112,0.34255206020968876,2,4,4,1,1,3,1,3,1,0.6574479397903112
35,3,25,Z_only,2.6314071148243636,6.198588349378246,0.9363269584103096,0.06367304158969045,25,0,0,4,21,0,0,0,0,
35,3,25,ZX_split,2.6314071148243636,6.198588349378246,0.9972313492816618,0.002768650718338206,12,13,0,0,12,11,2,0,0,
35,3,25,XYZ_split,2.6314071148243636,6.198588349378246,0.9832242732492437,0.016775726750756337,8,8,9,1,7,5,3,5,4,
35,3,25,RL_adaptive,2.6314071148243636,6.198588349378246,0.9760594821316324,0.023940517868367595,9,9,7,0,9,9,0,4,3,0.9760594821316324
35,3,50,Z_only,2.6314071148243636,6.198588349378246,0.9363269584103096,0.06367304158969045,50,0,0,3,47,0,0,0,0,
35,3,50,ZX_split,2.6314071148243636,6.198588349378246,0.9808140141350865,0.01918598586491349,25,25,0,2,23,15,10,0,0,
35,3,50,XYZ_split,2.6314071148243636,6.198588349378246,0.9908570730895546,0.009142926910445381,16,16,18,3,13,12,4,8,10,
35,3,50,RL_adaptive,2.6314071148243636,6.198588349378246,0.9964705176062526,0.0035294823937473963,18,17,15,2,16,12,5,8,7,0.9964705176062526
35,3,100,Z_only,2.6314071148243636,6.198588349378246,0.9363269584103096,0.06367304158969045,100,0,0,6,94,0,0,0,0,
35,3,100,ZX_split,2.6314071148243636,6.198588349378246,0.9989513477347146,0.001048652265285388,50,50,0,1,49,40,10,0,0,
35,3,100,XYZ_split,2.6314071148243636,6.198588349378246,0.9868584611012718,0.013141538898728156,33,33,34,1,32,21,12,17,17,
35,3,100,RL_adaptive,2.6314071148243636,6.198588349378246,0.9833756926364912,0.01662430736350884,26,42,32,0,26,29,13,19,13,0.9833756926364912
35,3,250,Z_only,2.6314071148243636,6.198588349378246,0.9363269584103096,0.06367304158969045,250,0,0,12,238,0,0,0,0,
35,3,250,ZX_split,2.6314071148243636,6.198588349378246,0.9995715881598359,0.00042841184016406686,125,125,0,11,114,91,34,0,0,
35,3,250,XYZ_split,2.6314071148243636,6.198588349378246,0.9996908265121747,0.0003091734878253316,83,83,84,5,78,61,22,39,45,
35,3,250,RL_adaptive,2.6314071148243636,6.198588349378246,0.996525016133175,0.0034749838668249877,108,64,78,12,96,50,14,37,41,0.996525016133175
35,3,500,Z_only,2.6314071148243636,6.198588349378246,0.9363269584103096,0.06367304158969045,500,0,0,29,471,0,0,0,0,
35,3,500,ZX_split,2.6314071148243636,6.198588349378246,0.9994137705412955,0.000586229458704457,250,250,0,10,240,193,57,0,0,
35,3,500,XYZ_split,2.6314071148243636,6.198588349378246,0.9951663050141258,0.00483369498587416,166,166,168,12,154,125,41,92,76,
35,3,500,RL_adaptive,2.6314071148243636,6.198588349378246,0.9992696134684254,0.000730386531574645,136,172,192,6,130,128,44,97,95,0.9992696134684254
35,4,10,Z_only,2.6314071148243636,6.198588349378246,0.9363269584103096,0.06367304158969045,10,0,0,3,7,0,0,0,0,
35,4,10,ZX_split,2.6314071148243636,6.198588349378246,0.9755681307356169,0.02443186926438312,5,5,0,0,5,3,2,0,0,
35,4,10,XYZ_split,2.6314071148243636,6.198588349378246,0.9346657713295903,0.06533422867040972,3,3,4,0,3,2,1,3,1,
35,4,10,RL_adaptive,2.6314071148243636,6.198588349378246,0.9787204876606462,0.021279512339353768,2,3,5,0,2,3,0,2,3,0.9787204876606462
35,4,25,Z_only,2.6314071148243636,6.198588349378246,0.9363269584103096,0.06367304158969045,25,0,0,2,23,0,0,0,0,
35,4,25,ZX_split,2.6314071148243636,6.198588349378246,0.9854321057260291,0.014567894273970872,12,13,0,1,11,8,5,0,0,
35,4,25,XYZ_split,2.6314071148243636,6.198588349378246,0.9097184552011892,0.09028154479881079,8,8,9,2,6,7,1,6,3,
35,4,25,RL_adaptive,2.6314071148243636,6.198588349378246,0.910037535016271,0.08996246498372895,9,9,7,1,8,7,2,1,6,0.910037535016271
35,4,50,Z_only,2.6314071148243636,6.198588349378246,0.9363269584103096,0.06367304158969045,50,0,0,4,46,0,0,0,0,
35,4,50,ZX_split,2.6314071148243636,6.198588349378246,0.9922145458735289,0.007785454126471136,25,25,0,2,23,21,4,0,0,
35,4,50,XYZ_split,2.6314071148243636,6.198588349378246,0.965280601550525,0.034719398449475025,16,16,18,1,15,9,7,8,10,
35,4,50,RL_adaptive,2.6314071148243636,6.198588349378246,0.9837964050314315,0.01620359496856849,18,17,15,3,15,10,7,7,8,0.9837964050314315
35,4,100,Z_only,2.6314071148243636,6.198588349378246,0.9363269584103096,0.06367304158969045,100,0,0,5,95,0,0,0,0,
35,4,100,ZX_split,2.6314071148243636,6.198588349378246,0.993972726712826,0.0060272732871740065,50,50,0,1,49,34,16,0,0,
35,4,100,XYZ_split,2.6314071148243636,6.198588349378246,0.9773149445187317,0.022685055481268313,33,33,34,0,33,20,13,17,17,
35,4,100,RL_adaptive,2.6314071148243636,6.198588349378246,0.9880415986468661,0.011958401353133863,26,42,32,1,25,38,4,14,18,0.9880415986468661
35,4,250,Z_only,2.6314071148243636,6.198588349378246,0.9363269584103096,0.06367304158969045,250,0,0,12,238,0,0,0,0,
35,4,250,ZX_split,2.6314071148243636,6.198588349378246,0.9989837423789981,0.0010162576210018814,125,125,0,7,118,90,35,0,0,
35,4,250,XYZ_split,2.6314071148243636,6.198588349378246,0.999837162611839,0.0001628373881610301,83,83,84,2,81,64,19,39,45,
35,4,250,RL_adaptive,2.6314071148243636,6.198588349378246,0.9760515153921177,0.023948484607882348,110,62,78,10,100,53,9,27,51,0.9760515153921177
35,4,500,Z_only,2.6314071148243636,6.198588349378246,0.9363269584103096,0.06367304158969045,500,0,0,31,469,0,0,0,0,
35,4,500,ZX_split,2.6314071148243636,6.198588349378246,0.9995577092229447,0.0004422907770552653,250,250,0,8,242,189,61,0,0,
35,4,500,XYZ_split,2.6314071148243636,6.198588349378246,0.9978535536846094,0.0021464463153906266,166,166,168,10,156,129,37,87,81,
35,4,500,RL_adaptive,2.6314071148243636,6.198588349378246,0.9997030133313667,0.00029698666863331447,136,173,191,8,128,126,47,93,98,0.9997030133313667
36,0,10,Z_only,1.0575392198565678,3.4161120004472685,0.7455086372881099,0.2544913627118901,10,0,0,6,4,0,0,0,0,
36,0,10,ZX_split,1.0575392198565678,3.4161120004472685,0.9858299911400833,0.014170008859916705,5,5,0,4,1,0,5,0,0,
36,0,10,XYZ_split,1.0575392198565678,3.4161120004472685,0.8464231661417091,0.1535768338582909,3,3,4,3,0,1,2,0,4,
36,0,10,RL_adaptive,1.0575392198565678,3.4161120004472685,0.8789107381846716,0.12108926181532842,3,3,4,2,1,0,3,3,1,0.8789107381846716
36,0,25,Z_only,1.0575392198565678,3.4161120004472685,0.7455086372881099,0.2544913627118901,25,0,0,19,6,0,0,0,0,
36,0,25,ZX_split,1.0575392198565678,3.4161120004472685,0.9812677051050793,0.018732294894920676,12,13,0,10,2,1,12,0,0,
36,0,25,XYZ_split,1.0575392198565678,3.4161120004472685,0.9800013054176012,0.01999869458239878,8,8,9,5,3,0,8,3,6,
36,0,25,RL_adaptive,1.0575392198565678,3.4161120004472685,0.9448715272073863,0.05512847279261368,8,10,7,5,3,2,8,4,3,0.9448715272073863
36,0,50,Z_only,1.0575392198565678,3.4161120004472685,0.7455086372881099,0.2544913627118901,50,0,0,37,13,0,0,0,0,
36,0,50,ZX_split,1.0575392198565678,3.4161120004472685,0.9853159536704874,0.01468404632951259,25,25,0,18,7,2,23,0,0,
36,0,50,XYZ_split,1.0575392198565678,3.4161120004472685,0.9748609728067107,0.02513902719328931,16,16,18,12,4,2,14,4,14,
36,0,50,RL_adaptive,1.0575392198565678,3.4161120004472685,0.9850313269064502,0.014968673093549767,17,18,15,15,2,2,16,5,10,0.9850313269064502
36,0,100,Z_only,1.0575392198565678,3.4161120004472685,0.7455086372881099,0.2544913627118901,100,0,0,78,22,0,0,0,0,
36,0,100,ZX_split,1.0575392198565678,3.4161120004472685,0.9855880426717633,0.014411957328236746,50,50,0,38,12,1,49,0,0,
36,0,100,XYZ_split,1.0575392198565678,3.4161120004472685,0.985245104038858,0.01475489596114199,33,33,34,23,10,4,29,17,17,
36,0,100,RL_adaptive,1.0575392198565678,3.4161120004472685,0.9137769205541475,0.0862230794458525,31,38,31,15,16,3,35,15,16,0.9137769205541475
36,0,250,Z_only,1.0575392198565678,3.4161120004472685,0.7455086372881099,0.2544913627118901,250,0,0,179,71,0,0,0,0,
36,0,250,ZX_split,1.0575392198565678,3.4161120004472685,0.9801383870797935,0.019861612920206495,125,125,0,86,39,3,122,0,0,
36,0,250,XYZ_split,1.0575392198565678,3.4161120004472685,0.9971807382725808,0.0028192617274191978,83,83,84,60,23,4,79,28,56,
36,0,250,RL_adaptive,1.0575392198565678,3.4161120004472685,0.9971261574435448,0.002873842556455175,69,103,78,50,19,9,94,34,44,0.9971261574435448
36,0,500,Z_only,1.0575392198565678,3.4161120004472685,0.7455086372881099,0.2544913627118901,500,0,0,374,126,0,0,0,0,
36,0,500,ZX_split,1.0575392198565678,3.4161120004472685,0.9852375507194142,0.014762449280585788,250,250,0,178,72,23,227,0,0,
36,0,500,XYZ_split,1.0575392198565678,3.4161120004472685,0.997831043388584,0.0021689566114160286,166,166,168,128,38,8,158,71,97,
36,0,500,RL_adaptive,1.0575392198565678,3.4161120004472685,0.9989934502220377,0.001006549777962329,139,181,180,105,34,20,161,66,114,0.9989934502220377
36,1,10,Z_only,1.0575392198565678,3.4161120004472685,0.7455086372881099,0.2544913627118901,10,0,0,7,3,0,0,0,0,
36,1,10,ZX_split,1.0575392198565678,3.4161120004472685,0.9700660028192081,0.029933997180791927,5,5,0,5,0,0,5,0,0,
36,1,10,XYZ_split,1.0575392198565678,3.4161120004472685,0.9753864259142994,0.02461357408570064,3,3,4,2,1,0,3,2,2,
36,1,10,RL_adaptive,1.0575392198565678,3.4161120004472685,0.9261480893720114,0.07385191062798857,3,3,4,2,1,0,3,0,4,0.9261480893720114
36,1,25,Z_only,1.0575392198565678,3.4161120004472685,0.7455086372881099,0.2544913627118901,25,0,0,20,5,0,0,0,0,
36,1,25,ZX_split,1.0575392198565678,3.4161120004472685,0.9753864259142994,0.02461357408570064,12,13,0,8,4,0,13,0,0,
36,1,25,XYZ_split,1.0575392198565678,3.4161120004472685,0.9519793762917402,0.04802062370825977,8,8,9,8,0,0,8,0,9,
36,1,25,RL_adaptive,1.0575392198565678,3.4161120004472685,0.8905335554552981,0.10946644454470189,7,11,7,5,2,1,10,5,2,0.8905335554552981
36,1,50,Z_only,1.0575392198565678,3.4161120004472685,0.7455086372881099,0.2544913627118901,50,0,0,33,17,0,0,0,0,
36,1,50,ZX_split,1.0575392198565678,3.4161120004472685,0.9776397902487021,0.022360209751297933,25,25,0,17,8,0,25,0,0,
36,1,50,XYZ_split,1.0575392198565678,3.4161120004472685,0.9988679586354412,0.0011320413645588001,16,16,18,11,5,2,14,7,11,
36,1,50,RL_adaptive,1.0575392198565678,3.4161120004472685,0.9931238715395093,0.0068761284604906825,17,18,15,14,3,2,16,6,9,0.9931238715395093
36,1,100,Z_only,1.0575392198565678,3.4161120004472685,0.7455086372881099,0.2544913627118901,100,0,0,75,25,0,0,0,0,
36,1,100,ZX_split,1.0575392198565678,3.4161120004472685,0.9797150126669575,0.020284987333042515,50,50,0,39,11,8,42,0,0,
36,1,100,XYZ_split,1.0575392198565678,3.4161120004472685,0.9896301543100727,0.01036984568992727,33,33,34,22,11,0,33,12,22,
36,1,100,RL_adaptive,1.0575392198565678,3.4161120004472685,0.9999635130557251,3.648694427493826e-05,33,37,30,23,10,6,31,12,18,0.9999635130557251
36,1,250,Z_only,1.0575392198565678,3.4161120004472685,0.7455086372881099,0.2544913627118901,250,0,0,175,75,0,0,0,0,
36,1,250,ZX_split,1.0575392198565678,3.4161120004472685,0.9858517451229489,0.01414825487705107,125,125,0,93,32,11,114,0,0,
36,1,250,XYZ_split,1.0575392198565678,3.4161120004472685,0.9975748338896855,0.002425166110314514,83,83,84,61,22,7,76,28,56,
36,1,250,RL_adaptive,1.0575392198565678,3.4161120004472685,0.9970212532822011,0.0029787467177988525,69,103,78,52,17,10,93,34,44,0.9970212532822011
36,1,500,Z_only,1.0575392198565678,3.4161120004472685,0.7455086372881099,0.2544913627118901,500,0,0,368,132,0,0,0,0,
36,1,500,ZX_split,1.0575392198565678,3.4161120004472685,0.9855897900424452,0.01441020995755482,250,250,0,190,60,22,228,0,0,
36,1,500,XYZ_split,1.0575392198565678,3.4161120004472685,0.9974224905315637,0.0025775094684362676,166,166,168,127,39,14,152,72,96,
36,1,500,RL_adaptive,1.0575392198565678,3.4161120004472685,0.9984823730692937,0.0015176269307063395,139,182,179,107,32,14,168,61,118,0.9984823730692937
36,2,10,Z_only,1.0575392198565678,3.4161120004472685,0.7455086372881099,0.2544913627118901,10,0,0,7,3,0,0,0,0,
36,2,10,ZX_split,1.0575392198565678,3.4161120004472685,0.9858299911400833,0.014170008859916705,5,5,0,4,1,0,5,0,0,
36,2,10,XYZ_split,1.0575392198565678,3.4161120004472685,0.9519793762917402,0.04802062370825977,3,3,4,3,0,0,3,0,4,
36,2,10,RL_adaptive,1.0575392198565678,3.4161120004472685,0.6051196814901204,0.3948803185098796,2,3,5,0,2,0,3,3,2,0.6051196814901204
36,2,25,Z_only,1.0575392198565678,3.4161120004472685,0.7455086372881099,0.2544913627118901,25,0,0,16,9,0,0,0,0,
36,2,25,ZX_split,1.0575392198565678,3.4161120004472685,0.9836324788467505,0.016367521153249465,12,13,0,9,3,2,11,0,0,
36,2,25,XYZ_split,1.0575392198565678,3.4161120004472685,0.97626051157358,0.02373948842642004,8,8,9,5,3,0,8,4,5,
36,2,25,RL_adaptive,1.0575392198565678,3.4161120004472685,0.9466154334885524,0.05338456651144763,7,11,7,7,0,2,9,2,5,0.9466154334885524
36,2,50,Z_only,1.0575392198565678,3.4161120004472685,0.7455086372881099,0.2544913627118901,50,0,0,39,11,0,0,0,0,
36,2,50,ZX_split,1.0575392198565678,3.4161120004472685,0.985245104038858,0.01475489596114199,25,25,0,19,6,0,25,0,0,
36,2,50,XYZ_split,1.0575392198565678,3.4161120004472685,0.9977529910737495,0.0022470089262505155,16,16,18,13,3,1,15,7,11,
36,2,50,RL_adaptive,1.0575392198565678,3.4161120004472685,0.9646534315445012,0.03534656845549877,17,18,15,13,4,1,17,2,13,0.9646534315445012
36,2,100,Z_only,1.0575392198565678,3.4161120004472685,0.7455086372881099,0.2544913627118901,100,0,0,76,24,0,0,0,0,
36,2,100,ZX_split,1.0575392198565678,3.4161120004472685,0.9847968874000205,0.015203112599979529,50,50,0,36,14,3,47,0,0,
36,2,100,XYZ_split,1.0575392198565678,3.4161120004472685,0.9778578643143425,0.022142135685657482,33,33,34,29,4,2,31,17,17,
36,2,100,RL_adaptive,1.0575392198565678,3.4161120004472685,0.986193541186829,0.013806458813170996,34,36,30,27,7,4,32,8,22,0.986193541186829
36,2,250,Z_only,1.0575392198565678,3.4161120004472685,0.7455086372881099,0.2544913627118901,250,0,0,186,64,0,0,0,0,
36,2,250,ZX_split,1.0575392198565678,3.4161120004472685,0.9800726834592025,0.01992731654079749,125,125,0,82,43,13,112,0,0,
36,2,250,XYZ_split,1.0575392198565678,3.4161120004472685,0.9956623762659014,0.004337623734098628,83,83,84,67,16,9,74,32,52,
36,2,250,RL_adaptive,1.0575392198565678,3.4161120004472685,0.9873119528894618,0.01268804711053817,69,105,76,46,23,9,96,23,53,0.9873119528894618
36,2,500,Z_only,1.0575392198565678,3.4161120004472685,0.7455086372881099,0.2544913627118901,500,0,0,373,127,0,0,0,0,
36,2,500,ZX_split,1.0575392198565678,3.4161120004472685,0.9857349613209198,0.014265038679080244,250,250,0,186,64,26,224,0,0,
36,2,500,XYZ_split,1.0575392198565678,3.4161120004472685,0.9955120064228783,0.004487993577121707,166,166,168,128,38,17,149,54,114,
36,2,500,RL_adaptive,1.0575392198565678,3.4161120004472685,0.9997355681359386,0.0002644318640614429,139,181,180,102,37,13,168,70,110,0.9997355681359386
36,3,10,Z_only,1.0575392198565678,3.4161120004472685,0.7455086372881099,0.2544913627118901,10,0,0,7,3,0,0,0,0,
36,3,10,ZX_split,1.0575392198565678,3.4161120004472685,0.9753864259142994,0.02461357408570064,5,5,0,3,2,1,4,0,0,
36,3,10,XYZ_split,1.0575392198565678,3.4161120004472685,0.9700660028192081,0.029933997180791927,3,3,4,3,0,0,3,2,2,
36,3,10,RL_adaptive,1.0575392198565678,3.4161120004472685,0.8808306519838234,0.11916934801617662,3,3,4,3,0,1,2,1,3,0.8808306519838234
36,3,25,Z_only,1.0575392198565678,3.4161120004472685,0.7455086372881099,0.2544913627118901,25,0,0,17,8,0,0,0,0,
36,3,25,ZX_split,1.0575392198565678,3.4161120004472685,0.9753864259142994,0.02461357408570064,12,13,0,8,4,0,13,0,0,
36,3,25,XYZ_split,1.0575392198565678,3.4161120004472685,0.9350891706858727,0.06491082931412728,8,8,9,4,4,0,8,3,6,
36,3,25,RL_adaptive,1.0575392198565678,3.4161120004472685,0.9918070313844476,0.00819296861555241,7,11,7,5,2,0,11,2,5,0.9918070313844476
36,3,50,Z_only,1.0575392198565678,3.4161120004472685,0.7455086372881099,0.2544913627118901,50,0,0,33,17,0,0,0,0,
36,3,50,ZX_split,1.0575392198565678,3.4161120004472685,0.9497714172273418,0.05022858277265818,25,25,0,14,11,2,23,0,0,
36,3,50,XYZ_split,1.0575392198565678,3.4161120004472685,0.9958355206275362,0.004164479372463781,16,16,18,12,4,2,14,8,10,
36,3,50,RL_adaptive,1.0575392198565678,3.4161120004472685,0.9915165164463223,0.008483483553677673,17,18,15,13,4,0,18,7,8,0.9915165164463223
36,3,100,Z_only,1.0575392198565678,3.4161120004472685,0.7455086372881099,0.2544913627118901,100,0,0,73,27,0,0,0,0,
36,3,100,ZX_split,1.0575392198565678,3.4161120004472685,0.9842652946659837,0.01573470533401633,50,50,0,39,11,5,45,0,0,
36,3,100,XYZ_split,1.0575392198565678,3.4161120004472685,0.9925688163138335,0.007431183686166465,33,33,34,28,5,3,30,12,22,
36,3,100,RL_adaptive,1.0575392198565678,3.4161120004472685,0.9858453418788308,0.014154658121169228,32,38,30,19,13,7,31,13,17,0.9858453418788308
36,3,250,Z_only,1.0575392198565678,3.4161120004472685,0.7455086372881099,0.2544913627118901,250,0,0,186,64,0,0,0,0,
36,3,250,ZX_split,1.0575392198565678,3.4161120004472685,0.9837111154118745,0.016288884588125496,125,125,0,101,24,9,116,0,0,
36,3,250,XYZ_split,1.0575392198565678,3.4161120004472685,0.9882597800987458,0.011740219901254179,83,83,84,74,9,4,79,36,48,
36,3,250,RL_adaptive,1.0575392198565678,3.4161120004472685,0.9980149329901762,0.0019850670098238155,67,106,77,49,18,7,99,26,51,0.9980149329901762
36,3,500,Z_only,1.0575392198565678,3.4161120004472685,0.7455086372881099,0.2544913627118901,500,0,0,372,128,0,0,0,0,
36,3,500,ZX_split,1.0575392198565678,3.4161120004472685,0.9852925290728197,0.014707470927180277,250,250,0,183,67,14,236,0,0,
36,3,500,XYZ_split,1.0575392198565678,3.4161120004472685,0.9999982444739428,1.7555260571899822e-06,166,166,168,122,44,16,150,65,103,
36,3,500,RL_adaptive,1.0575392198565678,3.4161120004472685,0.9981790239398259,0.001820976060174062,138,182,180,96,42,20,162,66,114,0.9981790239398259
36,4,10,Z_only,1.0575392198565678,3.4161120004472685,0.7455086372881099,0.2544913627118901,10,0,0,9,1,0,0,0,0,
36,4,10,ZX_split,1.0575392198565678,3.4161120004472685,0.9700660028192081,0.029933997180791927,5,5,0,4,1,1,4,0,0,
36,4,10,XYZ_split,1.0575392198565678,3.4161120004472685,0.9083766382972749,0.09162336170272511,3,3,4,2,1,1,2,1,3,
36,4,10,RL_adaptive,1.0575392198565678,3.4161120004472685,0.8789107381846716,0.12108926181532842,3,3,4,2,1,0,3,3,1,0.8789107381846716
36,4,25,Z_only,1.0575392198565678,3.4161120004472685,0.7455086372881099,0.2544913627118901,25,0,0,16,9,0,0,0,0,
36,4,25,ZX_split,1.0575392198565678,3.4161120004472685,0.9588073428835521,0.04119265711644793,12,13,0,7,5,1,12,0,0,
36,4,25,XYZ_split,1.0575392198565678,3.4161120004472685,0.9338357813195095,0.0661642186804905,8,8,9,7,1,2,6,2,7,
36,4,25,RL_adaptive,1.0575392198565678,3.4161120004472685,0.989931997846357,0.010068002153643008,7,11,7,5,2,1,10,2,5,0.989931997846357
36,4,50,Z_only,1.0575392198565678,3.4161120004472685,0.7455086372881099,0.2544913627118901,50,0,0,38,12,0,0,0,0,
36,4,50,ZX_split,1.0575392198565678,3.4161120004472685,0.9700660028192081,0.029933997180791927,25,25,0,23,2,2,23,0,0,
36,4,50,XYZ_split,1.0575392198565678,3.4161120004472685,0.9994617810775188,0.0005382189224811817,16,16,18,13,3,0,16,6,12,
36,4,50,RL_adaptive,1.0575392198565678,3.4161120004472685,0.9873952609608401,0.012604739039159929,17,18,15,12,5,1,17,4,11,0.9873952609608401
36,4,100,Z_only,1.0575392198565678,3.4161120004472685,0.7455086372881099,0.2544913627118901,100,0,0,73,27,0,0,0,0,
36,4,100,ZX_split,1.0575392198565678,3.4161120004472685,0.9779234377663827,0.022076562233617314,50,50,0,33,17,3,47,0,0,
36,4,100,XYZ_split,1.0575392198565678,3.4161120004472685,0.9978959217773464,0.0021040782226535715,33,33,34,23,10,3,30,14,20,
36,4,100,RL_adaptive,1.0575392198565678,3.4161120004472685,0.9920191355216577,0.007980864478342342,34,36,30,30,4,2,34,10,20,0.9920191355216577
36,4,250,Z_only,1.0575392198565678,3.4161120004472685,0.7455086372881099,0.2544913627118901,250,0,0,180,70,0,0,0,0,
36,4,250,ZX_split,1.0575392198565678,3.4161120004472685,0.9840746534551396,0.01592534654486044,125,125,0,87,38,11,114,0,0,
36,4,250,XYZ_split,1.0575392198565678,3.4161120004472685,0.9990192771344647,0.0009807228655352995,83,83,84,61,22,5,78,34,50,
36,4,250,RL_adaptive,1.0575392198565678,3.4161120004472685,0.9841572027816895,0.0158427972183105,66,108,76,48,18,6,102,18,58,0.9841572027816895
36,4,500,Z_only,1.0575392198565678,3.4161120004472685,0.7455086372881099,0.2544913627118901,500,0,0,387,113,0,0,0,0,
36,4,500,ZX_split,1.0575392198565678,3.4161120004472685,0.9857504520277477,0.014249547972252308,250,250,0,183,67,21,229,0,0,
36,4,500,XYZ_split,1.0575392198565678,3.4161120004472685,0.9997407747405741,0.00025922525942589925,166,166,168,126,40,12,154,61,107,
36,4,500,RL_adaptive,1.0575392198565678,3.4161120004472685,0.9953582118173132,0.00464178818268679,138,181,181,95,43,10,171,74,107,0.9953582118173132
37,0,10,Z_only,1.166674113603868,5.3117423029558894,0.696605916358217,0.303394083641783,10,0,0,6,4,0,0,0,0,
37,0,10,ZX_split,1.166674113603868,5.3117423029558894,0.8081983208080685,0.19180167919193147,5,5,0,3,2,4,1,0,0,
37,0,10,XYZ_split,1.166674113603868,5.3117423029558894,0.8223983830782362,0.1776016169217638,3,3,4,2,1,2,1,2,2,
37,0,10,RL_adaptive,1.166674113603868,5.3117423029558894,0.9052981440252925,0.09470185597470748,3,3,4,3,0,2,1,1,3,0.9052981440252925
37,0,25,Z_only,1.166674113603868,5.3117423029558894,0.696605916358217,0.303394083641783,25,0,0,18,7,0,0,0,0,
37,0,25,ZX_split,1.166674113603868,5.3117423029558894,0.5672128424675325,0.43278715753246755,12,13,0,4,8,9,4,0,0,
37,0,25,XYZ_split,1.166674113603868,5.3117423029558894,0.9653511007721282,0.03464889922787184,8,8,9,5,3,5,3,0,9,
37,0,25,RL_adaptive,1.166674113603868,5.3117423029558894,0.94212349793317,0.05787650206683004,8,9,8,4,4,6,3,0,8,0.94212349793317
37,0,50,Z_only,1.166674113603868,5.3117423029558894,0.696605916358217,0.303394083641783,50,0,0,36,14,0,0,0,0,
37,0,50,ZX_split,1.166674113603868,5.3117423029558894,0.8081983208080685,0.19180167919193147,25,25,0,15,10,20,5,0,0,
37,0,50,XYZ_split,1.166674113603868,5.3117423029558894,0.9911686242680451,0.008831375731954916,16,16,18,11,5,11,5,1,17,
37,0,50,RL_adaptive,1.166674113603868,5.3117423029558894,0.980592362559526,0.019407637440474024,17,18,15,15,2,15,3,2,13,0.980592362559526
37,0,100,Z_only,1.166674113603868,5.3117423029558894,0.696605916358217,0.303394083641783,100,0,0,54,46,0,0,0,0,
37,0,100,ZX_split,1.166674113603868,5.3117423029558894,0.8103516573820385,0.18964834261796149,50,50,0,30,20,39,11,0,0,
37,0,100,XYZ_split,1.166674113603868,5.3117423029558894,0.9871646512033817,0.012835348796618296,33,33,34,19,14,24,9,5,29,
37,0,100,RL_adaptive,1.166674113603868,5.3117423029558894,0.9995488069583056,0.00045119304169438657,32,38,30,24,8,31,7,2,28,0.9995488069583056
37,0,250,Z_only,1.166674113603868,5.3117423029558894,0.696605916358217,0.303394083641783,250,0,0,179,71,0,0,0,0,
37,0,250,ZX_split,1.166674113603868,5.3117423029558894,0.8062655823527356,0.1937344176472644,125,125,0,73,52,96,29,0,0,
37,0,250,XYZ_split,1.166674113603868,5.3117423029558894,0.9996686250141242,0.0003313749858757653,83,83,84,56,27,63,20,11,73,
37,0,250,RL_adaptive,1.166674113603868,5.3117423029558894,0.995773699988926,0.004226300011074047,92,71,87,65,27,59,12,12,75,0.995773699988926
37,0,500,Z_only,1.166674113603868,5.3117423029558894,0.696605916358217,0.303394083641783,500,0,0,349,151,0,0,0,0,
37,0,500,ZX_split,1.166674113603868,5.3117423029558894,0.8195466532389292,0.18045334676107083,250,250,0,161,89,198,52,0,0,
37,0,500,XYZ_split,1.166674113603868,5.3117423029558894,0.9968547040133915,0.0031452959866085095,166,166,168,110,56,124,42,12,156,
37,0,500,RL_adaptive,1.166674113603868,5.3117423029558894,0.9980099616653432,0.0019900383346568296,146,180,174,98,48,128,52,21,153,0.9980099616653432
37,1,10,Z_only,1.166674113603868,5.3117423029558894,0.696605916358217,0.303394083641783,10,0,0,7,3,0,0,0,0,
37,1,10,ZX_split,1.166674113603868,5.3117423029558894,0.8223983830782362,0.1776016169217638,5,5,0,4,1,4,1,0,0,
37,1,10,XYZ_split,1.166674113603868,5.3117423029558894,0.89463632110508,0.10536367889492004,3,3,4,1,2,3,0,0,4,
37,1,10,RL_adaptive,1.166674113603868,5.3117423029558894,0.8244426927883247,0.17555730721167528,3,3,4,2,1,1,2,0,4,0.8244426927883247
37,1,25,Z_only,1.166674113603868,5.3117423029558894,0.696605916358217,0.303394083641783,25,0,0,14,11,0,0,0,0,
37,1,25,ZX_split,1.166674113603868,5.3117423029558894,0.8189513090649173,0.1810486909350827,12,13,0,8,4,11,2,0,0,
37,1,25,XYZ_split,1.166674113603868,5.3117423029558894,0.9532619453141464,0.04673805468585357,8,8,9,4,4,7,1,1,8,
37,1,25,RL_adaptive,1.166674113603868,5.3117423029558894,0.9882316466122728,0.011768353387727193,8,9,8,5,3,8,1,0,8,0.9882316466122728
37,1,50,Z_only,1.166674113603868,5.3117423029558894,0.696605916358217,0.303394083641783,50,0,0,28,22,0,0,0,0,
37,1,50,ZX_split,1.166674113603868,5.3117423029558894,0.8126258931293779,0.18737410687062206,25,25,0,15,10,19,6,0,0,
37,1,50,XYZ_split,1.166674113603868,5.3117423029558894,0.985972558886784,0.014027441113215966,16,16,18,13,3,13,3,3,15,
37,1,50,RL_adaptive,1.166674113603868,5.3117423029558894,0.9946271689995726,0.005372831000427403,17,18,15,13,4,13,5,1,14,0.9946271689995726
37,1,100,Z_only,1.166674113603868,5.3117423029558894,0.696605916358217,0.303394083641783,100,0,0,66,34,0,0,0,0,
37,1,100,ZX_split,1.166674113603868,5.3117423029558894,0.8158126511896773,0.18418734881032273,50,50,0,31,19,39,11,0,0,
37,1,100,XYZ_split,1.166674113603868,5.3117423029558894,0.9800584196381831,0.019941580361816924,33,33,34,19,14,26,7,0,34,
37,1,100,RL_adaptive,1.166674113603868,5.3117423029558894,0.993711944486068,0.006288055513931967,31,39,30,21,10,32,7,5,25,0.993711944486068
37,1,250,Z_only,1.166674113603868,5.3117423029558894,0.696605916358217,0.303394083641783,250,0,0,190,60,0,0,0,0,
37,1,250,ZX_split,1.166674113603868,5.3117423029558894,0.824902372469609,0.17509762753039104,125,125,0,85,40,96,29,0,0,
37,1,250,XYZ_split,1.166674113603868,5.3117423029558894,0.9980262072612589,0.001973792738741098,83,83,84,63,20,63,20,6,78,
37,1,250,RL_adaptive,1.166674113603868,5.3117423029558894,0.998439134892258,0.0015608651077420044,91,73,86,64,27,58,15,12,74,0.998439134892258
37,1,500,Z_only,1.166674113603868,5.3117423029558894,0.696605916358217,0.303394083641783,500,0,0,329,171,0,0,0,0,
37,1,500,ZX_split,1.166674113603868,5.3117423029558894,0.8253968236009309,0.17460317639906908,250,250,0,183,67,204,46,0,0,
37,1,500,XYZ_split,1.166674113603868,5.3117423029558894,0.9970403235903468,0.0029596764096532224,166,166,168,126,40,128,38,21,147,
37,1,500,RL_adaptive,1.166674113603868,5.3117423029558894,0.999583454944413,0.00041654505558696986,146,178,176,101,45,136,42,26,150,0.999583454944413
37,2,10,Z_only,1.166674113603868,5.3117423029558894,0.696605916358217,0.303394083641783,10,0,0,6,4,0,0,0,0,
37,2,10,ZX_split,1.166674113603868,5.3117423029558894,0.8235301937807545,0.17646980621924546,5,5,0,4,1,5,0,0,0,
37,2,10,XYZ_split,1.166674113603868,5.3117423029558894,0.8244426927883247,0.17555730721167528,3,3,4,2,1,1,2,0,4,
37,2,10,RL_adaptive,1.166674113603868,5.3117423029558894,0.9848453022743094,0.015154697725690558,3,3,4,2,1,3,0,0,4,0.9848453022743094
37,2,25,Z_only,1.166674113603868,5.3117423029558894,0.696605916358217,0.303394083641783,25,0,0,19,6,0,0,0,0,
37,2,25,ZX_split,1.166674113603868,5.3117423029558894,0.8058772735304366,0.1941227264695634,12,13,0,11,1,10,3,0,0,
37,2,25,XYZ_split,1.166674113603868,5.3117423029558894,0.9554972987290885,0.04450270127091149,8,8,9,4,4,6,2,0,9,
37,2,25,RL_adaptive,1.166674113603868,5.3117423029558894,0.9647100335909694,0.03528996640903059,7,10,8,5,2,9,1,2,6,0.9647100335909694
37,2,50,Z_only,1.166674113603868,5.3117423029558894,0.696605916358217,0.303394083641783,50,0,0,30,20,0,0,0,0,
37,2,50,ZX_split,1.166674113603868,5.3117423029558894,0.801926740179944,0.19807325982005597,25,25,0,14,11,18,7,0,0,
37,2,50,XYZ_split,1.166674113603868,5.3117423029558894,0.9866206896624536,0.013379310337546357,16,16,18,11,5,14,2,3,15,
37,2,50,RL_adaptive,1.166674113603868,5.3117423029558894,0.9714206605146024,0.028579339485397592,17,18,15,9,8,13,5,2,13,0.9714206605146024
37,2,100,Z_only,1.166674113603868,5.3117423029558894,0.696605916358217,0.303394083641783,100,0,0,71,29,0,0,0,0,
37,2,100,ZX_split,1.166674113603868,5.3117423029558894,0.8158126511896773,0.18418734881032273,50,50,0,31,19,39,11,0,0,
37,2,100,XYZ_split,1.166674113603868,5.3117423029558894,0.9991761836207377,0.000823816379262321,33,33,34,24,9,26,7,4,30,
37,2,100,RL_adaptive,1.166674113603868,5.3117423029558894,0.9884903541872113,0.011509645812788682,32,38,30,21,11,25,13,3,27,0.9884903541872113
37,2,250,Z_only,1.166674113603868,5.3117423029558894,0.696605916358217,0.303394083641783,250,0,0,174,76,0,0,0,0,
37,2,250,ZX_split,1.166674113603868,5.3117423029558894,0.8243432168475572,0.17565678315244282,125,125,0,80,45,90,35,0,0,
37,2,250,XYZ_split,1.166674113603868,5.3117423029558894,0.9932929859168784,0.006707014083121576,83,83,84,59,24,56,27,18,66,
37,2,250,RL_adaptive,1.166674113603868,5.3117423029558894,0.9970650137297472,0.002934986270252793,88,75,87,67,21,57,18,10,77,0.9970650137297472
37,2,500,Z_only,1.166674113603868,5.3117423029558894,0.696605916358217,0.303394083641783,500,0,0,363,137,0,0,0,0,
37,2,500,ZX_split,1.166674113603868,5.3117423029558894,0.8189399371450439,0.18106006285495613,250,250,0,192,58,184,66,0,0,
37,2,500,XYZ_split,1.166674113603868,5.3117423029558894,0.9998144269026118,0.00018557309738820305,166,166,168,115,51,129,37,17,151,
37,2,500,RL_adaptive,1.166674113603868,5.3117423029558894,0.9962093753360131,0.003790624663986941,146,179,175,106,40,126,53,22,153,0.9962093753360131
37,3,10,Z_only,1.166674113603868,5.3117423029558894,0.696605916358217,0.303394083641783,10,0,0,6,4,0,0,0,0,
37,3,10,ZX_split,1.166674113603868,5.3117423029558894,0.3580716684092498,0.6419283315907502,5,5,0,0,5,3,2,0,0,
37,3,10,XYZ_split,1.166674113603868,5.3117423029558894,0.9560635691199215,0.04393643088007848,3,3,4,3,0,2,1,0,4,
37,3,10,RL_adaptive,1.166674113603868,5.3117423029558894,0.7457677384094795,0.2542322615905205,3,3,4,2,1,1,2,1,3,0.7457677384094795
37,3,25,Z_only,1.166674113603868,5.3117423029558894,0.696605916358217,0.303394083641783,25,0,0,14,11,0,0,0,0,
37,3,25,ZX_split,1.166674113603868,5.3117423029558894,0.7871863247454907,0.21281367525450934,12,13,0,11,1,9,4,0,0,
37,3,25,XYZ_split,1.166674113603868,5.3117423029558894,0.8100459315874364,0.18995406841256357,8,8,9,6,2,3,5,2,7,
37,3,25,RL_adaptive,1.166674113603868,5.3117423029558894,0.9896504027081998,0.010349597291800183,7,10,8,5,2,7,3,0,8,0.9896504027081998
37,3,50,Z_only,1.166674113603868,5.3117423029558894,0.696605916358217,0.303394083641783,50,0,0,29,21,0,0,0,0,
37,3,50,ZX_split,1.166674113603868,5.3117423029558894,0.8251326444349346,0.17486735556506539,25,25,0,17,8,19,6,0,0,
37,3,50,XYZ_split,1.166674113603868,5.3117423029558894,0.9956238151657137,0.004376184834286256,16,16,18,11,5,14,2,1,17,
37,3,50,RL_adaptive,1.166674113603868,5.3117423029558894,0.9966653406033256,0.003334659396674433,17,18,15,12,5,13,5,1,14,0.9966653406033256
37,3,100,Z_only,1.166674113603868,5.3117423029558894,0.696605916358217,0.303394083641783,100,0,0,69,31,0,0,0,0,
37,3,100,ZX_split,1.166674113603868,5.3117423029558894,0.8209529767498114,0.17904702325018862,50,50,0,36,14,46,4,0,0,
37,3,100,XYZ_split,1.166674113603868,5.3117423029558894,0.9920903505564226,0.007909649443577416,33,33,34,20,13,25,8,4,30,
37,3,100,RL_adaptive,1.166674113603868,5.3117423029558894,0.9899520920548832,0.010047907945116785,31,39,30,19,12,32,7,3,27,0.9899520920548832
37,3,250,Z_only,1.166674113603868,5.3117423029558894,0.696605916358217,0.303394083641783,250,0,0,177,73,0,0,0,0,
37,3,250,ZX_split,1.166674113603868,5.3117423029558894,0.8243432168475572,0.17565678315244282,125,125,0,87,38,101,24,0,0,
37,3,250,XYZ_split,1.166674113603868,5.3117423029558894,0.9935213469610954,0.006478653038904603,83,83,84,55,28,69,14,12,72,
37,3,250,RL_adaptive,1.166674113603868,5.3117423029558894,0.992679411774444,0.007320588225556035,93,70,87,62,31,58,12,14,73,0.992679411774444
37,3,500,Z_only,1.166674113603868,5.3117423029558894,0.696605916358217,0.303394083641783,500,0,0,354,146,0,0,0,0,
37,3,500,ZX_split,1.166674113603868,5.3117423029558894,0.8248364789931487,0.17516352100685129,250,250,0,171,79,194,56,0,0,
37,3,500,XYZ_split,1.166674113603868,5.3117423029558894,0.9991198562781152,0.0008801437218848296,166,166,168,117,49,129,37,24,144,
37,3,500,RL_adaptive,1.166674113603868,5.3117423029558894,0.9992651979711672,0.0007348020288328039,147,178,175,105,42,142,36,20,155,0.9992651979711672
37,4,10,Z_only,1.166674113603868,5.3117423029558894,0.696605916358217,0.303394083641783,10,0,0,8,2,0,0,0,0,
37,4,10,ZX_split,1.166674113603868,5.3117423029558894,0.45564437027834415,0.5443556297216559,5,5,0,3,2,2,3,0,0,
37,4,10,XYZ_split,1.166674113603868,5.3117423029558894,0.9973589155715556,0.0026410844284443513,3,3,4,2,1,2,1,1,3,
37,4,10,RL_adaptive,1.166674113603868,5.3117423029558894,0.9411429058081299,0.05885709419187013,3,3,4,2,1,3,0,1,3,0.9411429058081299
37,4,25,Z_only,1.166674113603868,5.3117423029558894,0.696605916358217,0.303394083641783,25,0,0,17,8,0,0,0,0,
37,4,25,ZX_split,1.166674113603868,5.3117423029558894,0.7871863247454907,0.21281367525450934,12,13,0,9,3,8,5,0,0,
37,4,25,XYZ_split,1.166674113603868,5.3117423029558894,0.9256227274471016,0.07437727255289839,8,8,9,6,2,4,4,1,8,
37,4,25,RL_adaptive,1.166674113603868,5.3117423029558894,0.9593260645687622,0.04067393543123776,7,10,8,6,1,6,4,0,8,0.9593260645687622
37,4,50,Z_only,1.166674113603868,5.3117423029558894,0.696605916358217,0.303394083641783,50,0,0,34,16,0,0,0,0,
37,4,50,ZX_split,1.166674113603868,5.3117423029558894,0.8254104217768549,0.17458957822314514,25,25,0,16,9,17,8,0,0,
37,4,50,XYZ_split,1.166674113603868,5.3117423029558894,0.9997442303804175,0.0002557696195825132,16,16,18,11,5,12,4,2,16,
37,4,50,RL_adaptive,1.166674113603868,5.3117423029558894,0.9924429568359181,0.0075570431640819,17,18,15,11,6,15,3,2,13,0.9924429568359181
37,4,100,Z_only,1.166674113603868,5.3117423029558894,0.696605916358217,0.303394083641783,100,0,0,71,29,0,0,0,0,
37,4,100,ZX_split,1.166674113603868,5.3117423029558894,0.776069080573586,0.22393091942641397,50,50,0,26,24,36,14,0,0,
37,4,100,XYZ_split,1.166674113603868,5.3117423029558894,0.9639967763867382,0.0360032236132618,33,33,34,17,16,22,11,6,28,
37,4,100,RL_adaptive,1.166674113603868,5.3117423029558894,0.9901459160609856,0.009854083939014435,31,39,30,19,12,29,10,2,28,0.9901459160609856
37,4,250,Z_only,1.166674113603868,5.3117423029558894,0.696605916358217,0.303394083641783,250,0,0,189,61,0,0,0,0,
37,4,250,ZX_split,1.166674113603868,5.3117423029558894,0.8254346882960747,0.1745653117039253,125,125,0,88,37,96,29,0,0,
37,4,250,XYZ_split,1.166674113603868,5.3117423029558894,0.992127423426465,0.007872576573535017,83,83,84,62,21,57,26,11,73,
37,4,250,RL_adaptive,1.166674113603868,5.3117423029558894,0.9906844905964037,0.009315509403596267,92,70,88,67,25,60,10,14,74,0.9906844905964037
37,4,500,Z_only,1.166674113603868,5.3117423029558894,0.696605916358217,0.303394083641783,500,0,0,349,151,0,0,0,0,
37,4,500,ZX_split,1.166674113603868,5.3117423029558894,0.825221087802194,0.17477891219780595,250,250,0,183,67,196,54,0,0,
37,4,500,XYZ_split,1.166674113603868,5.3117423029558894,0.9950610169068748,0.004938983093125238,166,166,168,108,58,132,34,28,140,
37,4,500,RL_adaptive,1.166674113603868,5.3117423029558894,0.9997343976102814,0.00026560238971862216,146,179,175,100,46,132,47,22,153,0.9997343976102814
38,0,10,Z_only,1.2712331131514374,0.369031680587768,0.6475514502701186,0.3524485497298814,10,0,0,8,2,0,0,0,0,
38,0,10,ZX_split,1.2712331131514374,0.369031680587768,0.9579880348597939,0.04201196514020611,5,5,0,4,1,5,0,0,0,
38,0,10,XYZ_split,1.2712331131514374,0.369031680587768,0.9136131127500137,0.08638688724998633,3,3,4,1,2,3,0,3,1,
38,0,10,RL_adaptive,1.2712331131514374,0.369031680587768,0.8276317017590821,0.17236829824091793,3,3,4,3,0,2,1,3,1,0.8276317017590821
38,0,25,Z_only,1.2712331131514374,0.369031680587768,0.6475514502701186,0.3524485497298814,25,0,0,21,4,0,0,0,0,
38,0,25,ZX_split,1.2712331131514374,0.369031680587768,0.9455703697743671,0.05442963022563285,12,13,0,6,6,12,1,0,0,
38,0,25,XYZ_split,1.2712331131514374,0.369031680587768,0.9468889860534613,0.05311101394653872,8,8,9,5,3,8,0,4,5,
38,0,25,RL_adaptive,1.2712331131514374,0.369031680587768,0.9969000680056361,0.0030999319943638692,7,10,8,5,2,10,0,6,2,0.9969000680056361
38,0,50,Z_only,1.2712331131514374,0.369031680587768,0.6475514502701186,0.3524485497298814,50,0,0,32,18,0,0,0,0,
38,0,50,ZX_split,1.2712331131514374,0.369031680587768,0.9667451359092646,0.033254864090735414,25,25,0,15,10,24,1,0,0,
38,0,50,XYZ_split,1.2712331131514374,0.369031680587768,0.9606455251967834,0.03935447480321663,16,16,18,9,7,15,1,16,2,
38,0,50,RL_adaptive,1.2712331131514374,0.369031680587768,0.9313483525309708,0.06865164746902919,18,16,16,16,2,14,2,15,1,0.9313483525309708
38,0,100,Z_only,1.2712331131514374,0.369031680587768,0.6475514502701186,0.3524485497298814,100,0,0,56,44,0,0,0,0,
38,0,100,ZX_split,1.2712331131514374,0.369031680587768,0.9656261630745272,0.0343738369254728,50,50,0,36,14,48,2,0,0,
38,0,100,XYZ_split,1.2712331131514374,0.369031680587768,0.9958056930722186,0.004194306927781444,33,33,34,20,13,33,0,25,9,
38,0,100,RL_adaptive,1.2712331131514374,0.369031680587768,0.9985713049379418,0.0014286950620582273,31,40,29,19,12,38,2,19,10,0.9985713049379418
38,0,250,Z_only,1.2712331131514374,0.369031680587768,0.6475514502701186,0.3524485497298814,250,0,0,167,83,0,0,0,0,
38,0,250,ZX_split,1.2712331131514374,0.369031680587768,0.9672896470906803,0.03271035290931967,125,125,0,86,39,116,9,0,0,
38,0,250,XYZ_split,1.2712331131514374,0.369031680587768,0.9994563664645371,0.0005436335354629396,83,83,84,56,27,82,1,56,28,
38,0,250,RL_adaptive,1.2712331131514374,0.369031680587768,0.9963984847903502,0.003601515209649797,102,58,90,63,39,54,4,65,25,0.9963984847903502
38,0,500,Z_only,1.2712331131514374,0.369031680587768,0.6475514502701186,0.3524485497298814,500,0,0,332,168,0,0,0,0,
38,0,500,ZX_split,1.2712331131514374,0.369031680587768,0.9686935273897641,0.03130647261023589,250,250,0,155,95,235,15,0,0,
38,0,500,XYZ_split,1.2712331131514374,0.369031680587768,0.997271339461348,0.0027286605386519502,166,166,168,114,52,158,8,107,61,
38,0,500,RL_adaptive,1.2712331131514374,0.369031680587768,0.9970502721552902,0.002949727844709815,145,157,198,86,59,146,11,127,71,0.9970502721552902
38,1,10,Z_only,1.2712331131514374,0.369031680587768,0.6475514502701186,0.3524485497298814,10,0,0,6,4,0,0,0,0,
38,1,10,ZX_split,1.2712331131514374,0.369031680587768,0.9079804741001924,0.09201952589980755,5,5,0,2,3,5,0,0,0,
38,1,10,XYZ_split,1.2712331131514374,0.369031680587768,0.9979282271900812,0.0020717728099187704,3,3,4,2,1,3,0,3,1,
38,1,10,RL_adaptive,1.2712331131514374,0.369031680587768,0.8533965388449499,0.14660346115505007,2,4,4,1,1,3,1,4,0,0.8533965388449499
38,1,25,Z_only,1.2712331131514374,0.369031680587768,0.6475514502701186,0.3524485497298814,25,0,0,20,5,0,0,0,0,
38,1,25,ZX_split,1.2712331131514374,0.369031680587768,0.9455703697743671,0.05442963022563285,12,13,0,6,6,12,1,0,0,
38,1,25,XYZ_split,1.2712331131514374,0.369031680587768,0.974363646506101,0.025636353493899033,8,8,9,7,1,8,0,6,3,
38,1,25,RL_adaptive,1.2712331131514374,0.369031680587768,0.9049863265246816,0.09501367347531842,7,10,8,6,1,10,0,3,5,0.9049863265246816
38,1,50,Z_only,1.2712331131514374,0.369031680587768,0.6475514502701186,0.3524485497298814,50,0,0,37,13,0,0,0,0,
38,1,50,ZX_split,1.2712331131514374,0.369031680587768,0.969226853327893,0.030773146672106955,25,25,0,16,9,24,1,0,0,
38,1,50,XYZ_split,1.2712331131514374,0.369031680587768,0.990134516613643,0.009865483386356955,16,16,18,9,7,15,1,13,5,
38,1,50,RL_adaptive,1.2712331131514374,0.369031680587768,0.990951010928447,0.009048989071553049,18,17,15,14,4,17,0,10,5,0.990951010928447
38,1,100,Z_only,1.2712331131514374,0.369031680587768,0.6475514502701186,0.3524485497298814,100,0,0,70,30,0,0,0,0,
38,1,100,ZX_split,1.2712331131514374,0.369031680587768,0.9592211848417823,0.040778815158217685,50,50,0,39,11,49,1,0,0,
38,1,100,XYZ_split,1.2712331131514374,0.369031680587768,0.9290660566385607,0.07093394336143932,33,33,34,13,20,31,2,21,13,
38,1,100,RL_adaptive,1.2712331131514374,0.369031680587768,0.9808758135313148,0.01912418646868519,32,39,29,25,7,35,4,20,9,0.9808758135313148
38,1,250,Z_only,1.2712331131514374,0.369031680587768,0.6475514502701186,0.3524485497298814,250,0,0,156,94,0,0,0,0,
38,1,250,ZX_split,1.2712331131514374,0.369031680587768,0.9652091675353903,0.03479083246460968,125,125,0,90,35,119,6,0,0,
38,1,250,XYZ_split,1.2712331131514374,0.369031680587768,0.9995790874883589,0.0004209125116411139,83,83,84,55,28,77,6,56,28,
38,1,250,RL_adaptive,1.2712331131514374,0.369031680587768,0.9939023037747298,0.006097696225270233,101,58,91,63,38,54,4,68,23,0.9939023037747298
38,1,500,Z_only,1.2712331131514374,0.369031680587768,0.6475514502701186,0.3524485497298814,500,0,0,319,181,0,0,0,0,
38,1,500,ZX_split,1.2712331131514374,0.369031680587768,0.9687647566961841,0.031235243303815885,250,250,0,157,93,241,9,0,0,
38,1,500,XYZ_split,1.2712331131514374,0.369031680587768,0.9956844348980114,0.0043155651019886054,166,166,168,99,67,162,4,108,60,
38,1,500,RL_adaptive,1.2712331131514374,0.369031680587768,0.9972271592210036,0.0027728407789964216,146,154,200,87,59,145,9,137,63,0.9972271592210036
38,2,10,Z_only,1.2712331131514374,0.369031680587768,0.6475514502701186,0.3524485497298814,10,0,0,6,4,0,0,0,0,
38,2,10,ZX_split,1.2712331131514374,0.369031680587768,0.9658549144222116,0.03414508557778839,5,5,0,3,2,5,0,0,0,
38,2,10,XYZ_split,1.2712331131514374,0.369031680587768,0.8914135547293153,0.10858644527068473,3,3,4,1,2,3,0,4,0,
38,2,10,RL_adaptive,1.2712331131514374,0.369031680587768,0.9755959600950358,0.024404039904964203,2,4,4,1,1,4,0,3,1,0.9755959600950358
38,2,25,Z_only,1.2712331131514374,0.369031680587768,0.6475514502701186,0.3524485497298814,25,0,0,17,8,0,0,0,0,
38,2,25,ZX_split,1.2712331131514374,0.369031680587768,0.9686436358755791,0.03135636412442089,12,13,0,8,4,12,1,0,0,
38,2,25,XYZ_split,1.2712331131514374,0.369031680587768,0.8828430541109558,0.11715694588904424,8,8,9,6,2,6,2,9,0,
38,2,25,RL_adaptive,1.2712331131514374,0.369031680587768,0.9179255053731127,0.08207449462688732,8,10,7,3,5,9,1,5,2,0.9179255053731127
38,2,50,Z_only,1.2712331131514374,0.369031680587768,0.6475514502701186,0.3524485497298814,50,0,0,37,13,0,0,0,0,
38,2,50,ZX_split,1.2712331131514374,0.369031680587768,0.9693650334025976,0.03063496659740239,25,25,0,16,9,23,2,0,0,
38,2,50,XYZ_split,1.2712331131514374,0.369031680587768,0.9992195991345169,0.000780400865483144,16,16,18,11,5,16,0,13,5,
38,2,50,RL_adaptive,1.2712331131514374,0.369031680587768,0.9503492427358355,0.04965075726416446,18,17,15,14,4,17,0,7,8,0.9503492427358355
38,2,100,Z_only,1.2712331131514374,0.369031680587768,0.6475514502701186,0.3524485497298814,100,0,0,71,29,0,0,0,0,
38,2,100,ZX_split,1.2712331131514374,0.369031680587768,0.9670936692994822,0.03290633070051785,50,50,0,33,17,43,7,0,0,
38,2,100,XYZ_split,1.2712331131514374,0.369031680587768,0.9953048337730921,0.00469516622690791,33,33,34,20,13,29,4,24,10,
38,2,100,RL_adaptive,1.2712331131514374,0.369031680587768,0.9660136269918596,0.03398637300814045,30,40,30,15,15,38,2,17,13,0.9660136269918596
38,2,250,Z_only,1.2712331131514374,0.369031680587768,0.6475514502701186,0.3524485497298814,250,0,0,154,96,0,0,0,0,
38,2,250,ZX_split,1.2712331131514374,0.369031680587768,0.9693650334025976,0.03063496659740239,125,125,0,81,44,118,7,0,0,
38,2,250,XYZ_split,1.2712331131514374,0.369031680587768,0.9944448735673338,0.005555126432666202,83,83,84,62,21,81,2,59,25,
38,2,250,RL_adaptive,1.2712331131514374,0.369031680587768,0.9903209867137829,0.00967901328621712,103,58,89,58,45,55,3,55,34,0.9903209867137829
38,2,500,Z_only,1.2712331131514374,0.369031680587768,0.6475514502701186,0.3524485497298814,500,0,0,340,160,0,0,0,0,
38,2,500,ZX_split,1.2712331131514374,0.369031680587768,0.9691267183342019,0.030873281665798058,250,250,0,165,85,234,16,0,0,
38,2,500,XYZ_split,1.2712331131514374,0.369031680587768,0.9972059118254119,0.0027940881745881496,166,166,168,112,54,155,11,121,47,
38,2,500,RL_adaptive,1.2712331131514374,0.369031680587768,0.9932597151108626,0.00674028488913736,147,157,196,93,54,150,7,116,80,0.9932597151108626
38,3,10,Z_only,1.2712331131514374,0.369031680587768,0.35244854972988154,0.6475514502701185,10,0,0,4,6,0,0,0,0,
38,3,10,ZX_split,1.2712331131514374,0.369031680587768,0.9658549144222116,0.03414508557778839,5,5,0,3,2,5,0,0,0,
38,3,10,XYZ_split,1.2712331131514374,0.369031680587768,0.9979282271900812,0.0020717728099187704,3,3,4,2,1,3,0,3,1,
38,3,10,RL_adaptive,1.2712331131514374,0.369031680587768,0.9455703697743671,0.05442963022563285,2,4,4,1,1,4,0,2,2,0.9455703697743671
38,3,25,Z_only,1.2712331131514374,0.369031680587768,0.6475514502701186,0.3524485497298814,25,0,0,20,5,0,0,0,0,
38,3,25,ZX_split,1.2712331131514374,0.369031680587768,0.9413073094163548,0.058692690583645235,12,13,0,10,2,12,1,0,0,
38,3,25,XYZ_split,1.2712331131514374,0.369031680587768,0.9937786110356023,0.006221388964397723,8,8,9,5,3,8,0,7,2,
38,3,25,RL_adaptive,1.2712331131514374,0.369031680587768,0.9724683147499956,0.02753168525000438,7,10,8,6,1,10,0,7,1,0.9724683147499956
38,3,50,Z_only,1.2712331131514374,0.369031680587768,0.6475514502701186,0.3524485497298814,50,0,0,29,21,0,0,0,0,
38,3,50,ZX_split,1.2712331131514374,0.369031680587768,0.9656261630745272,0.0343738369254728,25,25,0,18,7,24,1,0,0,
38,3,50,XYZ_split,1.2712331131514374,0.369031680587768,0.9618751628136303,0.03812483718636972,16,16,18,8,8,16,0,10,8,
38,3,50,RL_adaptive,1.2712331131514374,0.369031680587768,0.937206405772529,0.062793594227471,18,17,15,8,10,15,2,12,3,0.937206405772529
38,3,100,Z_only,1.2712331131514374,0.369031680587768,0.6475514502701186,0.3524485497298814,100,0,0,70,30,0,0,0,0,
38,3,100,ZX_split,1.2712331131514374,0.369031680587768,0.9637652143849214,0.036234785615078646,50,50,0,29,21,49,1,0,0,
38,3,100,XYZ_split,1.2712331131514374,0.369031680587768,0.9933745463284831,0.006625453671516901,33,33,34,19,14,27,6,23,11,
38,3,100,RL_adaptive,1.2712331131514374,0.369031680587768,0.9900451008533991,0.00995489914660086,30,40,30,17,13,37,3,18,12,0.9900451008533991
38,3,250,Z_only,1.2712331131514374,0.369031680587768,0.6475514502701186,0.3524485497298814,250,0,0,169,81,0,0,0,0,
38,3,250,ZX_split,1.2712331131514374,0.369031680587768,0.9654383264376512,0.03456167356234885,125,125,0,73,52,117,8,0,0,
38,3,250,XYZ_split,1.2712331131514374,0.369031680587768,0.9972999769108468,0.0027000230891531807,83,83,84,50,33,81,2,56,28,
38,3,250,RL_adaptive,1.2712331131514374,0.369031680587768,0.9968043928806751,0.0031956071193248725,100,58,92,70,30,55,3,66,26,0.9968043928806751
38,3,500,Z_only,1.2712331131514374,0.369031680587768,0.6475514502701186,0.3524485497298814,500,0,0,322,178,0,0,0,0,
38,3,500,ZX_split,1.2712331131514374,0.369031680587768,0.9688888413243921,0.031111158675607875,250,250,0,156,94,235,15,0,0,
38,3,500,XYZ_split,1.2712331131514374,0.369031680587768,0.9971924028608979,0.002807597139102058,166,166,168,116,50,157,9,119,49,
38,3,500,RL_adaptive,1.2712331131514374,0.369031680587768,0.9995136778971113,0.00048632210288868105,146,155,199,91,55,145,10,131,68,0.9995136778971113
38,4,10,Z_only,1.2712331131514374,0.369031680587768,0.6475514502701186,0.3524485497298814,10,0,0,6,4,0,0,0,0,
38,4,10,ZX_split,1.2712331131514374,0.369031680587768,0.9079804741001924,0.09201952589980755,5,5,0,2,3,5,0,0,0,
38,4,10,XYZ_split,1.2712331131514374,0.369031680587768,0.8276317017590821,0.17236829824091793,3,3,4,3,0,2,1,3,1,
38,4,10,RL_adaptive,1.2712331131514374,0.369031680587768,0.7612978759350192,0.23870212406498081,2,3,5,0,2,3,0,4,1,0.7612978759350192
38,4,25,Z_only,1.2712331131514374,0.369031680587768,0.6475514502701186,0.3524485497298814,25,0,0,21,4,0,0,0,0,
38,4,25,ZX_split,1.2712331131514374,0.369031680587768,0.9086553252181283,0.0913446747818717,12,13,0,5,7,12,1,0,0,
38,4,25,XYZ_split,1.2712331131514374,0.369031680587768,0.9307740088576355,0.0692259911423645,8,8,9,3,5,8,0,7,2,
38,4,25,RL_adaptive,1.2712331131514374,0.369031680587768,0.87701080959126,0.12298919040874001,8,10,7,4,4,8,2,7,0,0.87701080959126
38,4,50,Z_only,1.2712331131514374,0.369031680587768,0.6475514502701186,0.3524485497298814,50,0,0,32,18,0,0,0,0,
38,4,50,ZX_split,1.2712331131514374,0.369031680587768,0.9676671546961617,0.03233284530383829,25,25,0,17,8,23,2,0,0,
38,4,50,XYZ_split,1.2712331131514374,0.369031680587768,0.9935901875403906,0.006409812459609365,16,16,18,10,6,14,2,13,5,
38,4,50,RL_adaptive,1.2712331131514374,0.369031680587768,0.979061285291344,0.020938714708656048,18,17,15,14,4,15,2,10,5,0.979061285291344
38,4,100,Z_only,1.2712331131514374,0.369031680587768,0.6475514502701186,0.3524485497298814,100,0,0,69,31,0,0,0,0,
38,4,100,ZX_split,1.2712331131514374,0.369031680587768,0.9680462837417692,0.031953716258230846,50,50,0,35,15,49,1,0,0,
38,4,100,XYZ_split,1.2712331131514374,0.369031680587768,0.971796740152031,0.02820325984796901,33,33,34,26,7,29,4,26,8,
38,4,100,RL_adaptive,1.2712331131514374,0.369031680587768,0.998692442856339,0.0013075571436610423,31,40,29,20,11,36,4,20,9,0.998692442856339
38,4,250,Z_only,1.2712331131514374,0.369031680587768,0.6475514502701186,0.3524485497298814,250,0,0,151,99,0,0,0,0,
38,4,250,ZX_split,1.2712331131514374,0.369031680587768,0.9686310554532515,0.031368944546748545,125,125,0,84,41,117,8,0,0,
38,4,250,XYZ_split,1.2712331131514374,0.369031680587768,0.9979196898151758,0.002080310184824241,83,83,84,54,29,77,6,60,24,
38,4,250,RL_adaptive,1.2712331131514374,0.369031680587768,0.998268950068585,0.0017310499314150407,101,59,90,61,40,55,4,61,29,0.998268950068585
38,4,500,Z_only,1.2712331131514374,0.369031680587768,0.6475514502701186,0.3524485497298814,500,0,0,331,169,0,0,0,0,
38,4,500,ZX_split,1.2712331131514374,0.369031680587768,0.9692062191771287,0.03079378082287132,250,250,0,165,85,236,14,0,0,
38,4,500,XYZ_split,1.2712331131514374,0.369031680587768,0.9995605199947483,0.0004394800052517356,166,166,168,106,60,160,6,111,57,
38,4,500,RL_adaptive,1.2712331131514374,0.369031680587768,0.998403120459006,0.0015968795409939673,147,155,198,100,47,145,10,129,69,0.998403120459006
39,0,10,Z_only,1.422512388753582,6.108190330253277,0.5738705604179641,0.42612943958203586,10,0,0,6,4,0,0,0,0,
39,0,10,ZX_split,1.422512388753582,6.108190330253277,0.8795591287065,0.12044087129350001,5,5,0,1,4,5,0,0,0,
39,0,10,XYZ_split,1.422512388753582,6.108190330253277,0.902586166291172,0.09741383370882795,3,3,4,3,0,3,0,1,3,
39,0,10,RL_adaptive,1.422512388753582,6.108190330253277,0.8735037074145692,0.12649629258543083,3,3,4,3,0,3,0,0,4,0.8735037074145692
39,0,25,Z_only,1.422512388753582,6.108190330253277,0.5738705604179641,0.42612943958203586,25,0,0,14,11,0,0,0,0,
39,0,25,ZX_split,1.422512388753582,6.108190330253277,0.9869605403981777,0.01303945960182229,12,13,0,6,6,13,0,0,0,
39,0,25,XYZ_split,1.422512388753582,6.108190330253277,0.9930402580766888,0.006959741923311169,8,8,9,5,3,8,0,3,6,
39,0,25,RL_adaptive,1.422512388753582,6.108190330253277,0.921406250442449,0.07859374955755105,8,9,8,3,5,9,0,5,3,0.921406250442449
39,0,50,Z_only,1.422512388753582,6.108190330253277,0.5738705604179641,0.42612943958203586,50,0,0,27,23,0,0,0,0,
39,0,50,ZX_split,1.422512388753582,6.108190330253277,0.9746905176002204,0.025309482399779593,25,25,0,11,14,25,0,0,0,
39,0,50,XYZ_split,1.422512388753582,6.108190330253277,0.9993515606619613,0.0006484393380387088,16,16,18,9,7,16,0,7,11,
39,0,50,RL_adaptive,1.422512388753582,6.108190330253277,0.9517735736210036,0.048226426378996434,18,17,15,13,5,17,0,9,6,0.9517735736210036
39,0,100,Z_only,1.422512388753582,6.108190330253277,0.5738705604179641,0.42612943958203586,100,0,0,52,48,0,0,0,0,
39,0,100,ZX_split,1.422512388753582,6.108190330253277,0.9881658756992805,0.011834124300719506,50,50,0,32,18,49,1,0,0,
39,0,100,XYZ_split,1.422512388753582,6.108190330253277,0.9966996337590603,0.003300366240939656,33,33,34,19,14,33,0,16,18,
39,0,100,RL_adaptive,1.422512388753582,6.108190330253277,0.9878902085425156,0.012109791457484365,30,40,30,14,16,39,1,13,17,0.9878902085425156
39,0,250,Z_only,1.422512388753582,6.108190330253277,0.5738705604179641,0.42612943958203586,250,0,0,149,101,0,0,0,0,
39,0,250,ZX_split,1.422512388753582,6.108190330253277,0.9919895549989233,0.008010445001076727,125,125,0,69,56,125,0,0,0,
39,0,250,XYZ_split,1.422512388753582,6.108190330253277,0.9919258888906745,0.008074111109325544,83,83,84,46,37,82,1,27,57,
39,0,250,RL_adaptive,1.422512388753582,6.108190330253277,0.987233735054559,0.012766264945440975,104,57,89,55,49,57,0,46,43,0.987233735054559
39,0,500,Z_only,1.422512388753582,6.108190330253277,0.5738705604179641,0.42612943958203586,500,0,0,290,210,0,0,0,0,
39,0,500,ZX_split,1.422512388753582,6.108190330253277,0.9918117027423535,0.00818829725764647,250,250,0,137,113,249,1,0,0,
39,0,500,XYZ_split,1.422512388753582,6.108190330253277,0.9980618720600383,0.0019381279399617313,166,166,168,103,63,165,1,70,98,
39,0,500,RL_adaptive,1.422512388753582,6.108190330253277,0.9986296369029268,0.0013703630970731684,146,164,190,79,67,162,2,82,108,0.9986296369029268
39,1,10,Z_only,1.422512388753582,6.108190330253277,0.5738705604179641,0.42612943958203586,10,0,0,5,5,0,0,0,0,
39,1,10,ZX_split,1.422512388753582,6.108190330253277,0.9555713082786899,0.04442869172131014,5,5,0,4,1,5,0,0,0,
39,1,10,XYZ_split,1.422512388753582,6.108190330253277,0.8735037074145692,0.12649629258543083,3,3,4,3,0,3,0,0,4,
39,1,10,RL_adaptive,1.422512388753582,6.108190330253277,0.902586166291172,0.09741383370882795,3,3,4,3,0,3,0,1,3,0.902586166291172
39,1,25,Z_only,1.422512388753582,6.108190330253277,0.5738705604179641,0.42612943958203586,25,0,0,15,10,0,0,0,0,
39,1,25,ZX_split,1.422512388753582,6.108190330253277,0.9869605403981777,0.01303945960182229,12,13,0,6,6,13,0,0,0,
39,1,25,XYZ_split,1.422512388753582,6.108190330253277,0.8940318998588055,0.10596810014119451,8,8,9,6,2,7,1,1,8,
39,1,25,RL_adaptive,1.422512388753582,6.108190330253277,0.9968153503197299,0.003184649680270102,8,9,8,5,3,9,0,3,5,0.9968153503197299
39,1,50,Z_only,1.422512388753582,6.108190330253277,0.5738705604179641,0.42612943958203586,50,0,0,31,19,0,0,0,0,
39,1,50,ZX_split,1.422512388753582,6.108190330253277,0.9555713082786899,0.04442869172131014,25,25,0,20,5,25,0,0,0,
39,1,50,XYZ_split,1.422512388753582,6.108190330253277,0.9684728747609374,0.03152712523906265,16,16,18,7,9,16,0,5,13,
39,1,50,RL_adaptive,1.422512388753582,6.108190330253277,0.9826815974717854,0.017318402528214594,18,17,15,10,8,17,0,4,11,0.9826815974717854
39,1,100,Z_only,1.422512388753582,6.108190330253277,0.5738705604179641,0.42612943958203586,100,0,0,58,42,0,0,0,0,
39,1,100,ZX_split,1.422512388753582,6.108190330253277,0.9630168869287979,0.036983113071202056,50,50,0,20,30,50,0,0,0,
39,1,100,XYZ_split,1.422512388753582,6.108190330253277,0.9866648354845845,0.013335164515415499,33,33,34,23,10,33,0,15,19,
39,1,100,RL_adaptive,1.422512388753582,6.108190330253277,0.9775670777858597,0.022432922214140283,31,39,30,20,11,38,1,8,22,0.9775670777858597
39,1,250,Z_only,1.422512388753582,6.108190330253277,0.5738705604179641,0.42612943958203586,250,0,0,139,111,0,0,0,0,
39,1,250,ZX_split,1.422512388753582,6.108190330253277,0.9886940348018163,0.01130596519818372,125,125,0,64,61,121,4,0,0,
39,1,250,XYZ_split,1.422512388753582,6.108190330253277,0.9979135310702227,0.002086468929777263,83,83,84,51,32,83,0,32,52,
39,1,250,RL_adaptive,1.422512388753582,6.108190330253277,0.9981964831528317,0.001803516847168285,103,58,89,57,46,58,0,40,49,0.9981964831528317
39,1,500,Z_only,1.422512388753582,6.108190330253277,0.5738705604179641,0.42612943958203586,500,0,0,295,205,0,0,0,0,
39,1,500,ZX_split,1.422512388753582,6.108190330253277,0.9924009307334722,0.007599069266527758,250,250,0,140,110,242,8,0,0,
39,1,500,XYZ_split,1.422512388753582,6.108190330253277,0.999538675153802,0.00046132484619798575,166,166,168,95,71,165,1,73,95,
39,1,500,RL_adaptive,1.422512388753582,6.108190330253277,0.9988864990212014,0.0011135009787985872,147,164,189,89,58,161,3,80,109,0.9988864990212014
39,2,10,Z_only,1.422512388753582,6.108190330253277,0.5738705604179641,0.42612943958203586,10,0,0,5,5,0,0,0,0,
39,2,10,ZX_split,1.422512388753582,6.108190330253277,0.9630168869287979,0.036983113071202056,5,5,0,2,3,5,0,0,0,
39,2,10,XYZ_split,1.422512388753582,6.108190330253277,0.8774576960400492,0.1225423039599508,3,3,4,1,2,3,0,0,4,
39,2,10,RL_adaptive,1.422512388753582,6.108190330253277,0.7740882666376578,0.22591173336234216,3,4,3,3,0,4,0,3,0,0.7740882666376578
39,2,25,Z_only,1.422512388753582,6.108190330253277,0.5738705604179641,0.42612943958203586,25,0,0,18,7,0,0,0,0,
39,2,25,ZX_split,1.422512388753582,6.108190330253277,0.9380193104830905,0.06198068951690949,12,13,0,9,3,11,2,0,0,
39,2,25,XYZ_split,1.422512388753582,6.108190330253277,0.9414242207127221,0.05857577928727786,8,8,9,7,1,8,0,3,6,
39,2,25,RL_adaptive,1.422512388753582,6.108190330253277,0.9968153503197299,0.003184649680270102,8,9,8,5,3,9,0,3,5,0.9968153503197299
39,2,50,Z_only,1.422512388753582,6.108190330253277,0.5738705604179641,0.42612943958203586,50,0,0,33,17,0,0,0,0,
39,2,50,ZX_split,1.422512388753582,6.108190330253277,0.9836189774339021,0.016381022566097858,25,25,0,12,13,25,0,0,0,
39,2,50,XYZ_split,1.422512388753582,6.108190330253277,0.9766863998673874,0.023313600132612633,16,16,18,11,5,15,1,9,9,
39,2,50,RL_adaptive,1.422512388753582,6.108190330253277,0.9943889688031196,0.005611031196880445,18,17,15,9,9,17,0,6,9,0.9943889688031196
39,2,100,Z_only,1.422512388753582,6.108190330253277,0.5738705604179641,0.42612943958203586,100,0,0,56,44,0,0,0,0,
39,2,100,ZX_split,1.422512388753582,6.108190330253277,0.9863069311714054,0.013693068828594557,50,50,0,33,17,50,0,0,0,
39,2,100,XYZ_split,1.422512388753582,6.108190330253277,0.9969813940258205,0.003018605974179467,33,33,34,19,14,33,0,12,22,
39,2,100,RL_adaptive,1.422512388753582,6.108190330253277,0.9921080290973947,0.007891970902605294,30,40,30,15,15,39,1,11,19,0.9921080290973947
39,2,250,Z_only,1.422512388753582,6.108190330253277,0.5738705604179641,0.42612943958203586,250,0,0,139,111,0,0,0,0,
39,2,250,ZX_split,1.422512388753582,6.108190330253277,0.9923757634800553,0.007624236519944705,125,125,0,70,55,122,3,0,0,
39,2,250,XYZ_split,1.422512388753582,6.108190330253277,0.9936039089781659,0.006396091021834138,83,83,84,48,35,81,2,28,56,
39,2,250,RL_adaptive,1.422512388753582,6.108190330253277,0.9999762490671241,2.3750932875876707e-05,103,58,89,59,44,58,0,37,52,0.9999762490671241
39,2,500,Z_only,1.422512388753582,6.108190330253277,0.5738705604179641,0.42612943958203586,500,0,0,279,221,0,0,0,0,
39,2,500,ZX_split,1.422512388753582,6.108190330253277,0.9924200047422075,0.007579995257792516,250,250,0,146,104,246,4,0,0,
39,2,500,XYZ_split,1.422512388753582,6.108190330253277,0.9995750318044211,0.00042496819557891197,166,166,168,95,71,164,2,73,95,
39,2,500,RL_adaptive,1.422512388753582,6.108190330253277,0.9994066519503363,0.0005933480496637111,146,164,190,83,63,163,1,83,107,0.9994066519503363
39,3,10,Z_only,1.422512388753582,6.108190330253277,0.4261294395820358,0.5738705604179641,10,0,0,2,8,0,0,0,0,
39,3,10,ZX_split,1.422512388753582,6.108190330253277,0.9630168869287979,0.036983113071202056,5,5,0,2,3,5,0,0,0,
39,3,10,XYZ_split,1.422512388753582,6.108190330253277,0.9331872876109769,0.06681271238902309,3,3,4,1,2,3,0,1,3,
39,3,10,RL_adaptive,1.422512388753582,6.108190330253277,0.974054182924628,0.025945817075372024,2,4,4,1,1,4,0,1,3,0.974054182924628
39,3,25,Z_only,1.422512388753582,6.108190330253277,0.5738705604179641,0.42612943958203586,25,0,0,14,11,0,0,0,0,
39,3,25,ZX_split,1.422512388753582,6.108190330253277,0.9924791635191719,0.00752083648082813,12,13,0,7,5,13,0,0,0,
39,3,25,XYZ_split,1.422512388753582,6.108190330253277,0.9934899060233675,0.006510093976632492,8,8,9,4,4,8,0,4,5,
39,3,25,RL_adaptive,1.422512388753582,6.108190330253277,0.8300386693851385,0.16996133061486152,7,10,8,6,1,10,0,7,1,0.8300386693851385
39,3,50,Z_only,1.422512388753582,6.108190330253277,0.5738705604179641,0.42612943958203586,50,0,0,33,17,0,0,0,0,
39,3,50,ZX_split,1.422512388753582,6.108190330253277,0.9888431931276334,0.011156806872366642,25,25,0,16,9,25,0,0,0,
39,3,50,XYZ_split,1.422512388753582,6.108190330253277,0.9891973712243203,0.010802628775679723,16,16,18,8,8,16,0,6,12,
39,3,50,RL_adaptive,1.422512388753582,6.108190330253277,0.937498197566015,0.06250180243398495,18,17,15,16,2,17,0,5,10,0.937498197566015
39,3,100,Z_only,1.422512388753582,6.108190330253277,0.5738705604179641,0.42612943958203586,100,0,0,60,40,0,0,0,0,
39,3,100,ZX_split,1.422512388753582,6.108190330253277,0.9754728299609506,0.024527170039049362,50,50,0,36,14,50,0,0,0,
39,3,100,XYZ_split,1.422512388753582,6.108190330253277,0.9877529081874508,0.012247091812549238,33,33,34,23,10,33,0,14,20,
39,3,100,RL_adaptive,1.422512388753582,6.108190330253277,0.9684961901733539,0.031503809826646134,32,39,29,25,7,39,0,11,18,0.9684961901733539
39,3,250,Z_only,1.422512388753582,6.108190330253277,0.5738705604179641,0.42612943958203586,250,0,0,146,104,0,0,0,0,
39,3,250,ZX_split,1.422512388753582,6.108190330253277,0.9896377167765026,0.010362283223497415,125,125,0,78,47,121,4,0,0,
39,3,250,XYZ_split,1.422512388753582,6.108190330253277,0.9951612086043232,0.004838791395676778,83,83,84,42,41,82,1,36,48,
39,3,250,RL_adaptive,1.422512388753582,6.108190330253277,0.9927273640774753,0.007272635922524695,104,57,89,57,47,57,0,44,45,0.9927273640774753
39,3,500,Z_only,1.422512388753582,6.108190330253277,0.5738705604179641,0.42612943958203586,500,0,0,287,213,0,0,0,0,
39,3,500,ZX_split,1.422512388753582,6.108190330253277,0.9925275815677611,0.007472418432238892,250,250,0,143,107,247,3,0,0,
39,3,500,XYZ_split,1.422512388753582,6.108190330253277,0.9993194061152556,0.000680593884744396,166,166,168,97,69,165,1,65,103,
39,3,500,RL_adaptive,1.422512388753582,6.108190330253277,0.995830616112926,0.004169383887073996,147,164,189,93,54,158,6,81,108,0.995830616112926
39,4,10,Z_only,1.422512388753582,6.108190330253277,0.5738705604179641,0.42612943958203586,10,0,0,6,4,0,0,0,0,
39,4,10,ZX_split,1.422512388753582,6.108190330253277,0.9630168869287979,0.036983113071202056,5,5,0,2,3,5,0,0,0,
39,4,10,XYZ_split,1.422512388753582,6.108190330253277,0.9016022102144712,0.09839778978552882,3,3,4,2,1,3,0,3,1,
39,4,10,RL_adaptive,1.422512388753582,6.108190330253277,0.8735037074145692,0.12649629258543083,3,3,4,3,0,3,0,0,4,0.8735037074145692
39,4,25,Z_only,1.422512388753582,6.108190330253277,0.4261294395820358,0.5738705604179641,25,0,0,9,16,0,0,0,0,
39,4,25,ZX_split,1.422512388753582,6.108190330253277,0.9924791635191719,0.00752083648082813,12,13,0,7,5,13,0,0,0,
39,4,25,XYZ_split,1.422512388753582,6.108190330253277,0.9736525025893465,0.026347497410653453,8,8,9,6,2,8,0,3,6,
39,4,25,RL_adaptive,1.422512388753582,6.108190330253277,0.9787493895426603,0.02125061045733967,8,9,8,5,3,9,0,2,6,0.9787493895426603
39,4,50,Z_only,1.422512388753582,6.108190330253277,0.5738705604179641,0.42612943958203586,50,0,0,32,18,0,0,0,0,
39,4,50,ZX_split,1.422512388753582,6.108190330253277,0.9895239002171777,0.010476099782822268,25,25,0,13,12,25,0,0,0,
39,4,50,XYZ_split,1.422512388753582,6.108190330253277,0.9782860397489218,0.02171396025107819,16,16,18,10,6,16,0,10,8,
39,4,50,RL_adaptive,1.422512388753582,6.108190330253277,0.9787583095553245,0.0212416904446755,18,17,15,8,10,17,0,5,10,0.9787583095553245
39,4,100,Z_only,1.422512388753582,6.108190330253277,0.5738705604179641,0.42612943958203586,100,0,0,55,45,0,0,0,0,
39,4,100,ZX_split,1.422512388753582,6.108190330253277,0.9917910492855402,0.008208950714459817,50,50,0,30,20,49,1,0,0,
39,4,100,XYZ_split,1.422512388753582,6.108190330253277,0.9727864860107709,0.02721351398922911,33,33,34,22,11,33,0,19,15,
39,4,100,RL_adaptive,1.422512388753582,6.108190330253277,0.9993636345830079,0.0006363654169920796,30,40,30,18,12,40,0,12,18,0.9993636345830079
39,4,250,Z_only,1.422512388753582,6.108190330253277,0.5738705604179641,0.42612943958203586,250,0,0,144,106,0,0,0,0,
39,4,250,ZX_split,1.422512388753582,6.108190330253277,0.9924734095064144,0.0075265904935856165,125,125,0,71,54,125,0,0,0,
39,4,250,XYZ_split,1.422512388753582,6.108190330253277,0.9944088939676157,0.00559110603238433,83,83,84,47,36,82,1,41,43,
39,4,250,RL_adaptive,1.422512388753582,6.108190330253277,0.9986710614174323,0.0013289385825676625,104,58,88,57,47,58,0,34,54,0.9986710614174323
39,4,500,Z_only,1.422512388753582,6.108190330253277,0.5738705604179641,0.42612943958203586,500,0,0,293,207,0,0,0,0,
39,4,500,ZX_split,1.422512388753582,6.108190330253277,0.9924317040034505,0.007568295996549512,250,250,0,141,109,247,3,0,0,
39,4,500,XYZ_split,1.422512388753582,6.108190330253277,0.9986927895722147,0.0013072104277852548,166,166,168,100,66,162,4,73,95,
39,4,500,RL_adaptive,1.422512388753582,6.108190330253277,0.9979162963605056,0.002083703639494394,147,165,188,91,56,165,0,73,115,0.9979162963605056
40,0,10,Z_only,1.2819715529344349,2.9396227151600294,0.6424129373205757,0.3575870626794243,10,0,0,6,4,0,0,0,0,
40,0,10,ZX_split,1.2819715529344349,2.9396227151600294,0.9759043091968913,0.024095690803108694,5,5,0,4,1,0,5,0,0,
40,0,10,XYZ_split,1.2819715529344349,2.9396227151600294,0.9904865723103351,0.0095134276896649,3,3,4,2,1,0,3,2,2,
40,0,10,RL_adaptive,1.2819715529344349,2.9396227151600294,0.9843636299594337,0.015636370040566283,3,3,4,2,1,0,3,3,1,0.9843636299594337
40,0,25,Z_only,1.2819715529344349,2.9396227151600294,0.35758706267942436,0.6424129373205756,25,0,0,12,13,0,0,0,0,
40,0,25,ZX_split,1.2819715529344349,2.9396227151600294,0.9836648423970596,0.016335157602940353,12,13,0,9,3,0,13,0,0,
40,0,25,XYZ_split,1.2819715529344349,2.9396227151600294,0.9759221594726818,0.024077840527318206,8,8,9,6,2,0,8,7,2,
40,0,25,RL_adaptive,1.2819715529344349,2.9396227151600294,0.9560945839615431,0.04390541603845688,7,11,7,6,1,1,10,4,3,0.9560945839615431
40,0,50,Z_only,1.2819715529344349,2.9396227151600294,0.6424129373205757,0.3575870626794243,50,0,0,37,13,0,0,0,0,
40,0,50,ZX_split,1.2819715529344349,2.9396227151600294,0.9237927371650637,0.07620726283493628,25,25,0,10,15,2,23,0,0,
40,0,50,XYZ_split,1.2819715529344349,2.9396227151600294,0.9662836642370821,0.03371633576291788,16,16,18,11,5,0,16,15,3,
40,0,50,RL_adaptive,1.2819715529344349,2.9396227151600294,0.9966495008535505,0.0033504991464494704,18,17,15,12,6,0,17,10,5,0.9966495008535505
40,0,100,Z_only,1.2819715529344349,2.9396227151600294,0.6424129373205757,0.3575870626794243,100,0,0,72,28,0,0,0,0,
40,0,100,ZX_split,1.2819715529344349,2.9396227151600294,0.9904865723103351,0.0095134276896649,50,50,0,33,17,1,49,0,0,
40,0,100,XYZ_split,1.2819715529344349,2.9396227151600294,0.9989807700593866,0.0010192299406134309,33,33,34,21,12,3,30,19,15,
40,0,100,RL_adaptive,1.2819715529344349,2.9396227151600294,0.9968235340203185,0.0031764659796814643,32,38,30,19,13,1,37,17,13,0.9968235340203185
40,0,250,Z_only,1.2819715529344349,2.9396227151600294,0.6424129373205757,0.3575870626794243,250,0,0,146,104,0,0,0,0,
40,0,250,ZX_split,1.2819715529344349,2.9396227151600294,0.9887958339839586,0.01120416601604135,125,125,0,75,50,3,122,0,0,
40,0,250,XYZ_split,1.2819715529344349,2.9396227151600294,0.9993177289531489,0.0006822710468511461,83,83,84,54,29,0,83,53,31,
40,0,250,RL_adaptive,1.2819715529344349,2.9396227151600294,0.9980987871755074,0.0019012128244926263,70,102,78,47,23,6,96,48,30,0.9980987871755074
40,0,500,Z_only,1.2819715529344349,2.9396227151600294,0.6424129373205757,0.3575870626794243,500,0,0,326,174,0,0,0,0,
40,0,500,ZX_split,1.2819715529344349,2.9396227151600294,0.9906621206932573,0.00933787930674268,250,250,0,161,89,4,246,0,0,
40,0,500,XYZ_split,1.2819715529344349,2.9396227151600294,0.9977147198039964,0.002285280196003603,166,166,168,110,56,7,159,93,75,
40,0,500,RL_adaptive,1.2819715529344349,2.9396227151600294,0.9981271760550455,0.0018728239449544715,136,173,191,85,51,8,165,121,70,0.9981271760550455
40,1,10,Z_only,1.2819715529344349,2.9396227151600294,0.6424129373205757,0.3575870626794243,10,0,0,6,4,0,0,0,0,
40,1,10,ZX_split,1.2819715529344349,2.9396227151600294,0.9327212083843072,0.06727879161569283,5,5,0,5,0,0,5,0,0,
40,1,10,XYZ_split,1.2819715529344349,2.9396227151600294,0.8566645671263295,0.14333543287367045,3,3,4,1,2,0,3,4,0,
40,1,10,RL_adaptive,1.2819715529344349,2.9396227151600294,0.9019533587431573,0.0980466412568427,3,3,4,2,1,0,3,1,3,0.9019533587431573
40,1,25,Z_only,1.2819715529344349,2.9396227151600294,0.6424129373205757,0.3575870626794243,25,0,0,16,9,0,0,0,0,
40,1,25,ZX_split,1.2819715529344349,2.9396227151600294,0.9695472643029863,0.030452735697013678,12,13,0,6,6,1,12,0,0,
40,1,25,XYZ_split,1.2819715529344349,2.9396227151600294,0.9785677469785273,0.02143225302147267,8,8,9,4,4,1,7,5,4,
40,1,25,RL_adaptive,1.2819715529344349,2.9396227151600294,0.9142872852372509,0.08571271476274911,8,10,7,4,4,1,9,6,1,0.9142872852372509
40,1,50,Z_only,1.2819715529344349,2.9396227151600294,0.6424129373205757,0.3575870626794243,50,0,0,33,17,0,0,0,0,
40,1,50,ZX_split,1.2819715529344349,2.9396227151600294,0.990555910761828,0.009444089238171971,25,25,0,16,9,0,25,0,0,
40,1,50,XYZ_split,1.2819715529344349,2.9396227151600294,0.9931283823884198,0.006871617611580172,16,16,18,12,4,0,16,11,7,
40,1,50,RL_adaptive,1.2819715529344349,2.9396227151600294,0.9694184871292513,0.030581512870748728,17,18,15,9,8,1,17,7,8,0.9694184871292513
40,1,100,Z_only,1.2819715529344349,2.9396227151600294,0.6424129373205757,0.3575870626794243,100,0,0,67,33,0,0,0,0,
40,1,100,ZX_split,1.2819715529344349,2.9396227151600294,0.9902714742045888,0.00972852579541117,50,50,0,33,17,2,48,0,0,
40,1,100,XYZ_split,1.2819715529344349,2.9396227151600294,0.9934885050776168,0.006511494922383232,33,33,34,20,13,0,33,23,11,
40,1,100,RL_adaptive,1.2819715529344349,2.9396227151600294,0.9984038980573069,0.0015961019426931067,33,37,30,23,10,0,37,18,12,0.9984038980573069
40,1,250,Z_only,1.2819715529344349,2.9396227151600294,0.6424129373205757,0.3575870626794243,250,0,0,162,88,0,0,0,0,
40,1,250,ZX_split,1.2819715529344349,2.9396227151600294,0.9898080668550967,0.010191933144903298,125,125,0,77,48,2,123,0,0,
40,1,250,XYZ_split,1.2819715529344349,2.9396227151600294,0.9952199224382131,0.0047800775617868885,83,83,84,49,34,0,83,54,30,
40,1,250,RL_adaptive,1.2819715529344349,2.9396227151600294,0.9948960103838507,0.005103989616149329,70,103,77,45,25,2,101,52,25,0.9948960103838507
40,1,500,Z_only,1.2819715529344349,2.9396227151600294,0.6424129373205757,0.3575870626794243,500,0,0,318,182,0,0,0,0,
40,1,500,ZX_split,1.2819715529344349,2.9396227151600294,0.990501718013826,0.009498281986173973,250,250,0,158,92,5,245,0,0,
40,1,500,XYZ_split,1.2819715529344349,2.9396227151600294,0.9984457834036848,0.001554216596315161,166,166,168,110,56,8,158,105,63,
40,1,500,RL_adaptive,1.2819715529344349,2.9396227151600294,0.9992326566935422,0.0007673433064577795,136,175,189,84,52,5,170,115,74,0.9992326566935422
40,2,10,Z_only,1.2819715529344349,2.9396227151600294,0.6424129373205757,0.3575870626794243,10,0,0,7,3,0,0,0,0,
40,2,10,ZX_split,1.2819715529344349,2.9396227151600294,0.9324994988380575,0.0675005011619425,5,5,0,2,3,0,5,0,0,
40,2,10,XYZ_split,1.2819715529344349,2.9396227151600294,0.9904865723103351,0.0095134276896649,3,3,4,2,1,0,3,2,2,
40,2,10,RL_adaptive,1.2819715529344349,2.9396227151600294,0.7155768042622801,0.2844231957377199,2,3,5,0,2,0,3,2,3,0.7155768042622801
40,2,25,Z_only,1.2819715529344349,2.9396227151600294,0.6424129373205757,0.3575870626794243,25,0,0,14,11,0,0,0,0,
40,2,25,ZX_split,1.2819715529344349,2.9396227151600294,0.9696834237455632,0.030316576254436844,12,13,0,10,2,0,13,0,0,
40,2,25,XYZ_split,1.2819715529344349,2.9396227151600294,0.976941219181506,0.023058780818493996,8,8,9,5,3,0,8,4,5,
40,2,25,RL_adaptive,1.2819715529344349,2.9396227151600294,0.9379696553268194,0.06203034467318058,8,10,7,4,4,0,10,6,1,0.9379696553268194
40,2,50,Z_only,1.2819715529344349,2.9396227151600294,0.6424129373205757,0.3575870626794243,50,0,0,31,19,0,0,0,0,
40,2,50,ZX_split,1.2819715529344349,2.9396227151600294,0.9777125917955483,0.022287408204451742,25,25,0,18,7,3,22,0,0,
40,2,50,XYZ_split,1.2819715529344349,2.9396227151600294,0.9931283823884198,0.006871617611580172,16,16,18,12,4,0,16,11,7,
40,2,50,RL_adaptive,1.2819715529344349,2.9396227151600294,0.963744590893265,0.03625540910673497,17,18,15,11,6,0,18,6,9,0.963744590893265
40,2,100,Z_only,1.2819715529344349,2.9396227151600294,0.6424129373205757,0.3575870626794243,100,0,0,66,34,0,0,0,0,
40,2,100,ZX_split,1.2819715529344349,2.9396227151600294,0.9888545272873261,0.011145472712673854,50,50,0,35,15,0,50,0,0,
40,2,100,XYZ_split,1.2819715529344349,2.9396227151600294,0.9708241814207732,0.029175818579226798,33,33,34,27,6,2,31,23,11,
40,2,100,RL_adaptive,1.2819715529344349,2.9396227151600294,0.9975878712149607,0.002412128785039269,33,37,30,23,10,1,36,18,12,0.9975878712149607
40,2,250,Z_only,1.2819715529344349,2.9396227151600294,0.6424129373205757,0.3575870626794243,250,0,0,172,78,0,0,0,0,
40,2,250,ZX_split,1.2819715529344349,2.9396227151600294,0.9891620069012699,0.010837993098730125,125,125,0,76,49,1,124,0,0,
40,2,250,XYZ_split,1.2819715529344349,2.9396227151600294,0.9864932113393651,0.013506788660634927,83,83,84,46,37,1,82,44,40,
40,2,250,RL_adaptive,1.2819715529344349,2.9396227151600294,0.9941956766493709,0.0058043233506290814,68,105,77,48,20,2,103,42,35,0.9941956766493709
40,2,500,Z_only,1.2819715529344349,2.9396227151600294,0.6424129373205757,0.3575870626794243,500,0,0,320,180,0,0,0,0,
40,2,500,ZX_split,1.2819715529344349,2.9396227151600294,0.9904513158789516,0.009548684121048368,250,250,0,165,85,6,244,0,0,
40,2,500,XYZ_split,1.2819715529344349,2.9396227151600294,0.9998109932245299,0.0001890067754700686,166,166,168,107,59,4,162,98,70,
40,2,500,RL_adaptive,1.2819715529344349,2.9396227151600294,0.9951433268503941,0.004856673149605917,137,173,190,97,40,8,165,118,72,0.9951433268503941
40,3,10,Z_only,1.2819715529344349,2.9396227151600294,0.6424129373205757,0.3575870626794243,10,0,0,6,4,0,0,0,0,
40,3,10,ZX_split,1.2819715529344349,2.9396227151600294,0.9883584485600329,0.011641551439967146,5,5,0,3,2,0,5,0,0,
40,3,10,XYZ_split,1.2819715529344349,2.9396227151600294,0.7150194576103512,0.28498054238964876,3,3,4,3,0,1,2,1,3,
40,3,10,RL_adaptive,1.2819715529344349,2.9396227151600294,0.9843636299594337,0.015636370040566283,3,3,4,2,1,0,3,3,1,0.9843636299594337
40,3,25,Z_only,1.2819715529344349,2.9396227151600294,0.6424129373205757,0.3575870626794243,25,0,0,15,10,0,0,0,0,
40,3,25,ZX_split,1.2819715529344349,2.9396227151600294,0.9397460257857874,0.060253974214212636,12,13,0,5,7,0,13,0,0,
40,3,25,XYZ_split,1.2819715529344349,2.9396227151600294,0.9908020818854315,0.009197918114568493,8,8,9,6,2,0,8,5,4,
40,3,25,RL_adaptive,1.2819715529344349,2.9396227151600294,0.9694555299481057,0.030544470051894312,8,10,7,4,4,0,10,5,2,0.9694555299481057
40,3,50,Z_only,1.2819715529344349,2.9396227151600294,0.35758706267942436,0.6424129373205756,50,0,0,24,26,0,0,0,0,
40,3,50,ZX_split,1.2819715529344349,2.9396227151600294,0.9900291446644622,0.009970855335537765,25,25,0,17,8,0,25,0,0,
40,3,50,XYZ_split,1.2819715529344349,2.9396227151600294,0.9975495378769095,0.0024504621230905244,16,16,18,10,6,0,16,10,8,
40,3,50,RL_adaptive,1.2819715529344349,2.9396227151600294,0.9781724575393459,0.021827542460654104,18,17,15,13,5,1,16,11,4,0.9781724575393459
40,3,100,Z_only,1.2819715529344349,2.9396227151600294,0.6424129373205757,0.3575870626794243,100,0,0,72,28,0,0,0,0,
40,3,100,ZX_split,1.2819715529344349,2.9396227151600294,0.9906121592944112,0.009387840705588846,50,50,0,33,17,0,50,0,0,
40,3,100,XYZ_split,1.2819715529344349,2.9396227151600294,0.9605487811242341,0.03945121887576586,33,33,34,19,14,1,32,14,20,
40,3,100,RL_adaptive,1.2819715529344349,2.9396227151600294,0.9854964487417514,0.014503551258248648,33,37,30,25,8,1,36,16,14,0.9854964487417514
40,3,250,Z_only,1.2819715529344349,2.9396227151600294,0.6424129373205757,0.3575870626794243,250,0,0,162,88,0,0,0,0,
40,3,250,ZX_split,1.2819715529344349,2.9396227151600294,0.9898052378481954,0.010194762151804593,125,125,0,83,42,7,118,0,0,
40,3,250,XYZ_split,1.2819715529344349,2.9396227151600294,0.9924996339464404,0.007500366053559637,83,83,84,61,22,3,80,52,32,
40,3,250,RL_adaptive,1.2819715529344349,2.9396227151600294,0.9926217912209966,0.0073782087790034145,72,103,75,40,32,4,99,45,30,0.9926217912209966
40,3,500,Z_only,1.2819715529344349,2.9396227151600294,0.6424129373205757,0.3575870626794243,500,0,0,331,169,0,0,0,0,
40,3,500,ZX_split,1.2819715529344349,2.9396227151600294,0.9905478872496062,0.009452112750393815,250,250,0,164,86,6,244,0,0,
40,3,500,XYZ_split,1.2819715529344349,2.9396227151600294,0.9983722190755121,0.0016277809244878982,166,166,168,105,61,8,158,93,75,
40,3,500,RL_adaptive,1.2819715529344349,2.9396227151600294,0.9980192514696984,0.0019807485303016126,135,176,189,81,54,3,173,112,77,0.9980192514696984
40,4,10,Z_only,1.2819715529344349,2.9396227151600294,0.6424129373205757,0.3575870626794243,10,0,0,5,5,0,0,0,0,
40,4,10,ZX_split,1.2819715529344349,2.9396227151600294,0.9883584485600329,0.011641551439967146,5,5,0,3,2,0,5,0,0,
40,4,10,XYZ_split,1.2819715529344349,2.9396227151600294,0.9843636299594337,0.015636370040566283,3,3,4,2,1,0,3,3,1,
40,4,10,RL_adaptive,1.2819715529344349,2.9396227151600294,0.9019533587431573,0.0980466412568427,3,3,4,2,1,0,3,1,3,0.9019533587431573
40,4,25,Z_only,1.2819715529344349,2.9396227151600294,0.6424129373205757,0.3575870626794243,25,0,0,15,10,0,0,0,0,
40,4,25,ZX_split,1.2819715529344349,2.9396227151600294,0.9518867409973154,0.048113259002684594,12,13,0,11,1,0,13,0,0,
40,4,25,XYZ_split,1.2819715529344349,2.9396227151600294,0.9717857621724794,0.02821423782752064,8,8,9,6,2,0,8,4,5,
40,4,25,RL_adaptive,1.2819715529344349,2.9396227151600294,0.9302005703789064,0.06979942962109364,8,10,7,3,5,0,10,4,3,0.9302005703789064
40,4,50,Z_only,1.2819715529344349,2.9396227151600294,0.6424129373205757,0.3575870626794243,50,0,0,31,19,0,0,0,0,
40,4,50,ZX_split,1.2819715529344349,2.9396227151600294,0.9900291446644622,0.009970855335537765,25,25,0,17,8,0,25,0,0,
40,4,50,XYZ_split,1.2819715529344349,2.9396227151600294,0.9785677469785273,0.02143225302147267,16,16,18,8,8,2,14,10,8,
40,4,50,RL_adaptive,1.2819715529344349,2.9396227151600294,0.8814632787706462,0.11853672122935377,17,18,15,15,2,1,17,4,11,0.8814632787706462
40,4,100,Z_only,1.2819715529344349,2.9396227151600294,0.6424129373205757,0.3575870626794243,100,0,0,53,47,0,0,0,0,
40,4,100,ZX_split,1.2819715529344349,2.9396227151600294,0.9883584485600329,0.011641551439967146,50,50,0,30,20,0,50,0,0,
40,4,100,XYZ_split,1.2819715529344349,2.9396227151600294,0.9966366619614452,0.0033633380385548195,33,33,34,21,12,2,31,22,12,
40,4,100,RL_adaptive,1.2819715529344349,2.9396227151600294,0.9944322372643051,0.0055677627356949255,33,37,30,24,9,0,37,17,13,0.9944322372643051
40,4,250,Z_only,1.2819715529344349,2.9396227151600294,0.6424129373205757,0.3575870626794243,250,0,0,167,83,0,0,0,0,
40,4,250,ZX_split,1.2819715529344349,2.9396227151600294,0.9899648644758284,0.010035135524171568,125,125,0,83,42,6,119,0,0,
40,4,250,XYZ_split,1.2819715529344349,2.9396227151600294,0.9979140640688479,0.0020859359311521386,83,83,84,56,27,0,83,47,37,
40,4,250,RL_adaptive,1.2819715529344349,2.9396227151600294,0.99818746549893,0.0018125345010699956,70,104,76,45,25,4,100,42,34,0.99818746549893
40,4,500,Z_only,1.2819715529344349,2.9396227151600294,0.6424129373205757,0.3575870626794243,500,0,0,293,207,0,0,0,0,
40,4,500,ZX_split,1.2819715529344349,2.9396227151600294,0.99028356326364,0.009716436736360023,250,250,0,156,94,6,244,0,0,
40,4,500,XYZ_split,1.2819715529344349,2.9396227151600294,0.9975360552522403,0.002463944747759683,166,166,168,116,50,4,162,101,67,
40,4,500,RL_adaptive,1.2819715529344349,2.9396227151600294,0.9966493308224493,0.003350669177550669,136,173,191,86,50,2,171,126,65,0.9966493308224493
41,0,10,Z_only,1.0749722683847767,4.227411897864508,0.7378783177572311,0.2621216822427689,10,0,0,6,4,0,0,0,0,
41,0,10,ZX_split,1.0749722683847767,4.227411897864508,0.8131793373478046,0.18682066265219543,5,5,0,4,1,1,4,0,0,
41,0,10,XYZ_split,1.0749722683847767,4.227411897864508,0.9803421535854697,0.019657846414530278,3,3,4,3,0,0,3,0,4,
41,0,10,RL_adaptive,1.0749722683847767,4.227411897864508,0.8618370756789736,0.1381629243210264,3,3,4,2,1,2,1,0,4,0.8618370756789736
41,0,25,Z_only,1.0749722683847767,4.227411897864508,0.26212168224276877,0.7378783177572312,25,0,0,12,13,0,0,0,0,
41,0,25,ZX_split,1.0749722683847767,4.227411897864508,0.783967133136978,0.21603286686302203,12,13,0,11,1,5,8,0,0,
41,0,25,XYZ_split,1.0749722683847767,4.227411897864508,0.998492213457688,0.001507786542311984,8,8,9,6,2,2,6,0,9,
41,0,25,RL_adaptive,1.0749722683847767,4.227411897864508,0.954866946805766,0.045133053194233996,7,10,8,6,1,5,5,0,8,0.954866946805766
41,0,50,Z_only,1.0749722683847767,4.227411897864508,0.7378783177572311,0.2621216822427689,50,0,0,42,8,0,0,0,0,
41,0,50,ZX_split,1.0749722683847767,4.227411897864508,0.8122834866914608,0.18771651330853922,25,25,0,19,6,8,17,0,0,
41,0,50,XYZ_split,1.0749722683847767,4.227411897864508,0.9994517413772558,0.0005482586227442132,16,16,18,12,4,4,12,1,17,
41,0,50,RL_adaptive,1.0749722683847767,4.227411897864508,0.9803090545549684,0.019690945445031582,17,18,15,11,6,3,15,1,14,0.9803090545549684
41,0,100,Z_only,1.0749722683847767,4.227411897864508,0.7378783177572311,0.2621216822427689,100,0,0,73,27,0,0,0,0,
41,0,100,ZX_split,1.0749722683847767,4.227411897864508,0.8019008970143664,0.1980991029856336,50,50,0,38,12,19,31,0,0,
41,0,100,XYZ_split,1.0749722683847767,4.227411897864508,0.9922399827204118,0.007760017279588194,33,33,34,24,9,13,20,5,29,
41,0,100,RL_adaptive,1.0749722683847767,4.227411897864508,0.9987955784086183,0.001204421591381677,32,38,30,22,10,12,26,4,26,0.9987955784086183
41,0,250,Z_only,1.0749722683847767,4.227411897864508,0.7378783177572311,0.2621216822427689,250,0,0,176,74,0,0,0,0,
41,0,250,ZX_split,1.0749722683847767,4.227411897864508,0.8097035104257793,0.19029648957422074,125,125,0,87,38,33,92,0,0,
41,0,250,XYZ_split,1.0749722683847767,4.227411897864508,0.9958233481875103,0.004176651812489718,83,83,84,60,23,20,63,12,72,
41,0,250,RL_adaptive,1.0749722683847767,4.227411897864508,0.9945114935381986,0.0054885064618014345,74,97,79,52,22,31,66,3,76,0.9945114935381986
41,0,500,Z_only,1.0749722683847767,4.227411897864508,0.7378783177572311,0.2621216822427689,500,0,0,367,133,0,0,0,0,
41,0,500,ZX_split,1.0749722683847767,4.227411897864508,0.8108388358620718,0.18916116413792816,250,250,0,179,71,63,187,0,0,
41,0,500,XYZ_split,1.0749722683847767,4.227411897864508,0.9995634623965268,0.00043653760347317494,166,166,168,125,41,50,116,21,147,
41,0,500,RL_adaptive,1.0749722683847767,4.227411897864508,0.9944133488157642,0.005586651184235847,141,191,168,97,44,46,145,10,158,0.9944133488157642
41,1,10,Z_only,1.0749722683847767,4.227411897864508,0.7378783177572311,0.2621216822427689,10,0,0,5,5,0,0,0,0,
41,1,10,ZX_split,1.0749722683847767,4.227411897864508,0.8131793373478046,0.18682066265219543,5,5,0,5,0,0,5,0,0,
41,1,10,XYZ_split,1.0749722683847767,4.227411897864508,0.812063607925384,0.187936392074616,3,3,4,3,0,2,1,1,3,
41,1,10,RL_adaptive,1.0749722683847767,4.227411897864508,0.8844627903715039,0.11553720962849612,3,3,4,3,0,2,1,0,4,0.8844627903715039
41,1,25,Z_only,1.0749722683847767,4.227411897864508,0.7378783177572311,0.2621216822427689,25,0,0,16,9,0,0,0,0,
41,1,25,ZX_split,1.0749722683847767,4.227411897864508,0.8085019406253398,0.19149805937466025,12,13,0,10,2,4,9,0,0,
41,1,25,XYZ_split,1.0749722683847767,4.227411897864508,0.7653958860434525,0.23460411395654746,8,8,9,3,5,2,6,3,6,
41,1,25,RL_adaptive,1.0749722683847767,4.227411897864508,0.9997874853782122,0.00021251462178784042,7,10,8,5,2,3,7,1,7,0.9997874853782122
41,1,50,Z_only,1.0749722683847767,4.227411897864508,0.7378783177572311,0.2621216822427689,50,0,0,43,7,0,0,0,0,
41,1,50,ZX_split,1.0749722683847767,4.227411897864508,0.803971966271605,0.19602803372839495,25,25,0,17,8,6,19,0,0,
41,1,50,XYZ_split,1.0749722683847767,4.227411897864508,0.9878014798833512,0.012198520116648792,16,16,18,11,5,3,13,2,16,
41,1,50,RL_adaptive,1.0749722683847767,4.227411897864508,0.974083717977143,0.025916282022857007,17,18,15,12,5,8,10,1,14,0.974083717977143
41,1,100,Z_only,1.0749722683847767,4.227411897864508,0.7378783177572311,0.2621216822427689,100,0,0,71,29,0,0,0,0,
41,1,100,ZX_split,1.0749722683847767,4.227411897864508,0.8094630288592335,0.1905369711407665,50,50,0,40,10,16,34,0,0,
41,1,100,XYZ_split,1.0749722683847767,4.227411897864508,0.9971437045855686,0.0028562954144314423,33,33,34,22,11,10,23,5,29,
41,1,100,RL_adaptive,1.0749722683847767,4.227411897864508,0.9929208756679792,0.0070791243320208475,32,38,30,22,10,14,24,3,27,0.9929208756679792
41,1,250,Z_only,1.0749722683847767,4.227411897864508,0.7378783177572311,0.2621216822427689,250,0,0,182,68,0,0,0,0,
41,1,250,ZX_split,1.0749722683847767,4.227411897864508,0.8131793373478046,0.18682066265219543,125,125,0,84,41,41,84,0,0,
41,1,250,XYZ_split,1.0749722683847767,4.227411897864508,0.9935611071657592,0.006438892834240817,83,83,84,65,18,24,59,15,69,
41,1,250,RL_adaptive,1.0749722683847767,4.227411897864508,0.999256595195668,0.000743404804331993,72,99,79,56,16,28,71,8,71,0.999256595195668
41,1,500,Z_only,1.0749722683847767,4.227411897864508,0.7378783177572311,0.2621216822427689,500,0,0,396,104,0,0,0,0,
41,1,500,ZX_split,1.0749722683847767,4.227411897864508,0.8140224876253159,0.18597751237468407,250,250,0,189,61,71,179,0,0,
41,1,500,XYZ_split,1.0749722683847767,4.227411897864508,0.997594835531725,0.0024051644682749895,166,166,168,119,47,42,124,21,147,
41,1,500,RL_adaptive,1.0749722683847767,4.227411897864508,0.9972204454137025,0.002779554586297528,141,187,172,103,38,47,140,24,148,0.9972204454137025
41,2,10,Z_only,1.0749722683847767,4.227411897864508,0.7378783177572311,0.2621216822427689,10,0,0,7,3,0,0,0,0,
41,2,10,ZX_split,1.0749722683847767,4.227411897864508,0.6608368585412451,0.3391631414587549,5,5,0,4,1,3,2,0,0,
41,2,10,XYZ_split,1.0749722683847767,4.227411897864508,0.9634597947172958,0.036540205282704186,3,3,4,2,1,0,3,0,4,
41,2,10,RL_adaptive,1.0749722683847767,4.227411897864508,0.9785343213845697,0.02146567861543025,3,3,4,3,0,1,2,0,4,0.9785343213845697
41,2,25,Z_only,1.0749722683847767,4.227411897864508,0.7378783177572311,0.2621216822427689,25,0,0,17,8,0,0,0,0,
41,2,25,ZX_split,1.0749722683847767,4.227411897864508,0.19809910298563344,0.8019008970143666,12,13,0,5,7,7,6,0,0,
41,2,25,XYZ_split,1.0749722683847767,4.227411897864508,0.9866345106810511,0.013365489318948875,8,8,9,6,2,2,6,2,7,
41,2,25,RL_adaptive,1.0749722683847767,4.227411897864508,0.9818938197256653,0.01810618027433475,7,10,8,6,1,4,6,0,8,0.9818938197256653
41,2,50,Z_only,1.0749722683847767,4.227411897864508,0.7378783177572311,0.2621216822427689,50,0,0,38,12,0,0,0,0,
41,2,50,ZX_split,1.0749722683847767,4.227411897864508,0.8066468966406836,0.19335310335931644,25,25,0,19,6,9,16,0,0,
41,2,50,XYZ_split,1.0749722683847767,4.227411897864508,0.9925350524328072,0.007464947567192848,16,16,18,12,4,3,13,2,16,
41,2,50,RL_adaptive,1.0749722683847767,4.227411897864508,0.9921808388270629,0.007819161172937128,17,18,15,13,4,5,13,3,12,0.9921808388270629
41,2,100,Z_only,1.0749722683847767,4.227411897864508,0.7378783177572311,0.2621216822427689,100,0,0,65,35,0,0,0,0,
41,2,100,ZX_split,1.0749722683847767,4.227411897864508,0.8122834866914608,0.18771651330853922,50,50,0,38,12,16,34,0,0,
41,2,100,XYZ_split,1.0749722683847767,4.227411897864508,0.9956592066525658,0.004340793347434202,33,33,34,25,8,8,25,5,29,
41,2,100,RL_adaptive,1.0749722683847767,4.227411897864508,0.9931805233475915,0.006819476652408452,33,37,30,28,5,11,26,3,27,0.9931805233475915
41,2,250,Z_only,1.0749722683847767,4.227411897864508,0.7378783177572311,0.2621216822427689,250,0,0,193,57,0,0,0,0,
41,2,250,ZX_split,1.0749722683847767,4.227411897864508,0.813375556313638,0.186624443686362,125,125,0,91,34,41,84,0,0,
41,2,250,XYZ_split,1.0749722683847767,4.227411897864508,0.9981231156649333,0.0018768843350667197,83,83,84,60,23,27,56,7,77,
41,2,250,RL_adaptive,1.0749722683847767,4.227411897864508,0.9959805852254564,0.004019414774543595,70,100,80,58,12,27,73,8,72,0.9959805852254564
41,2,500,Z_only,1.0749722683847767,4.227411897864508,0.7378783177572311,0.2621216822427689,500,0,0,371,129,0,0,0,0,
41,2,500,ZX_split,1.0749722683847767,4.227411897864508,0.8131793373478046,0.18682066265219543,250,250,0,176,74,74,176,0,0,
41,2,500,XYZ_split,1.0749722683847767,4.227411897864508,0.9989722566726636,0.00102774332733635,166,166,168,125,41,53,113,15,153,
41,2,500,RL_adaptive,1.0749722683847767,4.227411897864508,0.9994792791202697,0.0005207208797303187,142,189,169,108,34,49,140,16,153,0.9994792791202697
41,3,10,Z_only,1.0749722683847767,4.227411897864508,0.7378783177572311,0.2621216822427689,10,0,0,8,2,0,0,0,0,
41,3,10,ZX_split,1.0749722683847767,4.227411897864508,0.8131793373478046,0.18682066265219543,5,5,0,4,1,1,4,0,0,
41,3,10,XYZ_split,1.0749722683847767,4.227411897864508,0.9634597947172958,0.036540205282704186,3,3,4,2,1,0,3,0,4,
41,3,10,RL_adaptive,1.0749722683847767,4.227411897864508,0.9803421535854697,0.019657846414530278,4,3,3,4,0,0,3,0,3,0.9803421535854697
41,3,25,Z_only,1.0749722683847767,4.227411897864508,0.7378783177572311,0.2621216822427689,25,0,0,17,8,0,0,0,0,
41,3,25,ZX_split,1.0749722683847767,4.227411897864508,0.8122834866914608,0.18771651330853922,12,13,0,12,0,2,11,0,0,
41,3,25,XYZ_split,1.0749722683847767,4.227411897864508,0.9712161148081889,0.028783885191811076,8,8,9,5,3,3,5,0,9,
41,3,25,RL_adaptive,1.0749722683847767,4.227411897864508,0.9529808389110808,0.04701916108891924,7,11,7,6,1,3,8,2,5,0.9529808389110808
41,3,50,Z_only,1.0749722683847767,4.227411897864508,0.7378783177572311,0.2621216822427689,50,0,0,41,9,0,0,0,0,
41,3,50,ZX_split,1.0749722683847767,4.227411897864508,0.8006820171358321,0.1993179828641679,25,25,0,16,9,7,18,0,0,
41,3,50,XYZ_split,1.0749722683847767,4.227411897864508,0.9962147964294975,0.0037852035705024933,16,16,18,13,3,4,12,2,16,
41,3,50,RL_adaptive,1.0749722683847767,4.227411897864508,0.9975872313988219,0.002412768601178117,17,18,15,14,3,4,14,1,14,0.9975872313988219
41,3,100,Z_only,1.0749722683847767,4.227411897864508,0.7378783177572311,0.2621216822427689,100,0,0,78,22,0,0,0,0,
41,3,100,ZX_split,1.0749722683847767,4.227411897864508,0.8101682769599837,0.18983172304001628,50,50,0,36,14,12,38,0,0,
41,3,100,XYZ_split,1.0749722683847767,4.227411897864508,0.9900267988001069,0.00997320119989309,33,33,34,25,8,5,28,3,31,
41,3,100,RL_adaptive,1.0749722683847767,4.227411897864508,0.9677541236369261,0.032245876363073855,32,38,30,23,9,18,20,4,26,0.9677541236369261
41,3,250,Z_only,1.0749722683847767,4.227411897864508,0.7378783177572311,0.2621216822427689,250,0,0,180,70,0,0,0,0,
41,3,250,ZX_split,1.0749722683847767,4.227411897864508,0.813948716709189,0.186051283290811,125,125,0,94,31,34,91,0,0,
41,3,250,XYZ_split,1.0749722683847767,4.227411897864508,0.9966892328164977,0.0033107671835023167,83,83,84,58,25,30,53,11,73,
41,3,250,RL_adaptive,1.0749722683847767,4.227411897864508,0.9992077319862074,0.0007922680137926186,72,99,79,56,16,27,72,8,71,0.9992077319862074
41,3,500,Z_only,1.0749722683847767,4.227411897864508,0.7378783177572311,0.2621216822427689,500,0,0,377,123,0,0,0,0,
41,3,500,ZX_split,1.0749722683847767,4.227411897864508,0.8120805591019482,0.1879194408980518,250,250,0,176,74,70,180,0,0,
41,3,500,XYZ_split,1.0749722683847767,4.227411897864508,0.9991690296364435,0.0008309703635565047,166,166,168,118,48,52,114,18,150,
41,3,500,RL_adaptive,1.0749722683847767,4.227411897864508,0.9995711264060422,0.00042887359395782365,141,188,171,103,38,52,136,20,151,0.9995711264060422
41,4,10,Z_only,1.0749722683847767,4.227411897864508,0.7378783177572311,0.2621216822427689,10,0,0,10,0,0,0,0,0,
41,4,10,ZX_split,1.0749722683847767,4.227411897864508,0.8131793373478046,0.18682066265219543,5,5,0,4,1,1,4,0,0,
41,4,10,XYZ_split,1.0749722683847767,4.227411897864508,0.8618370756789736,0.1381629243210264,3,3,4,2,1,2,1,0,4,
41,4,10,RL_adaptive,1.0749722683847767,4.227411897864508,0.9634597947172958,0.036540205282704186,3,3,4,2,1,0,3,0,4,0.9634597947172958
41,4,25,Z_only,1.0749722683847767,4.227411897864508,0.7378783177572311,0.2621216822427689,25,0,0,18,7,0,0,0,0,
41,4,25,ZX_split,1.0749722683847767,4.227411897864508,0.8138796196596877,0.1861203803403123,12,13,0,10,2,3,10,0,0,
41,4,25,XYZ_split,1.0749722683847767,4.227411897864508,0.9543812734543454,0.045618726545654575,8,8,9,6,2,4,4,0,9,
41,4,25,RL_adaptive,1.0749722683847767,4.227411897864508,0.855084031329672,0.14491596867032797,7,11,7,7,0,2,9,3,4,0.855084031329672
41,4,50,Z_only,1.0749722683847767,4.227411897864508,0.7378783177572311,0.2621216822427689,50,0,0,35,15,0,0,0,0,
41,4,50,ZX_split,1.0749722683847767,4.227411897864508,0.8131793373478046,0.18682066265219543,25,25,0,19,6,6,19,0,0,
41,4,50,XYZ_split,1.0749722683847767,4.227411897864508,0.984313006516134,0.01568699348386604,16,16,18,10,6,4,12,3,15,
41,4,50,RL_adaptive,1.0749722683847767,4.227411897864508,0.9975434894111227,0.002456510588877303,17,18,15,13,4,6,12,2,13,0.9975434894111227
41,4,100,Z_only,1.0749722683847767,4.227411897864508,0.7378783177572311,0.2621216822427689,100,0,0,78,22,0,0,0,0,
41,4,100,ZX_split,1.0749722683847767,4.227411897864508,0.8063745855858169,0.19362541441418313,50,50,0,40,10,17,33,0,0,
41,4,100,XYZ_split,1.0749722683847767,4.227411897864508,0.9793706306243736,0.020629369375626427,33,33,34,26,7,14,19,5,29,
41,4,100,RL_adaptive,1.0749722683847767,4.227411897864508,0.984131988336927,0.015868011663072945,34,36,30,27,7,4,32,3,27,0.984131988336927
41,4,250,Z_only,1.0749722683847767,4.227411897864508,0.7378783177572311,0.2621216822427689,250,0,0,180,70,0,0,0,0,
41,4,250,ZX_split,1.0749722683847767,4.227411897864508,0.8131099714517851,0.1868900285482149,125,125,0,89,36,43,82,0,0,
41,4,250,XYZ_split,1.0749722683847767,4.227411897864508,0.9873646395404625,0.012635360459537504,83,83,84,56,27,33,50,9,75,
41,4,250,RL_adaptive,1.0749722683847767,4.227411897864508,0.9910537879152691,0.008946212084730898,73,96,81,59,14,32,64,13,68,0.9910537879152691
41,4,500,Z_only,1.0749722683847767,4.227411897864508,0.7378783177572311,0.2621216822427689,500,0,0,369,131,0,0,0,0,
41,4,500,ZX_split,1.0749722683847767,4.227411897864508,0.8123310208832393,0.18766897911676073,250,250,0,197,53,75,175,0,0,
41,4,500,XYZ_split,1.0749722683847767,4.227411897864508,0.9992289338211662,0.0007710661788338236,166,166,168,123,43,54,112,24,144,
41,4,500,RL_adaptive,1.0749722683847767,4.227411897864508,0.9969461129030733,0.0030538870969266663,141,189,170,97,44,57,132,15,155,0.9969461129030733
42,0,10,Z_only,0.6152397033268341,0.7988717720233715,0.9083175622799774,0.0916824377200226,10,0,0,9,1,0,0,0,0,
42,0,10,ZX_split,0.6152397033268341,0.7988717720233715,0.9536907601774631,0.046309239822536874,5,5,0,5,0,4,1,0,0,
42,0,10,XYZ_split,0.6152397033268341,0.7988717720233715,0.8778163308619494,0.12218366913805057,3,3,4,2,1,3,0,3,1,
42,0,10,RL_adaptive,0.6152397033268341,0.7988717720233715,0.9961194738160899,0.0038805261839101046,3,3,4,3,0,2,1,3,1,0.9961194738160899
42,0,25,Z_only,0.6152397033268341,0.7988717720233715,0.9083175622799774,0.0916824377200226,25,0,0,23,2,0,0,0,0,
42,0,25,ZX_split,0.6152397033268341,0.7988717720233715,0.9341766661024526,0.06582333389754735,12,13,0,9,3,7,6,0,0,
42,0,25,XYZ_split,0.6152397033268341,0.7988717720233715,0.9780781066189694,0.021921893381030566,8,8,9,6,2,6,2,6,3,
42,0,25,RL_adaptive,0.6152397033268341,0.7988717720233715,0.9929903902381355,0.007009609761864488,6,11,8,6,0,9,2,7,1,0.9929903902381355
42,0,50,Z_only,0.6152397033268341,0.7988717720233715,0.9083175622799774,0.0916824377200226,50,0,0,46,4,0,0,0,0,
42,0,50,ZX_split,0.6152397033268341,0.7988717720233715,0.9552036557112438,0.04479634428875623,25,25,0,24,1,18,7,0,0,
42,0,50,XYZ_split,0.6152397033268341,0.7988717720233715,0.9748391398927282,0.02516086010727181,16,16,18,15,1,10,6,16,2,
42,0,50,RL_adaptive,0.6152397033268341,0.7988717720233715,0.960362534414345,0.03963746558565495,18,16,16,18,0,9,7,15,1,0.960362534414345
42,0,100,Z_only,0.6152397033268341,0.7988717720233715,0.9083175622799774,0.0916824377200226,100,0,0,84,16,0,0,0,0,
42,0,100,ZX_split,0.6152397033268341,0.7988717720233715,0.9552286410399535,0.04477135896004647,50,50,0,47,3,36,14,0,0,
42,0,100,XYZ_split,0.6152397033268341,0.7988717720233715,0.9981687179474741,0.0018312820525259177,33,33,34,31,2,24,9,23,11,
42,0,100,RL_adaptive,0.6152397033268341,0.7988717720233715,0.9681120210238205,0.031887978976179454,34,38,28,34,0,22,16,17,11,0.9681120210238205
42,0,250,Z_only,0.6152397033268341,0.7988717720233715,0.9083175622799774,0.0916824377200226,250,0,0,228,22,0,0,0,0,
42,0,250,ZX_split,0.6152397033268341,0.7988717720233715,0.9552353091306232,0.044764690869376844,125,125,0,112,13,87,38,0,0,
42,0,250,XYZ_split,0.6152397033268341,0.7988717720233715,0.9953675464669856,0.004632453533014447,83,83,84,80,3,55,28,57,27,
42,0,250,RL_adaptive,0.6152397033268341,0.7988717720233715,0.9987677855997492,0.0012322144002507862,86,71,93,81,5,52,19,64,29,0.9987677855997492
42,0,500,Z_only,0.6152397033268341,0.7988717720233715,0.9083175622799774,0.0916824377200226,500,0,0,445,55,0,0,0,0,
42,0,500,ZX_split,0.6152397033268341,0.7988717720233715,0.9548757225577686,0.04512427744223135,250,250,0,224,26,169,81,0,0,
42,0,500,XYZ_split,0.6152397033268341,0.7988717720233715,0.9962749110524317,0.003725088947568289,166,166,168,144,22,124,42,119,49,
42,0,500,RL_adaptive,0.6152397033268341,0.7988717720233715,0.998903295740399,0.0010967042596009557,148,152,200,136,12,107,45,150,50,0.998903295740399
42,1,10,Z_only,0.6152397033268341,0.7988717720233715,0.9083175622799774,0.0916824377200226,10,0,0,10,0,0,0,0,0,
42,1,10,ZX_split,0.6152397033268341,0.7988717720233715,0.9510166096149258,0.048983390385074155,5,5,0,4,1,3,2,0,0,
42,1,10,XYZ_split,0.6152397033268341,0.7988717720233715,0.9961194738160899,0.0038805261839101046,3,3,4,3,0,2,1,3,1,
42,1,10,RL_adaptive,0.6152397033268341,0.7988717720233715,0.9310555637489948,0.06894443625100521,3,3,4,3,0,3,0,2,2,0.9310555637489948
42,1,25,Z_only,0.6152397033268341,0.7988717720233715,0.9083175622799774,0.0916824377200226,25,0,0,25,0,0,0,0,0,
42,1,25,ZX_split,0.6152397033268341,0.7988717720233715,0.9502901157801993,0.049709884219800715,12,13,0,12,0,11,2,0,0,
42,1,25,XYZ_split,0.6152397033268341,0.7988717720233715,0.9959251257100888,0.004074874289911157,8,8,9,7,1,5,3,6,3,
42,1,25,RL_adaptive,0.6152397033268341,0.7988717720233715,0.9923772366529187,0.0076227633470813405,6,11,8,6,0,8,3,7,1,0.9923772366529187
42,1,50,Z_only,0.6152397033268341,0.7988717720233715,0.9083175622799774,0.0916824377200226,50,0,0,42,8,0,0,0,0,
42,1,50,ZX_split,0.6152397033268341,0.7988717720233715,0.9310555637489948,0.06894443625100521,25,25,0,21,4,21,4,0,0,
42,1,50,XYZ_split,0.6152397033268341,0.7988717720233715,0.9202210166720106,0.07977898332798938,16,16,18,16,0,10,6,8,10,
42,1,50,RL_adaptive,0.6152397033268341,0.7988717720233715,0.9658688790952741,0.03413112090472592,18,17,15,16,2,10,7,13,2,0.9658688790952741
42,1,100,Z_only,0.6152397033268341,0.7988717720233715,0.9083175622799774,0.0916824377200226,100,0,0,91,9,0,0,0,0,
42,1,100,ZX_split,0.6152397033268341,0.7988717720233715,0.9438360776169968,0.05616392238300316,50,50,0,46,4,30,20,0,0,
42,1,100,XYZ_split,0.6152397033268341,0.7988717720233715,0.9583990287074332,0.04160097129256679,33,33,34,27,6,29,4,22,12,
42,1,100,RL_adaptive,0.6152397033268341,0.7988717720233715,0.986686532067692,0.013313467932308032,34,38,28,33,1,23,15,19,9,0.986686532067692
42,1,250,Z_only,0.6152397033268341,0.7988717720233715,0.9083175622799774,0.0916824377200226,250,0,0,226,24,0,0,0,0,
42,1,250,ZX_split,0.6152397033268341,0.7988717720233715,0.9549485290451151,0.04505147095488493,125,125,0,117,8,87,38,0,0,
42,1,250,XYZ_split,0.6152397033268341,0.7988717720233715,0.9958238382364547,0.004176161763545294,83,83,84,74,9,53,30,55,29,
42,1,250,RL_adaptive,0.6152397033268341,0.7988717720233715,0.9930906177192268,0.006909382280773202,89,67,94,82,7,54,13,66,28,0.9930906177192268
42,1,500,Z_only,0.6152397033268341,0.7988717720233715,0.9083175622799774,0.0916824377200226,500,0,0,453,47,0,0,0,0,
42,1,500,ZX_split,0.6152397033268341,0.7988717720233715,0.9542664515108518,0.045733548489148235,250,250,0,229,21,185,65,0,0,
42,1,500,XYZ_split,0.6152397033268341,0.7988717720233715,0.9984423654915013,0.001557634508498662,166,166,168,153,13,121,45,114,54,
42,1,500,RL_adaptive,0.6152397033268341,0.7988717720233715,0.9957608874441108,0.004239112555889157,147,155,198,133,14,99,56,144,54,0.9957608874441108
42,2,10,Z_only,0.6152397033268341,0.7988717720233715,0.9083175622799774,0.0916824377200226,10,0,0,9,1,0,0,0,0,
42,2,10,ZX_split,0.6152397033268341,0.7988717720233715,0.9310555637489948,0.06894443625100521,5,5,0,5,0,5,0,0,0,
42,2,10,XYZ_split,0.6152397033268341,0.7988717720233715,0.5898901155712729,0.4101098844287271,3,3,4,2,1,3,0,0,4,
42,2,10,RL_adaptive,0.6152397033268341,0.7988717720233715,0.788550951029093,0.211449048970907,2,4,4,1,1,4,0,4,0,0.788550951029093
42,2,25,Z_only,0.6152397033268341,0.7988717720233715,0.9083175622799774,0.0916824377200226,25,0,0,24,1,0,0,0,0,
42,2,25,ZX_split,0.6152397033268341,0.7988717720233715,0.9282172223108216,0.0717827776891784,12,13,0,10,2,11,2,0,0,
42,2,25,XYZ_split,0.6152397033268341,0.7988717720233715,0.8937311033210132,0.10626889667898676,8,8,9,6,2,6,2,4,5,
42,2,25,RL_adaptive,0.6152397033268341,0.7988717720233715,0.9923517395076117,0.007648260492388315,6,11,8,6,0,7,4,6,2,0.9923517395076117
42,2,50,Z_only,0.6152397033268341,0.7988717720233715,0.9083175622799774,0.0916824377200226,50,0,0,44,6,0,0,0,0,
42,2,50,ZX_split,0.6152397033268341,0.7988717720233715,0.9431223472240489,0.05687765277595114,25,25,0,19,6,14,11,0,0,
42,2,50,XYZ_split,0.6152397033268341,0.7988717720233715,0.9841741561381397,0.015825843861860256,16,16,18,15,1,10,6,11,7,
42,2,50,RL_adaptive,0.6152397033268341,0.7988717720233715,0.9941179006585052,0.005882099341494751,18,17,15,17,1,11,6,10,5,0.9941179006585052
42,2,100,Z_only,0.6152397033268341,0.7988717720233715,0.9083175622799774,0.0916824377200226,100,0,0,86,14,0,0,0,0,
42,2,100,ZX_split,0.6152397033268341,0.7988717720233715,0.9492573957087327,0.05074260429126731,50,50,0,46,4,40,10,0,0,
42,2,100,XYZ_split,0.6152397033268341,0.7988717720233715,0.9980291772105914,0.0019708227894086328,33,33,34,29,4,24,9,23,11,
42,2,100,RL_adaptive,0.6152397033268341,0.7988717720233715,0.9726864862563639,0.02731351374363611,33,38,29,28,5,28,10,16,13,0.9726864862563639
42,2,250,Z_only,0.6152397033268341,0.7988717720233715,0.9083175622799774,0.0916824377200226,250,0,0,229,21,0,0,0,0,
42,2,250,ZX_split,0.6152397033268341,0.7988717720233715,0.9549961410663549,0.04500385893364511,125,125,0,114,11,90,35,0,0,
42,2,250,XYZ_split,0.6152397033268341,0.7988717720233715,0.9977681551405755,0.0022318448594245144,83,83,84,77,6,57,26,64,20,
42,2,250,RL_adaptive,0.6152397033268341,0.7988717720233715,0.9947759094204321,0.005224090579567853,85,74,91,76,9,47,27,67,24,0.9947759094204321
42,2,500,Z_only,0.6152397033268341,0.7988717720233715,0.9083175622799774,0.0916824377200226,500,0,0,456,44,0,0,0,0,
42,2,500,ZX_split,0.6152397033268341,0.7988717720233715,0.9545186717639472,0.045481328236052776,250,250,0,233,17,186,64,0,0,
42,2,500,XYZ_split,0.6152397033268341,0.7988717720233715,0.9978317781072013,0.0021682218927987496,166,166,168,146,20,119,47,111,57,
42,2,500,RL_adaptive,0.6152397033268341,0.7988717720233715,0.9973280261255701,0.002671973874429856,147,152,201,133,14,109,43,154,47,0.9973280261255701
42,3,10,Z_only,0.6152397033268341,0.7988717720233715,0.9083175622799774,0.0916824377200226,10,0,0,9,1,0,0,0,0,
42,3,10,ZX_split,0.6152397033268341,0.7988717720233715,0.8609126704425917,0.13908732955740832,5,5,0,5,0,2,3,0,0,
42,3,10,XYZ_split,0.6152397033268341,0.7988717720233715,0.9753316183503948,0.024668381649605164,3,3,4,3,0,3,0,3,1,
42,3,10,RL_adaptive,0.6152397033268341,0.7988717720233715,0.9349436216115632,0.06505637838843681,3,4,3,3,0,2,2,3,0,0.9349436216115632
42,3,25,Z_only,0.6152397033268341,0.7988717720233715,0.9083175622799774,0.0916824377200226,25,0,0,24,1,0,0,0,0,
42,3,25,ZX_split,0.6152397033268341,0.7988717720233715,0.9441231765985014,0.055876823401498577,12,13,0,10,2,10,3,0,0,
42,3,25,XYZ_split,0.6152397033268341,0.7988717720233715,0.9571088928486559,0.04289110715134414,8,8,9,7,1,4,4,6,3,
42,3,25,RL_adaptive,0.6152397033268341,0.7988717720233715,0.9923517395076117,0.007648260492388315,6,11,8,6,0,7,4,6,2,0.9923517395076117
42,3,50,Z_only,0.6152397033268341,0.7988717720233715,0.9083175622799774,0.0916824377200226,50,0,0,45,5,0,0,0,0,
42,3,50,ZX_split,0.6152397033268341,0.7988717720233715,0.9545108557024444,0.04548914429755557,25,25,0,24,1,19,6,0,0,
42,3,50,XYZ_split,0.6152397033268341,0.7988717720233715,0.9822047790750028,0.01779522092499719,16,16,18,14,2,9,7,12,6,
42,3,50,RL_adaptive,0.6152397033268341,0.7988717720233715,0.9584212623693625,0.04157873763063746,18,17,15,16,2,10,7,8,7,0.9584212623693625
42,3,100,Z_only,0.6152397033268341,0.7988717720233715,0.9083175622799774,0.0916824377200226,100,0,0,92,8,0,0,0,0,
42,3,100,ZX_split,0.6152397033268341,0.7988717720233715,0.9506510154359091,0.04934898456409087,50,50,0,44,6,38,12,0,0,
42,3,100,XYZ_split,0.6152397033268341,0.7988717720233715,0.9740839790836237,0.025916020916376348,33,33,34,27,6,26,7,28,6,
42,3,100,RL_adaptive,0.6152397033268341,0.7988717720233715,0.9874864953603361,0.012513504639663942,34,38,28,33,1,24,14,18,10,0.9874864953603361
42,3,250,Z_only,0.6152397033268341,0.7988717720233715,0.9083175622799774,0.0916824377200226,250,0,0,229,21,0,0,0,0,
42,3,250,ZX_split,0.6152397033268341,0.7988717720233715,0.9552155841223703,0.04478441587762971,125,125,0,115,10,89,36,0,0,
42,3,250,XYZ_split,0.6152397033268341,0.7988717720233715,0.9992447027346866,0.000755297265313426,83,83,84,75,8,60,23,58,26,
42,3,250,RL_adaptive,0.6152397033268341,0.7988717720233715,0.9959436533156257,0.004056346684374268,87,71,92,78,9,49,22,71,21,0.9959436533156257
42,3,500,Z_only,0.6152397033268341,0.7988717720233715,0.9083175622799774,0.0916824377200226,500,0,0,445,55,0,0,0,0,
42,3,500,ZX_split,0.6152397033268341,0.7988717720233715,0.9549220668509268,0.04507793314907316,250,250,0,230,20,172,78,0,0,
42,3,500,XYZ_split,0.6152397033268341,0.7988717720233715,0.9953990434573866,0.004600956542613388,166,166,168,145,21,125,41,114,54,
42,3,500,RL_adaptive,0.6152397033268341,0.7988717720233715,0.9946632358066181,0.005336764193381915,147,154,199,142,5,99,55,145,54,0.9946632358066181
42,4,10,Z_only,0.6152397033268341,0.7988717720233715,0.9083175622799774,0.0916824377200226,10,0,0,10,0,0,0,0,0,
42,4,10,ZX_split,0.6152397033268341,0.7988717720233715,0.9310555637489948,0.06894443625100521,5,5,0,4,1,4,1,0,0,
42,4,10,XYZ_split,0.6152397033268341,0.7988717720233715,0.9695214535301985,0.030478546469801526,3,3,4,3,0,2,1,4,0,
42,4,10,RL_adaptive,0.6152397033268341,0.7988717720233715,0.9753316183503948,0.024668381649605164,3,3,4,3,0,3,0,3,1,0.9753316183503948
42,4,25,Z_only,0.6152397033268341,0.7988717720233715,0.9083175622799774,0.0916824377200226,25,0,0,23,2,0,0,0,0,
42,4,25,ZX_split,0.6152397033268341,0.7988717720233715,0.9550867519229962,0.04491324807700381,12,13,0,9,3,8,5,0,0,
42,4,25,XYZ_split,0.6152397033268341,0.7988717720233715,0.9928468972319767,0.007153102768023278,8,8,9,8,0,7,1,7,2,
42,4,25,RL_adaptive,0.6152397033268341,0.7988717720233715,0.8945697630665681,0.1054302369334319,7,10,8,5,2,10,0,8,0,0.8945697630665681
42,4,50,Z_only,0.6152397033268341,0.7988717720233715,0.9083175622799774,0.0916824377200226,50,0,0,46,4,0,0,0,0,
42,4,50,ZX_split,0.6152397033268341,0.7988717720233715,0.9347142143271411,0.06528578567285892,25,25,0,22,3,14,11,0,0,
42,4,50,XYZ_split,0.6152397033268341,0.7988717720233715,0.9993911631302086,0.000608836869791407,16,16,18,15,1,11,5,13,5,
42,4,50,RL_adaptive,0.6152397033268341,0.7988717720233715,0.9440907885257372,0.055909211474262754,18,17,15,16,2,15,2,8,7,0.9440907885257372
42,4,100,Z_only,0.6152397033268341,0.7988717720233715,0.9083175622799774,0.0916824377200226,100,0,0,95,5,0,0,0,0,
42,4,100,ZX_split,0.6152397033268341,0.7988717720233715,0.9539320499499641,0.046067950050035944,50,50,0,47,3,38,12,0,0,
42,4,100,XYZ_split,0.6152397033268341,0.7988717720233715,0.9774533913522243,0.02254660864777569,33,33,34,28,5,28,5,24,10,
42,4,100,RL_adaptive,0.6152397033268341,0.7988717720233715,0.9796047903731627,0.020395209626837274,34,38,28,32,2,28,10,16,12,0.9796047903731627
42,4,250,Z_only,0.6152397033268341,0.7988717720233715,0.9083175622799774,0.0916824377200226,250,0,0,225,25,0,0,0,0,
42,4,250,ZX_split,0.6152397033268341,0.7988717720233715,0.9522896406688783,0.047710359331121666,125,125,0,113,12,95,30,0,0,
42,4,250,XYZ_split,0.6152397033268341,0.7988717720233715,0.9977236222424377,0.0022763777575622868,83,83,84,74,9,62,21,60,24,
42,4,250,RL_adaptive,0.6152397033268341,0.7988717720233715,0.9992027097579664,0.0007972902420335659,85,73,92,78,7,50,23,63,29,0.9992027097579664
42,4,500,Z_only,0.6152397033268341,0.7988717720233715,0.9083175622799774,0.0916824377200226,500,0,0,462,38,0,0,0,0,
42,4,500,ZX_split,0.6152397033268341,0.7988717720233715,0.9497330266709628,0.05026697332903718,250,250,0,234,16,159,91,0,0,
42,4,500,XYZ_split,0.6152397033268341,0.7988717720233715,0.9966355985068922,0.0033644014931077937,166,166,168,143,23,122,44,121,47,
42,4,500,RL_adaptive,0.6152397033268341,0.7988717720233715,0.9996188722237289,0.0003811277762710841,148,154,198,137,11,106,48,142,56,0.9996188722237289
43,0,10,Z_only,0.9523564145550275,4.454413209023084,0.7898823660754497,0.2101176339245503,10,0,0,8,2,0,0,0,0,
43,0,10,ZX_split,0.9523564145550275,4.454413209023084,0.6902706306717208,0.3097293693282792,5,5,0,3,2,1,4,0,0,
43,0,10,XYZ_split,0.9523564145550275,4.454413209023084,0.9944630862729567,0.005536913727043347,3,3,4,3,0,1,2,0,4,
43,0,10,RL_adaptive,0.9523564145550275,4.454413209023084,0.9469853031660991,0.05301469683390092,3,3,4,3,0,1,2,1,3,0.9469853031660991
43,0,25,Z_only,0.9523564145550275,4.454413209023084,0.7898823660754497,0.2101176339245503,25,0,0,17,8,0,0,0,0,
43,0,25,ZX_split,0.9523564145550275,4.454413209023084,0.7734139590313224,0.22658604096867763,12,13,0,9,3,3,10,0,0,
43,0,25,XYZ_split,0.9523564145550275,4.454413209023084,0.9819637840372814,0.01803621596271865,8,8,9,6,2,4,4,0,9,
43,0,25,RL_adaptive,0.9523564145550275,4.454413209023084,0.9476677536017643,0.05233224639823575,6,11,8,6,0,4,7,2,6,0.9476677536017643
43,0,50,Z_only,0.9523564145550275,4.454413209023084,0.7898823660754497,0.2101176339245503,50,0,0,44,6,0,0,0,0,
43,0,50,ZX_split,0.9523564145550275,4.454413209023084,0.7884284875926516,0.2115715124073484,25,25,0,19,6,7,18,0,0,
43,0,50,XYZ_split,0.9523564145550275,4.454413209023084,0.9935046901627239,0.0064953098372760865,16,16,18,14,2,7,9,2,16,
43,0,50,RL_adaptive,0.9523564145550275,4.454413209023084,0.9941090685018745,0.0058909314981254735,17,18,15,16,1,8,10,0,15,0.9941090685018745
43,0,100,Z_only,0.9523564145550275,4.454413209023084,0.7898823660754497,0.2101176339245503,100,0,0,80,20,0,0,0,0,
43,0,100,ZX_split,0.9523564145550275,4.454413209023084,0.8076212581859885,0.1923787418140115,50,50,0,42,8,18,32,0,0,
43,0,100,XYZ_split,0.9523564145550275,4.454413209023084,0.9975592288863618,0.0024407711136381627,33,33,34,24,9,13,20,4,30,
43,0,100,RL_adaptive,0.9523564145550275,4.454413209023084,0.9968150563102358,0.003184943689764186,33,37,30,25,8,13,24,4,26,0.9968150563102358
43,0,250,Z_only,0.9523564145550275,4.454413209023084,0.7898823660754497,0.2101176339245503,250,0,0,211,39,0,0,0,0,
43,0,250,ZX_split,0.9523564145550275,4.454413209023084,0.8076989577257728,0.19230104227422717,125,125,0,96,29,52,73,0,0,
43,0,250,XYZ_split,0.9523564145550275,4.454413209023084,0.9987367463072928,0.0012632536927071891,83,83,84,65,18,33,50,14,70,
43,0,250,RL_adaptive,0.9523564145550275,4.454413209023084,0.9995808942521206,0.00041910574787940025,75,93,82,60,15,36,57,10,72,0.9995808942521206
43,0,500,Z_only,0.9523564145550275,4.454413209023084,0.7898823660754497,0.2101176339245503,500,0,0,389,111,0,0,0,0,
43,0,500,ZX_split,0.9523564145550275,4.454413209023084,0.8069859869018453,0.1930140130981547,250,250,0,195,55,106,144,0,0,
43,0,500,XYZ_split,0.9523564145550275,4.454413209023084,0.997458965989887,0.0025410340101129636,166,166,168,126,40,62,104,11,157,
43,0,500,RL_adaptive,0.9523564145550275,4.454413209023084,0.9996473812382818,0.00035261876171821527,144,186,170,114,30,70,116,14,156,0.9996473812382818
43,1,10,Z_only,0.9523564145550275,4.454413209023084,0.7898823660754497,0.2101176339245503,10,0,0,8,2,0,0,0,0,
43,1,10,ZX_split,0.9523564145550275,4.454413209023084,0.7382671167740233,0.26173288322597665,5,5,0,4,1,0,5,0,0,
43,1,10,XYZ_split,0.9523564145550275,4.454413209023084,0.8002405225242702,0.19975947747572975,3,3,4,1,2,1,2,0,4,
43,1,10,RL_adaptive,0.9523564145550275,4.454413209023084,0.9467742543419883,0.05322574565801175,3,3,4,3,0,2,1,0,4,0.9467742543419883
43,1,25,Z_only,0.9523564145550275,4.454413209023084,0.7898823660754497,0.2101176339245503,25,0,0,19,6,0,0,0,0,
43,1,25,ZX_split,0.9523564145550275,4.454413209023084,0.8030307800174074,0.19696921998259265,12,13,0,10,2,4,9,0,0,
43,1,25,XYZ_split,0.9523564145550275,4.454413209023084,0.9835147202170041,0.016485279782995854,8,8,9,8,0,4,4,0,9,
43,1,25,RL_adaptive,0.9523564145550275,4.454413209023084,0.982863174293024,0.017136825706976055,7,10,8,5,2,3,7,0,8,0.982863174293024
43,1,50,Z_only,0.9523564145550275,4.454413209023084,0.7898823660754497,0.2101176339245503,50,0,0,37,13,0,0,0,0,
43,1,50,ZX_split,0.9523564145550275,4.454413209023084,0.8078738183084789,0.19212618169152107,25,25,0,20,5,10,15,0,0,
43,1,50,XYZ_split,0.9523564145550275,4.454413209023084,0.9906497676030593,0.009350232396940661,16,16,18,11,5,7,9,2,16,
43,1,50,RL_adaptive,0.9523564145550275,4.454413209023084,0.9051231284500794,0.09487687154992064,17,18,15,10,7,11,7,1,14,0.9051231284500794
43,1,100,Z_only,0.9523564145550275,4.454413209023084,0.7898823660754497,0.2101176339245503,100,0,0,75,25,0,0,0,0,
43,1,100,ZX_split,0.9523564145550275,4.454413209023084,0.7898823660754497,0.2101176339245503,50,50,0,40,10,25,25,0,0,
43,1,100,XYZ_split,0.9523564145550275,4.454413209023084,0.9881628654998793,0.011837134500120694,33,33,34,28,5,10,23,5,29,
43,1,100,RL_adaptive,0.9523564145550275,4.454413209023084,0.9897097965268377,0.01029020347316234,33,37,30,24,9,14,23,0,30,0.9897097965268377
43,1,250,Z_only,0.9523564145550275,4.454413209023084,0.7898823660754497,0.2101176339245503,250,0,0,188,62,0,0,0,0,
43,1,250,ZX_split,0.9523564145550275,4.454413209023084,0.8044185300379169,0.19558146996208314,125,125,0,93,32,46,79,0,0,
43,1,250,XYZ_split,0.9523564145550275,4.454413209023084,0.9940989611335895,0.0059010388664104685,83,83,84,65,18,26,57,8,76,
43,1,250,RL_adaptive,0.9523564145550275,4.454413209023084,0.9840883974300518,0.01591160256994817,77,94,79,51,26,34,60,9,70,0.9840883974300518
43,1,500,Z_only,0.9523564145550275,4.454413209023084,0.7898823660754497,0.2101176339245503,500,0,0,405,95,0,0,0,0,
43,1,500,ZX_split,0.9523564145550275,4.454413209023084,0.8078579793605433,0.19214202063945673,250,250,0,200,50,96,154,0,0,
43,1,500,XYZ_split,0.9523564145550275,4.454413209023084,0.9992388368146462,0.000761163185353797,166,166,168,139,27,67,99,14,154,
43,1,500,RL_adaptive,0.9523564145550275,4.454413209023084,0.9999286832628858,7.131673711424646e-05,144,186,170,114,30,72,114,16,154,0.9999286832628858
43,2,10,Z_only,0.9523564145550275,4.454413209023084,0.7898823660754497,0.2101176339245503,10,0,0,9,1,0,0,0,0,
43,2,10,ZX_split,0.9523564145550275,4.454413209023084,0.8046364552631513,0.1953635447368487,5,5,0,5,0,2,3,0,0,
43,2,10,XYZ_split,0.9523564145550275,4.454413209023084,0.8938487467119856,0.10615125328801445,3,3,4,3,0,0,3,1,3,
43,2,10,RL_adaptive,0.9523564145550275,4.454413209023084,0.8347809849703659,0.1652190150296341,3,3,4,3,0,3,0,0,4,0.8347809849703659
43,2,25,Z_only,0.9523564145550275,4.454413209023084,0.7898823660754497,0.2101176339245503,25,0,0,18,7,0,0,0,0,
43,2,25,ZX_split,0.9523564145550275,4.454413209023084,0.6850015194475403,0.3149984805524597,12,13,0,7,5,3,10,0,0,
43,2,25,XYZ_split,0.9523564145550275,4.454413209023084,0.8774898068267518,0.12251019317324818,8,8,9,4,4,1,7,0,9,
43,2,25,RL_adaptive,0.9523564145550275,4.454413209023084,0.9755796509659679,0.02442034903403212,6,11,8,6,0,3,8,1,7,0.9755796509659679
43,2,50,Z_only,0.9523564145550275,4.454413209023084,0.7898823660754497,0.2101176339245503,50,0,0,43,7,0,0,0,0,
43,2,50,ZX_split,0.9523564145550275,4.454413209023084,0.7969999946198763,0.20300000538012375,25,25,0,19,6,12,13,0,0,
43,2,50,XYZ_split,0.9523564145550275,4.454413209023084,0.9959118507204703,0.004088149279529718,16,16,18,13,3,7,9,0,18,
43,2,50,RL_adaptive,0.9523564145550275,4.454413209023084,0.9872683280092206,0.012731671990779403,17,18,15,13,4,9,9,1,14,0.9872683280092206
43,2,100,Z_only,0.9523564145550275,4.454413209023084,0.7898823660754497,0.2101176339245503,100,0,0,78,22,0,0,0,0,
43,2,100,ZX_split,0.9523564145550275,4.454413209023084,0.8009054063892559,0.1990945936107441,50,50,0,41,9,15,35,0,0,
43,2,100,XYZ_split,0.9523564145550275,4.454413209023084,0.9944899070122214,0.005510092987778603,33,33,34,25,8,14,19,1,33,
43,2,100,RL_adaptive,0.9523564145550275,4.454413209023084,0.9955565227319293,0.004443477268070706,33,37,30,27,6,14,23,5,25,0.9955565227319293
43,2,250,Z_only,0.9523564145550275,4.454413209023084,0.7898823660754497,0.2101176339245503,250,0,0,203,47,0,0,0,0,
43,2,250,ZX_split,0.9523564145550275,4.454413209023084,0.8059577588080536,0.19404224119194635,125,125,0,103,22,53,72,0,0,
43,2,250,XYZ_split,0.9523564145550275,4.454413209023084,0.998114369366028,0.0018856306339719575,83,83,84,65,18,31,52,3,81,
43,2,250,RL_adaptive,0.9523564145550275,4.454413209023084,0.9972605781106231,0.002739421889376925,77,90,83,62,15,40,50,10,73,0.9972605781106231
43,2,500,Z_only,0.9523564145550275,4.454413209023084,0.7898823660754497,0.2101176339245503,500,0,0,406,94,0,0,0,0,
43,2,500,ZX_split,0.9523564145550275,4.454413209023084,0.8016675866847174,0.19833241331528262,250,250,0,202,48,114,136,0,0,
43,2,500,XYZ_split,0.9523564145550275,4.454413209023084,0.9994902928459668,0.000509707154033201,166,166,168,136,30,62,104,16,152,
43,2,500,RL_adaptive,0.9523564145550275,4.454413209023084,0.9940565550031919,0.0059434449968081005,144,186,170,110,34,86,100,13,157,0.9940565550031919
43,3,10,Z_only,0.9523564145550275,4.454413209023084,0.7898823660754497,0.2101176339245503,10,0,0,9,1,0,0,0,0,
43,3,10,ZX_split,0.9523564145550275,4.454413209023084,0.802046400111462,0.197953599888538,5,5,0,5,0,1,4,0,0,
43,3,10,XYZ_split,0.9523564145550275,4.454413209023084,0.9944630862729567,0.005536913727043347,3,3,4,3,0,1,2,0,4,
43,3,10,RL_adaptive,0.9523564145550275,4.454413209023084,0.8875936462739313,0.11240635372606866,3,3,4,3,0,2,1,1,3,0.8875936462739313
43,3,25,Z_only,0.9523564145550275,4.454413209023084,0.7898823660754497,0.2101176339245503,25,0,0,20,5,0,0,0,0,
43,3,25,ZX_split,0.9523564145550275,4.454413209023084,0.8023156504785683,0.19768434952143166,12,13,0,9,3,6,7,0,0,
43,3,25,XYZ_split,0.9523564145550275,4.454413209023084,0.9957239135712813,0.004276086428718684,8,8,9,7,1,3,5,1,8,
43,3,25,RL_adaptive,0.9523564145550275,4.454413209023084,0.9899068062852238,0.010093193714776239,8,10,7,5,3,4,6,2,5,0.9899068062852238
43,3,50,Z_only,0.9523564145550275,4.454413209023084,0.7898823660754497,0.2101176339245503,50,0,0,41,9,0,0,0,0,
43,3,50,ZX_split,0.9523564145550275,4.454413209023084,0.804508800245577,0.19549119975442297,25,25,0,19,6,9,16,0,0,
43,3,50,XYZ_split,0.9523564145550275,4.454413209023084,0.9588594536083541,0.04114054639164588,16,16,18,15,1,2,14,2,16,
43,3,50,RL_adaptive,0.9523564145550275,4.454413209023084,0.9749248736157804,0.025075126384219604,17,18,15,14,3,4,14,2,13,0.9749248736157804
43,3,100,Z_only,0.9523564145550275,4.454413209023084,0.7898823660754497,0.2101176339245503,100,0,0,77,23,0,0,0,0,
43,3,100,ZX_split,0.9523564145550275,4.454413209023084,0.7947109772875016,0.20528902271249838,50,50,0,45,5,24,26,0,0,
43,3,100,XYZ_split,0.9523564145550275,4.454413209023084,0.9908842404399967,0.009115759560003323,33,33,34,29,4,15,18,4,30,
43,3,100,RL_adaptive,0.9523564145550275,4.454413209023084,0.9909123769270995,0.009087623072900453,34,37,29,31,3,16,21,3,26,0.9909123769270995
43,3,250,Z_only,0.9523564145550275,4.454413209023084,0.7898823660754497,0.2101176339245503,250,0,0,181,69,0,0,0,0,
43,3,250,ZX_split,0.9523564145550275,4.454413209023084,0.7914954151165245,0.20850458488347545,125,125,0,94,31,62,63,0,0,
43,3,250,XYZ_split,0.9523564145550275,4.454413209023084,0.9994466731593,0.0005533268406999747,83,83,84,69,14,30,53,6,78,
43,3,250,RL_adaptive,0.9523564145550275,4.454413209023084,0.9981481322736186,0.001851867726381351,77,90,83,60,17,39,51,14,69,0.9981481322736186
43,3,500,Z_only,0.9523564145550275,4.454413209023084,0.7898823660754497,0.2101176339245503,500,0,0,396,104,0,0,0,0,
43,3,500,ZX_split,0.9523564145550275,4.454413209023084,0.8060957122450758,0.1939042877549242,250,250,0,192,58,109,141,0,0,
43,3,500,XYZ_split,0.9523564145550275,4.454413209023084,0.9991435357605445,0.0008564642394555122,166,166,168,129,37,67,99,28,140,
43,3,500,RL_adaptive,0.9523564145550275,4.454413209023084,0.9956357507612569,0.004364249238743123,143,186,171,103,40,69,117,20,151,0.9956357507612569
43,4,10,Z_only,0.9523564145550275,4.454413209023084,0.7898823660754497,0.2101176339245503,10,0,0,7,3,0,0,0,0,
43,4,10,ZX_split,0.9523564145550275,4.454413209023084,0.802046400111462,0.197953599888538,5,5,0,5,0,1,4,0,0,
43,4,10,XYZ_split,0.9523564145550275,4.454413209023084,0.9547952468004537,0.04520475319954631,3,3,4,3,0,0,3,0,4,
43,4,10,RL_adaptive,0.9523564145550275,4.454413209023084,0.9944630862729567,0.005536913727043347,3,3,4,3,0,1,2,0,4,0.9944630862729567
43,4,25,Z_only,0.9523564145550275,4.454413209023084,0.7898823660754497,0.2101176339245503,25,0,0,18,7,0,0,0,0,
43,4,25,ZX_split,0.9523564145550275,4.454413209023084,0.8067563937933143,0.19324360620668568,12,13,0,11,1,4,9,0,0,
43,4,25,XYZ_split,0.9523564145550275,4.454413209023084,0.8821587041381127,0.1178412958618873,8,8,9,5,3,1,7,2,7,
43,4,25,RL_adaptive,0.9523564145550275,4.454413209023084,0.8130024732268996,0.18699752677310044,8,10,7,4,4,6,4,2,5,0.8130024732268996
43,4,50,Z_only,0.9523564145550275,4.454413209023084,0.7898823660754497,0.2101176339245503,50,0,0,42,8,0,0,0,0,
43,4,50,ZX_split,0.9523564145550275,4.454413209023084,0.8073860957608553,0.1926139042391447,25,25,0,23,2,8,17,0,0,
43,4,50,XYZ_split,0.9523564145550275,4.454413209023084,0.9448667443364672,0.055133255663532776,16,16,18,10,6,4,12,3,15,
43,4,50,RL_adaptive,0.9523564145550275,4.454413209023084,0.972314857576804,0.027685142423195974,17,18,15,14,3,10,8,2,13,0.972314857576804
43,4,100,Z_only,0.9523564145550275,4.454413209023084,0.7898823660754497,0.2101176339245503,100,0,0,75,25,0,0,0,0,
43,4,100,ZX_split,0.9523564145550275,4.454413209023084,0.752320806501852,0.24767919349814804,50,50,0,36,14,28,22,0,0,
43,4,100,XYZ_split,0.9523564145550275,4.454413209023084,0.9963282290462571,0.0036717709537429366,33,33,34,28,5,14,19,4,30,
43,4,100,RL_adaptive,0.9523564145550275,4.454413209023084,0.9918446999709395,0.008155300029060508,32,38,30,24,8,18,20,7,23,0.9918446999709395
43,4,250,Z_only,0.9523564145550275,4.454413209023084,0.7898823660754497,0.2101176339245503,250,0,0,197,53,0,0,0,0,
43,4,250,ZX_split,0.9523564145550275,4.454413209023084,0.8063404583371886,0.1936595416628114,125,125,0,101,24,53,72,0,0,
43,4,250,XYZ_split,0.9523564145550275,4.454413209023084,0.9860524247556571,0.013947575244342869,83,83,84,71,12,37,46,16,68,
43,4,250,RL_adaptive,0.9523564145550275,4.454413209023084,0.9985307410927179,0.0014692589072821116,72,96,82,60,12,33,63,6,76,0.9985307410927179
43,4,500,Z_only,0.9523564145550275,4.454413209023084,0.7898823660754497,0.2101176339245503,500,0,0,385,115,0,0,0,0,
43,4,500,ZX_split,0.9523564145550275,4.454413209023084,0.8074302111534438,0.19256978884655618,250,250,0,193,57,105,145,0,0,
43,4,500,XYZ_split,0.9523564145550275,4.454413209023084,0.9980450304622556,0.001954969537744433,166,166,168,130,36,73,93,17,151,
43,4,500,RL_adaptive,0.9523564145550275,4.454413209023084,0.9962120578792834,0.0037879421207166475,143,187,170,110,33,63,124,14,156,0.9962120578792834
44,0,10,Z_only,1.6123240511449148,1.373812556923983,0.4792421053700259,0.5207578946299741,10,0,0,5,5,0,0,0,0,
44,0,10,ZX_split,1.6123240511449148,1.373812556923983,0.5838131478209161,0.4161868521790839,5,5,0,2,3,3,2,0,0,
44,0,10,XYZ_split,1.6123240511449148,1.373812556923983,0.8453215913877454,0.15467840861225457,3,3,4,3,0,2,1,4,0,
44,0,10,RL_adaptive,1.6123240511449148,1.373812556923983,0.8738947171686052,0.12610528283139477,2,3,5,0,2,2,1,5,0,0.8738947171686052
44,0,25,Z_only,1.6123240511449148,1.373812556923983,0.4792421053700259,0.5207578946299741,25,0,0,17,8,0,0,0,0,
44,0,25,ZX_split,1.6123240511449148,1.373812556923983,0.5977717957235464,0.40222820427645356,12,13,0,6,6,7,6,0,0,
44,0,25,XYZ_split,1.6123240511449148,1.373812556923983,0.9868796738129529,0.01312032618704706,8,8,9,4,4,5,3,7,2,
44,0,25,RL_adaptive,1.6123240511449148,1.373812556923983,0.9124104281955492,0.08758957180445082,8,10,7,3,5,3,7,7,0,0.9124104281955492
44,0,50,Z_only,1.6123240511449148,1.373812556923983,0.5207578946299739,0.4792421053700261,50,0,0,23,27,0,0,0,0,
44,0,50,ZX_split,1.6123240511449148,1.373812556923983,0.44938917552073954,0.5506108244792605,25,25,0,14,11,12,13,0,0,
44,0,50,XYZ_split,1.6123240511449148,1.373812556923983,0.9624688324472529,0.0375311675527471,16,16,18,9,7,13,3,18,0,
44,0,50,RL_adaptive,1.6123240511449148,1.373812556923983,0.9677541132181428,0.03224588678185725,18,16,16,6,12,12,4,16,0,0.9677541132181428
44,0,100,Z_only,1.6123240511449148,1.373812556923983,0.5207578946299739,0.4792421053700261,100,0,0,41,59,0,0,0,0,
44,0,100,ZX_split,1.6123240511449148,1.373812556923983,0.5977717957235464,0.40222820427645356,50,50,0,25,25,34,16,0,0,
44,0,100,XYZ_split,1.6123240511449148,1.373812556923983,0.9981808342229965,0.001819165777003473,33,33,34,17,16,19,14,34,0,
44,0,100,RL_adaptive,1.6123240511449148,1.373812556923983,0.9734389856874197,0.02656101431258029,30,40,30,11,19,19,21,30,0,0.9734389856874197
44,0,250,Z_only,1.6123240511449148,1.373812556923983,0.5207578946299739,0.4792421053700261,250,0,0,115,135,0,0,0,0,
44,0,250,ZX_split,1.6123240511449148,1.373812556923983,0.5993306573952168,0.40066934260478315,125,125,0,60,65,88,37,0,0,
44,0,250,XYZ_split,1.6123240511449148,1.373812556923983,0.9981339359908299,0.0018660640091701097,83,83,84,40,43,46,37,83,1,
44,0,250,RL_adaptive,1.6123240511449148,1.373812556923983,0.9991011924014154,0.0008988075985846278,94,71,85,47,47,41,30,85,0,0.9991011924014154
44,0,500,Z_only,1.6123240511449148,1.373812556923983,0.5207578946299739,0.4792421053700261,500,0,0,248,252,0,0,0,0,
44,0,500,ZX_split,1.6123240511449148,1.373812556923983,0.5999100905139736,0.4000899094860264,250,250,0,117,133,158,92,0,0,
44,0,500,XYZ_split,1.6123240511449148,1.373812556923983,0.9995288398054977,0.00047116019450232915,166,166,168,81,85,96,70,167,1,
44,0,500,RL_adaptive,1.6123240511449148,1.373812556923983,0.9956383424827747,0.004361657517225281,139,151,210,70,69,81,70,208,2,0.9956383424827747
44,1,10,Z_only,1.6123240511449148,1.373812556923983,0.5207578946299739,0.4792421053700261,10,0,0,3,7,0,0,0,0,
44,1,10,ZX_split,1.6123240511449148,1.373812556923983,0.41618685217908363,0.5838131478209163,5,5,0,3,2,2,3,0,0,
44,1,10,XYZ_split,1.6123240511449148,1.373812556923983,0.8997067431835525,0.10029325681644752,3,3,4,2,1,3,0,4,0,
44,1,10,RL_adaptive,1.6123240511449148,1.373812556923983,0.9199178366526629,0.08008216334733709,3,3,4,1,2,1,2,4,0,0.9199178366526629
44,1,25,Z_only,1.6123240511449148,1.373812556923983,0.5207578946299739,0.4792421053700261,25,0,0,10,15,0,0,0,0,
44,1,25,ZX_split,1.6123240511449148,1.373812556923983,0.5874800577394701,0.4125199422605299,12,13,0,4,8,9,4,0,0,
44,1,25,XYZ_split,1.6123240511449148,1.373812556923983,0.9437372810491241,0.05626271895087587,8,8,9,3,5,3,5,9,0,
44,1,25,RL_adaptive,1.6123240511449148,1.373812556923983,0.989907936016068,0.010092063983932031,8,10,7,4,4,5,5,7,0,0.989907936016068
44,1,50,Z_only,1.6123240511449148,1.373812556923983,0.5207578946299739,0.4792421053700261,50,0,0,23,27,0,0,0,0,
44,1,50,ZX_split,1.6123240511449148,1.373812556923983,0.5343762872313959,0.46562371276860415,25,25,0,9,16,13,12,0,0,
44,1,50,XYZ_split,1.6123240511449148,1.373812556923983,0.9835501065841398,0.01644989341586023,16,16,18,9,7,8,8,18,0,
44,1,50,RL_adaptive,1.6123240511449148,1.373812556923983,0.9989936534744022,0.0010063465255978343,18,16,16,9,9,10,6,16,0,0.9989936534744022
44,1,100,Z_only,1.6123240511449148,1.373812556923983,0.4792421053700259,0.5207578946299741,100,0,0,60,40,0,0,0,0,
44,1,100,ZX_split,1.6123240511449148,1.373812556923983,0.5977717957235464,0.40222820427645356,50,50,0,25,25,32,18,0,0,
44,1,100,XYZ_split,1.6123240511449148,1.373812556923983,0.9503252319598986,0.0496747680401014,33,33,34,8,25,20,13,33,1,
44,1,100,RL_adaptive,1.6123240511449148,1.373812556923983,0.9897857988032144,0.010214201196785622,31,40,29,18,13,25,15,29,0,0.9897857988032144
44,1,250,Z_only,1.6123240511449148,1.373812556923983,0.5207578946299739,0.4792421053700261,250,0,0,113,137,0,0,0,0,
44,1,250,ZX_split,1.6123240511449148,1.373812556923983,0.5999510575416289,0.4000489424583711,125,125,0,59,66,79,46,0,0,
44,1,250,XYZ_split,1.6123240511449148,1.373812556923983,0.987014913874629,0.01298508612537097,83,83,84,36,47,41,42,83,1,
44,1,250,RL_adaptive,1.6123240511449148,1.373812556923983,0.9959163936408979,0.004083606359102099,99,66,85,43,56,43,23,85,0,0.9959163936408979
44,1,500,Z_only,1.6123240511449148,1.373812556923983,0.5207578946299739,0.4792421053700261,500,0,0,227,273,0,0,0,0,
44,1,500,ZX_split,1.6123240511449148,1.373812556923983,0.5910773716501989,0.4089226283498011,250,250,0,132,118,157,93,0,0,
44,1,500,XYZ_split,1.6123240511449148,1.373812556923983,0.9984345133768383,0.0015654866231616937,166,166,168,86,80,98,68,166,2,
44,1,500,RL_adaptive,1.6123240511449148,1.373812556923983,0.9921198385785517,0.007880161421448317,138,152,210,54,84,88,64,208,2,0.9921198385785517
44,2,10,Z_only,1.6123240511449148,1.373812556923983,0.4792421053700259,0.5207578946299741,10,0,0,5,5,0,0,0,0,
44,2,10,ZX_split,1.6123240511449148,1.373812556923983,0.5506108244792606,0.4493891755207394,5,5,0,1,4,3,2,0,0,
44,2,10,XYZ_split,1.6123240511449148,1.373812556923983,0.9788764478334406,0.021123552166559367,3,3,4,1,2,2,1,4,0,
44,2,10,RL_adaptive,1.6123240511449148,1.373812556923983,0.989907936016068,0.010092063983932031,2,4,4,1,1,2,2,4,0,0.989907936016068
44,2,25,Z_only,1.6123240511449148,1.373812556923983,0.4792421053700259,0.5207578946299741,25,0,0,13,12,0,0,0,0,
44,2,25,ZX_split,1.6123240511449148,1.373812556923983,0.5221247452913154,0.47787525470868464,12,13,0,7,5,7,6,0,0,
44,2,25,XYZ_split,1.6123240511449148,1.373812556923983,0.9748275587758316,0.025172441224168396,8,8,9,3,5,6,2,9,0,
44,2,25,RL_adaptive,1.6123240511449148,1.373812556923983,0.9526241055390658,0.047375894460934154,7,11,7,5,2,7,4,7,0,0.9526241055390658
44,2,50,Z_only,1.6123240511449148,1.373812556923983,0.5207578946299739,0.4792421053700261,50,0,0,20,30,0,0,0,0,
44,2,50,ZX_split,1.6123240511449148,1.373812556923983,0.5990758653240437,0.40092413467595633,25,25,0,12,13,19,6,0,0,
44,2,50,XYZ_split,1.6123240511449148,1.373812556923983,0.987289291039597,0.01271070896040305,16,16,18,9,7,11,5,18,0,
44,2,50,RL_adaptive,1.6123240511449148,1.373812556923983,0.9929760876387534,0.007023912361246554,18,16,16,10,8,9,7,16,0,0.9929760876387534
44,2,100,Z_only,1.6123240511449148,1.373812556923983,0.5207578946299739,0.4792421053700261,100,0,0,48,52,0,0,0,0,
44,2,100,ZX_split,1.6123240511449148,1.373812556923983,0.5838131478209161,0.4161868521790839,50,50,0,21,29,29,21,0,0,
44,2,100,XYZ_split,1.6123240511449148,1.373812556923983,0.9843425279092972,0.015657472090702784,33,33,34,14,19,16,17,34,0,
44,2,100,RL_adaptive,1.6123240511449148,1.373812556923983,0.9974888817381067,0.002511118261893319,30,40,30,14,16,22,18,30,0,0.9974888817381067
44,2,250,Z_only,1.6123240511449148,1.373812556923983,0.5207578946299739,0.4792421053700261,250,0,0,106,144,0,0,0,0,
44,2,250,ZX_split,1.6123240511449148,1.373812556923983,0.5737200955952193,0.4262799044047807,125,125,0,52,73,70,55,0,0,
44,2,250,XYZ_split,1.6123240511449148,1.373812556923983,0.9944087041434795,0.005591295856520517,83,83,84,41,42,56,27,83,1,
44,2,250,RL_adaptive,1.6123240511449148,1.373812556923983,0.9971497219541932,0.002850278045806842,96,68,86,50,46,43,25,85,1,0.9971497219541932
44,2,500,Z_only,1.6123240511449148,1.373812556923983,0.5207578946299739,0.4792421053700261,500,0,0,234,266,0,0,0,0,
44,2,500,ZX_split,1.6123240511449148,1.373812556923983,0.5999440915825461,0.40005590841745386,250,250,0,119,131,155,95,0,0,
44,2,500,XYZ_split,1.6123240511449148,1.373812556923983,0.9989543034086498,0.0010456965913502314,166,166,168,84,82,102,64,165,3,
44,2,500,RL_adaptive,1.6123240511449148,1.373812556923983,0.9993102880865131,0.000689711913486879,139,151,210,69,70,87,64,206,4,0.9993102880865131
44,3,10,Z_only,1.6123240511449148,1.373812556923983,0.4792421053700259,0.5207578946299741,10,0,0,8,2,0,0,0,0,
44,3,10,ZX_split,1.6123240511449148,1.373812556923983,0.5544570517088951,0.44554294829110486,5,5,0,3,2,3,2,0,0,
44,3,10,XYZ_split,1.6123240511449148,1.373812556923983,0.8290339406330849,0.1709660593669151,3,3,4,0,3,1,2,4,0,
44,3,10,RL_adaptive,1.6123240511449148,1.373812556923983,0.8290339406330849,0.1709660593669151,2,3,5,0,2,1,2,5,0,0.8290339406330849
44,3,25,Z_only,1.6123240511449148,1.373812556923983,0.5207578946299739,0.4792421053700261,25,0,0,10,15,0,0,0,0,
44,3,25,ZX_split,1.6123240511449148,1.373812556923983,0.5979645544572997,0.4020354455427003,12,13,0,5,7,9,4,0,0,
44,3,25,XYZ_split,1.6123240511449148,1.373812556923983,0.9339519156784508,0.06604808432154918,8,8,9,5,3,3,5,9,0,
44,3,25,RL_adaptive,1.6123240511449148,1.373812556923983,0.8116395440531511,0.18836045594684891,8,10,7,3,5,9,1,5,2,0.8116395440531511
44,3,50,Z_only,1.6123240511449148,1.373812556923983,0.5207578946299739,0.4792421053700261,50,0,0,22,28,0,0,0,0,
44,3,50,ZX_split,1.6123240511449148,1.373812556923983,0.5945184718458869,0.4054815281541131,25,25,0,11,14,15,10,0,0,
44,3,50,XYZ_split,1.6123240511449148,1.373812556923983,0.9886995064862589,0.011300493513741072,16,16,18,7,9,8,8,18,0,
44,3,50,RL_adaptive,1.6123240511449148,1.373812556923983,0.9982519052680799,0.001748094731920058,18,16,16,9,9,9,7,16,0,0.9982519052680799
44,3,100,Z_only,1.6123240511449148,1.373812556923983,0.4792421053700259,0.5207578946299741,100,0,0,50,50,0,0,0,0,
44,3,100,ZX_split,1.6123240511449148,1.373812556923983,0.4022282042764532,0.5977717957235468,50,50,0,25,25,19,31,0,0,
44,3,100,XYZ_split,1.6123240511449148,1.373812556923983,0.9863653246327098,0.013634675367290239,33,33,34,13,20,23,10,34,0,
44,3,100,RL_adaptive,1.6123240511449148,1.373812556923983,0.9720172216709909,0.027982778329009084,29,41,30,9,20,28,13,30,0,0.9720172216709909
44,3,250,Z_only,1.6123240511449148,1.373812556923983,0.5207578946299739,0.4792421053700261,250,0,0,115,135,0,0,0,0,
44,3,250,ZX_split,1.6123240511449148,1.373812556923983,0.5983110024919591,0.4016889975080409,125,125,0,59,66,71,54,0,0,
44,3,250,XYZ_split,1.6123240511449148,1.373812556923983,0.9929750731054435,0.007024926894556471,83,83,84,34,49,54,29,83,1,
44,3,250,RL_adaptive,1.6123240511449148,1.373812556923983,0.9918608547374052,0.008139145262594849,98,69,83,38,60,42,27,82,1,0.9918608547374052
44,3,500,Z_only,1.6123240511449148,1.373812556923983,0.5207578946299739,0.4792421053700261,500,0,0,244,256,0,0,0,0,
44,3,500,ZX_split,1.6123240511449148,1.373812556923983,0.5994076197153722,0.40059238028462785,250,250,0,121,129,163,87,0,0,
44,3,500,XYZ_split,1.6123240511449148,1.373812556923983,0.9958955876374822,0.004104412362517795,166,166,168,69,97,97,69,167,1,
44,3,500,RL_adaptive,1.6123240511449148,1.373812556923983,0.9965272243769724,0.003472775623027613,138,152,210,60,78,85,67,208,2,0.9965272243769724
44,4,10,Z_only,1.6123240511449148,1.373812556923983,0.4792421053700259,0.5207578946299741,10,0,0,6,4,0,0,0,0,
44,4,10,ZX_split,1.6123240511449148,1.373812556923983,0.5838131478209161,0.4161868521790839,5,5,0,2,3,3,2,0,0,
44,4,10,XYZ_split,1.6123240511449148,1.373812556923983,0.8290339406330849,0.1709660593669151,3,3,4,0,3,1,2,4,0,
44,4,10,RL_adaptive,1.6123240511449148,1.373812556923983,0.8065432421377383,0.19345675786226169,2,4,4,1,1,4,0,3,1,0.8065432421377383
44,4,25,Z_only,1.6123240511449148,1.373812556923983,0.5207578946299739,0.4792421053700261,25,0,0,11,14,0,0,0,0,
44,4,25,ZX_split,1.6123240511449148,1.373812556923983,0.5874800577394701,0.4125199422605299,12,13,0,4,8,9,4,0,0,
44,4,25,XYZ_split,1.6123240511449148,1.373812556923983,0.989907936016068,0.010092063983932031,8,8,9,4,4,4,4,9,0,
44,4,25,RL_adaptive,1.6123240511449148,1.373812556923983,0.989907936016068,0.010092063983932031,8,10,7,4,4,5,5,7,0,0.989907936016068
44,4,50,Z_only,1.6123240511449148,1.373812556923983,0.5207578946299739,0.4792421053700261,50,0,0,24,26,0,0,0,0,
44,4,50,ZX_split,1.6123240511449148,1.373812556923983,0.49327775267456636,0.5067222473254336,25,25,0,16,9,13,12,0,0,
44,4,50,XYZ_split,1.6123240511449148,1.373812556923983,0.9982519052680799,0.001748094731920058,16,16,18,8,8,9,7,18,0,
44,4,50,RL_adaptive,1.6123240511449148,1.373812556923983,0.9983443369962256,0.0016556630037743991,18,16,16,8,10,10,6,16,0,0.9983443369962256
44,4,100,Z_only,1.6123240511449148,1.373812556923983,0.5207578946299739,0.4792421053700261,100,0,0,44,56,0,0,0,0,
44,4,100,ZX_split,1.6123240511449148,1.373812556923983,0.5993186922693847,0.4006813077306153,50,50,0,24,26,28,22,0,0,
44,4,100,XYZ_split,1.6123240511449148,1.373812556923983,0.9975514676394442,0.002448532360555755,33,33,34,17,16,21,12,34,0,
44,4,100,RL_adaptive,1.6123240511449148,1.373812556923983,0.9944664584387708,0.005533541561229205,30,40,30,14,16,21,19,30,0,0.9944664584387708
44,4,250,Z_only,1.6123240511449148,1.373812556923983,0.5207578946299739,0.4792421053700261,250,0,0,113,137,0,0,0,0,
44,4,250,ZX_split,1.6123240511449148,1.373812556923983,0.5983110024919591,0.4016889975080409,125,125,0,59,66,71,54,0,0,
44,4,250,XYZ_split,1.6123240511449148,1.373812556923983,0.9969794576643215,0.0030205423356785,83,83,84,37,46,46,37,83,1,
44,4,250,RL_adaptive,1.6123240511449148,1.373812556923983,0.9959506826635117,0.004049317336488278,94,70,86,51,43,43,27,86,0,0.9959506826635117
44,4,500,Z_only,1.6123240511449148,1.373812556923983,0.5207578946299739,0.4792421053700261,500,0,0,234,266,0,0,0,0,
44,4,500,ZX_split,1.6123240511449148,1.373812556923983,0.5999440915825461,0.40005590841745386,250,250,0,120,130,150,100,0,0,
44,4,500,XYZ_split,1.6123240511449148,1.373812556923983,0.9857548794255393,0.014245120574460701,166,166,168,66,100,114,52,163,5,
44,4,500,RL_adaptive,1.6123240511449148,1.373812556923983,0.9994708197098137,0.0005291802901863374,139,152,209,69,70,88,64,203,6,0.9994708197098137
45,0,10,Z_only,1.3247558413409286,1.6024808052748085,0.6217828035422435,0.37821719645775653,10,0,0,6,4,0,0,0,0,
45,0,10,ZX_split,1.3247558413409286,1.6024808052748085,0.4760631099951779,0.523936890004822,5,5,0,2,3,1,4,0,0,
45,0,10,XYZ_split,1.3247558413409286,1.6024808052748085,0.8162269570896296,0.18377304291037044,3,3,4,1,2,0,3,4,0,
45,0,10,RL_adaptive,1.3247558413409286,1.6024808052748085,0.9288472643567989,0.07115273564320113,3,4,3,3,0,2,2,3,0,0.9288472643567989
45,0,25,Z_only,1.3247558413409286,1.6024808052748085,0.6217828035422435,0.37821719645775653,25,0,0,20,5,0,0,0,0,
45,0,25,ZX_split,1.3247558413409286,1.6024808052748085,0.4846374296579713,0.5153625703420287,12,13,0,6,6,9,4,0,0,
45,0,25,XYZ_split,1.3247558413409286,1.6024808052748085,0.9032093991958792,0.09679060080412083,8,8,9,3,5,2,6,9,0,
45,0,25,RL_adaptive,1.3247558413409286,1.6024808052748085,0.9749353165697277,0.02506468343027235,7,11,7,5,2,7,4,7,0,0.9749353165697277
45,0,50,Z_only,1.3247558413409286,1.6024808052748085,0.6217828035422435,0.37821719645775653,50,0,0,30,20,0,0,0,0,
45,0,50,ZX_split,1.3247558413409286,1.6024808052748085,0.6227314202363421,0.3772685797636579,25,25,0,16,9,12,13,0,0,
45,0,50,XYZ_split,1.3247558413409286,1.6024808052748085,0.9965984388915994,0.003401561108400619,16,16,18,11,5,8,8,18,0,
45,0,50,RL_adaptive,1.3247558413409286,1.6024808052748085,0.9566637442270978,0.04333625577290223,18,16,16,16,2,7,9,16,0,0.9566637442270978
45,0,100,Z_only,1.3247558413409286,1.6024808052748085,0.6217828035422435,0.37821719645775653,100,0,0,61,39,0,0,0,0,
45,0,100,ZX_split,1.3247558413409286,1.6024808052748085,0.5928077967493642,0.40719220325063576,50,50,0,28,22,27,23,0,0,
45,0,100,XYZ_split,1.3247558413409286,1.6024808052748085,0.978581399046469,0.021418600953530986,33,33,34,20,13,21,12,34,0,
45,0,100,RL_adaptive,1.3247558413409286,1.6024808052748085,0.9752211343311976,0.024778865668802386,32,39,29,24,8,23,16,28,1,0.9752211343311976
45,0,250,Z_only,1.3247558413409286,1.6024808052748085,0.6217828035422435,0.37821719645775653,250,0,0,151,99,0,0,0,0,
45,0,250,ZX_split,1.3247558413409286,1.6024808052748085,0.6221904525829738,0.3778095474170262,125,125,0,87,38,57,68,0,0,
45,0,250,XYZ_split,1.3247558413409286,1.6024808052748085,0.9937977248068239,0.006202275193176066,83,83,84,46,37,37,46,84,0,
45,0,250,RL_adaptive,1.3247558413409286,1.6024808052748085,0.9902566250082078,0.00974337499179223,86,77,87,62,24,38,39,84,3,0.9902566250082078
45,0,500,Z_only,1.3247558413409286,1.6024808052748085,0.6217828035422435,0.37821719645775653,500,0,0,324,176,0,0,0,0,
45,0,500,ZX_split,1.3247558413409286,1.6024808052748085,0.6227431595618887,0.37725684043811125,250,250,0,162,88,120,130,0,0,
45,0,500,XYZ_split,1.3247558413409286,1.6024808052748085,0.999759620076227,0.00024037992377301531,166,166,168,103,63,83,83,166,2,
45,0,500,RL_adaptive,1.3247558413409286,1.6024808052748085,0.9962107585848887,0.0037892414151112774,139,152,209,89,50,64,88,209,0,0.9962107585848887
45,1,10,Z_only,1.3247558413409286,1.6024808052748085,0.6217828035422435,0.37821719645775653,10,0,0,7,3,0,0,0,0,
45,1,10,ZX_split,1.3247558413409286,1.6024808052748085,0.5239368900048224,0.47606310999517765,5,5,0,3,2,4,1,0,0,
45,1,10,XYZ_split,1.3247558413409286,1.6024808052748085,0.8970756871981991,0.10292431280180092,3,3,4,1,2,2,1,4,0,
45,1,10,RL_adaptive,1.3247558413409286,1.6024808052748085,0.9797774593631328,0.020222540636867237,3,3,4,2,1,1,2,4,0,0.9797774593631328
45,1,25,Z_only,1.3247558413409286,1.6024808052748085,0.6217828035422435,0.37821719645775653,25,0,0,14,11,0,0,0,0,
45,1,25,ZX_split,1.3247558413409286,1.6024808052748085,0.6088733984880861,0.3911266015119139,12,13,0,8,4,5,8,0,0,
45,1,25,XYZ_split,1.3247558413409286,1.6024808052748085,0.9661482020111442,0.03385179798885585,8,8,9,4,4,3,5,8,1,
45,1,25,RL_adaptive,1.3247558413409286,1.6024808052748085,0.9846988138977416,0.01530118610225839,8,10,7,4,4,5,5,7,0,0.9846988138977416
45,1,50,Z_only,1.3247558413409286,1.6024808052748085,0.6217828035422435,0.37821719645775653,50,0,0,33,17,0,0,0,0,
45,1,50,ZX_split,1.3247558413409286,1.6024808052748085,0.6226735284793574,0.3773264715206426,25,25,0,18,7,12,13,0,0,
45,1,50,XYZ_split,1.3247558413409286,1.6024808052748085,0.9851668405739613,0.014833159426038689,16,16,18,9,7,6,10,18,0,
45,1,50,RL_adaptive,1.3247558413409286,1.6024808052748085,0.924071714679214,0.075928285320786,18,16,16,10,8,12,4,15,1,0.924071714679214
45,1,100,Z_only,1.3247558413409286,1.6024808052748085,0.6217828035422435,0.37821719645775653,100,0,0,62,38,0,0,0,0,
45,1,100,ZX_split,1.3247558413409286,1.6024808052748085,0.6128766593649401,0.38712334063505993,50,50,0,32,18,27,23,0,0,
45,1,100,XYZ_split,1.3247558413409286,1.6024808052748085,0.9373732940201236,0.06262670597987641,33,33,34,19,14,24,9,32,2,
45,1,100,RL_adaptive,1.3247558413409286,1.6024808052748085,0.9958945186224747,0.004105481377525311,31,39,30,18,13,17,22,30,0,0.9958945186224747
45,1,250,Z_only,1.3247558413409286,1.6024808052748085,0.6217828035422435,0.37821719645775653,250,0,0,159,91,0,0,0,0,
45,1,250,ZX_split,1.3247558413409286,1.6024808052748085,0.5712635048147637,0.42873649518523627,125,125,0,66,59,56,69,0,0,
45,1,250,XYZ_split,1.3247558413409286,1.6024808052748085,0.9994238327530433,0.0005761672469567491,83,83,84,50,33,41,42,84,0,
45,1,250,RL_adaptive,1.3247558413409286,1.6024808052748085,0.9979481543313573,0.0020518456686426934,86,79,85,56,30,36,43,82,3,0.9979481543313573
45,1,500,Z_only,1.3247558413409286,1.6024808052748085,0.6217828035422435,0.37821719645775653,500,0,0,313,187,0,0,0,0,
45,1,500,ZX_split,1.3247558413409286,1.6024808052748085,0.6193414355162861,0.38065856448371393,250,250,0,152,98,128,122,0,0,
45,1,500,XYZ_split,1.3247558413409286,1.6024808052748085,0.9999890528599656,1.0947140034356373e-05,166,166,168,103,63,81,85,165,3,
45,1,500,RL_adaptive,1.3247558413409286,1.6024808052748085,0.9993225921208465,0.000677407879153491,140,151,209,88,52,77,74,206,3,0.9993225921208465
45,2,10,Z_only,1.3247558413409286,1.6024808052748085,0.37821719645775664,0.6217828035422434,10,0,0,4,6,0,0,0,0,
45,2,10,ZX_split,1.3247558413409286,1.6024808052748085,0.5752504685513254,0.42474953144867456,5,5,0,3,2,3,2,0,0,
45,2,10,XYZ_split,1.3247558413409286,1.6024808052748085,0.9797774593631328,0.020222540636867237,3,3,4,2,1,1,2,4,0,
45,2,10,RL_adaptive,1.3247558413409286,1.6024808052748085,0.8721047395845462,0.12789526041545385,3,3,4,2,1,0,3,4,0,0.8721047395845462
45,2,25,Z_only,1.3247558413409286,1.6024808052748085,0.6217828035422435,0.37821719645775653,25,0,0,19,6,0,0,0,0,
45,2,25,ZX_split,1.3247558413409286,1.6024808052748085,0.622118511547303,0.377881488452697,12,13,0,8,4,6,7,0,0,
45,2,25,XYZ_split,1.3247558413409286,1.6024808052748085,0.9548925985430077,0.045107401456992324,8,8,9,7,1,3,5,9,0,
45,2,25,RL_adaptive,1.3247558413409286,1.6024808052748085,0.9443260354139215,0.05567396458607854,8,10,7,4,4,7,3,7,0,0.9443260354139215
45,2,50,Z_only,1.3247558413409286,1.6024808052748085,0.6217828035422435,0.37821719645775653,50,0,0,32,18,0,0,0,0,
45,2,50,ZX_split,1.3247558413409286,1.6024808052748085,0.6191802859544424,0.3808197140455576,25,25,0,19,6,10,15,0,0,
45,2,50,XYZ_split,1.3247558413409286,1.6024808052748085,0.9659318750473915,0.03406812495260847,16,16,18,11,5,5,11,17,1,
45,2,50,RL_adaptive,1.3247558413409286,1.6024808052748085,0.9556898011788434,0.04431019882115661,18,16,16,11,7,4,12,16,0,0.9556898011788434
45,2,100,Z_only,1.3247558413409286,1.6024808052748085,0.6217828035422435,0.37821719645775653,100,0,0,62,38,0,0,0,0,
45,2,100,ZX_split,1.3247558413409286,1.6024808052748085,0.609851038315859,0.39014896168414104,50,50,0,28,22,23,27,0,0,
45,2,100,XYZ_split,1.3247558413409286,1.6024808052748085,0.9967897465044205,0.0032102534955794626,33,33,34,19,14,17,16,34,0,
45,2,100,RL_adaptive,1.3247558413409286,1.6024808052748085,0.9882146734968656,0.011785326503134352,32,39,29,24,8,19,20,29,0,0.9882146734968656
45,2,250,Z_only,1.3247558413409286,1.6024808052748085,0.6217828035422435,0.37821719645775653,250,0,0,152,98,0,0,0,0,
45,2,250,ZX_split,1.3247558413409286,1.6024808052748085,0.6189385012122275,0.3810614987877725,125,125,0,79,46,56,69,0,0,
45,2,250,XYZ_split,1.3247558413409286,1.6024808052748085,0.9887912135753939,0.011208786424606099,83,83,84,55,28,49,34,84,0,
45,2,250,RL_adaptive,1.3247558413409286,1.6024808052748085,0.9946323180014065,0.005367681998593499,85,80,85,55,30,33,47,84,1,0.9946323180014065
45,2,500,Z_only,1.3247558413409286,1.6024808052748085,0.6217828035422435,0.37821719645775653,500,0,0,322,178,0,0,0,0,
45,2,500,ZX_split,1.3247558413409286,1.6024808052748085,0.6141674981210271,0.3858325018789729,250,250,0,156,94,108,142,0,0,
45,2,500,XYZ_split,1.3247558413409286,1.6024808052748085,0.9929197624316665,0.007080237568333536,166,166,168,102,64,94,72,162,6,
45,2,500,RL_adaptive,1.3247558413409286,1.6024808052748085,0.9985404225556019,0.0014595774443980636,140,151,209,84,56,78,73,205,4,0.9985404225556019
45,3,10,Z_only,1.3247558413409286,1.6024808052748085,0.6217828035422435,0.37821719645775653,10,0,0,9,1,0,0,0,0,
45,3,10,ZX_split,1.3247558413409286,1.6024808052748085,0.6203913830098297,0.37960861699017034,5,5,0,4,1,2,3,0,0,
45,3,10,XYZ_split,1.3247558413409286,1.6024808052748085,0.9705134808831417,0.02948651911685829,3,3,4,2,1,2,1,4,0,
45,3,10,RL_adaptive,1.3247558413409286,1.6024808052748085,0.9063396656781904,0.09366033432180965,3,3,4,1,2,1,2,4,0,0.9063396656781904
45,3,25,Z_only,1.3247558413409286,1.6024808052748085,0.6217828035422435,0.37821719645775653,25,0,0,13,12,0,0,0,0,
45,3,25,ZX_split,1.3247558413409286,1.6024808052748085,0.4846374296579713,0.5153625703420287,12,13,0,6,6,10,3,0,0,
45,3,25,XYZ_split,1.3247558413409286,1.6024808052748085,0.7934045722701023,0.2065954277298977,8,8,9,2,6,6,2,8,1,
45,3,25,RL_adaptive,1.3247558413409286,1.6024808052748085,0.959320511376135,0.040679488623864946,7,11,7,5,2,4,7,6,1,0.959320511376135
45,3,50,Z_only,1.3247558413409286,1.6024808052748085,0.6217828035422435,0.37821719645775653,50,0,0,29,21,0,0,0,0,
45,3,50,ZX_split,1.3247558413409286,1.6024808052748085,0.6081506032400441,0.3918493967599559,25,25,0,19,6,15,10,0,0,
45,3,50,XYZ_split,1.3247558413409286,1.6024808052748085,0.9630173454426466,0.03698265455735339,16,16,18,7,9,8,8,17,1,
45,3,50,RL_adaptive,1.3247558413409286,1.6024808052748085,0.9932991803021042,0.006700819697895821,18,16,16,10,8,7,9,16,0,0.9932991803021042
45,3,100,Z_only,1.3247558413409286,1.6024808052748085,0.6217828035422435,0.37821719645775653,100,0,0,64,36,0,0,0,0,
45,3,100,ZX_split,1.3247558413409286,1.6024808052748085,0.6217828035422435,0.37821719645775653,50,50,0,25,25,25,25,0,0,
45,3,100,XYZ_split,1.3247558413409286,1.6024808052748085,0.978581399046469,0.021418600953530986,33,33,34,20,13,21,12,34,0,
45,3,100,RL_adaptive,1.3247558413409286,1.6024808052748085,0.9703581149569579,0.029641885043042104,31,40,29,18,13,26,14,28,1,0.9703581149569579
45,3,250,Z_only,1.3247558413409286,1.6024808052748085,0.6217828035422435,0.37821719645775653,250,0,0,164,86,0,0,0,0,
45,3,250,ZX_split,1.3247558413409286,1.6024808052748085,0.5752504685513254,0.42474953144867456,125,125,0,70,55,70,55,0,0,
45,3,250,XYZ_split,1.3247558413409286,1.6024808052748085,0.9865002990516261,0.013499700948373938,83,83,84,43,40,36,47,83,1,
45,3,250,RL_adaptive,1.3247558413409286,1.6024808052748085,0.999589867087009,0.0004101329129909681,88,77,85,53,35,37,40,84,1,0.999589867087009
45,3,500,Z_only,1.3247558413409286,1.6024808052748085,0.6217828035422435,0.37821719645775653,500,0,0,309,191,0,0,0,0,
45,3,500,ZX_split,1.3247558413409286,1.6024808052748085,0.6227070515353227,0.3772929484646773,250,250,0,145,105,123,127,0,0,
45,3,500,XYZ_split,1.3247558413409286,1.6024808052748085,0.9942235842481002,0.005776415751899799,166,166,168,101,65,68,98,165,3,
45,3,500,RL_adaptive,1.3247558413409286,1.6024808052748085,0.9988203742221587,0.0011796257778412533,140,152,208,91,49,71,81,203,5,0.9988203742221587
45,4,10,Z_only,1.3247558413409286,1.6024808052748085,0.6217828035422435,0.37821719645775653,10,0,0,5,5,0,0,0,0,
45,4,10,ZX_split,1.3247558413409286,1.6024808052748085,0.5969764238819334,0.4030235761180666,5,5,0,3,2,2,3,0,0,
45,4,10,XYZ_split,1.3247558413409286,1.6024808052748085,0.7183992403943867,0.28160075960561326,3,3,4,0,3,0,3,4,0,
45,4,10,RL_adaptive,1.3247558413409286,1.6024808052748085,0.9797774593631328,0.020222540636867237,3,3,4,2,1,1,2,4,0,0.9797774593631328
45,4,25,Z_only,1.3247558413409286,1.6024808052748085,0.6217828035422435,0.37821719645775653,25,0,0,19,6,0,0,0,0,
45,4,25,ZX_split,1.3247558413409286,1.6024808052748085,0.5506848400588181,0.4493151599411819,12,13,0,7,5,3,10,0,0,
45,4,25,XYZ_split,1.3247558413409286,1.6024808052748085,0.9392008026019837,0.060799197398016314,8,8,9,6,2,6,2,9,0,
45,4,25,RL_adaptive,1.3247558413409286,1.6024808052748085,0.9749353165697277,0.02506468343027235,7,11,7,5,2,7,4,7,0,0.9749353165697277
45,4,50,Z_only,1.3247558413409286,1.6024808052748085,0.6217828035422435,0.37821719645775653,50,0,0,29,21,0,0,0,0,
45,4,50,ZX_split,1.3247558413409286,1.6024808052748085,0.6088733984880861,0.3911266015119139,25,25,0,19,6,8,17,0,0,
45,4,50,XYZ_split,1.3247558413409286,1.6024808052748085,0.9997635875080271,0.00023641249197292602,16,16,18,10,6,8,8,18,0,
45,4,50,RL_adaptive,1.3247558413409286,1.6024808052748085,0.954678657025569,0.04532134297443102,18,16,16,15,3,9,7,15,1,0.954678657025569
45,4,100,Z_only,1.3247558413409286,1.6024808052748085,0.6217828035422435,0.37821719645775653,100,0,0,57,43,0,0,0,0,
45,4,100,ZX_split,1.3247558413409286,1.6024808052748085,0.5923902190973603,0.40760978090263966,50,50,0,33,17,16,34,0,0,
45,4,100,XYZ_split,1.3247558413409286,1.6024808052748085,0.976317519368089,0.02368248063191103,33,33,34,19,14,21,12,34,0,
45,4,100,RL_adaptive,1.3247558413409286,1.6024808052748085,0.9949904735615374,0.0050095264384626415,32,39,29,20,12,16,23,29,0,0.9949904735615374
45,4,250,Z_only,1.3247558413409286,1.6024808052748085,0.6217828035422435,0.37821719645775653,250,0,0,147,103,0,0,0,0,
45,4,250,ZX_split,1.3247558413409286,1.6024808052748085,0.550540925725568,0.449459074274432,125,125,0,72,53,78,47,0,0,
45,4,250,XYZ_split,1.3247558413409286,1.6024808052748085,0.9899066747029778,0.010093325297022226,83,83,84,57,26,33,50,83,1,
45,4,250,RL_adaptive,1.3247558413409286,1.6024808052748085,0.9967942558505968,0.0032057441494032224,90,75,85,52,38,39,36,84,1,0.9967942558505968
45,4,500,Z_only,1.3247558413409286,1.6024808052748085,0.6217828035422435,0.37821719645775653,500,0,0,319,181,0,0,0,0,
45,4,500,ZX_split,1.3247558413409286,1.6024808052748085,0.6202458351696476,0.3797541648303524,250,250,0,164,86,128,122,0,0,
45,4,500,XYZ_split,1.3247558413409286,1.6024808052748085,0.9980373577699881,0.0019626422300118573,166,166,168,98,68,86,80,163,5,
45,4,500,RL_adaptive,1.3247558413409286,1.6024808052748085,0.9979666101115521,0.002033389888447923,140,151,209,82,58,77,74,208,1,0.9979666101115521
46,0,10,Z_only,1.9630349229335902,1.9283790787974926,0.6911289793113843,0.3088710206886157,10,0,0,1,9,0,0,0,0,
46,0,10,ZX_split,1.9630349229335902,1.9283790787974926,0.7324595743832518,0.2675404256167482,5,5,0,1,4,2,3,0,0,
46,0,10,XYZ_split,1.9630349229335902,1.9283790787974926,0.9535931058136311,0.0464068941863689,3,3,4,0,3,0,3,4,0,
46,0,10,RL_adaptive,1.9630349229335902,1.9283790787974926,0.8923192103615133,0.1076807896384867,2,3,5,0,2,2,1,5,0,0.8923192103615133
46,0,25,Z_only,1.9630349229335902,1.9283790787974926,0.6911289793113843,0.3088710206886157,25,0,0,6,19,0,0,0,0,
46,0,25,ZX_split,1.9630349229335902,1.9283790787974926,0.7243766107517299,0.2756233892482701,12,13,0,5,7,4,9,0,0,
46,0,25,XYZ_split,1.9630349229335902,1.9283790787974926,0.9648852388556409,0.035114761144359075,8,8,9,2,6,1,7,8,1,
46,0,25,RL_adaptive,1.9630349229335902,1.9283790787974926,0.8904899477675353,0.10951005223246468,8,10,7,2,6,7,3,7,0,0.8904899477675353
46,0,50,Z_only,1.9630349229335902,1.9283790787974926,0.6911289793113843,0.3088710206886157,50,0,0,18,32,0,0,0,0,
46,0,50,ZX_split,1.9630349229335902,1.9283790787974926,0.7269442980926378,0.27305570190736217,25,25,0,7,18,11,14,0,0,
46,0,50,XYZ_split,1.9630349229335902,1.9283790787974926,0.969240320177403,0.030759679822596975,16,16,18,2,14,6,10,16,2,
46,0,50,RL_adaptive,1.9630349229335902,1.9283790787974926,0.9990354206781308,0.0009645793218692189,18,16,16,5,13,5,11,15,1,0.9990354206781308
46,0,100,Z_only,1.9630349229335902,1.9283790787974926,0.6911289793113843,0.3088710206886157,100,0,0,36,64,0,0,0,0,
46,0,100,ZX_split,1.9630349229335902,1.9283790787974926,0.7269442980926378,0.27305570190736217,50,50,0,14,36,22,28,0,0,
46,0,100,XYZ_split,1.9630349229335902,1.9283790787974926,0.9806338315209533,0.019366168479046708,33,33,34,7,26,15,18,33,1,
46,0,100,RL_adaptive,1.9630349229335902,1.9283790787974926,0.996699657835559,0.0033003421644409725,29,40,31,6,23,11,29,31,0,0.996699657835559
46,0,250,Z_only,1.9630349229335902,1.9283790787974926,0.6911289793113843,0.3088710206886157,250,0,0,76,174,0,0,0,0,
46,0,250,ZX_split,1.9630349229335902,1.9283790787974926,0.7483883667995692,0.2516116332004308,125,125,0,40,85,38,87,0,0,
46,0,250,XYZ_split,1.9630349229335902,1.9283790787974926,0.9991333683984341,0.0008666316015658593,83,83,84,28,55,28,55,79,5,
46,0,250,RL_adaptive,1.9630349229335902,1.9283790787974926,0.9901899102848842,0.009810089715115766,94,79,77,22,72,30,49,68,9,0.9901899102848842
46,0,500,Z_only,1.9630349229335902,1.9283790787974926,0.6911289793113843,0.3088710206886157,500,0,0,168,332,0,0,0,0,
46,0,500,ZX_split,1.9630349229335902,1.9283790787974926,0.7491642820870894,0.2508357179129106,250,250,0,83,167,96,154,0,0,
46,0,500,XYZ_split,1.9630349229335902,1.9283790787974926,0.997405654124209,0.002594345875790993,166,166,168,55,111,63,103,160,8,
46,0,500,RL_adaptive,1.9630349229335902,1.9283790787974926,0.9998382639478812,0.00016173605211877717,134,160,206,43,91,54,106,193,13,0.9998382639478812
46,1,10,Z_only,1.9630349229335902,1.9283790787974926,0.6911289793113843,0.3088710206886157,10,0,0,1,9,0,0,0,0,
46,1,10,ZX_split,1.9630349229335902,1.9283790787974926,0.47920102093224637,0.5207989790677536,5,5,0,3,2,2,3,0,0,
46,1,10,XYZ_split,1.9630349229335902,1.9283790787974926,0.9535931058136311,0.0464068941863689,3,3,4,0,3,0,3,4,0,
46,1,10,RL_adaptive,1.9630349229335902,1.9283790787974926,0.6916879961223045,0.30831200387769553,2,4,4,1,1,3,1,3,1,0.6916879961223045
46,1,25,Z_only,1.9630349229335902,1.9283790787974926,0.6911289793113843,0.3088710206886157,25,0,0,8,17,0,0,0,0,
46,1,25,ZX_split,1.9630349229335902,1.9283790787974926,0.7364574591658617,0.2635425408341383,12,13,0,3,9,1,12,0,0,
46,1,25,XYZ_split,1.9630349229335902,1.9283790787974926,0.9600545437176548,0.03994545628234525,8,8,9,2,6,0,8,9,0,
46,1,25,RL_adaptive,1.9630349229335902,1.9283790787974926,0.9885026151661278,0.011497384833872193,8,10,7,3,5,4,6,7,0,0.9885026151661278
46,1,50,Z_only,1.9630349229335902,1.9283790787974926,0.6911289793113843,0.3088710206886157,50,0,0,14,36,0,0,0,0,
46,1,50,ZX_split,1.9630349229335902,1.9283790787974926,0.7449917638076692,0.2550082361923308,25,25,0,9,16,8,17,0,0,
46,1,50,XYZ_split,1.9630349229335902,1.9283790787974926,0.9778231625062992,0.022176837493700807,16,16,18,7,9,4,12,18,0,
46,1,50,RL_adaptive,1.9630349229335902,1.9283790787974926,0.9956377537709803,0.004362246229019706,18,16,16,6,12,6,10,16,0,0.9956377537709803
46,1,100,Z_only,1.9630349229335902,1.9283790787974926,0.6911289793113843,0.3088710206886157,100,0,0,30,70,0,0,0,0,
46,1,100,ZX_split,1.9630349229335902,1.9283790787974926,0.7494982156369329,0.25050178436306714,50,50,0,16,34,16,34,0,0,
46,1,100,XYZ_split,1.9630349229335902,1.9283790787974926,0.9920885886635651,0.007911411336434915,33,33,34,11,22,14,19,32,2,
46,1,100,RL_adaptive,1.9630349229335902,1.9283790787974926,0.9650647021491101,0.03493529785088989,28,41,31,4,24,14,27,26,5,0.9650647021491101
46,1,250,Z_only,1.9630349229335902,1.9283790787974926,0.6911289793113843,0.3088710206886157,250,0,0,70,180,0,0,0,0,
46,1,250,ZX_split,1.9630349229335902,1.9283790787974926,0.7492365846948112,0.25076341530518875,125,125,0,33,92,42,83,0,0,
46,1,250,XYZ_split,1.9630349229335902,1.9283790787974926,0.9993261229295161,0.0006738770704839414,83,83,84,22,61,26,57,81,3,
46,1,250,RL_adaptive,1.9630349229335902,1.9283790787974926,0.9976722995085703,0.0023277004914297184,90,83,77,26,64,25,58,70,7,0.9976722995085703
46,1,500,Z_only,1.9630349229335902,1.9283790787974926,0.6911289793113843,0.3088710206886157,500,0,0,171,329,0,0,0,0,
46,1,500,ZX_split,1.9630349229335902,1.9283790787974926,0.7499400960339102,0.2500599039660898,250,250,0,84,166,86,164,0,0,
46,1,500,XYZ_split,1.9630349229335902,1.9283790787974926,0.9999045355742188,9.546442578123315e-05,166,166,168,52,114,55,111,159,9,
46,1,500,RL_adaptive,1.9630349229335902,1.9283790787974926,0.98401136301949,0.015988636980510007,134,158,208,31,103,70,88,196,12,0.98401136301949
46,2,10,Z_only,1.9630349229335902,1.9283790787974926,0.6911289793113843,0.3088710206886157,10,0,0,4,6,0,0,0,0,
46,2,10,ZX_split,1.9630349229335902,1.9283790787974926,0.7191322615276443,0.2808677384723557,5,5,0,0,5,2,3,0,0,
46,2,10,XYZ_split,1.9630349229335902,1.9283790787974926,0.9003533462132921,0.0996466537867079,3,3,4,1,2,2,1,4,0,
46,2,10,RL_adaptive,1.9630349229335902,1.9283790787974926,0.9665190406970589,0.03348095930294115,2,3,5,0,2,1,2,5,0,0.9665190406970589
46,2,25,Z_only,1.9630349229335902,1.9283790787974926,0.6911289793113843,0.3088710206886157,25,0,0,7,18,0,0,0,0,
46,2,25,ZX_split,1.9630349229335902,1.9283790787974926,0.661714781030253,0.33828521896974695,12,13,0,6,6,2,11,0,0,
46,2,25,XYZ_split,1.9630349229335902,1.9283790787974926,0.94686337449034,0.05313662550966003,8,8,9,0,8,2,6,8,1,
46,2,25,RL_adaptive,1.9630349229335902,1.9283790787974926,0.9499927186554512,0.05000728134454879,9,10,6,1,8,2,8,5,1,0.9499927186554512
46,2,50,Z_only,1.9630349229335902,1.9283790787974926,0.6911289793113843,0.3088710206886157,50,0,0,15,35,0,0,0,0,
46,2,50,ZX_split,1.9630349229335902,1.9283790787974926,0.7417531525041492,0.2582468474958508,25,25,0,8,17,6,19,0,0,
46,2,50,XYZ_split,1.9630349229335902,1.9283790787974926,0.9662357294292111,0.0337642705707889,16,16,18,6,10,8,8,18,0,
46,2,50,RL_adaptive,1.9630349229335902,1.9283790787974926,0.9711579314859421,0.028842068514057906,18,16,16,4,14,8,8,16,0,0.9711579314859421
46,2,100,Z_only,1.9630349229335902,1.9283790787974926,0.6911289793113843,0.3088710206886157,100,0,0,23,77,0,0,0,0,
46,2,100,ZX_split,1.9630349229335902,1.9283790787974926,0.7413052518229275,0.2586947481770725,50,50,0,12,38,19,31,0,0,
46,2,100,XYZ_split,1.9630349229335902,1.9283790787974926,0.9963901270573525,0.003609872942647474,33,33,34,11,22,13,20,32,2,
46,2,100,RL_adaptive,1.9630349229335902,1.9283790787974926,0.9998544098069851,0.0001455901930148551,29,40,31,9,20,13,27,29,2,0.9998544098069851
46,2,250,Z_only,1.9630349229335902,1.9283790787974926,0.6911289793113843,0.3088710206886157,250,0,0,80,170,0,0,0,0,
46,2,250,ZX_split,1.9630349229335902,1.9283790787974926,0.7445607220621708,0.25543927793782917,125,125,0,43,82,37,88,0,0,
46,2,250,XYZ_split,1.9630349229335902,1.9283790787974926,0.9839819014386709,0.016018098561329075,83,83,84,19,64,37,46,81,3,
46,2,250,RL_adaptive,1.9630349229335902,1.9283790787974926,0.9985709299590357,0.0014290700409642643,89,82,79,31,58,27,55,73,6,0.9985709299590357
46,2,500,Z_only,1.9630349229335902,1.9283790787974926,0.6911289793113843,0.3088710206886157,500,0,0,142,358,0,0,0,0,
46,2,500,ZX_split,1.9630349229335902,1.9283790787974926,0.7502690813508895,0.24973091864911046,250,250,0,65,185,77,173,0,0,
46,2,500,XYZ_split,1.9630349229335902,1.9283790787974926,0.99028179766885,0.00971820233114995,166,166,168,61,105,43,123,155,13,
46,2,500,RL_adaptive,1.9630349229335902,1.9283790787974926,0.9991239380590817,0.0008760619409182713,133,161,206,37,96,50,111,194,12,0.9991239380590817
46,3,10,Z_only,1.9630349229335902,1.9283790787974926,0.6911289793113843,0.3088710206886157,10,0,0,1,9,0,0,0,0,
46,3,10,ZX_split,1.9630349229335902,1.9283790787974926,0.7494982156369329,0.25050178436306714,5,5,0,1,4,1,4,0,0,
46,3,10,XYZ_split,1.9630349229335902,1.9283790787974926,0.9978710283463529,0.002128971653647116,3,3,4,1,2,1,2,4,0,
46,3,10,RL_adaptive,1.9630349229335902,1.9283790787974926,0.9665190406970589,0.03348095930294115,2,3,5,0,2,1,2,5,0,0.9665190406970589
46,3,25,Z_only,1.9630349229335902,1.9283790787974926,0.6911289793113843,0.3088710206886157,25,0,0,4,21,0,0,0,0,
46,3,25,ZX_split,1.9630349229335902,1.9283790787974926,0.7134963680079256,0.2865036319920744,12,13,0,3,9,6,7,0,0,
46,3,25,XYZ_split,1.9630349229335902,1.9283790787974926,0.9648852388556409,0.035114761144359075,8,8,9,2,6,1,7,8,1,
46,3,25,RL_adaptive,1.9630349229335902,1.9283790787974926,0.9931598699641369,0.006840130035863146,8,10,7,3,5,3,7,7,0,0.9931598699641369
46,3,50,Z_only,1.9630349229335902,1.9283790787974926,0.6911289793113843,0.3088710206886157,50,0,0,8,42,0,0,0,0,
46,3,50,ZX_split,1.9630349229335902,1.9283790787974926,0.7503295792188611,0.24967042078113888,25,25,0,7,18,8,17,0,0,
46,3,50,XYZ_split,1.9630349229335902,1.9283790787974926,0.9683851025093394,0.0316148974906606,16,16,18,6,10,8,8,17,1,
46,3,50,RL_adaptive,1.9630349229335902,1.9283790787974926,0.9512139726876694,0.048786027312330615,18,17,15,4,14,3,14,12,3,0.9512139726876694
46,3,100,Z_only,1.9630349229335902,1.9283790787974926,0.6911289793113843,0.3088710206886157,100,0,0,34,66,0,0,0,0,
46,3,100,ZX_split,1.9630349229335902,1.9283790787974926,0.7487321442625303,0.2512678557374697,50,50,0,19,31,21,29,0,0,
46,3,100,XYZ_split,1.9630349229335902,1.9283790787974926,0.9984840447673438,0.0015159552326562409,33,33,34,11,22,11,22,29,5,
46,3,100,RL_adaptive,1.9630349229335902,1.9283790787974926,0.9934290863970816,0.0065709136029183934,30,40,30,12,18,14,26,27,3,0.9934290863970816
46,3,250,Z_only,1.9630349229335902,1.9283790787974926,0.6911289793113843,0.3088710206886157,250,0,0,79,171,0,0,0,0,
46,3,250,ZX_split,1.9630349229335902,1.9283790787974926,0.7494982156369329,0.25050178436306714,125,125,0,43,82,43,82,0,0,
46,3,250,XYZ_split,1.9630349229335902,1.9283790787974926,0.9955883284888554,0.0044116715111446325,83,83,84,24,59,24,59,75,9,
46,3,250,RL_adaptive,1.9630349229335902,1.9283790787974926,0.993910971806995,0.006089028193005053,89,85,76,27,62,23,62,68,8,0.993910971806995
46,3,500,Z_only,1.9630349229335902,1.9283790787974926,0.6911289793113843,0.3088710206886157,500,0,0,165,335,0,0,0,0,
46,3,500,ZX_split,1.9630349229335902,1.9283790787974926,0.7494982156369329,0.25050178436306714,250,250,0,80,170,80,170,0,0,
46,3,500,XYZ_split,1.9630349229335902,1.9283790787974926,0.9941919779968441,0.005808022003155888,166,166,168,49,117,45,121,151,17,
46,3,500,RL_adaptive,1.9630349229335902,1.9283790787974926,0.9978594908907827,0.002140509109217259,134,160,206,39,95,61,99,191,15,0.9978594908907827
46,4,10,Z_only,1.9630349229335902,1.9283790787974926,0.6911289793113843,0.3088710206886157,10,0,0,2,8,0,0,0,0,
46,4,10,ZX_split,1.9630349229335902,1.9283790787974926,0.7191322615276443,0.2808677384723557,5,5,0,0,5,2,3,0,0,
46,4,10,XYZ_split,1.9630349229335902,1.9283790787974926,0.6427273998153571,0.3572726001846429,3,3,4,2,1,3,0,4,0,
46,4,10,RL_adaptive,1.9630349229335902,1.9283790787974926,0.9328025448905372,0.06719745510946284,2,4,4,1,1,2,2,4,0,0.9328025448905372
46,4,25,Z_only,1.9630349229335902,1.9283790787974926,0.6911289793113843,0.3088710206886157,25,0,0,5,20,0,0,0,0,
46,4,25,ZX_split,1.9630349229335902,1.9283790787974926,0.7109975777796613,0.2890024222203387,12,13,0,5,7,3,10,0,0,
46,4,25,XYZ_split,1.9630349229335902,1.9283790787974926,0.8515516490162088,0.14844835098379117,8,8,9,4,4,0,8,7,2,
46,4,25,RL_adaptive,1.9630349229335902,1.9283790787974926,0.9328025448905372,0.06719745510946284,8,10,7,4,4,5,5,7,0,0.9328025448905372
46,4,50,Z_only,1.9630349229335902,1.9283790787974926,0.6911289793113843,0.3088710206886157,50,0,0,18,32,0,0,0,0,
46,4,50,ZX_split,1.9630349229335902,1.9283790787974926,0.6979730250335605,0.3020269749664395,25,25,0,1,24,12,13,0,0,
46,4,50,XYZ_split,1.9630349229335902,1.9283790787974926,0.9811133679614132,0.01888663203858676,16,16,18,7,9,5,11,18,0,
46,4,50,RL_adaptive,1.9630349229335902,1.9283790787974926,0.9897336422663642,0.010266357733635822,18,16,16,6,12,7,9,15,1,0.9897336422663642
46,4,100,Z_only,1.9630349229335902,1.9283790787974926,0.6911289793113843,0.3088710206886157,100,0,0,33,67,0,0,0,0,
46,4,100,ZX_split,1.9630349229335902,1.9283790787974926,0.750092656197877,0.24990734380212298,50,50,0,12,38,15,35,0,0,
46,4,100,XYZ_split,1.9630349229335902,1.9283790787974926,0.9865790391724019,0.013420960827598138,33,33,34,7,26,14,19,33,1,
46,4,100,RL_adaptive,1.9630349229335902,1.9283790787974926,0.9537772499351367,0.046222750064863316,31,39,30,16,15,14,25,26,4,0.9537772499351367
46,4,250,Z_only,1.9630349229335902,1.9283790787974926,0.6911289793113843,0.3088710206886157,250,0,0,86,164,0,0,0,0,
46,4,250,ZX_split,1.9630349229335902,1.9283790787974926,0.7402274071478159,0.2597725928521841,125,125,0,32,93,49,76,0,0,
46,4,250,XYZ_split,1.9630349229335902,1.9283790787974926,0.9994513661572609,0.0005486338427390658,83,83,84,25,58,25,58,81,3,
46,4,250,RL_adaptive,1.9630349229335902,1.9283790787974926,0.996117361135733,0.003882638864266985,88,84,78,32,56,26,58,70,8,0.996117361135733
46,4,500,Z_only,1.9630349229335902,1.9283790787974926,0.6911289793113843,0.3088710206886157,500,0,0,144,356,0,0,0,0,
46,4,500,ZX_split,1.9630349229335902,1.9283790787974926,0.7498079113753112,0.2501920886246888,250,250,0,64,186,80,170,0,0,
46,4,500,XYZ_split,1.9630349229335902,1.9283790787974926,0.9976458945373282,0.002354105462671785,166,166,168,51,115,49,117,153,15,
46,4,500,RL_adaptive,1.9630349229335902,1.9283790787974926,0.9974329898868637,0.0025670101131363143,133,161,206,34,99,51,110,191,15,0.9974329898868637
47,0,10,Z_only,2.243956945714397,4.575748977566764,0.8117301214138823,0.18826987858611766,10,0,0,2,8,0,0,0,0,
47,0,10,ZX_split,2.243956945714397,4.575748977566764,0.7580801135107985,0.24191988648920149,5,5,0,1,4,1,4,0,0,
47,0,10,XYZ_split,2.243956945714397,4.575748977566764,0.9603571054489568,0.039642894551043195,3,3,4,1,2,1,2,0,4,
47,0,10,RL_adaptive,2.243956945714397,4.575748977566764,0.9282459812441772,0.07175401875582277,3,3,4,1,2,2,1,0,4,0.9282459812441772
47,0,25,Z_only,2.243956945714397,4.575748977566764,0.8117301214138823,0.18826987858611766,25,0,0,5,20,0,0,0,0,
47,0,25,ZX_split,2.243956945714397,4.575748977566764,0.8053532524823497,0.19464674751765032,12,13,0,3,9,5,8,0,0,
47,0,25,XYZ_split,2.243956945714397,4.575748977566764,0.9331058270435985,0.06689417295640154,8,8,9,2,6,1,7,0,9,
47,0,25,RL_adaptive,2.243956945714397,4.575748977566764,0.9998714431391008,0.00012855686089918716,9,9,7,2,7,4,5,1,6,0.9998714431391008
47,0,50,Z_only,2.243956945714397,4.575748977566764,0.8117301214138823,0.18826987858611766,50,0,0,8,42,0,0,0,0,
47,0,50,ZX_split,2.243956945714397,4.575748977566764,0.8100676739400149,0.1899323260599851,25,25,0,6,19,10,15,0,0,
47,0,50,XYZ_split,2.243956945714397,4.575748977566764,0.9290952223914792,0.07090477760852076,16,16,18,2,14,9,7,6,12,
47,0,50,RL_adaptive,2.243956945714397,4.575748977566764,0.9863802978089165,0.01361970219108355,17,18,15,2,15,5,13,0,15,0.9863802978089165
47,0,100,Z_only,2.243956945714397,4.575748977566764,0.8117301214138823,0.18826987858611766,100,0,0,16,84,0,0,0,0,
47,0,100,ZX_split,2.243956945714397,4.575748977566764,0.8118203310870459,0.18817966891295412,50,50,0,5,45,18,32,0,0,
47,0,100,XYZ_split,2.243956945714397,4.575748977566764,0.979872953729002,0.02012704627099804,33,33,34,3,30,13,20,7,27,
47,0,100,RL_adaptive,2.243956945714397,4.575748977566764,0.994875639012818,0.005124360987182053,29,39,32,8,21,17,22,4,28,0.994875639012818
47,0,250,Z_only,2.243956945714397,4.575748977566764,0.8117301214138823,0.18826987858611766,250,0,0,34,216,0,0,0,0,
47,0,250,ZX_split,2.243956945714397,4.575748977566764,0.8124123563313232,0.18758764366867675,125,125,0,25,100,62,63,0,0,
47,0,250,XYZ_split,2.243956945714397,4.575748977566764,0.9982169047636469,0.001783095236353116,83,83,84,12,71,34,49,9,75,
47,0,250,RL_adaptive,2.243956945714397,4.575748977566764,0.9932081467034831,0.006791853296516881,95,81,74,15,80,41,40,12,62,0.9932081467034831
47,0,500,Z_only,2.243956945714397,4.575748977566764,0.8117301214138823,0.18826987858611766,500,0,0,104,396,0,0,0,0,
47,0,500,ZX_split,2.243956945714397,4.575748977566764,0.8159429658445108,0.18405703415548924,250,250,0,51,199,109,141,0,0,
47,0,500,XYZ_split,2.243956945714397,4.575748977566764,0.9976689405579292,0.002331059442070793,166,166,168,28,138,71,95,26,142,
47,0,500,RL_adaptive,2.243956945714397,4.575748977566764,0.9982534029452953,0.0017465970547047016,134,193,173,19,115,80,113,19,154,0.9982534029452953
47,1,10,Z_only,2.243956945714397,4.575748977566764,0.8117301214138823,0.18826987858611766,10,0,0,1,9,0,0,0,0,
47,1,10,ZX_split,2.243956945714397,4.575748977566764,0.7947034144569345,0.2052965855430655,5,5,0,0,5,1,4,0,0,
47,1,10,XYZ_split,2.243956945714397,4.575748977566764,0.9603571054489568,0.039642894551043195,3,3,4,1,2,1,2,0,4,
47,1,10,RL_adaptive,2.243956945714397,4.575748977566764,0.8888421692818517,0.11115783071814833,2,3,5,0,2,0,3,1,4,0.8888421692818517
47,1,25,Z_only,2.243956945714397,4.575748977566764,0.8117301214138823,0.18826987858611766,25,0,0,7,18,0,0,0,0,
47,1,25,ZX_split,2.243956945714397,4.575748977566764,0.8119993509856192,0.18800064901438085,12,13,0,2,10,5,8,0,0,
47,1,25,XYZ_split,2.243956945714397,4.575748977566764,0.976773087713387,0.023226912286613,8,8,9,1,7,5,3,0,9,
47,1,25,RL_adaptive,2.243956945714397,4.575748977566764,0.8803109775699006,0.11968902243009938,9,9,7,1,8,4,5,3,4,0.8803109775699006
47,1,50,Z_only,2.243956945714397,4.575748977566764,0.8117301214138823,0.18826987858611766,50,0,0,7,43,0,0,0,0,
47,1,50,ZX_split,2.243956945714397,4.575748977566764,0.799715308972599,0.20028469102740099,25,25,0,6,19,9,16,0,0,
47,1,50,XYZ_split,2.243956945714397,4.575748977566764,0.9652185192820244,0.0347814807179756,16,16,18,4,12,4,12,0,18,
47,1,50,RL_adaptive,2.243956945714397,4.575748977566764,0.9942774820056767,0.005722517994323328,17,18,15,0,17,9,9,0,15,0.9942774820056767
47,1,100,Z_only,2.243956945714397,4.575748977566764,0.8117301214138823,0.18826987858611766,100,0,0,21,79,0,0,0,0,
47,1,100,ZX_split,2.243956945714397,4.575748977566764,0.8111598301964749,0.18884016980352514,50,50,0,3,47,17,33,0,0,
47,1,100,XYZ_split,2.243956945714397,4.575748977566764,0.982307908801637,0.017692091198363014,33,33,34,9,24,18,15,3,31,
47,1,100,RL_adaptive,2.243956945714397,4.575748977566764,0.9923337226501132,0.007666277349886785,28,40,32,5,23,14,26,3,29,0.9923337226501132
47,1,250,Z_only,2.243956945714397,4.575748977566764,0.8117301214138823,0.18826987858611766,250,0,0,46,204,0,0,0,0,
47,1,250,ZX_split,2.243956945714397,4.575748977566764,0.8158042915134256,0.1841957084865744,125,125,0,24,101,58,67,0,0,
47,1,250,XYZ_split,2.243956945714397,4.575748977566764,0.9970757202479766,0.002924279752023362,83,83,84,18,65,41,42,9,75,
47,1,250,RL_adaptive,2.243956945714397,4.575748977566764,0.9993072424650453,0.00069275753495468,93,84,73,15,78,39,45,8,65,0.9993072424650453
47,1,500,Z_only,2.243956945714397,4.575748977566764,0.8117301214138823,0.18826987858611766,500,0,0,95,405,0,0,0,0,
47,1,500,ZX_split,2.243956945714397,4.575748977566764,0.8162231633522633,0.1837768366477367,250,250,0,54,196,112,138,0,0,
47,1,500,XYZ_split,2.243956945714397,4.575748977566764,0.9999402667780322,5.9733221967839256e-05,166,166,168,35,131,76,90,24,144,
47,1,500,RL_adaptive,2.243956945714397,4.575748977566764,0.9997405069334357,0.00025949306656425364,136,191,173,29,107,87,104,21,152,0.9997405069334357
47,2,10,Z_only,2.243956945714397,4.575748977566764,0.8117301214138823,0.18826987858611766,10,0,0,3,7,0,0,0,0,
47,2,10,ZX_split,2.243956945714397,4.575748977566764,0.6827728519929255,0.3172271480070745,5,5,0,1,4,4,1,0,0,
47,2,10,XYZ_split,2.243956945714397,4.575748977566764,0.9282459812441772,0.07175401875582277,3,3,4,1,2,2,1,0,4,
47,2,10,RL_adaptive,2.243956945714397,4.575748977566764,0.9632314395201542,0.03676856047984578,2,3,5,0,2,1,2,1,4,0.9632314395201542
47,2,25,Z_only,2.243956945714397,4.575748977566764,0.8117301214138823,0.18826987858611766,25,0,0,6,19,0,0,0,0,
47,2,25,ZX_split,2.243956945714397,4.575748977566764,0.7917732551047975,0.20822674489520254,12,13,0,4,8,7,6,0,0,
47,2,25,XYZ_split,2.243956945714397,4.575748977566764,0.995166997829398,0.004833002170602008,8,8,9,1,7,4,4,1,8,
47,2,25,RL_adaptive,2.243956945714397,4.575748977566764,0.9868919200531588,0.013108079946841156,9,9,7,2,7,5,4,1,6,0.9868919200531588
47,2,50,Z_only,2.243956945714397,4.575748977566764,0.8117301214138823,0.18826987858611766,50,0,0,6,44,0,0,0,0,
47,2,50,ZX_split,2.243956945714397,4.575748977566764,0.786734868837645,0.21326513116235501,25,25,0,7,18,14,11,0,0,
47,2,50,XYZ_split,2.243956945714397,4.575748977566764,0.9779063992482983,0.022093600751701747,16,16,18,2,14,5,11,3,15,
47,2,50,RL_adaptive,2.243956945714397,4.575748977566764,0.987271594810664,0.012728405189336045,17,18,15,3,14,6,12,2,13,0.987271594810664
47,2,100,Z_only,2.243956945714397,4.575748977566764,0.8117301214138823,0.18826987858611766,100,0,0,18,82,0,0,0,0,
47,2,100,ZX_split,2.243956945714397,4.575748977566764,0.8117301214138823,0.18826987858611766,50,50,0,10,40,25,25,0,0,
47,2,100,XYZ_split,2.243956945714397,4.575748977566764,0.9901427551683114,0.009857244831688594,33,33,34,5,28,14,19,7,27,
47,2,100,RL_adaptive,2.243956945714397,4.575748977566764,0.9658552443717816,0.03414475562821839,27,41,32,3,24,26,15,4,28,0.9658552443717816
47,2,250,Z_only,2.243956945714397,4.575748977566764,0.8117301214138823,0.18826987858611766,250,0,0,37,213,0,0,0,0,
47,2,250,ZX_split,2.243956945714397,4.575748977566764,0.8159034358743114,0.18409656412568864,125,125,0,26,99,58,67,0,0,
47,2,250,XYZ_split,2.243956945714397,4.575748977566764,0.9966201931177383,0.0033798068822616933,83,83,84,13,70,32,51,9,75,
47,2,250,RL_adaptive,2.243956945714397,4.575748977566764,0.9944433501975751,0.005556649802424873,93,83,74,23,70,42,41,9,65,0.9944433501975751
47,2,500,Z_only,2.243956945714397,4.575748977566764,0.8117301214138823,0.18826987858611766,500,0,0,102,398,0,0,0,0,
47,2,500,ZX_split,2.243956945714397,4.575748977566764,0.8162068679713004,0.18379313202869962,250,250,0,41,209,112,138,0,0,
47,2,500,XYZ_split,2.243956945714397,4.575748977566764,0.9988152125778524,0.0011847874221475596,166,166,168,33,133,69,97,22,146,
47,2,500,RL_adaptive,2.243956945714397,4.575748977566764,0.9996867984305744,0.00031320156942560295,136,191,173,28,108,87,104,19,154,0.9996867984305744
47,3,10,Z_only,2.243956945714397,4.575748977566764,0.8117301214138823,0.18826987858611766,10,0,0,2,8,0,0,0,0,
47,3,10,ZX_split,2.243956945714397,4.575748977566764,0.24191988648920146,0.7580801135107985,5,5,0,3,2,3,2,0,0,
47,3,10,XYZ_split,2.243956945714397,4.575748977566764,0.9688779223984789,0.03112207760152108,3,3,4,0,3,2,1,0,4,
47,3,10,RL_adaptive,2.243956945714397,4.575748977566764,0.9343199348613873,0.06568006513861269,2,3,5,0,2,0,3,0,5,0.9343199348613873
47,3,25,Z_only,2.243956945714397,4.575748977566764,0.8117301214138823,0.18826987858611766,25,0,0,3,22,0,0,0,0,
47,3,25,ZX_split,2.243956945714397,4.575748977566764,0.7966264961237371,0.20337350387626285,12,13,0,2,10,4,9,0,0,
47,3,25,XYZ_split,2.243956945714397,4.575748977566764,0.9282022482979614,0.07179775170203861,8,8,9,3,5,5,3,1,8,
47,3,25,RL_adaptive,2.243956945714397,4.575748977566764,0.9824937836798674,0.017506216320132606,9,9,7,2,7,5,4,0,7,0.9824937836798674
47,3,50,Z_only,2.243956945714397,4.575748977566764,0.8117301214138823,0.18826987858611766,50,0,0,12,38,0,0,0,0,
47,3,50,ZX_split,2.243956945714397,4.575748977566764,0.8150181011637376,0.18498189883626237,25,25,0,3,22,10,15,0,0,
47,3,50,XYZ_split,2.243956945714397,4.575748977566764,0.995166997829398,0.004833002170602008,16,16,18,2,14,8,8,2,16,
47,3,50,RL_adaptive,2.243956945714397,4.575748977566764,0.9702246970427041,0.029775302957295913,17,18,15,4,13,11,7,1,14,0.9702246970427041
47,3,100,Z_only,2.243956945714397,4.575748977566764,0.8117301214138823,0.18826987858611766,100,0,0,19,81,0,0,0,0,
47,3,100,ZX_split,2.243956945714397,4.575748977566764,0.8125723752799409,0.18742762472005914,50,50,0,7,43,19,31,0,0,
47,3,100,XYZ_split,2.243956945714397,4.575748977566764,0.9988017247433507,0.0011982752566492838,33,33,34,7,26,15,18,3,31,
47,3,100,RL_adaptive,2.243956945714397,4.575748977566764,0.9921713594429883,0.007828640557011712,28,40,32,6,22,21,19,6,26,0.9921713594429883
47,3,250,Z_only,2.243956945714397,4.575748977566764,0.8117301214138823,0.18826987858611766,250,0,0,35,215,0,0,0,0,
47,3,250,ZX_split,2.243956945714397,4.575748977566764,0.8144207127847605,0.18557928721523953,125,125,0,22,103,51,74,0,0,
47,3,250,XYZ_split,2.243956945714397,4.575748977566764,0.9976501136728662,0.0023498863271338433,83,83,84,12,71,41,42,6,78,
47,3,250,RL_adaptive,2.243956945714397,4.575748977566764,0.998562034796647,0.0014379652033530421,94,83,73,15,79,40,43,7,66,0.998562034796647
47,3,500,Z_only,2.243956945714397,4.575748977566764,0.8117301214138823,0.18826987858611766,500,0,0,78,422,0,0,0,0,
47,3,500,ZX_split,2.243956945714397,4.575748977566764,0.808401506737443,0.19159849326255696,250,250,0,51,199,129,121,0,0,
47,3,500,XYZ_split,2.243956945714397,4.575748977566764,0.99792780999186,0.0020721900081399625,166,166,168,33,133,67,99,21,147,
47,3,500,RL_adaptive,2.243956945714397,4.575748977566764,0.996004903775434,0.003995096224565953,134,193,173,24,110,74,119,21,152,0.996004903775434
47,4,10,Z_only,2.243956945714397,4.575748977566764,0.8117301214138823,0.18826987858611766,10,0,0,3,7,0,0,0,0,
47,4,10,ZX_split,2.243956945714397,4.575748977566764,0.8125723752799409,0.18742762472005914,5,5,0,1,4,2,3,0,0,
47,4,10,XYZ_split,2.243956945714397,4.575748977566764,0.9282459812441772,0.07175401875582277,3,3,4,1,2,2,1,0,4,
47,4,10,RL_adaptive,2.243956945714397,4.575748977566764,0.9933108243682698,0.006689175631730215,2,3,5,0,2,1,2,0,5,0.9933108243682698
47,4,25,Z_only,2.243956945714397,4.575748977566764,0.8117301214138823,0.18826987858611766,25,0,0,6,19,0,0,0,0,
47,4,25,ZX_split,2.243956945714397,4.575748977566764,0.8162023162323021,0.1837976837676979,12,13,0,3,9,6,7,0,0,
47,4,25,XYZ_split,2.243956945714397,4.575748977566764,0.8380997328825255,0.16190026711747452,8,8,9,3,5,6,2,2,7,
47,4,25,RL_adaptive,2.243956945714397,4.575748977566764,0.9120237019457565,0.08797629805424345,9,9,7,2,7,2,7,2,5,0.9120237019457565
47,4,50,Z_only,2.243956945714397,4.575748977566764,0.8117301214138823,0.18826987858611766,50,0,0,14,36,0,0,0,0,
47,4,50,ZX_split,2.243956945714397,4.575748977566764,0.8136093452241647,0.18639065477583527,25,25,0,0,25,12,13,0,0,
47,4,50,XYZ_split,2.243956945714397,4.575748977566764,0.9863397425593506,0.01366025744064936,16,16,18,3,13,5,11,1,17,
47,4,50,RL_adaptive,2.243956945714397,4.575748977566764,0.9086250749898078,0.09137492501019218,17,18,15,5,12,13,5,2,13,0.9086250749898078
47,4,100,Z_only,2.243956945714397,4.575748977566764,0.8117301214138823,0.18826987858611766,100,0,0,21,79,0,0,0,0,
47,4,100,ZX_split,2.243956945714397,4.575748977566764,0.8053532524823497,0.19464674751765032,50,50,0,12,38,19,31,0,0,
47,4,100,XYZ_split,2.243956945714397,4.575748977566764,0.9897229407981888,0.010277059201811212,33,33,34,0,33,14,19,3,31,
47,4,100,RL_adaptive,2.243956945714397,4.575748977566764,0.9922437528336496,0.007756247166350372,29,39,32,7,22,18,21,1,31,0.9922437528336496
47,4,250,Z_only,2.243956945714397,4.575748977566764,0.8117301214138823,0.18826987858611766,250,0,0,42,208,0,0,0,0,
47,4,250,ZX_split,2.243956945714397,4.575748977566764,0.8161197712745246,0.18388022872547538,125,125,0,20,105,54,71,0,0,
47,4,250,XYZ_split,2.243956945714397,4.575748977566764,0.988473469503736,0.011526530496263954,83,83,84,6,77,35,48,13,71,
47,4,250,RL_adaptive,2.243956945714397,4.575748977566764,0.9991723726754816,0.0008276273245183541,91,87,72,16,75,36,51,6,66,0.9991723726754816
47,4,500,Z_only,2.243956945714397,4.575748977566764,0.8117301214138823,0.18826987858611766,500,0,0,101,399,0,0,0,0,
47,4,500,ZX_split,2.243956945714397,4.575748977566764,0.8128716047460669,0.1871283952539331,250,250,0,38,212,123,127,0,0,
47,4,500,XYZ_split,2.243956945714397,4.575748977566764,0.9971993934917548,0.002800606508245207,166,166,168,24,142,65,101,17,151,
47,4,500,RL_adaptive,2.243956945714397,4.575748977566764,0.9995920588933813,0.0004079411066186811,135,192,173,26,109,82,110,19,154,0.9995920588933813
48,0,10,Z_only,2.576256814796315,1.9557224753901743,0.9222043696977374,0.07779563030226255,10,0,0,0,10,0,0,0,0,
48,0,10,ZX_split,2.576256814796315,1.9557224753901743,0.7274262555455497,0.27257374445445026,5,5,0,1,4,4,1,0,0,
48,0,10,XYZ_split,2.576256814796315,1.9557224753901743,0.868733602717743,0.13126639728225697,3,3,4,0,3,2,1,2,2,
48,0,10,RL_adaptive,2.576256814796315,1.9557224753901743,0.9710412375358016,0.028958762464198373,2,3,5,0,2,1,2,3,2,0.9710412375358016
48,0,25,Z_only,2.576256814796315,1.9557224753901743,0.9222043696977374,0.07779563030226255,25,0,0,5,20,0,0,0,0,
48,0,25,ZX_split,2.576256814796315,1.9557224753901743,0.889024990122591,0.11097500987740905,12,13,0,1,11,2,11,0,0,
48,0,25,XYZ_split,2.576256814796315,1.9557224753901743,0.9148431459112604,0.08515685408873963,8,8,9,0,8,6,2,8,1,
48,0,25,RL_adaptive,2.576256814796315,1.9557224753901743,0.9630434763111682,0.036956523688831844,9,9,7,1,8,3,6,4,3,0.9630434763111682
48,0,50,Z_only,2.576256814796315,1.9557224753901743,0.9222043696977374,0.07779563030226255,50,0,0,4,46,0,0,0,0,
48,0,50,ZX_split,2.576256814796315,1.9557224753901743,0.9286970738321423,0.07130292616785772,25,25,0,4,21,9,16,0,0,
48,0,50,XYZ_split,2.576256814796315,1.9557224753901743,0.9749122431950915,0.02508775680490849,16,16,18,2,14,4,12,15,3,
48,0,50,RL_adaptive,2.576256814796315,1.9557224753901743,0.955981676571203,0.04401832342879697,18,17,15,1,17,10,7,10,5,0.955981676571203
48,0,100,Z_only,2.576256814796315,1.9557224753901743,0.9222043696977374,0.07779563030226255,100,0,0,11,89,0,0,0,0,
48,0,100,ZX_split,2.576256814796315,1.9557224753901743,0.8950150784513246,0.10498492154867545,50,50,0,7,43,11,39,0,0,
48,0,100,XYZ_split,2.576256814796315,1.9557224753901743,0.9511409722532189,0.04885902774678108,33,33,34,0,33,16,17,19,15,
48,0,100,RL_adaptive,2.576256814796315,1.9557224753901743,0.992164366417179,0.007835633582821022,28,41,31,3,25,20,21,23,8,0.992164366417179
48,0,250,Z_only,2.576256814796315,1.9557224753901743,0.9222043696977374,0.07779563030226255,250,0,0,11,239,0,0,0,0,
48,0,250,ZX_split,2.576256814796315,1.9557224753901743,0.933234055955099,0.066765944044901,125,125,0,8,117,46,79,0,0,
48,0,250,XYZ_split,2.576256814796315,1.9557224753901743,0.993774573716849,0.0062254262831510365,83,83,84,6,77,26,57,63,21,
48,0,250,RL_adaptive,2.576256814796315,1.9557224753901743,0.9816352894035888,0.018364710596411205,94,84,72,9,85,27,57,46,26,0.9816352894035888
48,0,500,Z_only,2.576256814796315,1.9557224753901743,0.9222043696977374,0.07779563030226255,500,0,0,42,458,0,0,0,0,
48,0,500,ZX_split,2.576256814796315,1.9557224753901743,0.9331853407631363,0.0668146592368637,250,250,0,20,230,93,157,0,0,
48,0,500,XYZ_split,2.576256814796315,1.9557224753901743,0.9994280562573532,0.0005719437426467966,166,166,168,17,149,70,96,120,48,
48,0,500,RL_adaptive,2.576256814796315,1.9557224753901743,0.997768135033828,0.0022318649661720036,131,169,200,10,121,59,110,153,47,0.997768135033828
48,1,10,Z_only,2.576256814796315,1.9557224753901743,0.9222043696977374,0.07779563030226255,10,0,0,0,10,0,0,0,0,
48,1,10,ZX_split,2.576256814796315,1.9557224753901743,0.869660890174175,0.13033910982582497,5,5,0,0,5,0,5,0,0,
48,1,10,XYZ_split,2.576256814796315,1.9557224753901743,0.9845119343494539,0.015488065650546057,3,3,4,0,3,1,2,4,0,
48,1,10,RL_adaptive,2.576256814796315,1.9557224753901743,0.9451541294269421,0.0548458705730579,2,3,5,0,2,0,3,5,0,0.9451541294269421
48,1,25,Z_only,2.576256814796315,1.9557224753901743,0.9222043696977374,0.07779563030226255,25,0,0,1,24,0,0,0,0,
48,1,25,ZX_split,2.576256814796315,1.9557224753901743,0.9340074822927454,0.06599251770725456,12,13,0,0,12,5,8,0,0,
48,1,25,XYZ_split,2.576256814796315,1.9557224753901743,0.9998172572029719,0.00018274279702812368,8,8,9,0,8,3,5,7,2,
48,1,25,RL_adaptive,2.576256814796315,1.9557224753901743,0.9342996308546831,0.06570036914531685,9,9,7,1,8,2,7,4,3,0.9342996308546831
48,1,50,Z_only,2.576256814796315,1.9557224753901743,0.9222043696977374,0.07779563030226255,50,0,0,3,47,0,0,0,0,
48,1,50,ZX_split,2.576256814796315,1.9557224753901743,0.9273817742540312,0.07261822574596877,25,25,0,4,21,12,13,0,0,
48,1,50,XYZ_split,2.576256814796315,1.9557224753901743,0.9897773518337162,0.010222648166283821,16,16,18,2,14,8,8,13,5,
48,1,50,RL_adaptive,2.576256814796315,1.9557224753901743,0.9826981295442528,0.01730187045574716,18,16,16,1,17,7,9,15,1,0.9826981295442528
48,1,100,Z_only,2.576256814796315,1.9557224753901743,0.9222043696977374,0.07779563030226255,100,0,0,9,91,0,0,0,0,
48,1,100,ZX_split,2.576256814796315,1.9557224753901743,0.9107671069734531,0.08923289302654691,50,50,0,4,46,27,23,0,0,
48,1,100,XYZ_split,2.576256814796315,1.9557224753901743,0.9749828881406161,0.025017111859383934,33,33,34,4,29,17,16,29,5,
48,1,100,RL_adaptive,2.576256814796315,1.9557224753901743,0.9744837933269538,0.025516206673046216,28,41,31,3,25,10,31,27,4,0.9744837933269538
48,1,250,Z_only,2.576256814796315,1.9557224753901743,0.9222043696977374,0.07779563030226255,250,0,0,19,231,0,0,0,0,
48,1,250,ZX_split,2.576256814796315,1.9557224753901743,0.9321270079084434,0.06787299209155662,125,125,0,8,117,44,81,0,0,
48,1,250,XYZ_split,2.576256814796315,1.9557224753901743,0.9982382191669162,0.0017617808330837592,83,83,84,3,80,36,47,66,18,
48,1,250,RL_adaptive,2.576256814796315,1.9557224753901743,0.9873686732876089,0.012631326712391089,97,80,73,8,89,32,48,46,27,0.9873686732876089
48,1,500,Z_only,2.576256814796315,1.9557224753901743,0.9222043696977374,0.07779563030226255,500,0,0,38,462,0,0,0,0,
48,1,500,ZX_split,2.576256814796315,1.9557224753901743,0.9339613025227034,0.06603869747729663,250,250,0,21,229,102,148,0,0,
48,1,500,XYZ_split,2.576256814796315,1.9557224753901743,0.9977256257804394,0.00227437421956056,166,166,168,17,149,74,92,119,49,
48,1,500,RL_adaptive,2.576256814796315,1.9557224753901743,0.9940452125073888,0.0059547874926112465,132,170,198,14,118,56,114,145,53,0.9940452125073888
48,2,10,Z_only,2.576256814796315,1.9557224753901743,0.9222043696977374,0.07779563030226255,10,0,0,1,9,0,0,0,0,
48,2,10,ZX_split,2.576256814796315,1.9557224753901743,0.9337298410524972,0.06627015894750277,5,5,0,0,5,2,3,0,0,
48,2,10,XYZ_split,2.576256814796315,1.9557224753901743,0.9323428650746334,0.06765713492536662,3,3,4,0,3,1,2,2,2,
48,2,10,RL_adaptive,2.576256814796315,1.9557224753901743,0.9985428425890723,0.0014571574109276675,2,3,5,0,2,1,2,4,1,0.9985428425890723
48,2,25,Z_only,2.576256814796315,1.9557224753901743,0.9222043696977374,0.07779563030226255,25,0,0,2,23,0,0,0,0,
48,2,25,ZX_split,2.576256814796315,1.9557224753901743,0.9340074822927454,0.06599251770725456,12,13,0,0,12,5,8,0,0,
48,2,25,XYZ_split,2.576256814796315,1.9557224753901743,0.9470366959030971,0.05296330409690286,8,8,9,0,8,4,4,5,4,
48,2,25,RL_adaptive,2.576256814796315,1.9557224753901743,0.9617658466251872,0.03823415337481284,9,9,7,0,9,3,6,4,3,0.9617658466251872
48,2,50,Z_only,2.576256814796315,1.9557224753901743,0.9222043696977374,0.07779563030226255,50,0,0,6,44,0,0,0,0,
48,2,50,ZX_split,2.576256814796315,1.9557224753901743,0.9323428650746334,0.06765713492536662,25,25,0,2,23,9,16,0,0,
48,2,50,XYZ_split,2.576256814796315,1.9557224753901743,0.9866391538741567,0.013360846125843318,16,16,18,0,16,8,8,13,5,
48,2,50,RL_adaptive,2.576256814796315,1.9557224753901743,0.9431592707587374,0.0568407292412626,18,17,15,0,18,5,12,8,7,0.9431592707587374
48,2,100,Z_only,2.576256814796315,1.9557224753901743,0.9222043696977374,0.07779563030226255,100,0,0,7,93,0,0,0,0,
48,2,100,ZX_split,2.576256814796315,1.9557224753901743,0.9334772158161656,0.0665227841838344,50,50,0,1,49,18,32,0,0,
48,2,100,XYZ_split,2.576256814796315,1.9557224753901743,0.9866793018272234,0.01332069817277659,33,33,34,1,32,17,16,26,8,
48,2,100,RL_adaptive,2.576256814796315,1.9557224753901743,0.9733999596910302,0.026600040308969786,27,41,32,0,27,12,29,20,12,0.9733999596910302
48,2,250,Z_only,2.576256814796315,1.9557224753901743,0.9222043696977374,0.07779563030226255,250,0,0,18,232,0,0,0,0,
48,2,250,ZX_split,2.576256814796315,1.9557224753901743,0.9339492693374912,0.06605073066250877,125,125,0,10,115,49,76,0,0,
48,2,250,XYZ_split,2.576256814796315,1.9557224753901743,0.9989035381992929,0.0010964618007071048,83,83,84,3,80,31,52,62,22,
48,2,250,RL_adaptive,2.576256814796315,1.9557224753901743,0.9897748811390753,0.010225118860924698,95,80,75,12,83,28,52,62,13,0.9897748811390753
48,2,500,Z_only,2.576256814796315,1.9557224753901743,0.9222043696977374,0.07779563030226255,500,0,0,33,467,0,0,0,0,
48,2,500,ZX_split,2.576256814796315,1.9557224753901743,0.9340142236170262,0.06598577638297376,250,250,0,18,232,100,150,0,0,
48,2,500,XYZ_split,2.576256814796315,1.9557224753901743,0.9980947242772255,0.0019052757227745465,166,166,168,10,156,60,106,135,33,
48,2,500,RL_adaptive,2.576256814796315,1.9557224753901743,0.9930599595345508,0.00694004046544916,131,172,197,7,124,57,115,138,59,0.9930599595345508
48,3,10,Z_only,2.576256814796315,1.9557224753901743,0.9222043696977374,0.07779563030226255,10,0,0,2,8,0,0,0,0,
48,3,10,ZX_split,2.576256814796315,1.9557224753901743,0.868733602717743,0.13126639728225697,5,5,0,1,4,3,2,0,0,
48,3,10,XYZ_split,2.576256814796315,1.9557224753901743,0.9970181060753414,0.0029818939246586407,3,3,4,0,3,1,2,3,1,
48,3,10,RL_adaptive,2.576256814796315,1.9557224753901743,0.8063210785740003,0.19367892142599974,2,3,5,0,2,3,0,4,1,0.8063210785740003
48,3,25,Z_only,2.576256814796315,1.9557224753901743,0.9222043696977374,0.07779563030226255,25,0,0,2,23,0,0,0,0,
48,3,25,ZX_split,2.576256814796315,1.9557224753901743,0.9194213708803594,0.08057862911964064,12,13,0,0,12,3,10,0,0,
48,3,25,XYZ_split,2.576256814796315,1.9557224753901743,0.9717685073844111,0.028231492615588882,8,8,9,1,7,4,4,8,1,
48,3,25,RL_adaptive,2.576256814796315,1.9557224753901743,0.9937066291386677,0.006293370861332304,9,9,7,1,8,3,6,5,2,0.9937066291386677
48,3,50,Z_only,2.576256814796315,1.9557224753901743,0.9222043696977374,0.07779563030226255,50,0,0,3,47,0,0,0,0,
48,3,50,ZX_split,2.576256814796315,1.9557224753901743,0.9246168807274492,0.07538311927255081,25,25,0,3,22,8,17,0,0,
48,3,50,XYZ_split,2.576256814796315,1.9557224753901743,0.9888524003013535,0.011147599698646538,16,16,18,1,15,8,8,13,5,
48,3,50,RL_adaptive,2.576256814796315,1.9557224753901743,0.9810969555720122,0.018903044427987847,18,16,16,0,18,7,9,16,0,0.9810969555720122
48,3,100,Z_only,2.576256814796315,1.9557224753901743,0.9222043696977374,0.07779563030226255,100,0,0,3,97,0,0,0,0,
48,3,100,ZX_split,2.576256814796315,1.9557224753901743,0.9265103609530332,0.07348963904696681,50,50,0,4,46,24,26,0,0,
48,3,100,XYZ_split,2.576256814796315,1.9557224753901743,0.9997674717449504,0.00023252825504960217,33,33,34,1,32,13,20,27,7,
48,3,100,RL_adaptive,2.576256814796315,1.9557224753901743,0.9979853414142849,0.0020146585857151456,27,41,32,2,25,15,26,23,9,0.9979853414142849
48,3,250,Z_only,2.576256814796315,1.9557224753901743,0.9222043696977374,0.07779563030226255,250,0,0,24,226,0,0,0,0,
48,3,250,ZX_split,2.576256814796315,1.9557224753901743,0.9317676094449466,0.06823239055505337,125,125,0,6,119,55,70,0,0,
48,3,250,XYZ_split,2.576256814796315,1.9557224753901743,0.9966501622125922,0.0033498377874078278,83,83,84,10,73,34,49,56,28,
48,3,250,RL_adaptive,2.576256814796315,1.9557224753901743,0.998128508520475,0.0018714914795250337,97,80,73,6,91,28,52,57,16,0.998128508520475
48,3,500,Z_only,2.576256814796315,1.9557224753901743,0.9222043696977374,0.07779563030226255,500,0,0,43,457,0,0,0,0,
48,3,500,ZX_split,2.576256814796315,1.9557224753901743,0.9316843176934141,0.06831568230658591,250,250,0,18,232,111,139,0,0,
48,3,500,XYZ_split,2.576256814796315,1.9557224753901743,0.9966030192220008,0.0033969807779992145,166,166,168,15,151,58,108,121,47,
48,3,500,RL_adaptive,2.576256814796315,1.9557224753901743,0.9948823675323869,0.005117632467613098,131,171,198,7,124,57,114,142,56,0.9948823675323869
48,4,10,Z_only,2.576256814796315,1.9557224753901743,0.9222043696977374,0.07779563030226255,10,0,0,1,9,0,0,0,0,
48,4,10,ZX_split,2.576256814796315,1.9557224753901743,0.868733602717743,0.13126639728225697,5,5,0,1,4,3,2,0,0,
48,4,10,XYZ_split,2.576256814796315,1.9557224753901743,0.83664162190037,0.16335837809963005,3,3,4,1,2,2,1,3,1,
48,4,10,RL_adaptive,2.576256814796315,1.9557224753901743,0.9451541294269421,0.0548458705730579,2,3,5,0,2,0,3,5,0,0.9451541294269421
48,4,25,Z_only,2.576256814796315,1.9557224753901743,0.9222043696977374,0.07779563030226255,25,0,0,1,24,0,0,0,0,
48,4,25,ZX_split,2.576256814796315,1.9557224753901743,0.9132470045035831,0.08675299549641691,12,13,0,0,12,7,6,0,0,
48,4,25,XYZ_split,2.576256814796315,1.9557224753901743,0.9790418163393905,0.02095818366060953,8,8,9,0,8,4,4,6,3,
48,4,25,RL_adaptive,2.576256814796315,1.9557224753901743,0.8950150784513248,0.10498492154867523,10,9,6,0,10,1,8,3,3,0.8950150784513248
48,4,50,Z_only,2.576256814796315,1.9557224753901743,0.9222043696977374,0.07779563030226255,50,0,0,4,46,0,0,0,0,
48,4,50,ZX_split,2.576256814796315,1.9557224753901743,0.9265103609530332,0.07348963904696681,25,25,0,2,23,12,13,0,0,
48,4,50,XYZ_split,2.576256814796315,1.9557224753901743,0.9976615558327494,0.0023384441672505973,16,16,18,0,16,7,9,14,4,
48,4,50,RL_adaptive,2.576256814796315,1.9557224753901743,0.9906406814286232,0.00935931857137684,18,17,15,1,17,6,11,10,5,0.9906406814286232
48,4,100,Z_only,2.576256814796315,1.9557224753901743,0.9222043696977374,0.07779563030226255,100,0,0,8,92,0,0,0,0,
48,4,100,ZX_split,2.576256814796315,1.9557224753901743,0.9298379701135092,0.07016202988649078,50,50,0,4,46,23,27,0,0,
48,4,100,XYZ_split,2.576256814796315,1.9557224753901743,0.9993863450521248,0.0006136549478752418,33,33,34,0,33,13,20,28,6,
48,4,100,RL_adaptive,2.576256814796315,1.9557224753901743,0.9626534160625493,0.03734658393745072,27,41,32,1,26,16,25,18,14,0.9626534160625493
48,4,250,Z_only,2.576256814796315,1.9557224753901743,0.9222043696977374,0.07779563030226255,250,0,0,16,234,0,0,0,0,
48,4,250,ZX_split,2.576256814796315,1.9557224753901743,0.9266608363052468,0.07333916369475324,125,125,0,12,113,60,65,0,0,
48,4,250,XYZ_split,2.576256814796315,1.9557224753901743,0.9875244626570733,0.012475537342926724,83,83,84,7,76,26,57,57,27,
48,4,250,RL_adaptive,2.576256814796315,1.9557224753901743,0.9957503461191369,0.004249653880863069,100,76,74,5,95,35,41,55,19,0.9957503461191369
48,4,500,Z_only,2.576256814796315,1.9557224753901743,0.9222043696977374,0.07779563030226255,500,0,0,43,457,0,0,0,0,
48,4,500,ZX_split,2.576256814796315,1.9557224753901743,0.9337430285614376,0.06625697143856235,250,250,0,20,230,96,154,0,0,
48,4,500,XYZ_split,2.576256814796315,1.9557224753901743,0.9997455937133598,0.0002544062866401964,166,166,168,9,157,68,98,129,39,
48,4,500,RL_adaptive,2.576256814796315,1.9557224753901743,0.9953652010891422,0.004634798910857829,131,172,197,7,124,60,112,139,58,0.9953652010891422
49,0,10,Z_only,2.092778687917742,1.9137724415789414,0.7492997457060027,0.25070025429399734,10,0,0,4,6,0,0,0,0,
49,0,10,ZX_split,2.092778687917742,1.9137724415789414,0.7793452783114349,0.22065472168856515,5,5,0,2,3,2,3,0,0,
49,0,10,XYZ_split,2.092778687917742,1.9137724415789414,0.8994269905465512,0.10057300945344883,3,3,4,0,3,0,3,3,1,
49,0,10,RL_adaptive,2.092778687917742,1.9137724415789414,0.9165770496717797,0.08342295032822034,2,3,5,0,2,0,3,4,1,0.9165770496717797
49,0,25,Z_only,2.092778687917742,1.9137724415789414,0.7492997457060027,0.25070025429399734,25,0,0,6,19,0,0,0,0,
49,0,25,ZX_split,2.092778687917742,1.9137724415789414,0.7832625052452562,0.2167374947547438,12,13,0,2,10,5,8,0,0,
49,0,25,XYZ_split,2.092778687917742,1.9137724415789414,0.9921186374630712,0.007881362536928838,8,8,9,2,6,3,5,7,2,
49,0,25,RL_adaptive,2.092778687917742,1.9137724415789414,0.8916857817649727,0.1083142182350273,8,11,6,4,4,0,11,6,0,0.8916857817649727
49,0,50,Z_only,2.092778687917742,1.9137724415789414,0.7492997457060027,0.25070025429399734,50,0,0,8,42,0,0,0,0,
49,0,50,ZX_split,2.092778687917742,1.9137724415789414,0.7101412743044417,0.28985872569555826,25,25,0,6,19,14,11,0,0,
49,0,50,XYZ_split,2.092778687917742,1.9137724415789414,0.9618258727104558,0.03817412728954417,16,16,18,7,9,5,11,15,3,
49,0,50,RL_adaptive,2.092778687917742,1.9137724415789414,0.9727286736869536,0.027271326313046407,18,17,15,7,11,8,9,13,2,0.9727286736869536
49,0,100,Z_only,2.092778687917742,1.9137724415789414,0.7492997457060027,0.25070025429399734,100,0,0,23,77,0,0,0,0,
49,0,100,ZX_split,2.092778687917742,1.9137724415789414,0.7864688237567762,0.21353117624322382,50,50,0,12,38,15,35,0,0,
49,0,100,XYZ_split,2.092778687917742,1.9137724415789414,0.9946029219209733,0.005397078079026674,33,33,34,10,23,10,23,31,3,
49,0,100,RL_adaptive,2.092778687917742,1.9137724415789414,0.9842548277815346,0.015745172218465386,28,41,31,4,24,18,23,28,3,0.9842548277815346
49,0,250,Z_only,2.092778687917742,1.9137724415789414,0.7492997457060027,0.25070025429399734,250,0,0,64,186,0,0,0,0,
49,0,250,ZX_split,2.092778687917742,1.9137724415789414,0.7840632899892573,0.21593671001074266,125,125,0,34,91,38,87,0,0,
49,0,250,XYZ_split,2.092778687917742,1.9137724415789414,0.9967405754777247,0.003259424522275345,83,83,84,22,61,25,58,75,9,
49,0,250,RL_adaptive,2.092778687917742,1.9137724415789414,0.9988427727442499,0.0011572272557500707,91,82,77,22,69,25,57,74,3,0.9988427727442499
49,0,500,Z_only,2.092778687917742,1.9137724415789414,0.7492997457060027,0.25070025429399734,500,0,0,133,367,0,0,0,0,
49,0,500,ZX_split,2.092778687917742,1.9137724415789414,0.7884433844124773,0.2115566155875227,250,250,0,59,191,82,168,0,0,
49,0,500,XYZ_split,2.092778687917742,1.9137724415789414,0.9965235718844413,0.003476428115558705,166,166,168,47,119,69,97,150,18,
49,0,500,RL_adaptive,2.092778687917742,1.9137724415789414,0.9992588268477328,0.0007411731522671827,133,162,205,30,103,58,104,184,21,0.9992588268477328
49,1,10,Z_only,2.092778687917742,1.9137724415789414,0.7492997457060027,0.25070025429399734,10,0,0,4,6,0,0,0,0,
49,1,10,ZX_split,2.092778687917742,1.9137724415789414,0.7793452783114349,0.22065472168856515,5,5,0,1,4,1,4,0,0,
49,1,10,XYZ_split,2.092778687917742,1.9137724415789414,0.938432229042653,0.061567770957347,3,3,4,1,2,0,3,4,0,
49,1,10,RL_adaptive,2.092778687917742,1.9137724415789414,0.8379863832960881,0.1620136167039119,3,3,4,2,1,1,2,4,0,0.8379863832960881
49,1,25,Z_only,2.092778687917742,1.9137724415789414,0.7492997457060027,0.25070025429399734,25,0,0,8,17,0,0,0,0,
49,1,25,ZX_split,2.092778687917742,1.9137724415789414,0.7756896803052311,0.2243103196947689,12,13,0,0,12,5,8,0,0,
49,1,25,XYZ_split,2.092778687917742,1.9137724415789414,0.9302644480112373,0.06973555198876269,8,8,9,4,4,2,6,9,0,
49,1,25,RL_adaptive,2.092778687917742,1.9137724415789414,0.9909007203805179,0.009099279619482092,9,10,6,2,7,2,8,6,0,0.9909007203805179
49,1,50,Z_only,2.092778687917742,1.9137724415789414,0.7492997457060027,0.25070025429399734,50,0,0,14,36,0,0,0,0,
49,1,50,ZX_split,2.092778687917742,1.9137724415789414,0.7484826972899586,0.25151730271004136,25,25,0,10,15,8,17,0,0,
49,1,50,XYZ_split,2.092778687917742,1.9137724415789414,0.9544482161247195,0.04555178387528047,16,16,18,3,13,2,14,15,3,
49,1,50,RL_adaptive,2.092778687917742,1.9137724415789414,0.9990560589143291,0.000943941085670863,18,16,16,4,14,6,10,15,1,0.9990560589143291
49,1,100,Z_only,2.092778687917742,1.9137724415789414,0.7492997457060027,0.25070025429399734,100,0,0,22,78,0,0,0,0,
49,1,100,ZX_split,2.092778687917742,1.9137724415789414,0.7793452783114349,0.22065472168856515,50,50,0,16,34,16,34,0,0,
49,1,100,XYZ_split,2.092778687917742,1.9137724415789414,0.990054794165852,0.009945205834148041,33,33,34,11,22,11,22,33,1,
49,1,100,RL_adaptive,2.092778687917742,1.9137724415789414,0.9980384281765325,0.001961571823467456,28,41,31,5,23,13,28,29,2,0.9980384281765325
49,1,250,Z_only,2.092778687917742,1.9137724415789414,0.7492997457060027,0.25070025429399734,250,0,0,68,182,0,0,0,0,
49,1,250,ZX_split,2.092778687917742,1.9137724415789414,0.7878977179051382,0.21210228209486182,125,125,0,33,92,42,83,0,0,
49,1,250,XYZ_split,2.092778687917742,1.9137724415789414,0.9994464638420862,0.0005535361579137588,83,83,84,16,67,29,54,81,3,
49,1,250,RL_adaptive,2.092778687917742,1.9137724415789414,0.9995147192255,0.000485280774500052,92,81,77,24,68,28,53,72,5,0.9995147192255
49,1,500,Z_only,2.092778687917742,1.9137724415789414,0.7492997457060027,0.25070025429399734,500,0,0,153,347,0,0,0,0,
49,1,500,ZX_split,2.092778687917742,1.9137724415789414,0.7883384888936096,0.21166151110639042,250,250,0,60,190,82,168,0,0,
49,1,500,XYZ_split,2.092778687917742,1.9137724415789414,0.9990889210468173,0.0009110789531826535,166,166,168,35,131,52,114,157,11,
49,1,500,RL_adaptive,2.092778687917742,1.9137724415789414,0.999547254197204,0.000452745802795973,133,161,206,30,103,58,103,188,18,0.999547254197204
49,2,10,Z_only,2.092778687917742,1.9137724415789414,0.7492997457060027,0.25070025429399734,10,0,0,2,8,0,0,0,0,
49,2,10,ZX_split,2.092778687917742,1.9137724415789414,0.7158737753657878,0.2841262246342122,5,5,0,0,5,3,2,0,0,
49,2,10,XYZ_split,2.092778687917742,1.9137724415789414,0.9637433769013695,0.036256623098630536,3,3,4,0,3,0,3,4,0,
49,2,10,RL_adaptive,2.092778687917742,1.9137724415789414,0.9190656294611803,0.08093437053881969,2,3,5,0,2,2,1,5,0,0.9190656294611803
49,2,25,Z_only,2.092778687917742,1.9137724415789414,0.7492997457060027,0.25070025429399734,25,0,0,5,20,0,0,0,0,
49,2,25,ZX_split,2.092778687917742,1.9137724415789414,0.7832625052452562,0.2167374947547438,12,13,0,2,10,5,8,0,0,
49,2,25,XYZ_split,2.092778687917742,1.9137724415789414,0.9701654946027755,0.029834505397224542,8,8,9,2,6,4,4,7,2,
49,2,25,RL_adaptive,2.092778687917742,1.9137724415789414,0.9016692110846076,0.09833078891539238,9,10,6,3,6,0,10,5,1,0.9016692110846076
49,2,50,Z_only,2.092778687917742,1.9137724415789414,0.7492997457060027,0.25070025429399734,50,0,0,16,34,0,0,0,0,
49,2,50,ZX_split,2.092778687917742,1.9137724415789414,0.7850055076376109,0.2149944923623891,25,25,0,6,19,10,15,0,0,
49,2,50,XYZ_split,2.092778687917742,1.9137724415789414,0.9909582099651838,0.0090417900348162,16,16,18,3,13,7,9,18,0,
49,2,50,RL_adaptive,2.092778687917742,1.9137724415789414,0.9306330572239175,0.06936694277608246,18,17,15,7,11,2,15,13,2,0.9306330572239175
49,2,100,Z_only,2.092778687917742,1.9137724415789414,0.7492997457060027,0.25070025429399734,100,0,0,29,71,0,0,0,0,
49,2,100,ZX_split,2.092778687917742,1.9137724415789414,0.7617418150564021,0.23825818494359785,50,50,0,16,34,12,38,0,0,
49,2,100,XYZ_split,2.092778687917742,1.9137724415789414,0.9988808401164959,0.001119159883504084,33,33,34,7,26,12,21,31,3,
49,2,100,RL_adaptive,2.092778687917742,1.9137724415789414,0.9935772650692819,0.006422734930718099,29,40,31,8,21,17,23,29,2,0.9935772650692819
49,2,250,Z_only,2.092778687917742,1.9137724415789414,0.7492997457060027,0.25070025429399734,250,0,0,53,197,0,0,0,0,
49,2,250,ZX_split,2.092778687917742,1.9137724415789414,0.7885764175715507,0.21142358242844927,125,125,0,24,101,38,87,0,0,
49,2,250,XYZ_split,2.092778687917742,1.9137724415789414,0.9969774380740711,0.0030225619259288683,83,83,84,24,59,34,49,75,9,
49,2,250,RL_adaptive,2.092778687917742,1.9137724415789414,0.99591814516362,0.004081854836380017,90,83,77,25,65,25,58,68,9,0.99591814516362
49,2,500,Z_only,2.092778687917742,1.9137724415789414,0.7492997457060027,0.25070025429399734,500,0,0,127,373,0,0,0,0,
49,2,500,ZX_split,2.092778687917742,1.9137724415789414,0.7886724520643816,0.21132754793561837,250,250,0,63,187,91,159,0,0,
49,2,500,XYZ_split,2.092778687917742,1.9137724415789414,0.9984318437051817,0.0015681562948183236,166,166,168,46,120,66,100,150,18,
49,2,500,RL_adaptive,2.092778687917742,1.9137724415789414,0.9972353029339921,0.002764697066007904,134,160,206,40,94,55,105,191,15,0.9972353029339921
49,3,10,Z_only,2.092778687917742,1.9137724415789414,0.7492997457060027,0.25070025429399734,10,0,0,1,9,0,0,0,0,
49,3,10,ZX_split,2.092778687917742,1.9137724415789414,0.7158737753657878,0.2841262246342122,5,5,0,0,5,3,2,0,0,
49,3,10,XYZ_split,2.092778687917742,1.9137724415789414,0.9883197863575102,0.011680213642489834,3,3,4,1,2,1,2,4,0,
49,3,10,RL_adaptive,2.092778687917742,1.9137724415789414,0.9190656294611803,0.08093437053881969,2,3,5,0,2,2,1,5,0,0.9190656294611803
49,3,25,Z_only,2.092778687917742,1.9137724415789414,0.7492997457060027,0.25070025429399734,25,0,0,7,18,0,0,0,0,
49,3,25,ZX_split,2.092778687917742,1.9137724415789414,0.7864688237567762,0.21353117624322382,12,13,0,3,9,4,9,0,0,
49,3,25,XYZ_split,2.092778687917742,1.9137724415789414,0.9696498488980773,0.03035015110192274,8,8,9,0,8,2,6,8,1,
49,3,25,RL_adaptive,2.092778687917742,1.9137724415789414,0.879973313069775,0.120026686930225,9,10,6,2,7,1,9,4,2,0.879973313069775
49,3,50,Z_only,2.092778687917742,1.9137724415789414,0.7492997457060027,0.25070025429399734,50,0,0,10,40,0,0,0,0,
49,3,50,ZX_split,2.092778687917742,1.9137724415789414,0.7578032279186036,0.24219677208139645,25,25,0,7,18,4,21,0,0,
49,3,50,XYZ_split,2.092778687917742,1.9137724415789414,0.9893673311968895,0.010632668803110534,16,16,18,3,13,4,12,16,2,
49,3,50,RL_adaptive,2.092778687917742,1.9137724415789414,0.9939150158762299,0.006084984123770121,18,17,15,4,14,5,12,13,2,0.9939150158762299
49,3,100,Z_only,2.092778687917742,1.9137724415789414,0.7492997457060027,0.25070025429399734,100,0,0,25,75,0,0,0,0,
49,3,100,ZX_split,2.092778687917742,1.9137724415789414,0.7887411629043045,0.21125883709569548,50,50,0,9,41,16,34,0,0,
49,3,100,XYZ_split,2.092778687917742,1.9137724415789414,0.9950060013440618,0.004993998655938192,33,33,34,8,25,14,19,31,3,
49,3,100,RL_adaptive,2.092778687917742,1.9137724415789414,0.9870103907009468,0.01298960929905324,29,40,31,6,23,11,29,26,5,0.9870103907009468
49,3,250,Z_only,2.092778687917742,1.9137724415789414,0.7492997457060027,0.25070025429399734,250,0,0,62,188,0,0,0,0,
49,3,250,ZX_split,2.092778687917742,1.9137724415789414,0.7861732999569057,0.21382670004309434,125,125,0,35,90,41,84,0,0,
49,3,250,XYZ_split,2.092778687917742,1.9137724415789414,0.9990177846034317,0.0009822153965682867,83,83,84,19,64,27,56,76,8,
49,3,250,RL_adaptive,2.092778687917742,1.9137724415789414,0.9976967329862515,0.0023032670137485,91,83,76,22,69,25,58,69,7,0.9976967329862515
49,3,500,Z_only,2.092778687917742,1.9137724415789414,0.7492997457060027,0.25070025429399734,500,0,0,127,373,0,0,0,0,
49,3,500,ZX_split,2.092778687917742,1.9137724415789414,0.7853539872327957,0.2146460127672043,250,250,0,64,186,101,149,0,0,
49,3,500,XYZ_split,2.092778687917742,1.9137724415789414,0.9968339499183017,0.003166050081698346,166,166,168,37,129,57,109,144,24,
49,3,500,RL_adaptive,2.092778687917742,1.9137724415789414,0.9974683826973799,0.0025316173026200817,134,160,206,41,93,59,101,187,19,0.9974683826973799
49,4,10,Z_only,2.092778687917742,1.9137724415789414,0.7492997457060027,0.25070025429399734,10,0,0,2,8,0,0,0,0,
49,4,10,ZX_split,2.092778687917742,1.9137724415789414,0.21740199039405708,0.782598009605943,5,5,0,4,1,3,2,0,0,
49,4,10,XYZ_split,2.092778687917742,1.9137724415789414,0.8472166319156971,0.15278336808430293,3,3,4,1,2,2,1,3,1,
49,4,10,RL_adaptive,2.092778687917742,1.9137724415789414,0.9637433769013695,0.036256623098630536,2,3,5,0,2,0,3,5,0,0.9637433769013695
49,4,25,Z_only,2.092778687917742,1.9137724415789414,0.7492997457060027,0.25070025429399734,25,0,0,9,16,0,0,0,0,
49,4,25,ZX_split,2.092778687917742,1.9137724415789414,0.7855232702243542,0.2144767297756458,12,13,0,2,10,3,10,0,0,
49,4,25,XYZ_split,2.092778687917742,1.9137724415789414,0.999625683179344,0.0003743168206560288,8,8,9,2,6,3,5,8,1,
49,4,25,RL_adaptive,2.092778687917742,1.9137724415789414,0.9170571654730277,0.08294283452697226,8,10,7,3,5,2,8,5,2,0.9170571654730277
49,4,50,Z_only,2.092778687917742,1.9137724415789414,0.7492997457060027,0.25070025429399734,50,0,0,18,32,0,0,0,0,
49,4,50,ZX_split,2.092778687917742,1.9137724415789414,0.7875485317647488,0.21245146823525118,25,25,0,5,20,9,16,0,0,
49,4,50,XYZ_split,2.092778687917742,1.9137724415789414,0.9503299622663294,0.049670037733670624,16,16,18,5,11,9,7,17,1,
49,4,50,RL_adaptive,2.092778687917742,1.9137724415789414,0.9687113476556048,0.03128865234439515,18,17,15,2,16,8,9,13,2,0.9687113476556048
49,4,100,Z_only,2.092778687917742,1.9137724415789414,0.7492997457060027,0.25070025429399734,100,0,0,21,79,0,0,0,0,
49,4,100,ZX_split,2.092778687917742,1.9137724415789414,0.7681065888504358,0.2318934111495642,50,50,0,18,32,16,34,0,0,
49,4,100,XYZ_split,2.092778687917742,1.9137724415789414,0.9969227716889134,0.0030772283110865883,33,33,34,10,23,11,22,31,3,
49,4,100,RL_adaptive,2.092778687917742,1.9137724415789414,0.9864209679217418,0.013579032078258169,29,40,31,9,20,18,22,29,2,0.9864209679217418
49,4,250,Z_only,2.092778687917742,1.9137724415789414,0.7492997457060027,0.25070025429399734,250,0,0,59,191,0,0,0,0,
49,4,250,ZX_split,2.092778687917742,1.9137724415789414,0.7825980096059433,0.21740199039405672,125,125,0,31,94,52,73,0,0,
49,4,250,XYZ_split,2.092778687917742,1.9137724415789414,0.9914920889633755,0.008507911036624516,83,83,84,17,66,20,63,77,7,
49,4,250,RL_adaptive,2.092778687917742,1.9137724415789414,0.9927918087641681,0.00720819123583194,89,85,76,22,67,22,63,69,7,0.9927918087641681
49,4,500,Z_only,2.092778687917742,1.9137724415789414,0.7492997457060027,0.25070025429399734,500,0,0,129,371,0,0,0,0,
49,4,500,ZX_split,2.092778687917742,1.9137724415789414,0.788534750327695,0.21146524967230496,250,250,0,72,178,91,159,0,0,
49,4,500,XYZ_split,2.092778687917742,1.9137724415789414,0.98882037379369,0.011179626206309967,166,166,168,53,113,46,120,149,19,
49,4,500,RL_adaptive,2.092778687917742,1.9137724415789414,0.9996133508180779,0.0003866491819221052,133,161,206,31,102,59,102,188,18,0.9996133508180779
