target_id,seed,N,RL_adaptive,XYZ_split,delta_fidelity
0,0,1,0.34787869656069725,0.29931933478308553,0.04855936177761172
0,0,2,0.6452713592443172,0.6594010911584718,-0.014129731914154564
0,0,5,0.8186233387618617,0.30424829744100007,0.5143750413208616
0,0,10,0.6393081972731754,0.9665996174505204,-0.3272914201773449
0,0,25,0.8414012839828807,0.9471528614202814,-0.10575157743740071
0,0,50,0.640452302284785,0.9949640163727735,-0.35451171408798854
0,0,100,0.8740978785254983,0.9851423809822887,-0.11104450245679043
0,0,250,0.8579411192484019,0.9947459717159126,-0.13680485246751073
0,0,500,0.9549656127380779,0.9968604533569062,-0.04189484061882831
0,0,1000,0.8074728081579872,0.9983091877615586,-0.19083637960357147
0,1,1,0.12267228054225174,0.6594010911584718,-0.53672881061622
0,1,2,0.6452713592443172,0.29931933478308553,0.3459520244612317
0,1,5,0.40511272743706045,0.549777862968141,-0.14466513553108057
0,1,10,0.47505915863676906,0.9143455373007305,-0.4392863786639615
0,1,25,0.8049604381705695,0.8800487471273977,-0.07508830895682816
0,1,50,0.640452302284785,0.9960232226885573,-0.35557092040377225
0,1,100,0.6094247591028814,0.9947811215695394,-0.38535636246665794
0,1,250,0.8550530869689428,0.9784807628362538,-0.12342767586731107
0,1,500,0.688417713723859,0.9963955882115262,-0.3079778744876672
0,1,1000,0.6038621073271481,0.9964569738873068,-0.39259486656015874
0,2,1,0.34787869656069725,0.29931933478308553,0.04855936177761172
0,2,2,0.3805309174267481,0.7460232423551103,-0.3654923249283622
0,2,5,0.6601671492206513,0.8362071768361801,-0.17604002761552873
0,2,10,0.8582669042510106,0.6599979540587453,0.19826895019226531
0,2,25,0.873710489219941,0.8702037332810519,0.00350675593888905
0,2,50,0.6546019531630208,0.9549636937433205,-0.30036174058029963
0,2,100,0.4201117368982037,0.9339374186042494,-0.5138256817060457
0,2,250,0.8531440897296986,0.9913387502522941,-0.13819466052259555
0,2,500,0.9554950749034256,0.9973066784484456,-0.041811603545020004
0,2,1000,0.21238703320204338,0.9986246811614233,-0.78623764795938
0,3,1,0.34787869656069725,0.6594010911584718,-0.31152239459777453
0,3,2,0.17463809808709393,0.6594010911584718,-0.4847629930713778
0,3,5,0.619165547747442,0.6775727744604596,-0.05840722671301757
0,3,10,0.8310887814358705,0.9309799463605286,-0.0998911649246581
0,3,25,0.8632414916797846,0.8540588561862896,0.009182635493494962
0,3,50,0.6336775589536179,0.9550222854331738,-0.3213447264795559
0,3,100,0.8222571435206443,0.9696580768329569,-0.14740093331231263
0,3,250,0.8678396355799883,0.9917987988584164,-0.12395916327842804
0,3,500,0.4266760436695208,0.99879076788157,-0.5721147242120492
0,3,1000,0.8657639351782119,0.9982757839377795,-0.13251184875956756
0,4,1,0.09918299429197103,0.6594010911584718,-0.5602180968665007
0,4,2,0.3805309174267481,0.43026602860508023,-0.049735111178332125
0,4,5,0.9498585419677885,0.890711937273828,0.05914660469396049
0,4,10,0.8313920295732535,0.8277990262489111,0.0035930033243424253
0,4,25,0.806752087278159,0.9260675064089873,-0.11931541913082833
0,4,50,0.4104545551927357,0.9092354204435791,-0.49878086525084336
0,4,100,0.6616509663087132,0.9589017104094814,-0.2972507441007681
0,4,250,0.395680153420548,0.9729690333867189,-0.5772888799661708
0,4,500,0.5876416629067401,0.9869679129221118,-0.3993262500153717
0,4,1000,0.6000647959968427,0.9976969412402458,-0.39763214524340307
1,0,1,0.4017865344592272,0.2953998236569023,0.10638671080232487
1,0,2,0.8294516675248994,0.2953998236569023,0.5340518438679971
1,0,5,0.1301747626390547,0.7533377172277723,-0.6231629545887176
1,0,10,0.7241656273169856,0.7675225859834406,-0.04335695866645495
1,0,25,0.5480940249784312,0.9401608958802319,-0.3920668709018007
1,0,50,0.6229491117812717,0.941504652674772,-0.31855554089350036
1,0,100,0.8428161657058716,0.9086592874731086,-0.06584312176723706
1,0,250,0.5332553653540629,0.9967012421426183,-0.4634458767885554
1,0,500,0.8037531600931359,0.9975468588523432,-0.19379369875920727
1,0,1000,0.6884557531898503,0.9996126101215792,-0.3111568569317289
1,1,1,0.4017865344592272,0.3907668534875319,0.011019680971695311
1,1,2,0.801351113512114,0.13510756397410936,0.6662435495380046
1,1,5,0.7836373477570895,0.8761568654742684,-0.09251951771717892
1,1,10,0.5550659331896288,0.8238999616708127,-0.2688340284811839
1,1,25,0.583631208008396,0.8970313092045599,-0.3134001011961639
1,1,50,0.6344503865315203,0.9191265442580031,-0.2846761577264828
1,1,100,0.8484647173921631,0.9278939500047407,-0.07942923261257762
1,1,250,0.8414393154875555,0.9943340449954755,-0.15289472950792005
1,1,500,0.8011923107812657,0.998752631112878,-0.1975603203316123
1,1,1000,0.9492008207855684,0.9974036433933722,-0.04820282260780373
1,2,1,0.4017865344592272,0.2953998236569023,0.10638671080232487
1,2,2,0.5050414784848298,0.3907668534875319,0.11427462499729796
1,2,5,0.677680757770766,0.8651666236961314,-0.18748586592536542
1,2,10,0.3510679121548482,0.7524612106341236,-0.4013932984792754
1,2,25,0.7990371928344892,0.9270909488321601,-0.128053755997671
1,2,50,0.6438625102577198,0.9689969766579085,-0.3251344664001887
1,2,100,0.36139163783486195,0.9724265411779831,-0.6110349033431212
1,2,250,0.34642967675344755,0.992773594254483,-0.6463439175010355
1,2,500,0.24921100105819544,0.9960203099994086,-0.7468093089412131
1,2,1000,0.9490310185158204,0.9992150540034113,-0.05018403548759087
1,3,1,0.11838623850454304,0.2953998236569023,-0.17701358515235927
1,3,2,0.5050414784848298,0.10920398662396176,0.3958374918608681
1,3,5,0.6901472452756722,0.739770856622786,-0.049623611347113794
1,3,10,0.62783428569473,0.6790254578110925,-0.05119117211636248
1,3,25,0.8903080483820821,0.8695416148323166,0.020766433549765484
1,3,50,0.656142740744348,0.9184430045313895,-0.2623002637870415
1,3,100,0.531300130533143,0.9916092165060656,-0.46030908597292264
1,3,250,0.8618556674486484,0.9857699072465357,-0.1239142397978873
1,3,500,0.6993644803213106,0.9923608147798757,-0.2929963344585651
1,3,1000,0.014924142648029201,0.9955873880134765,-0.9806632453654472
1,4,1,0.3706232404122684,0.17872575888145595,0.19189748153081246
1,4,2,0.33704520751773875,0.07142539660152485,0.2656198109162139
1,4,5,0.682346676957681,0.739770856622786,-0.057424179665104935
1,4,10,0.4895728254453588,0.8676436700210264,-0.3780708445756676
1,4,25,0.5723471600268988,0.9464071801509496,-0.3740600201240508
1,4,50,0.844379138806447,0.9856939724680049,-0.14131483366155795
1,4,100,0.8701399445538226,0.9867158234156794,-0.11657587886185683
1,4,250,0.8415366343905527,0.9554286003383775,-0.1138919659478248
1,4,500,0.7840935405009237,0.9994168709365912,-0.21532333043566743
1,4,1000,0.6896272501594396,0.9992883659225614,-0.30966111576312183
2,0,1,0.4786462130297992,0.6497762859313986,-0.17113007290159937
2,0,2,0.6619817942606823,0.3146424898312871,0.34733930442939515
2,0,5,0.6648506251874838,0.5021502068235384,0.16270041836394544
2,0,10,0.5967720335168116,0.6029898921005,-0.006217858583688396
2,0,25,0.6672092026541556,0.9390818693240819,-0.27187266666992627
2,0,50,0.7690084564232756,0.9498867131511578,-0.18087825672788216
2,0,100,0.7702136844797419,0.986250860034211,-0.2160371755544691
2,0,250,0.6751420491773426,0.9881367895385847,-0.3129947403612422
2,0,500,0.8865717402369876,0.997705620936051,-0.11113388069906338
2,0,1000,0.8904491125044862,0.9964072774014151,-0.10595816489692889
2,1,1,0.09391339425134773,0.6497762859313986,-0.5558628916800509
2,1,2,0.49401372549626,0.22232732742180444,0.27168639807445555
2,1,5,0.19828985050759976,0.3268761175831662,-0.12858626707556645
2,1,10,0.626140703052776,0.8985506019869539,-0.2724098989341779
2,1,25,0.6496469680999211,0.9678950572035243,-0.31824808910360325
2,1,50,0.6451905406049543,0.9926697199877298,-0.3474791793827755
2,1,100,0.6313626971624037,0.9650277173060604,-0.33366502014365673
2,1,250,0.5179333279909739,0.9863837268058103,-0.4684503988148364
2,1,500,0.5860336869127905,0.9996698955404107,-0.4136362086276203
2,1,1000,0.6463250816003681,0.9952506545980228,-0.3489255729976547
2,2,1,0.18679378143412062,0.6497762859313986,-0.46298250449727796
2,2,2,0.22389829348675436,0.6497762859313986,-0.4258779924446442
2,2,5,0.8899352868737144,0.6482055252538167,0.24172976161989768
2,2,10,0.9015315566796684,0.8674799442076007,0.03405161247206778
2,2,25,0.261496933938766,0.954467269587287,-0.6929703356485211
2,2,50,0.8474922345578642,0.9874716119161489,-0.1399793773582847
2,2,100,0.3908541871509023,0.9894872604726749,-0.5986330733217726
2,2,250,0.8760414149319584,0.9980631625052223,-0.1220217475732639
2,2,500,0.8796886909448354,0.9948525469332601,-0.11516385598842471
2,2,1000,0.8833639007418157,0.9982193150471239,-0.11485541430530821
2,3,1,0.18679378143412062,0.29069025108674146,-0.10389646965262084
2,3,2,0.6619817942606823,0.3146424898312871,0.34733930442939515
2,3,5,0.7057801208938441,0.7921475359059582,-0.08636741501211409
2,3,10,0.4992629523092826,0.8795681059402302,-0.3803051536309476
2,3,25,0.9398704485943095,0.8686508751812678,0.07121957341304164
2,3,50,0.8365348629889362,0.9782213984881506,-0.1416865354992144
2,3,100,0.7680484691742897,0.9690856048563667,-0.20103713568207704
2,3,250,0.24102513866043615,0.9980699703810537,-0.7570448317206175
2,3,500,0.5818737575821482,0.9933413571523046,-0.41146759957015644
2,3,1000,0.6493367720303248,0.9977953470724212,-0.34845857504209643
2,4,1,0.18679378143412062,0.6497762859313986,-0.46298250449727796
2,4,2,0.40751828239409166,0.3146424898312871,0.09287579256280454
2,4,5,0.5283135988980974,0.8899352868737144,-0.361621687975617
2,4,10,0.5904973445478084,0.8655361754114784,-0.27503883086367
2,4,25,0.35920349301680204,0.9595034276078375,-0.6002999345910354
2,4,50,0.8676673642156836,0.9872525588672426,-0.11958519465155903
2,4,100,0.7745057214122301,0.9701735147706219,-0.1956677933583918
2,4,250,0.7816196193901719,0.9897547226244958,-0.20813510323432394
2,4,500,0.6759077232731574,0.9910520587801099,-0.31514433550695253
2,4,1000,0.6432862604931991,0.9992613753183247,-0.35597511482512556
3,0,1,0.27774039066586725,0.9304601966262751,-0.6527198059604078
3,0,2,0.29251135977413606,0.6021291930915948,-0.3096178333174588
3,0,5,0.783036585691589,0.6831402713007532,0.0998963143908358
3,0,10,0.7643019195373605,0.799121179227742,-0.034819259690381466
3,0,25,0.6558960417655022,0.9489348498059831,-0.2930388080404809
3,0,50,0.7729760297741844,0.8906034937518121,-0.11762746397762769
3,0,100,0.41346378521171834,0.9650987481945017,-0.5516349629827834
3,0,250,0.8118247784126869,0.9974334087112163,-0.18560863029852948
3,0,500,0.4874784491185961,0.9965698554427795,-0.5090914063241834
3,0,1000,0.6635194430721613,0.9966169098444886,-0.3330974667723273
3,1,1,0.32623938000786645,0.9304601966262751,-0.6042208166184087
3,1,2,0.2943105002465808,0.9304601966262751,-0.6361496963796943
3,1,5,0.48732317627045274,0.5336853490605913,-0.046362172790138545
3,1,10,0.632718015983372,0.9182303383571593,-0.2855123223737873
3,1,25,0.35094150009349667,0.9342924678688276,-0.5833509677753309
3,1,50,0.8213678550330133,0.9702701295960676,-0.14890227456305427
3,1,100,0.6646533653055261,0.9735890377854048,-0.30893567247987874
3,1,250,0.6990501574516166,0.9848717020659248,-0.2858215446143082
3,1,500,0.7213215950087367,0.990744799952763,-0.2694232049440263
3,1,1000,0.7035652693298459,0.9978866753185912,-0.29432140598874534
3,2,1,0.27774039066586725,0.9304601966262751,-0.6527198059604078
3,2,2,0.40747995355812455,0.9304601966262751,-0.5229802430681505
3,2,5,0.7310095309853138,0.6090652150316325,0.12194431595368138
3,2,10,0.6521405420404722,0.7992020769486515,-0.1470615349081793
3,2,25,0.784792507613465,0.8162804247823667,-0.03148791716890176
3,2,50,0.7004111622576994,0.9553061951683267,-0.2548950329106273
3,2,100,0.722154177003943,0.995025722994608,-0.272871545990665
3,2,250,0.5841813667731215,0.9905202719815404,-0.40633890520841887
3,2,500,0.7665958917354722,0.9871527352400985,-0.22055684350462634
3,2,1000,0.765927999881834,0.9958266947763518,-0.22989869489451775
3,3,1,0.32623938000786645,0.9304601966262751,-0.6042208166184087
3,3,2,0.40747995355812455,0.9304601966262751,-0.5229802430681505
3,3,5,0.7709410901234303,0.46528125979809903,0.3056598303253312
3,3,10,0.7723559834913226,0.8400314381488128,-0.06767545465749014
3,3,25,0.6658032633838039,0.9048855220820761,-0.23908225869827215
3,3,50,0.5915069184352517,0.9452906829909382,-0.3537837645556865
3,3,100,0.6838488250363791,0.976378598409458,-0.29252977337307884
3,3,250,0.5149069004764465,0.9962657141328987,-0.48135881365645217
3,3,500,0.5503337634836781,0.9938107839797372,-0.4434770204960591
3,3,1000,0.7650312683519069,0.9991805741399866,-0.2341493057880797
3,4,1,0.27774039066586725,0.9304601966262751,-0.6527198059604078
3,4,2,0.40747995355812455,0.9304601966262751,-0.5229802430681505
3,4,5,0.7255931375150233,0.6450750539238705,0.08051808359115276
3,4,10,0.7954893573415563,0.6229689799373638,0.17252037740419257
3,4,25,0.7737312808529018,0.9347513459087738,-0.16102006505587207
3,4,50,0.7685447095446298,0.9346103846014083,-0.1660656750567785
3,4,100,0.7714393047076102,0.9653152396917462,-0.1938759349841359
3,4,250,0.8004222041992146,0.9963700444963286,-0.19594784029711398
3,4,500,0.7223138372137803,0.9971023307070602,-0.27478849349327994
3,4,1000,0.4550172647872816,0.9975444392137331,-0.5425271744264515
4,0,1,0.5774779197023093,0.5408158902590375,0.03666202944327179
4,0,2,0.646060612687344,0.9212187338349268,-0.27515812114758276
4,0,5,0.76501311703097,0.7644535010194508,0.000559616011519215
4,0,10,0.8245983742761812,0.8193462487968401,0.005252125479341063
4,0,25,0.6567786559962665,0.9046201323833937,-0.24784147638712717
4,0,50,0.6516383482537023,0.9394024691573177,-0.2877641209036155
4,0,100,0.7432856701575873,0.9444199424249473,-0.20113427226736003
4,0,250,0.7458307601709989,0.9903611989083982,-0.24453043873739932
4,0,500,0.877047295910392,0.9944774658240829,-0.11743016991369093
4,0,1000,0.44850633785453076,0.998951674830105,-0.5504453369755743
4,1,1,0.5774779197023093,0.5408158902590375,0.03666202944327179
4,1,2,0.646060612687344,0.5408158902590375,0.10524472242830651
4,1,5,0.2691337607831155,0.7195982814136624,-0.4504645206305469
4,1,10,0.7367019111381738,0.8444671387715422,-0.10776522763336838
4,1,25,0.7102786301511745,0.8908908036492436,-0.18061217349806902
4,1,50,0.8226508903752657,0.9738680422624265,-0.15121715188716078
4,1,100,0.824019607492821,0.968357666189789,-0.14433805869696803
4,1,250,0.6708778083999476,0.9917381341098455,-0.32086032570989786
4,1,500,0.8774317948185985,0.9967570822399351,-0.11932528742133663
4,1,1000,0.7258728309774047,0.9996374577020889,-0.27376462672468416
4,2,1,0.5774779197023093,0.5408158902590375,0.03666202944327179
4,2,2,0.5417288471877852,0.5408158902590375,0.0009129569287477102
4,2,5,0.8082174908099167,0.5639201020522552,0.2442973887576615
4,2,10,0.7803649043074454,0.6154934623915219,0.1648714419159235
4,2,25,0.738813457728947,0.9875774951638635,-0.24876403743491649
4,2,50,0.7407246844266216,0.9485036885733449,-0.20777900414672323
4,2,100,0.7435009926071295,0.9798665089229845,-0.236365516315855
4,2,250,0.8063572173264947,0.9880093228485053,-0.1816521055220106
4,2,500,0.8743167980255885,0.9940452549067081,-0.11972845688111966
4,2,1000,0.41565686958099296,0.9993707625299739,-0.5837138929489809
4,3,1,0.5774779197023093,0.5408158902590375,0.03666202944327179
4,3,2,0.646060612687344,0.5408158902590375,0.10524472242830651
4,3,5,0.5310634332996352,0.6859074005532959,-0.15484396725366067
4,3,10,0.7617841074026489,0.9153136119513149,-0.15352950454866598
4,3,25,0.6304289867132559,0.9433608334184513,-0.31293184670519547
4,3,50,0.7268526703420138,0.8830421935238578,-0.15618952318184398
4,3,100,0.7429773830445864,0.9872607926442105,-0.24428340959962414
4,3,250,0.8088053122346968,0.9872589527321504,-0.1784536404974536
4,3,500,0.5243495105675768,0.997613072600734,-0.4732635620331571
4,3,1000,0.4544500343045482,0.9965777007624486,-0.5421276664579003
4,4,1,0.41265490096045526,0.5408158902590375,-0.12816098929858227
4,4,2,0.21872558395913527,0.5408158902590375,-0.32209030629990226
4,4,5,0.8082174908099167,0.7237742244305958,0.08444326637932087
4,4,10,0.2651044169886321,0.7462212888958043,-0.4811168719071722
4,4,25,0.7989958350533735,0.9365627175434463,-0.13756688249007287
4,4,50,0.7407246844266216,0.9511652148168832,-0.21044053039026156
4,4,100,0.8145544160976409,0.9820086349795437,-0.16745421888190282
4,4,250,0.8150955725537401,0.9901230332867664,-0.17502746073302633
4,4,500,0.8757454596137025,0.99026209646396,-0.11451663685025748
4,4,1000,0.7930053995094345,0.9985320355125336,-0.20552663600309906
5,0,1,0.3638539969843455,0.7464723546881712,-0.3826183577038257
5,0,2,0.6087303085492004,0.7464723546881712,-0.1377420461389708
5,0,5,0.6684112142376276,0.8597814857317575,-0.19137027149412988
5,0,10,0.5582298188966769,0.8903481321147095,-0.33211831321803265
5,0,25,0.8929844526140172,0.9184599017495336,-0.02547544913551647
5,0,50,0.8557102475476894,0.9367566604155687,-0.08104641286787928
5,0,100,0.5580481296807164,0.9746590004530566,-0.41661087077234027
5,0,250,0.8433520406993882,0.9935649944625491,-0.1502129537631609
5,0,500,0.6667964077943044,0.9866659886271093,-0.3198695808328049
5,0,1000,0.5018600930956602,0.9979488397545104,-0.4960887466588503
5,1,1,0.12155504002241387,0.7464723546881712,-0.6249173146657573
5,1,2,0.09528121597308616,0.09522575652382838,5.545944925777757e-05
5,1,5,0.4080807095940989,0.6910694988162119,-0.282988789222113
5,1,10,0.4097318281391874,0.8892988779076103,-0.4795670497684229
5,1,25,0.4178881486590933,0.7989829258438006,-0.3810947771847073
5,1,50,0.8877846225402323,0.9812500500933922,-0.0934654275531599
5,1,100,0.5812024313930828,0.9948445777462391,-0.4136421463531563
5,1,250,0.8423000485082524,0.9958275786420331,-0.15352753013378073
5,1,500,0.2995236260478847,0.9776869049242063,-0.6781632788763217
5,1,1000,0.8484398235944667,0.999800635653495,-0.1513608120590283
5,2,1,0.3638539969843455,0.09522575652382838,0.26862824046051714
5,2,2,0.6418469773894042,0.682337140719764,-0.04049016333035982
5,2,5,0.506641988639935,0.8855017901963299,-0.37885980155639487
5,2,10,0.8920754768838594,0.8269260237409686,0.06514945314289078
5,2,25,0.5676182108334699,0.9240073738738172,-0.3563891630403473
5,2,50,0.8860896061703646,0.9794010495736992,-0.09331144340333464
5,2,100,0.57921798752917,0.9828830723719671,-0.4036650848427972
5,2,250,0.8475407940193066,0.9863612672111388,-0.13882047319183222
5,2,500,0.9739481156545927,0.9982141040496617,-0.024265988395068994
5,2,1000,0.8858239723954472,0.998197872256312,-0.11237389986086477
5,3,1,0.4055273189433382,0.7464723546881712,-0.340945035744833
5,3,2,0.22281260181600707,0.7464723546881712,-0.5236597528721642
5,3,5,0.5401340385170591,0.4080807095940989,0.13205332892296018
5,3,10,0.8183343799079534,0.5020709124129006,0.31626346749505285
5,3,25,0.8765485367433995,0.908965936002986,-0.03241739925958653
5,3,50,0.5914380017685227,0.9535887718073346,-0.3621507700388119
5,3,100,0.8786099840121815,0.988575243993403,-0.10996525998122153
5,3,250,0.5193801763908941,0.997101017402949,-0.4777208410120549
5,3,500,0.6652974111190159,0.9996227302994822,-0.3343253191804664
5,3,1000,0.8550458158682256,0.9961914511894856,-0.14114563532126
5,4,1,0.4055273189433382,0.7464723546881712,-0.340945035744833
5,4,2,0.6418469773894042,0.7464723546881712,-0.10462537729876698
5,4,5,0.6684112142376276,0.9166181574826666,-0.248206943245039
5,4,10,0.8969325766934318,0.7253013808104217,0.17163119588301012
5,4,25,0.8801686730755652,0.9491672011044539,-0.06899852802888862
5,4,50,0.8852731171922656,0.9578368803362673,-0.0725637631440017
5,4,100,0.8508521573291854,0.9865946152899724,-0.135742457960787
5,4,250,0.5699556849789976,0.9884268341120124,-0.41847114913301475
5,4,500,0.9707028709415055,0.9958451691784815,-0.025142298236976002
5,4,1000,0.5705537602469913,0.9985563863311122,-0.4280026260841209
6,0,1,0.4055132005379416,0.40528619759842865,0.0002270029395129436
6,0,2,0.7691791904426334,0.40528619759842865,0.36389299284420473
6,0,5,0.841216310585406,0.7409288104670791,0.10028750011832688
6,0,10,0.5519916164254548,0.6237450971131633,-0.07175348068770848
6,0,25,0.8245615977216837,0.9806284691719799,-0.15606687145029619
6,0,50,0.8840260863281084,0.9935458954679135,-0.10951980913980508
6,0,100,0.872066158394274,0.9819235467341396,-0.10985738833986558
6,0,250,0.5266768862102625,0.9566912727538626,-0.4300143865436
6,0,500,0.8059094629332642,0.9889937472138083,-0.18308428428054413
6,0,1000,0.6138717741332335,0.997047213640413,-0.3831754395071796
6,1,1,0.4055132005379416,0.11836469501560844,0.2871485055223332
6,1,2,0.7691791904426334,0.5555284962070168,0.21365069423561656
6,1,5,0.6397087704478245,0.06652912388749267,0.5731796465603318
6,1,10,0.7386875240399395,0.61593965922747,0.12274786481246958
6,1,25,0.5753804997231575,0.9609140817361091,-0.3855335820129516
6,1,50,0.3301645807723391,0.9321976029986584,-0.6020330222263193
6,1,100,0.828652097691485,0.9796455278157976,-0.15099343012431266
6,1,250,0.8836472997695487,0.9948232556322519,-0.11117595586270324
6,1,500,0.7600785134107962,0.9965700538337778,-0.2364915404229816
6,1,1000,0.9627261838248498,0.999483620529537,-0.03675743670468723
6,2,1,0.4055132005379416,0.3317456007859658,0.07376759975197578
6,2,2,0.8219572811412336,0.34822428734895766,0.4737329937922759
6,2,5,0.7104825825023003,0.574003266032027,0.13647931647027334
6,2,10,0.5463847364709256,0.5837477707054485,-0.03736303423452292
6,2,25,0.8350240819099269,0.997254533895635,-0.16223045198570807
6,2,50,0.8547111486214469,0.976410442545561,-0.12169929392411405
6,2,100,0.3162181201127075,0.9952216844880888,-0.6790035643753813
6,2,250,0.5611155665855354,0.9964262543865887,-0.4353106878010533
6,2,500,0.7622844604268618,0.9992118420445235,-0.2369273816176617
6,2,1000,0.35195275558505895,0.9973320018010149,-0.645379246215956
6,3,1,0.34822428734895766,0.3317456007859658,0.01647868656299184
6,3,2,0.8219572811412336,0.40528619759842865,0.4166710835428049
6,3,5,0.6094117885471613,0.8734525740491319,-0.26404078550197063
6,3,10,0.6063969189168219,0.8231392205590435,-0.21674230164222164
6,3,25,0.835475391467188,0.8452204093973884,-0.00974501793020044
6,3,50,0.853616904022728,0.9506088560288979,-0.09699195200616983
6,3,100,0.5343333187594105,0.9730518602998074,-0.4387185415403969
6,3,250,0.5308620751755398,0.9930615650563647,-0.4621994898808248
6,3,500,0.7577588912293655,0.9987683432700959,-0.24100945204073043
6,3,1000,0.352567253052162,0.9987397547162647,-0.6461725016641027
6,4,1,0.34822428734895766,0.3317456007859658,0.01647868656299184
6,4,2,0.7691791904426334,0.11836469501560844,0.650814495427025
6,4,5,0.3554700896145653,0.5282134701001329,-0.1727433804855676
6,4,10,0.6822792764680228,0.8128868043870691,-0.13060752791904628
6,4,25,0.8787424015987847,0.884845472210029,-0.006103070611244266
6,4,50,0.8245949099803882,0.9510941892893094,-0.12649927930892124
6,4,100,0.8300908603370287,0.982879284732915,-0.15278842439588625
6,4,250,0.5543159193519879,0.993901162081533,-0.43958524272954513
6,4,500,0.8094376149691425,0.9932842286118075,-0.18384661364266508
6,4,1000,0.9630842875383256,0.9975756398712736,-0.03449135233294798
7,0,1,0.15177800088807367,0.09349104201914443,0.058286958868929234
7,0,2,0.7901191360144272,0.6066358252656519,0.18348331074877533
7,0,5,0.23614350540658868,0.7853212211087928,-0.5491777157022041
7,0,10,0.62992408481159,0.9410218016177481,-0.31109771680615805
7,0,25,0.5587234769830431,0.9774584295499259,-0.41873495256688276
7,0,50,0.5922979165285372,0.9049514746943607,-0.3126535581658234
7,0,100,0.4161146744657255,0.9578395007824028,-0.5417248263166773
7,0,250,0.520651762068041,0.9942875219263863,-0.4736357598583453
7,0,500,0.4685459481703536,0.9968926392574742,-0.5283466910871206
7,0,1000,0.5410694337589453,0.9991487410221239,-0.4580793072631786
7,1,1,0.037723877639427826,0.040043387793151766,-0.00231951015372394
7,1,2,0.3115717544494705,0.7022687169577314,-0.3906969625082609
7,1,5,0.7045416010276035,0.5154961960635743,0.18904540496402922
7,1,10,0.4772403763158353,0.7588936242921827,-0.28165324797634733
7,1,25,0.712476732278988,0.9013357659980328,-0.18885903371904478
7,1,50,0.952197253156748,0.9924989168880745,-0.04030166373132649
7,1,100,0.9389675068888844,0.9943964930544714,-0.055428986165587
7,1,250,0.9748973457184847,0.9926188870371071,-0.017721541318622358
7,1,500,0.9552874488395374,0.9992351927296701,-0.04394774389013267
7,1,1000,0.9336597716714633,0.9969916024956759,-0.06333183082421256
7,2,1,0.6491533780905621,0.040043387793151766,0.6091099902974103
7,2,2,0.3970233447401362,0.6491533780905621,-0.2521300333504259
7,2,5,0.7853212211087928,0.6226827047341777,0.16263851637461502
7,2,10,0.9259837716971393,0.6553180986959374,0.2706656730012019
7,2,25,0.020532015145679813,0.9573741685790109,-0.9368421534333311
7,2,50,0.9218077888689811,0.9755628550095167,-0.0537550661405356
7,2,100,0.962360249085731,0.9923819506893008,-0.03002170160356976
7,2,250,0.9670674866309116,0.9844449170610811,-0.017377430430169483
7,2,500,0.43152458100156943,0.9987551199941649,-0.5672305389925955
7,2,1000,0.926440413485923,0.9976877777196934,-0.07124736423377043
7,3,1,0.15177800088807367,0.6066358252656519,-0.45485782437757816
7,3,2,0.5753311521654914,0.6066358252656519,-0.031304673100160496
7,3,5,0.7045416010276035,0.19452677146658168,0.5100148295610218
7,3,10,0.4591907110789983,0.8814173198243406,-0.4222266087453423
7,3,25,0.9656705504683054,0.9527614026174954,0.012909147850809988
7,3,50,0.513424759572827,0.990169350999881,-0.47674459142705405
7,3,100,0.43454246939959024,0.9645688255333394,-0.5300263561337493
7,3,250,0.9710291987232571,0.9986311272420179,-0.027601928518760754
7,3,500,0.398961036479788,0.9937038811715808,-0.5947428446917928
7,3,1000,0.6810476484094335,0.9985859309650126,-0.31753828255557903
7,4,1,0.6491533780905621,0.6066358252656519,0.04251755282491021
7,4,2,0.3970233447401362,0.7022687169577314,-0.30524537221759523
7,4,5,0.5869082087662845,0.714155663281648,-0.12724745451536357
7,4,10,0.4523392505204349,0.9851091673939046,-0.5327699168734698
7,4,25,0.5697164712271054,0.9623281371959924,-0.39261166596888697
7,4,50,0.9464469478750329,0.9728205856611183,-0.02637363778608537
7,4,100,0.949927864635372,0.9676212940204119,-0.017693429385039816
7,4,250,0.9684036020045593,0.9937718169551152,-0.025368214950555856
7,4,500,0.54674925738299,0.9989507743957438,-0.4522015170127538
7,4,1000,0.563970342079881,0.999318715083507,-0.43534837300362605
8,0,1,0.26762812979251044,0.2502062079581626,0.01742192183434782
8,0,2,0.7900719256911523,0.6161254425718529,0.1739464831192994
8,0,5,0.9763198756142969,0.43255843410346384,0.543761441510833
8,0,10,0.955663009320278,0.8466249311417456,0.1090380781785324
8,0,25,0.7008261304564977,0.9617371568117437,-0.260911026355246
8,0,50,0.9273882569647199,0.956792066038853,-0.02940380907413309
8,0,100,0.4398078308347574,0.9925740653852532,-0.5527662345504958
8,0,250,0.9223389588682177,0.9809679815972728,-0.058629022729055125
8,0,500,0.38274990768001876,0.9944545099303049,-0.6117046022502861
8,0,1000,0.7022018385417348,0.9982754774235517,-0.2960736388818169
8,1,1,0.26762812979251044,0.6161254425718529,-0.3484973127793424
8,1,2,0.7900719256911523,0.11281994929520645,0.6772519763959458
8,1,5,0.5079418543566173,0.22107183648234036,0.28687001787427696
8,1,10,0.3672725081878182,0.8278076318569592,-0.46053512366914096
8,1,25,0.6967471187256773,0.9616432969647152,-0.2648961782390379
8,1,50,0.9286979193918135,0.9421950031169501,-0.013497083725136694
8,1,100,0.39000503095243955,0.9950356602121571,-0.6050306292597175
8,1,250,0.9141417046775644,0.9896315181895214,-0.07548981351195705
8,1,500,0.2444580145604947,0.987741207516228,-0.7432831929557333
8,1,1000,0.9319443259561124,0.9975221848467946,-0.06557785889068213
8,2,1,0.26762812979251044,0.6161254425718529,-0.3484973127793424
8,2,2,0.1854046700619254,0.21883203624160308,-0.033427366179677676
8,2,5,0.27158661860867994,0.43106209386325967,-0.15947547525457972
8,2,10,0.6530700639092207,0.722815089450864,-0.0697450255416433
8,2,25,0.9580916486825641,0.9229494752130496,0.03514217346951454
8,2,50,0.9392927010303748,0.9710054822769159,-0.03171278124654109
8,2,100,0.9527446177207195,0.9806013151812126,-0.02785669746049313
8,2,250,0.4828770605964956,0.9871697429838617,-0.5042926823873661
8,2,500,0.9814047530882513,0.9951365462328271,-0.013731793144575843
8,2,1000,0.6743294521186604,0.9980798346163481,-0.3237503824976877
8,3,1,0.602144665387968,0.6161254425718529,-0.013980777183884907
8,3,2,0.3241239386410984,0.21883203624160308,0.10529190239949532
8,3,5,0.595003012280341,0.4111825759964383,0.1838204362839027
8,3,10,0.6994549613620027,0.8653120071916561,-0.16585704582965344
8,3,25,0.6967471187256773,0.8821296616767436,-0.18538254295106626
8,3,50,0.7231056490342159,0.9785065243446079,-0.255400875310392
8,3,100,0.9525686604616356,0.9887822451305022,-0.036213584668866594
8,3,250,0.9236073904320069,0.992607294872723,-0.06899990444071613
8,3,500,0.6309678024274087,0.9929107288254183,-0.3619429263980096
8,3,1000,0.701948033968468,0.9978053484888085,-0.2958573145203405
8,4,1,0.602144665387968,0.09506344472657584,0.5070812206613922
8,4,2,0.7900719256911523,0.6161254425718529,0.1739464831192994
8,4,5,0.6769230972982773,0.8062833876067109,-0.12936029030843366
8,4,10,0.8421761900084735,0.9719836579360475,-0.12980746792757392
8,4,25,0.9331308968089465,0.945725825767597,-0.012594928958650553
8,4,50,0.710426762800893,0.9411155399544019,-0.23068877715350888
8,4,100,0.944196497881111,0.9904616459180541,-0.04626514803694304
8,4,250,0.9248315156923503,0.9796303657083058,-0.054798850015955414
8,4,500,0.5909233667619952,0.994165621164719,-0.40324225440272377
8,4,1000,0.6149524908677165,0.9995422145618915,-0.384589723694175
9,0,1,0.5289517366333449,0.6973863339019829,-0.16843459726863796
9,0,2,0.5353076981351028,0.6973863339019829,-0.16207863576688009
9,0,5,0.24222148694942988,0.8282206297782427,-0.5859991428288128
9,0,10,0.15791895983321305,0.6462791026265109,-0.48836014279329787
9,0,25,0.424421559624967,0.8790149094335604,-0.4545933498085934
9,0,50,0.7404234228646385,0.9716854013709033,-0.23126197850626484
9,0,100,0.6868652790803643,0.9909092736069091,-0.30404399452654474
9,0,250,0.7443856121834792,0.9850008288547762,-0.24061521667129704
9,0,500,0.5216154809285823,0.9925042029685707,-0.47088872203998833
9,0,1000,0.842038751812648,0.9984066281205995,-0.15636787630795157
9,1,1,0.3866718810443827,0.6973863339019829,-0.3107144528576002
9,1,2,0.5353076981351028,0.6973863339019829,-0.16207863576688009
9,1,5,0.5713234531515177,0.7494294876116919,-0.17810603446017426
9,1,10,0.771813580836239,0.9287492787889416,-0.15693569795270268
9,1,25,0.5919272533278982,0.9774880860625366,-0.38556083273463837
9,1,50,0.7309037503738781,0.9038845999058207,-0.1729808495319426
9,1,100,0.408046413786911,0.9792218480177475,-0.5711754342308365
9,1,250,0.016055745478930086,0.9880261181142704,-0.9719703726353404
9,1,500,0.42959570287123144,0.9923134968948618,-0.5627177940236303
9,1,1000,0.3871702973474074,0.9987766838836788,-0.6116063865362714
9,2,1,0.3866718810443827,0.2028126043226156,0.1838592767217671
9,2,2,0.5803090231907464,0.6973863339019829,-0.1170773107112365
9,2,5,0.7876485626385873,0.5321279139672435,0.25552064867134383
9,2,10,0.8595808371722671,0.774567290697521,0.08501354647474613
9,2,25,0.9494128373884263,0.9819840648410344,-0.0325712274526081
9,2,50,0.6762525899921855,0.9549656551212027,-0.27871306512901717
9,2,100,0.7931277000571206,0.9795079309499939,-0.18638023089287326
9,2,250,0.5373936983462393,0.9992290231843425,-0.4618353248381032
9,2,500,0.5262826233204682,0.9925438060362622,-0.4662611827157941
9,2,1000,0.3899781878765325,0.9993483166373187,-0.6093701287607862
9,3,1,0.5289517366333449,0.2028126043226156,0.32613913231072933
9,3,2,0.4963700918652659,0.0759555297777424,0.42041456208752354
9,3,5,0.7795184036660342,0.45585800684630906,0.32366039681972514
9,3,10,0.9042346174935123,0.8905505458687251,0.013684071624787242
9,3,25,0.9731771074075901,0.9685724155363776,0.004604691871212485
9,3,50,0.7822997699272252,0.9975257736116826,-0.21522600368445743
9,3,100,0.7611684997440548,0.9640817175286917,-0.2029132177846369
9,3,250,0.7085145366606398,0.9893441269344256,-0.28082959027378585
9,3,500,0.39742845312773606,0.9931371130996521,-0.5957086599719161
9,3,1000,0.5269036158781533,0.9980309396073214,-0.4711273237291681
9,4,1,0.5289517366333449,0.6973863339019829,-0.16843459726863796
9,4,2,0.5803090231907464,0.6973863339019829,-0.1170773107112365
9,4,5,0.31446013447882276,0.8282206297782427,-0.5137604952994199
9,4,10,0.8271654597264687,0.540075846455823,0.28708961327064575
9,4,25,0.3940088926932353,0.9460161570719562,-0.5520072643787208
9,4,50,0.8164338556459341,0.9534214381988632,-0.1369875825529291
9,4,100,0.8121353697248005,0.9571550032436261,-0.14501963351882563
9,4,250,0.7763500501511664,0.9928941832115321,-0.21654413306036568
9,4,500,0.7043867396878194,0.9982554077517147,-0.29386866806389533
9,4,1000,0.8942795255900606,0.9971682373539666,-0.10288871176390602
10,0,1,0.440449841997247,0.16006996058777295,0.28037988140947406
10,0,2,0.39061062772558824,0.4350385354851186,-0.04442790775953037
10,0,5,0.9191188786688826,0.8489205623260002,0.07019831634288243
10,0,10,0.6927885468200788,0.7348272945253267,-0.04203874770524785
10,0,25,0.4463734143659465,0.9267785173797974,-0.4804051030138509
10,0,50,0.7072222349942582,0.9312265016076288,-0.22400426661337058
10,0,100,0.8543815137873819,0.9621381089197093,-0.10775659513232738
10,0,250,0.8501597701189,0.9852175926937483,-0.13505782257484833
10,0,500,0.748320920139783,0.9890904257211267,-0.2407695055813437
10,0,1000,0.7935619398239206,0.9982673308289776,-0.2047053910050569
10,1,1,0.4350385354851186,0.35743477342489477,0.07760376206022385
10,1,2,0.8385569682109728,0.4350385354851186,0.4035184327258542
10,1,5,0.7177687428470396,0.8568271806371386,-0.13905843779009897
10,1,10,0.8028453857779556,0.5468976235733816,0.25594776220457405
10,1,25,0.3858401171531314,0.9105829668372923,-0.524742849684161
10,1,50,0.7329196339986372,0.9907779399454952,-0.257858305946858
10,1,100,0.8652426748545787,0.975984243500921,-0.11074156864634221
10,1,250,0.8543559400874323,0.9804459452635579,-0.12609000517612556
10,1,500,0.9310299371375016,0.9988104089107737,-0.06778047177327207
10,1,1000,0.7877539166814344,0.9956185078956957,-0.20786459121426137
10,2,1,0.4350385354851186,0.35743477342489477,0.07760376206022385
10,2,2,0.8342123178965806,0.32386008274444156,0.510352235152139
10,2,5,0.8028453857779556,0.8103228722589195,-0.007477486480963913
10,2,10,0.6337125483881813,0.7359116749654107,-0.1021991265772294
10,2,25,0.7108829875394023,0.9310436181771719,-0.22016063063776958
10,2,50,0.7137318811822985,0.9454231494670765,-0.23169126828477804
10,2,100,0.46395895902255485,0.9974063454023163,-0.5334473863797615
10,2,250,0.857369826679183,0.997745029339127,-0.14037520265994397
10,2,500,0.4412704221997352,0.9933280596380006,-0.5520576374382654
10,2,1000,0.7916698493837465,0.9991455548081741,-0.20747570542442761
10,3,1,0.440449841997247,0.16006996058777295,0.28037988140947406
10,3,2,0.8385569682109728,0.4350385354851186,0.4035184327258542
10,3,5,0.03181535482429976,0.6776001182241792,-0.6457847633998794
10,3,10,0.7693359717397757,0.8580321003945716,-0.08869612865479581
10,3,25,0.6480293146747287,0.9014438240026897,-0.25341450932796106
10,3,50,0.7663103024482311,0.9618833732681806,-0.19557307081994957
10,3,100,0.8581936459396785,0.9641300189869526,-0.1059363730472741
10,3,250,0.3980843516394057,0.9969081871941733,-0.5988238355547676
10,3,500,0.7482861010206898,0.9877390538201234,-0.23945295279943357
10,3,1000,0.7945934990697905,0.9988002049559029,-0.20420670588611245
10,4,1,0.440449841997247,0.272645886611092,0.167803955386155
10,4,2,0.8342123178965806,0.4350385354851186,0.39917378241146195
10,4,5,0.8892702509938504,0.7471860462532189,0.14208420474063144
10,4,10,0.7940457672393586,0.7397649832290951,0.05428078401026348
10,4,25,0.6272062036456587,0.7173296296204059,-0.0901234259747472
10,4,50,0.7775093130890668,0.9589483530491746,-0.1814390399601078
10,4,100,0.8517999469206528,0.9538618802262342,-0.10206193330558144
10,4,250,0.8595957058596914,0.9893264589548003,-0.12973075309510895
10,4,500,0.40657166392076677,0.9914118506537127,-0.584840186732946
10,4,1000,0.7956515637430625,0.9977456964313225,-0.20209413268826004
11,0,1,0.41012293681210654,0.4517184515589084,-0.04159551474680184
11,0,2,0.4588563277674383,0.544964025853918,-0.08610769808647972
11,0,5,0.8453555389580423,0.7290477154115046,0.11630782354653768
11,0,10,0.7401880819294173,0.5951943367658437,0.14499374516357366
11,0,25,0.6802853212614165,0.9722271532458376,-0.29194183198442114
11,0,50,0.2272994973573782,0.9843606392253933,-0.7570611418680151
11,0,100,0.8119614512289535,0.9971148735055412,-0.1851534222765877
11,0,250,0.5057924244171571,0.9933204279418143,-0.4875280035246572
11,0,500,0.8492611613989552,0.992125432929624,-0.14286427153066872
11,0,1000,0.733989824384456,0.9946969973502805,-0.26070717296582446
11,1,1,0.5151254972618664,0.4517184515589084,0.06340704570295802
11,1,2,0.4588563277674383,0.544964025853918,-0.08610769808647972
11,1,5,0.799100112065048,0.7001005713904879,0.09899954067456018
11,1,10,0.7207155666763554,0.8368281180654943,-0.1161125513891389
11,1,25,0.7515572469715706,0.961358862514923,-0.20980161554335242
11,1,50,0.7237360334763624,0.9607573031233566,-0.23702126964699421
11,1,100,0.743800356143044,0.9794452401084393,-0.2356448839653953
11,1,250,0.8727488181678172,0.9909323718220455,-0.11818355365422828
11,1,500,0.8486548412289967,0.9962283883417374,-0.14757354711274073
11,1,1000,0.44217211895395797,0.9970986752368537,-0.5549265562828958
11,2,1,0.41012293681210654,0.4517184515589084,-0.04159551474680184
11,2,2,0.3295654218000984,0.07450357591764105,0.25506184588245734
11,2,5,0.8072166943468955,0.4731741524675214,0.33404254187937404
11,2,10,0.8030442935191213,0.949367969685234,-0.14632367616611264
11,2,25,0.49018765705478134,0.9438905045983775,-0.4537028475435962
11,2,50,0.6296586900162163,0.9669077401971444,-0.3372490501809281
11,2,100,0.748643962423877,0.9870189247245056,-0.2383749623006286
11,2,250,0.8634746897802362,0.9892256774124704,-0.12575098763223413
11,2,500,0.8351931152173104,0.9963179839042002,-0.1611248686868898
11,2,1000,0.6310517214173944,0.9974616673254834,-0.36640994590808895
11,3,1,0.5151254972618664,0.4517184515589084,0.06340704570295802
11,3,2,0.4588563277674383,0.544964025853918,-0.08610769808647972
11,3,5,0.7895650971234871,0.5072990604736599,0.2822660366498272
11,3,10,0.7721433144757195,0.9549020558035741,-0.18275874132785463
11,3,25,0.7535068171395457,0.9574737159651923,-0.20396689882564656
11,3,50,0.6882706796657788,0.9840258157825038,-0.295755136116725
11,3,100,0.8128668108168832,0.9756839654949708,-0.16281715467808766
11,3,250,0.5026208790975892,0.9850215812902313,-0.4824007021926421
11,3,500,0.3335371606636579,0.999034216632485,-0.6654970559688271
11,3,1000,0.6341904982375307,0.9973494116326731,-0.3631589133951424
11,4,1,0.5151254972618664,0.544964025853918,-0.029838528592051605
11,4,2,0.2799971620073021,0.544964025853918,-0.2649668638466159
11,4,5,0.7363897037603935,0.5072990604736599,0.22909064328673356
11,4,10,0.7086667653386367,0.8700186449531776,-0.1613518796145409
11,4,25,0.7977774172810301,0.958854666342742,-0.16107724906171184
11,4,50,0.6140198143330526,0.9354314244498982,-0.3214116101168456
11,4,100,0.4705194027400023,0.9864889494313804,-0.5159695466913781
11,4,250,0.8699481480778888,0.9886956476464475,-0.11874749956855868
11,4,500,0.8364774097302619,0.9980363706752301,-0.16155896094496824
11,4,1000,0.7436049762054163,0.9948924338931254,-0.2512874576877091
12,0,1,0.6241500433569033,0.6144985794849697,0.009651463871933608
12,0,2,0.49145557748839647,0.9410036103475875,-0.44954803285919104
12,0,5,0.6859979956725465,0.8403815537991711,-0.15438355812662463
12,0,10,0.8308731233396789,0.8471577652531341,-0.016284641913455244
12,0,25,0.6812301769232145,0.9594970720908671,-0.2782668951676526
12,0,50,0.710176743945738,0.9794080598597151,-0.2692313159139771
12,0,100,0.8249072204802758,0.9915446890128465,-0.16663746853257078
12,0,250,0.24953885140321885,0.9951380645301465,-0.7455992131269277
12,0,500,0.609221582865962,0.9962323826933027,-0.38701079982734077
12,0,1000,0.8482371668576567,0.9970379615466657,-0.14880079468900897
12,1,1,0.6241500433569033,0.35778517239303004,0.26636487096387323
12,1,2,0.31335020928160073,0.6144985794849697,-0.30114837020336893
12,1,5,0.6321543808355,0.5889944798789577,0.04315990095654232
12,1,10,0.66756617929422,0.8379665433673413,-0.1704003640731213
12,1,25,0.759459771646003,0.9690067935379129,-0.20954702189190988
12,1,50,0.5473255064654113,0.9038184215115614,-0.3564929150461501
12,1,100,0.8241488272046225,0.9799836781812197,-0.15583485097659722
12,1,250,0.8264350317160388,0.9958706636976896,-0.1694356319816508
12,1,500,0.6887898664731846,0.9983380835751887,-0.3095482171020041
12,1,1000,0.8470641830997013,0.9958751370824623,-0.148810953982761
12,2,1,0.3436781328622369,0.6144985794849697,-0.27082044662273275
12,2,2,0.6002451385895694,0.9410036103475875,-0.3407584717580181
12,2,5,0.5796200296131325,0.6109925328153529,-0.0313725032022204
12,2,10,0.10718623220631328,0.6556319272381618,-0.5484456950318485
12,2,25,0.8282074099595168,0.9281704900093173,-0.09996308004980048
12,2,50,0.6825598567635492,0.9909796762606771,-0.3084198194971278
12,2,100,0.6143312641619587,0.9933664093638245,-0.37903514520186576
12,2,250,0.8270533047289922,0.9829873461641818,-0.15593404143518963
12,2,500,0.5984530569674192,0.9907602289326521,-0.3923071719652329
12,2,1000,0.8493864255595795,0.9957566086385493,-0.14637018307896976
12,3,1,0.6241500433569033,0.6144985794849697,0.009651463871933608
12,3,2,0.6002451385895694,0.6144985794849697,-0.01425344089540026
12,3,5,0.5889944798789577,0.6704153371646555,-0.08142085728569781
12,3,10,0.7062535393476264,0.8856441775753148,-0.17939063822768841
12,3,25,0.6004764193765575,0.9232523132696643,-0.3227758938931068
12,3,50,0.8683766489844413,0.9258119204772949,-0.057435271492853546
12,3,100,0.6133896793597933,0.908820598325053,-0.29543091896525975
12,3,250,0.7896866338738167,0.9867018055803541,-0.19701517170653748
12,3,500,0.5546963308391675,0.9921308195499322,-0.43743448871076474
12,3,1000,0.7495997049903735,0.9955231202949677,-0.24592341530459416
12,4,1,0.6241500433569033,0.6144985794849697,0.009651463871933608
12,4,2,0.2565580263098111,0.35778517239303004,-0.10122714608321892
12,4,5,0.4907521481314729,0.5772701660996835,-0.08651801796821063
12,4,10,0.5675811121459668,0.8727325381581807,-0.3051514260122139
12,4,25,0.8455301075705735,0.9093981307994562,-0.06386802322888274
12,4,50,0.5674719044937078,0.9732843410539938,-0.405812436560286
12,4,100,0.6840876877662582,0.9837336743991488,-0.29964598663289066
12,4,250,0.5489842039060727,0.9982393752443999,-0.44925517133832715
12,4,500,0.7257194184578316,0.9961710104338843,-0.27045159197605273
12,4,1000,0.6986609467640499,0.9979500564551378,-0.2992891096910879
13,0,1,0.8013491719069109,0.23692505628290342,0.5644241156240075
13,0,2,0.713782451918198,0.22413424446203378,0.4896482074561642
13,0,5,0.6459152244007184,0.9296188414954598,-0.28370361709474146
13,0,10,0.7363727145675907,0.8542327107887738,-0.11785999622118315
13,0,25,0.612057879784981,0.9115122338273605,-0.2994543540423794
13,0,50,0.817111031160764,0.9577222099386932,-0.14061117877792917
13,0,100,0.9461131655083947,0.9399725590318335,0.006140606476561228
13,0,250,0.9350682791628178,0.9979024574692263,-0.06283417830640858
13,0,500,0.8326328550873198,0.9987827637749014,-0.16614990868758162
13,0,1000,0.6838927363561215,0.9993013650095884,-0.31540862865346697
13,1,1,0.8013491719069109,0.261994641995518,0.5393545299113929
13,1,2,0.3840527406024414,0.2769460572595448,0.10710668334289658
13,1,5,0.6068308016396313,0.510649921934477,0.09618087970515432
13,1,10,0.39992584559208433,0.9609006445293417,-0.5609747989372573
13,1,25,0.7905208575627753,0.9140444549386765,-0.12352359737590113
13,1,50,0.3708416507510153,0.8693260311173343,-0.49848438036631904
13,1,100,0.3307039069608254,0.9980665402743686,-0.6673626333135432
13,1,250,0.4457516201091112,0.9964230893277749,-0.5506714692186637
13,1,500,0.8469637779155168,0.9871613324681568,-0.14019755455264005
13,1,1000,0.8314567188279931,0.9989461174698496,-0.16748939864185652
13,2,1,0.8013491719069109,0.2769460572595448,0.5244031146473661
13,2,2,0.9482744362760552,0.44523515212948234,0.503039284146573
13,2,5,0.7671714526411139,0.8295046421115375,-0.062333189470423656
13,2,10,0.7859951429009474,0.7983569890500629,-0.012361846149115507
13,2,25,0.40838709147427416,0.717669448650254,-0.3092823571759798
13,2,50,0.8871473528060108,0.8689352940003925,0.01821205880561827
13,2,100,0.7133480476171558,0.9862293596771818,-0.2728813120600261
13,2,250,0.913279220173743,0.994003024128192,-0.080723803954449
13,2,500,0.637350350822786,0.996843893842053,-0.35949354301926695
13,2,1000,0.8814815848913209,0.9984237756846159,-0.11694219079329504
13,3,1,0.8013491719069109,0.23692505628290342,0.5644241156240075
13,3,2,0.9482744362760552,0.2769460572595448,0.6713283790165104
13,3,5,0.7819287361389905,0.7051474671459561,0.07678126899303439
13,3,10,0.42608529275407947,0.996824987560925,-0.5707396948068455
13,3,25,0.7234227694110292,0.943365166221209,-0.2199423968101798
13,3,50,0.8244138657517056,0.9417337981431086,-0.11731993239140304
13,3,100,0.9467770020163522,0.9698588759227875,-0.023081873906435346
13,3,250,0.7157275340565458,0.9976930776212252,-0.2819655435646794
13,3,500,0.6258168695043722,0.9993137265517289,-0.3734968570473567
13,3,1000,0.4726902562010812,0.9964576813905333,-0.5237674251894521
13,4,1,0.8013491719069109,0.2769460572595448,0.5244031146473661
13,4,2,0.9482744362760552,0.024780962159596895,0.9234934741164583
13,4,5,0.6068308016396313,0.3873453107631912,0.21948549087644015
13,4,10,0.8042495998453324,0.6717713665105225,0.1324782333348099
13,4,25,0.7824034678043156,0.9164105356818744,-0.13400706787755878
13,4,50,0.8893167468139767,0.9528128869272848,-0.06349614011330817
13,4,100,0.4417510375407952,0.9918348709167538,-0.5500838333759586
13,4,250,0.4076353030628244,0.9839460490527998,-0.5763107459899754
13,4,500,0.8483906764266319,0.996746394964236,-0.1483557185376041
13,4,1000,0.8801907536322693,0.9959223851143414,-0.1157316314820721
14,0,1,0.07505689687596244,0.4083704285714163,-0.33331353169545386
14,0,2,0.7569278626947029,0.4083704285714163,0.3485574341232866
14,0,5,0.7620344981364482,0.4715194174528896,0.2905150806835586
14,0,10,0.46910766893232797,0.7733784266680379,-0.30427075773570994
14,0,25,0.8166372915780639,0.6888790647013869,0.12775822687667693
14,0,50,0.8176665511541258,0.8988072320680195,-0.0811406809138937
14,0,100,0.8068399597643676,0.9816630659801682,-0.17482310621580055
14,0,250,0.562005330317849,0.9942445437854004,-0.43223921346755134
14,0,500,0.7815558534893761,0.990278263370724,-0.20872240988134794
14,0,1000,0.4463307423613039,0.9987461850328139,-0.55241544267151
14,1,1,0.32686773520079293,0.5002552192999031,-0.1733874840991102
14,1,2,0.4198270916326425,0.486388554944597,-0.0665614633119545
14,1,5,0.6650678733589961,0.34270854769826103,0.32235932566073505
14,1,10,0.8398173443946435,0.9439772671080235,-0.10415992271338004
14,1,25,0.8350419044932293,0.9233885810176081,-0.08834667652437878
14,1,50,0.5161491183065879,0.9805710649751894,-0.4644219466686015
14,1,100,0.9246451569185855,0.9907307248726378,-0.0660855679540523
14,1,250,0.5903112106128131,0.9848337813930709,-0.39452257078025776
14,1,500,0.6799843779607081,0.997484654788419,-0.31750027682771087
14,1,1000,0.9856372542802011,0.9998064468288365,-0.014169192548635356
14,2,1,0.32686773520079293,0.4083704285714163,-0.08150269337062338
14,2,2,0.13190152810270572,0.3292778770214559,-0.19737634891875017
14,2,5,0.48791514799014113,0.8299917972564688,-0.34207664926632764
14,2,10,0.6451869622889488,0.760971335213583,-0.11578437292463417
14,2,25,0.5425909662698826,0.9334826392488246,-0.390891672978942
14,2,50,0.430706580433253,0.9774655245017144,-0.5467589440684615
14,2,100,0.9201631591658122,0.9677324832130043,-0.04756932404719216
14,2,250,0.44727550932674814,0.9941902052113353,-0.5469146958845872
14,2,500,0.776599911780709,0.9963847306082959,-0.21978481882758694
14,2,1000,0.549183678120038,0.9948733982818646,-0.4456897201618266
14,3,1,0.486388554944597,0.4083704285714163,0.07801812637318067
14,3,2,0.23781205106293707,0.7389455235187805,-0.5011334724558434
14,3,5,0.7292605005995701,0.22408773918544053,0.5051727614141296
14,3,10,0.7123665827138786,0.8078567285514201,-0.09549014583754145
14,3,25,0.9046871062024666,0.942152655129759,-0.03746554892729237
14,3,50,0.5057001297048019,0.9688894231177317,-0.4631892934129298
14,3,100,0.7960781732110788,0.9886964184746118,-0.192618245263533
14,3,250,0.9269635201490428,0.9972000832143741,-0.07023656306533133
14,3,500,0.8444716840831906,0.9925971707217343,-0.14812548663854364
14,3,1000,0.6066251517689716,0.9982383959104164,-0.3916132441414448
14,4,1,0.486388554944597,0.4083704285714163,0.07801812637318067
14,4,2,0.7569278626947029,0.5002552192999031,0.2566726433947998
14,4,5,0.830121165690791,0.2892127500625389,0.5409084156282521
14,4,10,0.7242431735994839,0.7734422738248822,-0.04919910022539831
14,4,25,0.8972545587425965,0.9118143931937487,-0.014559834451152165
14,4,50,0.9080300390319901,0.951270742790145,-0.04324070375815492
14,4,100,0.5178348461882459,0.9849368571423348,-0.4671020109540889
14,4,250,0.5532978423915955,0.9985546867245073,-0.4452568443329118
14,4,500,0.8490018183517433,0.9990304646179546,-0.15002864626621137
14,4,1000,0.6065876605446898,0.998945742396173,-0.39235808185148313
15,0,1,0.8609360841232694,0.23864857277890975,0.6222875113443597
15,0,2,0.5934537534863371,0.4825030160641244,0.11095073742221273
15,0,5,0.8000176141137499,0.7237182076492337,0.07629940646451627
15,0,10,0.7209441012214832,0.8562451358044004,-0.1353010345829172
15,0,25,0.31211631685745167,0.9506552204043138,-0.6385389035468622
15,0,50,0.9433113932576795,0.9604444169898706,-0.017133023732191055
15,0,100,0.9156901804614536,0.9766523843503379,-0.06096220388888429
15,0,250,0.737288318142,0.9964837668633528,-0.2591954487213528
15,0,500,0.8923997767742381,0.9865570060928266,-0.0941572293185885
15,0,1000,0.540176457502769,0.9981441504357355,-0.45796769293296646
15,1,1,0.8609360841232694,0.09227848398842113,0.7686576001348483
15,1,2,0.8439200435774026,0.00520250629149659,0.838717537285906
15,1,5,0.5782991812217995,0.7742258924137516,-0.19592671119195215
15,1,10,0.8916526835211751,0.8439200435774026,0.047732639943772526
15,1,25,0.5360858617683765,0.966711998316044,-0.43062613654766757
15,1,50,0.37993692880920477,0.9547913485696755,-0.5748544197604708
15,1,100,0.5336257053807906,0.9572747312042728,-0.4236490258234822
15,1,250,0.740129241613425,0.9960494888358535,-0.25592024722242857
15,1,500,0.6967688658270736,0.9989014289828201,-0.30213256315574644
15,1,1000,0.19496426229075917,0.9982645171056197,-0.8033002548148606
15,2,1,0.8609360841232694,0.4825030160641244,0.378433068059145
15,2,2,0.5934537534863371,0.00520250629149659,0.5882512471948406
15,2,5,0.5414969364716598,0.8343982840923888,-0.29290134762072906
15,2,10,0.90039759755923,0.893019517946898,0.007378079612331945
15,2,25,0.6343723046707576,0.9760110900891343,-0.3416387854183768
15,2,50,0.6934720797373787,0.9498434594710271,-0.25637137973364843
15,2,100,0.5177777538401274,0.9609772453225417,-0.44319949148241433
15,2,250,0.5294709033313846,0.9854502480608822,-0.45597934472949764
15,2,500,0.56513252190851,0.9831964185049828,-0.4180638965964728
15,2,1000,0.7489840662902406,0.9977894755923796,-0.248805409302139
15,3,1,0.8609360841232694,0.4825030160641244,0.378433068059145
15,3,2,0.5934537534863371,0.04770505782278292,0.5457486956635542
15,3,5,0.8000176141137499,0.5888568969786105,0.2111607171351394
15,3,10,0.644045195060202,0.7882260726465513,-0.14418087758634934
15,3,25,0.6830156117587732,0.9460598642153585,-0.26304425245658525
15,3,50,0.928890146358866,0.9775443134566765,-0.04865416709781045
15,3,100,0.3534614739838074,0.9873778752593864,-0.6339164012755789
15,3,250,0.6794176217550351,0.9888691601010847,-0.30945153834604966
15,3,500,0.8885183090352087,0.9892599944647477,-0.10074168542953899
15,3,1000,0.6459443019892119,0.99814448452861,-0.3522001825393981
15,4,1,0.8609360841232694,0.4825030160641244,0.378433068059145
15,4,2,0.8439200435774026,0.052619682090414684,0.7913003614869879
15,4,5,0.5513723481267125,0.6835822369482425,-0.13220988882152995
15,4,10,0.7079772479753625,0.8763648117366439,-0.1683875637612814
15,4,25,0.9121032964943723,0.9596535749777922,-0.04755027848341997
15,4,50,0.935717287170903,0.9618091902965306,-0.02609190312562759
15,4,100,0.196919016371944,0.9910312247960249,-0.7941122084240809
15,4,250,0.9316256613375762,0.9937228369091006,-0.06209717557152439
15,4,500,0.8892575142327158,0.996902117136608,-0.10764460290389222
15,4,1000,0.9044122465242249,0.9988480227615699,-0.094435776237345
16,0,1,0.49490123963159915,0.7762398577795075,-0.2813386181479084
16,0,2,0.3381748211401814,0.7762398577795075,-0.43806503663932617
16,0,5,0.8513958430850314,0.44712786725356185,0.4042679758314695
16,0,10,0.5665840387145774,0.8848402419136138,-0.31825620319903636
16,0,25,0.8450933378234521,0.9164377445688877,-0.07134440674543563
16,0,50,0.9476572384879896,0.9294546010229954,0.018202637464994176
16,0,100,0.8501081237987337,0.9908760161648206,-0.1407678923660869
16,0,250,0.5810445322668097,0.9994877622241128,-0.4184432299573031
16,0,500,0.6527157496410898,0.9982608305982219,-0.3455450809571321
16,0,1000,0.5799620089088686,0.9976985691977286,-0.41773656028885997
16,1,1,0.24450924837908433,0.7762398577795075,-0.5317306094004233
16,1,2,0.3469951063956655,0.7762398577795075,-0.42924475138384205
16,1,5,0.5856464868268649,0.4223588113035466,0.16328767552331835
16,1,10,0.6851428956719042,0.7753349790828583,-0.09019208341095408
16,1,25,0.5684564168578066,0.9614120468916332,-0.3929556300338266
16,1,50,0.6960786360040642,0.9408063562310434,-0.2447277202269792
16,1,100,0.8400570041985645,0.9680392283043773,-0.12798222410581273
16,1,250,0.8438396896053146,0.9918416917678762,-0.14800200216256154
16,1,500,0.8453457188104188,0.9977364580930457,-0.15239073928262692
16,1,1000,0.8489095118794465,0.9977893717783967,-0.14887985989895014
16,2,1,0.49490123963159915,0.7762398577795075,-0.2813386181479084
16,2,2,0.5577774605240261,0.7762398577795075,-0.21846239725548144
16,2,5,0.4366095051187724,0.8639638256944863,-0.4273543205757139
16,2,10,0.6810672522350194,0.9601245839272895,-0.2790573316922701
16,2,25,0.8401738660366999,0.9614892520705262,-0.1213153860338263
16,2,50,0.9188525691588161,0.9571998237875113,-0.03834725462869526
16,2,100,0.5866409887661156,0.9717688970764676,-0.38512790831035204
16,2,250,0.4359369426134235,0.9921549162677118,-0.5562179736542883
16,2,500,0.47873106733962384,0.9923049468528534,-0.5135738795132296
16,2,1000,0.5814883940694813,0.9994813607143986,-0.41799296664491736
16,3,1,0.49490123963159915,0.19420165251453034,0.3006995871170688
16,3,2,0.5527130591399666,0.7762398577795075,-0.22352679863954095
16,3,5,0.673747997956639,0.8639638256944863,-0.1902158277378473
16,3,10,0.9339420330143166,0.5263900677158264,0.40755196529849014
16,3,25,0.8406154013588871,0.9419719979138123,-0.10135659655492513
16,3,50,0.9387577621037841,0.9209392061417909,0.01781855596199322
16,3,100,0.6609582811867066,0.9363412518213408,-0.2753829706346341
16,3,250,0.6509465838242042,0.9757713657226054,-0.32482478189840114
16,3,500,0.847936879650979,0.9902195905118159,-0.14228271086083688
16,3,1000,0.5714133182428598,0.9989248028042715,-0.42751148456141175
16,4,1,0.49490123963159915,0.19420165251453034,0.3006995871170688
16,4,2,0.27305558137575364,0.717554630712339,-0.4444990493365854
16,4,5,0.8559277496745369,0.5430309955574354,0.3128967541171015
16,4,10,0.6151565696961715,0.7858104585351843,-0.17065388883901278
16,4,25,0.8397922172831288,0.9074793638706996,-0.0676871465875708
16,4,50,0.39983353158588664,0.9545140335430788,-0.5546805019571922
16,4,100,0.850575243851954,0.97982190076813,-0.12924665691617598
16,4,250,0.3726006303013938,0.9991139010924248,-0.626513270791031
16,4,500,0.6551432098743726,0.9967639874000487,-0.3416207775256761
16,4,1000,0.8439441315520122,0.9971235753260458,-0.15317944377403359
17,0,1,0.34553070667230446,0.7024244004729737,-0.35689369380066926
17,0,2,0.5795640662033523,0.14650720772989181,0.43305685847346054
17,0,5,0.4025807080889735,0.9416620592542629,-0.5390813511652894
17,0,10,0.4631690313204999,0.8801477921516432,-0.41697876083114327
17,0,25,0.9756606829844263,0.6269898893171647,0.3486707936672616
17,0,50,0.8004680420236032,0.9574640284153676,-0.15699598639176437
17,0,100,0.7936880675096308,0.9620048110675624,-0.16831674355793158
17,0,250,0.902260103982339,0.9925344414744534,-0.09027433749211433
17,0,500,0.9015594319290959,0.9974962968856441,-0.09593686495654818
17,0,1000,0.32384858346455986,0.9964762482196124,-0.6726276647550526
17,1,1,0.49256311020660704,0.20246511582375684,0.2900979943828502
17,1,2,0.056361676552439906,0.7024244004729737,-0.6460627239205338
17,1,5,0.8408417700035523,0.6754779052655457,0.16536386473800657
17,1,10,0.8942488265614347,0.9468161492391198,-0.05256732267768516
17,1,25,0.35405101388010196,0.9822472395493431,-0.6281962256692412
17,1,50,0.9158903319264442,0.8630895037364827,0.05280082818996146
17,1,100,0.4475663658386622,0.98381938585115,-0.5362530200124878
17,1,250,0.6091035212277983,0.9979212202427062,-0.3888176990149079
17,1,500,0.5725869079821283,0.9983678246809552,-0.4257809166988269
17,1,1000,0.9759352389949991,0.9957673549995557,-0.019832116004556588
17,2,1,0.49256311020660704,0.7024244004729737,-0.20986129026636668
17,2,2,0.3318065974401797,0.14650720772989181,0.1852993897102879
17,2,5,0.44467119280226153,0.5177917033595931,-0.0731205105573316
17,2,10,0.7624938137196434,0.9703676438626512,-0.20787383014300775
17,2,25,0.9841402016859463,0.9621027341538898,0.022037467532056487
17,2,50,0.489778153222288,0.9443218331350708,-0.45454367991278277
17,2,100,0.8015768868052109,0.9869852637864408,-0.18540837698122992
17,2,250,0.8030766972082133,0.9873168376404902,-0.18424014043227688
17,2,500,0.9028562532637352,0.9950181802520314,-0.09216192698829617
17,2,1000,0.6595198270189226,0.9961132704040139,-0.33659344338509123
17,3,1,0.06675094928725393,0.07382992430653396,-0.007078975019280023
17,3,2,0.6926218497642743,0.14650720772989181,0.5461146420343825
17,3,5,0.5190815429796343,0.2599071295570248,0.2591744134226095
17,3,10,0.43757142044655034,0.6956259950581424,-0.25805457461159204
17,3,25,0.6355017732326352,0.8710821426363475,-0.2355803694037123
17,3,50,0.8100260777874945,0.9002048267869911,-0.09017874899949663
17,3,100,0.9127339811627513,0.9434599237545866,-0.030725942591835365
17,3,250,0.9129294682769021,0.9930460709237549,-0.08011660264685272
17,3,500,0.5565351345176688,0.9972835295902894,-0.44074839507262065
17,3,1000,0.977000826237856,0.9973195375334023,-0.0203187112955463
17,4,1,0.49256311020660704,0.7024244004729737,-0.20986129026636668
17,4,2,0.13603623465706316,0.7024244004729737,-0.5663881658159106
17,4,5,0.4696103606189911,0.43649991634024027,0.03311044427875082
17,4,10,0.8444056054290994,0.7477985201861802,0.09660708524291917
17,4,25,0.9680166570381987,0.8590610607746892,0.10895559626350948
17,4,50,0.8252643594760047,0.9781783039786061,-0.15291394450260132
17,4,100,0.34376344123065716,0.9723158116931842,-0.628552370462527
17,4,250,0.8040019398434284,0.9947721522565127,-0.19077021241308434
17,4,500,0.9096318844581002,0.9924587632112798,-0.08282687875317962
17,4,1000,0.9761633413708778,0.9982429972474646,-0.02207965587658678
18,0,1,0.9421959656591944,0.18491479410894746,0.757281171550247
18,0,2,0.5483108798046071,0.9421959656591944,-0.39388508585458726
18,0,5,0.5867262951759248,0.81741021506388,-0.23068391988795522
18,0,10,0.8190915067126415,0.8762880434442586,-0.057196536731617065
18,0,25,0.7800224831499797,0.9307623746598167,-0.15073989150983702
18,0,50,0.7852342713713184,0.9903936547957345,-0.2051593834244161
18,0,100,0.7992498494615565,0.9754081147872241,-0.17615826532566758
18,0,250,0.8191694597836807,0.9973876919920324,-0.17821823220835165
18,0,500,0.7172232264558669,0.9955417575502116,-0.2783185310943447
18,0,1000,0.8157159676918156,0.9987907938844587,-0.18307482619264304
18,1,1,0.9421959656591944,0.2571446500181125,0.6850513156410819
18,1,2,0.8478229622672054,0.2571446500181125,0.590678312249093
18,1,5,0.7386287348507041,0.8307170489787096,-0.09208831412800544
18,1,10,0.8008546876628887,0.8604004510970866,-0.05954576343419793
18,1,25,0.767235637044226,0.9448220120612127,-0.1775863750169867
18,1,50,0.7780445340042769,0.9808223873350894,-0.20277785333081255
18,1,100,0.6021635394448824,0.9744509667822943,-0.3722874273374118
18,1,250,0.8178684259522155,0.9921772654321489,-0.17430883947993336
18,1,500,0.7535382556722654,0.9958925238188185,-0.24235426814655314
18,1,1000,0.8175293823185664,0.9976021892744978,-0.18007280695593142
18,2,1,0.9421959656591944,0.3245523444345211,0.6176436212246733
18,2,2,0.8478229622672054,0.5284329659810915,0.319389996286114
18,2,5,0.5779283392158092,0.7986101950916175,-0.22068185587580824
18,2,10,0.2635786771595195,0.8813332670357221,-0.6177545898762027
18,2,25,0.6665150359839986,0.8962796578528718,-0.22976462186887314
18,2,50,0.7873055009121497,0.9396842314698763,-0.15237873055772666
18,2,100,0.8518897425035717,0.9841194782196269,-0.13222973571605512
18,2,250,0.8580222422812893,0.9796862942159937,-0.12166405193470442
18,2,500,0.806376523986175,0.9947857598075354,-0.18840923582136038
18,2,1000,0.8166107597319207,0.9977031811610599,-0.18109242142913928
18,3,1,0.9421959656591944,0.2571446500181125,0.6850513156410819
18,3,2,0.8478229622672054,0.41868041450138305,0.4291425477658224
18,3,5,0.5059258181476003,0.7688265908648988,-0.2629007727172985
18,3,10,0.8170079993432245,0.790480315101343,0.026527684241881566
18,3,25,0.6328378295596149,0.8894052217715064,-0.2565673922118915
18,3,50,0.8664827295044227,0.9944167634138712,-0.12793403390944846
18,3,100,0.8541489561099022,0.9826632432591501,-0.12851428714924795
18,3,250,0.8223471307615959,0.9976264067330902,-0.17527927597149429
18,3,500,0.5447478281674807,0.9950352365246563,-0.4502874083571756
18,3,1000,0.5705576420342721,0.9969579051904068,-0.4264002631561348
18,4,1,0.9421959656591944,0.18491479410894746,0.757281171550247
18,4,2,0.7898861262112423,0.2571446500181125,0.5327414761931298
18,4,5,0.5867262951759248,0.8565010612638949,-0.26977476608797013
18,4,10,0.639618546776077,0.6636816609932698,-0.02406311421719276
18,4,25,0.6744217687054025,0.9181820823804531,-0.24376031367505058
18,4,50,0.5965455846117513,0.9595722245753392,-0.36302663996358786
18,4,100,0.597371744433978,0.9828195366435074,-0.3854477922095294
18,4,250,0.8241159856756513,0.9916194135736408,-0.16750342789798955
18,4,500,0.811088611400832,0.9958688090136535,-0.1847801976128215
18,4,1000,0.5374517777018876,0.9977788229590324,-0.46032704525714485
19,0,1,0.40941777511470506,0.22024074354138315,0.1891770315733219
19,0,2,0.7701895693418268,0.020082720109935198,0.7501068492318916
19,0,5,0.30971364880613694,0.7248945430065826,-0.4151808942004457
19,0,10,0.7695971129765166,0.7906473163492338,-0.021050203372717236
19,0,25,0.793376647660097,0.9410258263224079,-0.14764917866231098
19,0,50,0.6800176997424607,0.9111845529223229,-0.2311668531798622
19,0,100,0.872591301099545,0.9849186284922972,-0.1123273273927522
19,0,250,0.781696832928464,0.9887636870900042,-0.20706685416154014
19,0,500,0.7593552968419285,0.9924929656672258,-0.2331376688252973
19,0,1000,0.7176929688672016,0.9962501489477226,-0.278557180080521
19,1,1,0.5411853223678719,0.18631754425513725,0.3548677781127346
19,1,2,0.2636773281511788,0.2719624855653047,-0.008285157414125943
19,1,5,0.713153849061358,0.8558279660265539,-0.14267411696519583
19,1,10,0.564352075247434,0.7681782064906175,-0.2038261312431835
19,1,25,0.714518126523694,0.8972478689245941,-0.18272974240090012
19,1,50,0.7220524118057812,0.9797712409209716,-0.2577188291151904
19,1,100,0.8680291318141946,0.9741746359710267,-0.1061455041568321
19,1,250,0.7792058750297683,0.98270566807316,-0.2034997930433916
19,1,500,0.8877668875146159,0.9982612090222317,-0.11049432150761584
19,1,1000,0.8075943886566029,0.9959607721573598,-0.18836638350075685
19,2,1,0.5411853223678719,0.2719624855653047,0.26922283680256714
19,2,2,0.5966648082773099,0.2719624855653047,0.3247023227120052
19,2,5,0.12465933205988013,0.6085826822763901,-0.48392335021651
19,2,10,0.7187760541600385,0.7529970954488873,-0.03422104128884873
19,2,25,0.4549545174060177,0.9829677898332967,-0.528013272427279
19,2,50,0.7998317478358413,0.95533289018031,-0.15550114234446866
19,2,100,0.6040778373302284,0.9286458809473664,-0.3245680436171381
19,2,250,0.5762962546471829,0.9931191725182467,-0.41682291787106374
19,2,500,0.8888184192471871,0.9968017891168801,-0.10798336986969304
19,2,1000,0.6808817915243213,0.9958364827752602,-0.3149546912509389
19,3,1,0.5411853223678719,0.18631754425513725,0.3548677781127346
19,3,2,0.8651649617647653,0.021274883260741784,0.8438900785040235
19,3,5,0.8531061599454172,0.5786017373653437,0.27450442258007346
19,3,10,0.6702931629167068,0.3566340246943298,0.313659138222377
19,3,25,0.7833172347481232,0.9395784609227366,-0.15626122617461335
19,3,50,0.6656270730503436,0.9932182020392781,-0.3275911289889345
19,3,100,0.6034695865783041,0.984682375714835,-0.3812127891365309
19,3,250,0.8696843186229332,0.997249673220856,-0.12756535459792284
19,3,500,0.6118800862048164,0.9970562224609945,-0.3851761362561781
19,3,1000,0.582011789499099,0.9978587965337342,-0.4158470070346352
19,4,1,0.40941777511470506,0.32147922663817463,0.08793854847653043
19,4,2,0.7701895693418268,0.021274883260741784,0.748914686081085
19,4,5,0.5294317348771445,0.7809671720239285,-0.25153543714678406
19,4,10,0.7479289620866866,0.7219468319604893,0.025982130126197323
19,4,25,0.5623279617068092,0.8136496460334098,-0.2513216843266006
19,4,50,0.8098551555081177,0.9323145931290445,-0.12245943762092681
19,4,100,0.6042865973584542,0.9885502316981406,-0.38426363433968636
19,4,250,0.7830494536137439,0.9876374503447631,-0.20458799673101924
19,4,500,0.5240680555570716,0.9929986385954137,-0.4689305830383421
19,4,1000,0.761340568109877,0.9985080881106219,-0.2371675200007448
20,0,1,0.23753410839477734,0.19584657614160655,0.04168753225317079
20,0,2,0.3075241109482558,0.6542897295111627,-0.3467656185629069
20,0,5,0.008805548752765346,0.9274248477606414,-0.9186192990078761
20,0,10,0.8019584889424356,0.7798840138942875,0.02207447504814808
20,0,25,0.9196507239923147,0.8900939156508244,0.029556808341490326
20,0,50,0.7295785531987135,0.9043488191381501,-0.17477026593943668
20,0,100,0.8730134644373141,0.9772819871999169,-0.10426852276260279
20,0,250,0.5014220301425335,0.9903509129571719,-0.4889288828146384
20,0,500,0.9365730214855446,0.9971261876711112,-0.06055316618556661
20,0,1000,0.4176399729919707,0.9986638689546483,-0.5810238959626777
20,1,1,0.3887517803840754,0.19584657614160655,0.19290520424246882
20,1,2,0.1067961840515037,0.32243480652422307,-0.21563862247271937
20,1,5,0.7689779721869829,0.9274248477606414,-0.15844687557365844
20,1,10,0.4427687849569544,0.9738663087521634,-0.531097523795209
20,1,25,0.009960687165344652,0.9399825526443163,-0.9300218654789716
20,1,50,0.4045286760157717,0.9692274548410149,-0.5646987788252432
20,1,100,0.9033112082780759,0.9744861368985499,-0.07117492862047403
20,1,250,0.5994700125490975,0.9962902645103262,-0.3968202519612287
20,1,500,0.5820003225246023,0.9946814782973563,-0.412681155772754
20,1,1000,0.21884790600283455,0.9968758695198235,-0.778027963516989
20,2,1,0.23753410839477734,0.6542897295111627,-0.41675562111638537
20,2,2,0.7185696789774436,0.6542897295111627,0.0642799494662809
20,2,5,0.7166030177704463,0.4171817354956744,0.29942128227477194
20,2,10,0.5539422230388402,0.9053960970807186,-0.35145387404187833
20,2,25,0.6174475290017551,0.9484633363764435,-0.3310158073746884
20,2,50,0.8895726347627662,0.9769003066240883,-0.08732767186132218
20,2,100,0.5972368107298036,0.98225314552436,-0.38501633479455644
20,2,250,0.900417963465177,0.9874209125403252,-0.08700294907514816
20,2,500,0.4803908415943283,0.9980705697790485,-0.5176797281847202
20,2,1000,0.7782516324971334,0.9995356179928571,-0.2212839854957237
20,3,1,0.23753410839477734,0.19584657614160655,0.04168753225317079
20,3,2,0.5630833507420295,0.6542897295111627,-0.09120637876913318
20,3,5,0.5998093385997677,0.6671940171424289,-0.06738467854266117
20,3,10,0.4818901716865105,0.8530673619270742,-0.3711771902405637
20,3,25,0.48100194160646226,0.9653234607764938,-0.4843215191700315
20,3,50,0.7416480219015464,0.9344618759308403,-0.19281385402929385
20,3,100,0.5141963649110722,0.9917999586079386,-0.47760359369686634
20,3,250,0.7451969666799195,0.9859258261664631,-0.24072885948654354
20,3,500,0.9346684468298764,0.9939015209796704,-0.05923307414979406
20,3,1000,0.940803206487135,0.9995981977247256,-0.05879499123759058
20,4,1,0.3887517803840754,0.19584657614160655,0.19290520424246882
20,4,2,0.7185696789774436,0.32243480652422307,0.39613487245322054
20,4,5,0.9053960970807186,0.8928834429236311,0.012512654157087466
20,4,10,0.2397303643350238,0.9390294766284129,-0.699299112293389
20,4,25,0.9442331098102204,0.9968727153213379,-0.05263960551111757
20,4,50,0.867337683919762,0.9519716186541046,-0.08463393473434266
20,4,100,0.8949330130018017,0.9834343234278005,-0.08850131042599874
20,4,250,0.6045126573528957,0.9950073788467705,-0.39049472149387476
20,4,500,0.93856987991821,0.9943792006267721,-0.05580932070856215
20,4,1000,0.3956163219919967,0.998544379057149,-0.6029280570651523
21,0,1,0.4035458243559653,0.9221837064456225,-0.5186378820896572
21,0,2,0.4075524729620796,0.9221837064456225,-0.514631233483543
21,0,5,0.5232247409638834,0.6516104945421627,-0.1283857535782793
21,0,10,0.7278515266122942,0.8580213414701324,-0.13016981485783818
21,0,25,0.7758752303097033,0.9711993496324339,-0.19532411932273064
21,0,50,0.6586370070667734,0.9924476230649701,-0.3338106159981967
21,0,100,0.5831986694127619,0.9871078161722717,-0.40390914675950984
21,0,250,0.6263502543425818,0.9857409793288158,-0.3593907249862339
21,0,500,0.4779884060979803,0.9955873745015238,-0.5175989684035435
21,0,1000,0.6218881014077048,0.9881167288162299,-0.36622862740852513
21,1,1,0.2517054778602403,0.9221837064456225,-0.6704782285853823
21,1,2,0.21525902000649588,0.9221837064456225,-0.7069246864391266
21,1,5,0.8425404461064473,0.8292943918602057,0.01324605424624159
21,1,10,0.647380529634751,0.8165134333666919,-0.1691329037319409
21,1,25,0.7726457192253053,0.9590466519836842,-0.18640093275837888
21,1,50,0.6724633229793122,0.9222315829952027,-0.24976826001589048
21,1,100,0.4815957095627388,0.9894945415151876,-0.5078988319524488
21,1,250,0.8325819450060068,0.9893679619307403,-0.15678601692473348
21,1,500,0.707415994923314,0.9958486105190677,-0.2884326155957537
21,1,1000,0.8305678010924651,0.9981190891627748,-0.16755128807030972
21,2,1,0.4035458243559653,0.9221837064456225,-0.5186378820896572
21,2,2,0.4075524729620796,0.9221837064456225,-0.514631233483543
21,2,5,0.2687342598107297,0.7786887377008173,-0.5099544778900875
21,2,10,0.8761784475068203,0.6870329621516277,0.1891454853551926
21,2,25,0.6463496721873658,0.9328397410057233,-0.2864900688183575
21,2,50,0.7126978933439767,0.9684094944153397,-0.25571160107136304
21,2,100,0.38413319940572366,0.9867814782182532,-0.6026482788125296
21,2,250,0.604025712713953,0.9933050931873664,-0.38927938047341337
21,2,500,0.656699143898962,0.9958560000890038,-0.33915685619004177
21,2,1000,0.6649992184259357,0.9967785112067655,-0.33177929278082985
21,3,1,0.2123183837594305,0.9221837064456225,-0.7098653226861921
21,3,2,0.2935191382555573,0.9221837064456225,-0.6286645681900652
21,3,5,0.7022161487015511,0.36561858292032856,0.3365975657812226
21,3,10,0.3428041677219099,0.8708354770935683,-0.5280313093716584
21,3,25,0.8535833532590519,0.8153630833956294,0.03822026986342253
21,3,50,0.8500430789883835,0.9178188574072823,-0.06777577841889881
21,3,100,0.6880984011801939,0.9950152095325588,-0.3069168083523649
21,3,250,0.4884074097984891,0.9974596505574094,-0.5090522407589202
21,3,500,0.5701062293154477,0.9959409806481125,-0.4258347513326648
21,3,1000,0.6201019243553677,0.9987135842706856,-0.37861165991531787
21,4,1,0.132430314024364,0.9221837064456225,-0.7897533924212585
21,4,2,0.2859797183204005,0.9221837064456225,-0.636203988125222
21,4,5,0.4855182166439658,0.4339072600093741,0.051610956634591754
21,4,10,0.8492337438194923,0.892892393398474,-0.04365864957898169
21,4,25,0.7770901539080217,0.8558026450004889,-0.07871249109246714
21,4,50,0.667460637807718,0.9350854390249046,-0.26762480121718657
21,4,100,0.5454895160007109,0.9444332811469925,-0.3989437651462816
21,4,250,0.8206824724424501,0.9858342794719763,-0.16515180702952625
21,4,500,0.26342921333372654,0.990582556441644,-0.7271533431079173
21,4,1000,0.769434776262997,0.997809133926462,-0.22837435766346503
22,0,1,0.7249226655372799,0.3652360083530228,0.35968665718425713
22,0,2,0.8950329881105737,0.7249226655372799,0.17011032257329384
22,0,5,0.43351026432666473,0.9473795490155511,-0.5138692846888864
22,0,10,0.8228288938144586,0.14893783538052677,0.6738910584339318
22,0,25,0.8451594071576212,0.934611640601081,-0.08945223344345987
22,0,50,0.35443083888366683,0.9808215310896577,-0.626390692205991
22,0,100,0.9305996312931881,0.9558027586088479,-0.025203127315659768
22,0,250,0.993269423359795,0.9928579047125239,0.0004115186472710697
22,0,500,0.9419155614111248,0.9987048231264741,-0.05678926171534937
22,0,1000,0.8475298653131282,0.996968842537725,-0.14943897722459676
22,1,1,0.7249226655372799,0.3652360083530228,0.35968665718425713
22,1,2,0.05729625640697392,0.5947705335631754,-0.5374742771562016
22,1,5,0.7680030591273621,0.74878790904663,0.019215150080732157
22,1,10,0.8970010022819225,0.9376787503756333,-0.04067774809371083
22,1,25,0.030751160848990527,0.980175572965118,-0.9494244121161275
22,1,50,0.8586031639427801,0.9114929229497012,-0.052889759006921055
22,1,100,0.9339426486060424,0.9833113560020939,-0.04936870739605148
22,1,250,0.9959724403032906,0.9919164210076084,0.004056019295682223
22,1,500,0.4330631533715742,0.9953415092204254,-0.5622783558488512
22,1,1000,0.17935933837016443,0.9983316139771514,-0.818972275606987
22,2,1,0.7249226655372799,0.3652360083530228,0.35968665718425713
22,2,2,0.38579235459574795,0.5947705335631754,-0.20897817896742749
22,2,5,0.5258741758663148,0.8194953032205634,-0.2936211273542486
22,2,10,0.8867348079103892,0.9728598037457248,-0.08612499583533562
22,2,25,0.11698494506219628,0.9430217949811549,-0.8260368499189586
22,2,50,0.8625119305227378,0.960733057463916,-0.09822112694117824
22,2,100,0.9461804246598856,0.9830019480439256,-0.03682152338403999
22,2,250,0.9928579104444071,0.9935770115600153,-0.000719101115608245
22,2,500,0.4594054190189142,0.9923972769967149,-0.5329918579778007
22,2,1000,0.8362782957647218,0.997978043176717,-0.16169974741199522
22,3,1,0.7249226655372799,0.37864361043963846,0.34627905509764145
22,3,2,0.8950329881105737,0.4451596805566131,0.44987330755396066
22,3,5,0.9473795490155511,0.6607213332015235,0.2866582158140276
22,3,10,0.2503115540807454,0.8746604162005265,-0.624348862119781
22,3,25,0.8707077053493856,0.9160919794061095,-0.04538427405672396
22,3,50,0.37921376666036594,0.8998689845373105,-0.5206552178769446
22,3,100,0.5478429629839421,0.9828334054529494,-0.4349904424690073
22,3,250,0.9827572778948039,0.9952120916819072,-0.012454813787103225
22,3,500,0.9456988167149669,0.9959479121755035,-0.050249095460536575
22,3,1000,0.256685305019483,0.9981944683154208,-0.7415091632959379
22,4,1,0.07462946432010988,0.3652360083530228,-0.2906065440329129
22,4,2,0.8950329881105737,0.37864361043963846,0.5163893776709353
22,4,5,0.4942291425469574,0.8793564217237222,-0.3851272791767648
22,4,10,0.20962349591553261,0.9482145410044154,-0.7385910450888827
22,4,25,0.2564897007664248,0.9463262320754318,-0.6898365313090069
22,4,50,0.6409032093497119,0.9882973672826102,-0.3473941579328983
22,4,100,0.4272922239402589,0.9729701946524402,-0.5456779707121813
22,4,250,0.006019055397946571,0.9777453118438504,-0.9717262564459038
22,4,500,0.4093523529812434,0.9973907386239418,-0.5880383856426984
22,4,1000,0.8333930065390447,0.9989496323239929,-0.16555662578494823
23,0,1,0.7025885568977758,0.2874168321239428,0.41517172477383296
23,0,2,0.0621109900127008,0.2784377513525595,-0.2163267613398587
23,0,5,0.8545950046512009,0.6371806491166511,0.2174143555345498
23,0,10,0.7976257891540874,0.6797532797336014,0.117872509420486
23,0,25,0.5563091848347017,0.7878660313445409,-0.2315568465098392
23,0,50,0.8146196700735292,0.911636965222905,-0.09701729514937585
23,0,100,0.899055856113504,0.9835016237240053,-0.08444576761050127
23,0,250,0.8869290834891801,0.9936038007925864,-0.10667471730340627
23,0,500,0.30602089632697804,0.9939395550365285,-0.6879186587095505
23,0,1000,0.454405405729204,0.9962277594949904,-0.5418223537657865
23,1,1,0.7025885568977758,0.2086236990875675,0.49396485781020827
23,1,2,0.7178322419894089,0.14759716625878871,0.5702350757306202
23,1,5,0.8461354218979198,0.8689631123477198,-0.022827690449800042
23,1,10,0.8200146518188689,0.8527713500109586,-0.032756698192089706
23,1,25,0.5488324193422887,0.9871557761333797,-0.438323356791091
23,1,50,0.5910757034812826,0.9378862581313226,-0.34681055465004007
23,1,100,0.9107896886890792,0.9828481529748385,-0.07205846428575935
23,1,250,0.7249998730326548,0.9819324031805705,-0.2569325301479157
23,1,500,0.869556058883249,0.9936296064251967,-0.12407354754194766
23,1,1000,0.8395425699895364,0.9982180550578378,-0.15867548506830143
23,2,1,0.7025885568977758,0.2874168321239428,0.41517172477383296
23,2,2,0.9017966713528045,0.2086236990875675,0.693172972265237
23,2,5,0.7624939929462642,0.8055111291749794,-0.04301713622871517
23,2,10,0.7624683110456977,0.9847067195160606,-0.2222384084703629
23,2,25,0.7430562063477184,0.9166898826208968,-0.17363367627317838
23,2,50,0.8453694659528619,0.947183590876763,-0.10181412492390107
23,2,100,0.9092154407011731,0.9909825559121591,-0.08176711521098601
23,2,250,0.6932619696353357,0.9951898778617682,-0.30192790822643245
23,2,500,0.592675540424803,0.9960909707302582,-0.40341543030545524
23,2,1000,0.4718063221860113,0.9964652735843599,-0.5246589513983486
23,3,1,0.7025885568977758,0.31140888420868246,0.3911796726890933
23,3,2,0.7178322419894089,0.2784377513525595,0.4393944906368494
23,3,5,0.7630033688053043,0.5034000351277788,0.2596033336775255
23,3,10,0.6553253040475748,0.6365776245919356,0.018747679455639266
23,3,25,0.6822682432923988,0.8673464974484921,-0.18507825415609336
23,3,50,0.8524788335666708,0.9850619042005866,-0.13258307063391583
23,3,100,0.3424199063863374,0.9691047872724999,-0.6266848808861625
23,3,250,0.6921987916690154,0.9963889404274535,-0.3041901487584381
23,3,500,0.745607947160997,0.9957678879982917,-0.25015994083729476
23,3,1000,0.6646045769290444,0.995715410299504,-0.33111083337045955
23,4,1,0.7025885568977758,0.2874168321239428,0.41517172477383296
23,4,2,0.7178322419894089,0.2874168321239428,0.43041540986546606
23,4,5,0.8461354218979198,0.8956373849489827,-0.049501963051062914
23,4,10,0.6642978353943152,0.34917641345691436,0.31512142193740084
23,4,25,0.37670017853259524,0.9591844421723382,-0.5824842636397429
23,4,50,0.8091435412865353,0.9617554322728987,-0.1526118909863634
23,4,100,0.7258263616354816,0.9889460337652799,-0.26311967212979825
23,4,250,0.8498326923115778,0.9955498578325482,-0.14571716552097047
23,4,500,0.8700296828102894,0.994538333735157,-0.12450865092486763
23,4,1000,0.45581929260159576,0.9992799596646039,-0.5434606670630082
24,0,1,0.2609275537499343,0.0021738326656379828,0.25875372108429634
24,0,2,0.4050018557245031,0.9082870467640168,-0.5032851910395137
24,0,5,0.5975769460109441,0.568808795523727,0.028768150487217148
24,0,10,0.7683616313022462,0.9316105967270847,-0.16324896542483847
24,0,25,0.8433453204218629,0.9817082310239499,-0.13836291060208694
24,0,50,0.7654172819630789,0.9379517126880074,-0.17253443072492847
24,0,100,0.3703119696317177,0.9973923440557214,-0.6270803744240037
24,0,250,0.8602872319888613,0.9959606331370527,-0.13567340114819149
24,0,500,0.28680984661188935,0.9982818908353476,-0.7114720442234582
24,0,1000,0.8241543693648806,0.999458991587835,-0.1753046222229544
24,1,1,0.2956230888183964,0.9082870467640168,-0.6126639579456205
24,1,2,0.23442536099596584,0.9082870467640168,-0.673861685768051
24,1,5,0.6824027227017523,0.8206958847495845,-0.13829316204783226
24,1,10,0.7087944025308022,0.8362112231356499,-0.1274168206048477
24,1,25,0.8528480723375189,0.6400307122205077,0.21281736011701125
24,1,50,0.5911010482989126,0.9806321834750821,-0.38953113517616944
24,1,100,0.7652229366782255,0.9939494223166281,-0.2287264856384026
24,1,250,0.8569861933762188,0.9952063471763529,-0.13822015380013408
24,1,500,0.8633540453166483,0.9933693603118504,-0.13001531499520214
24,1,1000,0.6340275999074925,0.998107391056069,-0.3640797911485766
24,2,1,0.2956230888183964,0.9082870467640168,-0.6126639579456205
24,2,2,0.4578893186631273,0.9082870467640168,-0.4503977281008895
24,2,5,0.864221511036906,0.7877444514013836,0.07647705963552243
24,2,10,0.7398337653707862,0.8491701132941984,-0.10933634792341229
24,2,25,0.600202853062014,0.8751746169153766,-0.2749717638533625
24,2,50,0.8173129064409917,0.9801178509289712,-0.16280494448797944
24,2,100,0.3517735970351537,0.9781031994248848,-0.6263296023897311
24,2,250,0.8488133130694517,0.9923938236759389,-0.14358051060648713
24,2,500,0.39478706293944127,0.9964185375829502,-0.601631474643509
24,2,1000,0.8246211893004504,0.9986425525735534,-0.17402136327310302
24,3,1,0.2956230888183964,0.9082870467640168,-0.6126639579456205
24,3,2,0.20341322336309614,0.9082870467640168,-0.7048738234009206
24,3,5,0.6160294682207085,0.42198556541859167,0.1940439028021168
24,3,10,0.6264038979889558,0.8462012989464289,-0.21979740095747313
24,3,25,0.5925239610573451,0.972578191270948,-0.38005423021360296
24,3,50,0.5531046609407996,0.9414012018623558,-0.3882965409215562
24,3,100,0.8063583488397822,0.9853078044272374,-0.17894945558745523
24,3,250,0.860955581850733,0.9972264649125504,-0.13627088306181745
24,3,500,0.6192096692715695,0.9949887991003913,-0.3757791298288218
24,3,1000,0.6283739816517556,0.9983152430213968,-0.3699412613696412
24,4,1,0.2956230888183964,0.9082870467640168,-0.6126639579456205
24,4,2,0.37800515300687165,0.4442599486298591,-0.06625479562298747
24,4,5,0.41321405097436764,0.7877444514013836,-0.37453040042701596
24,4,10,0.7880975197356629,0.886048630993378,-0.09795111125771516
24,4,25,0.5977239454343201,0.945148682817125,-0.347424737382805
24,4,50,0.7788633547400609,0.9887718625396641,-0.20990850779960324
24,4,100,0.5371247174684944,0.9323953743494672,-0.39527065688097274
24,4,250,0.3582500319171355,0.9788061453501229,-0.6205561134329873
24,4,500,0.6205414505811379,0.9962719680778833,-0.37573051749674546
24,4,1000,0.6327246478929973,0.999332712560424,-0.3666080646674267
25,0,1,0.8211358227696449,0.5814105394412017,0.23972528332844323
25,0,2,0.7666460932069995,0.07751191361298526,0.6891341795940142
25,0,5,0.6626204917702905,0.9184230664621096,-0.2558025746918191
25,0,10,0.6148201959596472,0.7751125168160485,-0.16029232085640133
25,0,25,0.6121646389710734,0.9686845558492885,-0.35651991687821505
25,0,50,0.5584812207101765,0.9921477914161452,-0.4336665707059687
25,0,100,0.9061261662816613,0.9663960056355889,-0.0602698393539276
25,0,250,0.7277714482350142,0.989142781610393,-0.2613713333753789
25,0,500,0.890868996339119,0.9966772100796328,-0.10580821374051386
25,0,1000,0.5660133714555002,0.9990258911996557,-0.43301251974415544
25,1,1,0.8211358227696449,0.5814105394412017,0.23972528332844323
25,1,2,0.612112759614356,0.5814105394412017,0.03070222017315427
25,1,5,0.7181431374554647,0.9184230664621096,-0.20027992900664493
25,1,10,0.9604645215982394,0.866647997185711,0.09381652441252841
25,1,25,0.34887435458172245,0.8828592526568472,-0.5339848980751247
25,1,50,0.9406594178574532,0.9340259460591563,0.006633471798296875
25,1,100,0.8955330759842206,0.9900149218106397,-0.09448184582641905
25,1,250,0.767330980203611,0.9907604141880321,-0.22342943398442106
25,1,500,0.7387965834491975,0.9968731223514465,-0.258076538902249
25,1,1000,0.8879321337676479,0.9977868350244641,-0.10985470125681618
25,2,1,0.0750289702569245,0.5814105394412017,-0.5063815691842772
25,2,2,0.6116656632886882,0.06520789518191439,0.5464577681067738
25,2,5,0.608527548418246,0.8938277362275806,-0.28530018780933464
25,2,10,0.9328322161692016,0.45998152208197723,0.4728506940872244
25,2,25,0.437956215197122,0.7827374409390111,-0.3447812257418891
25,2,50,0.9232969971593605,0.9760909729472748,-0.05279397578791423
25,2,100,0.7314336679593183,0.9971450500377993,-0.265711382078481
25,2,250,0.33484542071254203,0.9933313749193158,-0.6584859542067738
25,2,500,0.49448039583644343,0.9986337275818951,-0.5041533317454516
25,2,1000,0.17401993288460774,0.9982371810476889,-0.8242172481630812
25,3,1,0.8211358227696449,0.5814105394412017,0.23972528332844323
25,3,2,0.4883718321067498,0.07751191361298526,0.4108599184937645
25,3,5,0.504924240646978,0.7267151457437822,-0.2217909050968041
25,3,10,0.9187627022806073,0.9296357025769844,-0.010873000296377056
25,3,25,0.6140584318345271,0.8420065830641562,-0.22794815122962908
25,3,50,0.5875041586369993,0.9418178992754452,-0.3543137406384459
25,3,100,0.359978091322554,0.996870150767978,-0.636892059445424
25,3,250,0.7354133853895473,0.9898253645290473,-0.2544119791395001
25,3,500,0.8913764816689665,0.9925468929376464,-0.10117041126867987
25,3,1000,0.8899818164629468,0.9987673690840201,-0.10878555262107326
25,4,1,0.8211358227696449,0.5814105394412017,0.23972528332844323
25,4,2,0.6116656632886882,0.5814105394412017,0.03025512384748652
25,4,5,0.6184467501229907,0.9184230664621096,-0.2999763163391189
25,4,10,0.6094807675251271,0.10745845135851016,0.502022316166617
25,4,25,0.8058392778282155,0.9367395906337266,-0.13090031280551107
25,4,50,0.7888480549632819,0.9899827543812365,-0.2011346994179546
25,4,100,0.7507320976716759,0.9854904851703509,-0.23475838749867495
25,4,250,0.9039083547766184,0.9719598821352972,-0.06805152735867881
25,4,500,0.7351402203937838,0.993264930058567,-0.2581247096647832
25,4,1000,0.7315704613282282,0.9984117980429464,-0.2668413367147182
26,0,1,0.49627677057727887,0.20647841173590328,0.2897983588413756
26,0,2,0.47049309881946294,0.3390047504800901,0.13148834833937284
26,0,5,0.22762480784998804,0.7587040460506526,-0.5310792382006645
26,0,10,0.6699080945149243,0.96009737791012,-0.2901892833951957
26,0,25,0.7650488466392441,0.9720112860786985,-0.20696243943945436
26,0,50,0.7088572880306659,0.9102654970036616,-0.2014082089729956
26,0,100,0.9023624308484135,0.9432914026796937,-0.04092897183128019
26,0,250,0.8908013377659911,0.9960974585642957,-0.10529612079830453
26,0,500,0.9238671488122066,0.9970905684940345,-0.073223419681828
26,0,1000,0.7252842918089726,0.9989206847406586,-0.27363639293168607
26,1,1,0.49627677057727887,0.28650218139776434,0.20977458917951453
26,1,2,0.7911612516311214,0.49627677057727887,0.2948844810538425
26,1,5,0.7539149719491818,0.40918157120204296,0.3447334007471388
26,1,10,0.6548502375945277,0.8020680736516779,-0.14721783605715022
26,1,25,0.3402937610994948,0.9104854967173076,-0.5701917356178128
26,1,50,0.7632707123849128,0.9814366817617344,-0.21816596937682153
26,1,100,0.9043054553016268,0.9936204226668791,-0.08931496736525235
26,1,250,0.886832470085757,0.9944400979444632,-0.10760762785870615
26,1,500,0.0025564850493609696,0.9921543339292528,-0.9895978488798918
26,1,1000,0.7807620863684912,0.9950411369217269,-0.2142790505532357
26,2,1,0.07245616008414715,0.20647841173590328,-0.13402225165175613
26,2,2,0.8881872733558538,0.26646448390631816,0.6217227894495356
26,2,5,0.8629423880990615,0.7200944907172317,0.1428478973818298
26,2,10,0.7666843562854355,0.9174884481298886,-0.1508040918444531
26,2,25,0.7946747510224704,0.9392652150097178,-0.1445904639872474
26,2,50,0.7741646188904766,0.9757912405160927,-0.20162662162561606
26,2,100,0.8959715455982898,0.9711295115602736,-0.07515796596198376
26,2,250,0.004308701603991056,0.9977566045477859,-0.9934479029437948
26,2,500,0.9230250807797619,0.99258729371984,-0.06956221294007814
26,2,1000,0.7760595172626531,0.9982029930410606,-0.22214347577840754
26,3,1,0.37632395961099785,0.20647841173590328,0.16984554787509457
26,3,2,0.7911612516311214,0.26646448390631816,0.5246967677248032
26,3,5,0.3695507339565818,0.847096809844492,-0.4775460758879102
26,3,10,0.8013963956522867,0.8836311539030541,-0.08223475825076743
26,3,25,0.7144304122052788,0.79813557544249,-0.08370516323721122
26,3,50,0.7834001927880071,0.9904926180972352,-0.2070924253092281
26,3,100,0.8934529378544214,0.9463950044292284,-0.052942066574807045
26,3,250,0.6893314276279091,0.9972302317861634,-0.3078988041582543
26,3,500,0.4064780033261222,0.9971342508425796,-0.5906562475164574
26,3,1000,0.7771262595571553,0.9982220004739678,-0.2210957409168125
26,4,1,0.37632395961099785,0.20647841173590328,0.16984554787509457
26,4,2,0.37350850353276627,0.30226844675510806,0.07124005677765821
26,4,5,0.4948650363535299,0.8370574683219715,-0.34219243196844157
26,4,10,0.24108573786023227,0.6144657307397807,-0.3733799928795485
26,4,25,0.777249102502933,0.9585346809292012,-0.18128557842626825
26,4,50,0.8085378994993306,0.9101465777187988,-0.10160867821946817
26,4,100,0.8079841188418099,0.9994043135381111,-0.19142019469630123
26,4,250,0.4802413370753532,0.9917318498996552,-0.511490512824302
26,4,500,0.9233932031968058,0.9959553816003638,-0.07256217840355794
26,4,1000,0.6930461747037838,0.9916913540068677,-0.2986451793030839
27,0,1,0.6768739727041699,0.3930715630934916,0.2838024096106783
27,0,2,0.7961624176494778,0.49981670165093445,0.29634571599854337
27,0,5,0.39120312370784566,0.9647965427769783,-0.5735934190691327
27,0,10,0.8557380581348294,0.7655901581118822,0.09014790002294715
27,0,25,0.3174994396457908,0.9244415637194144,-0.6069421240736237
27,0,50,0.5936606240358254,0.9737082135288422,-0.38004758949301676
27,0,100,0.7072534458270581,0.9743153785836194,-0.2670619327565613
27,0,250,0.9617562470729087,0.9930249554002362,-0.03126870832732742
27,0,500,0.8812712147802793,0.9918245968131554,-0.11055338203287612
27,0,1000,0.6986790463878342,0.9979487821364801,-0.2992697357486459
27,1,1,0.6768739727041699,0.49981670165093445,0.1770572710532355
27,1,2,0.28368739761906064,0.49981670165093445,-0.2161293040318738
27,1,5,0.6474063464005251,0.7202248294123281,-0.07281848301180305
27,1,10,0.7847383288609677,0.6367414188810119,0.14799690997995585
27,1,25,0.805370513178097,0.9450191951154405,-0.13964868193734348
27,1,50,0.9614460775098407,0.9003728826831967,0.06107319482664397
27,1,100,0.7107665206085725,0.9811331176521625,-0.27036659704359
27,1,250,0.37862955200166565,0.9966614885813355,-0.6180319365796698
27,1,500,0.8081352251635611,0.9971214280548172,-0.18898620289125612
27,1,1000,0.957197944595261,0.9977899237531926,-0.04059197915793167
27,2,1,0.021863789551593956,0.49981670165093445,-0.4779529120993405
27,2,2,0.5220664311864597,0.8181845230646577,-0.29611809187819804
27,2,5,0.48915707939360903,0.7408249217521028,-0.25166784235849377
27,2,10,0.5311433619550519,0.6387230150692451,-0.10757965311419326
27,2,25,0.8180520278166029,0.9095520446936899,-0.09150001687708698
27,2,50,0.5971810392293418,0.9638174200618399,-0.36663638083249805
27,2,100,0.42505791574677876,0.9706915035784467,-0.5456335878316679
27,2,250,0.4388332634761298,0.9932055761255768,-0.5543723126494471
27,2,500,0.8017592722342468,0.9940193614037846,-0.19226008916953774
27,2,1000,0.17923664960354294,0.997714853085412,-0.8184782034818691
27,3,1,0.6768739727041699,0.3930715630934916,0.2838024096106783
27,3,2,0.48729799083703396,0.146282996454345,0.34101499438268895
27,3,5,0.828331726856648,0.9647965427769783,-0.13646481592033033
27,3,10,0.7081969251599481,0.695294197425271,0.012902727734677155
27,3,25,0.7969059290423305,0.90860681090411,-0.11170088186177951
27,3,50,0.040440992844808364,0.9913842444204003,-0.9509432515755919
27,3,100,0.3899170940031452,0.9823447187803052,-0.5924276247771599
27,3,250,0.9555602971142806,0.9944361522031142,-0.03887585508883362
27,3,500,0.8047069796407771,0.9921313735441663,-0.18742439390338916
27,3,1000,0.7003781306614246,0.994346949096883,-0.2939688184354584
27,4,1,0.6768739727041699,0.49981670165093445,0.1770572710532355
27,4,2,0.7961624176494778,0.49981670165093445,0.29634571599854337
27,4,5,0.29423349411106187,0.4647717874228186,-0.17053829331175674
27,4,10,0.563710568882678,0.9218183705145218,-0.35810780163184375
27,4,25,0.7755837016459809,0.9276075192706605,-0.15202381762467965
27,4,50,0.4016320733011739,0.9826176905645629,-0.580985617263389
27,4,100,0.5807651756224347,0.9702393557681741,-0.3894741801457394
27,4,250,0.9591042626493979,0.9899458687150396,-0.03084160606564179
27,4,500,0.3436190792975859,0.9983272394618892,-0.6547081601643032
27,4,1000,0.692945590595709,0.9956797857469482,-0.3027341951512391
28,0,1,0.15749566767936557,0.8172985137479124,-0.6598028460685468
28,0,2,0.1454874058741883,0.8172985137479124,-0.6718111078737241
28,0,5,0.9389680481560501,0.6616468365822554,0.27732121157379463
28,0,10,0.18577210264280958,0.9444660900782385,-0.7586939874354288
28,0,25,0.8839497547775105,0.9403011252370288,-0.056351370459518324
28,0,50,0.4824543701322039,0.9757107060564778,-0.4932563359242739
28,0,100,0.9098220617655843,0.9291824918810505,-0.019360430115466176
28,0,250,0.5816119854042191,0.9867835200448942,-0.4051715346406751
28,0,500,0.6373978269310159,0.9925586390925872,-0.35516081216157136
28,0,1000,0.3039205769023814,0.9974047774817522,-0.6934842005793708
28,1,1,0.08075627571579758,0.8172985137479124,-0.7365422380321148
28,1,2,0.3018832595652248,0.8172985137479124,-0.5154152541826875
28,1,5,0.6621099980983072,0.648512451014833,0.01359754708347416
28,1,10,0.11902210640240186,0.8513471045300145,-0.7323249981276126
28,1,25,0.7014506126376023,0.8780990707387499,-0.1766484581011476
28,1,50,0.42043537371729567,0.9622476995538553,-0.5418123258365596
28,1,100,0.9062895219120622,0.9958356203327264,-0.08954609842066419
28,1,250,0.8694599272513766,0.9772964599582759,-0.1078365327068993
28,1,500,0.2478899348795183,0.9966186911582733,-0.748728756278755
28,1,1000,0.6924643885977007,0.998413563566259,-0.30594917496855834
28,2,1,0.5035510605655507,0.10364211801683496,0.3999089425487157
28,2,2,0.3018832595652248,0.5866529175471344,-0.2847696579819096
28,2,5,0.9532885798151587,0.7572721291183336,0.19601645069682505
28,2,10,0.6892331206494259,0.963414186103598,-0.2741810654541721
28,2,25,0.6587696113174291,0.9818320365163111,-0.32306242519888206
28,2,50,0.6895801463094445,0.9343485529735076,-0.24476840666406308
28,2,100,0.8913913638850542,0.975135954765987,-0.08374459088093278
28,2,250,0.35580918723777283,0.9935880092741718,-0.6377788220363989
28,2,500,0.9291958272343275,0.9933241996889746,-0.06412837245464709
28,2,1000,0.501749479313528,0.9963281929342114,-0.4945787136206834
28,3,1,0.2581969960392862,0.8172985137479124,-0.5591015177086263
28,3,2,0.6214795659015065,0.8172985137479124,-0.19581894784640586
28,3,5,0.6314037462509323,0.9389680481560501,-0.30756430190511774
28,3,10,0.7036207832652063,0.901285634985391,-0.19766485172018478
28,3,25,0.4112421590061919,0.9129573553096317,-0.5017151963034399
28,3,50,0.6884750001831178,0.9137407862235952,-0.22526578604047742
28,3,100,0.7056477528597979,0.9885590810997664,-0.28291132823996856
28,3,250,0.9144729876637061,0.9989513481851447,-0.08447836052143864
28,3,500,0.42847912636261837,0.9979606773489277,-0.5694815509863094
28,3,1000,0.6593310106717419,0.9985879164156028,-0.3392569057438609
28,4,1,0.2581969960392862,0.8172985137479124,-0.5591015177086263
28,4,2,0.4293937686522633,0.7015247364952268,-0.27213096784296353
28,4,5,0.19438955420012669,0.620179989965674,-0.4257904357655473
28,4,10,0.5636547550185244,0.5903419771156593,-0.02668722209713492
28,4,25,0.7195301027385104,0.8865125390873858,-0.16698243634887544
28,4,50,0.9446847105963628,0.93654775324528,0.008136957351082885
28,4,100,0.6575746979995015,0.9796906818266661,-0.32211598382716455
28,4,250,0.35042821489019615,0.9831309422725244,-0.6327027273823282
28,4,500,0.41035818046968525,0.9984660148034703,-0.5881078343337851
28,4,1000,0.9134014574832945,0.9986661446162362,-0.08526468713294166
29,0,1,0.5884298890046258,0.15902657452421004,0.42940331448041574
29,0,2,0.9020738638931292,0.6315690540231492,0.27050480986997993
29,0,5,0.6505686300741925,0.847492304100974,-0.19692367402678146
29,0,10,0.5796599532779022,0.670935435184914,-0.09127548190701185
29,0,25,0.5897492258961418,0.9305453153611077,-0.340796089464966
29,0,50,0.794208011200138,0.9871502677996811,-0.19294225659954312
29,0,100,0.965192293091217,0.9754827502922625,-0.010290457201045489
29,0,250,0.9686229489922289,0.9959342265312744,-0.027311277539045498
29,0,500,0.6580600270730725,0.9956546706964282,-0.3375946436233557
29,0,1000,0.9111933971547184,0.9960981753055668,-0.0849047781508484
29,1,1,0.5884298890046258,0.15902657452421004,0.42940331448041574
29,1,2,0.9020738638931292,0.120713108888378,0.7813607550047512
29,1,5,0.4355467071096441,0.49141614278341167,-0.055869435673767565
29,1,10,0.7893218754351135,0.8183109836584411,-0.028989108223327675
29,1,25,0.8884929549919478,0.9237174815438165,-0.035224526551868696
29,1,50,0.9267193559369611,0.9684295070405792,-0.04171015110361809
29,1,100,0.706599661715003,0.9923815858081576,-0.2857819240931546
29,1,250,0.9616131674124991,0.9703349914788999,-0.008721824066400763
29,1,500,0.982694969744065,0.9978701968417981,-0.015175227097733113
29,1,1000,0.7796922571245805,0.9911733064507228,-0.2114810493261423
29,2,1,0.5884298890046258,0.4523775850490213,0.13605230395560447
29,2,2,0.01163754535625565,0.1899261114280489,-0.17828856607179325
29,2,5,0.5423630476974362,0.5009529414116313,0.04141010628580488
29,2,10,0.6135679635812955,0.9320453928895975,-0.31847742930830203
29,2,25,0.732082694915471,0.9544491549177674,-0.22236646000229643
29,2,50,0.9052737007014314,0.9182602983209741,-0.012986597619542684
29,2,100,0.6873858355377293,0.9922033238328037,-0.3048174882950745
29,2,250,0.44425960093902966,0.9988143238183368,-0.5545547228793071
29,2,500,0.4461752595839505,0.9991618271231664,-0.5529865675392158
29,2,1000,0.5631869816015023,0.9968662937084881,-0.43367931210698585
29,3,1,0.2651578205757248,0.4523775850490213,-0.18721976447329652
29,3,2,0.9020738638931292,0.1899261114280489,0.7121477524650802
29,3,5,0.9807311434048019,0.813775009027549,0.16695613437725298
29,3,10,0.42400623839031987,0.8669997924455713,-0.4429935540552515
29,3,25,0.36537873085623507,0.983991435274103,-0.618612704417868
29,3,50,0.43591862677941956,0.9726781810008273,-0.5367595542214076
29,3,100,0.48479334201625623,0.9918868059711413,-0.5070934639548851
29,3,250,0.9647743972155065,0.9847472104792733,-0.019972813263766764
29,3,500,0.6500093480100871,0.9983888934295821,-0.348379545419495
29,3,1000,0.3572746022673724,0.9971739188152637,-0.6398993165478913
29,4,1,0.5884298890046258,0.2875218382142863,0.3009080507903395
29,4,2,0.31469932754964774,0.4523775850490213,-0.13767825749937357
29,4,5,0.47534700633078897,0.6969379664614418,-0.22159096013065283
29,4,10,0.6196151210107159,0.7647828442570276,-0.14516772324631166
29,4,25,0.6070269308446765,0.7746158408471481,-0.16758891000247156
29,4,50,0.9075968628470569,0.9887699945244325,-0.08117313167737561
29,4,100,0.7289382879466471,0.9786593310726566,-0.2497210431260095
29,4,250,0.3381948602876486,0.9927377171234686,-0.65454285683582
29,4,500,0.979042472987292,0.9981134155815213,-0.019070942594229368
29,4,1000,0.6760674795882267,0.998461508714169,-0.3223940291259424
30,0,1,0.05358448848321228,0.08881868461830496,-0.035234196135092676
30,0,2,0.456825914833924,0.7383174400259731,-0.2814915251920491
30,0,5,0.4641933810170974,0.45865594223941175,0.005537438777685644
30,0,10,0.5182413563761606,0.6471918901135189,-0.1289505337373582
30,0,25,0.5434661899696503,0.8777064307601427,-0.3342402407904923
30,0,50,0.5374299302396606,0.9829608260753093,-0.44553089583564875
30,0,100,0.25869680344375623,0.9896555554282874,-0.7309587519845312
30,0,250,0.46906643299458367,0.9946237679983271,-0.5255573350037435
30,0,500,0.6377004850960528,0.9940545427745995,-0.35635405767854667
30,0,1000,0.9265868922147833,0.9939601209268737,-0.0673732287120904
30,1,1,0.5715832359911491,0.14639184942532996,0.4251913865658192
30,1,2,0.489146352893409,0.7383174400259731,-0.24917108713256408
30,1,5,0.7635696934370736,0.5366784785360214,0.22689121490105224
30,1,10,0.6824125511909152,0.9606731923335555,-0.2782606411426404
30,1,25,0.3842530811353693,0.9503187203401516,-0.5660656392047823
30,1,50,0.9631560003989998,0.9884958528125912,-0.02533985241359138
30,1,100,0.3203750967016156,0.9770891759025819,-0.6567140792009662
30,1,250,0.3057673806549791,0.9946760042906786,-0.6889086236356995
30,1,500,0.9465408429248211,0.9902335325329439,-0.04369268960812278
30,1,1000,0.9228293454878771,0.9982263262248693,-0.07539698073699219
30,2,1,0.2544744211271225,0.08881868461830496,0.16565573650881754
30,2,2,0.489146352893409,0.7473925416081206,-0.2582461887147116
30,2,5,0.4083164754796691,0.5461296887273261,-0.13781321324765705
30,2,10,0.7155846760172436,0.6710763512853966,0.04450832473184707
30,2,25,0.5044817777500832,0.9528558702126836,-0.4483740924626004
30,2,50,0.9230100142090786,0.9427165930593953,-0.01970657885031668
30,2,100,0.911591161627882,0.919680360938551,-0.008089199310668982
30,2,250,0.31138450500715603,0.9905439021197882,-0.6791593971126322
30,2,500,0.9486437056937852,0.9984088366034234,-0.04976513090963819
30,2,1000,0.9204327115445693,0.9982474894099129,-0.07781477786534363
30,3,1,0.5715832359911491,0.14639184942532996,0.4251913865658192
30,3,2,0.489146352893409,0.7473925416081206,-0.2582461887147116
30,3,5,0.5071886242048333,0.5904097318646265,-0.08322110765979318
30,3,10,0.8851865193692696,0.7188423811696564,0.16634413819961325
30,3,25,0.921746133754111,0.9609712627192595,-0.039225128965148515
30,3,50,0.9477321695701291,0.9255832559021016,0.022148913668027514
30,3,100,0.7122141656949991,0.9851153142989028,-0.2729011486039037
30,3,250,0.6558256054255303,0.9883789377615021,-0.33255333233597184
30,3,500,0.4834252665206546,0.9954652907813626,-0.5120400242607079
30,3,1000,0.9255574504063558,0.9965270674961971,-0.07096961708984129
30,4,1,0.5715832359911491,0.7473925416081206,-0.1758093056169715
30,4,2,0.3170060556968734,0.7473925416081206,-0.43038648591124723
30,4,5,0.3956082619483148,0.5931741268945407,-0.19756586494622597
30,4,10,0.30094672585320803,0.9545540439076148,-0.6536073180544067
30,4,25,0.6583295563448355,0.8727323002629337,-0.21440274391809822
30,4,50,0.3672877554153598,0.9725757655576377,-0.605288010142278
30,4,100,0.9140818157575783,0.9916558345199916,-0.07757401876241332
30,4,250,0.9016307043358416,0.997733610235451,-0.09610290589960946
30,4,500,0.9460904746690559,0.9922903078966575,-0.04619983322760157
30,4,1000,0.41144687147351167,0.9949247600650655,-0.5834778885915538
31,0,1,0.12830742804322579,0.5281547456552642,-0.3998473176120384
31,0,2,0.6970295412120834,0.4439243099086566,0.25310523130342677
31,0,5,0.628231113605693,0.8434312341981729,-0.21520012059247995
31,0,10,0.7798333673278568,0.719301033285017,0.06053233404283975
31,0,25,0.5052040311820681,0.864918631053442,-0.3597145998713739
31,0,50,0.8263385791924531,0.9612826513197797,-0.13494407212732662
31,0,100,0.5647374372359906,0.9836500675252392,-0.41891263028924863
31,0,250,0.8301851703322093,0.9894853096346122,-0.15930013930240294
31,0,500,0.8431102106722703,0.9933752996551347,-0.1502650889828644
31,0,1000,0.29867607808626034,0.9986471849167382,-0.6999711068304779
31,1,1,0.12501991786977368,0.5281547456552642,-0.40313482778549053
31,1,2,0.6970295412120834,0.5281547456552642,0.16887479555681917
31,1,5,0.7809258321734155,0.8434312341981729,-0.0625054020247574
31,1,10,0.5523388492957666,0.8029004666058112,-0.25056161731004456
31,1,25,0.880289550404303,0.9109467493421338,-0.03065719893783081
31,1,50,0.708166909846663,0.9242456738604615,-0.21607876401379855
31,1,100,0.8320873476178271,0.9839216303529909,-0.15183428273516375
31,1,250,0.8313573827556481,0.9848307015075618,-0.15347331875191372
31,1,500,0.8421091382069731,0.9920146764088893,-0.1499055382019162
31,1,1000,0.5427828371710229,0.9948852478969317,-0.45210241072590873
31,2,1,0.36849142185234784,0.5281547456552642,-0.15966332380291637
31,2,2,0.4035045714452023,0.15265254799358663,0.25085202345161567
31,2,5,0.6947591844126818,0.3764404730274513,0.3183187113852305
31,2,10,0.8381313876690859,0.7965349080296704,0.041596479639415485
31,2,25,0.3577618148818939,0.804229884905933,-0.44646807002403904
31,2,50,0.5755980721485227,0.9453594203945965,-0.3697613482460739
31,2,100,0.8337844434887425,0.9759360061114425,-0.1421515626227
31,2,250,0.5667073317786852,0.9894328521544308,-0.4227255203757456
31,2,500,0.8356929740666486,0.99510782589079,-0.1594148518241415
31,2,1000,0.36252005719684477,0.9973765806525081,-0.6348565234556633
31,3,1,0.12830742804322579,0.5281547456552642,-0.3998473176120384
31,3,2,0.7046312665113361,0.4439243099086566,0.2607069566026795
31,3,5,0.8522333146053057,0.8434312341981729,0.008802080407132817
31,3,10,0.023833278449004815,0.6739928218335477,-0.6501595433845428
31,3,25,0.5074102819616634,0.9744451490172265,-0.4670348670555631
31,3,50,0.5661439331613997,0.9396604153964104,-0.37351648223501077
31,3,100,0.5952401362705203,0.9654784393496475,-0.3702383030791272
31,3,250,0.6019875482761167,0.9909809247349304,-0.3889933764588137
31,3,500,0.8333003266703396,0.998561195308264,-0.16526086863792444
31,3,1000,0.6134676573987667,0.9977630382361551,-0.38429538083738835
31,4,1,0.37818123223465266,0.5281547456552642,-0.14997351342061155
31,4,2,0.7046312665113361,0.4439243099086566,0.2607069566026795
31,4,5,0.8522333146053057,0.628231113605693,0.22400220099961277
31,4,10,0.821651874735555,0.8236057506083442,-0.001953875872789168
31,4,25,0.47304576602459314,0.7382524761974228,-0.2652067101728297
31,4,50,0.8166021709440414,0.9584205592945103,-0.1418183883504689
31,4,100,0.547492157586165,0.9502051333980714,-0.40271297581190646
31,4,250,0.558828222767847,0.9940331347775692,-0.4352049120097221
31,4,500,0.590458668062541,0.9967730606651043,-0.4063143926025633
31,4,1000,0.7476909483570225,0.9990769027741317,-0.2513859544171092
32,0,1,0.5991906399530555,0.1873794569533478,0.41181118299970776
32,0,2,0.5652200423443984,0.2140577222470461,0.35116232009735227
32,0,5,0.6376924872760673,0.5722055028360424,0.06548698444002488
32,0,10,0.6758199222501438,0.9236158415336883,-0.2477959192835445
32,0,25,0.8053541882409545,0.9175880768161991,-0.11223388857524463
32,0,50,0.5738994496802141,0.9893281206486942,-0.41542867096848013
32,0,100,0.7239191717788569,0.9773767948577416,-0.25345762307888475
32,0,250,0.9905757503244053,0.9958797688292829,-0.005304018504877606
32,0,500,0.6213270727185642,0.9965584265822013,-0.37523135386363704
32,0,1000,0.7334307969102106,0.9945205326956549,-0.26108973578544425
32,1,1,0.3812577687649606,0.2140577222470461,0.16720004651791448
32,1,2,0.5652200423443984,0.011702855628865215,0.5535171867155332
32,1,5,0.7714256108107002,0.7753644924881886,-0.003938881677488459
32,1,10,0.774063957648547,0.8972022882156373,-0.12313833056709034
32,1,25,0.6614166442015826,0.9691083186477525,-0.30769167444616985
32,1,50,0.8140548930119474,0.9357489036969122,-0.12169401068496477
32,1,100,0.6921924149271321,0.9508911387137416,-0.2586987237866095
32,1,250,0.9950989703544921,0.9900495410511574,0.00504942930333474
32,1,500,0.8051192679575429,0.9957006883259024,-0.19058142036835957
32,1,1000,0.732033689155942,0.9966000965166394,-0.26456640736069736
32,2,1,0.5991906399530555,0.3191707213002573,0.28001991865279824
32,2,2,0.5652200423443984,0.20735153917448756,0.3578685031699108
32,2,5,0.610304879518169,0.7210929061499798,-0.11078802663181075
32,2,10,0.5785499513844102,0.7580922881576956,-0.17954233677328535
32,2,25,0.6597555508404354,0.9187321612404127,-0.2589766103999773
32,2,50,0.5692252278943857,0.8517961142589396,-0.28257088636455396
32,2,100,0.24298276798095922,0.9830555638180147,-0.7400727958370555
32,2,250,0.9950733461974401,0.9933275352265877,0.0017458109708524683
32,2,500,0.8039328836016453,0.9992509980977655,-0.19531811449612024
32,2,1000,0.7311564872564051,0.9975282252522056,-0.2663717379958005
32,3,1,0.3812577687649606,0.2793920994993481,0.10186566926561247
32,3,2,0.8564131932947687,0.3191707213002573,0.5372424719945115
32,3,5,0.6313875253522389,0.7034894096901435,-0.07210188433790465
32,3,10,0.7900716094661705,0.924807256563336,-0.13473564709716546
32,3,25,0.8054659773650994,0.903417160208388,-0.09795118284328863
32,3,50,0.73277265707801,0.9112735502101107,-0.1785008931321007
32,3,100,0.6919001822922823,0.9950841177040217,-0.3031839354117394
32,3,250,0.9981144967165436,0.9932283573900822,0.004886139326461425
32,3,500,0.7684491902238471,0.9914894931409048,-0.2230403029170578
32,3,1000,0.24020143816655595,0.9976340929355134,-0.7574326547689575
32,4,1,0.5991906399530555,0.2140577222470461,0.38513291770600944
32,4,2,0.8564131932947687,0.18150907335225772,0.674904119942511
32,4,5,0.6313875253522389,0.7714256108107002,-0.1400380854584613
32,4,10,0.7900716094661705,0.8590169618605934,-0.0689453523944229
32,4,25,0.813959701263683,0.8862499654886493,-0.07229026422496632
32,4,50,0.8335836227673462,0.9552015260765925,-0.12161790330924627
32,4,100,0.6878574157537636,0.9778094215982525,-0.2899520058444889
32,4,250,0.9939603043479581,0.9894168486097092,0.0045434557382488805
32,4,500,0.7642835892173074,0.9955293874418161,-0.23124579822450864
32,4,1000,0.7302208981830709,0.9980475673085946,-0.26782666912552366
33,0,1,0.7418880517440584,0.4522608584258481,0.28962719331821024
33,0,2,0.5067677045217098,0.3119309837666613,0.19483672075504854
33,0,5,0.322054456475535,0.8056869483138437,-0.4836324918383087
33,0,10,0.8247489744414807,0.7571492867228367,0.067599687718644
33,0,25,0.8978741463561976,0.7932409528880997,0.10463319346809785
33,0,50,0.9149490682000931,0.9574282469327777,-0.042479178732684586
33,0,100,0.41617187140505235,0.9835532986744856,-0.5673814272694333
33,0,250,0.9426831572558322,0.9796643618863959,-0.03698120463056376
33,0,500,0.6749702729298319,0.9965200033321052,-0.3215497304022733
33,0,1000,0.546677594933684,0.9971838342628683,-0.4505062393291843
33,1,1,0.7418880517440584,0.15042087260927045,0.5914671791347879
33,1,2,0.5067677045217098,0.7418880517440584,-0.23512034722234854
33,1,5,0.4740171991883807,0.4392621181725095,0.034755081015871214
33,1,10,0.29155779472944066,0.9638696708794324,-0.6723118761499918
33,1,25,0.4381741538029076,0.9389673561424698,-0.5007932023395623
33,1,50,0.5699634887026641,0.8899244276620244,-0.3199609389593603
33,1,100,0.590566961583853,0.9742450933565827,-0.3836781317727297
33,1,250,0.9375901003926359,0.9967054906765349,-0.059115390283899005
33,1,500,0.9538195124268498,0.9922078841123542,-0.03838837168550435
33,1,1000,0.17073881783438521,0.9978572194966796,-0.8271184016622943
33,2,1,0.7418880517440584,0.15042087260927045,0.5914671791347879
33,2,2,0.3068803455239362,0.7418880517440584,-0.43500770622012214
33,2,5,0.4740171991883807,0.9202067323479638,-0.4461895331595831
33,2,10,0.8247489744414807,0.9496048804920019,-0.12485590605052121
33,2,25,0.5636430728519549,0.9880327299682957,-0.4243896571163408
33,2,50,0.7814893787544958,0.9657664211664588,-0.18427704241196308
33,2,100,0.960859472019568,0.9671379080172101,-0.006278435997642107
33,2,250,0.9342775904935985,0.9804487487956598,-0.04617115830206131
33,2,500,0.5432507827147594,0.9991228976267407,-0.4558721149119813
33,2,1000,0.5622641309561949,0.9985549725033763,-0.43629084154718145
33,3,1,0.20308276495806177,0.2981532243920939,-0.09507045943403214
33,3,2,0.3068803455239362,0.473159982675238,-0.16627963715130178
33,3,5,0.5695245200363557,0.9671865265995869,-0.39766200656323125
33,3,10,0.8128602402850998,0.844265877659032,-0.031405637373932205
33,3,25,0.785451004234402,0.9644065362401588,-0.17895553200575687
33,3,50,0.32753822646243874,0.9639488449470379,-0.6364106184845992
33,3,100,0.5270094123313919,0.979618572901617,-0.45260916057022516
33,3,250,0.9383126836629401,0.9969869663585684,-0.058674282695628355
33,3,500,0.3762835528871263,0.9958812155077104,-0.6195976626205841
33,3,1000,0.37909848380795613,0.9966444447198824,-0.6175459609119263
33,4,1,0.20308276495806177,0.4522608584258481,-0.24917809346778635
33,4,2,0.8932622736394793,0.4522608584258481,0.4410014152136312
33,4,5,0.9671865265995869,0.5677355765242273,0.3994509500753596
33,4,10,0.900819003694052,0.5725514915090542,0.32826751218499783
33,4,25,0.9107549954771926,0.9251221859787097,-0.014367190501517024
33,4,50,0.44128708206139067,0.8238604058605729,-0.3825733237991822
33,4,100,0.5756763728052843,0.98886783916356,-0.41319146635827575
33,4,250,0.6810372242976516,0.9927389803988216,-0.31170175610117
33,4,500,0.63434968346057,0.9949103965527156,-0.36056071309214566
33,4,1000,0.9106462634178146,0.9976462657127868,-0.08700000229497218
34,0,1,0.44923115492281146,0.524505138183051,-0.07527398326023954
34,0,2,0.468893647224128,0.3751356789633272,0.0937579682608008
34,0,5,0.8773924496909258,0.6302328451660718,0.24715960452485397
34,0,10,0.6336877053225703,0.5098083433378735,0.12387936198469685
34,0,25,0.6362415402426996,0.8523109183125855,-0.2160693780698859
34,0,50,0.7580352249272462,0.9883402910525942,-0.23030506612534807
34,0,100,0.7192248780871014,0.9951098395156817,-0.2758849614285802
34,0,250,0.9030005365730804,0.981477253416247,-0.0784767168431666
34,0,500,0.7340283177716617,0.9886639208132623,-0.2546356030416006
34,0,1000,0.7649585951777498,0.9934956068040048,-0.22853701162625506
34,1,1,0.2602107942921522,0.3751356789633272,-0.11492488467117501
34,1,2,0.4609848910508626,0.524505138183051,-0.0635202471321884
34,1,5,0.5418798384399433,0.17884432449838272,0.36303551394156053
34,1,10,0.47667409924019793,0.9055018692682302,-0.42882777002803224
34,1,25,0.8991657620100497,0.9617076383799822,-0.06254187636993247
34,1,50,0.8548261050512074,0.9389472134947318,-0.08412110844352438
34,1,100,0.8912625435763636,0.9832890086534427,-0.09202646507707912
34,1,250,0.8960714869795506,0.9925184235746122,-0.09644693659506154
34,1,500,0.915941526355359,0.9975355356311534,-0.08159400927579441
34,1,1000,0.6298248643552847,0.9968322476207929,-0.3670073832655082
34,2,1,0.44923115492281146,0.3751356789633272,0.07409547595948424
34,2,2,0.5935166253165653,0.524505138183051,0.06901148713351435
34,2,5,0.7360228411156154,0.5536528827404112,0.1823699583752042
34,2,10,0.6348733225202442,0.9062713649159763,-0.27139804239573206
34,2,25,0.7838923760779606,0.9374891150538861,-0.15359673897592552
34,2,50,0.7020443586002922,0.9537870690708055,-0.2517427104705132
34,2,100,0.4121402580780725,0.9991328122303642,-0.5869925541522918
34,2,250,0.7232375917288096,0.975769574327141,-0.2525319825983313
34,2,500,0.91395349351031,0.9948508873291437,-0.08089739381883376
34,2,1000,0.5623127372694933,0.9924126425190215,-0.43009990524952824
34,3,1,0.18398648243273294,0.524505138183051,-0.34051865575031803
34,3,2,0.4609848910508626,0.5696684327020409,-0.10868354165117833
34,3,5,0.6540747163196905,0.5358640780366397,0.11821063828305078
34,3,10,0.38625236577053534,0.7959783261154707,-0.40972596034493536
34,3,25,0.5529641653390562,0.9637126150104623,-0.4107484496714061
34,3,50,0.8445564986177134,0.8966786140563848,-0.0521221154386714
34,3,100,0.5208191606497835,0.9974633131558036,-0.4766441525060201
34,3,250,0.6576625435629891,0.996340804821992,-0.3386782612590029
34,3,500,0.6417046281705127,0.9949611617155458,-0.35325653354503317
34,3,1000,0.5638092266987753,0.9984059070832375,-0.4345966803844622
34,4,1,0.10657156835230329,0.524505138183051,-0.4179335698307477
34,4,2,0.14796372346291353,0.06354920465350346,0.08441451880941007
34,4,5,0.7325090034518552,0.6817763810837628,0.050732622368092395
34,4,10,0.32529638200356914,0.9570591297903374,-0.6317627477867682
34,4,25,0.5373894229393271,0.7554009139573634,-0.2180114910180363
34,4,50,0.6152543888279111,0.9929217119001449,-0.37766732307223383
34,4,100,0.905138872392173,0.9816434465312392,-0.0765045741390662
34,4,250,0.6573655405128735,0.9864354027620279,-0.32906986224915435
34,4,500,0.9178302483036427,0.9927468371734051,-0.07491658886976238
34,4,1000,0.6354431877439011,0.9995074057455038,-0.3640642180016027
35,0,1,0.23975094500927255,0.11034756925015074,0.1294033757591218
35,0,2,0.4078092350172298,0.34339971826619015,0.06440951675103967
35,0,5,0.364064598228075,0.9597429776417503,-0.5956783794136753
35,0,10,0.36493078379973776,0.9591312890629567,-0.594200505263219
35,0,25,0.5868198937818165,0.9092064445740426,-0.3223865507922261
35,0,50,0.8085731415472233,0.9699703566128988,-0.1613972150656755
35,0,100,0.4302604761620707,0.9726381714927834,-0.5423776953307127
35,0,250,0.8790905102409626,0.988745716591637,-0.10965520635067438
35,0,500,0.9833802071808475,0.9960392837993461,-0.012659076618498633
35,0,1000,0.827688329110987,0.9973618172109008,-0.16967348809991378
35,1,1,0.23975094500927255,0.34339971826619015,-0.1036487732569176
35,1,2,0.5844582169282362,0.34339971826619015,0.24105849866204604
35,1,5,0.5798906430517432,0.62523691879719,-0.04534627574544681
35,1,10,0.5970772847914708,0.9267927974650206,-0.3297155126735498
35,1,25,0.8321240050357823,0.9589186130786844,-0.1267946080429021
35,1,50,0.8273391446302153,0.9815948626165389,-0.15425571798632365
35,1,100,0.9652484340753259,0.9929970715885468,-0.027748637513220875
35,1,250,0.8249407350606864,0.9971360938474562,-0.17219535878676973
35,1,500,0.9805535659887199,0.9959611614748604,-0.015407595486140457
35,1,1000,0.5700309919725438,0.998436675233895,-0.4284056832613512
35,2,1,0.6609343393253936,0.13284411979366897,0.5280902195317246
35,2,2,0.9125625162717339,0.23975094500927255,0.6728115712624614
35,2,5,0.9202165894596205,0.9574797547472369,-0.03726316528761642
35,2,10,0.852055477934076,0.8300920707943106,0.021963407139765412
35,2,25,0.9045599652375218,0.8764013612742821,0.02815860396323966
35,2,50,0.3775893447151528,0.9751829930510808,-0.597593648335928
35,2,100,0.5604155216625437,0.974996221004008,-0.41458069934146424
35,2,250,0.880128664136341,0.9917389908540063,-0.11161032671766524
35,2,500,0.4234079643390982,0.9986179912996574,-0.5752100269605592
35,2,1000,0.5324171416330522,0.9980873035204401,-0.46567016188738786
35,3,1,0.23975094500927255,0.34339971826619015,-0.1036487732569176
35,3,2,0.9125625162717339,0.14540551101440366,0.7671570052573302
35,3,5,0.577726657497615,0.9369494731251619,-0.3592228156275469
35,3,10,0.7905229164073887,0.7992972948383115,-0.008774378430922769
35,3,25,0.3747396781463858,0.9248787665798931,-0.5501390884335073
35,3,50,0.7877541580056145,0.9553619291907104,-0.16760777118509584
35,3,100,0.6678609499810445,0.9886975985155684,-0.32083664853452387
35,3,250,0.8886168857557772,0.9863763733831538,-0.09775948762737652
35,3,500,0.5730585400924672,0.9995390735698442,-0.426480533477377
35,3,1000,0.5386901325322738,0.9988100458884221,-0.4601199133561483
35,4,1,0.6609343393253936,0.13284411979366897,0.5280902195317246
35,4,2,0.9125625162717339,0.23975094500927255,0.6728115712624614
35,4,5,0.9202165894596205,0.6389370065731187,0.2812795828865018
35,4,10,0.4628036333392272,0.9736873974253475,-0.5108837640861204
35,4,25,0.45525020742126093,0.9396599128346048,-0.4844097054133439
35,4,50,0.870343345985544,0.9675231243300718,-0.09717977834452785
35,4,100,0.6612575596524768,0.9977226642442957,-0.3364651045918189
35,4,250,0.9279985606041871,0.990660943444562,-0.06266238284037495
35,4,500,0.6418737572057847,0.9944275025574953,-0.3525537453517107
35,4,1000,0.8907440874712796,0.9958085877254922,-0.10506450025421255
36,0,1,0.4378675536348539,0.47059264987311733,-0.03272509623826342
36,0,2,0.8483783413097041,0.23341736969616553,0.6149609716135386
36,0,5,0.9171211024950822,0.11287135387347891,0.8042497486216033
36,0,10,0.7390153141965302,0.8100851077057947,-0.07106979350926446
36,0,25,0.5475756959678356,0.9183490032628253,-0.3707733072949897
36,0,50,0.8873320691762966,0.913985262454205,-0.026653193277908382
36,0,100,0.6804842134592495,0.9948534673007883,-0.3143692538415388
36,0,250,0.7162878917545161,0.9918677773531173,-0.27557988559860114
36,0,500,0.6494587310906473,0.9956126853198166,-0.3461539542291693
36,0,1000,0.546715583279904,0.9997480305943677,-0.4530324473144637
36,1,1,0.23341736969616553,0.24222488865600844,-0.008807518959842914
36,1,2,0.6282019219747613,0.4785036667005301,0.14969825527423125
36,1,5,0.6451044672567264,0.7485672309034138,-0.10346276364668738
36,1,10,0.40747161511800495,0.8271418827071897,-0.41967026758918474
36,1,25,0.5603798876968425,0.836193824625573,-0.27581393692873046
36,1,50,0.5378983208078058,0.9640548344251102,-0.42615651361730444
36,1,100,0.9103869604237411,0.970771906206392,-0.060384945782650856
36,1,250,0.7146182032514526,0.9687642045501423,-0.2541460012986897
36,1,500,0.7003807860364748,0.9960862842985582,-0.29570549826208337
36,1,1000,0.7090078034178038,0.9964889466602668,-0.287481143242463
36,2,1,0.23341736969616553,0.47059264987311733,-0.2371752801769518
36,2,2,0.47935899352349276,0.22955832144224178,0.24980067208125098
36,2,5,0.578982588355604,0.4152815418960466,0.1637010464595574
36,2,10,0.9054183936140296,0.5636607241946517,0.3417576694193779
36,2,25,0.6694788713877572,0.9589993453719918,-0.28952047398423464
36,2,50,0.6805391335985926,0.9688491422000655,-0.2883100086014728
36,2,100,0.9118099095196508,0.9716535213766982,-0.05984361185704745
36,2,250,0.5369785829256307,0.9923399486069544,-0.4553613656813237
36,2,500,0.7041882533419532,0.9948799809974107,-0.2906917276554575
36,2,1000,0.9103223792076143,0.9981690046082544,-0.08784662540064014
36,3,1,0.4378675536348539,0.24222488865600844,0.19564266497884547
36,3,2,0.08498965053383745,0.4785036667005301,-0.3935140161666926
36,3,5,0.6534425679971342,0.4787660260792069,0.1746765419179273
36,3,10,0.3820328086694789,0.8526883480708879,-0.470655539401409
36,3,25,0.9081318373812753,0.72006454347019,0.18806729391108534
36,3,50,0.7003222908567182,0.9531832234788146,-0.2528609326220964
36,3,100,0.3341584613102733,0.9816486192896337,-0.6474901579793604
36,3,250,0.6955547054899789,0.9795350179112154,-0.28398031242123656
36,3,500,0.9339417216475017,0.9980877628049187,-0.06414604115741707
36,3,1000,0.9104387387138175,0.9991147506103646,-0.08867601189654706
36,4,1,0.4378675536348539,0.47059264987311733,-0.03272509623826342
36,4,2,0.8483783413097041,0.47059264987311733,0.3777856914365868
36,4,5,0.39724740343834747,0.7485672309034138,-0.35131982746506635
36,4,10,0.7284467317575501,0.5680055404259048,0.16044119133164536
36,4,25,0.676609099042779,0.9667696759046275,-0.2901605768618485
36,4,50,0.7059552916154356,0.9141923985579468,-0.20823710694251119
36,4,100,0.7187396059991139,0.9470560975820197,-0.2283164915829058
36,4,250,0.9117084261670856,0.9926440682321258,-0.08093564206504023
36,4,500,0.9330644931620043,0.9991572157361677,-0.06609272257416332
36,4,1000,0.6998396784737513,0.9965143613282759,-0.2966746828545246
37,0,1,0.20915359451270515,0.022984408491011098,0.18616918602169405
37,0,2,0.30314020783237033,0.6715236653153002,-0.36838345748292983
37,0,5,0.14488097095398378,0.5829649611894673,-0.4380839902354835
37,0,10,0.39818024048823975,0.9049851032943941,-0.5068048628061543
37,0,25,0.8543046053820285,0.9527777419736558,-0.09847313659162737
37,0,50,0.4851426213718922,0.9701309559345271,-0.48498833456263496
37,0,100,0.4733172179409531,0.9802792954913813,-0.5069620775504282
37,0,250,0.8797188924088741,0.9925042166754952,-0.11278532426662102
37,0,500,0.7362580252637713,0.9899844762169236,-0.2537264509531524
37,0,1000,0.769308046567137,0.9967954498526843,-0.22748740328554728
37,1,1,0.7214411220458394,0.6715236653153002,0.04991745673053927
37,1,2,0.6426505031001419,0.6715236653153002,-0.028873162215158232
37,1,5,0.6843408267560884,0.4406348254423581,0.24370600131373032
37,1,10,0.9510333521753872,0.9117501180869303,0.03928323408845691
37,1,25,0.37177314871359735,0.942914097083704,-0.5711409483701066
37,1,50,0.9104306722894194,0.9965355797756947,-0.0861049074862753
37,1,100,0.3824742413050622,0.9678147275495974,-0.5853404862445353
37,1,250,0.589655719498509,0.9898420278156758,-0.40018630831716673
37,1,500,0.5396463240882392,0.9909423923906461,-0.45129606830240687
37,1,1000,0.7202579585198517,0.9984884007854424,-0.2782304422655907
37,2,1,0.7214411220458394,0.6715236653153002,0.04991745673053927
37,2,2,0.6426505031001419,0.0155990188335013,0.6270514842666406
37,2,5,0.22439958138574212,0.5194304293390284,-0.29503084795328627
37,2,10,0.9674330532680984,0.9023001572671921,0.06513289600090622
37,2,25,0.8180097479380691,0.8426917256320604,-0.024681977693991275
37,2,50,0.9250906469292187,0.9279143658090034,-0.00282371887978472
37,2,100,0.7831929589045123,0.9926273218116982,-0.20943436290718587
37,2,250,0.7839884335791298,0.9889326308363086,-0.20494419725717872
37,2,500,0.469699281217419,0.9935142600938217,-0.5238149788764027
37,2,1000,0.846523001113342,0.9989943054170873,-0.15247130430374534
37,3,1,0.20915359451270515,0.24160965088547146,-0.0324560563727663
37,3,2,0.5690571088616787,0.06337627663075071,0.505680832230928
37,3,5,0.6984234437258926,0.4153685364004267,0.2830549073254659
37,3,10,0.9580771222435746,0.8672029190143992,0.09087420322917539
37,3,25,0.8180097479380691,0.6094613451936858,0.20854840274438335
37,3,50,0.9137873717845776,0.9626406388717786,-0.04885326708720106
37,3,100,0.8378676713648167,0.9726143984792726,-0.1347467271144559
37,3,250,0.8887575709698291,0.9972441018210929,-0.10848653085126381
37,3,500,0.7649751266850936,0.9993023386458115,-0.23432721196071793
37,3,1000,0.8459121157555292,0.9969962642797632,-0.15108414852423402
37,4,1,0.7214411220458394,0.6715236653153002,0.04991745673053927
37,4,2,0.6426505031001419,0.6715236653153002,-0.028873162215158232
37,4,5,0.8757930321861056,0.3423517142362681,0.5334413179498375
37,4,10,0.5945596972837643,0.8990281920310712,-0.30446849474730686
37,4,25,0.8712913129598319,0.9575432967171132,-0.08625198375728138
37,4,50,0.2874275358621092,0.9094194064855958,-0.6219918706234866
37,4,100,0.8490432086104591,0.98540954865009,-0.13636634003963088
37,4,250,0.8725704056112277,0.9909734506763219,-0.11840304506509425
37,4,500,0.7424295531651842,0.9918523379499293,-0.2494227847847451
37,4,1000,0.3352263603908429,0.9992124601856328,-0.66398609979479
38,0,1,0.2711336317570802,0.4836933809378254,-0.21255974918074516
38,0,2,0.6503852956149259,0.4836933809378254,0.16669191467710048
38,0,5,0.9855492997995668,0.6563176579050067,0.3292316418945601
38,0,10,0.3531758753122964,0.9331486717870109,-0.5799727964747146
38,0,25,0.9039625368809394,0.8754603705500659,0.028502166330873546
38,0,50,0.9101143673027499,0.9875808623480968,-0.07746649504534697
38,0,100,0.7623719029652303,0.9770169955051666,-0.21464509253993636
38,0,250,0.7296121783750844,0.9912162209442971,-0.26160404256921266
38,0,500,0.9830904417098341,0.9970297364075129,-0.01393929469767885
38,0,1000,0.5987708931619401,0.997456827750184,-0.39868593458824386
38,1,1,0.2711336317570802,0.4836933809378254,-0.21255974918074516
38,1,2,0.5165709029820226,0.6070380545603369,-0.09046715157831431
38,1,5,0.9319020912797571,0.7648035845776601,0.16709850670209703
38,1,10,0.5718257897803172,0.6765434486764844,-0.10471765889616724
38,1,25,0.6917037807154998,0.9328829963696995,-0.24117921565419975
38,1,50,0.7134945872387077,0.9515884028776279,-0.23809381563892018
38,1,100,0.19353290095002776,0.9846756670271442,-0.7911427660771164
38,1,250,0.93725716221904,0.9975950072791687,-0.060337845060128736
38,1,500,0.43427132963002524,0.9987647594732515,-0.5644934298432263
38,1,1000,0.8989296536525536,0.9977700527191347,-0.09884039906658104
38,2,1,0.5040761083258717,0.4836933809378254,0.020382727388046307
38,2,2,0.5165709029820226,0.5040761083258717,0.012494794656150887
38,2,5,0.9517870985907223,0.5718403468115392,0.37994675177918313
38,2,10,0.8511177478638896,0.8657630450950604,-0.014645297231170806
38,2,25,0.9068005628329258,0.9154304719241526,-0.00862990909122685
38,2,50,0.3626996819987243,0.9718762433130065,-0.6091765613142821
38,2,100,0.9380937241863688,0.9620504497169146,-0.02395672553054573
38,2,250,0.938216317759641,0.9927883525987714,-0.05457203483913042
38,2,500,0.9780339947141724,0.9988826997797401,-0.020848705065567685
38,2,1000,0.8965571514653319,0.9958677793491744,-0.09931062788384248
38,3,1,0.5040761083258717,0.1340007113843323,0.37007539694153935
38,3,2,0.8581476951793525,0.24859243140006898,0.6095552637792836
38,3,5,0.38660855294778135,0.5910749433948704,-0.20446639044708909
38,3,10,0.744858768705477,0.7330595334813388,0.011799235224138171
38,3,25,0.8940978865383092,0.703763034660661,0.1903348518776482
38,3,50,0.8802451783380388,0.9814341800548915,-0.10118900171685263
38,3,100,0.4491425595446428,0.9653709019001621,-0.5162283423555192
38,3,250,0.9383810944694667,0.9947981739814569,-0.056417079511990154
38,3,500,0.20058533412509363,0.9894772169066225,-0.7888918827815289
38,3,1000,0.3855892714937211,0.9988286301956547,-0.6132393587019336
38,4,1,0.14616869932055013,0.2993696059841142,-0.1532009066635641
38,4,2,0.3610552522037606,0.6070380545603369,-0.24598280235657627
38,4,5,0.9310182670510893,0.5589004791183617,0.37211778793272754
38,4,10,0.5995875018279435,0.9604201542884794,-0.36083265246053586
38,4,25,0.9039625368809394,0.960774523725188,-0.056811986844248596
38,4,50,0.7672763741299261,0.9634054001070098,-0.1961290259770837
38,4,100,0.9417031832618457,0.9484038351146349,-0.00670065185278923
38,4,250,0.7268028440218359,0.989831302092379,-0.2630284580705431
38,4,500,0.5967171617980915,0.9889371448136991,-0.39221998301560757
38,4,1000,0.4261214944887041,0.9963034082032327,-0.5701819137145285
39,0,1,0.043227107637301455,0.26919767183398224,-0.2259705641966808
39,0,2,0.8289641946483296,0.03878737218931479,0.7901768224590148
39,0,5,0.5417801851308754,0.8846558304473824,-0.34287564531650694
39,0,10,0.46350998539646154,0.7647667597114602,-0.3012567743149987
39,0,25,0.7618467266293105,0.9341295868306264,-0.1722828602013159
39,0,50,0.619169044412668,0.958540995425476,-0.33937195101280804
39,0,100,0.5626158372681522,0.9961607304850013,-0.4335448932168491
39,0,250,0.8944322438023774,0.9797203972828833,-0.08528815348050589
39,0,500,0.7843841266722829,0.9925277331123655,-0.20814360644008267
39,0,1000,0.21317713960028054,0.9968562851810719,-0.7836791455807914
39,1,1,0.6574419112297385,0.26919767183398224,0.38824423939575625
39,1,2,0.8289641946483296,0.21702220608084893,0.6119419885674806
39,1,5,0.6638716841523351,0.7709371462677989,-0.10706546211546375
39,1,10,0.5777171493096817,0.871471297435234,-0.29375414812555234
39,1,25,0.6189791193931258,0.7642359679922719,-0.14525684859914612
39,1,50,0.6817697659616139,0.9570863578781588,-0.2753165919165449
39,1,100,0.8795946027824996,0.9908939610478213,-0.11129935826532178
39,1,250,0.5499611530857716,0.9976376895229655,-0.44767653643719385
39,1,500,0.886887789162019,0.9972755162896952,-0.1103877271276762
39,1,1000,0.7060340859098441,0.9952646309588234,-0.2892305450489794
39,2,1,0.6574419112297385,0.10209706654295479,0.5553448446867837
39,2,2,0.8289641946483296,0.21702220608084893,0.6119419885674806
39,2,5,0.646818604501964,0.5133731851723963,0.13344541932956777
39,2,10,0.41884323917707145,0.8834516229886878,-0.4646083838116164
39,2,25,0.9177246078156825,0.9086046735969658,0.009119934218716708
39,2,50,0.6999079449629543,0.9403649246649036,-0.24045697970194935
39,2,100,0.33044216247014074,0.9575299061836958,-0.6270877437135551
39,2,250,0.6426229647189389,0.9731160312939736,-0.33049306657503474
39,2,500,0.44969270243933746,0.9964493004653554,-0.546756598026018
39,2,1000,0.8661766699690052,0.9974413835318413,-0.1312647135628361
39,3,1,0.6574419112297385,0.45582653133879114,0.20161537989094735
39,3,2,0.12370900960865998,0.21702220608084893,-0.09331319647218896
39,3,5,0.7416467117565608,0.8607526221884568,-0.119105910431896
39,3,10,0.5636595967561199,0.9190672769616687,-0.3554076802055488
39,3,25,0.8953438489164922,0.9412005938309104,-0.04585674491441816
39,3,50,0.6194383213458446,0.90599668005808,-0.28655835871223534
39,3,100,0.7858109054473374,0.9677428065539823,-0.1819319011066448
39,3,250,0.3416534765152395,0.9871604842022089,-0.6455070076869694
39,3,500,0.5082826399668422,0.999069147370357,-0.4907865074035148
39,3,1000,0.07322148193318928,0.9987715967302442,-0.9255501147970548
39,4,1,0.28086404140507576,0.17287873028427145,0.10798531112080431
39,4,2,0.8289641946483296,0.45582653133879114,0.37313766330953846
39,4,5,0.7596592399310123,0.5789206002260308,0.1807386397049815
39,4,10,0.7706798531225217,0.760982310248475,0.009697542874046783
39,4,25,0.7543502633030198,0.9424550045942389,-0.18810474129121912
39,4,50,0.6930817779507039,0.887983178044713,-0.19490140009400914
39,4,100,0.7901843639808948,0.9962533362142907,-0.20606897223339593
39,4,250,0.5488921251567376,0.9838333067366006,-0.43494118157986306
39,4,500,0.6253369096829193,0.9974354677434737,-0.37209855806055436
39,4,1000,0.7036329421797038,0.9965782624701567,-0.29294532029045284
40,0,1,0.31005816124566327,0.09526071198145976,0.21479744926420352
40,0,2,0.8360870404169641,0.02568489626787855,0.8104021441490856
40,0,5,0.8700147303940906,0.8542291204819566,0.015785609912133958
40,0,10,0.8437801847861973,0.9835242155892739,-0.13974403080307662
40,0,25,0.6552113714724885,0.9260657167330919,-0.27085434526060337
40,0,50,0.2598482120932137,0.9665563014524666,-0.706708089359253
40,0,100,0.48349963351966896,0.9618935522034563,-0.47839391868378733
40,0,250,0.6843642208529139,0.9842731015914227,-0.29990888073850874
40,0,500,0.7043517859890516,0.9941346533257478,-0.2897828673366962
40,0,1000,0.18025603385847794,0.9987803691722548,-0.8185243353137768
40,1,1,0.6581232851810362,0.3989074354521427,0.25921584972889355
40,1,2,0.8360870404169641,0.02568489626787855,0.8104021441490856
40,1,5,0.9389678593656964,0.929081823935035,0.009886035430661355
40,1,10,0.6740223555542936,0.9074869185589314,-0.2334645630046378
40,1,25,0.5021134059935503,0.9758865529270763,-0.473773146933526
40,1,50,0.827709491914328,0.9730801018211722,-0.14537060990684425
40,1,100,0.6976016298692064,0.9708287001685161,-0.2732270702993097
40,1,250,0.5101526011300432,0.9934130089709872,-0.48326040784094393
40,1,500,0.950150258429348,0.9970168031420877,-0.046866544712739766
40,1,1000,0.4804797125303907,0.9972897710650038,-0.5168100585346131
40,2,1,0.6581232851810362,0.09526071198145976,0.5628625731995764
40,2,2,0.5932945477897377,0.40832273007717396,0.1849718177125637
40,2,5,0.5446595627684776,0.6500905199620127,-0.10543095719353512
40,2,10,0.8010737479194386,0.7523367922409696,0.04873695567846903
40,2,25,0.8312665672690462,0.9327065050929617,-0.10143993782391547
40,2,50,0.8531352287074246,0.9404910125065873,-0.08735578379916265
40,2,100,0.6842348030629872,0.9876003932363535,-0.3033655901733663
40,2,250,0.9019101034429721,0.998756686009477,-0.09684658256650491
40,2,500,0.9512507759907356,0.9955467274599497,-0.04429595146921406
40,2,1000,0.8324357746827615,0.998264374856306,-0.1658286001735445
40,3,1,0.6581232851810362,0.09526071198145976,0.5628625731995764
40,3,2,0.8360870404169641,0.010189827796065917,0.8258972126208982
40,3,5,0.40498955493747757,0.929081823935035,-0.5240922689975575
40,3,10,0.8608546762302735,0.8700147303940906,-0.009160054163817155
40,3,25,0.27244763862251004,0.8670928627868005,-0.5946452241642906
40,3,50,0.8363001818276645,0.9457607215900085,-0.10946053976234393
40,3,100,0.9197387378934823,0.9806748510867325,-0.06093611319325021
40,3,250,0.6859914391776749,0.9959946276958392,-0.31000318851816433
40,3,500,0.9479641400026894,0.9947188628035911,-0.04675472280090176
40,3,1000,0.8286709559250313,0.9974820172561922,-0.16881106133116097
40,4,1,0.31005816124566327,0.3989074354521427,-0.08884927420647942
40,4,2,0.03930983779503303,0.15825635546408795,-0.11894651766905492
40,4,5,0.9264490950433801,0.42610756757485785,0.5003415274685223
40,4,10,0.6084554889450237,0.9939895535086485,-0.3855340645636248
40,4,25,0.6202532776201742,0.9649239890198591,-0.34467071139968486
40,4,50,0.2218864515191494,0.9292112198906678,-0.7073247683715184
40,4,100,0.9142638215375506,0.9642255517388891,-0.04996173020133854
40,4,250,0.8242204591562575,0.9807970083690544,-0.15657654921279685
40,4,500,0.9492470419977834,0.9927360646742406,-0.043489022676457156
40,4,1000,0.6357913158127011,0.9985270911572888,-0.3627357753445877
41,0,1,0.230098382710952,0.5134712052104945,-0.2833728224995425
41,0,2,0.8377822089525729,0.230098382710952,0.6076838262416209
41,0,5,0.8728976276705173,0.6837216221751391,0.18917600549537816
41,0,10,0.7187873486930043,0.902776209546221,-0.18398886085321664
41,0,25,0.39546130583514394,0.9462439211533092,-0.5507826153181653
41,0,50,0.5085830567116588,0.9566420927674949,-0.4480590360558361
41,0,100,0.3155840354808489,0.970855492591913,-0.655271457111064
41,0,250,0.9249414076622943,0.9944643016746919,-0.06952289401239764
41,0,500,0.9556287206286574,0.9969392077547855,-0.04131048712612806
41,0,1000,0.6993478779008246,0.9984531701698096,-0.29910529226898497
41,1,1,0.4590981454650503,0.5134712052104945,-0.05437305974544421
41,1,2,0.29455816401893004,0.527227179135418,-0.2326690151164879
41,1,5,0.6389801133368815,0.7290425400489102,-0.09006242671202869
41,1,10,0.9316021437471497,0.7824690168439906,0.14913312690315905
41,1,25,0.7154033317021662,0.7488073524828338,-0.03340402078066762
41,1,50,0.6936680045979974,0.9392859662472599,-0.24561796164926253
41,1,100,0.6735717875076899,0.9958250526313661,-0.32225326512367625
41,1,250,0.529492422235507,0.9973861699371874,-0.46789374770168046
41,1,500,0.6965101301772225,0.9947082921102595,-0.29819816193303694
41,1,1000,0.6972653974584329,0.9981282328179316,-0.30086283535949876
41,2,1,0.20703716818790677,0.5134712052104945,-0.30643403702258776
41,2,2,0.617438278158661,0.5134712052104945,0.10396707294816654
41,2,5,0.9457974288653549,0.9316021437471497,0.014195285118205225
41,2,10,0.6785485897789815,0.7824690168439906,-0.10392042706500915
41,2,25,0.6978886722189885,0.9673108684550192,-0.2694221962360307
41,2,50,0.4235300154797768,0.9680188222925393,-0.5444888068127625
41,2,100,0.932013419997651,0.9793346025021439,-0.04732118250449291
41,2,250,0.9269917913960846,0.997648292050973,-0.07065650065488849
41,2,500,0.6011948178034467,0.9931991018284337,-0.392004284024987
41,2,1000,0.1390915968774175,0.9982191378754695,-0.8591275409980519
41,3,1,0.230098382710952,0.15774337923058154,0.07235500348037047
41,3,2,0.8377822089525729,0.5134712052104945,0.32431100374207844
41,3,5,0.4547614697317683,0.5040337225090754,-0.049272252777307124
41,3,10,0.9026394999161269,0.8509897525292384,0.051649747386888545
41,3,25,0.7155733796996655,0.9592952632203183,-0.24372188352065283
41,3,50,0.5483720565952285,0.8676011634483042,-0.3192291068530757
41,3,100,0.9301148116675284,0.9812365194490703,-0.0511217077815419
41,3,250,0.9203859298541213,0.9727047523995074,-0.05231882254538611
41,3,500,0.6936042025590541,0.9955271907201922,-0.30192298816113816
41,3,1000,0.5384854826157833,0.9990219272094021,-0.46053644459361875
41,4,1,0.230098382710952,0.5134712052104945,-0.2833728224995425
41,4,2,0.441282224889805,0.230098382710952,0.211183842178853
41,4,5,0.7552561036199573,0.9404611933504844,-0.18520508973052707
41,4,10,0.7187873486930043,0.933523118235181,-0.21473576954217666
41,4,25,0.9084653747558179,0.9416216627609092,-0.033156288005091294
41,4,50,0.5420018238402343,0.9694276758366884,-0.4274258519964541
41,4,100,0.9240166083278494,0.9881312340261149,-0.06411462569826554
41,4,250,0.6804117440642669,0.9905401276928856,-0.3101283836286187
41,4,500,0.9550460167168413,0.9963454843669947,-0.041299467650153354
41,4,1000,0.6995575521614149,0.9991996044019472,-0.2996420522405323
42,0,1,0.5651267463391011,0.7544256253504642,-0.1892988790113631
42,0,2,0.6166557805604976,0.7954666874441929,-0.17881090688369528
42,0,5,0.8592347951192815,0.34419159713318137,0.5150431979861001
42,0,10,0.5313329681239642,0.9340708497982998,-0.40273788167433555
42,0,25,0.10409897661164702,0.9717278210504353,-0.8676288444387883
42,0,50,0.9382259911646595,0.9929920173297436,-0.05476602616508408
42,0,100,0.6094140568218139,0.9597058310394314,-0.3502917742176175
42,0,250,0.799020060075709,0.9967767226007663,-0.1977566625250573
42,0,500,0.6639353266188142,0.9977353162793866,-0.33379998966057245
42,0,1000,0.8924996679900803,0.997131139387626,-0.1046314713975457
42,1,1,0.5651267463391011,0.7544256253504642,-0.1892988790113631
42,1,2,0.3805283072145832,0.7544256253504642,-0.373897318135881
42,1,5,0.8592347951192815,0.5014360333733714,0.3577987617459101
42,1,10,0.5269275861101026,0.8275845251590841,-0.3006569390489815
42,1,25,0.8741314754925581,0.9502852016283148,-0.07615372613575666
42,1,50,0.6945843040782648,0.9683439541438745,-0.27375965006560976
42,1,100,0.8905470169124919,0.9877643735694409,-0.09721735665694897
42,1,250,0.8605586444686972,0.9978934671689902,-0.13733482270029296
42,1,500,0.8798999183999621,0.9980694225231324,-0.11816950412317029
42,1,1000,0.5015482981886885,0.9967475131561124,-0.4951992149674239
42,2,1,0.26359853194414323,0.7544256253504642,-0.49082709340632097
42,2,2,0.6166557805604976,0.7544256253504642,-0.13776984478996657
42,2,5,0.7791948329873789,0.26075650989703364,0.5184383230903453
42,2,10,0.9586663348579926,0.8616814777101253,0.09698485714786731
42,2,25,0.8096223206391683,0.94989973597856,-0.14027741533939175
42,2,50,0.3903566376077523,0.9312374577573973,-0.540880820149645
42,2,100,0.6074771464472647,0.9881098639766153,-0.3806327175293506
42,2,250,0.1929727026664379,0.992394411492225,-0.7994217088257871
42,2,500,0.8805413842447731,0.9988692281570212,-0.11832784391224804
42,2,1000,0.5376302296710914,0.998789737763639,-0.4611595080925476
42,3,1,0.5651267463391011,0.20544214783011402,0.35968459850898704
42,3,2,0.32229674715530643,0.7544256253504642,-0.4321288781951578
42,3,5,0.5373563458483602,0.4820689735078457,0.05528737234051451
42,3,10,0.4175395348954654,0.7483649904921875,-0.3308254555967221
42,3,25,0.8112551715614079,0.9160589292393815,-0.10480375767797356
42,3,50,0.9538037903624386,0.9413219293237094,0.01248186103872917
42,3,100,0.13201988096687364,0.9883575849255818,-0.8563377039587081
42,3,250,0.6261111481067975,0.9897199736382021,-0.3636088255314046
42,3,500,0.5428407184432054,0.9995781701579592,-0.4567374517147539
42,3,1000,0.5355172234091157,0.9988398359161609,-0.4633226125070452
42,4,1,0.5651267463391011,0.7544256253504642,-0.1892988790113631
42,4,2,0.6166557805604976,0.7544256253504642,-0.13776984478996657
42,4,5,0.6083732687710516,0.42367343903743254,0.18469982973361904
42,4,10,0.6906547328188927,0.6279622931270017,0.06269243969189098
42,4,25,0.5040634848912683,0.9820693965185973,-0.47800591162732897
42,4,50,0.53150573053532,0.8497116567301051,-0.31820592619478505
42,4,100,0.5663873128759985,0.9676970129289486,-0.4013097000529501
42,4,250,0.9039955581756096,0.9978130047480371,-0.09381744657242752
42,4,500,0.4006192543833446,0.9964628370490731,-0.5958435826657285
42,4,1000,0.7995016542182242,0.9968601072004051,-0.1973584529821809
43,0,1,0.6056279547838771,0.5152538900808322,0.09037406470304488
43,0,2,0.27908068459477536,0.5152538900808322,-0.23617320548605686
43,0,5,0.6936823039788922,0.9153357498903767,-0.2216534459114845
43,0,10,0.796854954686036,0.7089297639400297,0.08792519074600624
43,0,25,0.6476091967158103,0.9664986401540241,-0.3188894434382138
43,0,50,0.9329339674352295,0.9864515200103329,-0.05351755257510338
43,0,100,0.9059536007372542,0.9931059932097965,-0.08715239247254236
43,0,250,0.5882051891685212,0.9973116724039587,-0.4091064832354375
43,0,500,0.7827593868820668,0.9976201075839501,-0.21486072070188333
43,0,1000,0.6021367483229919,0.9972471540354276,-0.3951104057124357
43,1,1,0.6056279547838771,0.4359302131197787,0.1696977416640984
43,1,2,0.45136262118189946,0.886977324316629,-0.43561470313472955
43,1,5,0.3832740686616914,0.5860651006190138,-0.20279103195732245
43,1,10,0.776198241357321,0.8727852555749761,-0.09658701421765514
43,1,25,0.774818907009813,0.9288518290683737,-0.15403292205856067
43,1,50,0.9255625633585352,0.9260267294266669,-0.0004641660681317106
43,1,100,0.4712249275848176,0.9414995313630644,-0.4702746037782468
43,1,250,0.9081532071168557,0.9925966512437849,-0.08444344412692928
43,1,500,0.5568771660795208,0.9936612300567678,-0.436784063977247
43,1,1000,0.9329269117583484,0.9989442356170977,-0.06601732385874926
43,2,1,0.3268700982555561,0.4359302131197787,-0.10906011486422262
43,2,2,0.27908068459477536,0.5152538900808322,-0.23617320548605686
43,2,5,0.34651820840689196,0.5358351453656258,-0.18931693695873386
43,2,10,0.8622094956896935,0.6192893610635117,0.24292013462618178
43,2,25,0.8437104172978799,0.9743171886833275,-0.13060677138544763
43,2,50,0.603154574097386,0.9681632177302939,-0.36500864363290786
43,2,100,0.9072039456352871,0.98091320796891,-0.07370926233362296
43,2,250,0.7242910508782846,0.9940503016186713,-0.26975925074038665
43,2,500,0.8338855599763972,0.9979974631387095,-0.16411190316231228
43,2,1000,0.9325063646910567,0.9977353323804691,-0.06522896768941233
43,3,1,0.023661570084274237,0.5152538900808322,-0.491592319996558
43,3,2,0.4943665481959938,0.5152538900808322,-0.02088734188483843
43,3,5,0.858317663406143,0.7401392478887386,0.11817841551740438
43,3,10,0.650670524850629,0.8405747072804722,-0.1899041824298432
43,3,25,0.2849823106579804,0.9396842221909218,-0.6547019115329414
43,3,50,0.2736910397098206,0.9011901784815621,-0.6274991387717415
43,3,100,0.47626804396730293,0.9700687674735389,-0.49380072350623594
43,3,250,0.7285467569062682,0.9987602481346136,-0.27021349122834537
43,3,500,0.792351271370775,0.9964662383267299,-0.20411496695595488
43,3,1000,0.6017225155710172,0.9991503777226723,-0.39742786215165515
43,4,1,0.6056279547838771,0.5152538900808322,0.09037406470304488
43,4,2,0.17952145773631734,0.886977324316629,-0.7074558665803117
43,4,5,0.657578205104646,0.858317663406143,-0.20073945830149698
43,4,10,0.63583762252845,0.6527735321167097,-0.016935909588259745
43,4,25,0.37819361283023156,0.9542381525181347,-0.5760445396879031
43,4,50,0.21977063571952626,0.9219286347506195,-0.7021579990310932
43,4,100,0.9098454167860502,0.9354862506558032,-0.02564083386975291
43,4,250,0.9041974624922132,0.9941852345232132,-0.08998777203099995
43,4,500,0.7881549259495644,0.9962676920357665,-0.2081127660862021
43,4,1000,0.7233587439039901,0.9989676376570213,-0.2756088937530312
44,0,1,0.55849227868243,0.306167960389225,0.252324318293205
44,0,2,0.7694761059188181,0.37872232604789663,0.39075377987092147
44,0,5,0.7147459360786047,0.7247354076501825,-0.009989471571577813
44,0,10,0.8056836989982639,0.8466775092232579,-0.04099381022499404
44,0,25,0.5717731517618235,0.8929143466390138,-0.3211411948771903
44,0,50,0.7943400898431316,0.9939917934744545,-0.1996517036313229
44,0,100,0.7370127615844186,0.9882369440875541,-0.2512241825031355
44,0,250,0.7999720803896337,0.969373537362843,-0.1694014569732093
44,0,500,0.8525697410633926,0.9967893231775967,-0.14421958211420416
44,0,1000,0.7081616361498347,0.9965444564881597,-0.28838282033832496
44,1,1,0.55849227868243,0.306167960389225,0.252324318293205
44,1,2,0.6367392825940598,0.306167960389225,0.33057132220483476
44,1,5,0.5993865952958851,0.7248834283085264,-0.12549683301264125
44,1,10,0.6799659044967145,0.9452119326077991,-0.26524602811108466
44,1,25,0.6076469530017644,0.9890445636255425,-0.3813976106237781
44,1,50,0.739109328887192,0.9507116588700979,-0.21160232998290585
44,1,100,0.6646319558171819,0.9859901458080486,-0.3213581899908666
44,1,250,0.8036375724715024,0.9911141538413278,-0.18747658136982548
44,1,500,0.8534589740756802,0.9945464651086895,-0.14108749103300933
44,1,1000,0.760967933999883,0.9954991782229327,-0.2345312442230496
44,2,1,0.43613538080652847,0.37872232604789663,0.05741305475863184
44,2,2,0.6924600891637656,0.0023557235235235723,0.690104365640242
44,2,5,0.8269428907695351,0.7248834283085264,0.10205946246100872
44,2,10,0.7412927036430054,0.4558779053416401,0.2854147983013653
44,2,25,0.597460218109072,0.8493069343345149,-0.25184671622544286
44,2,50,0.7360381213416031,0.8911499616821291,-0.15511184034052605
44,2,100,0.7265702358391284,0.978914827182283,-0.25234459134315457
44,2,250,0.6730013240328653,0.9893969056600155,-0.3163955816271502
44,2,500,0.7834903492495241,0.9969567745765378,-0.21346642532701365
44,2,1000,0.7041763104248796,0.99787763770754,-0.2937013272826604
44,3,1,0.55849227868243,0.17424554858506683,0.3842467300973632
44,3,2,0.6367392825940598,0.37872232604789663,0.25801695654616313
44,3,5,0.4889459029718279,0.7780903955461139,-0.28914449257428604
44,3,10,0.6060729293583159,0.8816664307827136,-0.27559350142439765
44,3,25,0.7675714849786416,0.9673660233381325,-0.1997945383594909
44,3,50,0.7373631566088561,0.962913526613558,-0.2255503700047019
44,3,100,0.24909417767790526,0.9784908092604245,-0.7293966315825193
44,3,250,0.6615937375255679,0.9884045004384181,-0.32681076291285016
44,3,500,0.853336972124401,0.9966290632349614,-0.1432920911105604
44,3,1000,0.7633447337197526,0.9996547673563345,-0.23631003363658187
44,4,1,0.43613538080652847,0.306167960389225,0.12996742041730347
44,4,2,0.7694761059188181,0.37872232604789663,0.39075377987092147
44,4,5,0.783781190576165,0.6682291840940668,0.11555200648209818
44,4,10,0.6799659044967145,0.8727496040743881,-0.1927836995776736
44,4,25,0.6588448665012869,0.8866835819269187,-0.22783871542563172
44,4,50,0.8068843856772523,0.9772132552887689,-0.1703288696115166
44,4,100,0.7402861087831143,0.9322509988067567,-0.19196489002364236
44,4,250,0.5286594513874849,0.974382628920716,-0.4457231775332311
44,4,500,0.7847916927397038,0.9933038558886497,-0.20851216314894583
44,4,1000,0.762406066441979,0.9958406982079193,-0.23343463176594037
45,0,1,0.6355909837868291,0.5775605671669273,0.058030416619901826
45,0,2,0.4576011350288059,0.47834190603147403,-0.020740771002668135
45,0,5,0.812790526145668,0.7163183988070024,0.09647212733866561
45,0,10,0.636834003575748,0.9555348279170326,-0.31870082434128455
45,0,25,0.9525490108125451,0.9193484976624324,0.03320051315011263
45,0,50,0.22178696598885012,0.9677516259326941,-0.7459646599438441
45,0,100,0.9648823147752196,0.9549141565038864,0.009968158271333127
45,0,250,0.6438713436197931,0.9910256337140978,-0.34715429009430465
45,0,500,0.9250037931475119,0.9971648402627297,-0.07216104711521776
45,0,1000,0.9783481290055397,0.995717479010848,-0.01736935000530826
45,1,1,0.6355909837868291,0.5775605671669273,0.058030416619901826
45,1,2,0.8080754996324078,0.29119213183879533,0.5168833677936124
45,1,5,0.7756045577902674,0.9635907732907413,-0.1879862155004739
45,1,10,0.7562160674679929,0.9555348279170326,-0.19931876044903973
45,1,25,0.9517700145452437,0.9102494653147103,0.04152054923053339
45,1,50,0.9656606737623732,0.9942088717671679,-0.02854819800479469
45,1,100,0.6850130461815287,0.914266623606628,-0.22925357742509933
45,1,250,0.9779053528101359,0.9869530933321314,-0.009047740521995529
45,1,500,0.6063948286581698,0.9978744147618128,-0.391479586103643
45,1,1000,0.9793148162894244,0.9963514437035899,-0.01703662741416545
45,2,1,0.24777498751135682,0.29119213183879533,-0.04341714432743851
45,2,2,0.482175870332548,0.47834190603147403,0.0038339643010739666
45,2,5,0.20923773941043836,0.39127052716969896,-0.1820327877592606
45,2,10,0.8470407891834556,0.7936121893829562,0.05342859980049941
45,2,25,0.21865741795925484,0.9719313427724381,-0.7532739248131832
45,2,50,0.9738843201710983,0.9480014203941062,0.025882899776992097
45,2,100,0.4197683458263321,0.9684597198032552,-0.548691373976923
45,2,250,0.3913484893763074,0.9969130588404835,-0.6055645694641761
45,2,500,0.5919831999990115,0.9923245367318672,-0.40034133673285566
45,2,1000,0.6332679312492918,0.9994100654064775,-0.36614213415718566
45,3,1,0.6355909837868291,0.5775605671669273,0.058030416619901826
45,3,2,0.017972945137637225,0.7674265717751106,-0.7494536266374734
45,3,5,0.5765797900888414,0.16991321167955162,0.40666657840928977
45,3,10,0.9596178221713835,0.9391698623644015,0.020447959806981997
45,3,25,0.5949095918731392,0.8371859961378122,-0.242276404264673
45,3,50,0.9629325580687983,0.9829332413700645,-0.020000683301266253
45,3,100,0.6226804569511598,0.993209437979647,-0.3705289810284872
45,3,250,0.6447148723090667,0.9984333650860999,-0.35371849277703327
45,3,500,0.6673825163785961,0.9986545819912701,-0.33127206561267397
45,3,1000,0.4591421848416352,0.9984555184745579,-0.5393133336329228
45,4,1,0.6355909837868291,0.04399201454953978,0.5915989692372893
45,4,2,0.8080754996324078,0.7674265717751106,0.040648927857297124
45,4,5,0.7163276185204641,0.7278666749238759,-0.011539056403411796
45,4,10,0.12631906907732926,0.9472496631664415,-0.8209305940891123
45,4,25,0.5076169843981999,0.9187157283696255,-0.41109874397142554
45,4,50,0.5866461887867713,0.9472988254347573,-0.36065263664798597
45,4,100,0.6914580019506817,0.9697401953254166,-0.2782821933747348
45,4,250,0.9590245923397898,0.9888695260516159,-0.02984493371182617
45,4,500,0.4850474611897188,0.9976602210645803,-0.5126127598748615
45,4,1000,0.9808662324116515,0.9994097576385309,-0.01854352522687941
46,0,1,0.5734894028832513,0.6823792142881255,-0.10888981140487419
46,0,2,0.20039778576672032,0.15275159082810436,0.047646194938615966
46,0,5,0.9070680838477155,0.9046229181017676,0.002445165745947886
46,0,10,0.9247932114014067,0.860184601665652,0.06460860973575466
46,0,25,0.781997921038215,0.9146566256484067,-0.1326587046101917
46,0,50,0.6919232275227727,0.9415333967438819,-0.24961016922110923
46,0,100,0.895535678012175,0.994637885718981,-0.099102207706806
46,0,250,0.437164612954194,0.9950976549204873,-0.5579330419662933
46,0,500,0.6735072852799904,0.9933328073645149,-0.3198255220845245
46,0,1000,0.90790533591747,0.999015336083086,-0.09111000016561599
46,1,1,0.10863720598602185,0.6823792142881255,-0.5737420083021036
46,1,2,0.3011125809054813,0.6823792142881255,-0.3812666333826442
46,1,5,0.9070680838477155,0.4555777531773023,0.4514903306704132
46,1,10,0.2995367288792051,0.47523335755481383,-0.1756966286756087
46,1,25,0.7962695115242773,0.9788590737884019,-0.1825895622641246
46,1,50,0.7056941693492059,0.9508353947942433,-0.24514122544503736
46,1,100,0.5664057266245944,0.9573129999114012,-0.39090727328680674
46,1,250,0.4781038192136071,0.979297688425362,-0.5011938692117549
46,1,500,0.6379989736705314,0.9945135809885446,-0.3565146073180132
46,1,1000,0.8029964857107506,0.9997019571532038,-0.1967054714424532
46,2,1,0.5734894028832513,0.6823792142881255,-0.10888981140487419
46,2,2,0.30399842506628116,0.6823792142881255,-0.37838078922184437
46,2,5,0.4957242352429809,0.47542240678199094,0.02030182846098999
46,2,10,0.9390062718086164,0.8040962470302835,0.13491002477833292
46,2,25,0.5931185210724452,0.800385065198233,-0.20726654412578782
46,2,50,0.4871489041136648,0.9770583634085241,-0.48990945929485935
46,2,100,0.43545714138418623,0.9701734650346858,-0.5347163236504996
46,2,250,0.4309704480247442,0.991434622919648,-0.5604641748949037
46,2,500,0.571626638095837,0.9970317767711813,-0.42540513867534424
46,2,1000,0.9056604024640413,0.9972814313416377,-0.09162102887759638
46,3,1,0.5734894028832513,0.6823792142881255,-0.10888981140487419
46,3,2,0.5463415473739115,0.6823792142881255,-0.13603766691421404
46,3,5,0.616578819069489,0.397567929833942,0.21901088923554696
46,3,10,0.6361975689848767,0.8792705910690384,-0.2430730220841617
46,3,25,0.4130150053923937,0.9603404748491976,-0.5473254694568039
46,3,50,0.7030633378604074,0.963809189636994,-0.2607458517765866
46,3,100,0.8958052913486781,0.9312753189833343,-0.03547002763465612
46,3,250,0.9031562467201653,0.9968812883152843,-0.09372504159511907
46,3,500,0.7925487941348635,0.9988692859865417,-0.20632049185167822
46,3,1000,0.797353620498215,0.998513671705015,-0.20116005120680003
46,4,1,0.5734894028832513,0.6823792142881255,-0.10888981140487419
46,4,2,0.1675467494700011,0.6823792142881255,-0.5148324648181244
46,4,5,0.5715304954246462,0.0764487872692552,0.495081708155391
46,4,10,0.4894410467908058,0.9425246543068142,-0.4530836075160084
46,4,25,0.7806440491661566,0.9301189050917618,-0.14947485592560517
46,4,50,0.548146877299609,0.988405612179844,-0.44025873488023504
46,4,100,0.9079783703495902,0.980847059574056,-0.07286868922446588
46,4,250,0.8921800655359778,0.9860376951314456,-0.09385762959546773
46,4,500,0.881047174403802,0.9955205994631701,-0.11447342505936808
46,4,1000,0.800087157307339,0.9960461199821015,-0.19595896267476243
47,0,1,0.7944136680139151,0.5776540930407033,0.21675957497321185
47,0,2,0.14712454625388216,0.055265445635676896,0.09185910061820526
47,0,5,0.2922255998589692,0.8102180869370205,-0.5179924870780512
47,0,10,0.13580710757364226,0.9722232653791688,-0.8364161578055266
47,0,25,0.39195326374369394,0.9243709865559404,-0.5324177228122464
47,0,50,0.8986760485376476,0.9046105631257245,-0.005934514588076922
47,0,100,0.46768533180611627,0.9906701474077523,-0.522984815601636
47,0,250,0.6798252505617957,0.9890068544760471,-0.3091816039142514
47,0,500,0.89050834198417,0.9936616464406703,-0.1031533044565004
47,0,1000,0.8117251599718756,0.9997088965276343,-0.18798373655575873
47,1,1,0.7944136680139151,0.5776540930407033,0.21675957497321185
47,1,2,0.4524561637605884,0.010371235845000555,0.44208492791558784
47,1,5,0.6286532133473482,0.5992658101363386,0.029387403211009633
47,1,10,0.9747947533794369,0.8421258319214854,0.1326689214579515
47,1,25,0.6160879187743016,0.9204325549281289,-0.30434463615382734
47,1,50,0.8318869225198792,0.9809872558376558,-0.1491003333177766
47,1,100,0.8759012237201043,0.9474940297147019,-0.07159280599459761
47,1,250,0.6822079939590882,0.9932425612339191,-0.3110345672748309
47,1,500,0.8280387970520501,0.9974681352748419,-0.16942933822279183
47,1,1000,0.5339260964674043,0.9972574813521269,-0.4633313848847226
47,2,1,0.13349879952377114,0.1889895102005201,-0.05549071067674896
47,2,2,0.14712454625388216,0.010371235845000555,0.1367533104088816
47,2,5,0.8892033409932972,0.8892033409932972,0.0
47,2,10,0.9674534757198952,0.6475446470785355,0.3199088286413596
47,2,25,0.4393399428345358,0.9566108329179914,-0.5172708900834556
47,2,50,0.8043647686018751,0.9738745341280463,-0.16950976552617114
47,2,100,0.8171637198592654,0.9806133353802104,-0.16344961552094506
47,2,250,0.24660254313268132,0.9961413230515983,-0.749538779918917
47,2,500,0.5629303728094962,0.9990938371359963,-0.4361634643265001
47,2,1000,0.8798412514316558,0.9969062094865642,-0.11706495805490835
47,3,1,0.7944136680139151,0.5776540930407033,0.21675957497321185
47,3,2,0.4524561637605884,0.1084038456009032,0.3440523181596852
47,3,5,0.9150254324359902,0.6286532133473482,0.28637221908864197
47,3,10,0.1582121146347487,0.6140091401059465,-0.4557970254711978
47,3,25,0.9652384093437775,0.7787133408587802,0.18652506848499728
47,3,50,0.8265726234184112,0.9707602793160263,-0.14418765589761506
47,3,100,0.890401059196847,0.9884282758166674,-0.09802721661982039
47,3,250,0.5270290024955075,0.9951430932942312,-0.4681140907987237
47,3,500,0.5708079382316936,0.9982259069797697,-0.427417968748076
47,3,1000,0.8165160342279122,0.9926043253849907,-0.17608829115707847
47,4,1,0.7944136680139151,0.1889895102005201,0.605424157813395
47,4,2,0.7660551014938153,0.1084038456009032,0.6576512558929121
47,4,5,0.4422167445205129,0.6873586560191907,-0.24514191149867776
47,4,10,0.5848038229853249,0.7463804632133536,-0.16157664022802876
47,4,25,0.6624863386507729,0.573540979327059,0.08894535932371384
47,4,50,0.506454936105363,0.9294984160075368,-0.42304347990217384
47,4,100,0.8961309369214078,0.9695539986603597,-0.07342306173895197
47,4,250,0.8874827682848043,0.9979027519481893,-0.11041998366338501
47,4,500,0.5739042746909951,0.9973766588517978,-0.4234723841608027
47,4,1000,0.6210417851240748,0.9962233809037467,-0.3751815957796719
48,0,1,0.7120802991076574,0.10256676092025913,0.6095135381873982
48,0,2,0.9281073887966229,0.15984860318045033,0.7682587856161726
48,0,5,0.9437093539300134,0.9937435101937391,-0.05003415626372565
48,0,10,0.6651703043365635,0.3371406387264649,0.32802966561009866
48,0,25,0.9186902304422598,0.8682357280794049,0.05045450236285498
48,0,50,0.27136148167609037,0.9918352010091208,-0.7204737193330304
48,0,100,0.9947481372791235,0.9908720738712702,0.003876063407853292
48,0,250,0.9316211211140996,0.9941366332812376,-0.06251551216713802
48,0,500,0.571305768546313,0.9973268431462169,-0.4260210745999039
48,0,1000,0.9352538879660967,0.9997225268956321,-0.06446863892953547
48,1,1,0.7120802991076574,0.2795834199148229,0.43249687919283447
48,1,2,0.43205004920212287,0.45202272326132736,-0.019972674059204498
48,1,5,0.5652501616819074,0.94829652726442,-0.3830463655825126
48,1,10,0.8235116690188107,0.9589813832893148,-0.13546971427050414
48,1,25,0.39516190623493314,0.9354950483592622,-0.5403331421243291
48,1,50,0.535461710644457,0.9877031332808303,-0.45224142263637324
48,1,100,0.5673790953520068,0.9679970329993215,-0.4006179376473147
48,1,250,0.9611469650537482,0.9995849338288227,-0.03843796877507455
48,1,500,0.6714592912830835,0.9972360669127031,-0.3257767756296196
48,1,1000,0.9409886037029239,0.9986350106580529,-0.057646406955129015
48,2,1,0.15984860318045033,0.2795834199148229,-0.11973481673437256
48,2,2,0.055997244566767905,0.15984860318045033,-0.10385135861368242
48,2,5,0.8925894538834204,0.6019859668213687,0.29060348706205164
48,2,10,0.38536840770956593,0.6433128227946304,-0.2579444150850645
48,2,25,0.7739227789213751,0.9779712782431453,-0.20404849932177027
48,2,50,0.945562171329801,0.9492240482672699,-0.0036618769374688886
48,2,100,0.9824873350962676,0.9893183939921781,-0.006831058895910513
48,2,250,0.9776674560845829,0.9974399693233676,-0.019772513238784706
48,2,500,0.5519250685859216,0.9938594070770976,-0.441934338491176
48,2,1000,0.7867145125409278,0.9990088919125838,-0.21229437937165596
48,3,1,0.7120802991076574,0.45202272326132736,0.26005757584633
48,3,2,0.22688547953922386,0.2795834199148229,-0.05269794037559902
48,3,5,0.45971281212453713,0.45068416913795006,0.009028642986587065
48,3,10,0.5071681279815147,0.9240595450154176,-0.416891417033903
48,3,25,0.22063577029184148,0.8866351892402555,-0.6659994189484141
48,3,50,0.3178051392711358,0.9903516776692098,-0.672546538398074
48,3,100,0.15189950603680932,0.9842951681523041,-0.8323956621154948
48,3,250,0.96763860080936,0.998680757952384,-0.03104215714302394
48,3,500,0.16737958435126923,0.9974372279578576,-0.8300576436065884
48,3,1000,0.46059472627149656,0.9966773473803983,-0.5360826211089017
48,4,1,0.7120802991076574,0.16582709590359004,0.5462532032040673
48,4,2,0.9281073887966229,0.45202272326132736,0.47608466553529555
48,4,5,0.9937435101937391,0.9826713387031166,0.011072171490622451
48,4,10,0.4765738344339074,0.9047426000092198,-0.4281687655753124
48,4,25,0.613407025796835,0.9255115995825032,-0.31210457378566814
48,4,50,0.9276111501298803,0.9394844819769623,-0.011873331847082058
48,4,100,0.9906304042853928,0.9559150175339239,0.0347153867514689
48,4,250,0.9128926142039421,0.9877117592951884,-0.07481914509124632
48,4,500,0.9757447659075458,0.9989760896133288,-0.02323132370578307
48,4,1000,0.935902033680603,0.9961850830995704,-0.06028304941896745
49,0,1,0.676480557022197,0.7112424215856651,-0.03476186456346808
49,0,2,0.389131902978053,0.7112424215856651,-0.3221105186076121
49,0,5,0.8307593490502369,0.4901545477804408,0.34060480126979603
49,0,10,0.5605987681978003,0.5917444241129973,-0.031145655915197024
49,0,25,0.477598498140547,0.9610427273034182,-0.4834442291628712
49,0,50,0.48097581077889784,0.9310104605889609,-0.450034649810063
49,0,100,0.8204542161357533,0.993246870000145,-0.1727926538643917
49,0,250,0.8926942335264793,0.994863472812494,-0.10216923928601473
49,0,500,0.25427321375755574,0.9963741480142028,-0.742100934256647
49,0,1000,0.6307590064070709,0.999482420351718,-0.368723413944647
49,1,1,0.18610905035308686,0.7112424215856651,-0.5251333712325782
49,1,2,0.3236630763679039,0.11652600612293783,0.20713707024496608
49,1,5,0.8987925285697179,0.6239508923620993,0.2748416362076186
49,1,10,0.9936207181648908,0.7361387511608997,0.2574819670039912
49,1,25,0.8279403831472516,0.8650832144386263,-0.037142831291374745
49,1,50,0.2999310935407629,0.9917789423937482,-0.6918478488529853
49,1,100,0.8970634971299517,0.992431917013678,-0.09536841988372635
49,1,250,0.810418519075832,0.9798393913643554,-0.16942087228852343
49,1,500,0.6329844888047181,0.9971166358394302,-0.3641321470347121
49,1,1000,0.8187685979692514,0.9979809392168039,-0.17921234124755248
49,2,1,0.676480557022197,0.13677208370131275,0.5397084733208842
49,2,2,0.6848323789655271,0.029647143278071737,0.6551852356874553
49,2,5,0.8307593490502369,0.27924225950631004,0.5515170895439268
49,2,10,0.4917447205469342,0.6811902580450937,-0.1894455374981595
49,2,25,0.832010067653519,0.9791784949907878,-0.14716842733726876
49,2,50,0.591812841378174,0.9809865193347825,-0.3891736779566085
49,2,100,0.6005368188449713,0.9856984805605162,-0.3851616617155449
49,2,250,0.809313735090274,0.9905732947197906,-0.18125955962951656
49,2,500,0.8157396918435293,0.9978277256217167,-0.18208803377818739
49,2,1000,0.5788166295520353,0.9986301578841971,-0.4198135283321618
49,3,1,0.676480557022197,0.12747250268909413,0.5490080543331028
49,3,2,0.3236630763679039,0.7112424215856651,-0.38757934521776116
49,3,5,0.6421989248691027,0.08645024825300307,0.5557486766160996
49,3,10,0.9202001370065562,0.9942940127311163,-0.07409387572456005
49,3,25,0.895493519487848,0.9650221112888675,-0.06952859180101945
49,3,50,0.6820382958277584,0.8891058971249308,-0.2070676012971724
49,3,100,0.2795078316021018,0.9868801334601851,-0.7073723018580833
49,3,250,0.6396015492498321,0.9979882856463601,-0.35838673639652796
49,3,500,0.8170654966898069,0.9989655385481072,-0.18190004185830033
49,3,1000,0.27313973057067775,0.9991295479317579,-0.7259898173610801
49,4,1,0.676480557022197,0.7112424215856651,-0.03476186456346808
49,4,2,0.3632535891679143,0.7112424215856651,-0.3479888324177508
49,4,5,0.8620413089040744,0.5769777512462632,0.2850635576578112
49,4,10,0.9461820358433052,0.8571425234767155,0.08903951236658969
49,4,25,0.8602958552176496,0.9268442587234474,-0.06654840350579783
49,4,50,0.949918091223541,0.9682512966459698,-0.018333205422428778
49,4,100,0.2663709083427047,0.9797769522953937,-0.713406043952689
49,4,250,0.775748767094021,0.9876742269321153,-0.2119254598380943
49,4,500,0.6303472175989817,0.9956064519224965,-0.3652592343235148
49,4,1000,0.8971593762948941,0.9980533568020565,-0.10089398050716247
