target_id,seed,N,method,true_theta,theta_hat,theta_error,fidelity,infidelity,z_counts_0,z_counts_1,x_counts_0,x_counts_1,reward
0,0,10,Z_only,5.789849863098693,0.9272952180016121,1.4206306620825053,0.5748009674492238,0.4251990325507762,8,2,0,0,
0,0,10,ZX_split,5.789849863098693,6.085789747329706,0.2959398842310126,0.9782642289748743,0.021735771025125694,5,0,2,3,
0,0,10,RL_adaptive,5.789849863098693,5.373432149235376,0.41641771386331694,0.9572718965402491,0.042728103459750866,8,1,0,1,0.9572718965402491
0,0,25,Z_only,5.789849863098693,0.40271584158066176,0.8960512856615548,0.8123491241299916,0.1876508758700084,24,1,0,0,
0,0,25,ZX_split,5.789849863098693,5.916011473361367,0.12616161026267392,0.9960260872034848,0.0039739127965151555,12,0,4,9,
0,0,25,RL_adaptive,5.789849863098693,5.755110858753227,0.034739004345466284,0.999698330733935,0.00030166926606500777,1,0,5,19,0.999698330733935
0,0,50,Z_only,5.789849863098693,0.4949341263408958,0.9882695704217888,0.7750678612232823,0.2249321387767177,47,3,0,0,
0,0,50,ZX_split,5.789849863098693,6.069124623615765,0.27927476051707156,0.9806278047883042,0.019372195211695753,24,1,10,15,
0,0,50,RL_adaptive,5.789849863098693,5.497787143782138,0.29206271931655525,0.9788259990900396,0.021174000909960355,49,0,0,1,0.9788259990900396
0,0,100,Z_only,5.789849863098693,0.6435011087932843,1.1368365528741773,0.7102334118352197,0.2897665881647803,90,10,0,0,
0,0,100,ZX_split,5.789849863098693,5.625296701997376,0.1645531611013169,0.993245825598991,0.0067541744010090055,47,3,8,42,
0,0,100,RL_adaptive,5.789849863098693,5.455706736340248,0.3341431267584456,0.9723458381972426,0.02765416180275737,95,4,0,1,0.9723458381972426
0,0,250,Z_only,5.789849863098693,0.4949341263408958,0.9882695704217888,0.7750678612232823,0.2249321387767177,235,15,0,0,
0,0,250,ZX_split,5.789849863098693,5.631810345362201,0.15803951773649239,0.9937688632475162,0.006231136752483768,113,12,24,101,
0,0,250,RL_adaptive,5.789849863098693,5.80518461690496,0.015334753806266477,0.9999412124834521,5.878751654786463e-05,1,0,60,189,0.9999412124834521
0,0,500,Z_only,5.789849863098693,0.5433142473551479,1.0366496914360406,0.7545533655233108,0.24544663447668924,464,36,0,0,
0,0,500,ZX_split,5.789849863098693,5.750681208877736,0.0391686542209575,0.9996165031649333,0.00038349683506666565,237,13,59,191,
0,0,500,RL_adaptive,5.789849863098693,5.415543577720805,0.37430628537788824,0.9653807433011578,0.03461925669884225,461,38,0,1,0.9653807433011578
0,1,10,Z_only,5.789849863098693,0.0,0.493335444080893,0.9403791035665776,0.05962089643342239,10,0,0,0,
0,1,10,ZX_split,5.789849863098693,5.497787143782138,0.29206271931655525,0.9788259990900396,0.021174000909960355,5,0,0,5,
0,1,10,RL_adaptive,5.789849863098693,5.373432149235376,0.41641771386331694,0.9572718965402491,0.042728103459750866,8,1,0,1,0.9572718965402491
0,1,25,Z_only,5.789849863098693,0.0,0.493335444080893,0.9403791035665776,0.05962089643342239,25,0,0,0,
0,1,25,ZX_split,5.789849863098693,5.916011473361367,0.12616161026267392,0.9960260872034848,0.0039739127965151555,12,0,4,9,
0,1,25,RL_adaptive,5.789849863098693,6.038206644052722,0.2483567809540288,0.9846588261561597,0.015341173843840261,1,0,9,15,0.9846588261561597
0,1,50,Z_only,5.789849863098693,0.40271584158066176,0.8960512856615548,0.8123491241299916,0.1876508758700084,48,2,0,0,
0,1,50,ZX_split,5.789849863098693,5.878293520894503,0.08844365779580965,0.9980457042681276,0.0019542957318724463,23,2,8,17,
0,1,50,RL_adaptive,5.789849863098693,5.476956823745921,0.31289303935277246,0.97572351955871,0.02427648044129005,48,1,0,1,0.97572351955871
0,1,100,Z_only,5.789849863098693,0.45102681179626264,0.9443622558771558,0.793129824761669,0.20687017523833096,95,5,0,0,
0,1,100,ZX_split,5.789849863098693,5.783838585499456,0.006011277599236919,0.99999096616261,9.033837390037824e-06,47,3,13,37,
0,1,100,RL_adaptive,5.789849863098693,5.433360304356585,0.3564895587421084,0.9685638462628496,0.03143615373715036,93,6,0,1,0.9685638462628496
0,1,250,Z_only,5.789849863098693,0.47781889725220456,0.9711543413330972,0.7821734775329786,0.2178265224670214,236,14,0,0,
0,1,250,ZX_split,5.789849863098693,5.755651691583134,0.03419817151555904,0.9997076497602453,0.00029235023975471286,120,5,29,96,
0,1,250,RL_adaptive,5.789849863098693,5.947047256394018,0.15719739329532523,0.9938349559639121,0.006165044036087863,1,0,81,168,0.9938349559639121
0,1,500,Z_only,5.789849863098693,0.41280279937633324,0.9061382434572263,0.80839501835168,0.19160498164831996,479,21,0,0,
0,1,500,ZX_split,5.789849863098693,5.855236810858104,0.06538694775941067,0.9989315175342793,0.001068482465720666,239,11,73,177,
0,1,500,RL_adaptive,5.789849863098693,0.8358815485713696,1.3292169926522623,0.6196181982833929,0.38038180171660707,475,24,1,0,0.6196181982833929
0,2,10,Z_only,5.789849863098693,0.0,0.493335444080893,0.9403791035665776,0.05962089643342239,10,0,0,0,
0,2,10,ZX_split,5.789849863098693,6.085789747329706,0.2959398842310126,0.9782642289748743,0.021735771025125694,5,0,2,3,
0,2,10,RL_adaptive,5.789849863098693,5.2194874847770265,0.5703623783216667,0.9208526844660075,0.07914731553399246,7,2,0,1,0.9208526844660075
0,2,25,Z_only,5.789849863098693,0.5735131044230967,1.06684854850399,0.7414431475420045,0.25855685245799553,23,2,0,0,
0,2,25,ZX_split,5.789849863098693,6.206413415909808,0.4165635528111151,0.9572423967057051,0.0427576032942949,12,0,6,7,
0,2,25,RL_adaptive,5.789849863098693,6.200044075291145,0.4101942121924518,0.9585216953647093,0.041478304635290675,1,0,11,13,0.9585216953647093
0,2,50,Z_only,5.789849863098693,0.5735131044230967,1.06684854850399,0.7414431475420045,0.25855685245799553,46,4,0,0,
0,2,50,ZX_split,5.789849863098693,5.633314857767639,0.15653500533105458,0.9938866962976448,0.006113303702355188,25,0,3,22,
0,2,50,RL_adaptive,5.789849863098693,5.455259609162353,0.3345902539363399,0.9722724711113464,0.027727528888653596,47,2,0,1,0.9722724711113464
0,2,100,Z_only,5.789849863098693,0.34816602127296103,0.8415014653538542,0.8331720090262092,0.16682799097379075,97,3,0,0,
0,2,100,ZX_split,5.789849863098693,5.632108585735106,0.1577412773635869,0.9937923101892553,0.00620768981074471,46,4,9,41,
0,2,100,RL_adaptive,5.789849863098693,5.433360304356585,0.3564895587421084,0.9685638462628496,0.03143615373715036,93,6,0,1,0.9685638462628496
0,2,250,Z_only,5.789849863098693,0.5276354822647822,1.020970926345675,0.7612691852828876,0.23873081471711244,233,17,0,0,
0,2,250,ZX_split,5.789849863098693,5.838403384200451,0.04855352110175737,0.9994107546702273,0.0005892453297726696,116,9,37,88,
0,2,250,RL_adaptive,5.789849863098693,5.811537868838894,0.021688005740200467,0.9998824122110052,0.00011758778899484401,1,0,61,188,0.9998824122110052
0,2,500,Z_only,5.789849863098693,0.41280279937633324,0.9061382434572263,0.80839501835168,0.19160498164831996,479,21,0,0,
0,2,500,ZX_split,5.789849863098693,5.676197643133178,0.11365221996551522,0.996774267653442,0.0032257323465579857,233,17,50,200,
0,2,500,RL_adaptive,5.789849863098693,5.429371603963795,0.36047825913489806,0.9678641191398122,0.032135880860187815,467,32,0,1,0.9678641191398122
0,3,10,Z_only,5.789849863098693,0.6435011087932843,1.1368365528741773,0.7102334118352197,0.2897665881647803,9,1,0,0,
0,3,10,ZX_split,5.789849863098693,6.085789747329706,0.2959398842310126,0.9782642289748743,0.021735771025125694,5,0,2,3,
0,3,10,RL_adaptive,5.789849863098693,5.373432149235376,0.41641771386331694,0.9572718965402491,0.042728103459750866,8,1,0,1,0.9572718965402491
0,3,25,Z_only,5.789849863098693,0.0,0.493335444080893,0.9403791035665776,0.05962089643342239,25,0,0,0,
0,3,25,ZX_split,5.789849863098693,5.490153704264645,0.2996961588340481,0.9777131181151538,0.022286881884846177,11,1,1,12,
0,3,25,RL_adaptive,5.789849863098693,5.961434752782944,0.1715848896842509,0.9926576969146291,0.0073423030853708715,1,0,8,16,0.9926576969146291
0,3,50,Z_only,5.789849863098693,0.283794109208328,0.7771295532892211,0.8564646662821616,0.14353533371783844,49,1,0,0,
0,3,50,ZX_split,5.789849863098693,5.630338676078812,0.15951118701988154,0.9936525211183852,0.006347478881614799,21,4,6,19,
0,3,50,RL_adaptive,5.789849863098693,5.476956823745921,0.31289303935277246,0.97572351955871,0.02427648044129005,48,1,0,1,0.97572351955871
0,3,100,Z_only,5.789849863098693,0.34816602127296103,0.8415014653538542,0.8331720090262092,0.16682799097379075,97,3,0,0,
0,3,100,ZX_split,5.789849863098693,5.93441430359568,0.14456444049698636,0.9947843735303342,0.0052156264696657795,47,3,17,33,
0,3,100,RL_adaptive,5.789849863098693,5.444645734937202,0.34520412816149104,0.970503198767267,0.029496801232733016,94,5,0,1,0.970503198767267
0,3,250,Z_only,5.789849863098693,0.4949341263408958,0.9882695704217888,0.7750678612232823,0.2249321387767177,235,15,0,0,
0,3,250,ZX_split,5.789849863098693,5.874029154419511,0.08417929132081792,0.9982295075970643,0.0017704924029356972,119,6,38,87,
0,3,250,RL_adaptive,5.789849863098693,5.80518461690496,0.015334753806266477,0.9999412124834521,5.878751654786463e-05,1,0,60,189,0.9999412124834521
0,3,500,Z_only,5.789849863098693,0.5115230036940773,1.0048584477749705,0.7681038511717185,0.23189614882828147,468,32,0,0,
0,3,500,ZX_split,5.789849863098693,5.790348910185986,0.0004990470872927588,0.9999999377380026,6.226199744663319e-08,233,17,67,183,
0,3,500,RL_adaptive,5.789849863098693,0.8699785020456048,1.3633139461264978,0.6029984661289834,0.39700153387101655,460,39,1,0,0.6029984661289834
0,4,10,Z_only,5.789849863098693,0.0,0.493335444080893,0.9403791035665776,0.05962089643342239,10,0,0,0,
0,4,10,ZX_split,5.789849863098693,5.742765806909002,0.047084056189691026,0.9994458752948366,0.0005541247051633613,5,0,1,4,
0,4,10,RL_adaptive,5.789849863098693,5.2194874847770265,0.5703623783216667,0.9208526844660075,0.07914731553399246,7,2,0,1,0.9208526844660075
0,4,25,Z_only,5.789849863098693,0.0,0.493335444080893,0.9403791035665776,0.05962089643342239,25,0,0,0,
0,4,25,ZX_split,5.789849863098693,5.949941006067913,0.16009114296922,0.9936063792703884,0.006393620729611582,10,2,5,8,
0,4,25,RL_adaptive,5.789849863098693,5.961434752782944,0.1715848896842509,0.9926576969146291,0.0073423030853708715,1,0,8,16,0.9926576969146291
0,4,50,Z_only,5.789849863098693,0.40271584158066176,0.8960512856615548,0.8123491241299916,0.1876508758700084,48,2,0,0,
0,4,50,ZX_split,5.789849863098693,5.683135093777833,0.10671476932086055,0.9971556902997167,0.002844309700283265,22,3,6,19,
0,4,50,RL_adaptive,5.789849863098693,5.432661980447752,0.35718788265094137,0.9684418791599141,0.03155812084008591,46,3,0,1,0.9684418791599141
0,4,100,Z_only,5.789849863098693,0.34816602127296103,0.8415014653538542,0.8331720090262092,0.16682799097379075,97,3,0,0,
0,4,100,ZX_split,5.789849863098693,5.764039192933064,0.025810670165629546,0.9998334615722376,0.00016653842776237493,46,4,13,37,
0,4,100,RL_adaptive,5.789849863098693,0.8850668158886104,1.3784022599695032,0.5956046676324938,0.40439533236750624,90,9,1,0,0.5956046676324938
0,4,250,Z_only,5.789849863098693,0.40271584158066176,0.8960512856615548,0.8123491241299916,0.1876508758700084,240,10,0,0,
0,4,250,ZX_split,5.789849863098693,5.837079758236182,0.04722989513748921,0.9994424379073136,0.0005575620926864255,120,5,35,90,
0,4,250,RL_adaptive,5.789849863098693,5.877324528949718,0.08747466585102437,0.9980882651955236,0.0019117348044763727,1,0,71,178,0.9980882651955236
0,4,500,Z_only,5.789849863098693,0.47781889725220456,0.9711543413330972,0.7821734775329786,0.2178265224670214,472,28,0,0,
0,4,500,ZX_split,5.789849863098693,5.79795831461225,0.008108451513557213,0.9999835633435685,1.6436656431473295e-05,235,15,67,183,
0,4,500,RL_adaptive,5.789849863098693,5.431644451544957,0.35820541155373586,0.9682637517788912,0.031736248221108765,468,31,0,1,0.9682637517788912
1,0,10,Z_only,2.1591070621340673,2.2142974355881813,0.05519037345411393,0.9992386989410796,0.0007613010589203606,2,8,0,0,
1,0,10,ZX_split,2.1591070621340673,2.111215827065481,0.04789123506858628,0.9994267169855473,0.0005732830144526968,1,4,5,0,
1,0,10,RL_adaptive,2.1591070621340673,1.6814535479687922,0.47765351416527513,0.9440380190925457,0.0559619809074543,4,5,1,0,0.9440380190925457
1,0,25,Z_only,2.1591070621340673,2.02639500019072,0.1327120619433475,0.99560333585779,0.004396664142209961,7,18,0,0,
1,0,25,ZX_split,2.1591070621340673,2.1962813670341257,0.03717430490005835,0.9996545575479585,0.00034544245204148893,3,9,11,2,
1,0,25,RL_adaptive,2.1591070621340673,0.5880026035475675,1.5711044585865,0.4998459341066364,0.5001540658933636,1,0,20,4,0.4998459341066364
1,0,50,Z_only,2.1591070621340673,2.165182126795959,0.0060750646618914494,0.9999907734257152,9.226574284815214e-06,11,39,0,0,
1,0,50,ZX_split,2.1591070621340673,2.461071428922579,0.30196436678851146,0.9773770681120834,0.022622931887916642,2,23,21,4,
1,0,50,RL_adaptive,2.1591070621340673,1.9756881130799802,0.18341894905408718,0.9916129254082113,0.008387074591788668,14,35,1,0,0.9916129254082113
1,0,100,Z_only,2.1591070621340673,1.731486979746807,0.42762008238726024,0.9549776463549549,0.04502235364504514,42,58,0,0,
1,0,100,ZX_split,2.1591070621340673,2.27068919651414,0.1115821343800727,0.9968905849976356,0.0031094150023643907,9,41,44,6,
1,0,100,RL_adaptive,2.1591070621340673,2.0931997585114255,0.06590730362264186,0.9989144498662403,0.0010855501337596607,21,78,1,0,0.9989144498662403
1,0,250,Z_only,2.1591070621340673,2.1083078339245485,0.050799228209518876,0.9993549983267733,0.000645001673226675,61,189,0,0,
1,0,250,ZX_split,2.1591070621340673,2.1197383479924277,0.03936871414163967,0.9996125761294676,0.00038742387053236627,31,94,114,11,
1,0,250,RL_adaptive,2.1591070621340673,2.4673416672310036,0.30823460509693623,0.9764353172688711,0.023564682731128883,0,1,224,25,0.9764353172688711
1,0,500,Z_only,2.1591070621340673,2.0219454818226903,0.13716158031137704,0.9953040443536764,0.004695955646323635,141,359,0,0,
1,0,500,ZX_split,2.1591070621340673,2.1126423596213555,0.04646470251271184,0.9994603549553077,0.0005396450446922829,63,187,228,22,
1,0,500,RL_adaptive,2.1591070621340673,2.0463955579366107,0.11271150419745668,0.9968273900454124,0.0031726099545875686,121,378,1,0,0.9968273900454124
1,1,10,Z_only,2.1591070621340673,2.2142974355881813,0.05519037345411393,0.9992386989410796,0.0007613010589203606,2,8,0,0,
1,1,10,ZX_split,2.1591070621340673,1.7681918866447774,0.3909151754892899,0.9622803667300267,0.037719633269973296,2,3,5,0,
1,1,10,RL_adaptive,2.1591070621340673,2.0778948311872334,0.08121223094683394,0.9983520494296586,0.0016479505703413944,2,7,1,0,0.9983520494296586
1,1,25,Z_only,2.1591070621340673,2.117647277490841,0.04145978464322653,0.9995703331163169,0.0004296668836830664,6,19,0,0,
1,1,25,ZX_split,2.1591070621340673,2.462178848181945,0.30307178604787754,0.9772121042469185,0.02278789575308149,2,10,10,3,
1,1,25,RL_adaptive,2.1591070621340673,2.356194490192345,0.1970874280582775,0.9903205293776659,0.009679470622334096,0,1,24,0,0.9903205293776659
1,1,50,Z_only,2.1591070621340673,2.5680795491666966,0.40897248703262923,0.9587649574288778,0.041235042571122205,4,46,0,0,
1,1,50,ZX_split,2.1591070621340673,1.9853032013796825,0.1738038607543848,0.9924670459917058,0.007532954008294235,7,18,25,0,
1,1,50,RL_adaptive,2.1591070621340673,2.1634937315299596,0.004386669395892273,0.999995189290617,4.810709382963019e-06,8,41,1,0,0.999995189290617
1,1,100,Z_only,2.1591070621340673,2.117647277490841,0.04145978464322653,0.9995703331163169,0.0004296668836830664,24,76,0,0,
1,1,100,ZX_split,2.1591070621340673,2.1815222911841055,0.02241522905003812,0.9998743946359132,0.00012560536408678935,11,39,45,5,
1,1,100,RL_adaptive,2.1591070621340673,2.0931997585114255,0.06590730362264186,0.9989144498662403,0.0010855501337596607,21,78,1,0,0.9989144498662403
1,1,250,Z_only,2.1591070621340673,1.999838522448283,0.15926853968578425,0.993671777105271,0.0063282228947290076,73,177,0,0,
1,1,250,ZX_split,2.1591070621340673,2.168940570458862,0.009833508324794682,0.9999758257233076,2.417427669243466e-05,24,101,119,6,
1,1,250,RL_adaptive,2.1591070621340673,2.433959429795077,0.27485236766100973,0.9812326381246822,0.0187673618753178,0,1,231,18,0.9812326381246822
1,1,500,Z_only,2.1591070621340673,2.2395390299972684,0.08043196786320106,0.9983835463621897,0.0016164536378102667,95,405,0,0,
1,1,500,ZX_split,2.1591070621340673,2.182213854006083,0.02310679187201581,0.9998665249812956,0.0001334750187044209,57,193,222,28,
1,1,500,RL_adaptive,2.1591070621340673,2.1106262044923,0.04848085764176746,0.9994125166921854,0.0005874833078145514,100,399,1,0,0.9994125166921854
1,2,10,Z_only,2.1591070621340673,2.2142974355881813,0.05519037345411393,0.9992386989410796,0.0007613010589203606,2,8,0,0,
1,2,10,ZX_split,2.1591070621340673,2.356194490192345,0.1970874280582775,0.9903205293776659,0.009679470622334096,2,3,3,2,
1,2,10,RL_adaptive,2.1591070621340673,2.2318394956455836,0.07273243351151626,0.9986780811796805,0.001321918820319512,1,8,1,0,0.9986780811796805
1,2,25,Z_only,2.1591070621340673,2.117647277490841,0.04145978464322653,0.9995703331163169,0.0004296668836830664,6,19,0,0,
1,2,25,ZX_split,2.1591070621340673,2.439335722080786,0.28022865994671875,0.9804961108594377,0.019503889140562336,0,12,12,1,
1,2,25,RL_adaptive,2.1591070621340673,2.356194490192345,0.1970874280582775,0.9903205293776659,0.009679470622334096,0,1,24,0,0.9903205293776659
1,2,50,Z_only,2.1591070621340673,2.318558961454817,0.15945189932074966,0.9936572287499486,0.006342771250051449,8,42,0,0,
1,2,50,ZX_split,2.1591070621340673,2.0852476398539244,0.07385942228014297,0.9986368163091044,0.0013631836908956085,6,19,24,1,
1,2,50,RL_adaptive,2.1591070621340673,2.0425738379756466,0.11653322415842071,0.9966088421820815,0.003391157817918544,12,37,1,0,0.9966088421820815
1,2,100,Z_only,2.1591070621340673,2.165182126795959,0.0060750646618914494,0.9999907734257152,9.226574284815214e-06,22,78,0,0,
1,2,100,ZX_split,2.1591070621340673,2.0778948311872334,0.08121223094683394,0.9983520494296586,0.0016479505703413944,15,35,43,7,
1,2,100,RL_adaptive,2.1591070621340673,4.205290475992353,2.0461834138582855,0.2711586766922533,0.7288413233077466,22,77,0,1,0.2711586766922533
1,2,250,Z_only,2.1591070621340673,2.1083078339245485,0.050799228209518876,0.9993549983267733,0.000645001673226675,61,189,0,0,
1,2,250,ZX_split,2.1591070621340673,2.1230146895455286,0.0360923725885387,0.9996743705112265,0.0003256294887734601,32,93,112,13,
1,2,250,RL_adaptive,2.1591070621340673,0.702976614724086,1.4561304474099814,0.5572073841592592,0.4427926158407408,1,0,230,19,0.5572073841592592
1,2,500,Z_only,2.1591070621340673,2.2549275815611507,0.09582051942708336,0.9977063627530764,0.002293637246923552,92,408,0,0,
1,2,500,ZX_split,2.1591070621340673,2.1939956567289625,0.03488859459489513,0.9996957273574208,0.0003042726425791509,56,194,221,29,
1,2,500,RL_adaptive,2.1591070621340673,2.089726598178378,0.0693804639556892,0.9987970704615098,0.0012029295384902161,107,392,1,0,0.9987970704615098
1,3,10,Z_only,2.1591070621340673,1.369438406004566,0.7896686561295014,0.8520403241067406,0.14795967589325942,6,4,0,0,
1,3,10,ZX_split,2.1591070621340673,1.7681918866447774,0.3909151754892899,0.9622803667300267,0.037719633269973296,2,3,5,0,
1,3,10,RL_adaptive,2.1591070621340673,2.0778948311872334,0.08121223094683394,0.9983520494296586,0.0016479505703413944,2,7,1,0,0.9983520494296586
1,3,25,Z_only,2.1591070621340673,2.117647277490841,0.04145978464322653,0.9995703331163169,0.0004296668836830664,6,19,0,0,
1,3,25,ZX_split,2.1591070621340673,2.104504518434158,0.054602543699909134,0.9992548257238723,0.0007451742761277469,3,9,12,1,
1,3,25,RL_adaptive,2.1591070621340673,0.6947382761967031,1.4643687859373642,0.5531133701603522,0.4468866298396478,1,0,22,2,0.5531133701603522
1,3,50,Z_only,2.1591070621340673,1.9823131728623844,0.17679388927168294,0.9922063119543335,0.007793688045666491,15,35,0,0,
1,3,50,ZX_split,2.1591070621340673,1.892546881191539,0.2665601809425284,0.9823413503007598,0.017658649699240248,9,16,23,2,
1,3,50,RL_adaptive,2.1591070621340673,2.1634937315299596,0.004386669395892273,0.999995189290617,4.810709382963019e-06,8,41,1,0,0.999995189290617
1,3,100,Z_only,2.1591070621340673,2.117647277490841,0.04145978464322653,0.9995703331163169,0.0004296668836830664,24,76,0,0,
1,3,100,ZX_split,2.1591070621340673,2.137525544318403,0.02158151781566442,0.9998835640415844,0.00011643595841559495,11,39,47,3,
1,3,100,RL_adaptive,2.1591070621340673,2.0931997585114255,0.06590730362264186,0.9989144498662403,0.0010855501337596607,21,78,1,0,0.9989144498662403
1,3,250,Z_only,2.1591070621340673,2.1083078339245485,0.050799228209518876,0.9993549983267733,0.000645001673226675,61,189,0,0,
1,3,250,ZX_split,2.1591070621340673,2.2397030294976945,0.08059596736362717,0.9983769513676977,0.0016230486323023374,21,104,115,10,
1,3,250,RL_adaptive,2.1591070621340673,2.452809050957558,0.29370198882349063,0.9785893598820768,0.021410640117923152,0,1,227,22,0.9785893598820768
1,3,500,Z_only,2.1591070621340673,2.1603619150050175,0.0012548528709501738,0.9999996063361195,3.936638804935555e-07,111,389,0,0,
1,3,500,ZX_split,2.1591070621340673,2.1865695669358853,0.027462504801818,0.9998114645572317,0.0001885354427683117,50,200,231,19,
1,3,500,RL_adaptive,2.1591070621340673,2.0775544636033727,0.08155259853069463,0.998338214745008,0.0016617852549920542,111,388,1,0,0.998338214745008
1,4,10,Z_only,2.1591070621340673,2.498091544796509,0.3389844826624415,0.9715464206371115,0.028453579362888504,1,9,0,0,
1,4,10,ZX_split,2.1591070621340673,2.356194490192345,0.1970874280582775,0.9903205293776659,0.009679470622334096,0,5,5,0,
1,4,10,RL_adaptive,2.1591070621340673,1.8925468811915387,0.26656018094252865,0.9823413503007595,0.01765864969924047,3,6,1,0,0.9823413503007595
1,4,25,Z_only,2.1591070621340673,2.4341094418104503,0.27500237967638297,0.9812122757158399,0.01878772428416009,3,22,0,0,
1,4,25,ZX_split,2.1591070621340673,2.238102461773251,0.07899539963918345,0.9984407428112527,0.0015592571887472761,2,10,12,1,
1,4,25,RL_adaptive,2.1591070621340673,2.399645385583876,0.24053832344980863,0.9856049366086364,0.01439506339136365,0,1,23,1,0.9856049366086364
1,4,50,Z_only,2.1591070621340673,2.0714510391994847,0.08765602293458263,0.9980803350411944,0.001919664958805578,13,37,0,0,
1,4,50,ZX_split,2.1591070621340673,2.0852476398539244,0.07385942228014297,0.9986368163091044,0.0013631836908956085,6,19,24,1,
1,4,50,RL_adaptive,2.1591070621340673,2.0425738379756466,0.11653322415842071,0.9966088421820815,0.003391157817918544,12,37,1,0,0.9966088421820815
1,4,100,Z_only,2.1591070621340673,1.9390642202315367,0.22004284190253065,0.9879440495313858,0.012055950468614185,32,68,0,0,
1,4,100,ZX_split,2.1591070621340673,2.0152155366959956,0.1438915254380717,0.9948327320557926,0.00516726794420741,15,35,46,4,
1,4,100,RL_adaptive,2.1591070621340673,2.0303953749196744,0.12871168721439297,0.9958640400598735,0.004135959940126499,25,74,1,0,0.9958640400598735
1,4,250,Z_only,2.1591070621340673,2.080593246951929,0.07851381518213829,0.9984596867117267,0.0015403132882733095,64,186,0,0,
1,4,250,ZX_split,2.1591070621340673,2.1239055012213233,0.03520156091274407,0.9996902445154312,0.00030975548456879665,27,98,120,5,
1,4,250,RL_adaptive,2.1591070621340673,2.5077999776306177,0.34869291549655035,0.9699100533426306,0.030089946657369415,0,1,216,33,0.9699100533426306
1,4,500,Z_only,2.1591070621340673,2.2142974355881813,0.05519037345411393,0.9992386989410796,0.0007613010589203606,100,400,0,0,
1,4,500,ZX_split,2.1591070621340673,2.17084654019665,0.011739478062582798,0.9999655465593917,3.445344060826194e-05,60,190,220,30,
1,4,500,RL_adaptive,2.1591070621340673,2.095750076326786,0.06335698580728133,0.9989968087311956,0.0010031912688044375,105,394,1,0,0.9989968087311956
2,0,10,Z_only,4.455694562832044,1.5707963267948966,2.884898236037148,0.016382751129898947,0.983617248870101,5,5,0,0,
2,0,10,ZX_split,4.455694562832044,5.252808480655274,0.7971139178232294,0.8493870767522198,0.1506129232477802,4,1,0,5,
2,0,10,RL_adaptive,4.455694562832044,4.205290475992353,0.2504040868396915,0.9844061849621716,0.015593815037828418,2,7,0,1,0.9844061849621716
2,0,25,Z_only,4.455694562832044,1.6910862091896848,2.76460835364236,0.035110502041116,0.964889497958884,11,14,0,0,
2,0,25,ZX_split,4.455694562832044,4.124386376837123,0.3313081859949216,0.9728088127964245,0.027191187203575495,2,10,0,13,
2,0,25,RL_adaptive,4.455694562832044,5.497787143782138,1.0420925809500936,0.7522072497751753,0.24779275022482472,1,0,0,24,0.7522072497751753
2,0,50,Z_only,4.455694562832044,1.9390642202315367,2.5166303426005077,0.09450741466668475,0.9054925853333152,16,34,0,0,
2,0,50,ZX_split,4.455694562832044,4.668938084993159,0.21324352216111464,0.9886748134767661,0.011325186523233888,12,13,1,24,
2,0,50,RL_adaptive,4.455694562832044,4.342482912928132,0.11321164990391264,0.9967992014604131,0.00320079853958688,15,34,0,1,0.9967992014604131
2,0,100,Z_only,4.455694562832044,1.6709637479564563,2.784730814875588,0.031501146577106696,0.9684988534228933,45,55,0,0,
2,0,100,ZX_split,4.455694562832044,4.670746401286101,0.2150518384540563,0.9884826666466651,0.011517333353334935,24,26,1,49,
2,0,100,RL_adaptive,4.455694562832044,4.408929068944868,0.04676549388717621,0.9994533467843361,0.0005466532156639392,34,65,0,1,0.9994533467843361
2,0,250,Z_only,4.455694562832044,1.7558507217203885,2.699843841111656,0.04799730408641785,0.9520026959135821,102,148,0,0,
2,0,250,ZX_split,4.455694562832044,4.39568888809712,0.06000567473492424,0.9991000998196449,0.0008999001803551288,43,82,3,122,
2,0,250,RL_adaptive,4.455694562832044,3.9106657367857656,0.5450288260462788,0.9275561732406924,0.0724438267593076,0,1,4,245,0.9275561732406924
2,0,500,Z_only,4.455694562832044,1.9007508446238126,2.5549437182082317,0.0835997941129075,0.9164002058870925,169,331,0,0,
2,0,500,ZX_split,4.455694562832044,4.393059728762293,0.06263483406975112,0.9990195399918709,0.0009804600081291248,84,166,1,249,
2,0,500,RL_adaptive,4.455694562832044,4.433295460736608,0.022399102095436163,0.9998745753004658,0.00012542469953424895,178,321,0,1,0.9998745753004658
2,1,10,Z_only,4.455694562832044,1.5707963267948966,2.884898236037148,0.016382751129898947,0.983617248870101,5,5,0,0,
2,1,10,ZX_split,4.455694562832044,5.252808480655274,0.7971139178232294,0.8493870767522198,0.1506129232477802,4,1,0,5,
2,1,10,RL_adaptive,4.455694562832044,4.3906384259880475,0.0650561368439968,0.9989422978864927,0.0010577021135073084,3,6,0,1,0.9989422978864927
2,1,25,Z_only,4.455694562832044,2.02639500019072,2.4292995626413245,0.12156741532659569,0.8784325846734043,7,18,0,0,
2,1,25,ZX_split,4.455694562832044,4.547240302970063,0.09154574013801842,0.9979063071826595,0.002093692817340509,5,7,0,13,
2,1,25,RL_adaptive,4.455694562832044,3.9269908169872414,0.528703745844803,0.931730822574486,0.06826917742551397,0,1,0,24,0.931730822574486
2,1,50,Z_only,4.455694562832044,1.6508819068285556,2.804812656003489,0.028088197258757892,0.9719118027412421,23,27,0,0,
2,1,50,ZX_split,4.455694562832044,4.339401258584629,0.11629330424741546,0.9966227755911743,0.0033772244088257075,8,17,1,24,
2,1,50,RL_adaptive,4.455694562832044,4.530740150384678,0.07504558755263346,0.9985927006070215,0.001407299392978456,20,29,0,1,0.9985927006070215
2,1,100,Z_only,4.455694562832044,1.6709637479564563,2.784730814875588,0.031501146577106696,0.9684988534228933,45,55,0,0,
2,1,100,ZX_split,4.455694562832044,4.3906384259880475,0.0650561368439968,0.9989422978864927,0.0010577021135073084,17,33,1,49,
2,1,100,RL_adaptive,4.455694562832044,4.372568103961823,0.08312645887022097,0.9982734924842613,0.0017265075157386622,32,67,0,1,0.9982734924842613
2,1,250,Z_only,4.455694562832044,1.871298590279576,2.5843959725524686,0.07562956785586833,0.9243704321441317,88,162,0,0,
2,1,250,ZX_split,4.455694562832044,4.469293554202846,0.01359899137080145,0.9999537675709212,4.623242907875191e-05,47,78,0,125,
2,1,250,RL_adaptive,4.455694562832044,5.518276079518226,1.0625815166861816,0.7433092275755885,0.2566907724244115,1,0,5,244,0.7433092275755885
2,1,500,Z_only,4.455694562832044,1.8796849008404717,2.5760096619915727,0.07786184300515016,0.9221381569948498,174,326,0,0,
2,1,500,ZX_split,4.455694562832044,4.5086442995008325,0.052949736668788105,0.9992992450936923,0.0007007549063077212,100,150,4,246,
2,1,500,RL_adaptive,4.455694562832044,4.44444201760254,0.01125254522950403,0.9999683453904747,3.165460952525567e-05,181,318,0,1,0.9999683453904747
2,2,10,Z_only,4.455694562832044,2.2142974355881813,2.241397127243863,0.18927160232945703,0.8107283976705429,2,8,0,0,
2,2,10,ZX_split,4.455694562832044,5.252808480655274,0.7971139178232294,0.8493870767522198,0.1506129232477802,4,1,0,5,
2,2,10,RL_adaptive,4.455694562832044,4.601731759210794,0.14603719637874946,0.9946777533154727,0.005322246684527299,4,5,0,1,0.9946777533154727
2,2,25,Z_only,4.455694562832044,1.5307856524409076,2.924908910391137,0.011692106382075445,0.9883078936179246,13,12,0,0,
2,2,25,ZX_split,4.455694562832044,4.3371181575287325,0.11857640530331182,0.996489025718028,0.0035109742819720013,4,8,1,12,
2,2,25,RL_adaptive,4.455694562832044,3.9269908169872414,0.528703745844803,0.931730822574486,0.06826917742551397,0,1,0,24,0.931730822574486
2,2,50,Z_only,4.455694562832044,1.6910862091896848,2.76460835364236,0.035110502041116,0.964889497958884,22,28,0,0,
2,2,50,ZX_split,4.455694562832044,4.266283431441286,0.1894111313907585,0.9910576389613591,0.008942361038640878,7,18,1,24,
2,2,50,RL_adaptive,4.455694562832044,4.530740150384678,0.07504558755263346,0.9985927006070215,0.001407299392978456,20,29,0,1,0.9985927006070215
2,2,100,Z_only,4.455694562832044,1.6910862091896848,2.76460835364236,0.035110502041116,0.964889497958884,44,56,0,0,
2,2,100,ZX_split,4.455694562832044,4.582686443228777,0.1269918803967327,0.9959736809606302,0.004026319039369786,22,28,2,48,
2,2,100,RL_adaptive,4.455694562832044,4.542330358792634,0.08663579596058923,0.9981247330970121,0.0018752669029878932,41,58,0,1,0.9981247330970121
2,2,250,Z_only,4.455694562832044,1.8965258140895267,2.5591687487425174,0.08243408195016251,0.9175659180498374,85,165,0,0,
2,2,250,ZX_split,4.455694562832044,4.42171649947149,0.03397806336055442,0.9997114005700509,0.00028859942994907684,45,80,4,121,
2,2,250,RL_adaptive,4.455694562832044,3.906501881251153,0.5491926815808914,0.9264731096095247,0.07352689039047533,0,1,5,244,0.9264731096095247
2,2,500,Z_only,4.455694562832044,1.7558507217203885,2.699843841111656,0.04799730408641785,0.9520026959135821,204,296,0,0,
2,2,500,ZX_split,4.455694562832044,4.400588346380853,0.055106216451191514,0.9992410183226025,0.0007589816773975189,86,164,4,246,
2,2,500,RL_adaptive,4.455694562832044,4.411216634596352,0.04447792823569241,0.9995055100032535,0.0004944899967465055,172,327,0,1,0.9995055100032535
2,3,10,Z_only,4.455694562832044,1.7721542475852272,2.683540315246817,0.05154227092571304,0.9484577290742869,4,6,0,0,
2,3,10,ZX_split,4.455694562832044,4.514993420534809,0.059298857702764884,0.9991211689375358,0.0008788310624642248,2,3,0,5,
2,3,10,RL_adaptive,4.455694562832044,4.051345811534002,0.40434875129804215,0.9596794032233943,0.04032059677660571,1,8,0,1,0.9596794032233943
2,3,25,Z_only,4.455694562832044,2.2142974355881813,2.241397127243863,0.18927160232945703,0.8107283976705429,5,20,0,0,
2,3,25,ZX_split,4.455694562832044,5.087659803240647,0.6319652404086025,0.9034340688016804,0.09656593119831958,8,4,1,12,
2,3,25,RL_adaptive,4.455694562832044,5.497787143782138,1.0420925809500936,0.7522072497751753,0.24779275022482472,1,0,0,24,0.7522072497751753
2,3,50,Z_only,4.455694562832044,1.8131621778338598,2.6425323849981845,0.06098364721686835,0.9390163527831317,19,31,0,0,
2,3,50,ZX_split,4.455694562832044,4.158081484183139,0.2976130786489053,0.9780195752420406,0.02198042475795936,6,19,2,23,
2,3,50,RL_adaptive,4.455694562832044,4.530740150384678,0.07504558755263346,0.9985927006070215,0.001407299392978456,20,29,0,1,0.9985927006070215
2,3,100,Z_only,4.455694562832044,1.960592623269157,2.495101939562887,0.10089866778063067,0.8991013322193693,31,69,0,0,
2,3,100,ZX_split,4.455694562832044,4.2487413713838835,0.20695319144816082,0.9893307557996791,0.010669244200320893,13,37,1,49,
2,3,100,RL_adaptive,4.455694562832044,4.302631052460306,0.15306351037173815,0.9941543167656759,0.005845683234324106,28,71,0,1,0.9941543167656759
2,3,250,Z_only,4.455694562832044,1.7803261199625178,2.6753684428695266,0.053364034019190425,0.9466359659808096,99,151,0,0,
2,3,250,ZX_split,4.455694562832044,4.584879422169451,0.12918485933740698,0.9958336171701161,0.004166382829883908,55,70,4,121,
2,3,250,RL_adaptive,4.455694562832044,3.906501881251153,0.5491926815808914,0.9264731096095247,0.07352689039047533,0,1,5,244,0.9264731096095247
2,3,500,Z_only,4.455694562832044,1.8587596496696206,2.596934913162424,0.07234766287716443,0.9276523371228356,179,321,0,0,
2,3,500,ZX_split,4.455694562832044,4.526051421607641,0.07035685877559672,0.998762988508396,0.0012370114916040453,102,148,3,247,
2,3,500,RL_adaptive,4.455694562832044,4.418543801692048,0.037150761139995936,0.9996549949201504,0.00034500507984958073,174,325,0,1,0.9996549949201504
2,4,10,Z_only,4.455694562832044,1.9823131728623844,2.47338138996966,0.10753440421698478,0.8924655957830152,3,7,0,0,
2,4,10,ZX_split,4.455694562832044,4.171969480114106,0.2837250827179387,0.9800096625651294,0.019990337434870553,1,4,0,5,
2,4,10,RL_adaptive,4.455694562832044,4.8230462015585855,0.3673516387265412,0.9666408816037214,0.033359118396278586,5,4,0,1,0.9666408816037214
2,4,25,Z_only,4.455694562832044,1.7721542475852272,2.683540315246817,0.05154227092571304,0.9484577290742869,10,15,0,0,
2,4,25,ZX_split,4.455694562832044,4.547240302970063,0.09154574013801842,0.9979063071826595,0.002093692817340509,5,7,0,13,
2,4,25,RL_adaptive,4.455694562832044,3.9269908169872414,0.528703745844803,0.931730822574486,0.06826917742551397,0,1,0,24,0.931730822574486
2,4,50,Z_only,4.455694562832044,1.731486979746807,2.7242075830852372,0.042923958925379216,0.9570760410746207,21,29,0,0,
2,4,50,ZX_split,4.455694562832044,4.366833399802977,0.08886116302906721,0.9980272220771933,0.001972777922806701,8,17,0,25,
2,4,50,RL_adaptive,4.455694562832044,4.6107001286216125,0.15500556578956814,0.9940053357558953,0.005994664244104664,22,27,0,1,0.9940053357558953
2,4,100,Z_only,4.455694562832044,2.048791525313849,2.4069030375181955,0.12898057142931202,0.871019428570688,27,73,0,0,
2,4,100,ZX_split,4.455694562832044,4.428594871176362,0.02709969165568271,0.9998164129138816,0.00018358708611843078,18,32,1,49,
2,4,100,RL_adaptive,4.455694562832044,4.3371181575287325,0.11857640530331182,0.996489025718028,0.0035109742819720013,30,69,0,1,0.996489025718028
2,4,250,Z_only,4.455694562832044,1.8049296062481859,2.6507649565838585,0.059028489609632785,0.9409715103903672,96,154,0,0,
2,4,250,ZX_split,4.455694562832044,4.420186473889942,0.03550808894210267,0.9996848270218223,0.0003151729781777357,44,81,1,124,
2,4,250,RL_adaptive,4.455694562832044,3.9269908169872414,0.528703745844803,0.931730822574486,0.06826917742551397,0,1,0,249,0.931730822574486
2,4,500,Z_only,4.455694562832044,1.8379633195229532,2.617731243309091,0.06705297171158008,0.9329470282884199,184,316,0,0,
2,4,500,ZX_split,4.455694562832044,4.395564494516471,0.06013006831557366,0.9990963660371232,0.0009036339628768486,85,165,3,247,
2,4,500,RL_adaptive,4.455694562832044,4.396662449504218,0.05903211332782643,0.9991290553647133,0.0008709446352866967,168,331,0,1,0.9991290553647133
3,0,10,Z_only,1.7339758325942292,1.5707963267948966,0.1631795057993326,0.9933578705021072,0.006642129497892779,5,5,0,0,
3,0,10,ZX_split,1.7339758325942292,2.111215827065481,0.3772399944712519,0.9648424198566392,0.03515758014336079,1,4,5,0,
3,0,10,RL_adaptive,1.7339758325942292,1.8925468811915387,0.15857104859730953,0.9937269666812004,0.006273033318799581,3,6,1,0,0.9937269666812004
3,0,25,Z_only,1.7339758325942292,1.7721542475852272,0.038178414990998055,0.9996356464169726,0.0003643535830274436,10,15,0,0,
3,0,25,ZX_split,1.7339758325942292,1.4056476493802699,0.3283281832139593,0.9732913808849881,0.026708619115011878,7,5,13,0,
3,0,25,RL_adaptive,1.7339758325942292,2.356194490192345,0.6222186575981157,0.9062936682563485,0.0937063317436515,0,1,24,0,0.9062936682563485
3,0,50,Z_only,1.7339758325942292,1.5707963267948966,0.1631795057993326,0.9933578705021072,0.006642129497892779,25,25,0,0,
3,0,50,ZX_split,1.7339758325942292,1.9163519073766089,0.18237607478237972,0.9917077641381903,0.008292235861809716,8,17,25,0,
3,0,50,RL_adaptive,1.7339758325942292,1.7126933813990606,0.021282451195168584,0.9998867685918231,0.0001132314081768726,21,28,1,0,0.9998867685918231
3,0,100,Z_only,1.7339758325942292,1.7112577415047523,0.022718091089476866,0.9998709776336181,0.00012902236638190345,43,57,0,0,
3,0,100,ZX_split,1.7339758325942292,1.8438050298816073,0.10982919728737817,0.996987416944777,0.003012583055223006,18,32,50,0,
3,0,100,RL_adaptive,1.7339758325942292,1.6413859166137703,0.09258991598045885,0.997858307562344,0.002141692437656051,46,53,1,0,0.997858307562344
3,0,250,Z_only,1.7339758325942292,1.7152986927364233,0.018677139857805836,0.9999127936467839,8.720635321612935e-05,107,143,0,0,
3,0,250,ZX_split,1.7339758325942292,1.5787961561347832,0.15517967645944597,0.9939918881782203,0.006008111821779738,62,63,125,0,
3,0,250,RL_adaptive,1.7339758325942292,0.7732036459491964,0.9607721866450327,0.786443623179774,0.213556376820226,1,0,246,3,0.786443623179774
3,0,500,Z_only,1.7339758325942292,1.6910862091896848,0.042889623404544386,0.9995401905432542,0.00045980945674584106,220,280,0,0,
3,0,500,ZX_split,1.7339758325942292,1.729451588981298,0.004524243612931134,0.9999948828136614,5.1171863385546246e-06,105,145,250,0,
3,0,500,RL_adaptive,1.7339758325942292,1.6963843663394385,0.037591466254790706,0.9996467620163989,0.0003532379836010957,218,281,1,0,0.9996467620163989
3,1,10,Z_only,1.7339758325942292,1.7721542475852272,0.038178414990998055,0.9996356464169726,0.0003643535830274436,4,6,0,0,
3,1,10,ZX_split,1.7339758325942292,1.7681918866447774,0.034216054050548284,0.9997073439649442,0.00029265603505579385,2,3,5,0,
3,1,10,RL_adaptive,1.7339758325942292,1.6814535479687922,0.052522284625436955,0.9993105109277891,0.0006894890722108915,4,5,1,0,0.9993105109277891
3,1,25,Z_only,1.7339758325942292,1.6910862091896848,0.042889623404544386,0.9995401905432542,0.00045980945674584106,11,14,0,0,
3,1,25,ZX_split,1.7339758325942292,1.5707963267948966,0.1631795057993326,0.9933578705021072,0.006642129497892779,6,6,13,0,
3,1,25,RL_adaptive,1.7339758325942292,0.7853981633974483,0.9485776691967809,0.7914197233112408,0.20858027668875923,1,0,24,0,0.7914197233112408
3,1,50,Z_only,1.7339758325942292,1.6910862091896848,0.042889623404544386,0.9995401905432542,0.00045980945674584106,22,28,0,0,
3,1,50,ZX_split,1.7339758325942292,1.5308176396716064,0.20315819292262272,0.9897171275661996,0.010282872433800438,13,12,25,0,
3,1,50,RL_adaptive,1.7339758325942292,1.8678605391359393,0.13388470654171014,0.9955254112929914,0.004474588707008564,17,32,1,0,0.9955254112929914
3,1,100,Z_only,1.7339758325942292,1.7721542475852272,0.038178414990998055,0.9996356464169726,0.0003643535830274436,40,60,0,0,
3,1,100,ZX_split,1.7339758325942292,1.695151321341658,0.03882451125257114,0.9996232116641617,0.0003767883358383184,22,28,49,1,
3,1,100,RL_adaptive,1.7339758325942292,1.760409942569286,0.026434109975056908,0.999825319629482,0.0001746803705180433,40,59,1,0,0.999825319629482
3,1,250,Z_only,1.7339758325942292,1.7233877984146082,0.010588034179620953,0.9999719736448821,2.8026355117893864e-05,106,144,0,0,
3,1,250,ZX_split,1.7339758325942292,1.6961854471364128,0.03779038545781632,0.9996430141794523,0.0003569858205476617,55,70,122,3,
3,1,250,RL_adaptive,1.7339758325942292,0.7813659271863548,0.9526099054078744,0.7897790866261152,0.21022091337388482,1,0,248,1,0.7897790866261152
3,1,500,Z_only,1.7339758325942292,1.8172847185679728,0.08330888597374364,0.9982659106627907,0.0017340893372093102,189,311,0,0,
3,1,500,ZX_split,1.7339758325942292,1.746388488745077,0.012412656150847745,0.9999614819863764,3.851801362364515e-05,103,147,249,1,
3,1,500,RL_adaptive,1.7339758325942292,1.7511788337677932,0.017203001173563992,0.9999260160122714,7.39839877286208e-05,204,295,1,0,0.9999260160122714
3,2,10,Z_only,1.7339758325942292,1.7721542475852272,0.038178414990998055,0.9996356464169726,0.0003643535830274436,4,6,0,0,
3,2,10,ZX_split,1.7339758325942292,1.373400766945016,0.36057506564921327,0.9678470440638359,0.032152955936164074,3,2,5,0,
3,2,10,RL_adaptive,1.7339758325942292,1.2490457723982544,0.48493006019597473,0.9423537767330347,0.057646223266965335,6,3,1,0,0.9423537767330347
3,2,25,Z_only,1.7339758325942292,1.9390642202315367,0.20508838763730752,0.9895214939374178,0.01047850606258216,8,17,0,0,
3,2,25,ZX_split,1.7339758325942292,1.5707963267948966,0.1631795057993326,0.9933578705021072,0.006642129497892779,6,6,13,0,
3,2,25,RL_adaptive,1.7339758325942292,2.356194490192345,0.6222186575981157,0.9062936682563485,0.0937063317436515,0,1,24,0,0.9062936682563485
3,2,50,Z_only,1.7339758325942292,1.6508819068285556,0.08309392576567354,0.9982748428447369,0.0017251571552631129,23,27,0,0,
3,2,50,ZX_split,1.7339758325942292,1.451367400776558,0.28260843181767115,0.9801656573964284,0.019834342603571642,14,11,25,0,
3,2,50,RL_adaptive,1.7339758325942292,1.791625096524245,0.057649263930015904,0.9991693706757101,0.0008306293242898999,19,30,1,0,0.9991693706757101
3,2,100,Z_only,1.7339758325942292,1.731486979746807,0.002488852847422063,0.9999984514036753,1.5485963247297008e-06,42,58,0,0,
3,2,100,ZX_split,1.7339758325942292,1.6539375586833378,0.08003827391089136,0.9983993234623204,0.0016006765376795906,23,27,49,1,
3,2,100,RL_adaptive,1.7339758325942292,1.7211677548020312,0.012808077792197947,0.9999589888464676,4.101115353238871e-05,42,57,1,0,0.9999589888464676
3,2,250,Z_only,1.7339758325942292,1.7967131683703763,0.06273733577614715,0.9990163293802077,0.0009836706197923206,97,153,0,0,
3,2,250,ZX_split,1.7339758325942292,1.5787961561347832,0.15517967645944597,0.9939918881782203,0.006008111821779738,62,63,125,0,
3,2,250,RL_adaptive,1.7339758325942292,2.364291479230083,0.6303156466358537,0.9039207532506719,0.0960792467493281,0,1,247,2,0.9039207532506719
3,2,500,Z_only,1.7339758325942292,1.7599217655351675,0.025945932940938388,0.999831711582134,0.00016828841786598048,203,297,0,0,
3,2,500,ZX_split,1.7339758325942292,1.6672701019774836,0.06670573061674556,0.9988879988025693,0.001112001197430712,113,137,249,1,
3,2,500,RL_adaptive,1.7339758325942292,1.7472970951936633,0.013321262599434114,0.9999556366467408,4.4363353259191385e-05,205,294,1,0,0.9999556366467408
3,3,10,Z_only,1.7339758325942292,1.9823131728623844,0.24833734026815524,0.9846612154365602,0.015338784563439845,3,7,0,0,
3,3,10,ZX_split,1.7339758325942292,2.356194490192345,0.6222186575981157,0.9062936682563485,0.0937063317436515,0,5,5,0,
3,3,10,RL_adaptive,1.7339758325942292,1.460139105621001,0.27383672697322825,0.9813702148027271,0.018629785197272875,5,4,1,0,0.9813702148027271
3,3,25,Z_only,1.7339758325942292,2.117647277490841,0.38367144489661165,0.9636482828037373,0.036351717196262734,6,19,0,0,
3,3,25,ZX_split,1.7339758325942292,1.5707963267948966,0.1631795057993326,0.9933578705021072,0.006642129497892779,6,6,13,0,
3,3,25,RL_adaptive,1.7339758325942292,0.7419472680059175,0.9920285645883117,0.7734964000501282,0.2265035999498718,1,0,23,1,0.7734964000501282
3,3,50,Z_only,1.7339758325942292,1.8131621778338598,0.07918634523963064,0.9984331996541449,0.0015668003458551016,19,31,0,0,
3,3,50,ZX_split,1.7339758325942292,1.373400766945016,0.36057506564921327,0.9678470440638359,0.032152955936164074,15,10,25,0,
3,3,50,RL_adaptive,1.7339758325942292,1.8678605391359393,0.13388470654171014,0.9955254112929914,0.004474588707008564,17,32,1,0,0.9955254112929914
3,3,100,Z_only,1.7339758325942292,1.8754889808102941,0.14151314821606498,0.9950018566352458,0.004998143364754237,35,65,0,0,
3,3,100,ZX_split,1.7339758325942292,1.776191715984664,0.042215883390434916,0.9995545209636366,0.00044547903636338315,20,30,49,1,
3,3,100,RL_adaptive,1.7339758325942292,1.7013624215945242,0.03261341099970494,0.9997341149240411,0.0002658850759589271,43,56,1,0,0.9997341149240411
3,3,250,Z_only,1.7339758325942292,1.8880937149070358,0.15411788231280665,0.9940736638856178,0.005926336114382202,86,164,0,0,
3,3,250,ZX_split,1.7339758325942292,1.8732256143357837,0.13924978174155456,0.9951602026674559,0.004839797332544138,43,82,125,0,
3,3,250,RL_adaptive,1.7339758325942292,2.356194490192345,0.6222186575981157,0.9062936682563485,0.0937063317436515,0,1,249,0,0.9062936682563485
3,3,500,Z_only,1.7339758325942292,1.7031826919398751,0.030793140654354012,0.999762964353161,0.00023703564683896783,217,283,0,0,
3,3,500,ZX_split,1.7339758325942292,1.7928782287003768,0.05890239610614767,0.9991328776829169,0.00086712231708308,97,153,249,1,
3,3,500,RL_adaptive,1.7339758325942292,1.7627907045999651,0.02881487200573596,0.9997924401497772,0.00020755985022280488,201,298,1,0,0.9997924401497772
3,4,10,Z_only,1.7339758325942292,1.9823131728623844,0.24833734026815524,0.9846612154365602,0.015338784563439845,3,7,0,0,
3,4,10,ZX_split,1.7339758325942292,1.373400766945016,0.36057506564921327,0.9678470440638359,0.032152955936164074,3,2,5,0,
3,4,10,RL_adaptive,1.7339758325942292,2.0778948311872334,0.34391899859300423,0.9707202468829212,0.029279753117078755,2,7,1,0,0.9707202468829212
3,4,25,Z_only,1.7339758325942292,2.02639500019072,0.29241916759649067,0.9787746529159732,0.02122534708402679,7,18,0,0,
3,4,25,ZX_split,1.7339758325942292,1.5707963267948966,0.1631795057993326,0.9933578705021072,0.006642129497892779,6,6,13,0,
3,4,25,RL_adaptive,1.7339758325942292,2.399645385583876,0.6656695529896468,0.8932517274921629,0.10674827250783714,0,1,23,1,0.8932517274921629
3,4,50,Z_only,1.7339758325942292,1.8965258140895267,0.16254998149529754,0.9934089078313955,0.00659109216860454,17,33,0,0,
3,4,50,ZX_split,1.7339758325942292,1.373400766945016,0.36057506564921327,0.9678470440638359,0.032152955936164074,15,10,25,0,
3,4,50,RL_adaptive,1.7339758325942292,1.9407023942514543,0.20672656165722514,0.9893540270718563,0.010645972928143732,15,34,1,0,0.9893540270718563
3,4,100,Z_only,1.7339758325942292,1.6508819068285556,0.08309392576567354,0.9982748428447369,0.0017251571552631129,46,54,0,0,
3,4,100,ZX_split,1.7339758325942292,1.5308176396716064,0.20315819292262272,0.9897171275661996,0.010282872433800438,26,24,50,0,
3,4,100,RL_adaptive,1.7339758325942292,1.760409942569286,0.026434109975056908,0.999825319629482,0.0001746803705180433,40,59,1,0,0.999825319629482
3,4,250,Z_only,1.7339758325942292,1.6108070011488855,0.12316883144534363,0.9962121520228546,0.0037878479771453755,120,130,0,0,
3,4,250,ZX_split,1.7339758325942292,1.5947917203867665,0.13918411220746263,0.9951647590719116,0.004835240928088402,61,64,125,0,
3,4,250,RL_adaptive,1.7339758325942292,2.3602267264034382,0.6262508938092091,0.9051152953341727,0.09488470466582732,0,1,248,1,0.9051152953341727
3,4,500,Z_only,1.7339758325942292,1.7639959842119959,0.03002015161776672,0.9997747145440901,0.00022528545590994042,202,298,0,0,
3,4,500,ZX_split,1.7339758325942292,1.7713168764723108,0.03734104387808168,0.999651452113263,0.000348547886736994,100,150,248,2,
3,4,500,RL_adaptive,1.7339758325942292,1.7666498678207334,0.03267403522650425,0.9997331255995325,0.000266874400467465,200,299,1,0,0.9997331255995325
4,0,10,Z_only,2.2155617064280895,2.2142974355881813,0.0012642708399082103,0.9999996004048641,3.9959513586929063e-07,2,8,0,0,
4,0,10,ZX_split,2.2155617064280895,2.601173153319209,0.3856114468911196,0.9632843124855444,0.03671568751445564,0,5,4,1,
4,0,10,RL_adaptive,2.2155617064280895,2.0778948311872334,0.13766687524085608,0.9952694361540657,0.004730563845934288,2,7,1,0,0.9952694361540657
4,0,25,Z_only,2.2155617064280895,2.117647277490841,0.09791442893724867,0.9976051054371776,0.0023948945628223806,6,19,0,0,
4,0,25,ZX_split,2.2155617064280895,2.1251038229964476,0.09045788343164185,0.9979557373552735,0.002044262644726458,4,8,10,3,
4,0,25,RL_adaptive,2.2155617064280895,2.498091544796509,0.2825298383684194,0.9801766142591049,0.01982338574089515,0,1,21,3,0.9801766142591049
4,0,50,Z_only,2.2155617064280895,2.5680795491666966,0.3525178427386071,0.9692531867074361,0.0307468132925639,4,46,0,0,
4,0,50,ZX_split,2.2155617064280895,1.727398203776912,0.48816350265117747,0.9415978366943316,0.058402163305668386,11,14,22,3,
4,0,50,RL_adaptive,2.2155617064280895,2.2175547530581867,0.0019930466300972505,0.9999990069416113,9.930583887429734e-07,6,43,1,0,0.9999990069416113
4,0,100,Z_only,2.2155617064280895,2.2395390299972684,0.02397732356917892,0.9998562788743965,0.00014372112560345762,19,81,0,0,
4,0,100,ZX_split,2.2155617064280895,2.0852476398539244,0.1303140665741651,0.995760565530821,0.00423943446917896,12,38,48,2,
4,0,100,RL_adaptive,2.2155617064280895,2.108239645376654,0.10732206105143538,0.9971232565939788,0.002876743406021176,20,79,1,0,0.9971232565939788
4,0,250,Z_only,2.2155617064280895,2.2652945924214523,0.049732885993362785,0.9993817874502993,0.0006182125497007362,45,205,0,0,
4,0,250,ZX_split,2.2155617064280895,2.25192287826469,0.03636117183660037,0.9996695027115723,0.0003304972884277113,24,101,110,15,
4,0,250,RL_adaptive,2.2155617064280895,2.4722623816352174,0.2567006752071279,0.9836164544993562,0.016383545500643804,0,1,223,26,0.9836164544993562
4,0,500,Z_only,2.2155617064280895,2.2293833504946985,0.013821644066609018,0.9999522412991413,4.7758700858713254e-05,97,403,0,0,
4,0,500,ZX_split,2.2155617064280895,2.2221712886122815,0.006609582184192053,0.9999890783955981,1.0921604401858964e-05,48,202,226,24,
4,0,500,RL_adaptive,2.2155617064280895,2.1106262044923,0.1049355019357896,0.9972496602697266,0.002750339730273388,100,399,1,0,0.9972496602697266
4,1,10,Z_only,2.2155617064280895,3.141592653589793,0.9260309471617036,0.8005054684441628,0.19949453155583718,0,10,0,0,
4,1,10,ZX_split,2.2155617064280895,2.601173153319209,0.3856114468911196,0.9632843124855444,0.03671568751445564,0,5,4,1,
4,1,10,RL_adaptive,2.2155617064280895,1.8925468811915387,0.3230148252365508,0.9741413712176057,0.02585862878239431,3,6,1,0,0.9741413712176057
4,1,25,Z_only,2.2155617064280895,2.02639500019072,0.18916670623736964,0.9910806345484833,0.008919365451516725,7,18,0,0,
4,1,25,ZX_split,2.2155617064280895,2.2848870254070546,0.0693253189789651,0.9987989811607549,0.0012010188392450605,4,8,9,4,
4,1,25,RL_adaptive,2.2155617064280895,2.5535900500422257,0.33802834361413625,0.9717051773059416,0.028294822694058364,0,1,20,4,0.9717051773059416
4,1,50,Z_only,2.2155617064280895,2.165182126795959,0.05037957963213069,0.9993656086852097,0.0006343913147902613,11,39,0,0,
4,1,50,ZX_split,2.2155617064280895,2.1251038229964476,0.09045788343164185,0.9979557373552735,0.002044262644726458,6,19,23,2,
4,1,50,RL_adaptive,2.2155617064280895,2.1051918035493102,0.11036990287877924,0.9969577113237672,0.003042288676232796,10,39,1,0,0.9969577113237672
4,1,100,Z_only,2.2155617064280895,2.2395390299972684,0.02397732356917892,0.9998562788743965,0.00014372112560345762,19,81,0,0,
4,1,100,ZX_split,2.2155617064280895,2.2073045425828477,0.008257163845241777,0.9999829549081541,1.7045091845857563e-05,8,42,48,2,
4,1,100,RL_adaptive,2.2155617064280895,2.0931997585114255,0.122361947916664,0.996261556390028,0.0037384436099719975,21,78,1,0,0.996261556390028
4,1,250,Z_only,2.2155617064280895,2.2043344930445032,0.011227213383586232,0.999968487750923,3.151224907704808e-05,51,199,0,0,
4,1,250,ZX_split,2.2155617064280895,2.2250828417097983,0.009521135281708837,0.9999773371669404,2.2662833059627907e-05,23,102,114,11,
4,1,250,RL_adaptive,2.2155617064280895,2.462459353083424,0.2468976466553343,0.9848376461441088,0.015162353855891153,0,1,225,24,0.9848376461441088
4,1,500,Z_only,2.2155617064280895,2.209306754936774,0.006254951491315275,0.9999902189273501,9.781072649928113e-06,101,399,0,0,
4,1,500,ZX_split,2.2155617064280895,2.274978183741607,0.059416477313517735,0.9991176801741853,0.0008823198258146592,46,204,218,32,
4,1,500,RL_adaptive,2.2155617064280895,2.1165036743720944,0.09905803205599506,0.9975488818534903,0.0024511181465096676,98,401,1,0,0.9975488818534903
4,2,10,Z_only,2.2155617064280895,2.2142974355881813,0.0012642708399082103,0.9999996004048641,3.9959513586929063e-07,2,8,0,0,
4,2,10,ZX_split,2.2155617064280895,2.111215827065481,0.10434587936260842,0.9972804532585169,0.0027195467414831143,1,4,5,0,
4,2,10,RL_adaptive,2.2155617064280895,1.8925468811915387,0.3230148252365508,0.9741413712176057,0.02585862878239431,3,6,1,0,0.9741413712176057
4,2,25,Z_only,2.2155617064280895,2.4341094418104503,0.21854773538236083,0.988106673630129,0.011893326369870949,3,22,0,0,
4,2,25,ZX_split,2.2155617064280895,1.7359450042095235,0.479616702218566,0.9435859282755242,0.05641407172447577,5,7,13,0,
4,2,25,RL_adaptive,2.2155617064280895,2.498091544796509,0.2825298383684194,0.9801766142591049,0.01982338574089515,0,1,21,3,0.9801766142591049
4,2,50,Z_only,2.2155617064280895,2.3745986457279264,0.15903693929983698,0.9936901293179281,0.006309870682071894,7,43,0,0,
4,2,50,ZX_split,2.2155617064280895,2.488746022489019,0.2731843160609295,0.9814583271762006,0.01854167282379937,4,21,19,6,
4,2,50,RL_adaptive,2.2155617064280895,4.119691575649627,1.9041298692215376,0.33640255280984066,0.6635974471901593,8,41,0,1,0.33640255280984066
4,2,100,Z_only,2.2155617064280895,2.189525017467148,0.02603668896094158,0.9998305322809555,0.00016946771904446933,21,79,0,0,
4,2,100,ZX_split,2.2155617064280895,2.356194490192345,0.14063278376425536,0.9950637486761813,0.004936251323818697,6,44,44,6,
4,2,100,RL_adaptive,2.2155617064280895,2.1230146895455286,0.09254701688256084,0.9978602902797375,0.0021397097202624504,19,80,1,0,0.9978602902797375
4,2,250,Z_only,2.2155617064280895,2.1944439370384514,0.021117769389638053,0.9998885140972833,0.00011148590271670145,52,198,0,0,
4,2,250,ZX_split,2.2155617064280895,2.1835129985743396,0.032048707853749914,0.999743242059116,0.0002567579408839782,27,98,113,12,
4,2,250,RL_adaptive,2.2155617064280895,2.47722171000155,0.26166000357346064,0.9829809460990804,0.017019053900919623,0,1,222,27,0.9829809460990804
4,2,500,Z_only,2.2155617064280895,2.219306866920777,0.0037451604926874715,0.9999964934473196,3.50655268044342e-06,99,401,0,0,
4,2,500,ZX_split,2.2155617064280895,2.264559944430833,0.04899823800274339,0.9993999132412942,0.0006000867587058201,41,209,226,24,
4,2,500,RL_adaptive,2.2155617064280895,2.1194267862283063,0.0961349201997832,0.9976912981718409,0.002308701828159121,97,402,1,0,0.9976912981718409
4,3,10,Z_only,2.2155617064280895,1.9823131728623844,0.23324853356570507,0.9864603330693749,0.013539666930625138,3,7,0,0,
4,3,10,ZX_split,2.2155617064280895,1.8925468811915387,0.3230148252365508,0.9741413712176057,0.02585862878239431,2,3,4,1,
4,3,10,RL_adaptive,2.2155617064280895,1.460139105621001,0.7554226008070886,0.8639909373076564,0.13600906269234359,5,4,1,0,0.8639909373076564
4,3,25,Z_only,2.2155617064280895,2.318558961454817,0.10299725502672752,0.9973502350953983,0.0026497649046016702,4,21,0,0,
4,3,25,ZX_split,2.2155617064280895,2.1962813670341257,0.019280339393963786,0.9999070700070174,9.29299929826044e-05,3,9,11,2,
4,3,25,RL_adaptive,2.2155617064280895,0.7853981633974483,1.4301635430306412,0.570084839635166,0.429915160364834,1,0,24,0,0.570084839635166
4,3,50,Z_only,2.2155617064280895,2.165182126795959,0.05037957963213069,0.9993656086852097,0.0006343913147902613,11,39,0,0,
4,3,50,ZX_split,2.2155617064280895,2.1251038229964476,0.09045788343164185,0.9979557373552735,0.002044262644726458,6,19,23,2,
4,3,50,RL_adaptive,2.2155617064280895,2.0744226229189926,0.14113908350909687,0.995028201289094,0.004971798710906028,11,38,1,0,0.995028201289094
4,3,100,Z_only,2.2155617064280895,2.318558961454817,0.10299725502672752,0.9973502350953983,0.0026497649046016702,16,84,0,0,
4,3,100,ZX_split,2.2155617064280895,2.0672190801997785,0.14834262622831096,0.9945086973213006,0.00549130267869935,12,38,49,1,
4,3,100,RL_adaptive,2.2155617064280895,2.0623251551598774,0.15323655126821212,0.9941411178943552,0.00585888210564478,23,76,1,0,0.9941411178943552
4,3,250,Z_only,2.2155617064280895,2.174870089165889,0.040691617262200275,0.9995861051867271,0.0004138948132729192,54,196,0,0,
4,3,250,ZX_split,2.2155617064280895,2.185045884776163,0.030515821651926345,0.9997672142225424,0.0002327857774575559,29,96,110,15,
4,3,250,RL_adaptive,2.2155617064280895,2.4872570420527786,0.27169533562468917,0.9816586561293634,0.018341343870636573,0,1,220,29,0.9816586561293634
4,3,500,Z_only,2.2155617064280895,2.2652945924214523,0.049732885993362785,0.9993817874502993,0.0006182125497007362,90,410,0,0,
4,3,500,ZX_split,2.2155617064280895,2.2111527918657394,0.004408914562350041,0.9999951403759676,4.85962403240503e-06,49,201,227,23,
4,3,500,RL_adaptive,2.2155617064280895,2.128133699415516,0.0874280070125737,0.9980903027849358,0.0019096972150641767,94,405,1,0,0.9980903027849358
4,4,10,Z_only,2.2155617064280895,2.2142974355881813,0.0012642708399082103,0.9999996004048641,3.9959513586929063e-07,2,8,0,0,
4,4,10,ZX_split,2.2155617064280895,2.111215827065481,0.10434587936260842,0.9972804532585169,0.0027195467414831143,1,4,5,0,
4,4,10,RL_adaptive,2.2155617064280895,2.2318394956455836,0.01627778921749412,0.9999337598571848,6.62401428151993e-05,1,8,1,0,0.9999337598571848
4,4,25,Z_only,2.2155617064280895,2.2142974355881813,0.0012642708399082103,0.9999996004048641,3.9959513586929063e-07,5,20,0,0,
4,4,25,ZX_split,2.2155617064280895,2.348561050674852,0.13299934424676252,0.9955843084015884,0.004415691598411597,1,11,12,1,
4,4,25,RL_adaptive,2.2155617064280895,2.44685437739309,0.23129267096500072,0.9866854408324037,0.013314559167596274,0,1,22,2,0.9866854408324037
4,4,50,Z_only,2.2155617064280895,2.2652945924214523,0.049732885993362785,0.9993817874502993,0.0006182125497007362,9,41,0,0,
4,4,50,ZX_split,2.2155617064280895,2.306236094470402,0.09067438804231243,0.9979459467592445,0.0020540532407554712,3,22,23,2,
4,4,50,RL_adaptive,2.2155617064280895,2.0425738379756466,0.17298786845244285,0.9925374368637476,0.007462563136252376,12,37,1,0,0.9925374368637476
4,4,100,Z_only,2.2155617064280895,2.2395390299972684,0.02397732356917892,0.9998562788743965,0.00014372112560345762,19,81,0,0,
4,4,100,ZX_split,2.2155617064280895,2.297438667476622,0.08187696104853259,0.9983249768829001,0.001675023117099883,9,41,43,7,
4,4,100,RL_adaptive,2.2155617064280895,2.108239645376654,0.10732206105143538,0.9971232565939788,0.002876743406021176,20,79,1,0,0.9971232565939788
4,4,250,Z_only,2.2155617064280895,2.1459932064098513,0.06956850001823822,0.998790543860785,0.0012094561392149705,57,193,0,0,
4,4,250,ZX_split,2.2155617064280895,2.3196254342788034,0.10406372785071394,0.9972951274392844,0.00270487256071561,23,102,105,20,
4,4,250,RL_adaptive,2.2155617064280895,2.429339625190785,0.21377791876269558,0.9886181962413048,0.011381803758695241,0,1,232,17,0.9886181962413048
4,4,500,Z_only,2.2155617064280895,2.2344511086616805,0.018889402233591035,0.9999108002731376,8.919972686238786e-05,96,404,0,0,
4,4,500,ZX_split,2.2155617064280895,2.2191283158821573,0.0035666094540678372,0.9999968198276219,3.1801723781033076e-06,50,200,224,26,
4,4,500,RL_adaptive,2.2155617064280895,2.086699209169593,0.1288624972584964,0.9958543556892608,0.0041456443107391605,108,391,1,0,0.9958543556892608
5,0,10,Z_only,0.11178108189121522,0.0,0.11178108189121522,0.9968794986884301,0.0031205013115699343,10,0,0,0,
5,0,10,ZX_split,0.11178108189121522,6.085789747329706,0.3091766417410957,0.9762922098013461,0.023707790198653877,5,0,2,3,
5,0,10,RL_adaptive,0.11178108189121522,5.497787143782138,0.8971792452886636,0.8119085327221606,0.18809146727783943,9,0,0,1,0.8119085327221606
5,0,25,Z_only,0.11178108189121522,0.0,0.11178108189121522,0.9968794986884301,0.0031205013115699343,25,0,0,0,
5,0,25,ZX_split,0.11178108189121522,0.2267988480538859,0.11501776616267068,0.9966963727745541,0.00330362722544586,12,0,8,5,
5,0,25,RL_adaptive,0.11178108189121522,6.200044075291145,0.19492231377965652,0.9905313597894538,0.009468640210546164,1,0,11,13,0.9905313597894538
5,0,50,Z_only,0.11178108189121522,0.0,0.11178108189121522,0.9968794986884301,0.0031205013115699343,50,0,0,0,
5,0,50,ZX_split,0.11178108189121522,0.1194289260183385,0.007647844127123285,0.9999853776913229,1.4622308677103568e-05,25,0,14,11,
5,0,50,RL_adaptive,0.11178108189121522,0.7853981633974483,0.673617081506233,0.8907851931881617,0.10921480681183826,49,0,1,0,0.8907851931881617
5,0,100,Z_only,0.11178108189121522,0.20033484232311968,0.08855376043190447,0.9980408386546206,0.0019591613453794343,99,1,0,0,
5,0,100,ZX_split,0.11178108189121522,0.1243549945467615,0.012573912655546277,0.9999604747008934,3.9525299106557554e-05,49,1,28,22,
5,0,100,RL_adaptive,0.11178108189121522,5.497787143782138,0.8971792452886636,0.8119085327221606,0.18809146727783943,99,0,0,1,0.8119085327221606
5,0,250,Z_only,0.11178108189121522,0.0,0.11178108189121522,0.9968794986884301,0.0031205013115699343,250,0,0,0,
5,0,250,ZX_split,0.11178108189121522,0.1194289260183385,0.007647844127123285,0.9999853776913229,1.4622308677103568e-05,125,0,70,55,
5,0,250,RL_adaptive,0.11178108189121522,0.08413824053117093,0.027642841360044287,0.9998089804944424,0.00019101950555755476,1,0,135,114,0.9998089804944424
5,0,500,Z_only,0.11178108189121522,0.08947256020449473,0.022308521686720484,0.9998755876248605,0.00012441237513949321,499,1,0,0,
5,0,500,ZX_split,0.11178108189121522,0.04834938665190292,0.0634316952393123,0.9989944422394454,0.001005557760554554,249,1,131,119,
5,0,500,RL_adaptive,0.11178108189121522,5.491738830439766,0.9032275586310359,0.8095392507187414,0.19046074928125856,496,3,0,1,0.8095392507187414
5,1,10,Z_only,0.11178108189121522,0.0,0.11178108189121522,0.9968794986884301,0.0031205013115699343,10,0,0,0,
5,1,10,ZX_split,0.11178108189121522,0.19739555984988072,0.0856144779586655,0.9981686593203869,0.0018313406796131027,5,0,3,2,
5,1,10,RL_adaptive,0.11178108189121522,5.497787143782138,0.8971792452886636,0.8119085327221606,0.18809146727783943,9,0,0,1,0.8119085327221606
5,1,25,Z_only,0.11178108189121522,0.0,0.11178108189121522,0.9968794986884301,0.0031205013115699343,25,0,0,0,
5,1,25,ZX_split,0.11178108189121522,6.206413415909808,0.18855297316099318,0.9911382454045523,0.00886175459544769,12,0,6,7,
5,1,25,RL_adaptive,0.11178108189121522,6.200044075291145,0.19492231377965652,0.9905313597894538,0.009468640210546164,1,0,11,13,0.9905313597894538
5,1,50,Z_only,0.11178108189121522,0.0,0.11178108189121522,0.9968794986884301,0.0031205013115699343,50,0,0,0,
5,1,50,ZX_split,0.11178108189121522,6.243206620056296,0.1517597690145056,0.9942532852351765,0.0057467147648234684,25,0,12,13,
5,1,50,RL_adaptive,0.11178108189121522,0.8062284834336654,0.6944474015424502,0.8842037302559016,0.1157962697440984,48,1,1,0,0.8842037302559016
5,1,100,Z_only,0.11178108189121522,0.0,0.11178108189121522,0.9968794986884301,0.0031205013115699343,100,0,0,0,
5,1,100,ZX_split,0.11178108189121522,6.203355321467349,0.1916110676034526,0.9908493481933943,0.00915065180660568,50,0,23,27,
5,1,100,RL_adaptive,0.11178108189121522,0.7853981633974483,0.673617081506233,0.8907851931881617,0.10921480681183826,99,0,1,0,0.8907851931881617
5,1,250,Z_only,0.11178108189121522,0.12657558596272397,0.014794504071508757,0.999945281660381,5.471833961900874e-05,249,1,0,0,
5,1,250,ZX_split,0.11178108189121522,6.275055404999642,0.11991098407115963,0.9964096441068757,0.0035903558931242863,124,1,62,63,
5,1,250,RL_adaptive,0.11178108189121522,0.10801172470004633,0.0037693571911688872,0.9999964479907968,3.552009203211526e-06,1,0,138,111,0.9999964479907968
5,1,500,Z_only,0.11178108189121522,0.12657558596272397,0.014794504071508757,0.999945281660381,5.471833961900874e-05,498,2,0,0,
5,1,500,ZX_split,0.11178108189121522,0.2545203582779489,0.14273927638673367,0.9949150172121802,0.0050849827878197695,248,2,157,93,
5,1,500,RL_adaptive,0.11178108189121522,0.7874061928270445,0.6756251109358293,0.890158084237737,0.10984191576226299,498,1,1,0,0.890158084237737
5,2,10,Z_only,0.11178108189121522,0.0,0.11178108189121522,0.9968794986884301,0.0031205013115699343,10,0,0,0,
5,2,10,ZX_split,0.11178108189121522,6.085789747329706,0.3091766417410957,0.9762922098013461,0.023707790198653877,5,0,2,3,
5,2,10,RL_adaptive,0.11178108189121522,0.7853981633974483,0.673617081506233,0.8907851931881617,0.10921480681183826,9,0,1,0,0.8907851931881617
5,2,25,Z_only,0.11178108189121522,0.0,0.11178108189121522,0.9968794986884301,0.0031205013115699343,25,0,0,0,
5,2,25,ZX_split,0.11178108189121522,0.07677189126977799,0.03500919062143723,0.9996936204376003,0.00030637956239965014,12,0,7,6,
5,2,25,RL_adaptive,0.11178108189121522,0.16514867741462685,0.05336759552341164,0.9992881439141997,0.0007118560858002665,1,0,14,10,0.9992881439141997
5,2,50,Z_only,0.11178108189121522,0.0,0.11178108189121522,0.9968794986884301,0.0031205013115699343,50,0,0,0,
5,2,50,ZX_split,0.11178108189121522,0.19739555984988072,0.0856144779586655,0.9981686593203869,0.0018313406796131027,25,0,15,10,
5,2,50,RL_adaptive,0.11178108189121522,0.7853981633974483,0.673617081506233,0.8907851931881617,0.10921480681183826,49,0,1,0,0.8907851931881617
5,2,100,Z_only,0.11178108189121522,0.20033484232311968,0.08855376043190447,0.9980408386546206,0.0019591613453794343,99,1,0,0,
5,2,100,ZX_split,0.11178108189121522,6.203355321467349,0.1916110676034526,0.9908493481933943,0.00915065180660568,50,0,23,27,
5,2,100,RL_adaptive,0.11178108189121522,0.7853981633974483,0.673617081506233,0.8907851931881617,0.10921480681183826,99,0,1,0,0.8907851931881617
5,2,250,Z_only,0.11178108189121522,0.0,0.11178108189121522,0.9968794986884301,0.0031205013115699343,250,0,0,0,
5,2,250,ZX_split,0.11178108189121522,0.08919361259173318,0.022587469299482035,0.9998724569804375,0.000127543019562526,124,1,68,57,
5,2,250,RL_adaptive,0.11178108189121522,0.08413824053117093,0.027642841360044287,0.9998089804944424,0.00019101950555755476,1,0,135,114,0.9998089804944424
5,2,500,Z_only,0.11178108189121522,0.08947256020449473,0.022308521686720484,0.9998755876248605,0.00012441237513949321,499,1,0,0,
5,2,500,ZX_split,0.11178108189121522,0.10445712347362113,0.00732395841759409,0.9999865899682179,1.3410031782123966e-05,249,1,138,112,
5,2,500,RL_adaptive,0.11178108189121522,0.7894222865448868,0.6776412046536715,0.8895268741304749,0.11047312586952507,497,2,1,0,0.8895268741304749
5,3,10,Z_only,0.11178108189121522,0.6435011087932843,0.531720026902069,0.930968131846459,0.06903186815354101,9,1,0,0,
5,3,10,ZX_split,0.11178108189121522,0.5404195002705843,0.42863841837936906,0.9547662552772744,0.045233744722725566,5,0,4,1,
5,3,10,RL_adaptive,0.11178108189121522,5.497787143782138,0.8971792452886636,0.8119085327221606,0.18809146727783943,9,0,0,1,0.8119085327221606
5,3,25,Z_only,0.11178108189121522,0.0,0.11178108189121522,0.9968794986884301,0.0031205013115699343,25,0,0,0,
5,3,25,ZX_split,0.11178108189121522,0.4939413689195813,0.3821602870283661,0.9639305872786611,0.0360694127213389,12,0,10,3,
5,3,25,RL_adaptive,0.11178108189121522,0.5880026035475675,0.4762215216563523,0.9443667047405465,0.055633295259453486,1,0,20,4,0.9443667047405465
5,3,50,Z_only,0.11178108189121522,0.0,0.11178108189121522,0.9968794986884301,0.0031205013115699343,50,0,0,0,
5,3,50,ZX_split,0.11178108189121522,0.03997868712329008,0.07180239476792513,0.9987116576821865,0.0012883423178134956,25,0,13,12,
5,3,50,RL_adaptive,0.11178108189121522,0.7853981633974483,0.673617081506233,0.8907851931881617,0.10921480681183826,49,0,1,0,0.8907851931881617
5,3,100,Z_only,0.11178108189121522,0.0,0.11178108189121522,0.9968794986884301,0.0031205013115699343,100,0,0,0,
5,3,100,ZX_split,0.11178108189121522,0.07982998571223733,0.031951096178977886,0.9997448035746007,0.00025519642539928444,50,0,27,23,
5,3,100,RL_adaptive,0.11178108189121522,0.7956018908914025,0.6838208090001874,0.8875822754142967,0.11241772458570332,98,1,1,0,0.8875822754142967
5,3,250,Z_only,0.11178108189121522,0.0,0.11178108189121522,0.9968794986884301,0.0031205013115699343,250,0,0,0,
5,3,250,ZX_split,0.11178108189121522,0.0877738923272204,0.02400718956399482,0.9998559206324626,0.00014407936753735306,125,0,68,57,
5,3,250,RL_adaptive,0.11178108189121522,0.17100417327622053,0.05922309138500531,0.9991234126166618,0.0008765873833381788,1,0,146,103,0.9991234126166618
5,3,500,Z_only,0.11178108189121522,0.08947256020449473,0.022308521686720484,0.9998755876248605,0.00012441237513949321,499,1,0,0,
5,3,500,ZX_split,0.11178108189121522,0.25255427577805956,0.14077319388684434,0.9950539031751972,0.004946096824802848,249,1,157,93,
5,3,500,RL_adaptive,0.11178108189121522,0.7853981633974483,0.673617081506233,0.8907851931881617,0.10921480681183826,499,0,1,0,0.8907851931881617
5,4,10,Z_only,0.11178108189121522,0.0,0.11178108189121522,0.9968794986884301,0.0031205013115699343,10,0,0,0,
5,4,10,ZX_split,0.11178108189121522,5.742765806909002,0.6522005821617993,0.8973750548365736,0.10262494516342635,5,0,1,4,
5,4,10,RL_adaptive,0.11178108189121522,5.497787143782138,0.8971792452886636,0.8119085327221606,0.18809146727783943,9,0,0,1,0.8119085327221606
5,4,25,Z_only,0.11178108189121522,0.0,0.11178108189121522,0.9968794986884301,0.0031205013115699343,25,0,0,0,
5,4,25,ZX_split,0.11178108189121522,0.07677189126977799,0.03500919062143723,0.9996936204376003,0.00030637956239965014,12,0,7,6,
5,4,25,RL_adaptive,0.11178108189121522,0.3217505543966422,0.20996947250542697,0.9890186390134409,0.010981360986559108,1,0,16,8,0.9890186390134409
5,4,50,Z_only,0.11178108189121522,0.0,0.11178108189121522,0.9968794986884301,0.0031205013115699343,50,0,0,0,
5,4,50,ZX_split,0.11178108189121522,6.010176604092876,0.3847897849779258,0.9634386801835243,0.0365613198164757,25,0,9,16,
5,4,50,RL_adaptive,0.11178108189121522,5.497787143782138,0.8971792452886636,0.8119085327221606,0.18809146727783943,49,0,0,1,0.8119085327221606
5,4,100,Z_only,0.11178108189121522,0.0,0.11178108189121522,0.9968794986884301,0.0031205013115699343,100,0,0,0,
5,4,100,ZX_split,0.11178108189121522,0.0,0.11178108189121522,0.9968794986884301,0.0031205013115699343,49,1,25,25,
5,4,100,RL_adaptive,0.11178108189121522,0.7853981633974483,0.673617081506233,0.8907851931881617,0.10921480681183826,99,0,1,0,0.8907851931881617
5,4,250,Z_only,0.11178108189121522,0.12657558596272397,0.014794504071508757,0.999945281660381,5.471833961900874e-05,249,1,0,0,
5,4,250,ZX_split,0.11178108189121522,0.18196468595918597,0.07018360406797075,0.9987690708240533,0.0012309291759466934,125,0,74,51,
5,4,250,RL_adaptive,0.11178108189121522,0.020077623013524004,0.09170345887769121,0.9978990918299468,0.0021009081700531507,1,0,127,122,0.9978990918299468
5,4,500,Z_only,0.11178108189121522,0.12657558596272397,0.014794504071508757,0.999945281660381,5.471833961900874e-05,498,2,0,0,
5,4,500,ZX_split,0.11178108189121522,0.17421578644294414,0.06243470455172892,0.9990257934408341,0.0009742065591659133,250,0,147,103,
5,4,500,RL_adaptive,0.11178108189121522,0.7874061928270445,0.6756251109358293,0.890158084237737,0.10984191576226299,498,1,1,0,0.890158084237737
6,0,10,Z_only,3.350049069071522,3.141592653589793,0.208456415481729,0.9891757624582276,0.010824237541772419,0,10,0,0,
6,0,10,ZX_split,3.350049069071522,3.3389882134396736,0.011060855631848554,0.9999694146799986,3.058532000144165e-05,0,5,2,3,
6,0,10,RL_adaptive,3.350049069071522,4.051345811534002,0.7012967424624801,0.8820030800159124,0.11799691998408757,1,8,0,1,0.8820030800159124
6,0,25,Z_only,3.350049069071522,3.141592653589793,0.208456415481729,0.9891757624582276,0.010824237541772419,0,25,0,0,
6,0,25,ZX_split,3.350049069071522,2.774418819771574,0.5756302492999481,0.9194246921388468,0.08057530786115319,0,12,9,4,
6,0,25,RL_adaptive,3.350049069071522,3.4633432079864352,0.11329413891491313,0.9967945403797243,0.0032054596202757413,0,1,8,16,0.9967945403797243
6,0,50,Z_only,3.350049069071522,3.141592653589793,0.208456415481729,0.9891757624582276,0.010824237541772419,0,50,0,0,
6,0,50,ZX_split,3.350049069071522,3.3389882134396736,0.011060855631848554,0.9999694146799986,3.058532000144165e-05,0,25,10,15,
6,0,50,RL_adaptive,3.350049069071522,2.356194490192345,0.9938545788791773,0.772731632165422,0.22726836783457804,0,49,1,0,0.772731632165422
6,0,100,Z_only,3.350049069071522,2.857798544381465,0.49225052469005703,0.9406357349386119,0.059364265061388144,2,98,0,0,
6,0,100,ZX_split,3.350049069071522,3.522099030702158,0.1720499616306359,0.9926179394732781,0.007382060526721856,0,50,15,35,
6,0,100,RL_adaptive,3.350049069071522,3.9371945444811955,0.5871454754096734,0.9162627188926475,0.08373728110735246,1,98,0,1,0.9162627188926475
6,0,250,Z_only,3.350049069071522,2.9220630693398637,0.4279859997316584,0.9549017417718859,0.045098258228114085,3,247,0,0,
6,0,250,ZX_split,3.350049069071522,3.292438015210733,0.05761105386078924,0.9991704710925307,0.0008295289074693457,0,125,53,72,
6,0,250,RL_adaptive,3.350049069071522,3.3203857083927146,0.029663360678807482,0.9997800373880521,0.00021996261194789923,0,1,102,147,0.9997800373880521
6,0,500,Z_only,3.350049069071522,2.9865179806254547,0.3635310884460674,0.9673235400695821,0.0326764599304179,3,497,0,0,
6,0,500,ZX_split,3.350049069071522,3.3482758720740424,0.0017731969974796868,0.9999992139433079,7.860566920703249e-07,1,249,99,151,
6,0,500,RL_adaptive,3.350049069071522,3.941217499366267,0.5911684302947449,0.9151450214809271,0.08485497851907287,7,492,0,1,0.9151450214809271
6,1,10,Z_only,3.350049069071522,3.141592653589793,0.208456415481729,0.9891757624582276,0.010824237541772419,0,10,0,0,
6,1,10,ZX_split,3.350049069071522,2.9441970937399127,0.40585197533160944,0.9593831846858213,0.04061681531417871,0,5,3,2,
6,1,10,RL_adaptive,3.350049069071522,2.356194490192345,0.9938545788791773,0.772731632165422,0.22726836783457804,0,9,1,0,0.772731632165422
6,1,25,Z_only,3.350049069071522,3.141592653589793,0.208456415481729,0.9891757624582276,0.010824237541772419,0,25,0,0,
6,1,25,ZX_split,3.350049069071522,3.218364544859571,0.1316845242119511,0.9956710575638126,0.004328942436187422,0,12,6,7,
6,1,25,RL_adaptive,3.350049069071522,3.30674133100442,0.043307738067102086,0.9995311832372539,0.00046881676274612705,0,1,10,14,0.9995311832372539
6,1,50,Z_only,3.350049069071522,2.7388768120091314,0.6111722570623908,0.9094879534493815,0.09051204655061851,2,48,0,0,
6,1,50,ZX_split,3.350049069071522,3.3389882134396736,0.011060855631848554,0.9999694146799986,3.058532000144165e-05,0,25,10,15,
6,1,50,RL_adaptive,3.350049069071522,3.9269908169872414,0.5769417479157193,0.9190673654872026,0.08093263451279742,0,49,0,1,0.9190673654872026
6,1,100,Z_only,3.350049069071522,2.9412578112666736,0.4087912578048485,0.9588009843151291,0.04119901568487094,1,99,0,0,
6,1,100,ZX_split,3.350049069071522,3.556099528174579,0.20605045910305675,0.9894233027016206,0.0105766972983794,0,50,14,36,
6,1,100,RL_adaptive,3.350049069071522,2.3459907626983907,1.0040583063731314,0.7684414594192995,0.23155854058070047,1,98,1,0,0.7684414594192995
6,1,250,Z_only,3.350049069071522,2.8879309175143377,0.4621181515571844,0.947555069378006,0.05244493062199396,4,246,0,0,
6,1,250,ZX_split,3.350049069071522,3.2293665459170136,0.12068252315450856,0.9963633491314716,0.0036366508685283794,0,125,57,68,
6,1,250,RL_adaptive,3.350049069071522,3.3969385230386466,0.04688945396712452,0.999450445476241,0.0005495545237590438,0,1,92,157,0.999450445476241
6,1,500,Z_only,3.350049069071522,2.8879309175143377,0.4621181515571844,0.947555069378006,0.05244493062199396,8,492,0,0,
6,1,500,ZX_split,3.350049069071522,3.3185828827531356,0.03146618631838649,0.9997524902027067,0.00024750979729326605,2,248,103,147,
6,1,500,RL_adaptive,3.350049069071522,3.9391606015506544,0.5891115324791323,0.9157173298860903,0.08428267011390966,6,493,0,1,0.9157173298860903
6,2,10,Z_only,3.350049069071522,3.141592653589793,0.208456415481729,0.9891757624582276,0.010824237541772419,0,10,0,0,
6,2,10,ZX_split,3.350049069071522,2.9441970937399127,0.40585197533160944,0.9593831846858213,0.04061681531417871,0,5,3,2,
6,2,10,RL_adaptive,3.350049069071522,3.9269908169872414,0.5769417479157193,0.9190673654872026,0.08093263451279742,0,9,0,1,0.9190673654872026
6,2,25,Z_only,3.350049069071522,3.141592653589793,0.208456415481729,0.9891757624582276,0.010824237541772419,0,25,0,0,
6,2,25,ZX_split,3.350049069071522,3.368391501643679,0.01834243257215684,0.9999158911500392,8.41088499607956e-05,0,12,5,8,
6,2,25,RL_adaptive,3.350049069071522,3.6052402625905993,0.25519119351907715,0.9838075251575371,0.01619247484246289,0,1,6,18,0.9838075251575371
6,2,50,Z_only,3.350049069071522,3.141592653589793,0.208456415481729,0.9891757624582276,0.010824237541772419,0,50,0,0,
6,2,50,ZX_split,3.350049069071522,3.556099528174579,0.20605045910305675,0.9894233027016206,0.0105766972983794,0,25,7,18,
6,2,50,RL_adaptive,3.350049069071522,3.9478211370234586,0.5977720679519365,0.9132957752902761,0.08670422470972394,1,48,0,1,0.9132957752902761
6,2,100,Z_only,3.350049069071522,2.857798544381465,0.49225052469005703,0.9406357349386119,0.059364265061388144,2,98,0,0,
6,2,100,ZX_split,3.350049069071522,3.141592653589793,0.208456415481729,0.9891757624582276,0.010824237541772419,1,49,25,25,
6,2,100,RL_adaptive,3.350049069071522,3.9269908169872414,0.5769417479157193,0.9190673654872026,0.08093263451279742,0,99,0,1,0.9190673654872026
6,2,250,Z_only,3.350049069071522,2.9624678387109036,0.38758123036061853,0.962912970796096,0.037087029203904054,2,248,0,0,
6,2,250,ZX_split,3.350049069071522,3.281174897513672,0.06887417155785025,0.9988145558453849,0.0011854441546150785,2,123,54,71,
6,2,250,RL_adaptive,3.350049069071522,3.249604378289839,0.10044469078168294,0.9974798359492102,0.002520164050789808,0,1,111,138,0.9974798359492102
6,2,500,Z_only,3.350049069071522,2.9220630693398637,0.4279859997316584,0.9549017417718859,0.045098258228114085,6,494,0,0,
6,2,500,ZX_split,3.350049069071522,3.3469880427795604,0.0030610262919616993,0.999997657531339,2.342468661042929e-06,5,245,100,150,
6,2,500,RL_adaptive,3.350049069071522,3.943282654441881,0.593233585370359,0.9145686485930047,0.08543135140699532,8,491,0,1,0.9145686485930047
6,3,10,Z_only,3.350049069071522,3.141592653589793,0.208456415481729,0.9891757624582276,0.010824237541772419,0,10,0,0,
6,3,10,ZX_split,3.350049069071522,2.9441970937399127,0.40585197533160944,0.9593831846858213,0.04061681531417871,0,5,3,2,
6,3,10,RL_adaptive,3.350049069071522,2.356194490192345,0.9938545788791773,0.772731632165422,0.22726836783457804,0,9,1,0,0.772731632165422
6,3,25,Z_only,3.350049069071522,3.141592653589793,0.208456415481729,0.9891757624582276,0.010824237541772419,0,25,0,0,
6,3,25,ZX_split,3.350049069071522,3.368391501643679,0.01834243257215684,0.9999158911500392,8.41088499607956e-05,0,12,5,8,
6,3,25,RL_adaptive,3.350049069071522,3.058451421701352,0.29159764737017024,0.9788929009695454,0.0211070990304546,0,1,13,11,0.9788929009695454
6,3,50,Z_only,3.350049069071522,3.141592653589793,0.208456415481729,0.9891757624582276,0.010824237541772419,0,50,0,0,
6,3,50,ZX_split,3.350049069071522,3.487148234171505,0.1370991650999831,0.995308310464368,0.004691689535632038,0,25,8,17,
6,3,50,RL_adaptive,3.350049069071522,3.9478211370234586,0.5977720679519365,0.9132957752902761,0.08670422470972394,1,48,0,1,0.9132957752902761
6,3,100,Z_only,3.350049069071522,2.9412578112666736,0.4087912578048485,0.9588009843151291,0.04119901568487094,1,99,0,0,
6,3,100,ZX_split,3.350049069071522,3.3389882134396736,0.011060855631848554,0.9999694146799986,3.058532000144165e-05,0,50,20,30,
6,3,100,RL_adaptive,3.350049069071522,2.3355788545667413,1.0144702145047808,0.764034949978953,0.23596505002104695,2,97,1,0,0.764034949978953
6,3,250,Z_only,3.350049069071522,2.8879309175143377,0.4621181515571844,0.947555069378006,0.05244493062199396,4,246,0,0,
6,3,250,ZX_split,3.350049069071522,3.4005984527608213,0.05054938368929918,0.9993613259666649,0.0006386740333350627,4,121,47,78,
6,3,250,RL_adaptive,3.350049069071522,3.3203857083927146,0.029663360678807482,0.9997800373880521,0.00021996261194789923,0,1,102,147,0.9997800373880521
6,3,500,Z_only,3.350049069071522,2.8724529207152405,0.4775961483562816,0.9440512037951597,0.05594879620484028,9,491,0,0,
6,3,500,ZX_split,3.350049069071522,3.3654206250603087,0.01537155598878659,0.9999409299797466,5.9070020253404465e-05,2,248,97,153,
6,3,500,RL_adaptive,3.350049069071522,2.356194490192345,0.9938545788791773,0.772731632165422,0.22726836783457804,0,499,1,0,0.772731632165422
6,4,10,Z_only,3.350049069071522,2.498091544796509,0.8519575242750133,0.8292556163495395,0.17074438365046052,1,9,0,0,
6,4,10,ZX_split,3.350049069071522,3.3389882134396736,0.011060855631848554,0.9999694146799986,3.058532000144165e-05,0,5,2,3,
6,4,10,RL_adaptive,3.350049069071522,3.9269908169872414,0.5769417479157193,0.9190673654872026,0.08093263451279742,0,9,0,1,0.9190673654872026
6,4,25,Z_only,3.350049069071522,3.141592653589793,0.208456415481729,0.9891757624582276,0.010824237541772419,0,25,0,0,
6,4,25,ZX_split,3.350049069071522,3.064820762320015,0.2852283067515069,0.9797987187514511,0.02020128124854892,0,12,7,6,
6,4,25,RL_adaptive,3.350049069071522,3.141592653589793,0.208456415481729,0.9891757624582276,0.010824237541772419,0,1,12,12,0.9891757624582276
6,4,50,Z_only,3.350049069071522,3.141592653589793,0.208456415481729,0.9891757624582276,0.010824237541772419,0,50,0,0,
6,4,50,ZX_split,3.350049069071522,3.4146013566765037,0.06455228760498155,0.9989586122383096,0.0010413877616903822,0,25,9,16,
6,4,50,RL_adaptive,3.350049069071522,2.356194490192345,0.9938545788791773,0.772731632165422,0.22726836783457804,0,49,1,0,0.772731632165422
6,4,100,Z_only,3.350049069071522,2.9412578112666736,0.4087912578048485,0.9588009843151291,0.04119901568487094,1,99,0,0,
6,4,100,ZX_split,3.350049069071522,3.4146013566765037,0.06455228760498155,0.9989586122383096,0.0010413877616903822,0,50,18,32,
6,4,100,RL_adaptive,3.350049069071522,3.947606452612845,0.5975573835413228,0.9133561782036261,0.08664382179637387,2,97,0,1,0.9133561782036261
6,4,250,Z_only,3.350049069071522,2.9220630693398637,0.4279859997316584,0.9549017417718859,0.045098258228114085,3,247,0,0,
6,4,250,ZX_split,3.350049069071522,3.3080383471383366,0.04201072193318556,0.999558839700068,0.00044116029993201966,0,125,52,73,
6,4,250,RL_adaptive,3.350049069071522,3.281239993204245,0.06880907586727725,0.9988167947225212,0.0011832052774788382,0,1,107,142,0.9988167947225212
6,4,500,Z_only,3.350049069071522,2.9412578112666736,0.4087912578048485,0.9588009843151291,0.04119901568487094,5,495,0,0,
6,4,500,ZX_split,3.350049069071522,3.3093557041330035,0.040693364938518606,0.9995860696378883,0.00041393036211168077,1,249,104,146,
6,4,500,RL_adaptive,3.350049069071522,3.937111928871164,0.5870628597996417,0.916285601451548,0.08371439854845197,5,494,0,1,0.916285601451548
7,0,10,Z_only,1.6482667162912847,1.7721542475852272,0.12388753129394248,0.9961678749874159,0.00383212501258412,4,6,0,0,
7,0,10,ZX_split,1.6482667162912847,1.373400766945016,0.27486594934626885,0.98123079501268,0.018769204987320043,3,2,5,0,
7,0,10,RL_adaptive,1.6482667162912847,1.6814535479687922,0.03318683167750747,0.9997246838208457,0.00027531617915432793,4,5,1,0,0.9997246838208457
7,0,25,Z_only,1.6482667162912847,1.8545904360032244,0.20632371971193963,0.9893953304820717,0.010604669517928267,9,16,0,0,
7,0,25,ZX_split,1.6482667162912847,1.7359450042095235,0.08767828791823873,0.9980793603369433,0.0019206396630566669,5,7,13,0,
7,0,25,RL_adaptive,1.6482667162912847,2.356194490192345,0.7079277739010601,0.8798554968640149,0.12014450313598513,0,1,24,0,0.8798554968640149
7,0,50,Z_only,1.6482667162912847,1.731486979746807,0.08322026345552236,0.9982695959591339,0.001730404040866107,21,29,0,0,
7,0,50,ZX_split,1.6482667162912847,1.8438050298816073,0.1955383135903226,0.9904716101253775,0.009528389874622456,9,16,25,0,
7,0,50,RL_adaptive,1.6482667162912847,1.7524451567949086,0.1041784405036239,0.9972891662211586,0.002710833778841404,20,29,1,0,0.9972891662211586
7,0,100,Z_only,1.6482667162912847,1.731486979746807,0.08322026345552236,0.9982695959591339,0.001730404040866107,42,58,0,0,
7,0,100,ZX_split,1.6482667162912847,1.5707963267948966,0.07747038949638818,0.9985003349530805,0.0014996650469194517,25,25,50,0,
7,0,100,RL_adaptive,1.6482667162912847,1.7798192696011612,0.13155255330987647,0.9956797174187468,0.004320282581253165,39,60,1,0,0.9956797174187468
7,0,250,Z_only,1.6482667162912847,1.5627962414591055,0.08547047483217929,0.9981748110034901,0.0018251889965098522,126,124,0,0,
7,0,250,ZX_split,1.6482667162912847,1.7059670254439057,0.05770030915262092,0.9991678994804944,0.000832100519505552,54,71,125,0,
7,0,250,RL_adaptive,1.6482667162912847,0.7853981633974483,0.8628685528938365,0.8251304376741625,0.1748695623258375,1,0,249,0,0.8251304376741625
7,0,500,Z_only,1.6482667162912847,1.7072190978094646,0.05895238151817983,0.9991314057802057,0.0008685942197943497,216,284,0,0,
7,0,500,ZX_split,1.6482667162912847,1.5546686929512603,0.09359802334002443,0.9978114509552158,0.0021885490447841605,127,123,249,1,
7,0,500,RL_adaptive,1.6482667162912847,1.5848234628390607,0.06344325345222401,0.9989940758733719,0.0010059241266281438,246,253,1,0,0.9989940758733719
7,1,10,Z_only,1.6482667162912847,1.7721542475852272,0.12388753129394248,0.9961678749874159,0.00383212501258412,4,6,0,0,
7,1,10,ZX_split,1.6482667162912847,1.0303768265243125,0.6178898897669722,0.9075513460339587,0.0924486539660413,4,1,5,0,
7,1,10,RL_adaptive,1.6482667162912847,1.6814535479687922,0.03318683167750747,0.9997246838208457,0.00027531617915432793,4,5,1,0,0.9997246838208457
7,1,25,Z_only,1.6482667162912847,1.6108070011488855,0.03745971514239921,0.9996492334554262,0.0003507665445737773,12,13,0,0,
7,1,25,ZX_split,1.6482667162912847,1.5707963267948966,0.07747038949638818,0.9985003349530805,0.0014996650469194517,6,6,13,0,
7,1,25,RL_adaptive,1.6482667162912847,2.356194490192345,0.7079277739010601,0.8798554968640149,0.12014450313598513,0,1,24,0,0.8798554968640149
7,1,50,Z_only,1.6482667162912847,1.4505064444001083,0.1977602718911764,0.9902545422803113,0.00974545771968871,28,22,0,0,
7,1,50,ZX_split,1.6482667162912847,1.690225252813235,0.04195853652195036,0.9995599348708282,0.0004400651291718294,11,14,25,0,
7,1,50,RL_adaptive,1.6482667162912847,1.6724851785579735,0.02421846226668878,0.9998533736883448,0.0001466263116551847,22,27,1,0,0.9998533736883448
7,1,100,Z_only,1.6482667162912847,1.6709637479564563,0.022697031665171563,0.9998712167171553,0.0001287832828447133,45,55,0,0,
7,1,100,ZX_split,1.6482667162912847,1.6107750139181867,0.03749170237309807,0.9996486342236416,0.00035136577635841437,24,26,50,0,
7,1,100,RL_adaptive,1.6482667162912847,1.460139105621001,0.18812761067028383,0.9911780654575898,0.008821934542410204,55,44,1,0,0.9911780654575898
7,1,250,Z_only,1.6482667162912847,1.6108070011488855,0.03745971514239921,0.9996492334554262,0.0003507665445737773,120,130,0,0,
7,1,250,ZX_split,1.6482667162912847,1.7216416884158363,0.07337497212455157,0.9986546321379463,0.001345367862053748,53,72,125,0,
7,1,250,RL_adaptive,1.6482667162912847,2.3602267264034382,0.7119600101121535,0.8785414096749102,0.12145859032508977,0,1,248,1,0.8785414096749102
7,1,500,Z_only,1.6482667162912847,1.6669443977002805,0.018677681408995728,0.9999127885896906,8.721141030942903e-05,226,274,0,0,
7,1,500,ZX_split,1.6482667162912847,1.6744237867917684,0.02615707050048366,0.9998289616679683,0.00017103833203169216,112,138,250,0,
7,1,500,RL_adaptive,1.6482667162912847,1.6288472624093189,0.019419453881965865,0.999905724165525,9.427583447496612e-05,235,264,1,0,0.999905724165525
7,2,10,Z_only,1.6482667162912847,1.5707963267948966,0.07747038949638818,0.9985003349530805,0.0014996650469194517,5,5,0,0,
7,2,10,ZX_split,1.6482667162912847,1.0303768265243125,0.6178898897669722,0.9075513460339587,0.0924486539660413,4,1,5,0,
7,2,10,RL_adaptive,1.6482667162912847,1.6814535479687922,0.03318683167750747,0.9997246838208457,0.00027531617915432793,4,5,1,0,0.9997246838208457
7,2,25,Z_only,1.6482667162912847,0.9272952180016121,0.7209714982896727,0.8755823916900768,0.12441760830992321,20,5,0,0,
7,2,25,ZX_split,1.6482667162912847,1.5707963267948966,0.07747038949638818,0.9985003349530805,0.0014996650469194517,6,6,13,0,
7,2,25,RL_adaptive,1.6482667162912847,0.7853981633974483,0.8628685528938365,0.8251304376741625,0.1748695623258375,1,0,24,0,0.8251304376741625
7,2,50,Z_only,1.6482667162912847,1.5707963267948966,0.07747038949638818,0.9985003349530805,0.0014996650469194517,25,25,0,0,
7,2,50,ZX_split,1.6482667162912847,1.5308176396716064,0.1174490766196783,0.996555390992861,0.0034446090071390545,13,12,25,0,
7,2,50,RL_adaptive,1.6482667162912847,1.791625096524245,0.14335838023296033,0.9948708870387868,0.005129112961213211,19,30,1,0,0.9948708870387868
7,2,100,Z_only,1.6482667162912847,1.6709637479564563,0.022697031665171563,0.9998712167171553,0.0001287832828447133,45,55,0,0,
7,2,100,ZX_split,1.6482667162912847,1.5707963267948966,0.07747038949638818,0.9985003349530805,0.0014996650469194517,25,25,50,0,
7,2,100,RL_adaptive,1.6482667162912847,1.8925468811915387,0.24428016490025395,0.9851558370846955,0.014844162915304548,33,66,1,0,0.9851558370846955
7,2,250,Z_only,1.6482667162912847,1.6910862091896848,0.042819492898400036,0.9995416927892663,0.0004583072107336994,110,140,0,0,
7,2,250,ZX_split,1.6482667162912847,1.5947917203867665,0.05347499590451821,0.999285276544729,0.0007147234552710158,61,64,125,0,
7,2,250,RL_adaptive,1.6482667162912847,2.356194490192345,0.7079277739010601,0.8798554968640149,0.12014450313598513,0,1,249,0,0.8798554968640149
7,2,500,Z_only,1.6482667162912847,1.6870580641182238,0.03879134782693905,0.9996238550045917,0.0003761449954082785,221,279,0,0,
7,2,500,ZX_split,1.6482667162912847,1.6981040686657507,0.04983735237446596,0.9993791880887718,0.0006208119112282029,109,141,250,0,
7,2,500,RL_adaptive,1.6482667162912847,1.620854672541494,0.02741204374979067,0.9998121567272418,0.00018784327275822577,237,262,1,0,0.9998121567272418
7,3,10,Z_only,1.6482667162912847,1.1592794807274087,0.488987235563876,0.9414045195950747,0.05859548040492535,7,3,0,0,
7,3,10,ZX_split,1.6482667162912847,1.7681918866447774,0.1199251703534927,0.996408795548204,0.0035912044517959485,2,3,5,0,
7,3,10,RL_adaptive,1.6482667162912847,1.460139105621001,0.18812761067028383,0.9911780654575898,0.008821934542410204,5,4,1,0,0.9911780654575898
7,3,25,Z_only,1.6482667162912847,1.6910862091896848,0.042819492898400036,0.9995416927892663,0.0004583072107336994,11,14,0,0,
7,3,25,ZX_split,1.6482667162912847,1.8925468811915387,0.24428016490025395,0.9851558370846955,0.014844162915304548,4,8,13,0,
7,3,25,RL_adaptive,1.6482667162912847,0.7853981633974483,0.8628685528938365,0.8251304376741625,0.1748695623258375,1,0,24,0,0.8251304376741625
7,3,50,Z_only,1.6482667162912847,1.6508819068285556,0.002615190537270884,0.9999982901955881,1.7098044119423506e-06,23,27,0,0,
7,3,50,ZX_split,1.6482667162912847,1.9163519073766089,0.26808519108532414,0.9821399344787065,0.01786006552129349,8,17,25,0,
7,3,50,RL_adaptive,1.6482667162912847,1.631944489444198,0.01632222684708684,0.9999333977063622,6.660229363775194e-05,23,26,1,0,0.9999333977063622
7,3,100,Z_only,1.6482667162912847,1.7517827780414443,0.1035160617501596,0.9973234975429122,0.002676502457087837,41,59,0,0,
7,3,100,ZX_split,1.6482667162912847,1.690225252813235,0.04195853652195036,0.9995599348708282,0.0004400651291718294,22,28,50,0,
7,3,100,RL_adaptive,1.6482667162912847,1.7798192696011612,0.13155255330987647,0.9956797174187468,0.004320282581253165,39,60,1,0,0.9956797174187468
7,3,250,Z_only,1.6482667162912847,1.7233877984146082,0.07512108212332347,0.9985898690771701,0.001410130922829933,106,144,0,0,
7,3,250,ZX_split,1.6482667162912847,1.6744237867917684,0.02615707050048366,0.9998289616679683,0.00017103833203169216,56,69,125,0,
7,3,250,RL_adaptive,1.6482667162912847,2.356194490192345,0.7079277739010601,0.8798554968640149,0.12014450313598513,0,1,249,0,0.8798554968640149
7,3,500,Z_only,1.6482667162912847,1.6468696802823508,0.0013970360089339273,0.9999995120726768,4.879273232116788e-07,231,269,0,0,
7,3,500,ZX_split,1.6482667162912847,1.6107750139181867,0.03749170237309807,0.9996486342236416,0.00035136577635841437,120,130,250,0,
7,3,500,RL_adaptive,1.6482667162912847,1.6527765043037466,0.004509788012461824,0.999994915461638,5.084538362010171e-06,229,270,1,0,0.999994915461638
7,4,10,Z_only,1.6482667162912847,1.7721542475852272,0.12388753129394248,0.9961678749874159,0.00383212501258412,4,6,0,0,
7,4,10,ZX_split,1.6482667162912847,1.7681918866447774,0.1199251703534927,0.996408795548204,0.0035912044517959485,2,3,5,0,
7,4,10,RL_adaptive,1.6482667162912847,1.2490457723982544,0.3992209438930303,0.9606820466004535,0.03931795339954647,6,3,1,0,0.9606820466004535
7,4,25,Z_only,1.6482667162912847,1.6910862091896848,0.042819492898400036,0.9995416927892663,0.0004583072107336994,11,14,0,0,
7,4,25,ZX_split,1.6482667162912847,1.5707963267948966,0.07747038949638818,0.9985003349530805,0.0014996650469194517,6,6,13,0,
7,4,25,RL_adaptive,1.6482667162912847,2.356194490192345,0.7079277739010601,0.8798554968640149,0.12014450313598513,0,1,24,0,0.8798554968640149
7,4,50,Z_only,1.6482667162912847,1.8131621778338598,0.16489546154257506,0.9932177603208472,0.006782239679152813,19,31,0,0,
7,4,50,ZX_split,1.6482667162912847,1.5308176396716064,0.1174490766196783,0.996555390992861,0.0034446090071390545,13,12,25,0,
7,4,50,RL_adaptive,1.6482667162912847,1.5096481641455954,0.1386185521456893,0.9952039114122914,0.004796088587708636,26,23,1,0,0.9952039114122914
7,4,100,Z_only,1.6482667162912847,1.731486979746807,0.08322026345552236,0.9982695959591339,0.001730404040866107,42,58,0,0,
7,4,100,ZX_split,1.6482667162912847,1.690225252813235,0.04195853652195036,0.9995599348708282,0.0004400651291718294,22,28,50,0,
7,4,100,RL_adaptive,1.6482667162912847,1.6614562139956417,0.013189497704356956,0.9999565099180536,4.349008194637349e-05,45,54,1,0,0.9999565099180536
7,4,250,Z_only,1.6482667162912847,1.6749847225361925,0.02671800624490772,0.999821547651665,0.0001784523483350231,112,138,0,0,
7,4,250,ZX_split,1.6482667162912847,1.6114243644762698,0.03684235181501494,0.9996606986602639,0.0003393013397361422,60,65,124,1,
7,4,250,RL_adaptive,1.6482667162912847,2.356194490192345,0.7079277739010601,0.8798554968640149,0.12014450313598513,0,1,249,0,0.8798554968640149
7,4,500,Z_only,1.6482667162912847,1.719342021565405,0.0710753052741202,0.9987376068151751,0.001262393184824906,213,287,0,0,
7,4,500,ZX_split,1.6482667162912847,1.6267378980284577,0.021528818262827043,0.9998841319714614,0.00011586802853857936,118,132,250,0,
7,4,500,RL_adaptive,1.6482667162912847,1.6168559119209793,0.03141080437030541,0.9997533606218644,0.00024663937813562686,238,261,1,0,0.9997533606218644
8,0,10,Z_only,0.5865832048435938,0.0,0.5865832048435938,0.9164183983252032,0.08358160167479678,10,0,0,0,
8,0,10,ZX_split,0.5865832048435938,0.7853981633974483,0.19881495855385445,0.9901506605060788,0.009849339493921194,5,0,5,0,
8,0,10,RL_adaptive,0.5865832048435938,0.9097531579442099,0.323169953100616,0.9741167446337488,0.025883255366251245,8,1,1,0,0.9741167446337488
8,0,25,Z_only,0.5865832048435938,0.7074832117793429,0.1209000069357491,0.9963502459789451,0.0036497540210549406,22,3,0,0,
8,0,25,ZX_split,0.5865832048435938,0.5736666681681609,0.01291653667543291,0.9999582913499615,4.1708650038496664e-05,11,1,10,3,
8,0,25,RL_adaptive,0.5865832048435938,0.5280744484263596,0.05850875641723419,0.9991444254696209,0.0008555745303790996,1,0,19,5,0.9991444254696209
8,0,50,Z_only,0.5865832048435938,0.5735131044230967,0.013070100420497166,0.9999572937267052,4.2706273294834673e-05,46,4,0,0,
8,0,50,ZX_split,0.5865832048435938,0.7229793534014911,0.13639614855789728,0.9953562287247179,0.004643771275282149,21,4,20,5,
8,0,50,RL_adaptive,0.5865832048435938,5.4091312619147,1.46063725010848,0.5549682073450114,0.4450317926549886,45,4,0,1,0.5549682073450114
8,0,100,Z_only,0.5865832048435938,0.7074832117793429,0.1209000069357491,0.9963502459789451,0.0036497540210549406,88,12,0,0,
8,0,100,ZX_split,0.5865832048435938,0.5667292175235065,0.019853987320087363,0.9999014580338832,9.854196611680521e-05,47,3,39,11,
8,0,100,RL_adaptive,0.5865832048435938,0.9097531579442099,0.323169953100616,0.9741167446337488,0.025883255366251245,88,11,1,0,0.9741167446337488
8,0,250,Z_only,0.5865832048435938,0.5115230036940773,0.0750602011495165,0.9985921527253521,0.0014078472746479331,234,16,0,0,
8,0,250,ZX_split,0.5865832048435938,0.5543074962015512,0.032275708642042655,0.9997395922651162,0.000260407734883783,115,10,95,30,
8,0,250,RL_adaptive,0.5865832048435938,0.5333021827293744,0.05328102211421948,0.9992904510540547,0.0007095489459453264,1,0,198,51,0.9992904510540547
8,0,500,Z_only,0.5865832048435938,0.5735131044230967,0.013070100420497166,0.9999572937267052,4.2706273294834673e-05,460,40,0,0,
8,0,500,ZX_split,0.5865832048435938,0.6353712066133406,0.048788001769746736,0.9994050507464863,0.0005949492535136658,224,26,198,52,
8,0,500,RL_adaptive,0.5865832048435938,5.431644451544957,1.4381240604782226,0.5661416970283283,0.4338583029716717,468,31,0,1,0.5661416970283283
8,1,10,Z_only,0.5865832048435938,0.6435011087932843,0.05691790394969043,0.999190306681337,0.0008096933186629851,9,1,0,0,
8,1,10,ZX_split,0.5865832048435938,0.5404195002705843,0.046163704573009556,0.9994673227036039,0.0005326772963960558,5,0,4,1,
8,1,10,RL_adaptive,0.5865832048435938,0.7853981633974483,0.19881495855385445,0.9901506605060788,0.009849339493921194,9,0,1,0,0.9901506605060788
8,1,25,Z_only,0.5865832048435938,0.0,0.5865832048435938,0.9164183983252032,0.08358160167479678,25,0,0,0,
8,1,25,ZX_split,0.5865832048435938,0.6794138054078485,0.09283060056425463,0.9978471665732499,0.0021528334267501004,10,2,10,3,
8,1,25,RL_adaptive,0.5865832048435938,0.39479111969976155,0.19179208514383228,0.9908321035958123,0.009167896404187692,1,0,17,7,0.9908321035958123
8,1,50,Z_only,0.5865832048435938,0.6435011087932843,0.05691790394969043,0.999190306681337,0.0008096933186629851,45,5,0,0,
8,1,50,ZX_split,0.5865832048435938,0.5247957716501073,0.06178743319348656,0.999045881876479,0.000954118123520975,22,3,18,7,
8,1,50,RL_adaptive,0.5865832048435938,0.9240379005316064,0.33745469568801256,0.9718002184470659,0.028199781552934122,43,6,1,0,0.9718002184470659
8,1,100,Z_only,0.5865832048435938,0.6435011087932843,0.05691790394969043,0.999190306681337,0.0008096933186629851,90,10,0,0,
8,1,100,ZX_split,0.5865832048435938,0.5667292175235065,0.019853987320087363,0.9999014580338832,9.854196611680521e-05,47,3,39,11,
8,1,100,RL_adaptive,0.5865832048435938,0.8972884295691244,0.3107052247255305,0.9760590990963497,0.02394090090365031,89,10,1,0,0.9760590990963497
8,1,250,Z_only,0.5865832048435938,0.5585961153385702,0.0279870895050236,0.9998041934866579,0.00019580651334205612,231,19,0,0,
8,1,250,ZX_split,0.5865832048435938,0.4599023081609702,0.1266808966826236,0.9959933501490849,0.004006649850915145,116,9,89,36,
8,1,250,RL_adaptive,0.5865832048435938,0.5509824876736376,0.035600717169956275,0.9996831806980575,0.00031681930194249475,1,0,201,48,0.9996831806980575
8,1,500,Z_only,0.5865832048435938,0.5196359729190038,0.06694723192459007,0.9988799354659172,0.0011200645340827542,467,33,0,0,
8,1,500,ZX_split,0.5865832048435938,0.5078991447336699,0.0786840601099239,0.9984530030631658,0.001546996936834244,231,19,184,66,
8,1,500,RL_adaptive,0.5865832048435938,0.9012087131853562,0.3146255083417624,0.9754561679618283,0.024543832038171676,447,52,1,0,0.9754561679618283
8,2,10,Z_only,0.5865832048435938,0.6435011087932843,0.05691790394969043,0.999190306681337,0.0008096933186629851,9,1,0,0,
8,2,10,ZX_split,0.5865832048435938,1.2490457723982544,0.6624625675546606,0.8942399980034309,0.1057600019965691,3,2,4,1,
8,2,10,RL_adaptive,0.5865832048435938,5.497787143782138,1.371981368241042,0.5987538860271051,0.4012461139728949,9,0,0,1,0.5987538860271051
8,2,25,Z_only,0.5865832048435938,0.5735131044230967,0.013070100420497166,0.9999572937267052,4.2706273294834673e-05,23,2,0,0,
8,2,25,ZX_split,0.5865832048435938,0.43240777557053783,0.154175429273056,0.9940692460938355,0.005930753906164488,11,1,9,4,
8,2,25,RL_adaptive,0.5865832048435938,0.5880026035475675,0.0014193987039736733,0.9999994963269144,5.036730855723093e-07,1,0,20,4,0.9999994963269144
8,2,50,Z_only,0.5865832048435938,0.0,0.5865832048435938,0.9164183983252032,0.08358160167479678,50,0,0,0,
8,2,50,ZX_split,0.5865832048435938,0.34555558058171215,0.24102762426188168,0.9855465965184705,0.014453403481529459,25,0,17,8,
8,2,50,RL_adaptive,0.5865832048435938,0.8740540452648857,0.2874708404212919,0.979482014389005,0.02051798561099505,45,4,1,0,0.979482014389005
8,2,100,Z_only,0.5865832048435938,0.4949341263408958,0.09164907850269804,0.9979015810346896,0.002098418965310378,94,6,0,0,
8,2,100,ZX_split,0.5865832048435938,0.4825132950224768,0.10406990982111702,0.9972948063505804,0.0027051936494195683,46,4,36,14,
8,2,100,RL_adaptive,0.5865832048435938,0.8850668158886104,0.29848361104501653,0.9778917570820664,0.022108242917933563,90,9,1,0,0.9778917570820664
8,2,250,Z_only,0.5865832048435938,0.6023613440351829,0.015778139191589102,0.9999377638720672,6.223612793276878e-05,228,22,0,0,
8,2,250,ZX_split,0.5865832048435938,0.5220005308519478,0.06458267399164608,0.9989576319335643,0.0010423680664356505,119,6,95,30,
8,2,250,RL_adaptive,0.5865832048435938,0.53923746772417,0.0473457371194238,0.9994396999708108,0.0005603000291891647,1,0,199,50,0.9994396999708108
8,2,500,Z_only,0.5865832048435938,0.5880932667898044,0.0015100619462106168,0.9999994299283379,5.700716620982149e-07,458,42,0,0,
8,2,500,ZX_split,0.5865832048435938,0.6516976465431971,0.06511444169960323,0.998940401831603,0.001059598168396958,222,28,199,51,
8,2,500,RL_adaptive,0.5865832048435938,5.429371603963795,1.4403969080593848,0.5650150903331603,0.43498490966683967,467,32,0,1,0.5650150903331603
8,3,10,Z_only,0.5865832048435938,0.6435011087932843,0.05691790394969043,0.999190306681337,0.0008096933186629851,9,1,0,0,
8,3,10,ZX_split,0.5865832048435938,0.19739555984988072,0.3891876449937131,0.9626088013012107,0.03739119869878926,5,0,3,2,
8,3,10,RL_adaptive,0.5865832048435938,0.7853981633974483,0.19881495855385445,0.9901506605060788,0.009849339493921194,9,0,1,0,0.9901506605060788
8,3,25,Z_only,0.5865832048435938,0.9272952180016121,0.34071201315801825,0.9712584896900215,0.028741510309978513,20,5,0,0,
8,3,25,ZX_split,0.5865832048435938,6.191138458316179,0.6786300537070007,0.889216700749005,0.11078329925099495,11,1,6,7,
8,3,25,RL_adaptive,0.5865832048435938,0.5880026035475675,0.0014193987039736733,0.9999994963269144,5.036730855723093e-07,1,0,20,4,0.9999994963269144
8,3,50,Z_only,0.5865832048435938,0.4949341263408958,0.09164907850269804,0.9979015810346896,0.002098418965310378,47,3,0,0,
8,3,50,ZX_split,0.5865832048435938,0.23374318086890136,0.3528400239746925,0.9691975438993824,0.030802456100617603,23,2,15,10,
8,3,50,RL_adaptive,0.5865832048435938,5.476956823745921,1.3928116882772592,0.5885232052522487,0.41147679474775134,48,1,0,1,0.5885232052522487
8,3,100,Z_only,0.5865832048435938,0.5735131044230967,0.013070100420497166,0.9999572937267052,4.2706273294834673e-05,92,8,0,0,
8,3,100,ZX_split,0.5865832048435938,0.5763752205911836,0.010207984252410207,0.9999739494905885,2.6050509411512657e-05,45,5,38,12,
8,3,100,RL_adaptive,0.5865832048435938,0.8972884295691244,0.3107052247255305,0.9760590990963497,0.02394090090365031,89,10,1,0,0.9760590990963497
8,3,250,Z_only,0.5865832048435938,0.6023613440351829,0.015778139191589102,0.9999377638720672,6.223612793276878e-05,228,22,0,0,
8,3,250,ZX_split,0.5865832048435938,0.7505285818426585,0.16394537699906464,0.9932955155193122,0.006704484480687833,107,18,104,21,
8,3,250,RL_adaptive,0.5865832048435938,0.5213059381019294,0.06527726674166445,0.9989350978320614,0.0010649021679386417,1,0,196,53,0.9989350978320614
8,3,500,Z_only,0.5865832048435938,0.5952648839776848,0.008681679134091014,0.9999811572302041,1.8842769795912595e-05,457,43,0,0,
8,3,500,ZX_split,0.5865832048435938,0.5767164010624217,0.009866803781172107,0.9999756617432387,2.4338256761291532e-05,228,22,192,58,
8,3,500,RL_adaptive,0.5865832048435938,0.9086442035887083,0.3220609987451145,0.9742925406071479,0.025707459392852128,444,55,1,0,0.9742925406071479
8,4,10,Z_only,0.5865832048435938,0.0,0.5865832048435938,0.9164183983252032,0.08358160167479678,10,0,0,0,
8,4,10,ZX_split,0.5865832048435938,5.961434752782944,0.9083337592402358,0.8075302001011523,0.19246979989884772,4,1,2,3,
8,4,10,RL_adaptive,0.5865832048435938,5.373432149235376,1.4963363627878037,0.5371955892596024,0.4628044107403976,8,1,0,1,0.5371955892596024
8,4,25,Z_only,0.5865832048435938,0.5735131044230967,0.013070100420497166,0.9999572937267052,4.2706273294834673e-05,23,2,0,0,
8,4,25,ZX_split,0.5865832048435938,0.4939413689195813,0.09264183592401254,0.99785590669258,0.0021440933074200474,12,0,10,3,
8,4,25,RL_adaptive,0.5865832048435938,0.5880026035475675,0.0014193987039736733,0.9999994963269144,5.036730855723093e-07,1,0,20,4,0.9999994963269144
8,4,50,Z_only,0.5865832048435938,0.6435011087932843,0.05691790394969043,0.999190306681337,0.0008096933186629851,45,5,0,0,
8,4,50,ZX_split,0.5865832048435938,0.9025069079643125,0.3159237031207187,0.9752548974453339,0.02474510255466611,20,5,22,3,
8,4,50,RL_adaptive,0.5865832048435938,5.4091312619147,1.46063725010848,0.5549682073450114,0.4450317926549886,45,4,0,1,0.5549682073450114
8,4,100,Z_only,0.5865832048435938,0.6761305095606613,0.08954730471706751,0.9979966592770322,0.002003340722967817,89,11,0,0,
8,4,100,ZX_split,0.5865832048435938,0.628796286415433,0.04221308157183912,0.9995545800847344,0.000445419915265588,47,3,41,9,
8,4,100,RL_adaptive,0.5865832048435938,0.861338799663343,0.2747555948197492,0.9812457681804746,0.018754231819525402,92,7,1,0,0.9812457681804746
8,4,250,Z_only,0.5865832048435938,0.5735131044230967,0.013070100420497166,0.9999572937267052,4.2706273294834673e-05,230,20,0,0,
8,4,250,ZX_split,0.5865832048435938,0.5511429498031974,0.035440255040396385,0.9996860299452364,0.0003139700547636348,117,8,96,29,
8,4,250,RL_adaptive,0.5865832048435938,2.6892531247632623,2.1026699199196686,0.2464254988225666,0.7535745011774334,0,1,185,64,0.2464254988225666
8,4,500,Z_only,0.5865832048435938,0.6163392897064195,0.02975608486282566,0.9997786601857749,0.00022133981422511884,454,46,0,0,
8,4,500,ZX_split,0.5865832048435938,0.5743048301747018,0.012278374668892034,0.9999623108523729,3.768914762714015e-05,227,23,191,59,
8,4,500,RL_adaptive,0.5865832048435938,0.8914291697053425,0.30484596486174864,0.976946598476212,0.023053401523787986,451,48,1,0,0.976946598476212
9,0,10,Z_only,0.17346012987370943,0.0,0.17346012987370943,0.9924967376136233,0.007503262386376663,10,0,0,0,
9,0,10,ZX_split,0.17346012987370943,6.085789747329706,0.37085568972358995,0.9660087868537326,0.03399121314626741,5,0,2,3,
9,0,10,RL_adaptive,0.17346012987370943,5.497787143782138,0.9588582932711578,0.7872274443025231,0.21277255569747688,9,0,0,1,0.7872274443025231
9,0,25,Z_only,0.17346012987370943,0.0,0.17346012987370943,0.9924967376136233,0.007503262386376663,25,0,0,0,
9,0,25,ZX_split,0.17346012987370943,0.2267988480538859,0.053338718180176464,0.9992889138974894,0.000711086102510583,12,0,8,5,
9,0,25,RL_adaptive,0.17346012987370943,0.24497866312686414,0.07151853325315471,0.998721819803412,0.0012781801965879858,1,0,15,9,0.998721819803412
9,0,50,Z_only,0.17346012987370943,0.0,0.17346012987370943,0.9924967376136233,0.007503262386376663,50,0,0,0,
9,0,50,ZX_split,0.17346012987370943,0.34555558058171215,0.17209545070800272,0.9926140450439225,0.007385954956077523,25,0,17,8,
9,0,50,RL_adaptive,0.17346012987370943,0.7853981633974483,0.6119380335237389,0.9092681214551667,0.09073187854483333,49,0,1,0,0.9092681214551667
9,0,100,Z_only,0.17346012987370943,0.20033484232311968,0.026874712449410254,0.9998194483250394,0.00018055167496056068,99,1,0,0,
9,0,100,ZX_split,0.17346012987370943,6.243206620056296,0.21343881699699985,0.988654138931023,0.011345861068976948,50,0,24,26,
9,0,100,RL_adaptive,0.17346012987370943,0.7956018908914025,0.6221417610176931,0.9063160762352925,0.09368392376470747,98,1,1,0,0.9063160762352925
9,0,250,Z_only,0.17346012987370943,0.17912481487888987,0.005664685005180442,0.9999919778573997,8.022142600316862e-06,248,2,0,0,
9,0,250,ZX_split,0.17346012987370943,0.2815711849561586,0.1081110550824492,0.9970808448617712,0.002919155138228824,123,2,80,45,
9,0,250,RL_adaptive,0.17346012987370943,0.1553642538515331,0.018095876022176327,0.9999181370516924,8.186294830758722e-05,1,0,144,105,0.9999181370516924
9,0,500,Z_only,0.17346012987370943,0.2195295842499295,0.046069454376220065,0.9994694951817085,0.0005305048182915328,494,6,0,0,
9,0,500,ZX_split,0.17346012987370943,0.13040330788913335,0.04305682198457608,0.9995365991179692,0.00046340088203078444,247,3,141,109,
9,0,500,RL_adaptive,0.17346012987370943,0.7874061928270445,0.6139460629533351,0.9086905355600826,0.09130946443991739,498,1,1,0,0.9086905355600826
9,1,10,Z_only,0.17346012987370943,0.0,0.17346012987370943,0.9924967376136233,0.007503262386376663,10,0,0,0,
9,1,10,ZX_split,0.17346012987370943,0.5404195002705843,0.3669593703968749,0.9667112863097996,0.03328871369020037,5,0,4,1,
9,1,10,RL_adaptive,0.17346012987370943,5.497787143782138,0.9588582932711578,0.7872274443025231,0.21277255569747688,9,0,0,1,0.7872274443025231
9,1,25,Z_only,0.17346012987370943,0.0,0.17346012987370943,0.9924967376136233,0.007503262386376663,25,0,0,0,
9,1,25,ZX_split,0.17346012987370943,0.2267988480538859,0.053338718180176464,0.9992889138974894,0.000711086102510583,12,0,8,5,
9,1,25,RL_adaptive,0.17346012987370943,6.118036629764959,0.3386088072883364,0.9716088489395401,0.028391151060459863,1,0,10,14,0.9716088489395401
9,1,50,Z_only,0.17346012987370943,0.0,0.17346012987370943,0.9924967376136233,0.007503262386376663,50,0,0,0,
9,1,50,ZX_split,0.17346012987370943,0.34555558058171215,0.17209545070800272,0.9926140450439225,0.007385954956077523,25,0,17,8,
9,1,50,RL_adaptive,0.17346012987370943,5.497787143782138,0.9588582932711578,0.7872274443025231,0.21277255569747688,49,0,0,1,0.7872274443025231
9,1,100,Z_only,0.17346012987370943,0.283794109208328,0.11033397933461855,0.9969596894197436,0.0030403105802564445,98,2,0,0,
9,1,100,ZX_split,0.17346012987370943,0.34555558058171215,0.17209545070800272,0.9926140450439225,0.007385954956077523,50,0,34,16,
9,1,100,RL_adaptive,0.17346012987370943,5.497787143782138,0.9588582932711578,0.7872274443025231,0.21277255569747688,99,0,0,1,0.7872274443025231
9,1,250,Z_only,0.17346012987370943,0.17912481487888987,0.005664685005180442,0.9999919778573997,8.022142600316862e-06,248,2,0,0,
9,1,250,ZX_split,0.17346012987370943,0.13517069864900896,0.038289431224700465,0.9996335246409374,0.0003664753590626457,125,0,71,54,
9,1,250,RL_adaptive,0.17346012987370943,0.26285070172368413,0.0893905718499747,0.998003661288411,0.0019963387115889963,1,0,158,91,0.998003661288411
9,1,500,Z_only,0.17346012987370943,0.25366173607545534,0.0802016062017459,0.9983927873736405,0.0016072126263595443,492,8,0,0,
9,1,500,ZX_split,0.17346012987370943,0.057786830770937686,0.11567329910277174,0.9966586501545279,0.0033413498454720747,246,4,132,118,
9,1,500,RL_adaptive,0.17346012987370943,5.487666031898216,0.9689794051550802,0.7830705553545012,0.2169294446454988,494,5,0,1,0.7830705553545012
9,2,10,Z_only,0.17346012987370943,0.0,0.17346012987370943,0.9924967376136233,0.007503262386376663,10,0,0,0,
9,2,10,ZX_split,0.17346012987370943,5.742765806909002,0.7138796301442936,0.8779136505705785,0.12208634942942154,5,0,1,4,
9,2,10,RL_adaptive,0.17346012987370943,5.497787143782138,0.9588582932711578,0.7872274443025231,0.21277255569747688,9,0,0,1,0.7872274443025231
9,2,25,Z_only,0.17346012987370943,0.0,0.17346012987370943,0.9924967376136233,0.007503262386376663,25,0,0,0,
9,2,25,ZX_split,0.17346012987370943,0.6055446636049701,0.43208453373126066,0.9540473970999709,0.045952602900029116,12,0,11,2,
9,2,25,RL_adaptive,0.17346012987370943,0.3217505543966422,0.14829042452293276,0.9945125543317525,0.005487445668247548,1,0,16,8,0.9945125543317525
9,2,50,Z_only,0.17346012987370943,0.0,0.17346012987370943,0.9924967376136233,0.007503262386376663,50,0,0,0,
9,2,50,ZX_split,0.17346012987370943,0.04345089539153089,0.13000923448217855,0.9957803482841651,0.004219651715834938,24,1,13,12,
9,2,50,RL_adaptive,0.17346012987370943,0.8062284834336654,0.632768353559956,0.9031967265681315,0.09680327343186845,48,1,1,0,0.9031967265681315
9,2,100,Z_only,0.17346012987370943,0.283794109208328,0.11033397933461855,0.9969596894197436,0.0030403105802564445,98,2,0,0,
9,2,100,ZX_split,0.17346012987370943,6.124530044993185,0.33211539206011054,0.9726773746381729,0.027322625361827058,50,0,21,29,
9,2,100,RL_adaptive,0.17346012987370943,0.7956018908914025,0.6221417610176931,0.9063160762352925,0.09368392376470747,98,1,1,0,0.9063160762352925
9,2,250,Z_only,0.17346012987370943,0.0,0.17346012987370943,0.9924967376136233,0.007503262386376663,250,0,0,0,
9,2,250,ZX_split,0.17346012987370943,0.055941571233561006,0.11751855864014843,0.9965513188690034,0.0034486811309966114,125,0,66,59,
9,2,250,RL_adaptive,0.17346012987370943,0.13176226647792652,0.04169786339578291,0.9995653850250473,0.000434614974952674,1,0,141,108,0.9995653850250473
9,2,500,Z_only,0.17346012987370943,0.20033484232311968,0.026874712449410254,0.9998194483250394,0.00018055167496056068,495,5,0,0,
9,2,500,ZX_split,0.17346012987370943,0.20374468088385694,0.030284551010147515,0.9997707290163993,0.00022927098360070453,246,4,150,100,
9,2,500,RL_adaptive,0.17346012987370943,5.487666031898216,0.9689794051550802,0.7830705553545012,0.2169294446454988,494,5,0,1,0.7830705553545012
9,3,10,Z_only,0.17346012987370943,0.6435011087932843,0.47004097891957486,0.9457748643280379,0.05422513567196208,9,1,0,0,
9,3,10,ZX_split,0.17346012987370943,0.19739555984988072,0.02393542997617129,0.9998567806357483,0.0001432193642516566,5,0,3,2,
9,3,10,RL_adaptive,0.17346012987370943,5.497787143782138,0.9588582932711578,0.7872274443025231,0.21277255569747688,9,0,0,1,0.7872274443025231
9,3,25,Z_only,0.17346012987370943,0.0,0.17346012987370943,0.9924967376136233,0.007503262386376663,25,0,0,0,
9,3,25,ZX_split,0.17346012987370943,0.07677189126977799,0.09668823860393144,0.997664666324364,0.0023353336756359866,12,0,7,6,
9,3,25,RL_adaptive,0.17346012987370943,0.39479111969976155,0.22133098982605212,0.9878030617953573,0.012196938204642738,1,0,17,7,0.9878030617953573
9,3,50,Z_only,0.17346012987370943,0.0,0.17346012987370943,0.9924967376136233,0.007503262386376663,50,0,0,0,
9,3,50,ZX_split,0.17346012987370943,0.14189705460416396,0.031563075269545465,0.9997509637456471,0.0002490362543529079,23,2,14,11,
9,3,50,RL_adaptive,0.17346012987370943,5.497787143782138,0.9588582932711578,0.7872274443025231,0.21277255569747688,49,0,0,1,0.7872274443025231
9,3,100,Z_only,0.17346012987370943,0.283794109208328,0.11033397933461855,0.9969596894197436,0.0030403105802564445,98,2,0,0,
9,3,100,ZX_split,0.17346012987370943,0.07982998571223733,0.0936301441614721,0.9978099496696023,0.0021900503303976526,50,0,27,23,
9,3,100,RL_adaptive,0.17346012987370943,0.7853981633974483,0.6119380335237389,0.9092681214551667,0.09073187854483333,99,0,1,0,0.9092681214551667
9,3,250,Z_only,0.17346012987370943,0.17912481487888987,0.005664685005180442,0.9999919778573997,8.022142600316862e-06,248,2,0,0,
9,3,250,ZX_split,0.17346012987370943,0.1508453616209397,0.02261476825276973,0.9998721485132575,0.00012785148674254732,125,0,72,53,
9,3,250,RL_adaptive,0.17346012987370943,0.11594351554400974,0.05751661432969969,0.9991731877423863,0.0008268122576137182,1,0,139,110,0.9991731877423863
9,3,500,Z_only,0.17346012987370943,0.15507467296433847,0.018385456909370962,0.9999154961239674,8.450387603264886e-05,497,3,0,0,
9,3,500,ZX_split,0.17346012987370943,0.12038282080055938,0.053077309073150045,0.9992958651461118,0.0007041348538882053,249,1,140,110,
9,3,500,RL_adaptive,0.17346012987370943,5.495779114352541,0.9608663227007543,0.7864050433458366,0.2135949566541634,498,1,0,1,0.7864050433458366
9,4,10,Z_only,0.17346012987370943,0.0,0.17346012987370943,0.9924967376136233,0.007503262386376663,10,0,0,0,
9,4,10,ZX_split,0.17346012987370943,0.7853981633974483,0.6119380335237389,0.9092681214551667,0.09073187854483333,5,0,5,0,
9,4,10,RL_adaptive,0.17346012987370943,5.497787143782138,0.9588582932711578,0.7872274443025231,0.21277255569747688,9,0,0,1,0.7872274443025231
9,4,25,Z_only,0.17346012987370943,0.0,0.17346012987370943,0.9924967376136233,0.007503262386376663,25,0,0,0,
9,4,25,ZX_split,0.17346012987370943,0.36717383381821916,0.19371370394450974,0.990648049505328,0.009351950494671968,12,0,9,4,
9,4,25,RL_adaptive,0.17346012987370943,0.0,0.17346012987370943,0.9924967376136233,0.007503262386376663,1,0,12,12,0.9924967376136233
9,4,50,Z_only,0.17346012987370943,0.0,0.17346012987370943,0.9924967376136233,0.007503262386376663,50,0,0,0,
9,4,50,ZX_split,0.17346012987370943,0.19739555984988072,0.02393542997617129,0.9998567806357483,0.0001432193642516566,25,0,15,10,
9,4,50,RL_adaptive,0.17346012987370943,0.7853981633974483,0.6119380335237389,0.9092681214551667,0.09073187854483333,49,0,1,0,0.9092681214551667
9,4,100,Z_only,0.17346012987370943,0.283794109208328,0.11033397933461855,0.9969596894197436,0.0030403105802564445,98,2,0,0,
9,4,100,ZX_split,0.17346012987370943,0.1243549945467615,0.049105135326947935,0.999397292545493,0.0006027074545069677,49,1,28,22,
9,4,100,RL_adaptive,0.17346012987370943,0.806013799023052,0.6325536691493426,0.9032601972454286,0.09673980275457139,97,2,1,0,0.9032601972454286
9,4,250,Z_only,0.17346012987370943,0.0,0.17346012987370943,0.9924967376136233,0.007503262386376663,250,0,0,0,
9,4,250,ZX_split,0.17346012987370943,0.057786830770937686,0.11567329910277174,0.9966586501545279,0.0033413498454720747,123,2,66,59,
9,4,250,RL_adaptive,0.17346012987370943,0.2478115167387019,0.07435138686499246,0.9986186043714889,0.0013813956285111395,1,0,156,93,0.9986186043714889
9,4,500,Z_only,0.17346012987370943,0.15507467296433847,0.018385456909370962,0.9999154961239674,8.450387603264886e-05,497,3,0,0,
9,4,500,ZX_split,0.17346012987370943,0.2825549524695875,0.10909482259587808,0.9970275297917466,0.0029724702082534193,249,1,161,89,
9,4,500,RL_adaptive,0.17346012987370943,0.7955192752813709,0.6220591454076615,0.9063401480856623,0.09365985191433768,494,5,1,0,0.9063401480856623
10,0,10,Z_only,1.7476393069544522,1.5707963267948966,0.17684298015955568,0.9922019944473263,0.007798005552673737,5,5,0,0,
10,0,10,ZX_split,1.7476393069544522,1.373400766945016,0.37423854000943635,0.9653931269989195,0.03460687300108045,3,2,5,0,
10,0,10,RL_adaptive,1.7476393069544522,1.2490457723982544,0.4985935345561978,0.939127994564166,0.06087200543583404,6,3,1,0,0.939127994564166
10,0,25,Z_only,1.7476393069544522,1.4505064444001083,0.2971328625543439,0.9780899291785088,0.021910070821491212,14,11,0,0,
10,0,25,ZX_split,1.7476393069544522,1.7359450042095235,0.011694302744928775,0.999965811210459,3.4188789540978703e-05,5,7,13,0,
10,0,25,RL_adaptive,1.7476393069544522,0.7853981633974483,0.962241143557004,0.7858413106941374,0.21415868930586257,1,0,24,0,0.7858413106941374
10,0,50,Z_only,1.7476393069544522,1.731486979746807,0.016152327207645145,0.9999347769995068,6.522300049316421e-05,21,29,0,0,
10,0,50,ZX_split,1.7476393069544522,1.8438050298816073,0.09616572292715508,0.9976898196064239,0.002310180393576111,9,16,25,0,
10,0,50,RL_adaptive,1.7476393069544522,1.6724851785579735,0.07515412839647873,0.9985886287361162,0.0014113712638837983,22,27,1,0,0.9985886287361162
10,0,100,Z_only,1.7476393069544522,1.5507949932215062,0.19684431373294609,0.9903443174788841,0.009655682521115927,51,49,0,0,
10,0,100,ZX_split,1.7476393069544522,1.6107750139181867,0.13686429303626557,0.9953243467940927,0.0046756532059073486,24,26,50,0,
10,0,100,RL_adaptive,1.7476393069544522,1.5606956602095747,0.1869436467448775,0.9912884335624323,0.008711566437567653,50,49,1,0,0.9912884335624323
10,0,250,Z_only,1.7476393069544522,1.7885122182010058,0.04087291124655357,0.9995824094218041,0.0004175905781959033,98,152,0,0,
10,0,250,ZX_split,1.7476393069544522,1.7713168764723108,0.0236775695178586,0.9998598497232879,0.00014015027671210323,50,75,124,1,
10,0,250,RL_adaptive,1.7476393069544522,2.3602267264034382,0.612587419448986,0.9090815137139954,0.09091848628600463,0,1,248,1,0.9090815137139954
10,0,500,Z_only,1.7476393069544522,1.7072190978094646,0.04042020914498767,0.9995916072801524,0.0004083927198476056,216,284,0,0,
10,0,500,ZX_split,1.7476393069544522,1.7081376042618306,0.039501702692621654,0.9996099545934544,0.000390045406545636,108,142,248,2,
10,0,500,RL_adaptive,1.7476393069544522,1.7934932347728998,0.04585392781844755,0.9994744464205756,0.0005255535794244093,193,306,1,0,0.9994744464205756
10,1,10,Z_only,1.7476393069544522,1.9823131728623844,0.23467386590793216,0.9862951138234918,0.013704886176508224,3,7,0,0,
10,1,10,ZX_split,1.7476393069544522,2.111215827065481,0.3635765201110288,0.9673154623650778,0.032684537634922184,1,4,5,0,
10,1,10,RL_adaptive,1.7476393069544522,2.0778948311872334,0.33025552423278115,0.9729797558991355,0.027020244100864454,2,7,1,0,0.9729797558991355
10,1,25,Z_only,1.7476393069544522,1.6108070011488855,0.1368323058055667,0.9953265286680874,0.004673471331912649,12,13,0,0,
10,1,25,ZX_split,1.7476393069544522,1.5707963267948966,0.17684298015955568,0.9922019944473263,0.007798005552673737,6,6,13,0,
10,1,25,RL_adaptive,1.7476393069544522,0.7419472680059175,1.0056920389485349,0.7677519467128224,0.23224805328717757,1,0,23,1,0.7677519467128224
10,1,50,Z_only,1.7476393069544522,1.9823131728623844,0.23467386590793216,0.9862951138234918,0.013704886176508224,15,35,0,0,
10,1,50,ZX_split,1.7476393069544522,1.7681918866447774,0.0205525796903252,0.9998944015842363,0.0001055984157637413,10,15,25,0,
10,1,50,RL_adaptive,1.7476393069544522,1.791625096524245,0.04398578956979282,0.9995163905584583,0.00048360944154168806,19,30,1,0,0.9995163905584583
10,1,100,Z_only,1.7476393069544522,1.6910862091896848,0.05655309776476747,0.999200649861031,0.000799350138969035,44,56,0,0,
10,1,100,ZX_split,1.7476393069544522,1.690225252813235,0.05741405414121714,0.9991761329485405,0.000823867051459537,22,28,50,0,
10,1,100,RL_adaptive,1.7476393069544522,1.8925468811915387,0.14490757423708645,0.9947596282344945,0.005240371765505514,33,66,1,0,0.9947596282344945
10,1,250,Z_only,1.7476393069544522,1.7233877984146082,0.024251508539844036,0.9998529732895685,0.00014702671043154147,106,144,0,0,
10,1,250,ZX_split,1.7476393069544522,1.8523675117510552,0.10472820479660294,0.9972605060505124,0.0027394939494875814,45,80,123,2,
10,1,250,RL_adaptive,1.7476393069544522,0.7813659271863548,0.9662733797680975,0.7841848172416698,0.21581518275833023,1,0,248,1,0.7841848172416698
10,1,500,Z_only,1.7476393069544522,1.7395968078123036,0.008042499142148607,0.9999838296390481,1.617036095191704e-05,208,292,0,0,
10,1,500,ZX_split,1.7476393069544522,1.6030432092301505,0.1445960977243017,0.994782092989727,0.005217907010273026,121,129,249,1,
10,1,500,RL_adaptive,1.7476393069544522,1.7934932347728998,0.04585392781844755,0.9994744464205756,0.0005255535794244093,193,306,1,0,0.9994744464205756
10,2,10,Z_only,1.7476393069544522,1.5707963267948966,0.17684298015955568,0.9922019944473263,0.007798005552673737,5,5,0,0,
10,2,10,ZX_split,1.7476393069544522,1.7681918866447774,0.0205525796903252,0.9998944015842363,0.0001055984157637413,2,3,5,0,
10,2,10,RL_adaptive,1.7476393069544522,1.8925468811915387,0.14490757423708645,0.9947596282344945,0.005240371765505514,3,6,1,0,0.9947596282344945
10,2,25,Z_only,1.7476393069544522,1.9390642202315367,0.19142491327708444,0.9908670653708671,0.009132934629132894,8,17,0,0,
10,2,25,ZX_split,1.7476393069544522,2.158798930342464,0.4111596233880117,0.9583289847912845,0.04167101520871552,2,10,13,0,
10,2,25,RL_adaptive,1.7476393069544522,2.356194490192345,0.6085551832378926,0.9102374252803583,0.08976257471964166,0,1,24,0,0.9102374252803583
10,2,50,Z_only,1.7476393069544522,1.5707963267948966,0.17684298015955568,0.9922019944473263,0.007798005552673737,25,25,0,0,
10,2,50,ZX_split,1.7476393069544522,1.5308176396716064,0.2168216672828458,0.9882930626789981,0.01170693732100192,13,12,25,0,
10,2,50,RL_adaptive,1.7476393069544522,1.7524451567949086,0.0048058498404564,0.9999942259629411,5.77403705892543e-06,20,29,1,0,0.9999942259629411
10,2,100,Z_only,1.7476393069544522,1.6508819068285556,0.09675740012589662,0.9976613267884177,0.0023386732115823206,46,54,0,0,
10,2,100,ZX_split,1.7476393069544522,1.929566997065469,0.18192769011101673,0.9917483757439518,0.008251624256048196,16,34,49,1,
10,2,100,RL_adaptive,1.7476393069544522,1.7408549483869529,0.006784358567499371,0.999988493163843,1.1506836157026967e-05,41,58,1,0,0.999988493163843
10,2,250,Z_only,1.7476393069544522,1.7072190978094646,0.04042020914498767,0.9995916072801524,0.0004083927198476056,108,142,0,0,
10,2,250,ZX_split,1.7476393069544522,1.7835281074865068,0.035888800532054566,0.9996780330592646,0.00032196694073538534,49,76,125,0,
10,2,250,RL_adaptive,1.7476393069544522,2.3602267264034382,0.612587419448986,0.9090815137139954,0.09091848628600463,0,1,248,1,0.9090815137139954
10,2,500,Z_only,1.7476393069544522,1.8255427256438517,0.07790341868939943,0.9984835315185963,0.0015164684814037432,187,313,0,0,
10,2,500,ZX_split,1.7476393069544522,1.7851917944104891,0.0375524874560369,0.9996474940993918,0.0003525059006082021,98,152,249,1,
10,2,500,RL_adaptive,1.7476393069544522,1.7858551800488387,0.038215873094386454,0.9996349311946379,0.00036506880536213426,195,304,1,0,0.9996349311946379
10,3,10,Z_only,1.7476393069544522,2.2142974355881813,0.466658128633729,0.9465383972641664,0.05346160273583356,2,8,0,0,
10,3,10,ZX_split,1.7476393069544522,1.7681918866447774,0.0205525796903252,0.9998944015842363,0.0001055984157637413,2,3,5,0,
10,3,10,RL_adaptive,1.7476393069544522,1.8925468811915387,0.14490757423708645,0.9947596282344945,0.005240371765505514,3,6,1,0,0.9947596282344945
10,3,25,Z_only,1.7476393069544522,1.6910862091896848,0.05655309776476747,0.999200649861031,0.000799350138969035,11,14,0,0,
10,3,25,ZX_split,1.7476393069544522,0.8760580505981934,0.8715812563562588,0.821808570800435,0.178191429199565,11,1,13,0,
10,3,25,RL_adaptive,1.7476393069544522,0.7853981633974483,0.962241143557004,0.7858413106941374,0.21415868930586257,1,0,24,0,0.7858413106941374
10,3,50,Z_only,1.7476393069544522,1.6910862091896848,0.05655309776476747,0.999200649861031,0.000799350138969035,22,28,0,0,
10,3,50,ZX_split,1.7476393069544522,1.5308176396716064,0.2168216672828458,0.9882930626789981,0.01170693732100192,13,12,25,0,
10,3,50,RL_adaptive,1.7476393069544522,1.9047413986397905,0.15710209168533829,0.9938424134917374,0.006157586508262591,16,33,1,0,0.9938424134917374
10,3,100,Z_only,1.7476393069544522,1.8131621778338598,0.06552287087940756,0.9989270722922817,0.0010729277077182742,38,62,0,0,
10,3,100,ZX_split,1.7476393069544522,1.6539375586833378,0.09370174827111444,0.9978066011375623,0.0021933988624377454,23,27,49,1,
10,3,100,RL_adaptive,1.7476393069544522,1.7013624215945242,0.04627688535992802,0.9994647080101279,0.000535291989872122,43,56,1,0,0.9994647080101279
10,3,250,Z_only,1.7476393069544522,1.747717860261201,7.855330674866323e-05,0.9999999984573447,1.5426553368058649e-09,103,147,0,0,
10,3,250,ZX_split,1.7476393069544522,1.817687033480772,0.07004772652631974,0.9987738304940076,0.0012261695059924138,47,78,124,1,
10,3,250,RL_adaptive,1.7476393069544522,2.3725195703938207,0.6248802634393684,0.9055165856134109,0.09448341438658914,0,1,245,4,0.9055165856134109
10,3,500,Z_only,1.7476393069544522,1.747717860261201,7.855330674866323e-05,0.9999999984573447,1.5426553368058649e-09,206,294,0,0,
10,3,500,ZX_split,1.7476393069544522,1.8308967105522798,0.08325740359782752,0.9982680519924629,0.0017319480075370652,92,158,249,1,
10,3,500,RL_adaptive,1.7476393069544522,1.7003275137125955,0.04731179324185675,0.999440502931864,0.0005594970681359612,217,282,1,0,0.999440502931864
10,4,10,Z_only,1.7476393069544522,1.7721542475852272,0.024514940630774973,0.9998497619458947,0.00015023805410530056,4,6,0,0,
10,4,10,ZX_split,1.7476393069544522,1.7681918866447774,0.0205525796903252,0.9998944015842363,0.0001055984157637413,2,3,5,0,
10,4,10,RL_adaptive,1.7476393069544522,2.356194490192345,0.6085551832378926,0.9102374252803583,0.08976257471964166,0,9,1,0,0.9102374252803583
10,4,25,Z_only,1.7476393069544522,1.369438406004566,0.37820090094988634,0.9646652274750245,0.03533477252497552,15,10,0,0,
10,4,25,ZX_split,1.7476393069544522,1.7359450042095235,0.011694302744928775,0.999965811210459,3.4188789540978703e-05,5,7,13,0,
10,4,25,RL_adaptive,1.7476393069544522,2.356194490192345,0.6085551832378926,0.9102374252803583,0.08976257471964166,0,1,24,0,0.9102374252803583
10,4,50,Z_only,1.7476393069544522,1.6108070011488855,0.1368323058055667,0.9953265286680874,0.004673471331912649,24,26,0,0,
10,4,50,ZX_split,1.7476393069544522,1.5273454314033656,0.2202938755510866,0.9879166374200727,0.01208336257992726,13,12,24,1,
10,4,50,RL_adaptive,1.7476393069544522,1.631944489444198,0.11569481751025434,0.9966574082605095,0.0033425917394904747,23,26,1,0,0.9966574082605095
10,4,100,Z_only,1.7476393069544522,1.8545904360032244,0.10695112904877213,0.9971430887990425,0.002856911200957546,36,64,0,0,
10,4,100,ZX_split,1.7476393069544522,1.7359450042095235,0.011694302744928775,0.999965811210459,3.4188789540978703e-05,21,29,49,1,
10,4,100,RL_adaptive,1.7476393069544522,1.6010900867136717,0.14654922024078054,0.9946404339585507,0.005359566041449271,48,51,1,0,0.9946404339585507
10,4,250,Z_only,1.7476393069544522,1.7558507217203885,0.008211414765936231,0.999983143261603,1.6856738397019733e-05,102,148,0,0,
10,4,250,ZX_split,1.7476393069544522,1.6744237867917684,0.07321552016268384,0.998660470442642,0.0013395295573580546,56,69,125,0,
10,4,250,RL_adaptive,1.7476393069544522,2.3602267264034382,0.612587419448986,0.9090815137139954,0.09091848628600463,0,1,248,1,0.9090815137139954
10,4,500,Z_only,1.7476393069544522,1.6870580641182238,0.060581242836228455,0.9990827588351622,0.0009172411648378231,221,279,0,0,
10,4,500,ZX_split,1.7476393069544522,1.8533512792644842,0.10571197231003193,0.9972088454481504,0.0027911545518496395,89,161,249,1,
10,4,500,RL_adaptive,1.7476393069544522,1.7781915533314427,0.0305522463769905,0.9997666582120522,0.00023334178794776061,197,302,1,0,0.9997666582120522
11,0,10,Z_only,4.267262606284512,1.9823131728623844,2.2849494334221276,0.17251115090095903,0.827488849099041,3,7,0,0,
11,0,10,ZX_split,4.267262606284512,4.3906384259880475,0.1233758197035355,0.9961994263481642,0.003800573651835837,2,3,1,4,
11,0,10,RL_adaptive,4.267262606284512,4.051345811534002,0.21591679475050984,0.9883901939257491,0.011609806074250884,1,8,0,1,0.9883901939257491
11,0,25,Z_only,4.267262606284512,2.02639500019072,2.240867606093792,0.18947907214110898,0.810520927858891,7,18,0,0,
11,0,25,ZX_split,4.267262606284512,4.3906384259880475,0.1233758197035355,0.9961994263481642,0.003800573651835837,4,8,0,13,
11,0,25,RL_adaptive,4.267262606284512,3.6696671020161524,0.5975955042683596,0.9133454540698336,0.08665454593016642,0,1,5,19,0.9133454540698336
11,0,50,Z_only,4.267262606284512,1.9390642202315367,2.3281983860529754,0.15648197932041144,0.8435180206795886,16,34,0,0,
11,0,50,ZX_split,4.267262606284512,4.2328696883920935,0.034392917892418495,0.9997043109483131,0.0002956890516868649,6,19,0,25,
11,0,50,RL_adaptive,4.267262606284512,4.4153247680436465,0.14806216175913445,0.9945294040790631,0.005470595920936905,17,32,0,1,0.9945294040790631
11,0,100,Z_only,4.267262606284512,2.189525017467148,2.077737588817364,0.2572472646931688,0.7427527353068313,21,79,0,0,
11,0,100,ZX_split,4.267262606284512,4.21304225870456,0.05422034757995231,0.9992652185155804,0.0007347814844196332,13,37,3,47,
11,0,100,RL_adaptive,4.267262606284512,4.319751482624563,0.052488876340050616,0.9993113875855676,0.0006886124144324102,29,70,0,1,0.9993113875855676
11,0,250,Z_only,4.267262606284512,2.02639500019072,2.240867606093792,0.18947907214110898,0.810520927858891,70,180,0,0,
11,0,250,ZX_split,4.267262606284512,4.266921186456862,0.0003414198276496805,0.9999999708581255,2.9141874469118534e-08,36,89,7,118,
11,0,250,RL_adaptive,4.267262606284512,3.906501881251153,0.3607607250333591,0.967814284536492,0.03218571546350801,0,1,5,244,0.967814284536492
11,0,500,Z_only,4.267262606284512,2.0308542405657466,2.2364083657187654,0.1912296795861159,0.8087703204138841,139,361,0,0,
11,0,500,ZX_split,4.267262606284512,4.306438993436393,0.039176387151880654,0.9996163517444671,0.00038364825553294235,76,174,11,239,
11,0,500,RL_adaptive,4.267262606284512,4.272256906117038,0.004994299832525861,0.999993764255257,6.235744743010585e-06,132,367,0,1,0.999993764255257
11,1,10,Z_only,4.267262606284512,2.498091544796509,1.7691710614880032,0.40146189955114703,0.598538100448853,1,9,0,0,
11,1,10,ZX_split,4.267262606284512,4.514993420534809,0.2477308142502972,0.9847356661024171,0.01526433389758286,2,3,0,5,
11,1,10,RL_adaptive,4.267262606284512,4.205290475992353,0.0619721302921592,0.9990401710146226,0.0009598289853773867,2,7,0,1,0.9990401710146226
11,1,25,Z_only,4.267262606284512,2.318558961454817,1.948703644829695,0.31551187054608015,0.6844881294539198,4,21,0,0,
11,1,25,ZX_split,4.267262606284512,4.124386376837123,0.1428762294473893,0.9949052714377261,0.005094728562273887,2,10,0,13,
11,1,25,RL_adaptive,4.267262606284512,3.9269908169872414,0.34027178929727064,0.9713319962433346,0.02866800375666545,0,1,0,24,0.9713319962433346
11,1,50,Z_only,4.267262606284512,2.02639500019072,2.240867606093792,0.18947907214110898,0.810520927858891,14,36,0,0,
11,1,50,ZX_split,4.267262606284512,4.339401258584629,0.07213865230011685,0.9986995678103352,0.001300432189664802,8,17,1,24,
11,1,50,RL_adaptive,4.267262606284512,4.342482912928132,0.07522030664361967,0.9985861432003681,0.0014138567996319074,15,34,0,1,0.9985861432003681
11,1,100,Z_only,4.267262606284512,1.9390642202315367,2.3281983860529754,0.15648197932041144,0.8435180206795886,32,68,0,0,
11,1,100,ZX_split,4.267262606284512,4.363617976800782,0.09635537051627008,0.9976807059060938,0.002319294093906188,17,33,3,47,
11,1,100,RL_adaptive,4.267262606284512,1.855753677045051,2.411508929239461,0.12744071674688026,0.8725592832531197,35,64,1,0,0.12744071674688026
11,1,250,Z_only,4.267262606284512,1.913463082783063,2.353799523501449,0.1472943711580323,0.8527056288419677,83,167,0,0,
11,1,250,ZX_split,4.267262606284512,4.294971753132225,0.027709146847713306,0.9998080630764277,0.00019193692357233338,37,88,5,120,
11,1,250,RL_adaptive,4.267262606284512,5.5802086924555,1.3129460861709878,0.6275012267658401,0.3724987732341599,1,0,19,230,0.6275012267658401
11,1,500,Z_only,4.267262606284512,1.9476534889640587,2.3196091173204536,0.15961519405173213,0.8403848059482679,158,342,0,0,
11,1,500,ZX_split,4.267262606284512,4.348057663072151,0.08079505678763876,0.9983689272713276,0.0016310727286723559,80,170,7,243,
11,1,500,RL_adaptive,4.267262606284512,4.339854704744602,0.07259209846009007,0.9986831752257359,0.0013168247742640915,152,347,0,1,0.9986831752257359
11,2,10,Z_only,4.267262606284512,2.2142974355881813,2.0529651706963308,0.26814907925760556,0.7318509207423944,2,8,0,0,
11,2,10,ZX_split,4.267262606284512,4.171969480114106,0.09529312617040642,0.9977315224346539,0.0022684775653460942,1,4,0,5,
11,2,10,RL_adaptive,4.267262606284512,4.601731759210794,0.33446915292628177,0.9722923513547232,0.02770764864527675,4,5,0,1,0.9722923513547232
11,2,25,Z_only,4.267262606284512,2.4341094418104503,1.8331531644740617,0.3703212699517268,0.6296787300482731,3,22,0,0,
11,2,25,ZX_split,4.267262606284512,4.547240302970063,0.2799776966855507,0.9805308008593336,0.01946919914066636,5,7,0,13,
11,2,25,RL_adaptive,4.267262606284512,3.8835399215957103,0.3837226846888018,0.9636386919633538,0.03636130803664617,0,1,1,23,0.9636386919633538
11,2,50,Z_only,4.267262606284512,2.2652945924214523,2.00196801386306,0.2910322302754041,0.708967769724596,9,41,0,0,
11,2,50,ZX_split,4.267262606284512,4.229875685362213,0.037386920922299005,0.999650595238135,0.0003494047618649576,7,18,2,23,
11,2,50,RL_adaptive,4.267262606284512,4.4153247680436465,0.14806216175913445,0.9945294040790631,0.005470595920936905,17,32,0,1,0.9945294040790631
11,2,100,Z_only,4.267262606284512,2.0714510391994847,2.1958115670850273,0.20744518390713051,0.7925548160928695,26,74,0,0,
11,2,100,ZX_split,4.267262606284512,4.2978821057999035,0.030619499515391446,0.9997656298744309,0.00023437012556914993,14,36,0,50,
11,2,100,RL_adaptive,4.267262606284512,4.302631052460306,0.035368446175794155,0.9996873008527998,0.00031269914720022385,28,71,0,1,0.9996873008527998
11,2,250,Z_only,4.267262606284512,2.089782425950128,2.177480180334384,0.21492687882522943,0.7850731211747706,63,187,0,0,
11,2,250,ZX_split,4.267262606284512,4.370936542075238,0.10367393579072637,0.9973153346812376,0.002684665318762436,41,84,2,123,
11,2,250,RL_adaptive,4.267262606284512,3.858428921874169,0.40883368441034307,0.9587925516043007,0.04120744839569934,0,1,16,233,0.9587925516043007
11,2,500,Z_only,4.267262606284512,2.0578226064592955,2.2094399998252165,0.20194650585992105,0.798053494140079,133,367,0,0,
11,2,500,ZX_split,4.267262606284512,4.18431453195833,0.08294807432618168,0.9982808902583707,0.0017191097416292545,62,188,17,233,
11,2,500,RL_adaptive,4.267262606284512,4.302188363665415,0.0349257573809032,0.9996950788651832,0.0003049211348168379,141,358,0,1,0.9996950788651832
11,3,10,Z_only,4.267262606284512,2.2142974355881813,2.0529651706963308,0.26814907925760556,0.7318509207423944,2,8,0,0,
11,3,10,ZX_split,4.267262606284512,5.034139534781332,0.7668769284968198,0.8600406225538657,0.1399593774461343,3,2,1,4,
11,3,10,RL_adaptive,4.267262606284512,4.3906384259880475,0.1233758197035355,0.9961994263481642,0.003800573651835837,3,6,0,1,0.9961994263481642
11,3,25,Z_only,4.267262606284512,2.4341094418104503,1.8331531644740617,0.3703212699517268,0.6296787300482731,3,22,0,0,
11,3,25,ZX_split,4.267262606284512,4.178680788745428,0.088581817539084,0.9980395978003949,0.001960402199605138,3,9,1,12,
11,3,25,RL_adaptive,4.267262606284512,3.7850937623830774,0.48216884390143466,0.9429956552280212,0.0570043447719788,0,1,3,21,0.9429956552280212
11,3,50,Z_only,4.267262606284512,2.0714510391994847,2.1958115670850273,0.20744518390713051,0.7925548160928695,13,37,0,0,
11,3,50,ZX_split,4.267262606284512,4.307497194099606,0.04023458781509426,0.9995953490784089,0.00040465092159114313,8,17,2,23,
11,3,50,RL_adaptive,4.267262606284512,4.342482912928132,0.07522030664361967,0.9985861432003681,0.0014138567996319074,15,34,0,1,0.9985861432003681
11,3,100,Z_only,4.267262606284512,2.048791525313849,2.218471080970663,0.19833315958737985,0.8016668404126202,27,73,0,0,
11,3,100,ZX_split,4.267262606284512,4.165600139495442,0.10166246678906976,0.9974184103104999,0.0025815896895000634,11,39,2,48,
11,3,100,RL_adaptive,4.267262606284512,4.427431630134535,0.16016902385002307,0.9936001703485078,0.006399829651492217,35,64,0,1,0.9936001703485078
11,3,250,Z_only,4.267262606284512,1.999838522448283,2.2674240838362287,0.1791826022899628,0.8208173977100373,73,177,0,0,
11,3,250,ZX_split,4.267262606284512,4.31577857827728,0.04851597199276814,0.9994116655307654,0.0005883344692345638,38,87,4,121,
11,3,250,RL_adaptive,4.267262606284512,3.871961685093584,0.3953009211909282,0.961440362818048,0.03855963718195199,0,1,13,236,0.961440362818048
11,3,500,Z_only,4.267262606284512,1.9177132243220583,2.3495493819624538,0.14880379864343268,0.8511962013565673,165,335,0,0,
11,3,500,ZX_split,4.267262606284512,4.271209499969709,0.003946893685196962,0.9999961055126151,3.894487384914491e-06,74,176,17,233,
11,3,500,RL_adaptive,4.267262606284512,4.343336458492243,0.07607385220773111,0.9985538898688673,0.0014461101311327162,153,346,0,1,0.9985538898688673
11,4,10,Z_only,4.267262606284512,1.5707963267948966,2.6964662794896155,0.04872187026927157,0.9512781297307285,5,5,0,0,
11,4,10,ZX_split,4.267262606284512,3.9269908169872414,0.34027178929727064,0.9713319962433346,0.02866800375666545,2,3,2,3,
11,4,10,RL_adaptive,4.267262606284512,4.205290475992353,0.0619721302921592,0.9990401710146226,0.0009598289853773867,2,7,0,1,0.9990401710146226
11,4,25,Z_only,4.267262606284512,2.318558961454817,1.948703644829695,0.31551187054608015,0.6844881294539198,4,21,0,0,
11,4,25,ZX_split,4.267262606284512,3.8348157794307793,0.4324468268537327,0.9539715095242861,0.04602849047571389,1,11,2,11,
11,4,25,RL_adaptive,4.267262606284512,5.497787143782138,1.230524537497626,0.6668716552242264,0.3331283447757736,1,0,0,24,0.6668716552242264
11,4,50,Z_only,4.267262606284512,2.0714510391994847,2.1958115670850273,0.20744518390713051,0.7925548160928695,13,37,0,0,
11,4,50,ZX_split,4.267262606284512,4.229875685362213,0.037386920922299005,0.999650595238135,0.0003494047618649576,7,18,2,23,
11,4,50,RL_adaptive,4.267262606284512,4.240611469203939,0.026651137080572873,0.9998224397332895,0.00017756026671045255,12,37,0,1,0.9998224397332895
11,4,100,Z_only,4.267262606284512,1.9390642202315367,2.3281983860529754,0.15648197932041144,0.8435180206795886,32,68,0,0,
11,4,100,ZX_split,4.267262606284512,4.2978821057999035,0.030619499515391446,0.9997656298744309,0.00023437012556914993,14,36,0,50,
11,4,100,RL_adaptive,4.267262606284512,4.372568103961823,0.10530549767731134,0.9972302489974694,0.0027697510025306293,32,67,0,1,0.9972302489974694
11,4,250,Z_only,4.267262606284512,2.0990200959485676,2.1682425103359444,0.2187335606416975,0.7812664393583025,62,188,0,0,
11,4,250,ZX_split,4.267262606284512,4.209891670515327,0.057370935769185394,0.9991773696048505,0.0008226303951495151,32,93,7,118,
11,4,250,RL_adaptive,4.267262606284512,3.8851742037797243,0.3820884025047877,0.9639439898761701,0.03605601012382986,0,1,10,239,0.9639439898761701
11,4,500,Z_only,4.267262606284512,1.9519590517636922,2.3153035545208196,0.16119525139050717,0.8388047486094928,157,343,0,0,
11,4,500,ZX_split,4.267262606284512,4.31386653471827,0.0466039284337576,0.9994571167328368,0.00054288326716323,77,173,11,239,
11,4,500,RL_adaptive,4.267262606284512,1.9877183315290003,2.2795442747555117,0.17455812409111676,0.8254418759088833,139,360,1,0,0.17455812409111676
12,0,10,Z_only,5.16817375427427,0.9272952180016121,2.0423067709069285,0.27288378383913725,0.7271162161608627,8,2,0,0,
12,0,10,ZX_split,5.16817375427427,5.252808480655274,0.08463472638100367,0.9982103094569443,0.0017896905430556664,4,1,0,5,
12,0,10,RL_adaptive,5.16817375427427,1.2490457723982544,2.3640573253035706,0.14367763505510261,0.8563223649448974,6,3,1,0,0.14367763505510261
12,0,25,Z_only,5.16817375427427,1.0239453760989525,2.1389569290042685,0.23095872703872525,0.7690412729612748,19,6,0,0,
12,0,25,ZX_split,5.16817375427427,5.087659803240647,0.08051395103362324,0.9983802512072192,0.0016197487927808174,8,4,1,12,
12,0,25,RL_adaptive,5.16817375427427,3.8835399215957103,1.2846338326785598,0.6411364310459444,0.3588635689540556,0,1,1,23,0.6411364310459444
12,0,50,Z_only,5.16817375427427,1.0239453760989525,2.1389569290042685,0.23095872703872525,0.7690412729612748,38,12,0,0,
12,0,50,ZX_split,5.16817375427427,4.926449663948511,0.24172409032575892,0.9854633553059087,0.014536644694091327,15,10,1,24,
12,0,50,RL_adaptive,5.16817375427427,5.151248279348196,0.016925474926074102,0.9999283837843242,7.16162156757516e-05,36,13,0,1,0.9999283837843242
12,0,100,Z_only,5.16817375427427,1.1592794807274087,2.274291033632725,0.17655667644237666,0.8234433235576233,70,30,0,0,
12,0,100,ZX_split,5.16817375427427,5.034139534781332,0.13403421949293826,0.9955154268802516,0.00448457311974837,32,18,4,46,
12,0,100,RL_adaptive,5.16817375427427,5.105026478144817,0.06314727612945337,0.9990034366016242,0.0009965633983758382,70,29,0,1,0.9990034366016242
12,0,250,Z_only,5.16817375427427,1.1151976533990733,2.230209206304389,0.1936735371501343,0.8063264628498656,180,70,0,0,
12,0,250,ZX_split,5.16817375427427,5.179570143583357,0.011396389309086707,0.9999675309290984,3.246907090159734e-05,91,34,6,119,
12,0,250,RL_adaptive,5.16817375427427,5.584902343190235,0.41672858891596487,0.9572090020022963,0.042790997997703695,1,0,20,229,0.9572090020022963
12,0,500,Z_only,5.16817375427427,1.1062692973757278,2.221280850281044,0.19721397200970167,0.8027860279902983,362,138,0,0,
12,0,500,ZX_split,5.16817375427427,5.256846143774061,0.0886723894997905,0.9980355894873323,0.0019644105126677136,191,59,16,234,
12,0,500,RL_adaptive,5.16817375427427,5.145939902923301,0.022233851350969225,0.9998764190546116,0.00012358094538844622,365,134,0,1,0.9998764190546116
12,1,10,Z_only,5.16817375427427,0.6435011087932843,1.7585126616986004,0.4066920821658586,0.5933079178341414,9,1,0,0,
12,1,10,ZX_split,5.16817375427427,5.252808480655274,0.08463472638100367,0.9982103094569443,0.0017896905430556664,4,1,0,5,
12,1,10,RL_adaptive,5.16817375427427,5.034139534781332,0.13403421949293826,0.9955154268802516,0.00448457311974837,6,3,0,1,0.9955154268802516
12,1,25,Z_only,5.16817375427427,0.9272952180016121,2.0423067709069285,0.27288378383913725,0.7271162161608627,20,5,0,0,
12,1,25,ZX_split,5.16817375427427,4.71238898038469,0.4557847738895804,0.9489579365293053,0.05104206347069473,6,6,1,12,
12,1,25,RL_adaptive,5.16817375427427,3.9269908169872414,1.2411829372870287,0.6618386271454961,0.33816137285450387,0,1,0,24,0.6618386271454961
12,1,50,Z_only,5.16817375427427,1.2450668395002664,2.3600783924055824,0.14507611268222875,0.8549238873177712,33,17,0,0,
12,1,50,ZX_split,5.16817375427427,5.0078298175284095,0.16034393674586056,0.993586214800192,0.006413785199807953,16,9,1,24,
12,1,50,RL_adaptive,5.16817375427427,5.216015276508786,0.0478415222345161,0.9994279063179311,0.0005720936820688971,38,11,0,1,0.9994279063179311
12,1,100,Z_only,5.16817375427427,1.0003592173949747,2.1153707703002906,0.24097293069956505,0.759027069300435,77,23,0,0,
12,1,100,ZX_split,5.16817375427427,5.0853767021847505,0.0827970520895196,0.9982871408978005,0.0017128591021995376,34,16,2,48,
12,1,100,RL_adaptive,5.16817375427427,5.139016473511566,0.029157280762704296,0.9997874783014952,0.0002125216985048306,72,27,0,1,0.9997874783014952
12,1,250,Z_only,5.16817375427427,1.1939391646257345,2.308950717531051,0.16353808020768562,0.8364619197923144,171,79,0,0,
12,1,250,ZX_split,5.16817375427427,5.166070141979288,0.0021036122949817937,0.9999988937042361,1.1062957638863224e-06,92,33,2,123,
12,1,250,RL_adaptive,5.16817375427427,3.849225877384509,1.318947876889761,0.624597260823947,0.37540273917605305,0,1,18,231,0.624597260823947
12,1,500,Z_only,5.16817375427427,1.1107384130240465,2.2257499659293627,0.19543876185678535,0.8045612381432147,361,139,0,0,
12,1,500,ZX_split,5.16817375427427,5.161112324395411,0.007061429878858938,0.9999875341038164,1.2465896183644354e-05,177,73,17,233,
12,1,500,RL_adaptive,5.16817375427427,5.129310985118793,0.03886276915547704,0.9996224688128931,0.00037753118710692757,360,139,0,1,0.9996224688128931
12,2,10,Z_only,5.16817375427427,0.9272952180016121,2.0423067709069285,0.27288378383913725,0.7271162161608627,8,2,0,0,
12,2,10,ZX_split,5.16817375427427,4.514993420534809,0.6531803337394608,0.8970775405241801,0.1029224594758199,2,3,0,5,
12,2,10,RL_adaptive,5.16817375427427,4.3906384259880475,0.7775353282862225,0.8563223649448972,0.14367763505510278,3,6,0,1,0.8563223649448972
12,2,25,Z_only,5.16817375427427,1.0239453760989525,2.1389569290042685,0.23095872703872525,0.7690412729612748,19,6,0,0,
12,2,25,ZX_split,5.16817375427427,5.3796951153630435,0.2115213610887734,0.9888563201104443,0.011143679889555669,10,2,1,12,
12,2,25,RL_adaptive,5.16817375427427,5.541238039173669,0.3730642848993986,0.9656074387164135,0.034392561283586476,1,0,1,23,0.9656074387164135
12,2,50,Z_only,5.16817375427427,0.9272952180016121,2.0423067709069285,0.27288378383913725,0.7271162161608627,40,10,0,0,
12,2,50,ZX_split,5.16817375427427,5.602664082512372,0.43449032823810185,0.9535423527425504,0.04645764725744961,23,2,4,21,
12,2,50,RL_adaptive,5.16817375427427,5.046334052229584,0.12183970204468597,0.9962933605519202,0.003706639448079807,33,16,0,1,0.9962933605519202
12,2,100,Z_only,5.16817375427427,1.2025284333582564,2.3175399862635726,0.16037373892372672,0.8396262610762733,68,32,0,0,
12,2,100,ZX_split,5.16817375427427,5.0078298175284095,0.16034393674586056,0.993586214800192,0.006413785199807953,32,18,2,48,
12,2,100,RL_adaptive,5.16817375427427,5.122146908309072,0.046026845965197793,0.9994704758543025,0.000529524145697513,71,28,0,1,0.9994704758543025
12,2,250,Z_only,5.16817375427427,1.14175413114151,2.256765684046826,0.1832882985642614,0.8167117014357386,177,73,0,0,
12,2,250,ZX_split,5.16817375427427,5.230528045626227,0.0623542913519568,0.9990283004840247,0.0009716995159753106,93,32,9,116,
12,2,250,RL_adaptive,5.16817375427427,5.530969979948637,0.36279622567436665,0.9674540639384568,0.03254593606154321,1,0,8,241,0.9674540639384568
12,2,500,Z_only,5.16817375427427,1.163639703695356,2.2786512566006722,0.17489723341843466,0.8251027665815653,349,151,0,0,
12,2,500,ZX_split,5.16817375427427,5.1436737918006505,0.02449996247361952,0.9998499454657529,0.00015005453424710158,177,73,12,238,
12,2,500,RL_adaptive,5.16817375427427,5.162316707770681,0.005857046503589203,0.999991423776081,8.576223919032344e-06,370,129,0,1,0.999991423776081
12,3,10,Z_only,5.16817375427427,0.9272952180016121,2.0423067709069285,0.27288378383913725,0.7271162161608627,8,2,0,0,
12,3,10,ZX_split,5.16817375427427,5.497787143782138,0.3296133895078679,0.9730837756292866,0.026916224370713393,5,0,0,5,
12,3,10,RL_adaptive,5.16817375427427,5.034139534781332,0.13403421949293826,0.9955154268802516,0.00448457311974837,6,3,0,1,0.9955154268802516
12,3,25,Z_only,5.16817375427427,0.40271584158066176,1.517727394485978,0.5265220130208164,0.47347798697918364,24,1,0,0,
12,3,25,ZX_split,5.16817375427427,5.603771501771738,0.43559774749746794,0.9533089916441232,0.046691008355876806,10,2,3,10,
12,3,25,RL_adaptive,5.16817375427427,5.497787143782138,0.3296133895078679,0.9730837756292866,0.026916224370713393,1,0,0,24,0.9730837756292866
12,3,50,Z_only,5.16817375427427,1.2025284333582564,2.3175399862635726,0.16037373892372672,0.8396262610762733,34,16,0,0,
12,3,50,ZX_split,5.16817375427427,5.034139534781332,0.13403421949293826,0.9955154268802516,0.00448457311974837,16,9,2,23,
12,3,50,RL_adaptive,5.16817375427427,4.971720724785374,0.19645302948889576,0.9903825427595998,0.009617457240400196,31,18,0,1,0.9903825427595998
12,3,100,Z_only,5.16817375427427,1.2238794292677349,2.338890982173051,0.15261694569054127,0.8473830543094587,67,33,0,0,
12,3,100,ZX_split,5.16817375427427,5.057944560966401,0.11022919330786873,0.9969654556994859,0.003034544300514086,34,16,0,50,
12,3,100,RL_adaptive,5.16817375427427,5.139016473511566,0.029157280762704296,0.9997874783014952,0.0002125216985048306,72,27,0,1,0.9997874783014952
12,3,250,Z_only,5.16817375427427,1.0701416143903084,2.185153167295624,0.21178345630507547,0.7882165436949246,185,65,0,0,
12,3,250,ZX_split,5.16817375427427,5.05118333877633,0.11699041549794043,0.9965822115429741,0.0034177884570258943,81,44,10,115,
12,3,250,RL_adaptive,5.16817375427427,5.535269580473799,0.3670958261995292,0.9666868032331879,0.0333131967668121,1,0,9,240,0.9666868032331879
12,3,500,Z_only,5.16817375427427,1.1505339635501026,2.2655455164554184,0.17990360820925222,0.8200963917907478,352,148,0,0,
12,3,500,ZX_split,5.16817375427427,5.169116284635255,0.0009425303609846836,0.999999777909146,2.2209085404067963e-07,182,68,9,241,
12,3,500,RL_adaptive,5.16817375427427,5.142634184590438,0.025539569683831864,0.9998369414585581,0.00016305854144194054,364,135,0,1,0.9998369414585581
12,4,10,Z_only,5.16817375427427,1.369438406004566,2.484449958909882,0.1041295668330068,0.8958704331669932,6,4,0,0,
12,4,10,ZX_split,5.16817375427427,5.252808480655274,0.08463472638100367,0.9982103094569443,0.0017896905430556664,4,1,0,5,
12,4,10,RL_adaptive,5.16817375427427,0.7853981633974483,1.9004097163027645,0.3381613728545038,0.6618386271454961,9,0,1,0,0.3381613728545038
12,4,25,Z_only,5.16817375427427,1.0239453760989525,2.1389569290042685,0.23095872703872525,0.7690412729612748,19,6,0,0,
12,4,25,ZX_split,5.16817375427427,5.176036589385496,0.007862835111225763,0.9999845440356331,1.5455964366917208e-05,9,3,0,13,
12,4,25,RL_adaptive,5.16817375427427,5.588447030982883,0.42027327670861325,0.9564887373921835,0.04351126260781646,1,0,2,22,0.9564887373921835
12,4,50,Z_only,5.16817375427427,1.1151976533990733,2.230209206304389,0.1936735371501343,0.8063264628498656,36,14,0,0,
12,4,50,ZX_split,5.16817375427427,5.0078298175284095,0.16034393674586056,0.993586214800192,0.006413785199807953,16,9,1,24,
12,4,50,RL_adaptive,5.16817375427427,5.009453192725733,0.1587205615485372,0.9937151565662703,0.006284843433729703,32,17,0,1,0.9937151565662703
12,4,100,Z_only,5.16817375427427,1.0003592173949747,2.1153707703002906,0.24097293069956505,0.759027069300435,77,23,0,0,
12,4,100,ZX_split,5.16817375427427,5.21523219131255,0.047058437038280054,0.9994464780348943,0.0005535219651057188,36,14,5,45,
12,4,100,RL_adaptive,5.16817375427427,5.087659803240647,0.08051395103362324,0.9983802512072192,0.0016197487927808174,69,30,0,1,0.9983802512072192
12,4,250,Z_only,5.16817375427427,1.1062692973757278,2.221280850281044,0.19721397200970167,0.8027860279902983,181,69,0,0,
12,4,250,ZX_split,5.16817375427427,5.136346252888585,0.0318275013856848,0.9997467739162563,0.00025322608374367395,88,37,6,119,
12,4,250,RL_adaptive,5.16817375427427,5.56634903889521,0.3981752846209403,0.9608850189355467,0.039114981064453325,1,0,16,233,0.9608850189355467
12,4,500,Z_only,5.16817375427427,1.1679917431511835,2.283003296056499,0.17324706821736113,0.8267529317826389,348,152,0,0,
12,4,500,ZX_split,5.16817375427427,5.17963369617304,0.011459941898769976,0.9999671677922435,3.283220775651685e-05,181,69,14,236,
12,4,500,RL_adaptive,5.16817375427427,5.0532530969499865,0.11492065732428358,0.9967019427483271,0.00329805725167287,338,161,0,1,0.9967019427483271
13,0,10,Z_only,3.641384049243013,3.141592653589793,0.49979139565322006,0.938841276523308,0.061158723476692045,0,10,0,0,
13,0,10,ZX_split,3.641384049243013,3.9269908169872414,0.2856067677442282,0.9797454393687288,0.02025456063127118,1,4,1,4,
13,0,10,RL_adaptive,3.641384049243013,4.205290475992353,0.5639064267493397,0.9225868058491404,0.07741319415085957,2,7,0,1,0.9225868058491404
13,0,25,Z_only,3.641384049243013,2.4341094418104503,1.2072746074325629,0.677784003943768,0.32221599605623197,3,22,0,0,
13,0,25,ZX_split,3.641384049243013,3.411745853301198,0.22963819594181523,0.9868744072346206,0.01312559276537939,1,11,5,8,
13,0,25,RL_adaptive,3.641384049243013,3.6696671020161524,0.02828305277313925,0.9998000305621385,0.00019996943786149135,0,1,5,19,0.9998000305621385
13,0,50,Z_only,3.641384049243013,2.318558961454817,1.3228250877881962,0.6227188798673092,0.3772811201326908,8,42,0,0,
13,0,50,ZX_split,3.641384049243013,3.583966876566538,0.05741717267647539,0.9991760434714133,0.000823956528586689,3,22,8,17,
13,0,50,RL_adaptive,3.641384049243013,3.9695183516070256,0.3281343023640124,0.9733226314924925,0.02667736850750746,2,47,0,1,0.9733226314924925
13,0,100,Z_only,3.641384049243013,2.7388768120091314,0.9025072372338818,0.8098220150704888,0.1901779849295112,4,96,0,0,
13,0,100,ZX_split,3.641384049243013,3.551719994131284,0.08966405511172937,0.9979914355247482,0.002008564475251773,2,48,15,35,
13,0,100,RL_adaptive,3.641384049243013,3.947606452612845,0.30622240336983175,0.9767395803087398,0.023260419691260248,2,97,0,1,0.9767395803087398
13,0,250,Z_only,3.641384049243013,2.6466585272488974,0.9947255219941158,0.7723665449357182,0.2276334550642818,15,235,0,0,
13,0,250,ZX_split,3.641384049243013,3.682012153860377,0.04062810461736399,0.9995873960386341,0.0004126039613658872,5,120,28,97,
13,0,250,RL_adaptive,3.641384049243013,3.6195933438644197,0.02179070537859351,0.9998812959869543,0.00011870401304570066,0,1,60,189,0.9998812959869543
13,0,500,Z_only,3.641384049243013,2.5982784062346456,1.0431056430083676,0.7517697503147744,0.24823024968522556,36,464,0,0,
13,0,500,ZX_split,3.641384049243013,3.7186307842595427,0.07724673501652957,0.9985089771219199,0.0014910228780801171,19,231,56,194,
13,0,500,RL_adaptive,3.641384049243013,3.9954063568055838,0.3540223075625706,0.9689929385483614,0.031007061451638562,32,467,0,1,0.9689929385483614
13,1,10,Z_only,3.641384049243013,3.141592653589793,0.49979139565322006,0.938841276523308,0.061158723476692045,0,10,0,0,
13,1,10,ZX_split,3.641384049243013,3.3389882134396736,0.3023958358033396,0.9773128650414292,0.022687134958570776,0,5,2,3,
13,1,10,RL_adaptive,3.641384049243013,3.9269908169872414,0.2856067677442282,0.9797454393687288,0.02025456063127118,0,9,0,1,0.9797454393687288
13,1,25,Z_only,3.641384049243013,2.5680795491666966,1.0733045000763166,0.7386114518809289,0.2613885481190711,2,23,0,0,
13,1,25,ZX_split,3.641384049243013,3.6648709757217683,0.023486926478755166,0.9998620974106531,0.00013790258934687216,2,10,4,9,
13,1,25,RL_adaptive,3.641384049243013,3.6696671020161524,0.02828305277313925,0.9998000305621385,0.00019996943786149135,0,1,5,19,0.9998000305621385
13,1,50,Z_only,3.641384049243013,2.7388768120091314,0.9025072372338818,0.8098220150704888,0.1901779849295112,2,48,0,0,
13,1,50,ZX_split,3.641384049243013,3.6241059486122698,0.01727810063074342,0.9999253686663345,7.463133366547581e-05,2,23,7,18,
13,1,50,RL_adaptive,3.641384049243013,3.9695183516070256,0.3281343023640124,0.9733226314924925,0.02667736850750746,2,47,0,1,0.9733226314924925
13,1,100,Z_only,3.641384049243013,2.7388768120091314,0.9025072372338818,0.8098220150704888,0.1901779849295112,4,96,0,0,
13,1,100,ZX_split,3.641384049243013,3.6052402625905993,0.03614378665241391,0.999673442224459,0.0003265577755410254,3,47,14,36,
13,1,100,RL_adaptive,3.641384049243013,3.9801322258321767,0.33874817658916356,0.9715856968455638,0.02841430315443616,5,94,0,1,0.9715856968455638
13,1,250,Z_only,3.641384049243013,2.6637737563375885,0.9776102929054247,0.7795027999209925,0.22049720007900753,14,236,0,0,
13,1,250,ZX_split,3.641384049243013,3.608653218622137,0.032730830620876006,0.9997321970912646,0.0002678029087354039,4,121,33,92,
13,1,250,RL_adaptive,3.641384049243013,3.560934301139823,0.08044974810319028,0.9983828320042949,0.0016171679957051044,0,1,69,180,0.9983828320042949
13,1,500,Z_only,3.641384049243013,2.613957171325011,1.027426877918002,0.7585115365999187,0.24148846340008134,34,466,0,0,
13,1,500,ZX_split,3.641384049243013,3.6806366389094562,0.03925258966644307,0.9996148580060638,0.0003851419939362444,18,232,61,189,
13,1,500,RL_adaptive,3.641384049243013,3.988614819891324,0.34723077064831065,0.970159336228814,0.029840663771185993,29,470,0,1,0.970159336228814
13,2,10,Z_only,3.641384049243013,2.498091544796509,1.1432925044465043,0.7073002830274936,0.2926997169725064,1,9,0,0,
13,2,10,ZX_split,3.641384049243013,3.9269908169872414,0.2856067677442282,0.9797454393687288,0.02025456063127118,0,5,0,5,
13,2,10,RL_adaptive,3.641384049243013,2.0778948311872334,1.5634892180557798,0.5036535218567634,0.4963464781432366,2,7,1,0,0.5036535218567634
13,2,25,Z_only,3.641384049243013,2.7388768120091314,0.9025072372338818,0.8098220150704888,0.1901779849295112,1,24,0,0,
13,2,25,ZX_split,3.641384049243013,3.8348157794307793,0.19343173018776616,0.990675170601954,0.00932482939804602,1,11,2,11,
13,2,25,RL_adaptive,3.641384049243013,3.30674133100442,0.33464271823859315,0.972263856290572,0.027736143709428007,0,1,10,14,0.972263856290572
13,2,50,Z_only,3.641384049243013,2.857798544381465,0.7835855048615481,0.854193680973171,0.14580631902682895,1,49,0,0,
13,2,50,ZX_split,3.641384049243013,3.6211119455823892,0.02027210366062393,0.9998972639717166,0.00010273602828336781,0,25,6,19,
13,2,50,RL_adaptive,3.641384049243013,2.3136669555725606,1.3277170936704525,0.6203462354294623,0.3796537645705377,2,47,1,0,0.6203462354294623
13,2,100,Z_only,3.641384049243013,2.6466585272488974,0.9947255219941158,0.7723665449357182,0.2276334550642818,6,94,0,0,
13,2,100,ZX_split,3.641384049243013,3.6241059486122698,0.01727810063074342,0.9999253686663345,7.463133366547581e-05,4,46,14,36,
13,2,100,RL_adaptive,3.641384049243013,4.002931453253137,0.3615474040101234,0.9676752964255502,0.03232470357444983,7,92,0,1,0.9676752964255502
13,2,250,Z_only,3.641384049243013,2.5982784062346456,1.0431056430083676,0.7517697503147744,0.24823024968522556,18,232,0,0,
13,2,250,ZX_split,3.641384049243013,3.551350581514176,0.09003346772883702,0.9979748622116523,0.002025137788347675,13,112,41,84,
13,2,250,RL_adaptive,3.641384049243013,3.6004093822966228,0.0409746669463904,0.9995803278885291,0.00041967211147087014,0,1,63,186,0.9995803278885291
13,2,500,Z_only,3.641384049243013,2.638301606137403,1.00308244310561,0.768852978356389,0.231147021643611,31,469,0,0,
13,2,500,ZX_split,3.641384049243013,3.664610965327212,0.023226916084198912,0.9998651336557175,0.00013486634428250266,14,236,61,189,
13,2,500,RL_adaptive,3.641384049243013,3.9908696737291014,0.3494856244860882,0.9697744834024492,0.030225516597550794,30,469,0,1,0.9697744834024492
13,3,10,Z_only,3.641384049243013,3.141592653589793,0.49979139565322006,0.938841276523308,0.061158723476692045,0,10,0,0,
13,3,10,ZX_split,3.641384049243013,3.682012153860377,0.04062810461736399,0.9995873960386341,0.0004126039613658872,0,5,1,4,
13,3,10,RL_adaptive,3.641384049243013,4.051345811534002,0.409961762290989,0.9585680320268112,0.04143196797318882,1,8,0,1,0.9585680320268112
13,3,25,Z_only,3.641384049243013,2.5680795491666966,1.0733045000763166,0.7386114518809289,0.2613885481190711,2,23,0,0,
13,3,25,ZX_split,3.641384049243013,3.368391501643679,0.2729925475993342,0.9814841877956866,0.01851581220431342,0,12,5,8,
13,3,25,RL_adaptive,3.641384049243013,3.7295952571373605,0.08821120789434733,0.9980559567762649,0.0019440432237350924,0,1,4,20,0.9980559567762649
13,3,50,Z_only,3.641384049243013,2.6466585272488974,0.9947255219941158,0.7723665449357182,0.2276334550642818,3,47,0,0,
13,3,50,ZX_split,3.641384049243013,3.682012153860377,0.04062810461736399,0.9995873960386341,0.0004126039613658872,0,25,5,20,
13,3,50,RL_adaptive,3.641384049243013,3.9478211370234586,0.3064370877804454,0.9767072100556381,0.023292789944361902,1,48,0,1,0.9767072100556381
13,3,100,Z_only,3.641384049243013,2.7388768120091314,0.9025072372338818,0.8098220150704888,0.1901779849295112,4,96,0,0,
13,3,100,ZX_split,3.641384049243013,3.695900149791344,0.054516100548331003,0.9992571826940019,0.0007428173059981225,4,46,12,38,
13,3,100,RL_adaptive,3.641384049243013,3.9371945444811955,0.29581049523818237,0.9782830924099405,0.02171690759005951,1,98,0,1,0.9782830924099405
13,3,250,Z_only,3.641384049243013,2.613957171325011,1.027426877918002,0.7585115365999187,0.24148846340008134,17,233,0,0,
13,3,250,ZX_split,3.641384049243013,3.6455115184591986,0.004127469216185453,0.9999957410055138,4.2589944861948226e-06,9,116,33,92,
13,3,250,RL_adaptive,3.641384049243013,3.560934301139823,0.08044974810319028,0.9983828320042949,0.0016171679957051044,0,1,69,180,0.9983828320042949
13,3,500,Z_only,3.641384049243013,2.6725467953247075,0.9688372539183057,0.783129140719457,0.21687085928054295,27,473,0,0,
13,3,500,ZX_split,3.641384049243013,3.694289845225097,0.05290579598208378,0.9993004073920467,0.0006995926079532699,18,232,59,191,
13,3,500,RL_adaptive,3.641384049243013,3.9863689171584236,0.3449848679154104,0.9705402850597485,0.029459714940251458,28,471,0,1,0.9705402850597485
13,4,10,Z_only,3.641384049243013,3.141592653589793,0.49979139565322006,0.938841276523308,0.061158723476692045,0,10,0,0,
13,4,10,ZX_split,3.641384049243013,3.9269908169872414,0.2856067677442282,0.9797454393687288,0.02025456063127118,2,3,2,3,
13,4,10,RL_adaptive,3.641384049243013,4.205290475992353,0.5639064267493397,0.9225868058491404,0.07741319415085957,2,7,0,1,0.9225868058491404
13,4,25,Z_only,3.641384049243013,2.318558961454817,1.3228250877881962,0.6227188798673092,0.3772811201326908,4,21,0,0,
13,4,25,ZX_split,3.641384049243013,3.5740004291603307,0.0673836200826825,0.998865291383944,0.0011347086160560238,1,11,4,9,
13,4,25,RL_adaptive,3.641384049243013,3.141592653589793,0.49979139565322006,0.938841276523308,0.061158723476692045,0,1,12,12,0.938841276523308
13,4,50,Z_only,3.641384049243013,2.7388768120091314,0.9025072372338818,0.8098220150704888,0.1901779849295112,2,48,0,0,
13,4,50,ZX_split,3.641384049243013,3.6663884252399,0.025004375996886985,0.9998437034388021,0.00015629656119786617,3,22,7,18,
13,4,50,RL_adaptive,3.641384049243013,4.0656305541214,0.4242465048783868,0.9556745779994396,0.044325422000560444,6,43,0,1,0.9556745779994396
13,4,100,Z_only,3.641384049243013,2.6905658417935308,0.9508182074494824,0.790508676102416,0.20949132389758396,5,95,0,0,
13,4,100,ZX_split,3.641384049243013,3.6052402625905993,0.03614378665241391,0.999673442224459,0.0003265577755410254,5,45,15,35,
13,4,100,RL_adaptive,3.641384049243013,2.3030530813474095,1.3383309678956037,0.6151886326963507,0.3848113673036493,5,94,1,0,0.6151886326963507
13,4,250,Z_only,3.641384049243013,2.5680795491666966,1.0733045000763166,0.7386114518809289,0.2613885481190711,20,230,0,0,
13,4,250,ZX_split,3.641384049243013,3.5655499260936887,0.07583412314932447,0.9985629853066544,0.0014370146933455619,6,119,37,88,
13,4,250,RL_adaptive,3.641384049243013,3.4848709822013966,0.1565130670416166,0.9938884062302806,0.00611159376971937,0,1,80,169,0.9938884062302806
13,4,500,Z_only,3.641384049243013,2.630069649895716,1.011314399347297,0.765373593518828,0.23462640648117195,32,468,0,0,
13,4,500,ZX_split,3.641384049243013,3.579223829130226,0.0621602201127871,0.9990343377535927,0.0009656622464072617,16,234,74,176,
13,4,500,RL_adaptive,3.641384049243013,4.002279274369057,0.3608952251260438,0.9677905419741131,0.03220945802588693,35,464,0,1,0.9677905419741131
14,0,10,Z_only,1.3497410911332306,1.369438406004566,0.019697314871335303,0.9999030070827524,9.699291724762915e-05,6,4,0,0,
14,0,10,ZX_split,1.3497410911332306,1.0303768265243125,0.3193642646089181,0.9747176036715806,0.025282396328419443,4,1,5,0,
14,0,10,RL_adaptive,1.3497410911332306,2.0778948311872334,0.7281537400540028,0.8732021731565499,0.1267978268434501,2,7,1,0,0.8732021731565499
14,0,25,Z_only,1.3497410911332306,1.2025284333582564,0.14721265777497416,0.9945918857988999,0.0054081142011001004,17,8,0,0,
14,0,25,ZX_split,1.3497410911332306,1.2490457723982544,0.10069531873497617,0.9974672543561247,0.0025327456438752893,8,4,13,0,
14,0,25,RL_adaptive,1.3497410911332306,0.7853981633974483,0.5643429277357823,0.9224701124787777,0.07752988752122225,1,0,24,0,0.9224701124787777
14,0,50,Z_only,1.3497410911332306,1.5707963267948966,0.22105523566166596,0.9878333111754498,0.012166688824550187,25,25,0,0,
14,0,50,ZX_split,1.3497410911332306,1.0912770348023004,0.25846405633093017,0.9833918496546061,0.01660815034539387,19,6,25,0,
14,0,50,RL_adaptive,1.3497410911332306,1.200890259338339,0.14885083179489156,0.9944710772846961,0.005528922715303919,34,15,1,0,0.9944710772846961
14,0,100,Z_only,1.3497410911332306,1.3489818562981022,0.0007592348351284084,0.9999998558906232,1.4410937676512248e-07,61,39,0,0,
14,0,100,ZX_split,1.3497410911332306,1.2120256565243244,0.13771543460890623,0.9952661036098728,0.0047338963901272235,34,16,49,1,
14,0,100,RL_adaptive,1.3497410911332306,1.460139105621001,0.11039801448777031,0.9969561629373166,0.0030438370626834077,55,44,1,0,0.9969561629373166
14,0,250,Z_only,1.3497410911332306,1.3612665336272753,0.011525442494044746,0.9999667914114391,3.320858856092901e-05,151,99,0,0,
14,0,250,ZX_split,1.3497410911332306,1.2740405660171745,0.07570052511605607,0.9985680416483408,0.0014319583516592127,81,44,123,2,
14,0,250,RL_adaptive,1.3497410911332306,2.356194490192345,1.0064533990591142,0.7674303723629179,0.2325696276370821,0,1,249,0,0.7674303723629179
14,0,500,Z_only,1.3497410911332306,1.3530804353887873,0.0033393442555567088,0.9999972121975763,2.787802423687147e-06,304,196,0,0,
14,0,500,ZX_split,1.3497410911332306,1.331564726831236,0.01817636430199454,0.9999174072191462,8.259278085376298e-05,155,95,248,2,
14,0,500,RL_adaptive,1.3497410911332306,1.3749427857690597,0.02520169463582911,0.999841227050532,0.00015877294946797793,299,200,1,0,0.999841227050532
14,1,10,Z_only,1.3497410911332306,1.1592794807274087,0.19046161040582188,0.9909584756322188,0.009041524367781162,7,3,0,0,
14,1,10,ZX_split,1.3497410911332306,1.0303768265243125,0.3193642646089181,0.9747176036715806,0.025282396328419443,4,1,5,0,
14,1,10,RL_adaptive,1.3497410911332306,1.460139105621001,0.11039801448777031,0.9969561629373166,0.0030438370626834077,5,4,1,0,0.9969561629373166
14,1,25,Z_only,1.3497410911332306,1.2025284333582564,0.14721265777497416,0.9945918857988999,0.0054081142011001004,17,8,0,0,
14,1,25,ZX_split,1.3497410911332306,1.4056476493802699,0.05590655824703927,0.9992188176863032,0.0007811823136968377,7,5,13,0,
14,1,25,RL_adaptive,1.3497410911332306,0.7419472680059175,0.6077938231273131,0.9104549345302532,0.08954506546974683,1,0,23,1,0.9104549345302532
14,1,50,Z_only,1.3497410911332306,1.410105673842986,0.06036458270975542,0.9990893058775178,0.0009106941224822362,29,21,0,0,
14,1,50,ZX_split,1.3497410911332306,1.373400766945016,0.023659675811785297,0.9998600614632054,0.00013993853679461488,15,10,25,0,
14,1,50,RL_adaptive,1.3497410911332306,1.3114645823942117,0.03827650873901889,0.9996337719360874,0.0003662280639126214,31,18,1,0,0.9996337719360874
14,1,100,Z_only,1.3497410911332306,1.410105673842986,0.06036458270975542,0.9990893058775178,0.0009106941224822362,58,42,0,0,
14,1,100,ZX_split,1.3497410911332306,1.2753554896511765,0.07438560148205409,0.9986173332991181,0.0013826667008819404,32,18,48,2,
14,1,100,RL_adaptive,1.3497410911332306,1.3811827110205073,0.03144161988727667,0.9997528764940751,0.0002471235059249288,59,40,1,0,0.9997528764940751
14,1,250,Z_only,1.3497410911332306,1.2366106560566172,0.11313043507661336,0.9968037872402303,0.0031962127597696677,166,84,0,0,
14,1,250,ZX_split,1.3497410911332306,1.3512524905055079,0.001511399372277289,0.9999994289180929,5.710819070969819e-07,76,49,123,2,
14,1,250,RL_adaptive,1.3497410911332306,0.7773011743597102,0.5724399167735204,0.9202909065914018,0.07970909340859822,1,0,247,2,0.9202909065914018
14,1,500,Z_only,1.3497410911332306,1.299479836719612,0.050261254413618506,0.9993685845161349,0.0006314154838651387,317,183,0,0,
14,1,500,ZX_split,1.3497410911332306,1.3574276846430886,0.0076865935098580085,0.9999852291427801,1.4770857219903455e-05,151,99,245,5,
14,1,500,RL_adaptive,1.3497410911332306,1.405972641244031,0.05623155011080039,0.9992097114661483,0.0007902885338516574,291,208,1,0,0.9992097114661483
14,2,10,Z_only,1.3497410911332306,1.7721542475852272,0.4224131564519966,0.9560511464470227,0.043948853552977285,4,6,0,0,
14,2,10,ZX_split,1.3497410911332306,1.373400766945016,0.023659675811785297,0.9998600614632054,0.00013993853679461488,3,2,5,0,
14,2,10,RL_adaptive,1.3497410911332306,1.460139105621001,0.11039801448777031,0.9969561629373166,0.0030438370626834077,5,4,1,0,0.9969561629373166
14,2,25,Z_only,1.3497410911332306,1.369438406004566,0.019697314871335303,0.9999030070827524,9.699291724762915e-05,15,10,0,0,
14,2,25,ZX_split,1.3497410911332306,1.5707963267948966,0.22105523566166596,0.9878333111754498,0.012166688824550187,6,6,13,0,
14,2,25,RL_adaptive,1.3497410911332306,0.7853981633974483,0.5643429277357823,0.9224701124787777,0.07752988752122225,1,0,24,0,0.9224701124787777
14,2,50,Z_only,1.3497410911332306,1.6508819068285556,0.301140815695325,0.9774993667212137,0.022500633278786264,23,27,0,0,
14,2,50,ZX_split,1.3497410911332306,1.373400766945016,0.023659675811785297,0.9998600614632054,0.00013993853679461488,15,10,25,0,
14,2,50,RL_adaptive,1.3497410911332306,1.2368512549500026,0.11288983618322801,0.99681735337772,0.003182646622279961,33,16,1,0,0.99681735337772
14,2,100,Z_only,1.3497410911332306,1.5307856524409076,0.181044561307677,0.9918280743584126,0.008171925641587419,52,48,0,0,
14,2,100,ZX_split,1.3497410911332306,1.4909663410826592,0.14122524994942864,0.9950221388933426,0.004977861106657433,27,23,50,0,
14,2,100,RL_adaptive,1.3497410911332306,1.342522553556844,0.0072185375763866855,0.9999869732353804,1.3026764619561426e-05,61,38,1,0,0.9999869732353804
14,2,250,Z_only,1.3497410911332306,1.3775966693777972,0.027855578244566637,0.9998060292330156,0.00019397076698435267,149,101,0,0,
14,2,250,ZX_split,1.3497410911332306,1.2913485626685244,0.05839252846470622,0.9991478203350151,0.0008521796649848534,79,46,120,5,
14,2,250,RL_adaptive,1.3497410911332306,2.364291479230083,1.0145503880968523,0.7640009073868473,0.23599909261315266,0,1,247,2,0.7640009073868473
14,2,500,Z_only,1.3497410911332306,1.3448794852194168,0.0048616059138137935,0.9999940912086224,5.908791377629008e-06,306,194,0,0,
14,2,500,ZX_split,1.3497410911332306,1.3512524905055079,0.001511399372277289,0.9999994289180929,5.710819070969819e-07,152,98,246,4,
14,2,500,RL_adaptive,1.3497410911332306,1.4098752664701366,0.060134175336906015,0.9990962426295722,0.0009037573704278046,290,209,1,0,0.9990962426295722
14,3,10,Z_only,1.3497410911332306,1.1592794807274087,0.19046161040582188,0.9909584756322188,0.009041524367781162,7,3,0,0,
14,3,10,ZX_split,1.3497410911332306,0.7853981633974483,0.5643429277357823,0.9224701124787777,0.07752988752122225,5,0,5,0,
14,3,10,RL_adaptive,1.3497410911332306,1.2490457723982544,0.10069531873497617,0.9974672543561247,0.0025327456438752893,6,3,1,0,0.9974672543561247
14,3,25,Z_only,1.3497410911332306,1.369438406004566,0.019697314871335303,0.9999030070827524,9.699291724762915e-05,15,10,0,0,
14,3,25,ZX_split,1.3497410911332306,1.7359450042095235,0.38620391307629287,0.9631728102864552,0.03682718971354482,5,7,13,0,
14,3,25,RL_adaptive,1.3497410911332306,0.7853981633974483,0.5643429277357823,0.9224701124787777,0.07752988752122225,1,0,24,0,0.9224701124787777
14,3,50,Z_only,1.3497410911332306,1.2870022175865687,0.06273887354666186,0.9990162811734428,0.0009837188265572339,32,18,0,0,
14,3,50,ZX_split,1.3497410911332306,1.373400766945016,0.023659675811785297,0.9998600614632054,0.00013993853679461488,15,10,25,0,
14,3,50,RL_adaptive,1.3497410911332306,1.2737321144538538,0.07600897667937678,0.9985563541059085,0.0014436458940915164,32,17,1,0,0.9985563541059085
14,3,100,Z_only,1.3497410911332306,1.3489818562981022,0.0007592348351284084,0.9999998558906232,1.4410937676512248e-07,61,39,0,0,
14,3,100,ZX_split,1.3497410911332306,1.297787623708186,0.051953467425044586,0.9993253610728005,0.0006746389271995445,32,18,50,0,
14,3,100,RL_adaptive,1.3497410911332306,1.440230231995269,0.0904891408620383,0.9979543252987484,0.0020456747012516097,56,43,1,0,0.9979543252987484
14,3,250,Z_only,1.3497410911332306,1.418204855175185,0.06846376404195431,0.9988286359038606,0.0011713640961393823,144,106,0,0,
14,3,250,ZX_split,1.3497410911332306,1.4989203572385617,0.14917926610533105,0.9944466969213148,0.005553303078685179,67,58,125,0,
14,3,250,RL_adaptive,1.3497410911332306,2.3725195703938207,1.02277847926059,0.7604981848268609,0.23950181517313907,0,1,245,4,0.7604981848268609
14,3,500,Z_only,1.3497410911332306,1.410105673842986,0.06036458270975542,0.9990893058775178,0.0009106941224822362,290,210,0,0,
14,3,500,ZX_split,1.3497410911332306,1.2935707812327786,0.05617030990045202,0.9992114314387671,0.000788568561232883,160,90,248,2,
14,3,500,RL_adaptive,1.3497410911332306,1.3865375691556074,0.036796478022376844,0.9996615429925633,0.0003384570074367321,296,203,1,0,0.9996615429925633
14,4,10,Z_only,1.3497410911332306,1.369438406004566,0.019697314871335303,0.9999030070827524,9.699291724762915e-05,6,4,0,0,
14,4,10,ZX_split,1.3497410911332306,1.0303768265243125,0.3193642646089181,0.9747176036715806,0.025282396328419443,4,1,5,0,
14,4,10,RL_adaptive,1.3497410911332306,1.460139105621001,0.11039801448777031,0.9969561629373166,0.0030438370626834077,5,4,1,0,0.9969561629373166
14,4,25,Z_only,1.3497410911332306,1.4505064444001083,0.10076535326687774,0.997463733017154,0.002536266982846036,14,11,0,0,
14,4,25,ZX_split,1.3497410911332306,1.4056476493802699,0.05590655824703927,0.9992188176863032,0.0007811823136968377,7,5,13,0,
14,4,25,RL_adaptive,1.3497410911332306,0.7853981633974483,0.5643429277357823,0.9224701124787777,0.07752988752122225,1,0,24,0,0.9224701124787777
14,4,50,Z_only,1.3497410911332306,1.4907107467612375,0.1409696556280069,0.9950401109755055,0.004959889024494513,27,23,0,0,
14,4,50,ZX_split,1.3497410911332306,1.451367400776558,0.10162630964332742,0.9974202447334193,0.002579755266580719,14,11,25,0,
14,4,50,RL_adaptive,1.3497410911332306,1.5096481641455954,0.15990707301236484,0.993621042037029,0.006378957962971055,26,23,1,0,0.993621042037029
14,4,100,Z_only,1.3497410911332306,1.3898098755483488,0.040068784415118186,0.9995986768271306,0.00040132317286944996,59,41,0,0,
14,4,100,ZX_split,1.3497410911332306,1.4121410646084953,0.062399973475264714,0.9990268766478523,0.0009731233521477201,29,21,50,0,
14,4,100,RL_adaptive,1.3497410911332306,1.440230231995269,0.0904891408620383,0.9979543252987484,0.0020456747012516097,56,43,1,0,0.9979543252987484
14,4,250,Z_only,1.3497410911332306,1.3938747933285922,0.04413370219536161,0.999513133116277,0.0004868668837230139,147,103,0,0,
14,4,250,ZX_split,1.3497410911332306,1.4150433460436043,0.06530225491037367,0.9989342826757053,0.0010657173242947238,72,53,123,2,
14,4,250,RL_adaptive,1.3497410911332306,0.7732036459491964,0.5765374451840342,0.9191775973775788,0.08082240262242124,1,0,246,3,0.9191775973775788
14,4,500,Z_only,1.3497410911332306,1.369438406004566,0.019697314871335303,0.9999030070827524,9.699291724762915e-05,300,200,0,0,
14,4,500,ZX_split,1.3497410911332306,1.23193252878112,0.11780856235211057,0.9965342967756123,0.0034657032243876618,168,82,247,3,
14,4,500,RL_adaptive,1.3497410911332306,1.3826669110008702,0.03292581986763965,0.9997289970809107,0.00027100291908932483,297,202,1,0,0.9997289970809107
15,0,10,Z_only,0.01107583286456887,0.0,0.01107583286456887,0.999969331795107,3.0668204892947415e-05,10,0,0,0,
15,0,10,ZX_split,0.01107583286456887,6.085789747329706,0.2084713927144497,0.9891742126343659,0.01082578736563411,5,0,2,3,
15,0,10,RL_adaptive,0.01107583286456887,0.7853981633974483,0.7743223305328794,0.8574475230978322,0.14255247690216777,9,0,1,0,0.8574475230978322
15,0,25,Z_only,0.01107583286456887,0.0,0.01107583286456887,0.999969331795107,3.0668204892947415e-05,25,0,0,0,
15,0,25,ZX_split,0.01107583286456887,0.07677189126977799,0.06569605840520912,0.9989213949969924,0.0010786050030076044,12,0,7,6,
15,0,25,RL_adaptive,0.01107583286456887,6.200044075291145,0.0942170647530105,0.9977824273283198,0.0022175726716802124,1,0,11,13,0.9977824273283198
15,0,50,Z_only,0.01107583286456887,0.0,0.01107583286456887,0.999969331795107,3.0668204892947415e-05,50,0,0,0,
15,0,50,ZX_split,0.01107583286456887,0.19739555984988072,0.18631972698531185,0.9913463177584021,0.008653682241597904,25,0,15,10,
15,0,50,RL_adaptive,0.01107583286456887,5.497787143782138,0.7964739962620175,0.8496158866974218,0.15038411330257817,49,0,0,1,0.8496158866974218
15,0,100,Z_only,0.01107583286456887,0.0,0.01107583286456887,0.999969331795107,3.0668204892947415e-05,100,0,0,0,
15,0,100,ZX_split,0.01107583286456887,0.0,0.01107583286456887,0.999969331795107,3.0668204892947415e-05,50,0,25,25,
15,0,100,RL_adaptive,0.01107583286456887,0.7853981633974483,0.7743223305328794,0.8574475230978322,0.14255247690216777,99,0,1,0,0.8574475230978322
15,0,250,Z_only,0.01107583286456887,0.0,0.01107583286456887,0.999969331795107,3.0668204892947415e-05,250,0,0,0,
15,0,250,ZX_split,0.01107583286456887,6.179557847182714,0.11470329286144132,0.9967143933742356,0.0032856066257643812,125,0,56,69,
15,0,250,RL_adaptive,0.01107583286456887,0.10006626678432341,0.08899043391975454,0.9980214818909676,0.001978518109032379,1,0,137,112,0.9980214818909676
15,0,500,Z_only,0.01107583286456887,0.0,0.01107583286456887,0.999969331795107,3.0668204892947415e-05,500,0,0,0,
15,0,500,ZX_split,0.01107583286456887,0.031989084039315135,0.020913251174746267,0.9998906629664199,0.0001093370335800703,250,0,129,121,
15,0,500,RL_adaptive,0.01107583286456887,0.7853981633974483,0.7743223305328794,0.8574475230978322,0.14255247690216777,499,0,1,0,0.8574475230978322
15,1,10,Z_only,0.01107583286456887,0.0,0.01107583286456887,0.999969331795107,3.0668204892947415e-05,10,0,0,0,
15,1,10,ZX_split,0.01107583286456887,6.085789747329706,0.2084713927144497,0.9891742126343659,0.01082578736563411,5,0,2,3,
15,1,10,RL_adaptive,0.01107583286456887,5.497787143782138,0.7964739962620175,0.8496158866974218,0.15038411330257817,9,0,0,1,0.8496158866974218
15,1,25,Z_only,0.01107583286456887,0.0,0.01107583286456887,0.999969331795107,3.0668204892947415e-05,25,0,0,0,
15,1,25,ZX_split,0.01107583286456887,5.916011473361367,0.37824966668278837,0.9646562235707734,0.03534377642922659,12,0,4,9,
15,1,25,RL_adaptive,0.01107583286456887,6.200044075291145,0.0942170647530105,0.9977824273283198,0.0022175726716802124,1,0,11,13,0.9977824273283198
15,1,50,Z_only,0.01107583286456887,0.0,0.01107583286456887,0.999969331795107,3.0668204892947415e-05,50,0,0,0,
15,1,50,ZX_split,0.01107583286456887,0.34555558058171215,0.3344797477171433,0.9722906123639456,0.02770938763605435,25,0,17,8,
15,1,50,RL_adaptive,0.01107583286456887,0.7853981633974483,0.7743223305328794,0.8574475230978322,0.14255247690216777,49,0,1,0,0.8574475230978322
15,1,100,Z_only,0.01107583286456887,0.0,0.01107583286456887,0.999969331795107,3.0668204892947415e-05,100,0,0,0,
15,1,100,ZX_split,0.01107583286456887,0.03997868712329008,0.02890285425872121,0.9997911707920899,0.0002088292079100995,50,0,26,24,
15,1,100,RL_adaptive,0.01107583286456887,5.497787143782138,0.7964739962620175,0.8496158866974218,0.15038411330257817,99,0,0,1,0.8496158866974218
15,1,250,Z_only,0.01107583286456887,0.0,0.01107583286456887,0.999969331795107,3.0668204892947415e-05,250,0,0,0,
15,1,250,ZX_split,0.01107583286456887,5.980756019638699,0.3135051204054564,0.9756292273534769,0.024370772646523098,125,0,43,82,
15,1,250,RL_adaptive,0.01107583286456887,0.1475149730291193,0.13643914016455044,0.9953533054046435,0.004646694595356493,1,0,143,106,0.9953533054046435
15,1,500,Z_only,0.01107583286456887,0.0,0.01107583286456887,0.999969331795107,3.0668204892947415e-05,500,0,0,0,
15,1,500,ZX_split,0.01107583286456887,6.259189913587717,0.03507122645643879,0.9996925337857029,0.00030746621429711407,250,0,122,128,
15,1,500,RL_adaptive,0.01107583286456887,0.7853981633974483,0.7743223305328794,0.8574475230978322,0.14255247690216777,499,0,1,0,0.8574475230978322
15,2,10,Z_only,0.01107583286456887,0.0,0.01107583286456887,0.999969331795107,3.0668204892947415e-05,10,0,0,0,
15,2,10,ZX_split,0.01107583286456887,6.085789747329706,0.2084713927144497,0.9891742126343659,0.01082578736563411,5,0,2,3,
15,2,10,RL_adaptive,0.01107583286456887,0.7853981633974483,0.7743223305328794,0.8574475230978322,0.14255247690216777,9,0,1,0,0.8574475230978322
15,2,25,Z_only,0.01107583286456887,0.0,0.01107583286456887,0.999969331795107,3.0668204892947415e-05,25,0,0,0,
15,2,25,ZX_split,0.01107583286456887,0.07677189126977799,0.06569605840520912,0.9989213949969924,0.0010786050030076044,12,0,7,6,
15,2,25,RL_adaptive,0.01107583286456887,6.038206644052722,0.2560544959914335,0.9836983829816751,0.016301617018324888,1,0,9,15,0.9836983829816751
15,2,50,Z_only,0.01107583286456887,0.0,0.01107583286456887,0.999969331795107,3.0668204892947415e-05,50,0,0,0,
15,2,50,ZX_split,0.01107583286456887,6.163756381161248,0.1305047588829078,0.9957481667083629,0.0042518332916371415,25,0,11,14,
15,2,50,RL_adaptive,0.01107583286456887,5.497787143782138,0.7964739962620175,0.8496158866974218,0.15038411330257817,49,0,0,1,0.8496158866974218
15,2,100,Z_only,0.01107583286456887,0.0,0.01107583286456887,0.999969331795107,3.0668204892947415e-05,100,0,0,0,
15,2,100,ZX_split,0.01107583286456887,6.243206620056296,0.05105451998785959,0.9993485005302367,0.0006514994697632837,50,0,24,26,
15,2,100,RL_adaptive,0.01107583286456887,5.497787143782138,0.7964739962620175,0.8496158866974218,0.15038411330257817,99,0,0,1,0.8496158866974218
15,2,250,Z_only,0.01107583286456887,0.0,0.01107583286456887,0.999969331795107,3.0668204892947415e-05,250,0,0,0,
15,2,250,ZX_split,0.01107583286456887,0.1036274599968717,0.09255162713230283,0.9978600772464161,0.0021399227535838783,125,0,69,56,
15,2,250,RL_adaptive,0.01107583286456887,0.044148002284534714,0.033072169419965845,0.9997265828250824,0.00027341717491757844,1,0,130,119,0.9997265828250824
15,2,500,Z_only,0.01107583286456887,0.0,0.01107583286456887,0.999969331795107,3.0668204892947415e-05,500,0,0,0,
15,2,500,ZX_split,0.01107583286456887,6.251196223140271,0.04306491690388459,0.999536424884694,0.00046357511530603634,250,0,121,129,
15,2,500,RL_adaptive,0.01107583286456887,0.7853981633974483,0.7743223305328794,0.8574475230978322,0.14255247690216777,499,0,1,0,0.8574475230978322
15,3,10,Z_only,0.01107583286456887,0.0,0.01107583286456887,0.999969331795107,3.0668204892947415e-05,10,0,0,0,
15,3,10,ZX_split,0.01107583286456887,0.5404195002705843,0.5293436674060154,0.9315693413316782,0.06843065866832176,5,0,4,1,
15,3,10,RL_adaptive,0.01107583286456887,0.7853981633974483,0.7743223305328794,0.8574475230978322,0.14255247690216777,9,0,1,0,0.8574475230978322
15,3,25,Z_only,0.01107583286456887,0.0,0.01107583286456887,0.999969331795107,3.0668204892947415e-05,25,0,0,0,
15,3,25,ZX_split,0.01107583286456887,6.0563864591257,0.23787468091845554,0.985920487321262,0.014079512678737971,12,0,5,8,
15,3,25,RL_adaptive,0.01107583286456887,6.200044075291145,0.0942170647530105,0.9977824273283198,0.0022175726716802124,1,0,11,13,0.9977824273283198
15,3,50,Z_only,0.01107583286456887,0.0,0.01107583286456887,0.999969331795107,3.0668204892947415e-05,50,0,0,0,
15,3,50,ZX_split,0.01107583286456887,0.03997868712329008,0.02890285425872121,0.9997911707920899,0.0002088292079100995,25,0,13,12,
15,3,50,RL_adaptive,0.01107583286456887,0.7853981633974483,0.7743223305328794,0.8574475230978322,0.14255247690216777,49,0,1,0,0.8574475230978322
15,3,100,Z_only,0.01107583286456887,0.0,0.01107583286456887,0.999969331795107,3.0668204892947415e-05,100,0,0,0,
15,3,100,ZX_split,0.01107583286456887,0.19739555984988072,0.18631972698531185,0.9913463177584021,0.008653682241597904,50,0,30,20,
15,3,100,RL_adaptive,0.01107583286456887,5.497787143782138,0.7964739962620175,0.8496158866974218,0.15038411330257817,99,0,0,1,0.8496158866974218
15,3,250,Z_only,0.01107583286456887,0.0,0.01107583286456887,0.999969331795107,3.0668204892947415e-05,250,0,0,0,
15,3,250,ZX_split,0.01107583286456887,6.2751854778397,0.019075662204455668,0.9999090325363589,9.096746364112285e-05,125,0,62,63,
15,3,250,RL_adaptive,0.01107583286456887,6.2711376973254005,0.023123442718754994,0.9998663325552946,0.00013366744470544312,1,0,123,126,0.9998663325552946
15,3,500,Z_only,0.01107583286456887,0.0,0.01107583286456887,0.999969331795107,3.0668204892947415e-05,500,0,0,0,
15,3,500,ZX_split,0.01107583286456887,6.219272474390852,0.07498866565330342,0.9985948336637169,0.0014051663362830702,250,0,117,133,
15,3,500,RL_adaptive,0.01107583286456887,0.7853981633974483,0.7743223305328794,0.8574475230978322,0.14255247690216777,499,0,1,0,0.8574475230978322
15,4,10,Z_only,0.01107583286456887,0.0,0.01107583286456887,0.999969331795107,3.0668204892947415e-05,10,0,0,0,
15,4,10,ZX_split,0.01107583286456887,5.742765806909002,0.5514953331351533,0.9258709888433858,0.07412901115661419,5,0,1,4,
15,4,10,RL_adaptive,0.01107583286456887,0.7853981633974483,0.7743223305328794,0.8574475230978322,0.14255247690216777,9,0,1,0,0.8574475230978322
15,4,25,Z_only,0.01107583286456887,0.0,0.01107583286456887,0.999969331795107,3.0668204892947415e-05,25,0,0,0,
15,4,25,ZX_split,0.01107583286456887,6.206413415909808,0.08784772413434716,0.9980719347620871,0.0019280652379128904,12,0,6,7,
15,4,25,RL_adaptive,0.01107583286456887,0.16514867741462685,0.15407284455005799,0.9940771202241584,0.005922879775841605,1,0,14,10,0.9940771202241584
15,4,50,Z_only,0.01107583286456887,0.0,0.01107583286456887,0.999969331795107,3.0668204892947415e-05,50,0,0,0,
15,4,50,ZX_split,0.01107583286456887,6.243206620056296,0.05105451998785959,0.9993485005302367,0.0006514994697632837,25,0,12,13,
15,4,50,RL_adaptive,0.01107583286456887,5.497787143782138,0.7964739962620175,0.8496158866974218,0.15038411330257817,49,0,0,1,0.8496158866974218
15,4,100,Z_only,0.01107583286456887,0.0,0.01107583286456887,0.999969331795107,3.0668204892947415e-05,100,0,0,0,
15,4,100,ZX_split,0.01107583286456887,6.203355321467349,0.09090581857680657,0.9979354553851972,0.0020645446148027657,50,0,23,27,
15,4,100,RL_adaptive,0.01107583286456887,5.497787143782138,0.7964739962620175,0.8496158866974218,0.15038411330257817,99,0,0,1,0.8496158866974218
15,4,250,Z_only,0.01107583286456887,0.0,0.01107583286456887,0.999969331795107,3.0668204892947415e-05,250,0,0,0,
15,4,250,ZX_split,0.01107583286456887,0.1194289260183385,0.10835309315376963,0.997067772277927,0.002932227722073022,125,0,70,55,
15,4,250,RL_adaptive,0.01107583286456887,6.263107684166062,0.03115345587809326,0.999757385169904,0.0002426148300960218,1,0,122,127,0.999757385169904
15,4,500,Z_only,0.01107583286456887,0.0,0.01107583286456887,0.999969331795107,3.0668204892947415e-05,500,0,0,0,
15,4,500,ZX_split,0.01107583286456887,6.219272474390852,0.07498866565330342,0.9985948336637169,0.0014051663362830702,250,0,117,133,
15,4,500,RL_adaptive,0.01107583286456887,5.497787143782138,0.7964739962620175,0.8496158866974218,0.15038411330257817,499,0,0,1,0.8496158866974218
16,0,10,Z_only,3.583131369016127,3.141592653589793,0.4415387154263337,0.9520475963938847,0.0479524036061153,0,10,0,0,
16,0,10,ZX_split,3.583131369016127,3.4633432079864352,0.11978816102969159,0.9964169866439431,0.00358301335605693,1,4,2,3,
16,0,10,RL_adaptive,3.583131369016127,4.051345811534002,0.46821444251787536,0.9461877605027476,0.053812239497252445,1,8,0,1,0.9461877605027476
16,0,25,Z_only,3.583131369016127,2.5680795491666966,1.0150518198494303,0.7637879554428659,0.23621204455713407,2,23,0,0,
16,0,25,ZX_split,3.583131369016127,3.7152593217579537,0.13212795274182687,0.9956418968039042,0.004358103196095753,1,11,3,10,
16,0,25,RL_adaptive,3.583131369016127,3.5363837732895544,0.04674759572657239,0.9994537650599676,0.0005462349400323641,0,1,7,17,0.9994537650599676
16,0,50,Z_only,3.583131369016127,2.6466585272488974,0.9364728417672294,0.7963163678001884,0.20368363219981156,3,47,0,0,
16,0,50,ZX_split,3.583131369016127,3.695900149791344,0.11276878077521735,0.9968241681959117,0.0031758318040883138,2,23,6,19,
16,0,50,RL_adaptive,3.583131369016127,3.9478211370234586,0.36468976800733177,0.9671172266509761,0.0328827733490239,1,48,0,1,0.9671172266509761
16,0,100,Z_only,3.583131369016127,2.6060659992754056,0.9770653697407212,0.7797286737145398,0.2202713262854602,7,93,0,0,
16,0,100,ZX_split,3.583131369016127,3.7618421395726145,0.17871077055648765,0.992036842646069,0.00796315735393105,4,46,10,40,
16,0,100,RL_adaptive,3.583131369016127,2.3355788545667413,1.2475525144493855,0.6588220209004086,0.34117797909959136,2,97,1,0,0.6588220209004086
16,0,250,Z_only,3.583131369016127,2.6998312294397344,0.8833001395763924,0.8173020666799372,0.1826979333200628,12,238,0,0,
16,0,250,ZX_split,3.583131369016127,3.6227823226480016,0.039650953631874764,0.9996070019622998,0.0003929980377002096,6,119,33,92,
16,0,250,RL_adaptive,3.583131369016127,3.5874139501247067,0.004282581108579819,0.99999541488177,4.585118229982754e-06,0,1,65,184,0.99999541488177
16,0,500,Z_only,3.583131369016127,2.7934266323168324,0.7897047366992944,0.852027513110153,0.147972486889847,15,485,0,0,
16,0,500,ZX_split,3.583131369016127,3.530909375422934,0.052221993593192906,0.9993183707754145,0.0006816292245854783,8,242,77,173,
16,0,500,RL_adaptive,3.583131369016127,3.984131934858619,0.4010005658424922,0.9603354471621816,0.039664552837818445,27,472,0,1,0.9603354471621816
16,1,10,Z_only,3.583131369016127,2.498091544796509,1.085039824219618,0.7334387424287522,0.2665612575712478,1,9,0,0,
16,1,10,ZX_split,3.583131369016127,3.682012153860377,0.09888078484425034,0.9975576385677202,0.002442361432279827,0,5,1,4,
16,1,10,RL_adaptive,3.583131369016127,3.9269908169872414,0.34385944797111456,0.9707302856630716,0.029269714336928376,0,9,0,1,0.9707302856630716
16,1,25,Z_only,3.583131369016127,2.7388768120091314,0.8442545570069955,0.8321443339234791,0.16785566607652092,1,24,0,0,
16,1,25,ZX_split,3.583131369016127,3.945856503008912,0.36272513399278505,0.9674666776146282,0.032533322385371766,2,10,2,11,
16,1,25,RL_adaptive,3.583131369016127,3.6052402625905993,0.022108893574472432,0.9998778041838252,0.00012219581617478603,0,1,6,18,0.9998778041838252
16,1,50,Z_only,3.583131369016127,3.141592653589793,0.4415387154263337,0.9520475963938847,0.0479524036061153,0,50,0,0,
16,1,50,ZX_split,3.583131369016127,3.7944392846905672,0.2113079156744404,0.9888787151502151,0.011121284849784918,4,21,6,19,
16,1,50,RL_adaptive,3.583131369016127,3.9695183516070256,0.38638698259089876,0.9631383237025732,0.03686167629742676,2,47,0,1,0.9631383237025732
16,1,100,Z_only,3.583131369016127,2.857798544381465,0.7253328246346618,0.8741393363511633,0.12586066364883675,2,98,0,0,
16,1,100,ZX_split,3.583131369016127,3.4253867627981207,0.15774460621800612,0.9937920487250951,0.0062079512749049215,1,49,18,32,
16,1,100,RL_adaptive,3.583131369016127,3.9801322258321767,0.3970008568160499,0.9611123856074388,0.038887614392561165,5,94,0,1,0.9611123856074388
16,1,250,Z_only,3.583131369016127,2.7189300487854884,0.8642013202306384,0.8246238900656334,0.1753761099343666,11,239,0,0,
16,1,250,ZX_split,3.583131369016127,3.6427653014208623,0.05963393240473547,0.9991112119660978,0.0008887880339022436,5,120,31,94,
16,1,250,RL_adaptive,3.583131369016127,3.5269365879898844,0.056194781026242424,0.9992107443752819,0.0007892556247180993,0,1,74,175,0.9992107443752819
16,1,500,Z_only,3.583131369016127,2.770688476069521,0.8124428929466059,0.8438635106570888,0.15613648934291124,17,483,0,0,
16,1,500,ZX_split,3.583131369016127,3.571033078819256,0.01209829019687092,0.9999634082899045,3.659171009551265e-05,18,232,76,174,
16,1,500,RL_adaptive,3.583131369016127,2.3230803052859184,1.2600510637302085,0.6528841453476321,0.34711585465236794,16,483,1,0,0.6528841453476321
16,2,10,Z_only,3.583131369016127,3.141592653589793,0.4415387154263337,0.9520475963938847,0.0479524036061153,0,10,0,0,
16,2,10,ZX_split,3.583131369016127,2.9441970937399127,0.6389342752762142,0.9013658741064143,0.09863412589358567,0,5,3,2,
16,2,10,RL_adaptive,3.583131369016127,3.9269908169872414,0.34385944797111456,0.9707302856630716,0.029269714336928376,0,9,0,1,0.9707302856630716
16,2,25,Z_only,3.583131369016127,2.5680795491666966,1.0150518198494303,0.7637879554428659,0.23621204455713407,2,23,0,0,
16,2,25,ZX_split,3.583131369016127,3.5087664874080122,0.07436488160811461,0.9986181031117489,0.0013818968882510774,0,12,4,9,
16,2,25,RL_adaptive,3.583131369016127,3.5363837732895544,0.04674759572657239,0.9994537650599676,0.0005462349400323641,0,1,7,17,0.9994537650599676
16,2,50,Z_only,3.583131369016127,2.7388768120091314,0.8442545570069955,0.8321443339234791,0.16785566607652092,2,48,0,0,
16,2,50,ZX_split,3.583131369016127,3.487148234171505,0.09598313484462162,0.9976985771423235,0.0023014228576765383,0,25,8,17,
16,2,50,RL_adaptive,3.583131369016127,3.9695183516070256,0.38638698259089876,0.9631383237025732,0.03686167629742676,2,47,0,1,0.9631383237025732
16,2,100,Z_only,3.583131369016127,2.7388768120091314,0.8442545570069955,0.8321443339234791,0.16785566607652092,4,96,0,0,
16,2,100,ZX_split,3.583131369016127,3.6883814944790405,0.10525012546291368,0.9972331583490288,0.0027668416509711857,2,48,11,39,
16,2,100,RL_adaptive,3.583131369016127,4.014677472116741,0.43154610310061425,0.954160069140007,0.04583993085999305,8,91,0,1,0.954160069140007
16,2,250,Z_only,3.583131369016127,2.7189300487854884,0.8642013202306384,0.8246238900656334,0.1753761099343666,11,239,0,0,
16,2,250,ZX_split,3.583131369016127,3.566931487636189,0.016199881379937775,0.999934392395655,6.560760434504154e-05,4,121,36,89,
16,2,250,RL_adaptive,3.583131369016127,3.5060725284078496,0.07705884060827728,0.9985162182217844,0.0014837817782156204,0,1,77,172,0.9985162182217844
16,2,500,Z_only,3.583131369016127,2.7189300487854884,0.8642013202306384,0.8246238900656334,0.1753761099343666,22,478,0,0,
16,2,500,ZX_split,3.583131369016127,3.5624648145803066,0.020666554435820217,0.9998932271822992,0.00010677281770077318,20,230,78,172,
16,2,500,RL_adaptive,3.583131369016127,3.988614819891324,0.405483450875197,0.9594559005250818,0.040544099474918216,29,470,0,1,0.9594559005250818
16,3,10,Z_only,3.583131369016127,3.141592653589793,0.4415387154263337,0.9520475963938847,0.0479524036061153,0,10,0,0,
16,3,10,ZX_split,3.583131369016127,2.9441970937399127,0.6389342752762142,0.9013658741064143,0.09863412589358567,0,5,3,2,
16,3,10,RL_adaptive,3.583131369016127,4.051345811534002,0.46821444251787536,0.9461877605027476,0.053812239497252445,1,8,0,1,0.9461877605027476
16,3,25,Z_only,3.583131369016127,2.7388768120091314,0.8442545570069955,0.8321443339234791,0.16785566607652092,1,24,0,0,
16,3,25,ZX_split,3.583131369016127,3.5087664874080122,0.07436488160811461,0.9986181031117489,0.0013818968882510774,0,12,4,9,
16,3,25,RL_adaptive,3.583131369016127,3.3865713167166573,0.1965600522994695,0.9903720949625799,0.00962790503742006,0,1,9,15,0.9903720949625799
16,3,50,Z_only,3.583131369016127,2.6466585272488974,0.9364728417672294,0.7963163678001884,0.20368363219981156,3,47,0,0,
16,3,50,ZX_split,3.583131369016127,3.514580375389854,0.06855099362627293,0.9988256503054174,0.0011743496945826326,1,24,8,17,
16,3,50,RL_adaptive,3.583131369016127,3.992115980321627,0.40898461130550023,0.958762546684979,0.041237453315021044,3,46,0,1,0.958762546684979
16,3,100,Z_only,3.583131369016127,2.7388768120091314,0.8442545570069955,0.8321443339234791,0.16785566607652092,4,96,0,0,
16,3,100,ZX_split,3.583131369016127,3.638015406994675,0.05488403797854824,0.9992471246101458,0.0007528753898542462,1,49,12,38,
16,3,100,RL_adaptive,3.583131369016127,4.002931453253137,0.41980008423700976,0.9565852199037284,0.043414780096271643,7,92,0,1,0.9565852199037284
16,3,250,Z_only,3.583131369016127,2.681474416207131,0.9016569528089957,0.8101555899143578,0.18984441008564223,13,237,0,0,
16,3,250,ZX_split,3.583131369016127,3.64869115798213,0.06555978896600312,0.9989258633280202,0.001074136671979753,4,121,30,95,
16,3,250,RL_adaptive,3.583131369016127,3.52002003161847,0.06311133739765662,0.9990045702419013,0.0009954297580987426,0,1,75,174,0.9990045702419013
16,3,500,Z_only,3.583131369016127,2.6637737563375885,0.9193576126785383,0.8031655580013218,0.19683444199867817,28,472,0,0,
16,3,500,ZX_split,3.583131369016127,3.6501926583552513,0.06706128933912447,0.9988761171581452,0.0011238828418548286,12,238,62,188,
16,3,500,RL_adaptive,3.583131369016127,4.002279274369057,0.4191479053529301,0.956718029644265,0.043281970355735,35,464,0,1,0.956718029644265
16,4,10,Z_only,3.583131369016127,3.141592653589793,0.4415387154263337,0.9520475963938847,0.0479524036061153,0,10,0,0,
16,4,10,ZX_split,3.583131369016127,3.9269908169872414,0.34385944797111456,0.9707302856630716,0.029269714336928376,0,5,0,5,
16,4,10,RL_adaptive,3.583131369016127,3.9269908169872414,0.34385944797111456,0.9707302856630716,0.029269714336928376,0,9,0,1,0.9707302856630716
16,4,25,Z_only,3.583131369016127,2.7388768120091314,0.8442545570069955,0.8321443339234791,0.16785566607652092,1,24,0,0,
16,4,25,ZX_split,3.583131369016127,3.256469259006692,0.3266621100094347,0.9735593456679359,0.026440654332064106,2,10,6,7,
16,4,25,RL_adaptive,3.583131369016127,3.5363837732895544,0.04674759572657239,0.9994537650599676,0.0005462349400323641,0,1,7,17,0.9994537650599676
16,4,50,Z_only,3.583131369016127,2.7388768120091314,0.8442545570069955,0.8321443339234791,0.16785566607652092,2,48,0,0,
16,4,50,ZX_split,3.583131369016127,3.5876982025331965,0.004566833517069657,0.9999947860169688,5.213983031215896e-06,1,24,7,18,
16,4,50,RL_adaptive,3.583131369016127,3.9478211370234586,0.36468976800733177,0.9671172266509761,0.0328827733490239,1,48,0,1,0.9671172266509761
16,4,100,Z_only,3.583131369016127,2.857798544381465,0.7253328246346618,0.8741393363511633,0.12586066364883675,2,98,0,0,
16,4,100,ZX_split,3.583131369016127,3.4633432079864352,0.11978816102969159,0.9964169866439431,0.00358301335605693,1,49,17,33,
16,4,100,RL_adaptive,3.583131369016127,3.9371945444811955,0.3540631754650687,0.9689858542479383,0.03101414575206174,1,98,0,1,0.9689858542479383
16,4,250,Z_only,3.583131369016127,2.7818856540048365,0.8012457150112904,0.8479062738753476,0.15209372612465244,8,242,0,0,
16,4,250,ZX_split,3.583131369016127,3.6089032498708336,0.02577188085470672,0.9998339617296859,0.00016603827031413942,8,117,35,90,
16,4,250,RL_adaptive,3.583131369016127,3.5406536021659267,0.042477766850200105,0.9995489776542226,0.00045102234577742983,0,1,72,177,0.9995489776542226
16,4,500,Z_only,3.583131369016127,2.7388768120091314,0.8442545570069955,0.8321443339234791,0.16785566607652092,20,480,0,0,
16,4,500,ZX_split,3.583131369016127,3.6508112961482166,0.06767992713208981,0.9988552939167116,0.001144706083288427,5,245,58,192,
16,4,500,RL_adaptive,3.583131369016127,3.979684608306511,0.39655323929038433,0.9611988760084068,0.03880112399159319,25,474,0,1,0.9611988760084068
17,0,10,Z_only,2.6137583459691673,3.141592653589793,0.5278343076206258,0.9319499379926474,0.06805006200735264,0,10,0,0,
17,0,10,ZX_split,2.6137583459691673,2.356194490192345,0.2575638557768225,0.9835066975764272,0.01649330242357283,1,4,4,1,
17,0,10,RL_adaptive,2.6137583459691673,2.0778948311872334,0.535863514781934,0.9299140266612538,0.07008597333874622,2,7,1,0,0.9299140266612538
17,0,25,Z_only,2.6137583459691673,2.5680795491666966,0.04567879680247078,0.9994784525764705,0.0005215474235295003,2,23,0,0,
17,0,25,ZX_split,2.6137583459691673,2.7091848780192556,0.09542653205008822,0.9977251712896225,0.002274828710377541,1,11,9,4,
17,0,25,RL_adaptive,2.6137583459691673,2.498091544796509,0.11566680117265848,0.9966590251250153,0.003340974874984748,0,1,21,3,0.9966590251250153
17,0,50,Z_only,2.6137583459691673,2.498091544796509,0.11566680117265848,0.9966590251250153,0.003340974874984748,5,45,0,0,
17,0,50,ZX_split,2.6137583459691673,2.6590793585673165,0.045321012598149135,0.9994865893418375,0.0005134106581624609,2,23,18,7,
17,0,50,RL_adaptive,2.6137583459691673,2.2175547530581867,0.3962035929109806,0.9612663717619535,0.03873362823804649,6,43,1,0,0.9612663717619535
17,0,100,Z_only,2.6137583459691673,2.5680795491666966,0.04567879680247078,0.9994784525764705,0.0005215474235295003,8,92,0,0,
17,0,100,ZX_split,2.6137583459691673,2.714965160462917,0.10120681449374969,0.9974414801652736,0.002558519834726436,3,47,35,15,
17,0,100,RL_adaptive,2.6137583459691673,4.002931453253137,1.3891731072839693,0.5903131655725627,0.40968683442743725,7,92,0,1,0.5903131655725627
17,0,250,Z_only,2.6137583459691673,2.6637737563375885,0.050015410368421165,0.9993747450394815,0.0006252549605184621,14,236,0,0,
17,0,250,ZX_split,2.6137583459691673,2.696810730610658,0.08305238464149056,0.9982765663369216,0.0017234336630783664,9,116,88,37,
17,0,250,RL_adaptive,2.6137583459691673,2.6892531247632623,0.07549477879409494,0.998575811212293,0.0014241887877070036,0,1,185,64,0.998575811212293
17,0,500,Z_only,2.6137583459691673,2.518366986932443,0.09539135903672413,0.9977268466552072,0.002273153344792833,47,453,0,0,
17,0,500,ZX_split,2.6137583459691673,2.6265198365710116,0.012761490601844283,0.9999592866419426,4.0713358057442584e-05,19,231,185,65,
17,0,500,RL_adaptive,2.6137583459691673,2.292315633450485,0.3214427125186825,0.9743903006232871,0.02560969937671287,30,469,1,0,0.9743903006232871
17,1,10,Z_only,2.6137583459691673,3.141592653589793,0.5278343076206258,0.9319499379926474,0.06805006200735264,0,10,0,0,
17,1,10,ZX_split,2.6137583459691673,3.4633432079864352,0.8495848620172679,0.8301474870186417,0.16985251298135828,1,4,2,3,
17,1,10,RL_adaptive,2.6137583459691673,3.9269908169872414,1.313232471018074,0.6273627629989925,0.3726372370010075,0,9,0,1,0.6273627629989925
17,1,25,Z_only,2.6137583459691673,2.4341094418104503,0.17964890415871704,0.9919532443435812,0.00804675565641877,3,22,0,0,
17,1,25,ZX_split,2.6137583459691673,2.439335722080786,0.17442262388838126,0.9924134503215276,0.007586549678472387,0,12,12,1,
17,1,25,RL_adaptive,2.6137583459691673,2.5535900500422257,0.06016829592694162,0.9990952170504612,0.0009047829495387738,0,1,20,4,0.9990952170504612
17,1,50,Z_only,2.6137583459691673,2.6466585272488974,0.032900181279730045,0.9997294189261683,0.0002705810738317105,3,47,0,0,
17,1,50,ZX_split,2.6137583459691673,2.4061528859142878,0.20760546005487956,0.9892636379391186,0.010736362060881355,2,23,22,3,
17,1,50,RL_adaptive,2.6137583459691673,2.3136669555725606,0.3000913903966067,0.9776547387135842,0.022345261286415785,2,47,1,0,0.9776547387135842
17,1,100,Z_only,2.6137583459691673,2.4341094418104503,0.17964890415871704,0.9919532443435812,0.00804675565641877,12,88,0,0,
17,1,100,ZX_split,2.6137583459691673,2.677945044588987,0.06418669861981963,0.9989703705032206,0.0010296294967794273,3,47,36,14,
17,1,100,RL_adaptive,2.6137583459691673,2.256525837701183,0.35723250826798436,0.9684340772209691,0.03156592277903092,9,90,1,0,0.9684340772209691
17,1,250,Z_only,2.6137583459691673,2.6637737563375885,0.050015410368421165,0.9993747450394815,0.0006252549605184621,14,236,0,0,
17,1,250,ZX_split,2.6137583459691673,2.5329033462623816,0.08085499970678578,0.9983665074639105,0.0016334925360894648,13,112,97,28,
17,1,250,RL_adaptive,2.6137583459691673,2.676339909530913,0.06258156356174549,0.9990212064879325,0.0009787935120675328,0,1,187,62,0.9990212064879325
17,1,500,Z_only,2.6137583459691673,2.6725467953247075,0.05878844935554017,0.999136228370703,0.000863771629296961,27,473,0,0,
17,1,500,ZX_split,2.6137583459691673,2.5602124697848936,0.053545876184273755,0.9992833810322843,0.0007166189677156876,20,230,194,56,
17,1,500,RL_adaptive,2.6137583459691673,2.2809060328105297,0.3328523131586376,0.9725571121183102,0.027442887881689804,35,464,1,0,0.9725571121183102
17,2,10,Z_only,2.6137583459691673,2.498091544796509,0.11566680117265848,0.9966590251250153,0.003340974874984748,1,9,0,0,
17,2,10,ZX_split,2.6137583459691673,2.356194490192345,0.2575638557768225,0.9835066975764272,0.01649330242357283,1,4,4,1,
17,2,10,RL_adaptive,2.6137583459691673,3.9269908169872414,1.313232471018074,0.6273627629989925,0.3726372370010075,0,9,0,1,0.6273627629989925
17,2,25,Z_only,2.6137583459691673,3.141592653589793,0.5278343076206258,0.9319499379926474,0.06805006200735264,0,25,0,0,
17,2,25,ZX_split,2.6137583459691673,2.238102461773251,0.37565588419591656,0.9651335947107689,0.03486640528923113,2,10,12,1,
17,2,25,RL_adaptive,2.6137583459691673,2.613518205163434,0.00024014080573353525,0.9999999855830983,1.4416901672476001e-08,0,1,19,5,0.9999999855830983
17,2,50,Z_only,2.6137583459691673,2.6466585272488974,0.032900181279730045,0.9997294189261683,0.0002705810738317105,3,47,0,0,
17,2,50,ZX_split,2.6137583459691673,2.6590793585673165,0.045321012598149135,0.9994865893418375,0.0005134106581624609,2,23,18,7,
17,2,50,RL_adaptive,2.6137583459691673,3.992115980321627,1.3783576343524597,0.5956265686584419,0.4043734313415581,3,46,0,1,0.5956265686584419
17,2,100,Z_only,2.6137583459691673,2.5322073455589984,0.08155100041016894,0.9983382798376024,0.0016617201623976285,9,91,0,0,
17,2,100,ZX_split,2.6137583459691673,2.796037073008081,0.18227872703891368,0.991716589630347,0.008283410369652966,0,50,34,16,
17,2,100,RL_adaptive,2.6137583459691673,2.3030530813474095,0.31070526462175785,0.976059092997609,0.023940907002391043,5,94,1,0,0.976059092997609
17,2,250,Z_only,2.6137583459691673,2.553499386799989,0.06025895916917845,0.9990924891182447,0.0009075108817553357,21,229,0,0,
17,2,250,ZX_split,2.6137583459691673,2.5736319095952926,0.040126436373874697,0.9995975212839491,0.00040247871605092467,10,115,96,29,
17,2,250,RL_adaptive,2.6137583459691673,0.4058607782298685,2.2078975677392987,0.20256607338970725,0.7974339266102928,1,0,178,71,0.20256607338970725
17,2,500,Z_only,2.6137583459691673,2.613957171325011,0.00019882535584381245,0.9999999901171195,9.882880513956138e-09,34,466,0,0,
17,2,500,ZX_split,2.6137583459691673,2.4508825529872946,0.1628757929818727,0.9933825177766117,0.006617482223388316,27,223,206,44,
17,2,500,RL_adaptive,2.6137583459691673,2.283206097894865,0.3305522480743024,0.9729316235690221,0.027068376430977925,34,465,1,0,0.9729316235690221
17,3,10,Z_only,2.6137583459691673,3.141592653589793,0.5278343076206258,0.9319499379926474,0.06805006200735264,0,10,0,0,
17,3,10,ZX_split,2.6137583459691673,2.601173153319209,0.012585192649958277,0.9999604037541227,3.959624587734911e-05,0,5,4,1,
17,3,10,RL_adaptive,2.6137583459691673,4.051345811534002,1.4375874655648349,0.5664076271350299,0.4335923728649701,1,8,0,1,0.5664076271350299
17,3,25,Z_only,2.6137583459691673,2.5680795491666966,0.04567879680247078,0.9994784525764705,0.0005215474235295003,2,23,0,0,
17,3,25,ZX_split,2.6137583459691673,3.0495458047263866,0.43578745875721925,0.9532689589257991,0.046731041074200896,1,11,7,6,
17,3,25,RL_adaptive,2.6137583459691673,2.5535900500422257,0.06016829592694162,0.9990952170504612,0.0009047829495387738,0,1,20,4,0.9990952170504612
17,3,50,Z_only,2.6137583459691673,2.6466585272488974,0.032900181279730045,0.9997294189261683,0.0002705810738317105,3,47,0,0,
17,3,50,ZX_split,2.6137583459691673,2.5444159954971157,0.06934235047205162,0.9987983912043278,0.0012016087956722155,0,25,21,4,
17,3,50,RL_adaptive,2.6137583459691673,2.2675386083249074,0.34621973764425995,0.9703311207216564,0.029668879278343607,4,45,1,0,0.9703311207216564
17,3,100,Z_only,2.6137583459691673,2.6060659992754056,0.007692346693761731,0.9999852070235302,1.4792976469779617e-05,7,93,0,0,
17,3,100,ZX_split,2.6137583459691673,2.5829933382462307,0.030765007722936666,0.999763397237596,0.00023660276240400346,1,49,40,10,
17,3,100,RL_adaptive,2.6137583459691673,2.3030530813474095,0.31070526462175785,0.976059092997609,0.023940907002391043,5,94,1,0,0.976059092997609
17,3,250,Z_only,2.6137583459691673,2.6466585272488974,0.032900181279730045,0.9997294189261683,0.0002705810738317105,15,235,0,0,
17,3,250,ZX_split,2.6137583459691673,2.6271413405307653,0.013382994561597972,0.9999552245324378,4.477546756220807e-05,5,120,95,30,
17,3,250,RL_adaptive,2.6137583459691673,2.65101019718203,0.037251851212862785,0.9996531150124572,0.00034688498754276154,0,1,191,58,0.9996531150124572
17,3,500,Z_only,2.6137583459691673,2.5392313095546104,0.07452703641455694,0.9986120728005211,0.0013879271994788889,44,456,0,0,
17,3,500,ZX_split,2.6137583459691673,2.611130150001491,0.0026281959676763833,0.9999982731474829,1.7268525170921478e-06,21,229,186,64,
17,3,500,RL_adaptive,2.6137583459691673,2.2877789503740025,0.32597939559516487,0.9736687711728698,0.026331228827130237,32,467,1,0,0.9736687711728698
17,4,10,Z_only,2.6137583459691673,2.498091544796509,0.11566680117265848,0.9966590251250153,0.003340974874984748,1,9,0,0,
17,4,10,ZX_split,2.6137583459691673,2.601173153319209,0.012585192649958277,0.9999604037541227,3.959624587734911e-05,0,5,4,1,
17,4,10,RL_adaptive,2.6137583459691673,2.2318394956455836,0.38191885032358375,0.9639755927428459,0.036024407257154056,1,8,1,0,0.9639755927428459
17,4,25,Z_only,2.6137583459691673,2.4341094418104503,0.17964890415871704,0.9919532443435812,0.00804675565641877,3,22,0,0,
17,4,25,ZX_split,2.6137583459691673,2.3373288041706743,0.276429541798493,0.9810180133314267,0.018981986668573314,2,10,11,2,
17,4,25,RL_adaptive,2.6137583459691673,2.677945044588987,0.06418669861981963,0.9989703705032206,0.0010296294967794273,0,1,18,6,0.9989703705032206
17,4,50,Z_only,2.6137583459691673,2.7388768120091314,0.12511846603996402,0.996091445272532,0.003908554727467983,2,48,0,0,
17,4,50,ZX_split,2.6137583459691673,2.5672878234150915,0.0464705225540758,0.9994602197822513,0.0005397802177486977,4,21,18,7,
17,4,50,RL_adaptive,2.6137583459691673,4.040141798577726,1.4263834526085586,0.5719557201896591,0.4280442798103409,5,44,0,1,0.5719557201896591
17,4,100,Z_only,2.6137583459691673,2.6060659992754056,0.007692346693761731,0.9999852070235302,1.4792976469779617e-05,7,93,0,0,
17,4,100,ZX_split,2.6137583459691673,2.388441372627599,0.22531697334156853,0.9873616696655964,0.012638330334403647,9,41,40,10,
17,4,100,RL_adaptive,2.6137583459691673,2.2318394956455836,0.38191885032358375,0.9639755927428459,0.036024407257154056,11,88,1,0,0.9639755927428459
17,4,250,Z_only,2.6137583459691673,2.5680795491666966,0.04567879680247078,0.9994784525764705,0.0005215474235295003,20,230,0,0,
17,4,250,ZX_split,2.6137583459691673,2.58542642346934,0.0283319224998273,0.9997993389649196,0.00020066103508042943,7,118,97,28,
17,4,250,RL_adaptive,2.6137583459691673,2.6635919633151666,0.049833617345999226,0.9993792811187303,0.0006207188812696884,0,1,189,60,0.9993792811187303
17,4,500,Z_only,2.6137583459691673,2.638301606137403,0.024543260168235825,0.9998494146543343,0.00015058534566569914,31,469,0,0,
17,4,500,ZX_split,2.6137583459691673,2.5941997656583378,0.019558580310829576,0.9999043685326707,9.56314673292713e-05,20,230,189,61,
17,4,500,RL_adaptive,2.6137583459691673,2.2762784755746077,0.3374798703945596,0.9717960507958664,0.028203949204133605,37,462,1,0,0.9717960507958664
18,0,10,Z_only,2.826442664504749,3.141592653589793,0.315149989085044,0.9753749495651369,0.02462505043486307,0,10,0,0,
18,0,10,ZX_split,2.826442664504749,2.601173153319209,0.22526951118554006,0.9873669710034017,0.01263302899659835,0,5,4,1,
18,0,10,RL_adaptive,2.826442664504749,2.2318394956455836,0.5946031688591655,0.9141854304779624,0.08581456952203759,1,8,1,0,0.9141854304779624
18,0,25,Z_only,2.826442664504749,3.141592653589793,0.315149989085044,0.9753749495651369,0.02462505043486307,0,25,0,0,
18,0,25,ZX_split,2.826442664504749,2.9147938055359073,0.08835114103115815,0.9980497880654384,0.0019502119345615743,0,12,8,5,
18,0,25,RL_adaptive,2.826442664504749,2.896613990462929,0.07017132595817976,0.9987695012938252,0.001230498706174754,0,1,15,9,0.9987695012938252
18,0,50,Z_only,2.826442664504749,3.141592653589793,0.315149989085044,0.9753749495651369,0.02462505043486307,0,50,0,0,
18,0,50,ZX_split,2.826442664504749,2.6954871046463897,0.13095555985835938,0.9957187839278934,0.004281216072106631,1,24,18,7,
18,0,50,RL_adaptive,2.826442664504749,2.3136669555725606,0.5127757089321885,0.9356930546934975,0.0643069453065025,2,47,1,0,0.9356930546934975
18,0,100,Z_only,2.826442664504749,3.141592653589793,0.315149989085044,0.9753749495651369,0.02462505043486307,0,100,0,0,
18,0,100,ZX_split,2.826442664504749,3.0221637275714546,0.19572106306670545,0.9904538483153793,0.009546151684620696,0,50,28,22,
18,0,100,RL_adaptive,2.826442664504749,3.991417656412795,1.1649749919080459,0.6973867591242702,0.3026132408757298,6,93,0,1,0.6973867591242702
18,0,250,Z_only,2.826442664504749,2.7598047993663033,0.06663786513844583,0.9988902594835897,0.0011097405164103291,9,241,0,0,
18,0,250,ZX_split,2.826442664504749,2.7948473055742307,0.03159535893051846,0.9997504540839975,0.00024954591600245823,3,122,84,41,
18,0,250,RL_adaptive,2.826442664504749,2.8490308871859455,0.022588222681196424,0.9998724484725258,0.00012755152747423448,0,1,162,87,0.9998724484725258
18,0,500,Z_only,2.826442664504749,2.84384609351452,0.017403429009770655,0.9999242820758206,7.571792417937484e-05,11,489,0,0,
18,0,500,ZX_split,2.826442664504749,2.864431946256204,0.03798928175145466,0.9996392470072578,0.000360752992742186,9,241,158,92,
18,0,500,RL_adaptive,2.826442664504749,2.3378292083015073,0.4886134562032418,0.941492276831458,0.058507723168542025,9,490,1,0,0.941492276831458
18,1,10,Z_only,2.826442664504749,3.141592653589793,0.315149989085044,0.9753749495651369,0.02462505043486307,0,10,0,0,
18,1,10,ZX_split,2.826442664504749,2.9441970937399127,0.11775442923516355,0.9965374773496936,0.0034625226503064432,0,5,3,2,
18,1,10,RL_adaptive,2.826442664504749,2.356194490192345,0.4702481743124043,0.9457279329989741,0.054272067001025937,0,9,1,0,0.9457279329989741
18,1,25,Z_only,2.826442664504749,2.4341094418104503,0.3923332226942988,0.9620097394279016,0.03799026057209842,3,22,0,0,
18,1,25,ZX_split,2.826442664504749,3.0495458047263866,0.22310314022163746,0.9876077773040854,0.012392222695914556,1,11,7,6,
18,1,25,RL_adaptive,2.826442664504749,2.746801533890032,0.07964113061471734,0.9984151605257179,0.0015848394742821181,0,1,17,7,0.9984151605257179
18,1,50,Z_only,2.826442664504749,2.7388768120091314,0.08756585249561777,0.9980842799483876,0.0019157200516124462,2,48,0,0,
18,1,50,ZX_split,2.826442664504749,2.819842099193151,0.006600565311598139,0.9999891081739359,1.0891826064063359e-05,2,23,16,9,
18,1,50,RL_adaptive,2.826442664504749,4.092139494401868,1.2656968298971192,0.6501940392677219,0.3498059607322781,7,42,0,1,0.6501940392677219
18,1,100,Z_only,2.826442664504749,2.9412578112666736,0.1148151467619245,0.996707989319248,0.003292010680752022,1,99,0,0,
18,1,100,ZX_split,2.826442664504749,2.782821983319221,0.0436206811855282,0.9995243844657391,0.0004756155342608981,1,49,34,16,
18,1,100,RL_adaptive,2.826442664504749,2.3030530813474095,0.5233895831573396,0.9330649905274401,0.06693500947255993,5,94,1,0,0.9330649905274401
18,1,250,Z_only,2.826442664504749,2.8879309175143377,0.0614882530095886,0.9990550964497704,0.0009449035502295811,4,246,0,0,
18,1,250,ZX_split,2.826442664504749,2.740569319961137,0.08587334454361217,0.9981575747976031,0.001842425202396858,0,125,89,36,
18,1,250,RL_adaptive,2.826442664504749,2.8490308871859455,0.022588222681196424,0.9998724484725258,0.00012755152747423448,0,1,162,87,0.9998724484725258
18,1,500,Z_only,2.826442664504749,2.8053468649973605,0.021095799507388602,0.999888745936853,0.00011125406314704822,14,486,0,0,
18,1,500,ZX_split,2.826442664504749,2.758191928553892,0.06825073595085707,0.9988359112420676,0.001164088757932391,6,244,173,77,
18,1,500,RL_adaptive,2.826442664504749,3.9537334112219455,1.1272907467171964,0.7145542603868944,0.2854457396131056,13,486,0,1,0.7145542603868944
18,2,10,Z_only,2.826442664504749,3.141592653589793,0.315149989085044,0.9753749495651369,0.02462505043486307,0,10,0,0,
18,2,10,ZX_split,2.826442664504749,3.3389882134396736,0.5125455489349244,0.9357495011525446,0.06425049884745537,0,5,2,3,
18,2,10,RL_adaptive,2.826442664504749,4.051345811534002,1.224903147029253,0.669518545893327,0.33048145410667296,1,8,0,1,0.669518545893327
18,2,25,Z_only,2.826442664504749,2.7388768120091314,0.08756585249561777,0.9980842799483876,0.0019157200516124462,1,24,0,0,
18,2,25,ZX_split,2.826442664504749,2.3373288041706743,0.4891138603340748,0.9413747761999052,0.05862522380009483,2,10,11,2,
18,2,25,RL_adaptive,2.826442664504749,2.677945044588987,0.14849761991576216,0.9944972374127728,0.00550276258722715,0,1,18,6,0.9944972374127728
18,2,50,Z_only,2.826442664504749,2.7388768120091314,0.08756585249561777,0.9980842799483876,0.0019157200516124462,2,48,0,0,
18,2,50,ZX_split,2.826442664504749,2.6954871046463897,0.13095555985835938,0.9957187839278934,0.004281216072106631,1,24,18,7,
18,2,50,RL_adaptive,2.826442664504749,2.291069326857959,0.53537333764679,0.930039113236365,0.06996088676363499,3,46,1,0,0.930039113236365
18,2,100,Z_only,2.826442664504749,2.7934266323168324,0.03301603218791671,0.9997275101584769,0.00027248984152306033,3,97,0,0,
18,2,100,ZX_split,2.826442664504749,2.645169900184911,0.18127276431983796,0.9918075167590129,0.008192483240987092,1,49,38,12,
18,2,100,RL_adaptive,2.826442664504749,3.947606452612845,1.1211637881080958,0.7173173126388782,0.2826826873611218,2,97,0,1,0.7173173126388782
18,2,250,Z_only,2.826442664504749,2.9220630693398637,0.09562040483511458,0.9977159256648318,0.002284074335168196,3,247,0,0,
18,2,250,ZX_split,2.826442664504749,2.738801704550145,0.08764095995460419,0.9980809943200478,0.0019190056799521793,5,120,87,38,
18,2,250,RL_adaptive,2.826442664504749,2.763165275561116,0.0632773889436331,0.99899932697254,0.0010006730274599862,0,1,174,75,0.99899932697254
18,2,500,Z_only,2.826442664504749,2.8053468649973605,0.021095799507388602,0.999888745936853,0.00011125406314704822,14,486,0,0,
18,2,500,ZX_split,2.826442664504749,2.8867523772217925,0.06030971271704333,0.9990909602227251,0.000909039777274856,6,244,156,94,
18,2,500,RL_adaptive,2.826442664504749,3.947437864748554,1.1209952002438048,0.717393225245011,0.28260677475498897,10,489,0,1,0.717393225245011
18,3,10,Z_only,2.826442664504749,3.141592653589793,0.315149989085044,0.9753749495651369,0.02462505043486307,0,10,0,0,
18,3,10,ZX_split,2.826442664504749,2.601173153319209,0.22526951118554006,0.9873669710034017,0.01263302899659835,0,5,4,1,
18,3,10,RL_adaptive,2.826442664504749,4.205290475992353,1.3788478114876037,0.5953859927641783,0.40461400723582175,2,7,0,1,0.5953859927641783
18,3,25,Z_only,2.826442664504749,3.141592653589793,0.315149989085044,0.9753749495651369,0.02462505043486307,0,25,0,0,
18,3,25,ZX_split,2.826442664504749,2.448369527748807,0.37807313675594223,0.9646888120899096,0.03531118791009036,1,11,11,2,
18,3,25,RL_adaptive,2.826442664504749,2.896613990462929,0.07017132595817976,0.9987695012938252,0.001230498706174754,0,1,15,9,0.9987695012938252
18,3,50,Z_only,2.826442664504749,3.141592653589793,0.315149989085044,0.9753749495651369,0.02462505043486307,0,50,0,0,
18,3,50,ZX_split,2.826442664504749,3.0221637275714546,0.19572106306670545,0.9904538483153793,0.009546151684620696,0,25,14,11,
18,3,50,RL_adaptive,2.826442664504749,2.3136669555725606,0.5127757089321885,0.9356930546934975,0.0643069453065025,2,47,1,0,0.9356930546934975
18,3,100,Z_only,2.826442664504749,2.857798544381465,0.03135587987671595,0.9997542223374821,0.00024577766251787647,2,98,0,0,
18,3,100,ZX_split,2.826442664504749,2.711830374493105,0.11461229001164419,0.9967195990436253,0.0032804009563747183,1,49,36,14,
18,3,100,RL_adaptive,2.826442664504749,3.947606452612845,1.1211637881080958,0.7173173126388782,0.2826826873611218,2,97,0,1,0.7173173126388782
18,3,250,Z_only,2.826442664504749,2.7818856540048365,0.044557010499912675,0.9995037503134774,0.0004962496865226207,8,242,0,0,
18,3,250,ZX_split,2.826442664504749,2.747430069319519,0.07901259518523007,0.9984400642592078,0.0015599357407921621,6,119,86,39,
18,3,250,RL_adaptive,2.826442664504749,2.8343689222848796,0.007926257780130452,0.9999842936916307,1.5706308369334288e-05,0,1,164,85,0.9999842936916307
18,3,500,Z_only,2.826442664504749,2.84384609351452,0.017403429009770655,0.9999242820758206,7.571792417937484e-05,11,489,0,0,
18,3,500,ZX_split,2.826442664504749,2.819842099193151,0.006600565311598139,0.9999891081739359,1.0891826064063359e-05,5,245,165,85,
18,3,500,RL_adaptive,2.826442664504749,2.339902652737705,0.486540011767044,0.9419779669847484,0.05802203301525155,8,491,1,0,0.9419779669847484
18,4,10,Z_only,2.826442664504749,3.141592653589793,0.315149989085044,0.9753749495651369,0.02462505043486307,0,10,0,0,
18,4,10,ZX_split,2.826442664504749,2.601173153319209,0.22526951118554006,0.9873669710034017,0.01263302899659835,0,5,4,1,
18,4,10,RL_adaptive,2.826442664504749,3.9269908169872414,1.1005481524824923,0.7265537678884687,0.2734462321115313,0,9,0,1,0.7265537678884687
18,4,25,Z_only,2.826442664504749,2.5680795491666966,0.25836311533805256,0.9834047472453318,0.01659525275466822,2,23,0,0,
18,4,25,ZX_split,2.826442664504749,2.9147938055359073,0.08835114103115815,0.9980497880654384,0.0019502119345615743,0,12,8,5,
18,4,25,RL_adaptive,2.826442664504749,2.746801533890032,0.07964113061471734,0.9984151605257179,0.0015848394742821181,0,1,17,7,0.9984151605257179
18,4,50,Z_only,2.826442664504749,3.141592653589793,0.315149989085044,0.9753749495651369,0.02462505043486307,0,50,0,0,
18,4,50,ZX_split,2.826442664504749,2.7270857790050074,0.09935688549974175,0.9975340819132311,0.0024659180867688812,0,25,18,7,
18,4,50,RL_adaptive,2.826442664504749,2.3136669555725606,0.5127757089321885,0.9356930546934975,0.0643069453065025,2,47,1,0,0.9356930546934975
18,4,100,Z_only,2.826442664504749,2.7934266323168324,0.03301603218791671,0.9997275101584769,0.00027248984152306033,3,97,0,0,
18,4,100,ZX_split,2.826442664504749,2.746801533890032,0.07964113061471734,0.9984151605257179,0.0015848394742821181,1,49,35,15,
18,4,100,RL_adaptive,2.826442664504749,2.356194490192345,0.4702481743124043,0.9457279329989741,0.054272067001025937,0,99,1,0,0.9457279329989741
18,4,250,Z_only,2.826442664504749,2.7818856540048365,0.044557010499912675,0.9995037503134774,0.0004962496865226207,8,242,0,0,
18,4,250,ZX_split,2.826442664504749,2.8448368928120713,0.01839422830732218,0.9999154154761994,8.458452380055714e-05,2,123,81,44,
18,4,250,RL_adaptive,2.826442664504749,2.9241997597667617,0.0977570952620126,0.9976127895948933,0.002387210405106699,0,1,152,97,0.9976127895948933
18,4,500,Z_only,2.826442664504749,2.8305010517978317,0.00405838729308261,0.9999958823787963,4.1176212036697635e-06,12,488,0,0,
18,4,500,ZX_split,2.826442664504749,2.832499651027203,0.006056986522454011,0.999990828256607,9.171743392988319e-06,6,244,163,87,
18,4,500,RL_adaptive,2.826442664504749,3.9537334112219455,1.1272907467171964,0.7145542603868944,0.2854457396131056,13,486,0,1,0.7145542603868944
19,0,10,Z_only,5.307221146265453,0.9272952180016121,1.9032593789157453,0.33681390264195504,0.663186097358045,8,2,0,0,
19,0,10,ZX_split,5.307221146265453,5.034139534781332,0.27308161148412147,0.9814721794345265,0.01852782056547353,3,2,1,4,
19,0,10,RL_adaptive,5.307221146265453,4.8230462015585855,0.4841749447068677,0.9425296478166355,0.05747035218336449,5,4,0,1,0.9425296478166355
19,0,25,Z_only,5.307221146265453,1.1151976533990733,2.0911618143132067,0.25140135913595324,0.7485986408640468,18,7,0,0,
19,0,25,ZX_split,5.307221146265453,5.161112324395411,0.14610882187004215,0.994672540623685,0.005327459376314958,8,4,2,11,
19,0,25,RL_adaptive,5.307221146265453,5.497787143782138,0.19056599751668468,0.9909485920816637,0.009051407918336252,1,0,0,24,0.9909485920816637
19,0,50,Z_only,5.307221146265453,0.8762980611683407,1.8522622220824738,0.36111792111277186,0.6388820788872281,41,9,0,0,
19,0,50,ZX_split,5.307221146265453,5.543210423203715,0.23598927693826166,0.9861417596448498,0.013858240355150153,24,1,2,23,
19,0,50,RL_adaptive,5.307221146265453,5.359147406647979,0.051926260382526124,0.9993260673201968,0.0006739326798032019,43,6,0,1,0.9993260673201968
19,0,100,Z_only,5.307221146265453,0.9520676361226454,1.9280317970367786,0.3251572120989434,0.6748427879010566,79,21,0,0,
19,0,100,ZX_split,5.307221146265453,5.107180100084451,0.2000410461810027,0.9900292111991646,0.00997078880083535,35,15,1,49,
19,0,100,RL_adaptive,5.307221146265453,5.234792412101219,0.07242873416423468,0.9986890928435284,0.0013109071564716412,78,21,0,1,0.9986890928435284
19,0,250,Z_only,5.307221146265453,0.9471487165513417,1.9231128774654742,0.32746350503358823,0.6725364949664118,198,52,0,0,
19,0,250,ZX_split,5.307221146265453,5.285142221424366,0.022078924841086867,0.9998781352201287,0.00012186477987130573,97,28,9,116,
19,0,250,RL_adaptive,5.307221146265453,5.589633270046876,0.28241212378142233,0.9801930195261602,0.019806980473839775,1,0,21,228,0.9801930195261602
19,0,500,Z_only,5.307221146265453,0.9222857866690164,1.8982499475831496,0.33918350105667977,0.6608164989433203,401,99,0,0,
19,0,500,ZX_split,5.307221146265453,5.342966737599625,0.03574559133417132,0.9996805971868892,0.0003194028131108251,198,52,25,225,
19,0,500,RL_adaptive,5.307221146265453,5.162316707770681,0.14490443849477241,0.994759854634183,0.005240145365816962,370,129,0,1,0.994759854634183
19,1,10,Z_only,5.307221146265453,0.9272952180016121,1.9032593789157453,0.33681390264195504,0.663186097358045,8,2,0,0,
19,1,10,ZX_split,5.307221146265453,4.514993420534809,0.792227725730644,0.8511305490953415,0.14886945090465853,2,3,0,5,
19,1,10,RL_adaptive,5.307221146265453,5.497787143782138,0.19056599751668468,0.9909485920816637,0.009051407918336252,9,0,0,1,0.9909485920816637
19,1,25,Z_only,5.307221146265453,1.1151976533990733,2.0911618143132067,0.25140135913595324,0.7485986408640468,18,7,0,0,
19,1,25,ZX_split,5.307221146265453,4.877537657799317,0.4296834884661367,0.9545488242799463,0.04545117572005375,7,5,0,13,
19,1,25,RL_adaptive,5.307221146265453,5.541238039173669,0.23401689290821537,0.9863713904593994,0.013628609540600634,1,0,1,23,0.9863713904593994
19,1,50,Z_only,5.307221146265453,1.0701416143903084,2.046105775304442,0.2711931922075876,0.7288068077924124,37,13,0,0,
19,1,50,ZX_split,5.307221146265453,5.312439193786443,0.005218047520989977,0.9999931930104624,6.806989537588848e-06,19,6,3,22,
19,1,50,RL_adaptive,5.307221146265453,5.216015276508786,0.09120586975666711,0.9979218135478863,0.0020781864521136617,38,11,0,1,0.9979218135478863
19,1,100,Z_only,5.307221146265453,1.0701416143903084,2.046105775304442,0.2711931922075876,0.7288068077924124,74,26,0,0,
19,1,100,ZX_split,5.307221146265453,5.323114944773899,0.0158937985084453,0.9999368481216747,6.31518783252849e-05,39,11,5,45,
19,1,100,RL_adaptive,5.307221146265453,5.293365938404992,0.013855207860461682,0.9999520090715153,4.79909284847313e-05,82,17,0,1,0.9999520090715153
19,1,250,Z_only,5.307221146265453,0.9860354579615146,1.9619996188756472,0.30934946231894417,0.6906505376810559,194,56,0,0,
19,1,250,ZX_split,5.307221146265453,5.354447088736536,0.04722594247108258,0.9994425312107236,0.0005574687892764274,104,21,7,118,
19,1,250,RL_adaptive,5.307221146265453,5.594401704547351,0.28718055828189737,0.9795231457095431,0.02047685429045687,1,0,22,227,0.9795231457095431
19,1,500,Z_only,5.307221146265453,0.93725816054529,1.9132223214594228,0.3321133868372246,0.6678866131627754,398,102,0,0,
19,1,500,ZX_split,5.307221146265453,5.258555543818478,0.0486656024469756,0.9994080316303611,0.0005919683696389288,187,63,23,227,
19,1,500,RL_adaptive,5.307221146265453,5.175234664938311,0.13198648132714208,0.9956512108379647,0.004348789162035294,374,125,0,1,0.9956512108379647
19,2,10,Z_only,5.307221146265453,1.5707963267948966,2.5467604877090295,0.0858787201657401,0.91412127983426,5,5,0,0,
19,2,10,ZX_split,5.307221146265453,5.497787143782138,0.19056599751668468,0.9909485920816637,0.009051407918336252,5,0,0,5,
19,2,10,RL_adaptive,5.307221146265453,5.2194874847770265,0.08773366148842676,0.9980769351524862,0.0019230648475138112,7,2,0,1,0.9980769351524862
19,2,25,Z_only,5.307221146265453,1.2025284333582564,2.17849259427239,0.2145111540903637,0.7854888459096363,17,8,0,0,
19,2,25,ZX_split,5.307221146265453,5.4789214577604675,0.1717003114950142,0.992647839831848,0.007352160168151989,10,2,2,11,
19,2,25,RL_adaptive,5.307221146265453,5.541238039173669,0.23401689290821537,0.9863713904593994,0.013628609540600634,1,0,1,23,0.9863713904593994
19,2,50,Z_only,5.307221146265453,0.8230336921349761,1.7989978530491086,0.38688697883341355,0.6131130211665865,42,8,0,0,
19,2,50,ZX_split,5.307221146265453,5.034139534781332,0.27308161148412147,0.9814721794345265,0.01852782056547353,16,9,2,23,
19,2,50,RL_adaptive,5.307221146265453,5.082295047841248,0.22492609842420563,0.9874052961593841,0.012594703840615895,34,15,0,1,0.9874052961593841
19,2,100,Z_only,5.307221146265453,0.9764105267938343,1.9523746877079677,0.31380711262810146,0.6861928873718985,78,22,0,0,
19,2,100,ZX_split,5.307221146265453,5.323114944773899,0.0158937985084453,0.9999368481216747,6.31518783252849e-05,39,11,5,45,
19,2,100,RL_adaptive,5.307221146265453,5.105026478144817,0.20219466812063658,0.9898141023333115,0.010185897666688537,70,29,0,1,0.9898141023333115
19,2,250,Z_only,5.307221146265453,0.9172572645571739,1.8932214254713067,0.34156618854153614,0.6584338114584638,201,49,0,0,
19,2,250,ZX_split,5.307221146265453,5.247586596004497,0.059634550260955876,0.9991111935543215,0.0008888064456784583,96,29,6,119,
19,2,250,RL_adaptive,5.307221146265453,5.594401704547351,0.28718055828189737,0.9795231457095431,0.02047685429045687,1,0,22,227,0.9795231457095431
19,2,500,Z_only,5.307221146265453,1.0332848196652447,2.009248980579377,0.28773050417327645,0.7122694958267235,378,122,0,0,
19,2,500,ZX_split,5.307221146265453,5.389516552921682,0.08229540665622892,0.9983078218621313,0.001692178137868705,207,43,23,227,
19,2,500,RL_adaptive,5.307221146265453,5.231319251768172,0.07590189449728157,0.9985604169336048,0.0014395830663952447,392,107,0,1,0.9985604169336048
19,3,10,Z_only,5.307221146265453,0.9272952180016121,1.9032593789157453,0.33681390264195504,0.663186097358045,8,2,0,0,
19,3,10,ZX_split,5.307221146265453,5.497787143782138,0.19056599751668468,0.9909485920816637,0.009051407918336252,5,0,0,5,
19,3,10,RL_adaptive,5.307221146265453,4.8230462015585855,0.4841749447068677,0.9425296478166355,0.05747035218336449,5,4,0,1,0.9425296478166355
19,3,25,Z_only,5.307221146265453,1.1151976533990733,2.0911618143132067,0.25140135913595324,0.7485986408640468,18,7,0,0,
19,3,25,ZX_split,5.307221146265453,5.246097172023951,0.061123974241501955,0.9990662557141794,0.0009337442858206035,9,3,1,12,
19,3,25,RL_adaptive,5.307221146265453,3.836330929786496,1.4708902164789572,0.5498699977901097,0.4501300022098903,0,1,2,22,0.5498699977901097
19,3,50,Z_only,5.307221146265453,1.0701416143903084,2.046105775304442,0.2711931922075876,0.7288068077924124,37,13,0,0,
19,3,50,ZX_split,5.307221146265453,5.614895888349002,0.30767474208354884,0.976520167353426,0.02347983264657405,22,3,5,20,
19,3,50,RL_adaptive,5.307221146265453,5.246784457139103,0.06043668912634992,0.9990871295646578,0.0009128704353421613,39,10,0,1,0.9990871295646578
19,3,100,Z_only,5.307221146265453,0.9764105267938343,1.9523746877079677,0.31380711262810146,0.6861928873718985,78,22,0,0,
19,3,100,ZX_split,5.307221146265453,5.0490637997714165,0.25815734649403677,0.9834310238102287,0.016568976189771267,32,18,5,45,
19,3,100,RL_adaptive,5.307221146265453,5.334546860997301,0.027325714731847306,0.9998133379439961,0.00018666205600392782,85,14,0,1,0.9998133379439961
19,3,250,Z_only,5.307221146265453,0.8969451631747671,1.8729093240888997,0.35123091556858954,0.6487690844314105,203,47,0,0,
19,3,250,ZX_split,5.307221146265453,5.418408829222565,0.11118768295711146,0.9969125075688998,0.0030874924311001806,103,22,15,110,
19,3,250,RL_adaptive,5.307221146265453,5.5802086924555,0.2729875461900466,0.9814848620155676,0.018515137984432384,1,0,19,230,0.9814848620155676
19,3,500,Z_only,5.307221146265453,1.0239453760989525,1.9999095370130853,0.2919677114583746,0.7080322885416255,380,120,0,0,
19,3,500,ZX_split,5.307221146265453,5.298103258407036,0.009117887858416829,0.9999792161742411,2.0783825758874386e-05,192,58,24,226,
19,3,500,RL_adaptive,5.307221146265453,5.184815294432944,0.12240585183250907,0.996258876525271,0.003741123474728991,377,122,0,1,0.996258876525271
19,4,10,Z_only,5.307221146265453,1.1592794807274087,2.1352436416415417,0.23252552865974488,0.7674744713402551,7,3,0,0,
19,4,10,ZX_split,5.307221146265453,4.514993420534809,0.792227725730644,0.8511305490953415,0.14886945090465853,2,3,0,5,
19,4,10,RL_adaptive,5.307221146265453,5.373432149235376,0.066211002969923,0.9989044260994288,0.001095573900571245,8,1,0,1,0.9989044260994288
19,4,25,Z_only,5.307221146265453,1.2025284333582564,2.17849259427239,0.2145111540903637,0.7854888459096363,17,8,0,0,
19,4,25,ZX_split,5.307221146265453,4.906869096599795,0.40035204966565807,0.9604619211654162,0.03953807883458382,7,5,1,12,
19,4,25,RL_adaptive,5.307221146265453,3.6696671020161524,1.6375540442493008,0.46664592841264396,0.533354071587356,0,1,5,19,0.46664592841264396
19,4,50,Z_only,5.307221146265453,0.7074832117793429,1.6834473726934762,0.4437935323878179,0.5562064676121821,44,6,0,0,
19,4,50,ZX_split,5.307221146265453,5.194902275407166,0.11231887085828696,0.9968494320759195,0.0031505679240805273,18,7,2,23,
19,4,50,RL_adaptive,5.307221146265453,5.332638466367511,0.025417320102057772,0.9998384986546845,0.00016150134531545124,42,7,0,1,0.9998384986546845
19,4,100,Z_only,5.307221146265453,0.9020536235925247,1.8780177845066577,0.3487943184095671,0.6512056815904329,81,19,0,0,
19,4,100,ZX_split,5.307221146265453,5.32019097649865,0.012969830233196866,0.9999579464654434,4.205353455655203e-05,41,9,2,48,
19,4,100,RL_adaptive,5.307221146265453,5.293365938404992,0.013855207860461682,0.9999520090715153,4.79909284847313e-05,82,17,0,1,0.9999520090715153
19,4,250,Z_only,5.307221146265453,1.0239453760989525,1.9999095370130853,0.2919677114583746,0.7080322885416255,190,60,0,0,
19,4,250,ZX_split,5.307221146265453,5.364436889610586,0.05721574334513235,0.9991818129191558,0.000818187080844246,98,27,16,109,
19,4,250,RL_adaptive,5.307221146265453,5.594401704547351,0.28718055828189737,0.9795231457095431,0.02047685429045687,1,0,22,227,0.9795231457095431
19,4,500,Z_only,5.307221146265453,0.912209303095095,1.8881734640092276,0.34396211639880353,0.6560378836011964,403,97,0,0,
19,4,500,ZX_split,5.307221146265453,5.327051932306855,0.019830786041401538,0.9999016882031505,9.831179684949287e-05,197,53,23,227,
19,4,500,RL_adaptive,5.307221146265453,5.2522188580820925,0.055002288183360726,0.9992438777241699,0.0007561222758301067,399,100,0,1,0.9992438777241699
20,0,10,Z_only,0.3257758508074161,0.6435011087932843,0.31772525798586815,0.9749742596759411,0.02502574032405891,9,1,0,0,
20,0,10,ZX_split,0.3257758508074161,0.19739555984988072,0.1283802909575354,0.9958852812780463,0.004114718721953681,5,0,3,2,
20,0,10,RL_adaptive,0.3257758508074161,0.7853981633974483,0.45962231259003217,0.9481100536111349,0.05188994638886513,9,0,1,0,0.9481100536111349
20,0,25,Z_only,0.3257758508074161,0.40271584158066176,0.07693999077324565,0.9985207893855783,0.0014792106144216888,24,1,0,0,
20,0,25,ZX_split,0.3257758508074161,0.36717383381821916,0.04139798301080305,0.9995716129364645,0.00042838706353554024,12,0,9,4,
20,0,25,RL_adaptive,0.3257758508074161,0.0831412318884412,0.24263461891897492,0.9853541743040213,0.01464582569597872,1,0,13,11,0.9853541743040213
20,0,50,Z_only,0.3257758508074161,0.283794109208328,0.04198174159908813,0.9995594480536213,0.00044055194637870887,49,1,0,0,
20,0,50,ZX_split,0.3257758508074161,0.29544083714372005,0.030335013663696064,0.9997699643774661,0.0002300356225338751,24,1,16,9,
20,0,50,RL_adaptive,0.3257758508074161,0.8279256980172326,0.5021498472098165,0.9382749215020992,0.061725078497900765,47,2,1,0,0.9382749215020992
20,0,100,Z_only,0.3257758508074161,0.20033484232311968,0.12544100848429643,0.9960712940652015,0.003928705934798549,99,1,0,0,
20,0,100,ZX_split,0.3257758508074161,0.20539538918976735,0.12038046161764876,0.9963815090499429,0.0036184909500570628,49,1,30,20,
20,0,100,RL_adaptive,0.3257758508074161,0.8498250028230018,0.5240491520155857,0.9329000638757908,0.06709993612420917,93,6,1,0,0.9329000638757908
20,0,250,Z_only,0.3257758508074161,0.40271584158066176,0.07693999077324565,0.9985207893855783,0.0014792106144216888,240,10,0,0,
20,0,250,ZX_split,0.3257758508074161,0.33705548172083405,0.011279630913417937,0.9999681928188523,3.180718114770276e-05,121,4,83,42,
20,0,250,RL_adaptive,0.3257758508074161,0.2925617664038475,0.0332140844035686,0.9997242315024583,0.0002757684975417396,1,0,162,87,0.9997242315024583
20,0,500,Z_only,0.3257758508074161,0.3110916017919615,0.01468424901545462,0.9999460941763535,5.390582364650509e-05,488,12,0,0,
20,0,500,ZX_split,0.3257758508074161,0.3363126317893808,0.0105367809819647,0.9999722443184308,2.7755681569208157e-05,248,2,168,82,
20,0,500,RL_adaptive,0.3257758508074161,5.475249976672926,1.1337111813140757,0.7116502199281831,0.2883497800718169,488,11,0,1,0.7116502199281831
20,1,10,Z_only,0.3257758508074161,0.0,0.3257758508074161,0.9737013526219009,0.02629864737809906,10,0,0,0,
20,1,10,ZX_split,0.3257758508074161,0.7853981633974483,0.45962231259003217,0.9481100536111349,0.05188994638886513,4,1,4,1,
20,1,10,RL_adaptive,0.3257758508074161,0.7853981633974483,0.45962231259003217,0.9481100536111349,0.05188994638886513,9,0,1,0,0.9481100536111349
20,1,25,Z_only,0.3257758508074161,0.5735131044230967,0.24773725361568055,0.984734876611097,0.015265123388902957,23,2,0,0,
20,1,25,ZX_split,0.3257758508074161,0.4939413689195813,0.16816551811216518,0.9929467351425587,0.007053264857441288,12,0,10,3,
20,1,25,RL_adaptive,0.3257758508074161,0.3217505543966422,0.004025296410773926,0.999995949252671,4.050747329009674e-06,1,0,16,8,0.999995949252671
20,1,50,Z_only,0.3257758508074161,0.40271584158066176,0.07693999077324565,0.9985207893855783,0.0014792106144216888,48,2,0,0,
20,1,50,ZX_split,0.3257758508074161,0.15660187698201541,0.1691739738254007,0.992862089850286,0.0071379101497139885,22,3,14,11,
20,1,50,RL_adaptive,0.3257758508074161,0.8279256980172326,0.5021498472098165,0.9382749215020992,0.061725078497900765,47,2,1,0,0.9382749215020992
20,1,100,Z_only,0.3257758508074161,0.40271584158066176,0.07693999077324565,0.9985207893855783,0.0014792106144216888,96,4,0,0,
20,1,100,ZX_split,0.3257758508074161,0.29544083714372005,0.030335013663696064,0.9997699643774661,0.0002300356225338751,48,2,32,18,
20,1,100,RL_adaptive,0.3257758508074161,5.455706736340248,1.1532544216467544,0.7027573821028468,0.2972426178971532,95,4,0,1,0.7027573821028468
20,1,250,Z_only,0.3257758508074161,0.3362457885924327,0.010469937785016592,0.9999725953510363,2.740464896366923e-05,243,7,0,0,
20,1,250,ZX_split,0.3257758508074161,0.3167000922875697,0.009075758519846433,0.9999794077931702,2.0592206829816995e-05,122,3,82,43,
20,1,250,RL_adaptive,0.3257758508074161,0.27776915507609884,0.04800669573131727,0.9994239499364608,0.0005760500635392241,1,0,160,89,0.9994239499364608
20,1,500,Z_only,0.3257758508074161,0.3239043758049637,0.0018714750024524385,0.9999991243955841,8.756044158619858e-07,487,13,0,0,
20,1,500,ZX_split,0.3257758508074161,0.3167000922875697,0.009075758519846433,0.9999794077931702,2.0592206829816995e-05,244,6,164,86,
20,1,500,RL_adaptive,0.3257758508074161,0.8163799822556185,0.49060413144820236,0.9410241888567035,0.05897581114329653,484,15,1,0,0.9410241888567035
20,2,10,Z_only,0.3257758508074161,0.0,0.3257758508074161,0.9737013526219009,0.02629864737809906,10,0,0,0,
20,2,10,ZX_split,0.3257758508074161,0.3217505543966421,0.0040252964107740374,0.999995949252671,4.050747329009674e-06,4,1,3,2,
20,2,10,RL_adaptive,0.3257758508074161,0.9097531579442099,0.5839773071367937,0.9171381900829928,0.0828618099170072,8,1,1,0,0.9171381900829928
20,2,25,Z_only,0.3257758508074161,0.40271584158066176,0.07693999077324565,0.9985207893855783,0.0014792106144216888,24,1,0,0,
20,2,25,ZX_split,0.3257758508074161,0.4939413689195813,0.16816551811216518,0.9929467351425587,0.007053264857441288,12,0,10,3,
20,2,25,RL_adaptive,0.3257758508074161,0.16514867741462685,0.16062717339278926,0.9935635845404137,0.006436415459586287,1,0,14,10,0.9935635845404137
20,2,50,Z_only,0.3257758508074161,0.40271584158066176,0.07693999077324565,0.9985207893855783,0.0014792106144216888,48,2,0,0,
20,2,50,ZX_split,0.3257758508074161,0.1194289260183385,0.20634692478907762,0.989392953419641,0.010607046580359047,25,0,14,11,
20,2,50,RL_adaptive,0.3257758508074161,5.432661980447752,1.1762991775392502,0.6921720053336489,0.30782799466635113,46,3,0,1,0.6921720053336489
20,2,100,Z_only,0.3257758508074161,0.283794109208328,0.04198174159908813,0.9995594480536213,0.00044055194637870887,98,2,0,0,
20,2,100,ZX_split,0.3257758508074161,0.348771003583907,0.02299515277649089,0.9998678115622013,0.00013218843779871925,47,3,33,17,
20,2,100,RL_adaptive,0.3257758508074161,0.8385395722423837,0.5127637214349676,0.9356959951823621,0.06430400481763787,94,5,1,0,0.9356959951823621
20,2,250,Z_only,0.3257758508074161,0.2195295842499295,0.10624626655748662,0.9971805863998844,0.0028194136001156167,247,3,0,0,
20,2,250,ZX_split,0.3257758508074161,0.43185620364632965,0.10608035283891354,0.9971893768405526,0.0028106231594473563,120,5,89,36,
20,2,250,RL_adaptive,0.3257758508074161,2.8564111551066924,2.530635304299276,0.09045039596907382,0.9095496040309262,0,1,161,88,0.09045039596907382
20,2,500,Z_only,0.3257758508074161,0.3110916017919615,0.01468424901545462,0.9999460941763535,5.390582364650509e-05,488,12,0,0,
20,2,500,ZX_split,0.3257758508074161,0.3366748193867272,0.010898968579311108,0.9999703034149438,2.969658505624917e-05,245,5,167,83,
20,2,500,RL_adaptive,0.3257758508074161,5.466805324923968,1.1421558330630344,0.7078173364667381,0.29218266353326194,484,15,0,1,0.7078173364667381
20,3,10,Z_only,0.3257758508074161,0.0,0.3257758508074161,0.9737013526219009,0.02629864737809906,10,0,0,0,
20,3,10,ZX_split,0.3257758508074161,0.19739555984988072,0.1283802909575354,0.9958852812780463,0.004114718721953681,5,0,3,2,
20,3,10,RL_adaptive,0.3257758508074161,0.7853981633974483,0.45962231259003217,0.9481100536111349,0.05188994638886513,9,0,1,0,0.9481100536111349
20,3,25,Z_only,0.3257758508074161,0.5735131044230967,0.24773725361568055,0.984734876611097,0.015265123388902957,23,2,0,0,
20,3,25,ZX_split,0.3257758508074161,0.43240777557053783,0.10663192476312172,0.9971601005774858,0.0028398994225141694,11,1,9,4,
20,3,25,RL_adaptive,0.3257758508074161,0.39479111969976155,0.06901526889234544,0.9988096957397166,0.0011903042602834368,1,0,17,7,0.9988096957397166
20,3,50,Z_only,0.3257758508074161,0.40271584158066176,0.07693999077324565,0.9985207893855783,0.0014792106144216888,48,2,0,0,
20,3,50,ZX_split,0.3257758508074161,0.4825132950224768,0.1567374442150607,0.9938709064189005,0.006129093581099476,23,2,18,7,
20,3,50,RL_adaptive,0.3257758508074161,0.8062284834336654,0.48045263262624927,0.9433929078016666,0.056607092198333375,48,1,1,0,0.9433929078016666
20,3,100,Z_only,0.3257758508074161,0.283794109208328,0.04198174159908813,0.9995594480536213,0.00044055194637870887,98,2,0,0,
20,3,100,ZX_split,0.3257758508074161,0.1194289260183385,0.20634692478907762,0.989392953419641,0.010607046580359047,50,0,28,22,
20,3,100,RL_adaptive,0.3257758508074161,0.7956018908914025,0.46982604008398643,0.9458235293823782,0.054176470617621764,98,1,1,0,0.9458235293823782
20,3,250,Z_only,0.3257758508074161,0.38178785422348993,0.05601200341607382,0.9992158689079416,0.0007841310920584377,241,9,0,0,
20,3,250,ZX_split,0.3257758508074161,0.3930580191819325,0.0672821683745164,0.9988687043222617,0.0011312956777382865,124,1,88,37,
20,3,250,RL_adaptive,0.3257758508074161,0.2999093678864469,0.025866482920969214,0.9998327405913933,0.00016725940860673472,1,0,163,86,0.9998327405913933
20,3,500,Z_only,0.3257758508074161,0.41280279937633324,0.08702694856891713,0.9981077722702314,0.001892227729768603,479,21,0,0,
20,3,500,ZX_split,0.3257758508074161,0.3318004672896766,0.006024616482260492,0.9999909260265062,9.073973493811671e-06,244,6,166,84,
20,3,500,RL_adaptive,0.3257758508074161,5.4646729588757115,1.1442881991112905,0.706847137527683,0.293152862472317,483,16,0,1,0.706847137527683
20,4,10,Z_only,0.3257758508074161,0.0,0.3257758508074161,0.9737013526219009,0.02629864737809906,10,0,0,0,
20,4,10,ZX_split,0.3257758508074161,0.5404195002705843,0.21464364946316816,0.9885261793224212,0.01147382067757885,5,0,4,1,
20,4,10,RL_adaptive,0.3257758508074161,0.7853981633974483,0.45962231259003217,0.9481100536111349,0.05188994638886513,9,0,1,0,0.9481100536111349
20,4,25,Z_only,0.3257758508074161,0.0,0.3257758508074161,0.9737013526219009,0.02629864737809906,25,0,0,0,
20,4,25,ZX_split,0.3257758508074161,0.07677189126977799,0.24900395953763813,0.9845791826982715,0.015420817301728507,12,0,7,6,
20,4,25,RL_adaptive,0.3257758508074161,0.4636476090008061,0.13787175819338998,0.9952553674655031,0.004744632534496862,1,0,18,6,0.9952553674655031
20,4,50,Z_only,0.3257758508074161,0.40271584158066176,0.07693999077324565,0.9985207893855783,0.0014792106144216888,48,2,0,0,
20,4,50,ZX_split,0.3257758508074161,0.4795192919925962,0.15374344118518007,0.9941023691962,0.005897630803800014,25,0,19,6,
20,4,50,RL_adaptive,0.3257758508074161,0.7853981633974483,0.45962231259003217,0.9481100536111349,0.05188994638886513,49,0,1,0,0.9481100536111349
20,4,100,Z_only,0.3257758508074161,0.34816602127296103,0.022390170465544923,0.9998746753024075,0.00012532469759252152,97,3,0,0,
20,4,100,ZX_split,0.3257758508074161,0.35877067027057225,0.03299481946315613,0.9997278601624291,0.0002721398375709061,49,1,34,16,
20,4,100,RL_adaptive,0.3257758508074161,0.806013799023052,0.4802379482156359,0.9434425090694719,0.05655749093052809,97,2,1,0,0.9434425090694719
20,4,250,Z_only,0.3257758508074161,0.3597069995849567,0.03393114877754061,0.9997121969001058,0.0002878030998941794,242,8,0,0,
20,4,250,ZX_split,0.3257758508074161,0.2906724809131999,0.035103369894216196,0.9996919699882103,0.000308030011789695,121,4,80,45,
20,4,250,RL_adaptive,0.3257758508074161,0.2925617664038475,0.0332140844035686,0.9997242315024583,0.0002757684975417396,1,0,162,87,0.9997242315024583
20,4,500,Z_only,0.3257758508074161,0.29774656007527334,0.028029290732142775,0.9998036025739263,0.00019639742607369115,489,11,0,0,
20,4,500,ZX_split,0.3257758508074161,0.25690652684343546,0.06886932396398066,0.9988147226445792,0.001185277355420844,243,7,156,94,
20,4,500,RL_adaptive,0.3257758508074161,5.4646729588757115,1.1442881991112905,0.706847137527683,0.293152862472317,483,16,0,1,0.706847137527683
21,0,10,Z_only,0.9919016827916276,1.369438406004566,0.3775367232129383,0.9647877484958914,0.03521225150410856,6,4,0,0,
21,0,10,ZX_split,0.9919016827916276,1.0303768265243125,0.0384751437326849,0.9996299614805325,0.000370038519467486,4,1,5,0,
21,0,10,RL_adaptive,0.9919016827916276,1.2490457723982544,0.2571440896066268,0.983560117556288,0.016439882443711973,6,3,1,0,0.983560117556288
21,0,25,Z_only,0.9919016827916276,1.2025284333582564,0.21062675056662883,0.9889500351395654,0.011049964860434636,17,8,0,0,
21,0,25,ZX_split,0.9919016827916276,0.6794138054078485,0.31248787738377914,0.9757858374686882,0.02421416253131181,10,2,10,3,
21,0,25,RL_adaptive,0.9919016827916276,0.5880026035475675,0.4038990792440601,0.9597678117607454,0.04023218823925456,1,0,20,4,0.9597678117607454
21,0,50,Z_only,0.9919016827916276,1.0701416143903084,0.07823993159868081,0.9984704087957834,0.001529591204216585,37,13,0,0,
21,0,50,ZX_split,0.9919016827916276,0.8803498697402046,0.11155181305142303,0.9968922729203332,0.0031077270796667777,22,3,24,1,
21,0,50,RL_adaptive,0.9919016827916276,0.8985491449879328,0.09335253780369479,0.9978229076687725,0.002177092331227537,44,5,1,0,0.9978229076687725
21,0,100,Z_only,0.9919016827916276,1.0471975511965976,0.05529586840497003,0.999235786487817,0.0007642135121830318,75,25,0,0,
21,0,100,ZX_split,0.9919016827916276,0.8902751021276823,0.10162658066394525,0.9974202309856812,0.002579769014318778,42,8,46,4,
21,0,100,RL_adaptive,0.9919016827916276,1.0951011079399045,0.10319942514827685,0.9973398318461432,0.0026601681538568345,75,24,1,0,0.9973398318461432
21,0,250,Z_only,0.9919016827916276,1.0051044962776212,0.013202813485993614,0.9999564220620405,4.357793795950471e-05,192,58,0,0,
21,0,250,ZX_split,0.9919016827916276,0.9720874942116976,0.019814188579930003,0.9999018526938624,9.814730613755263e-05,99,26,116,9,
21,0,250,RL_adaptive,0.9919016827916276,0.7392125437385707,0.2526891390530569,0.9841218077679504,0.01587819223204956,1,0,238,11,0.9841218077679504
21,0,500,Z_only,0.9919016827916276,0.9908249432160733,0.0010767395755543197,0.9999997101579997,2.8984200028947527e-07,387,113,0,0,
21,0,500,ZX_split,0.9919016827916276,0.982793723247329,0.00910795954429855,0.9999792614115997,2.073858840034859e-05,195,55,230,20,
21,0,500,RL_adaptive,0.9919016827916276,1.1241236433596251,0.1322219605679975,0.9956357021375928,0.004364297862407218,369,130,1,0,0.9956357021375928
21,1,10,Z_only,0.9919016827916276,0.6435011087932843,0.34840057399834334,0.9699599753742237,0.030040024625776263,9,1,0,0,
21,1,10,ZX_split,0.9919016827916276,1.373400766945016,0.3814990841533883,0.9640537756573847,0.035946224342615296,3,2,5,0,
21,1,10,RL_adaptive,0.9919016827916276,1.0636978224025597,0.07179613961093212,0.9987118820471428,0.001288117952857215,7,2,1,0,0.9987118820471428
21,1,25,Z_only,0.9919016827916276,0.9272952180016121,0.06460646479001553,0.9989568640896025,0.001043135910397508,20,5,0,0,
21,1,25,ZX_split,0.9919016827916276,1.0370881351556351,0.045186452364007534,0.999489632979162,0.000510367020837954,9,3,12,1,
21,1,25,RL_adaptive,0.9919016827916276,0.7419472680059175,0.24995441478571012,0.9844618493332173,0.015538150666782657,1,0,23,1,0.9844618493332173
21,1,50,Z_only,0.9919016827916276,1.2025284333582564,0.21062675056662883,0.9889500351395654,0.011049964860434636,34,16,0,0,
21,1,50,ZX_split,0.9919016827916276,1.297787623708186,0.3058859409165584,0.976790268129291,0.02320973187070896,16,9,25,0,
21,1,50,RL_adaptive,0.9919016827916276,5.117280766669773,2.1578062233014403,0.2230630295721019,0.7769369704278981,35,14,0,1,0.2230630295721019
21,1,100,Z_only,0.9919016827916276,1.1151976533990733,0.12329597060744568,0.9962043380034271,0.0037956619965728855,72,28,0,0,
21,1,100,ZX_split,0.9919016827916276,0.9272952180016122,0.06460646479001542,0.9989568640896023,0.00104313591039773,40,10,45,5,
21,1,100,RL_adaptive,0.9919016827916276,1.0483928950783679,0.056491212286740256,0.9992023978802267,0.0007976021197733107,78,21,1,0,0.9992023978802267
21,1,250,Z_only,0.9919016827916276,0.9569693883582626,0.034932294433364985,0.9996949647219588,0.0003050352780411547,197,53,0,0,
21,1,250,ZX_split,0.9919016827916276,0.9894161429899969,0.0024855398016306873,0.9999984555237688,1.5444762312410987e-06,97,28,115,10,
21,1,250,RL_adaptive,0.9919016827916276,0.7258940245330544,0.2660076582585732,0.9824140479617536,0.017585952038246422,1,0,235,14,0.9824140479617536
21,1,500,Z_only,0.9919016827916276,0.9471487165513417,0.04475296624028591,0.9994993765667606,0.0005006234332394222,396,104,0,0,
21,1,500,ZX_split,0.9919016827916276,1.0361074228188574,0.04420574002722977,0.9995115426880683,0.0004884573119317004,186,64,228,22,
21,1,500,RL_adaptive,0.9919016827916276,1.0732767288721352,0.08137504608050761,0.9983454387992032,0.001654561200796767,385,114,1,0,0.9983454387992032
21,2,10,Z_only,0.9919016827916276,0.6435011087932843,0.34840057399834334,0.9699599753742237,0.030040024625776263,9,1,0,0,
21,2,10,ZX_split,0.9919016827916276,0.7853981633974483,0.20650351939417932,0.989376905421935,0.010623094578064984,5,0,5,0,
21,2,10,RL_adaptive,0.9919016827916276,1.0636978224025597,0.07179613961093212,0.9987118820471428,0.001288117952857215,7,2,1,0,0.9987118820471428
21,2,25,Z_only,0.9919016827916276,0.8230336921349761,0.16886799065665148,0.9928878256910938,0.007112174308906205,21,4,0,0,
21,2,25,ZX_split,0.9919016827916276,1.376316210579791,0.38441452778816343,0.9635090766280862,0.03649092337191384,7,5,12,1,
21,2,25,RL_adaptive,0.9919016827916276,0.7419472680059175,0.24995441478571012,0.9844618493332173,0.015538150666782657,1,0,23,1,0.9844618493332173
21,2,50,Z_only,0.9919016827916276,1.0239453760989525,0.03204369330732493,0.9997433223939445,0.00025667760605552203,38,12,0,0,
21,2,50,ZX_split,0.9919016827916276,0.8803498697402046,0.11155181305142303,0.9968922729203332,0.0031077270796667777,22,3,24,1,
21,2,50,RL_adaptive,0.9919016827916276,1.0671700306708005,0.07526834787917291,0.9985843374901705,0.0014156625098294962,38,11,1,0,0.9985843374901705
21,2,100,Z_only,0.9919016827916276,0.9520676361226454,0.03983404666898216,0.9996033646324608,0.0003966353675391998,79,21,0,0,
21,2,100,ZX_split,0.9919016827916276,0.9629943306809362,0.028907352110691398,0.9997911057957042,0.0002088942042958175,41,9,48,2,
21,2,100,RL_adaptive,0.9919016827916276,5.264607343135322,2.0104796468358916,0.28717353650337674,0.7128264634966233,80,19,0,1,0.28717353650337674
21,2,250,Z_only,0.9919016827916276,0.9172572645571739,0.07464441823445367,0.9986076993538878,0.0013923006461121767,201,49,0,0,
21,2,250,ZX_split,0.9919016827916276,0.9436384878483275,0.048263194943300114,0.9994177790323178,0.0005822209676822343,102,23,117,8,
21,2,250,RL_adaptive,0.9919016827916276,0.6887836026322354,0.30311808015939223,0.9772051954181302,0.022794804581869776,1,0,227,22,0.9772051954181302
21,2,500,Z_only,0.9919016827916276,0.9471487165513417,0.04475296624028591,0.9994993765667606,0.0005006234332394222,396,104,0,0,
21,2,500,ZX_split,0.9919016827916276,0.9117925840765959,0.08010909871503169,0.9983964908899908,0.0016035091100091714,204,46,227,23,
21,2,500,RL_adaptive,0.9919016827916276,1.0826089101974627,0.09070722740583514,0.9979444596854872,0.002055540314512827,382,117,1,0,0.9979444596854872
21,3,10,Z_only,0.9919016827916276,0.6435011087932843,0.34840057399834334,0.9699599753742237,0.030040024625776263,9,1,0,0,
21,3,10,ZX_split,0.9919016827916276,0.7853981633974483,0.20650351939417932,0.989376905421935,0.010623094578064984,5,0,5,0,
21,3,10,RL_adaptive,0.9919016827916276,0.9097531579442099,0.08214852484741775,0.9983138535161713,0.0016861464838286988,8,1,1,0,0.9983138535161713
21,3,25,Z_only,0.9919016827916276,1.1151976533990733,0.12329597060744568,0.9962043380034271,0.0037956619965728855,18,7,0,0,
21,3,25,ZX_split,0.9919016827916276,0.982793723247329,0.00910795954429855,0.9999792614115997,2.073858840034859e-05,10,2,13,0,
21,3,25,RL_adaptive,0.9919016827916276,2.498091544796509,1.5061898620048813,0.5322807648278373,0.46771923517216274,0,1,21,3,0.5322807648278373
21,3,50,Z_only,0.9919016827916276,0.9764105267938343,0.015491155997793271,0.9999400072212127,5.999277878732112e-05,39,11,0,0,
21,3,50,ZX_split,0.9919016827916276,0.6904464570546921,0.3014552257369355,0.9774527145588167,0.02254728544118334,24,1,22,3,
21,3,50,RL_adaptive,0.9919016827916276,1.0067126057452396,0.014810922953611971,0.999945160142815,5.483985718501838e-05,40,9,1,0,0.999945160142815
21,3,100,Z_only,0.9919016827916276,0.9520676361226454,0.03983404666898216,0.9996033646324608,0.0003966353675391998,79,21,0,0,
21,3,100,ZX_split,0.9919016827916276,0.9928943898326509,0.0009927070410232774,0.9999997536332031,2.463667968521932e-07,40,10,48,2,
21,3,100,RL_adaptive,0.9919016827916276,0.9898193687745949,0.002082314017032738,0.9999989159924756,1.0840075244100689e-06,82,17,1,0,0.9999989159924756
21,3,250,Z_only,0.9919016827916276,0.9764105267938343,0.015491155997793271,0.9999400072212127,5.999277878732112e-05,195,55,0,0,
21,3,250,ZX_split,0.9919016827916276,0.8567056281827388,0.13519605460888884,0.9954374625550462,0.004562537444953829,108,17,115,10,
21,3,250,RL_adaptive,0.9919016827916276,0.6887836026322354,0.30311808015939223,0.9772051954181302,0.022794804581869776,1,0,227,22,0.9772051954181302
21,3,500,Z_only,0.9919016827916276,1.0051044962776212,0.013202813485993614,0.9999564220620405,4.357793795950471e-05,384,116,0,0,
21,3,500,ZX_split,0.9919016827916276,0.9805565905141185,0.011345092277509128,0.9999678225654387,3.217743456129796e-05,194,56,228,22,
21,3,500,RL_adaptive,0.9919016827916276,1.0857404108682271,0.09383872807659954,0.9978001882306876,0.0021998117693123875,381,118,1,0,0.9978001882306876
21,4,10,Z_only,0.9919016827916276,0.0,0.9919016827916276,0.7735495065914917,0.2264504934085083,10,0,0,0,
21,4,10,ZX_split,0.9919016827916276,0.5404195002705843,0.45148218252104333,0.9499007075983106,0.05009929240168942,5,0,4,1,
21,4,10,RL_adaptive,0.9919016827916276,1.0636978224025597,0.07179613961093212,0.9987118820471428,0.001288117952857215,7,2,1,0,0.9987118820471428
21,4,25,Z_only,0.9919016827916276,1.0239453760989525,0.03204369330732493,0.9997433223939445,0.00025667760605552203,19,6,0,0,
21,4,25,ZX_split,0.9919016827916276,0.9034901918165423,0.08841149097508527,0.998047124632329,0.0019528753676709698,10,2,12,1,
21,4,25,RL_adaptive,0.9919016827916276,0.6947382761967031,0.29716340659492446,0.9780854576146969,0.021914542385303104,1,0,22,2,0.9780854576146969
21,4,50,Z_only,0.9919016827916276,0.9272952180016121,0.06460646479001553,0.9989568640896025,0.001043135910397508,40,10,0,0,
21,4,50,ZX_split,0.9919016827916276,1.0563450137358688,0.06444333094424115,0.9989621235356074,0.001037876464392573,19,6,24,1,
21,4,50,RL_adaptive,0.9919016827916276,1.0671700306708005,0.07526834787917291,0.9985843374901705,0.0014156625098294962,38,11,1,0,0.9985843374901705
21,4,100,Z_only,0.9919016827916276,0.9020536235925247,0.08984805919910288,0.9979831888672023,0.0020168111327977245,81,19,0,0,
21,4,100,ZX_split,0.9919016827916276,0.8621700546672264,0.1297316281244012,0.9957983240822531,0.004201675917746894,43,7,46,4,
21,4,100,RL_adaptive,0.9919016827916276,0.9898193687745949,0.002082314017032738,0.9999989159924756,1.0840075244100689e-06,82,17,1,0,0.9999989159924756
21,4,250,Z_only,0.9919016827916276,0.9764105267938343,0.015491155997793271,0.9999400072212127,5.999277878732112e-05,195,55,0,0,
21,4,250,ZX_split,0.9919016827916276,1.0653479859212396,0.07344630312961198,0.9986520162616889,0.0013479837383111315,91,34,114,11,
21,4,250,RL_adaptive,0.9919016827916276,0.6742509863587898,0.31765069643283783,0.9749859051119107,0.025014094888089256,1,0,224,25,0.9749859051119107
21,4,500,Z_only,0.9919016827916276,0.9955994471799421,0.003697764388314484,0.9999965816385273,3.41836147266239e-06,386,114,0,0,
21,4,500,ZX_split,0.9919016827916276,0.9806198136284048,0.011281869163222824,0.9999681801945519,3.18198054480856e-05,196,54,231,19,
21,4,500,RL_adaptive,0.9919016827916276,1.0763770606596061,0.08447537786797854,0.9982170382931237,0.001782961706876307,384,115,1,0,0.9982170382931237
22,0,10,Z_only,3.891611218393909,2.2142974355881813,1.6773137828057276,0.44684192685074536,0.5531580731492547,2,8,0,0,
22,0,10,ZX_split,3.891611218393909,4.171969480114106,0.28035826172019673,0.9804781844932072,0.019521815506792772,1,4,0,5,
22,0,10,RL_adaptive,3.891611218393909,4.051345811534002,0.1597345931400933,0.9936347663747667,0.006365233625233335,1,8,0,1,0.9936347663747667
22,0,25,Z_only,3.891611218393909,2.318558961454817,1.573052256939092,0.49887203588464596,0.5011279641153541,4,21,0,0,
22,0,25,ZX_split,3.891611218393909,3.747137317194763,0.14447390119914605,0.9947908931125985,0.0052091068874015045,0,12,2,11,
22,0,25,RL_adaptive,3.891611218393909,3.6696671020161524,0.22194411637775646,0.9877356707843582,0.0122643292156418,0,1,5,19,0.9877356707843582
22,0,50,Z_only,3.891611218393909,2.4341094418104503,1.4575017765834586,0.556526168708177,0.44347383129182305,6,44,0,0,
22,0,50,ZX_split,3.891611218393909,3.8770324212652985,0.014578797128610432,0.9999468656096852,5.3134390314846236e-05,2,23,3,22,
22,0,50,RL_adaptive,3.891611218393909,4.040141798577726,0.14853058018381704,0.9944947988678893,0.005505201132110726,5,44,0,1,0.9944947988678893
22,0,100,Z_only,3.891611218393909,2.4038666851365442,1.4877445332573647,0.5414781750562432,0.4585218249437568,13,87,0,0,
22,0,100,ZX_split,3.891611218393909,3.9013554084655637,0.009744190071654835,0.9999762628777813,2.3737122218703277e-05,5,45,6,44,
22,0,100,RL_adaptive,3.891611218393909,4.131412022364388,0.23980080397047887,0.9856926525001096,0.014307347499890377,17,82,0,1,0.9856926525001096
22,0,250,Z_only,3.891611218393909,2.3406079659242414,1.5510032524696675,0.50989589098782,0.49010410901218004,38,212,0,0,
22,0,250,ZX_split,3.891611218393909,3.8331496043579047,0.05846161403600414,0.999145803249303,0.0008541967506969783,16,109,24,101,
22,0,250,RL_adaptive,3.891611218393909,3.7378899977741225,0.15372122061978644,0.9941040704860569,0.005895929513943132,0,1,40,209,0.9941040704860569
22,0,500,Z_only,3.891611218393909,2.4341094418104503,1.4575017765834586,0.556526168708177,0.44347383129182305,60,440,0,0,
22,0,500,ZX_split,3.891611218393909,3.8467040017042247,0.044907216689684226,0.9994959201938912,0.0005040798061087814,31,219,45,205,
22,0,500,RL_adaptive,3.891611218393909,4.075655412487878,0.184044194093969,0.9915558093992959,0.008444190600704116,65,434,0,1,0.9915558093992959
22,1,10,Z_only,3.891611218393909,2.2142974355881813,1.6773137828057276,0.44684192685074536,0.5531580731492547,2,8,0,0,
22,1,10,ZX_split,3.891611218393909,4.90978454023457,1.0181733218406612,0.7624608021639404,0.2375391978360596,3,2,0,5,
22,1,10,RL_adaptive,3.891611218393909,3.9269908169872414,0.035379598593332506,0.9996871036410011,0.0003128963589988931,0,9,0,1,0.9996871036410011
22,1,25,Z_only,3.891611218393909,2.318558961454817,1.573052256939092,0.49887203588464596,0.5011279641153541,4,21,0,0,
22,1,25,ZX_split,3.891611218393909,4.045082845406336,0.153471627012427,0.9941231635481307,0.005876836451869316,2,10,1,12,
22,1,25,RL_adaptive,3.891611218393909,3.5363837732895544,0.35522744510435444,0.9687837034201563,0.031216296579843705,0,1,7,17,0.9687837034201563
22,1,50,Z_only,3.891611218393909,2.857798544381465,1.0338126740124438,0.7557732547443887,0.24422674525561128,1,49,0,0,
22,1,50,ZX_split,3.891611218393909,3.9824893222329583,0.09087810383904937,0.9979367131751211,0.002063286824878885,4,21,3,22,
22,1,50,RL_adaptive,3.891611218393909,2.2175547530581867,1.6740564653357222,0.4484616341056538,0.5515383658943462,6,43,1,0,0.4484616341056538
22,1,100,Z_only,3.891611218393909,2.5322073455589984,1.3594038728349105,0.6049107801659324,0.39508921983406764,9,91,0,0,
22,1,100,ZX_split,3.891611218393909,3.8163335958133455,0.07527762258056336,0.9985839887524836,0.0014160112475164466,5,45,9,41,
22,1,100,RL_adaptive,3.891611218393909,2.2443042240206688,1.6473069943732401,0.4617819789911828,0.5382180210088172,10,89,1,0,0.4617819789911828
22,1,250,Z_only,3.891611218393909,2.421887327565177,1.4697238908287318,0.5504502186427336,0.4495497813572664,31,219,0,0,
22,1,250,ZX_split,3.891611218393909,3.949458945573067,0.05784772717915798,0.9991636433832422,0.0008363566167578496,19,106,17,108,
22,1,250,RL_adaptive,3.891611218393909,3.8207259540961624,0.07088526429774644,0.9987443457344776,0.0012556542655224323,0,1,24,225,0.9987443457344776
22,1,500,Z_only,3.891611218393909,2.3745986457279264,1.5170125726659824,0.5268789139523058,0.4731210860476942,70,430,0,0,
22,1,500,ZX_split,3.891611218393909,3.8634924824016377,0.028118735992271215,0.9998023471951325,0.0001976528048674986,33,217,44,206,
22,1,500,RL_adaptive,3.891611218393909,4.1074698379658585,0.21585861957194963,0.988396424912431,0.01160357508756904,77,422,0,1,0.988396424912431
22,2,10,Z_only,3.891611218393909,2.2142974355881813,1.6773137828057276,0.44684192685074536,0.5531580731492547,2,8,0,0,
22,2,10,ZX_split,3.891611218393909,4.171969480114106,0.28035826172019673,0.9804781844932072,0.019521815506792772,1,4,0,5,
22,2,10,RL_adaptive,3.891611218393909,4.3906384259880475,0.49902720759413866,0.939024264050395,0.06097573594960504,3,6,0,1,0.939024264050395
22,2,25,Z_only,3.891611218393909,2.4341094418104503,1.4575017765834586,0.556526168708177,0.44347383129182305,3,22,0,0,
22,2,25,ZX_split,3.891611218393909,3.8348157794307793,0.05679543896312955,0.9991937862816407,0.0008062137183593165,1,11,2,11,
22,2,25,RL_adaptive,3.891611218393909,3.836330929786496,0.05528028860741285,0.9992362169569661,0.0007637830430339276,0,1,2,22,0.9992362169569661
22,2,50,Z_only,3.891611218393909,2.3745986457279264,1.5170125726659824,0.5268789139523058,0.4731210860476942,7,43,0,0,
22,2,50,ZX_split,3.891611218393909,3.9269908169872414,0.035379598593332506,0.9996871036410011,0.0003128963589988931,5,20,5,20,
22,2,50,RL_adaptive,3.891611218393909,4.040141798577726,0.14853058018381704,0.9944947988678893,0.005505201132110726,5,44,0,1,0.9944947988678893
22,2,100,Z_only,3.891611218393909,2.5680795491666966,1.3235316692272123,0.6223763648747053,0.37762363512529473,8,92,0,0,
22,2,100,ZX_split,3.891611218393909,3.8363309297864965,0.05528028860741241,0.9992362169569661,0.0007637830430339276,7,43,10,40,
22,2,100,RL_adaptive,3.891611218393909,4.103699673057278,0.21208845466336923,0.9887967115403282,0.011203288459671779,15,84,0,1,0.9887967115403282
22,2,250,Z_only,3.891611218393909,2.4848742888410893,1.4067369295528196,0.5816622153210105,0.4183377846789895,26,224,0,0,
22,2,250,ZX_split,3.891611218393909,3.8689166574242875,0.022694560969621413,0.9998712447519499,0.0001287552480501164,17,108,22,103,
22,2,250,RL_adaptive,3.891611218393909,3.764874730730952,0.12673648766295686,0.9959898376354681,0.0040101623645318885,0,1,35,214,0.9959898376354681
22,2,500,Z_only,3.891611218393909,2.4038666851365442,1.4877445332573647,0.5414781750562432,0.4585218249437568,65,435,0,0,
22,2,500,ZX_split,3.891611218393909,3.8810461611791216,0.010565057214787288,0.9999720951510761,2.7904848923898662e-05,34,216,42,208,
22,2,500,RL_adaptive,3.891611218393909,4.094037745728521,0.20242652733461197,0.9897908082104522,0.010209191789547822,72,427,0,1,0.9897908082104522
22,3,10,Z_only,3.891611218393909,2.2142974355881813,1.6773137828057276,0.44684192685074536,0.5531580731492547,2,8,0,0,
22,3,10,ZX_split,3.891611218393909,3.9269908169872414,0.035379598593332506,0.9996871036410011,0.0003128963589988931,0,5,0,5,
22,3,10,RL_adaptive,3.891611218393909,4.051345811534002,0.1597345931400933,0.9936347663747667,0.006365233625233335,1,8,0,1,0.9936347663747667
22,3,25,Z_only,3.891611218393909,2.117647277490841,1.773963940903068,0.3991135991894388,0.6008864008105612,6,19,0,0,
22,3,25,ZX_split,3.891611218393909,3.945856503008912,0.054245284615003,0.9992645426441881,0.0007354573558119304,2,10,2,11,
22,3,25,RL_adaptive,3.891611218393909,3.7850937623830774,0.10651745601083151,0.9971661887729881,0.002833811227011873,0,1,3,21,0.9971661887729881
22,3,50,Z_only,3.891611218393909,2.2142974355881813,1.6773137828057276,0.44684192685074536,0.5531580731492547,10,40,0,0,
22,3,50,ZX_split,3.891611218393909,3.8714923117415245,0.02011890665238436,0.9998988108120463,0.00010118918795365417,3,22,4,21,
22,3,50,RL_adaptive,3.891611218393909,4.040141798577726,0.14853058018381704,0.9944947988678893,0.005505201132110726,5,44,0,1,0.9944947988678893
22,3,100,Z_only,3.891611218393909,2.498091544796509,1.3935196735974,0.5881747826331518,0.4118252173668482,10,90,0,0,
22,3,100,ZX_split,3.891611218393909,3.8714923117415245,0.02011890665238436,0.9998988108120463,0.00010118918795365417,6,44,8,42,
22,3,100,RL_adaptive,3.891611218393909,4.002931453253137,0.1113202348592277,0.9969051493083267,0.0030948506916732565,7,92,0,1,0.9969051493083267
22,3,250,Z_only,3.891611218393909,2.3979389692888793,1.4936722491050296,0.5385238215854123,0.46147617841458766,33,217,0,0,
22,3,250,ZX_split,3.891611218393909,3.893669821108994,0.0020586027150852892,0.9999989405390894,1.0594609105574193e-06,16,109,19,106,
22,3,250,RL_adaptive,3.891611218393909,3.732370458153323,0.1592407602405861,0.9936739797698788,0.006326020230121188,0,1,41,208,0.9936739797698788
22,3,500,Z_only,3.891611218393909,2.3979389692888793,1.4936722491050296,0.5385238215854123,0.46147617841458766,66,434,0,0,
22,3,500,ZX_split,3.891611218393909,3.891291704307917,0.0003195140859917345,0.9999999744776874,2.5522312596670815e-08,38,212,44,206,
22,3,500,RL_adaptive,3.891611218393909,2.220361836187835,1.6712493822060739,0.44985790079661697,0.550142099203383,60,439,1,0,0.44985790079661697
22,4,10,Z_only,3.891611218393909,1.9823131728623844,1.9092980455315245,0.33396289664783047,0.6660371033521695,3,7,0,0,
22,4,10,ZX_split,3.891611218393909,3.9269908169872414,0.035379598593332506,0.9996871036410011,0.0003128963589988931,1,4,1,4,
22,4,10,RL_adaptive,3.891611218393909,4.051345811534002,0.1597345931400933,0.9936347663747667,0.006365233625233335,1,8,0,1,0.9936347663747667
22,4,25,Z_only,3.891611218393909,2.5680795491666966,1.3235316692272123,0.6223763648747053,0.37762363512529473,2,23,0,0,
22,4,25,ZX_split,3.891611218393909,4.045082845406336,0.153471627012427,0.9941231635481307,0.005876836451869316,2,10,1,12,
22,4,25,RL_adaptive,3.891611218393909,5.541238039173669,1.6496268207797598,0.46062556300396507,0.5393744369960349,1,0,1,23,0.46062556300396507
22,4,50,Z_only,3.891611218393909,2.7388768120091314,1.1527344063847775,0.7029950246617308,0.2970049753382692,2,48,0,0,
22,4,50,ZX_split,3.891611218393909,3.9269908169872414,0.035379598593332506,0.9996871036410011,0.0003128963589988931,5,20,5,20,
22,4,50,RL_adaptive,3.891611218393909,4.0656305541214,0.17401933572749106,0.992448403500375,0.007551596499625002,6,43,0,1,0.992448403500375
22,4,100,Z_only,3.891611218393909,2.4654621440291318,1.4261490743647771,0.572071687462214,0.42792831253778596,11,89,0,0,
22,4,100,ZX_split,3.891611218393909,3.846086717832011,0.04552450056189805,0.9994819694387571,0.0005180305612428882,5,45,8,42,
22,4,100,RL_adaptive,3.891611218393909,4.077017773771349,0.18540655537744,0.991430692473249,0.008569307526751002,13,86,0,1,0.991430692473249
22,4,250,Z_only,3.891611218393909,2.3979389692888793,1.4936722491050296,0.5385238215854123,0.46147617841458766,33,217,0,0,
22,4,250,ZX_split,3.891611218393909,3.938895016545551,0.0472837981516423,0.9994411647380761,0.0005588352619239068,21,104,20,105,
22,4,250,RL_adaptive,3.891611218393909,5.697968211748027,1.8063569933541177,0.3833058974216732,0.6166941025783268,1,0,42,207,0.3833058974216732
22,4,500,Z_only,3.891611218393909,2.281015542247478,1.6105956761464308,0.48010557838318385,0.5198944216168162,87,413,0,0,
22,4,500,ZX_split,3.891611218393909,3.8887580905516397,0.0028531278422692097,0.9999979649167592,2.0350832408144726e-06,30,220,37,213,
22,4,500,RL_adaptive,3.891611218393909,4.096703935886607,0.2050927174926982,0.9895210530373021,0.01047894696269791,73,426,0,1,0.9895210530373021
23,0,10,Z_only,0.011983597573792519,0.0,0.011983597573792519,0.9999640987769383,3.5901223061740595e-05,10,0,0,0,
23,0,10,ZX_split,0.011983597573792519,6.085789747329706,0.20937915742367252,0.989080073504156,0.010919926495843946,5,0,2,3,
23,0,10,RL_adaptive,0.011983597573792519,5.497787143782138,0.7973817609712404,0.8492912644469555,0.15070873555304454,9,0,0,1,0.8492912644469555
23,0,25,Z_only,0.011983597573792519,0.0,0.011983597573792519,0.9999640987769383,3.5901223061740595e-05,25,0,0,0,
23,0,25,ZX_split,0.011983597573792519,6.206413415909808,0.08875548884356999,0.9980319082853157,0.0019680917146842614,12,0,6,7,
23,0,25,RL_adaptive,0.011983597573792519,0.0831412318884412,0.0711576343146487,0.9987346818068334,0.0012653181931665536,1,0,13,11,0.9987346818068334
23,0,50,Z_only,0.011983597573792519,0.0,0.011983597573792519,0.9999640987769383,3.5901223061740595e-05,50,0,0,0,
23,0,50,ZX_split,0.011983597573792519,6.243206620056296,0.05196228469708242,0.9993251321124867,0.000674867887513253,25,0,12,13,
23,0,50,RL_adaptive,0.011983597573792519,5.497787143782138,0.7973817609712404,0.8492912644469555,0.15070873555304454,49,0,0,1,0.8492912644469555
23,0,100,Z_only,0.011983597573792519,0.0,0.011983597573792519,0.9999640987769383,3.5901223061740595e-05,100,0,0,0,
23,0,100,ZX_split,0.011983597573792519,0.0,0.011983597573792519,0.9999640987769383,3.5901223061740595e-05,50,0,25,25,
23,0,100,RL_adaptive,0.011983597573792519,0.7853981633974483,0.7734145658236558,0.8577647447430324,0.14223525525696756,99,0,1,0,0.8577647447430324
23,0,250,Z_only,0.011983597573792519,0.0,0.011983597573792519,0.9999640987769383,3.5901223061740595e-05,250,0,0,0,
23,0,250,ZX_split,0.011983597573792519,0.13517069864900896,0.12318710107521644,0.9962110296581986,0.0037889703418013676,125,0,71,54,
23,0,250,RL_adaptive,0.011983597573792519,0.028105047460455817,0.016121449886663298,0.9999350261206386,6.497387936144072e-05,1,0,128,121,0.9999350261206386
23,0,500,Z_only,0.011983597573792519,0.0,0.011983597573792519,0.9999640987769383,3.5901223061740595e-05,500,0,0,0,
23,0,500,ZX_split,0.011983597573792519,0.023995393591869904,0.012011796018077385,0.9999639296228039,3.607037719610684e-05,250,0,128,122,
23,0,500,RL_adaptive,0.011983597573792519,0.7853981633974483,0.7734145658236558,0.8577647447430324,0.14223525525696756,499,0,1,0,0.8577647447430324
23,1,10,Z_only,0.011983597573792519,0.0,0.011983597573792519,0.9999640987769383,3.5901223061740595e-05,10,0,0,0,
23,1,10,ZX_split,0.011983597573792519,0.7853981633974483,0.7734145658236558,0.8577647447430324,0.14223525525696756,5,0,5,0,
23,1,10,RL_adaptive,0.011983597573792519,5.497787143782138,0.7973817609712404,0.8492912644469555,0.15070873555304454,9,0,0,1,0.8492912644469555
23,1,25,Z_only,0.011983597573792519,0.0,0.011983597573792519,0.9999640987769383,3.5901223061740595e-05,25,0,0,0,
23,1,25,ZX_split,0.011983597573792519,0.2267988480538859,0.21481525048009337,0.9885078966841616,0.011492103315838387,12,0,8,5,
23,1,25,RL_adaptive,0.011983597573792519,0.0,0.011983597573792519,0.9999640987769383,3.5901223061740595e-05,1,0,12,12,0.9999640987769383
23,1,50,Z_only,0.011983597573792519,0.0,0.011983597573792519,0.9999640987769383,3.5901223061740595e-05,50,0,0,0,
23,1,50,ZX_split,0.011983597573792519,0.2730087030867106,0.2610251055129181,0.9830629678642242,0.016937032135775798,25,0,16,9,
23,1,50,RL_adaptive,0.011983597573792519,5.497787143782138,0.7973817609712404,0.8492912644469555,0.15070873555304454,49,0,0,1,0.8492912644469555
23,1,100,Z_only,0.011983597573792519,0.0,0.011983597573792519,0.9999640987769383,3.5901223061740595e-05,100,0,0,0,
23,1,100,ZX_split,0.011983597573792519,6.243206620056296,0.05196228469708242,0.9993251321124867,0.000674867887513253,50,0,24,26,
23,1,100,RL_adaptive,0.011983597573792519,5.497787143782138,0.7973817609712404,0.8492912644469555,0.15070873555304454,99,0,0,1,0.8492912644469555
23,1,250,Z_only,0.011983597573792519,0.0,0.011983597573792519,0.9999640987769383,3.5901223061740595e-05,250,0,0,0,
23,1,250,ZX_split,0.011983597573792519,6.179557847182714,0.11561105757066414,0.9966622410117106,0.0033377589882893632,125,0,56,69,
23,1,250,RL_adaptive,0.011983597573792519,0.028105047460455817,0.016121449886663298,0.9999350261206386,6.497387936144072e-05,1,0,128,121,0.9999350261206386
23,1,500,Z_only,0.011983597573792519,0.0,0.011983597573792519,0.9999640987769383,3.5901223061740595e-05,500,0,0,0,
23,1,500,ZX_split,0.011983597573792519,0.03997868712329008,0.02799508954949756,0.9998040815362974,0.00019591846370259347,250,0,130,120,
23,1,500,RL_adaptive,0.011983597573792519,0.7853981633974483,0.7734145658236558,0.8577647447430324,0.14223525525696756,499,0,1,0,0.8577647447430324
23,2,10,Z_only,0.011983597573792519,0.0,0.011983597573792519,0.9999640987769383,3.5901223061740595e-05,10,0,0,0,
23,2,10,ZX_split,0.011983597573792519,0.19739555984988072,0.1854119622760882,0.9914301940956283,0.00856980590437173,5,0,3,2,
23,2,10,RL_adaptive,0.011983597573792519,0.7853981633974483,0.7734145658236558,0.8577647447430324,0.14223525525696756,9,0,1,0,0.8577647447430324
23,2,25,Z_only,0.011983597573792519,0.0,0.011983597573792519,0.9999640987769383,3.5901223061740595e-05,25,0,0,0,
23,2,25,ZX_split,0.011983597573792519,6.206413415909808,0.08875548884356999,0.9980319082853157,0.0019680917146842614,12,0,6,7,
23,2,25,RL_adaptive,0.011983597573792519,0.0831412318884412,0.0711576343146487,0.9987346818068334,0.0012653181931665536,1,0,13,11,0.9987346818068334
23,2,50,Z_only,0.011983597573792519,0.0,0.011983597573792519,0.9999640987769383,3.5901223061740595e-05,50,0,0,0,
23,2,50,ZX_split,0.011983597573792519,6.163756381161248,0.13141252359213063,0.9956888966487752,0.004311103351224754,25,0,11,14,
23,2,50,RL_adaptive,0.011983597573792519,5.497787143782138,0.7973817609712404,0.8492912644469555,0.15070873555304454,49,0,0,1,0.8492912644469555
23,2,100,Z_only,0.011983597573792519,0.0,0.011983597573792519,0.9999640987769383,3.5901223061740595e-05,100,0,0,0,
23,2,100,ZX_split,0.011983597573792519,0.19739555984988072,0.1854119622760882,0.9914301940956283,0.00856980590437173,50,0,30,20,
23,2,100,RL_adaptive,0.011983597573792519,5.497787143782138,0.7973817609712404,0.8492912644469555,0.15070873555304454,99,0,0,1,0.8492912644469555
23,2,250,Z_only,0.011983597573792519,0.0,0.011983597573792519,0.9999640987769383,3.5901223061740595e-05,250,0,0,0,
23,2,250,ZX_split,0.011983597573792519,6.179557847182714,0.11561105757066414,0.9966622410117106,0.0033377589882893632,125,0,56,69,
23,2,250,RL_adaptive,0.011983597573792519,6.239037304895051,0.056131599858327164,0.9992125176706691,0.0007874823293309019,1,0,119,130,0.9992125176706691
23,2,500,Z_only,0.011983597573792519,0.0,0.011983597573792519,0.9999640987769383,3.5901223061740595e-05,500,0,0,0,
23,2,500,ZX_split,0.011983597573792519,0.04796318687707674,0.03597958930328422,0.9996764021995962,0.0003235978004038076,250,0,131,119,
23,2,500,RL_adaptive,0.011983597573792519,0.7853981633974483,0.7734145658236558,0.8577647447430324,0.14223525525696756,499,0,1,0,0.8577647447430324
23,3,10,Z_only,0.011983597573792519,0.0,0.011983597573792519,0.9999640987769383,3.5901223061740595e-05,10,0,0,0,
23,3,10,ZX_split,0.011983597573792519,5.742765806909002,0.5524030978443761,0.9256329965517089,0.07436700344829106,5,0,1,4,
23,3,10,RL_adaptive,0.011983597573792519,5.497787143782138,0.7973817609712404,0.8492912644469555,0.15070873555304454,9,0,0,1,0.8492912644469555
23,3,25,Z_only,0.011983597573792519,0.0,0.011983597573792519,0.9999640987769383,3.5901223061740595e-05,25,0,0,0,
23,3,25,ZX_split,0.011983597573792519,0.07677189126977799,0.06478829369598546,0.9989509862652882,0.001049013734711779,12,0,7,6,
23,3,25,RL_adaptive,0.011983597573792519,0.0,0.011983597573792519,0.9999640987769383,3.5901223061740595e-05,1,0,12,12,0.9999640987769383
23,3,50,Z_only,0.011983597573792519,0.0,0.011983597573792519,0.9999640987769383,3.5901223061740595e-05,50,0,0,0,
23,3,50,ZX_split,0.011983597573792519,6.243206620056296,0.05196228469708242,0.9993251321124867,0.000674867887513253,25,0,12,13,
23,3,50,RL_adaptive,0.011983597573792519,0.7853981633974483,0.7734145658236558,0.8577647447430324,0.14223525525696756,49,0,1,0,0.8577647447430324
23,3,100,Z_only,0.011983597573792519,0.0,0.011983597573792519,0.9999640987769383,3.5901223061740595e-05,100,0,0,0,
23,3,100,ZX_split,0.011983597573792519,6.124530044993185,0.1706388597601931,0.9927382409963997,0.0072617590036002655,50,0,21,29,
23,3,100,RL_adaptive,0.011983597573792519,5.497787143782138,0.7973817609712404,0.8492912644469555,0.15070873555304454,99,0,0,1,0.8492912644469555
23,3,250,Z_only,0.011983597573792519,0.0,0.011983597573792519,0.9999640987769383,3.5901223061740595e-05,250,0,0,0,
23,3,250,ZX_split,0.011983597573792519,6.259189913587717,0.03597899116566161,0.999676412957558,0.0003235870424419529,125,0,61,64,
23,3,250,RL_adaptive,0.011983597573792519,0.06016825115500975,0.04818465358121723,0.9994196720847359,0.0005803279152640783,1,0,132,117,0.9994196720847359
23,3,500,Z_only,0.011983597573792519,0.0,0.011983597573792519,0.9999640987769383,3.5901223061740595e-05,500,0,0,0,
23,3,500,ZX_split,0.011983597573792519,6.2272437359460255,0.06792516880735278,0.9988469862802138,0.0011530137197861556,250,0,118,132,
23,3,500,RL_adaptive,0.011983597573792519,0.7853981633974483,0.7734145658236558,0.8577647447430324,0.14223525525696756,499,0,1,0,0.8577647447430324
23,4,10,Z_only,0.011983597573792519,0.0,0.011983597573792519,0.9999640987769383,3.5901223061740595e-05,10,0,0,0,
23,4,10,ZX_split,0.011983597573792519,0.19739555984988072,0.1854119622760882,0.9914301940956283,0.00856980590437173,5,0,3,2,
23,4,10,RL_adaptive,0.011983597573792519,5.497787143782138,0.7973817609712404,0.8492912644469555,0.15070873555304454,9,0,0,1,0.8492912644469555
23,4,25,Z_only,0.011983597573792519,0.0,0.011983597573792519,0.9999640987769383,3.5901223061740595e-05,25,0,0,0,
23,4,25,ZX_split,0.011983597573792519,0.2267988480538859,0.21481525048009337,0.9885078966841616,0.011492103315838387,12,0,8,5,
23,4,25,RL_adaptive,0.011983597573792519,0.16514867741462685,0.15316507984083433,0.9941465712441467,0.005853428755853263,1,0,14,10,0.9941465712441467
23,4,50,Z_only,0.011983597573792519,0.0,0.011983597573792519,0.9999640987769383,3.5901223061740595e-05,50,0,0,0,
23,4,50,ZX_split,0.011983597573792519,0.1194289260183385,0.10744532844454599,0.9971166508524444,0.002883349147555614,25,0,14,11,
23,4,50,RL_adaptive,0.011983597573792519,5.497787143782138,0.7973817609712404,0.8492912644469555,0.15070873555304454,49,0,0,1,0.8492912644469555
23,4,100,Z_only,0.011983597573792519,0.0,0.011983597573792519,0.9999640987769383,3.5901223061740595e-05,100,0,0,0,
23,4,100,ZX_split,0.011983597573792519,0.1194289260183385,0.10744532844454599,0.9971166508524444,0.002883349147555614,50,0,28,22,
23,4,100,RL_adaptive,0.011983597573792519,0.7853981633974483,0.7734145658236558,0.8577647447430324,0.14223525525696756,99,0,1,0,0.8577647447430324
23,4,250,Z_only,0.011983597573792519,0.0,0.011983597573792519,0.9999640987769383,3.5901223061740595e-05,250,0,0,0,
23,4,250,ZX_split,0.011983597573792519,6.179557847182714,0.11561105757066414,0.9966622410117106,0.0033377589882893632,125,0,56,69,
23,4,250,RL_adaptive,0.011983597573792519,0.052161476475716013,0.040177878901923494,0.9995964887971823,0.0004035112028176746,1,0,131,118,0.9995964887971823
23,4,500,Z_only,0.011983597573792519,0.0,0.011983597573792519,0.9999640987769383,3.5901223061740595e-05,500,0,0,0,
23,4,500,ZX_split,0.011983597573792519,0.04796318687707674,0.03597958930328422,0.9996764021995962,0.0003235978004038076,250,0,131,119,
23,4,500,RL_adaptive,0.011983597573792519,0.7853981633974483,0.7734145658236558,0.8577647447430324,0.14223525525696756,499,0,1,0,0.8577647447430324
24,0,10,Z_only,3.0380638732977454,3.141592653589793,0.1035287802920477,0.9973228403910284,0.0026771596089716354,0,10,0,0,
24,0,10,ZX_split,3.0380638732977454,2.9441970937399127,0.09386677955783274,0.997798873807938,0.0022011261920620306,0,5,3,2,
24,0,10,RL_adaptive,3.0380638732977454,2.356194490192345,0.6818693831054006,0.8881979528649433,0.1118020471350567,0,9,1,0,0.8881979528649433
24,0,25,Z_only,3.0380638732977454,3.141592653589793,0.1035287802920477,0.9973228403910284,0.0026771596089716354,0,25,0,0,
24,0,25,ZX_split,3.0380638732977454,2.9147938055359073,0.12327006776183813,0.9962059306524015,0.0037940693475985166,0,12,8,5,
24,0,25,RL_adaptive,3.0380638732977454,3.30674133100442,0.2686774577066746,0.982061408497294,0.017938591502706047,0,1,10,14,0.982061408497294
24,0,50,Z_only,3.0380638732977454,2.857798544381465,0.18026532891628033,0.99189807821748,0.008101921782520005,1,49,0,0,
24,0,50,ZX_split,3.0380638732977454,3.1016139664665032,0.06355009316875782,0.9989906861689406,0.0010093138310593996,0,25,13,12,
24,0,50,RL_adaptive,3.0380638732977454,3.9478211370234586,0.9097572637257132,0.8069686863010058,0.19303131369899418,1,48,0,1,0.8069686863010058
24,0,100,Z_only,3.0380638732977454,2.9412578112666736,0.09680606203107178,0.9976589756710923,0.0023410243289077037,1,99,0,0,
24,0,100,ZX_split,3.0380638732977454,3.181571340713083,0.1435074674153376,0.9948602316569772,0.005139768343022766,0,50,24,26,
24,0,100,RL_adaptive,3.0380638732977454,2.3459907626983907,0.6920731105993547,0.884962373318912,0.11503762668108797,1,98,1,0,0.884962373318912
24,0,250,Z_only,3.0380638732977454,3.141592653589793,0.1035287802920477,0.9973228403910284,0.0026771596089716354,0,250,0,0,
24,0,250,ZX_split,3.0380638732977454,3.10096461590842,0.06290074261067469,0.9990112002250684,0.0009887997749316035,1,124,65,60,
24,0,250,RL_adaptive,3.0380638732977454,3.1134876061293375,0.0754237328315921,0.9985784892068715,0.0014215107931284665,0,1,128,121,0.9985784892068715
24,0,500,Z_only,3.0380638732977454,3.141592653589793,0.1035287802920477,0.9973228403910284,0.0026771596089716354,0,500,0,0,
24,0,500,ZX_split,3.0380638732977454,3.173581737629108,0.1355178643313626,0.995415749407286,0.004584250592713945,0,250,121,129,
24,0,500,RL_adaptive,3.0380638732977454,3.9269908169872414,0.888926943689496,0.815122752893959,0.18487724710604103,0,499,0,1,0.815122752893959
24,1,10,Z_only,3.0380638732977454,3.141592653589793,0.1035287802920477,0.9973228403910284,0.0026771596089716354,0,10,0,0,
24,1,10,ZX_split,3.0380638732977454,3.3389882134396736,0.30092434014192815,0.9775314599263865,0.02246854007361354,0,5,2,3,
24,1,10,RL_adaptive,3.0380638732977454,2.356194490192345,0.6818693831054006,0.8881979528649433,0.1118020471350567,0,9,1,0,0.8881979528649433
24,1,25,Z_only,3.0380638732977454,3.141592653589793,0.1035287802920477,0.9973228403910284,0.0026771596089716354,0,25,0,0,
24,1,25,ZX_split,3.0380638732977454,3.218364544859571,0.1803006715618256,0.9918949096080383,0.008105090391961722,0,12,6,7,
24,1,25,RL_adaptive,3.0380638732977454,2.819842099193151,0.21822177410459442,0.9881419838784614,0.011858016121538584,0,1,16,8,0.9881419838784614
24,1,50,Z_only,3.0380638732977454,2.857798544381465,0.18026532891628033,0.99189807821748,0.008101921782520005,1,49,0,0,
24,1,50,ZX_split,3.0380638732977454,2.8685839505030826,0.16947992279466284,0.9928363107491304,0.0071636892508696315,0,25,16,9,
24,1,50,RL_adaptive,3.0380638732977454,2.356194490192345,0.6818693831054006,0.8881979528649433,0.1118020471350567,0,49,1,0,0.8881979528649433
24,1,100,Z_only,3.0380638732977454,2.857798544381465,0.18026532891628033,0.99189807821748,0.008101921782520005,2,98,0,0,
24,1,100,ZX_split,3.0380638732977454,3.141592653589793,0.1035287802920477,0.9973228403910284,0.0026771596089716354,0,50,25,25,
24,1,100,RL_adaptive,3.0380638732977454,2.356194490192345,0.6818693831054006,0.8881979528649433,0.1118020471350567,0,99,1,0,0.8881979528649433
24,1,250,Z_only,3.0380638732977454,3.015017067627069,0.023046805670676296,0.9998672170646132,0.000132782935386766,1,249,0,0,
24,1,250,ZX_split,3.0380638732977454,2.9907472919688534,0.04731658132889205,0.9994403897018986,0.0005596102981013651,0,125,72,53,
24,1,250,RL_adaptive,3.0380638732977454,3.0098303871118666,0.028233486185878842,0.9998007308019258,0.0001992691980742256,0,1,141,108,0.9998007308019258
24,1,500,Z_only,3.0380638732977454,3.015017067627069,0.023046805670676296,0.9998672170646132,0.000132782935386766,2,498,0,0,
24,1,500,ZX_split,3.0380638732977454,2.9751469600412497,0.06291691325649573,0.9990106919223053,0.000989308077694706,0,250,146,104,
24,1,500,RL_adaptive,3.0380638732977454,3.9330391303296133,0.8949752570318679,0.8127690604440249,0.18723093955597514,3,496,0,1,0.8127690604440249
24,2,10,Z_only,3.0380638732977454,3.141592653589793,0.1035287802920477,0.9973228403910284,0.0026771596089716354,0,10,0,0,
24,2,10,ZX_split,3.0380638732977454,2.9441970937399127,0.09386677955783274,0.997798873807938,0.0022011261920620306,0,5,3,2,
24,2,10,RL_adaptive,3.0380638732977454,2.356194490192345,0.6818693831054006,0.8881979528649433,0.1118020471350567,0,9,1,0,0.8881979528649433
24,2,25,Z_only,3.0380638732977454,3.141592653589793,0.1035287802920477,0.9973228403910284,0.0026771596089716354,0,25,0,0,
24,2,25,ZX_split,3.0380638732977454,3.218364544859571,0.1803006715618256,0.9918949096080383,0.008105090391961722,0,12,6,7,
24,2,25,RL_adaptive,3.0380638732977454,2.976443976175166,0.061619897122579204,0.9990510473920129,0.000948952607987108,0,1,14,10,0.9990510473920129
24,2,50,Z_only,3.0380638732977454,3.141592653589793,0.1035287802920477,0.9973228403910284,0.0026771596089716354,0,50,0,0,
24,2,50,ZX_split,3.0380638732977454,2.7270857790050074,0.31097809429273804,0.9760173691441655,0.02398263085583452,0,25,18,7,
24,2,50,RL_adaptive,3.0380638732977454,2.356194490192345,0.6818693831054006,0.8881979528649433,0.1118020471350567,0,49,1,0,0.8881979528649433
24,2,100,Z_only,3.0380638732977454,3.141592653589793,0.1035287802920477,0.9973228403910284,0.0026771596089716354,0,100,0,0,
24,2,100,ZX_split,3.0380638732977454,2.9829373914033916,0.05512648189435376,0.9992404601266974,0.0007595398733025727,0,50,29,21,
24,2,100,RL_adaptive,3.0380638732977454,2.356194490192345,0.6818693831054006,0.8881979528649433,0.1118020471350567,0,99,1,0,0.8881979528649433
24,2,250,Z_only,3.0380638732977454,3.015017067627069,0.023046805670676296,0.9998672170646132,0.000132782935386766,1,249,0,0,
24,2,250,ZX_split,3.0380638732977454,2.8685839505030826,0.16947992279466284,0.9928363107491304,0.0071636892508696315,0,125,80,45,
24,2,250,RL_adaptive,3.0380638732977454,3.0734253440555834,0.03536147075783802,0.9996874241697744,0.0003125758302255921,0,1,133,116,0.9996874241697744
24,2,500,Z_only,3.0380638732977454,3.015017067627069,0.023046805670676296,0.9998672170646132,0.000132782935386766,2,498,0,0,
24,2,500,ZX_split,3.0380638732977454,3.068552088286674,0.030488214988928508,0.9997676351867302,0.00023236481326982528,2,248,134,116,
24,2,500,RL_adaptive,3.0380638732977454,3.9289988464168375,0.8909349731190921,0.8143426051879911,0.18565739481200894,1,498,0,1,0.8143426051879911
24,3,10,Z_only,3.0380638732977454,3.141592653589793,0.1035287802920477,0.9973228403910284,0.0026771596089716354,0,10,0,0,
24,3,10,ZX_split,3.0380638732977454,2.601173153319209,0.43689071997853635,0.9530358263800021,0.04696417361999794,0,5,4,1,
24,3,10,RL_adaptive,3.0380638732977454,2.356194490192345,0.6818693831054006,0.8881979528649433,0.1118020471350567,0,9,1,0,0.8881979528649433
24,3,25,Z_only,3.0380638732977454,3.141592653589793,0.1035287802920477,0.9973228403910284,0.0026771596089716354,0,25,0,0,
24,3,25,ZX_split,3.0380638732977454,3.5087664874080122,0.4707026141102668,0.9456249319291641,0.05437506807083592,0,12,4,9,
24,3,25,RL_adaptive,3.0380638732977454,2.896613990462929,0.14144988283481652,0.9950063171603599,0.004993682839640079,0,1,15,9,0.9950063171603599
24,3,50,Z_only,3.0380638732977454,3.141592653589793,0.1035287802920477,0.9973228403910284,0.0026771596089716354,0,50,0,0,
24,3,50,ZX_split,3.0380638732977454,3.1016139664665032,0.06355009316875782,0.9989906861689406,0.0010093138310593996,0,25,13,12,
24,3,50,RL_adaptive,3.0380638732977454,3.9269908169872414,0.888926943689496,0.815122752893959,0.18487724710604103,0,49,0,1,0.815122752893959
24,3,100,Z_only,3.0380638732977454,3.141592653589793,0.1035287802920477,0.9973228403910284,0.0026771596089716354,0,100,0,0,
24,3,100,ZX_split,3.0380638732977454,3.2610215796081317,0.22295770631038625,0.987623861276534,0.01237613872346599,0,50,22,28,
24,3,100,RL_adaptive,3.0380638732977454,3.9269908169872414,0.888926943689496,0.815122752893959,0.18487724710604103,0,99,0,1,0.815122752893959
24,3,250,Z_only,3.0380638732977454,3.141592653589793,0.1035287802920477,0.9973228403910284,0.0026771596089716354,0,250,0,0,
24,3,250,ZX_split,3.0380638732977454,2.9441970937399127,0.09386677955783274,0.997798873807938,0.0022011261920620306,0,125,75,50,
24,3,250,RL_adaptive,3.0380638732977454,2.994077680560674,0.043986192737071494,0.9995163816944611,0.00048361830553889096,0,1,143,106,0.9995163816944611
24,3,500,Z_only,3.0380638732977454,3.0521200933852985,0.01405622008755314,0.9999506064824739,4.939351752608623e-05,1,499,0,0,
24,3,500,ZX_split,3.0380638732977454,3.18955584046687,0.1514919671691244,0.9942735103730393,0.005726489626960651,0,250,119,131,
24,3,500,RL_adaptive,3.0380638732977454,2.3541864607627487,0.6838774125349967,0.8875643948862685,0.11243560511373152,1,498,1,0,0.8875643948862685
24,4,10,Z_only,3.0380638732977454,3.141592653589793,0.1035287802920477,0.9973228403910284,0.0026771596089716354,0,10,0,0,
24,4,10,ZX_split,3.0380638732977454,2.9441970937399127,0.09386677955783274,0.997798873807938,0.0022011261920620306,0,5,3,2,
24,4,10,RL_adaptive,3.0380638732977454,2.356194490192345,0.6818693831054006,0.8881979528649433,0.1118020471350567,0,9,1,0,0.8881979528649433
24,4,25,Z_only,3.0380638732977454,2.7388768120091314,0.29918706128861405,0.9777882066194262,0.022211793380573774,1,24,0,0,
24,4,25,ZX_split,3.0380638732977454,3.218364544859571,0.1803006715618256,0.9918949096080383,0.008105090391961722,0,12,6,7,
24,4,25,RL_adaptive,3.0380638732977454,3.141592653589793,0.1035287802920477,0.9973228403910284,0.0026771596089716354,0,1,12,12,0.9973228403910284
24,4,50,Z_only,3.0380638732977454,3.141592653589793,0.1035287802920477,0.9973228403910284,0.0026771596089716354,0,50,0,0,
24,4,50,ZX_split,3.0380638732977454,3.1016139664665032,0.06355009316875782,0.9989906861689406,0.0010093138310593996,0,25,13,12,
24,4,50,RL_adaptive,3.0380638732977454,2.356194490192345,0.6818693831054006,0.8881979528649433,0.1118020471350567,0,49,1,0,0.8881979528649433
24,4,100,Z_only,3.0380638732977454,3.141592653589793,0.1035287802920477,0.9973228403910284,0.0026771596089716354,0,100,0,0,
24,4,100,ZX_split,3.0380638732977454,3.3771376343106563,0.33907376101291087,0.971531574913615,0.02846842508638503,0,50,19,31,
24,4,100,RL_adaptive,3.0380638732977454,3.9269908169872414,0.888926943689496,0.815122752893959,0.18487724710604103,0,99,0,1,0.815122752893959
24,4,250,Z_only,3.0380638732977454,3.141592653589793,0.1035287802920477,0.9973228403910284,0.0026771596089716354,0,250,0,0,
24,4,250,ZX_split,3.0380638732977454,2.9697506357042616,0.06831323759348384,0.9988337790316822,0.001166220968317755,2,123,73,52,
24,4,250,RL_adaptive,3.0380638732977454,3.0019453139753414,0.03611855932240404,0.9996738978718175,0.00032610212818251494,0,1,142,107,0.9996738978718175
24,4,500,Z_only,3.0380638732977454,2.9865179806254547,0.051545892672290705,0.9993359022978306,0.0006640977021693528,3,497,0,0,
24,4,500,ZX_split,3.0380638732977454,3.0776798208010594,0.039615947503313986,0.9996076954875335,0.00039230451246652365,0,250,133,117,
24,4,500,RL_adaptive,3.0380638732977454,2.350146176849973,0.6879176964477725,0.8862849028093729,0.11371509719062711,3,496,1,0,0.8862849028093729
25,0,10,Z_only,0.7578599009176222,0.9272952180016121,0.16943531708398984,0.9928400720757842,0.007159927924215825,8,2,0,0,
25,0,10,ZX_split,0.7578599009176222,0.7853981633974483,0.027538262479826048,0.9998104230059216,0.00018957699407839979,4,1,4,1,
25,0,10,RL_adaptive,0.7578599009176222,1.0636978224025597,0.3058379214849375,0.9767974978200048,0.0232025021799952,7,2,1,0,0.9767974978200048
25,0,25,Z_only,0.7578599009176222,0.9272952180016121,0.16943531708398984,0.9928400720757842,0.007159927924215825,20,5,0,0,
25,0,25,ZX_split,0.7578599009176222,0.804263849419119,0.04640394850149676,0.9994617649842413,0.0005382350157586702,10,2,11,2,
25,0,25,RL_adaptive,0.7578599009176222,0.6435011087932844,0.11435879212433786,0.996734078286787,0.003265921713213049,1,0,21,3,0.996734078286787
25,0,50,Z_only,0.7578599009176222,0.8762980611683407,0.11843816025071852,0.996497198080659,0.0035028019193410476,41,9,0,0,
25,0,50,ZX_split,0.7578599009176222,0.8353565591193911,0.07749665820176888,0.9984993182751679,0.001500681724832087,22,3,23,2,
25,0,50,RL_adaptive,0.7578599009176222,0.8740540452648857,0.1161941443472635,0.9966285259783235,0.0033714740216764794,45,4,1,0,0.9966285259783235
25,0,100,Z_only,0.7578599009176222,0.7074832117793429,0.05037668913827931,0.9993656814632601,0.0006343185367398974,88,12,0,0,
25,0,100,ZX_split,0.7578599009176222,0.5763752205911836,0.1814846803264386,0.9917884034345479,0.008211596565452117,45,5,38,12,
25,0,100,RL_adaptive,0.7578599009176222,0.9621070194674849,0.20424711854986266,0.9896069844813928,0.010393015518607163,84,15,1,0,0.9896069844813928
25,0,250,Z_only,0.7578599009176222,0.7669940078618667,0.009134106944244436,0.9999791421676008,2.085783239924588e-05,215,35,0,0,
25,0,250,ZX_split,0.7578599009176222,0.7749818734664786,0.01712197254885639,0.9999267113044898,7.328869551015416e-05,111,14,110,15,
25,0,250,RL_adaptive,0.7578599009176222,0.6179663849269251,0.1398935159906971,0.9951154248544871,0.004884575145512882,1,0,213,36,0.9951154248544871
25,0,500,Z_only,0.7578599009176222,0.7317593389016339,0.026100562015988316,0.9998296998338727,0.0001703001661272907,436,64,0,0,
25,0,500,ZX_split,0.7578599009176222,0.7634236791007857,0.005563778183163448,0.9999922611130456,7.738886954378188e-06,218,32,214,36,
25,0,500,RL_adaptive,0.7578599009176222,5.364491342495173,1.6765538656020356,0.44721974730303143,0.5527802526969685,440,59,0,1,0.44721974730303143
25,1,10,Z_only,0.7578599009176222,0.6435011087932843,0.11435879212433797,0.996734078286787,0.003265921713213049,9,1,0,0,
25,1,10,ZX_split,0.7578599009176222,1.0303768265243125,0.2725169256066903,0.9815482505950447,0.01845174940495531,4,1,5,0,
25,1,10,RL_adaptive,0.7578599009176222,0.9097531579442099,0.15189325702658762,0.99424319061238,0.005756809387620021,8,1,1,0,0.99424319061238
25,1,25,Z_only,0.7578599009176222,0.8230336921349761,0.0651737912173539,0.9989384700626578,0.0010615299373422094,21,4,0,0,
25,1,25,ZX_split,0.7578599009176222,0.7930316029149415,0.03517170199731923,0.9996907697243652,0.00030923027563478644,11,1,12,1,
25,1,25,RL_adaptive,0.7578599009176222,0.4636476090008061,0.29421229191681614,0.978515431793585,0.021484568206414978,1,0,18,6,0.978515431793585
25,1,50,Z_only,0.7578599009176222,0.8762980611683407,0.11843816025071852,0.996497198080659,0.0035028019193410476,41,9,0,0,
25,1,50,ZX_split,0.7578599009176222,0.7354397676755055,0.02242013324211678,0.9998743396702104,0.00012566032978955644,23,2,22,3,
25,1,50,RL_adaptive,0.7578599009176222,0.9505468408120752,0.19268693989445296,0.9907466191846002,0.009253380815399836,42,7,1,0,0.9907466191846002
25,1,100,Z_only,0.7578599009176222,0.7074832117793429,0.05037668913827931,0.9993656814632601,0.0006343185367398974,88,12,0,0,
25,1,100,ZX_split,0.7578599009176222,0.8353565591193911,0.07749665820176888,0.9984993182751679,0.001500681724832087,44,6,46,4,
25,1,100,RL_adaptive,0.7578599009176222,5.321078287712101,1.7199669203851071,0.42569100595129616,0.5743089940487038,84,15,0,1,0.42569100595129616
25,1,250,Z_only,0.7578599009176222,0.7197053260246163,0.03815457489300589,0.9996361012530184,0.00036389874698161684,219,31,0,0,
25,1,250,ZX_split,0.7578599009176222,0.8179953085154011,0.06013540759777891,0.9990962056010233,0.0009037943989766983,107,18,110,15,
25,1,250,RL_adaptive,0.7578599009176222,0.5907778045635299,0.16708209635409232,0.9930371141455796,0.0069628858544203975,1,0,208,41,0.9930371141455796
25,1,500,Z_only,0.7578599009176222,0.8230336921349761,0.0651737912173539,0.9989384700626578,0.0010615299373422094,420,80,0,0,
25,1,500,ZX_split,0.7578599009176222,0.8179953085154011,0.06013540759777891,0.9990962056010233,0.0009037943989766983,214,36,220,30,
25,1,500,RL_adaptive,0.7578599009176222,0.9392648824956537,0.18140498157803142,0.9917955942889451,0.008204405711054852,432,67,1,0,0.9917955942889451
25,2,10,Z_only,0.7578599009176222,0.9272952180016121,0.16943531708398984,0.9928400720757842,0.007159927924215825,8,2,0,0,
25,2,10,ZX_split,0.7578599009176222,0.5404195002705843,0.21744040064703796,0.9882264161522765,0.011773583847723534,5,0,4,1,
25,2,10,RL_adaptive,0.7578599009176222,0.9097531579442099,0.15189325702658762,0.99424319061238,0.005756809387620021,8,1,1,0,0.99424319061238
25,2,25,Z_only,0.7578599009176222,0.9272952180016121,0.16943531708398984,0.9928400720757842,0.007159927924215825,20,5,0,0,
25,2,25,ZX_split,0.7578599009176222,0.6794138054078485,0.07844609550977377,0.9984623413032147,0.001537658696785349,10,2,10,3,
25,2,25,RL_adaptive,0.7578599009176222,0.6435011087932844,0.11435879212433786,0.996734078286787,0.003265921713213049,1,0,21,3,0.996734078286787
25,2,50,Z_only,0.7578599009176222,0.8762980611683407,0.11843816025071852,0.996497198080659,0.0035028019193410476,41,9,0,0,
25,2,50,ZX_split,0.7578599009176222,0.6682894188305841,0.0895704820870381,0.9979956227940966,0.002004377205903407,22,3,20,5,
25,2,50,RL_adaptive,0.7578599009176222,0.8505233267318342,0.09266342581421194,0.9978549079429114,0.002145092057088571,46,3,1,0,0.9978549079429114
25,2,100,Z_only,0.7578599009176222,0.6761305095606613,0.08172939135696089,0.9983310059881614,0.0016689940118386204,89,11,0,0,
25,2,100,ZX_split,0.7578599009176222,0.8621700546672264,0.10431015374960417,0.9972823134708699,0.00271768652913007,43,7,46,4,
25,2,100,RL_adaptive,0.7578599009176222,0.9224643377076359,0.1646044367900137,0.9932416251756919,0.006758374824308078,87,12,1,0,0.9932416251756919
25,2,250,Z_only,0.7578599009176222,0.8009846876655522,0.043124786747929966,0.9995351352429315,0.00046486475706852826,212,38,0,0,
25,2,250,ZX_split,0.7578599009176222,0.7970255463538323,0.03916564543621004,0.9996165620726305,0.000383437927369501,105,20,106,19,
25,2,250,RL_adaptive,0.7578599009176222,0.5796151021976388,0.17824479871998344,0.9920782050422297,0.007921794957770345,1,0,206,43,0.9920782050422297
25,2,500,Z_only,0.7578599009176222,0.7784539401556181,0.020594039237995854,0.9998939751342687,0.00010602486573130232,428,72,0,0,
25,2,500,ZX_split,0.7578599009176222,0.7505285818426585,0.00733131907496376,0.99998656300034,1.3436999660054738e-05,214,36,208,42,
25,2,500,RL_adaptive,0.7578599009176222,0.9392648824956537,0.18140498157803142,0.9917955942889451,0.008204405711054852,432,67,1,0,0.9917955942889451
25,3,10,Z_only,0.7578599009176222,0.0,0.7578599009176222,0.8631543549427118,0.13684564505728825,10,0,0,0,
25,3,10,ZX_split,0.7578599009176222,0.5404195002705843,0.21744040064703796,0.9882264161522765,0.011773583847723534,5,0,4,1,
25,3,10,RL_adaptive,0.7578599009176222,1.460139105621001,0.7022792047033787,0.8816859489913315,0.11831405100866854,5,4,1,0,0.8816859489913315
25,3,25,Z_only,0.7578599009176222,0.8230336921349761,0.0651737912173539,0.9989384700626578,0.0010615299373422094,21,4,0,0,
25,3,25,ZX_split,0.7578599009176222,0.804263849419119,0.04640394850149676,0.9994617649842413,0.0005382350157586702,10,2,11,2,
25,3,25,RL_adaptive,0.7578599009176222,0.6947382761967031,0.06312162472091909,0.9990042458075871,0.0009957541924129343,1,0,22,2,0.9990042458075871
25,3,50,Z_only,0.7578599009176222,0.7074832117793429,0.05037668913827931,0.9993656814632601,0.0006343185367398974,44,6,0,0,
25,3,50,ZX_split,0.7578599009176222,0.8408966686431653,0.08303676772554303,0.9982772140419329,0.0017227859580670746,21,4,22,3,
25,3,50,RL_adaptive,0.7578599009176222,5.4091312619147,1.6319139461825083,0.4694602114631774,0.5305397885368226,45,4,0,1,0.4694602114631774
25,3,100,Z_only,0.7578599009176222,0.6761305095606613,0.08172939135696089,0.9983310059881614,0.0016689940118386204,89,11,0,0,
25,3,100,ZX_split,0.7578599009176222,0.6682894188305841,0.0895704820870381,0.9979956227940966,0.002004377205903407,44,6,40,10,
25,3,100,RL_adaptive,0.7578599009176222,5.264607343135322,1.7764378649618866,0.3979023885200586,0.6020976114799415,80,19,0,1,0.3979023885200586
25,3,250,Z_only,0.7578599009176222,0.8120668063852188,0.054206905467596544,0.999265582709947,0.0007344172900529689,211,39,0,0,
25,3,250,ZX_split,0.7578599009176222,0.6995878987009461,0.058272002216676166,0.9991513336263436,0.000848666373656437,113,12,105,20,
25,3,250,RL_adaptive,0.7578599009176222,0.5907778045635299,0.16708209635409232,0.9930371141455796,0.0069628858544203975,1,0,208,41,0.9930371141455796
25,3,500,Z_only,0.7578599009176222,0.743653684300914,0.014206216616708178,0.9999495467008944,5.0453299105579497e-05,434,66,0,0,
25,3,500,ZX_split,0.7578599009176222,0.7686399558152108,0.010780054897588598,0.9999709478854473,2.9052114552730046e-05,216,34,213,37,
25,3,500,RL_adaptive,0.7578599009176222,0.9237774838708266,0.16591758295320436,0.9931336124834687,0.006866387516531347,438,61,1,0,0.9931336124834687
25,4,10,Z_only,0.7578599009176222,1.1592794807274087,0.4014195798097865,0.9602536278541022,0.039746372145897824,7,3,0,0,
25,4,10,ZX_split,0.7578599009176222,0.7853981633974483,0.027538262479826048,0.9998104230059216,0.00018957699407839979,5,0,5,0,
25,4,10,RL_adaptive,0.7578599009176222,0.7853981633974483,0.027538262479826048,0.9998104230059216,0.00018957699407839979,9,0,1,0,0.9998104230059216
25,4,25,Z_only,0.7578599009176222,1.0239453760989525,0.2660854751813303,0.9824038181818425,0.017596181818157475,19,6,0,0,
25,4,25,ZX_split,0.7578599009176222,0.3332443011116727,0.42461559980594954,0.9555985809147519,0.044401419085248084,10,2,8,5,
25,4,25,RL_adaptive,0.7578599009176222,0.6435011087932844,0.11435879212433786,0.996734078286787,0.003265921713213049,1,0,21,3,0.996734078286787
25,4,50,Z_only,0.7578599009176222,1.0701416143903084,0.3122817134726862,0.9758175175313576,0.024182482468642408,37,13,0,0,
25,4,50,ZX_split,0.7578599009176222,0.8353565591193911,0.07749665820176888,0.9984993182751679,0.001500681724832087,22,3,23,2,
25,4,50,RL_adaptive,0.7578599009176222,1.0671700306708005,0.3093101297531783,0.9762718970640479,0.023728102935952067,38,11,1,0,0.9762718970640479
25,4,100,Z_only,0.7578599009176222,0.9020536235925247,0.1441937226749025,0.9948110425994838,0.00518895740051617,81,19,0,0,
25,4,100,ZX_split,0.7578599009176222,0.8709034570756531,0.11304355615803086,0.9968086892142742,0.003191310785725765,41,9,44,6,
25,4,100,RL_adaptive,0.7578599009176222,0.9097531579442099,0.15189325702658762,0.99424319061238,0.005756809387620021,88,11,1,0,0.99424319061238
25,4,250,Z_only,0.7578599009176222,0.8658407443149329,0.10798084339731062,0.9970878656057584,0.00291213439424165,206,44,0,0,
25,4,250,ZX_split,0.7578599009176222,0.7643486412604018,0.006488740342779575,0.9999894740991225,1.0525900877467187e-05,111,14,109,16,
25,4,250,RL_adaptive,0.7578599009176222,0.5796151021976388,0.17824479871998344,0.9920782050422297,0.007921794957770345,1,0,206,43,0.9920782050422297
25,4,500,Z_only,0.7578599009176222,0.7784539401556181,0.020594039237995854,0.9998939751342687,0.00010602486573130232,428,72,0,0,
25,4,500,ZX_split,0.7578599009176222,0.8550527371260166,0.09719283620839436,0.9976402466323346,0.0023597533676653626,205,45,217,33,
25,4,500,RL_adaptive,0.7578599009176222,0.9658771843760657,0.2080172834584435,0.9892211544726287,0.010778845527371295,422,77,1,0,0.9892211544726287
26,0,10,Z_only,4.575431242593199,1.7721542475852272,2.8032769950079715,0.028342482957769147,0.9716575170422308,4,6,0,0,
26,0,10,ZX_split,4.575431242593199,4.514993420534809,0.060437822058389656,0.9990870953498445,0.0009129046501554772,2,3,0,5,
26,0,10,RL_adaptive,4.575431242593199,4.601731759210794,0.026300516617594916,0.9998270806743623,0.0001729193256376771,4,5,0,1,0.9998270806743623
26,0,25,Z_only,4.575431242593199,1.8545904360032244,2.7208408065899743,0.043608945602376194,0.9563910543976238,9,16,0,0,
26,0,25,ZX_split,4.575431242593199,4.877537657799317,0.3021064152061177,0.977355940961423,0.022644059038577025,7,5,0,13,
26,0,25,RL_adaptive,4.575431242593199,5.541238039173669,0.9658067965804698,0.784376732403566,0.21562326759643402,1,0,1,23,0.784376732403566
26,0,50,Z_only,4.575431242593199,1.731486979746807,2.843944262846392,0.02198560249858108,0.9780143975014189,21,29,0,0,
26,0,50,ZX_split,4.575431242593199,4.672410293261399,0.09697905066820045,0.9976506081224799,0.002349391877520146,12,13,0,25,
26,0,50,RL_adaptive,4.575431242593199,4.491560210655341,0.08387103193785794,0.9982424431353965,0.0017575568646035489,19,30,0,1,0.9982424431353965
26,0,100,Z_only,4.575431242593199,1.7112577415047523,2.8641735010884464,0.0191172656906717,0.9808827343093283,43,57,0,0,
26,0,100,ZX_split,4.575431242593199,4.592960054366351,0.017528811773152242,0.999923187156274,7.681284372595965e-05,22,28,0,50,
26,0,100,RL_adaptive,4.575431242593199,4.702288313799368,0.12685707120616918,0.9959822133013335,0.004017786698666481,49,50,0,1,0.9959822133013335
26,0,250,Z_only,4.575431242593199,1.7885122182010058,2.7869190243921933,0.031120058887161767,0.9688799411128383,98,152,0,0,
26,0,250,ZX_split,4.575431242593199,4.499657199693079,0.07577404290011991,0.9985652602905178,0.001434739709482158,49,76,0,125,
26,0,250,RL_adaptive,4.575431242593199,5.501819379993232,0.9263881374000329,0.8003627087716014,0.19963729122839857,1,0,1,248,0.8003627087716014
26,0,500,Z_only,4.575431242593199,1.6428586803631,2.932572562230099,0.010882641607186244,0.9891173583928138,232,268,0,0,
26,0,500,ZX_split,4.575431242593199,4.4979935127690975,0.07743772982410135,0.998501598500934,0.0014984014990659933,98,152,1,249,
26,0,500,RL_adaptive,4.575431242593199,4.54366772966663,0.03176351292656854,0.9997477910176172,0.00025220898238276224,207,292,0,1,0.9997477910176172
26,1,10,Z_only,4.575431242593199,1.7721542475852272,2.8032769950079715,0.028342482957769147,0.9716575170422308,4,6,0,0,
26,1,10,ZX_split,4.575431242593199,4.171969480114106,0.40346176247909327,0.9598537019948531,0.04014629800514691,1,4,0,5,
26,1,10,RL_adaptive,4.575431242593199,4.8230462015585855,0.24761495896538666,0.9847498669783588,0.015250133021641243,5,4,0,1,0.9847498669783588
26,1,25,Z_only,4.575431242593199,2.02639500019072,2.549036242402479,0.08524216104498512,0.9147578389550148,7,18,0,0,
26,1,25,ZX_split,4.575431242593199,4.71238898038469,0.13695773779149079,0.9953179699515082,0.00468203004849177,6,6,0,13,
26,1,25,RL_adaptive,4.575431242593199,3.9269908169872414,0.6484404256059575,0.8985133316211845,0.10148666837881548,0,1,0,24,0.8985133316211845
26,1,50,Z_only,4.575431242593199,1.6910862091896848,2.8843450334035143,0.016453049962205094,0.9835469500377949,22,28,0,0,
26,1,50,ZX_split,4.575431242593199,4.439380277297979,0.13605096529521976,0.9953796671227688,0.004620332877231181,9,16,0,25,
26,1,50,RL_adaptive,4.575431242593199,4.307497194099606,0.2679340484935926,0.9821599467129853,0.017840053287014657,14,35,0,1,0.9821599467129853
26,1,100,Z_only,4.575431242593199,1.6508819068285556,2.9245493357646435,0.011730790801332288,0.9882692091986677,46,54,0,0,
26,1,100,ZX_split,4.575431242593199,4.592960054366351,0.017528811773152242,0.999923187156274,7.681284372595965e-05,22,28,0,50,
26,1,100,RL_adaptive,4.575431242593199,4.542330358792634,0.033100883800565306,0.9997261078821899,0.00027389211781014833,41,58,0,1,0.9997261078821899
26,1,250,Z_only,4.575431242593199,1.6910862091896848,2.8843450334035143,0.016453049962205094,0.9835469500377949,110,140,0,0,
26,1,250,ZX_split,4.575431242593199,4.5728067364608105,0.0026245061323884045,0.9999982779928788,1.7220071212298294e-06,54,71,2,123,
26,1,250,RL_adaptive,4.575431242593199,5.501819379993232,0.9263881374000329,0.8003627087716014,0.19963729122839857,1,0,1,248,0.8003627087716014
26,1,500,Z_only,4.575431242593199,1.7152986927364233,2.8601325498567753,0.01967454694911306,0.9803254530508869,214,286,0,0,
26,1,500,ZX_split,4.575431242593199,4.71238898038469,0.13695773779149079,0.9953179699515082,0.00468203004849177,125,125,1,249,
26,1,500,RL_adaptive,4.575431242593199,4.571053092949454,0.0043781496437445,0.9999952079590788,4.792040921186569e-06,214,285,0,1,0.9999952079590788
26,2,10,Z_only,4.575431242593199,1.5707963267948966,3.0046349157983023,0.004682030048491767,0.9953179699515082,5,5,0,0,
26,2,10,ZX_split,4.575431242593199,4.90978454023457,0.3343532976413712,0.9723113639639654,0.027688636036034553,3,2,0,5,
26,2,10,RL_adaptive,4.575431242593199,4.205290475992353,0.37014076660084605,0.9661382164969443,0.03386178350305569,2,7,0,1,0.9661382164969443
26,2,25,Z_only,4.575431242593199,1.8545904360032244,2.7208408065899743,0.043608945602376194,0.9563910543976238,9,16,0,0,
26,2,25,ZX_split,4.575431242593199,4.71238898038469,0.13695773779149079,0.9953179699515082,0.00468203004849177,6,6,0,13,
26,2,25,RL_adaptive,4.575431242593199,3.9269908169872414,0.6484404256059575,0.8985133316211845,0.10148666837881548,0,1,0,24,0.8985133316211845
26,2,50,Z_only,4.575431242593199,1.8131621778338598,2.762269064759339,0.0355423410705081,0.9644576589294919,19,31,0,0,
26,2,50,ZX_split,4.575431242593199,4.592960054366351,0.017528811773152242,0.999923187156274,7.681284372595965e-05,11,14,0,25,
26,2,50,RL_adaptive,4.575431242593199,4.651240817735388,0.07580957514218944,0.9985639150528592,0.0014360849471407588,23,26,0,1,0.9985639150528592
26,2,100,Z_only,4.575431242593199,1.6108070011488855,2.964624241444313,0.007809042589678007,0.992190957410322,48,52,0,0,
26,2,100,ZX_split,4.575431242593199,4.439380277297979,0.13605096529521976,0.9953796671227688,0.004620332877231181,18,32,0,50,
26,2,100,RL_adaptive,4.575431242593199,4.621729093183944,0.046297850590745426,0.9994642229706958,0.0005357770293041852,45,54,0,1,0.9994642229706958
26,2,250,Z_only,4.575431242593199,1.7072190978094646,2.868212144783734,0.01856814839587622,0.9814318516041238,108,142,0,0,
26,2,250,ZX_split,4.575431242593199,4.446136931233764,0.12929431135943492,0.9958265640759631,0.00417343592403685,46,79,2,123,
26,2,250,RL_adaptive,4.575431242593199,5.501819379993232,0.9263881374000329,0.8003627087716014,0.19963729122839857,1,0,1,248,0.8003627087716014
26,2,500,Z_only,4.575431242593199,1.731486979746807,2.843944262846392,0.02198560249858108,0.9780143975014189,210,290,0,0,
26,2,500,ZX_split,4.575431242593199,4.680142097949435,0.10471085535623637,0.9972614128037408,0.00273858719625919,121,129,1,249,
26,2,500,RL_adaptive,4.575431242593199,4.606573270677495,0.03114202808429578,0.9997575631161141,0.00024243688388592144,223,276,0,1,0.9997575631161141
26,3,10,Z_only,4.575431242593199,1.7721542475852272,2.8032769950079715,0.028342482957769147,0.9716575170422308,4,6,0,0,
26,3,10,ZX_split,4.575431242593199,4.171969480114106,0.40346176247909327,0.9598537019948531,0.04014629800514691,1,4,0,5,
26,3,10,RL_adaptive,4.575431242593199,4.205290475992353,0.37014076660084605,0.9661382164969443,0.03386178350305569,2,7,0,1,0.9661382164969443
26,3,25,Z_only,4.575431242593199,1.8545904360032244,2.7208408065899743,0.043608945602376194,0.9563910543976238,9,16,0,0,
26,3,25,ZX_split,4.575431242593199,4.877537657799317,0.3021064152061177,0.977355940961423,0.022644059038577025,7,5,0,13,
26,3,25,RL_adaptive,4.575431242593199,3.9269908169872414,0.6484404256059575,0.8985133316211845,0.10148666837881548,0,1,0,24,0.8985133316211845
26,3,50,Z_only,4.575431242593199,1.6508819068285556,2.9245493357646435,0.011730790801332288,0.9882692091986677,23,27,0,0,
26,3,50,ZX_split,4.575431242593199,4.582686443228777,0.007255200635578163,0.9999868405736585,1.3159426341502467e-05,11,14,1,24,
26,3,50,RL_adaptive,4.575431242593199,4.491560210655341,0.08387103193785794,0.9982424431353965,0.0017575568646035489,19,30,0,1,0.9982424431353965
26,3,100,Z_only,4.575431242593199,1.7112577415047523,2.8641735010884464,0.0191172656906717,0.9808827343093283,43,57,0,0,
26,3,100,ZX_split,4.575431242593199,4.476843999663826,0.09858724292937282,0.997572106320403,0.0024278936795969486,19,31,0,50,
26,3,100,RL_adaptive,4.575431242593199,4.621729093183944,0.046297850590745426,0.9994642229706958,0.0005357770293041852,45,54,0,1,0.9994642229706958
26,3,250,Z_only,4.575431242593199,1.731486979746807,2.843944262846392,0.02198560249858108,0.9780143975014189,105,145,0,0,
26,3,250,ZX_split,4.575431242593199,4.496304008087903,0.0791272345052958,0.9984355367197515,0.001564463280248507,49,76,1,124,
26,3,250,RL_adaptive,4.575431242593199,5.505884132819876,0.9304528902266771,0.798735437576121,0.20126456242387902,1,0,2,247,0.798735437576121
26,3,500,Z_only,4.575431242593199,1.6790073885032155,2.896423854089983,0.014951816117331549,0.9850481838826685,223,277,0,0,
26,3,500,ZX_split,4.575431242593199,4.584065752698895,0.008634510105696158,0.9999813614246088,1.86385753911944e-05,109,141,1,249,
26,3,500,RL_adaptive,4.575431242593199,4.598653492768419,0.023222250175219727,0.9998651878327423,0.00013481216725774736,221,278,0,1,0.9998651878327423
26,4,10,Z_only,4.575431242593199,2.2142974355881813,2.3611338070050176,0.1447046170869881,0.8552953829130119,2,8,0,0,
26,4,10,ZX_split,4.575431242593199,4.90978454023457,0.3343532976413712,0.9723113639639654,0.027688636036034553,3,2,0,5,
26,4,10,RL_adaptive,4.575431242593199,4.601731759210794,0.026300516617594916,0.9998270806743623,0.0001729193256376771,4,5,0,1,0.9998270806743623
26,4,25,Z_only,4.575431242593199,1.9390642202315367,2.636367022361662,0.06246735495856881,0.9375326450414312,8,17,0,0,
26,4,25,ZX_split,4.575431242593199,4.877537657799317,0.3021064152061177,0.977355940961423,0.022644059038577025,7,5,0,13,
26,4,25,RL_adaptive,4.575431242593199,3.9269908169872414,0.6484404256059575,0.8985133316211845,0.10148666837881548,0,1,0,24,0.8985133316211845
26,4,50,Z_only,4.575431242593199,1.8131621778338598,2.762269064759339,0.0355423410705081,0.9644576589294919,19,31,0,0,
26,4,50,ZX_split,4.575431242593199,4.514993420534809,0.060437822058389656,0.9990870953498445,0.0009129046501554772,10,15,0,25,
26,4,50,RL_adaptive,4.575431242593199,4.453057235984005,0.12237400660919384,0.9962608204310339,0.003739179568966078,18,31,0,1,0.9962608204310339
26,4,100,Z_only,4.575431242593199,1.6508819068285556,2.9245493357646435,0.011730790801332288,0.9882692091986677,46,54,0,0,
26,4,100,ZX_split,4.575431242593199,4.4674103172578254,0.10802092533537344,0.997085705368671,0.002914294631328973,19,31,1,49,
26,4,100,RL_adaptive,4.575431242593199,4.641799390565816,0.06636814797261703,0.9988992213754907,0.001100778624509302,46,53,0,1,0.9988992213754907
26,4,250,Z_only,4.575431242593199,1.6749847225361925,2.9004465200570064,0.014467551012368107,0.9855324489876319,112,138,0,0,
26,4,250,ZX_split,4.575431242593199,4.57721828173568,0.0017870391424814613,0.9999992016229883,7.983770117236944e-07,54,71,0,125,
26,4,250,RL_adaptive,4.575431242593199,3.9269908169872414,0.6484404256059575,0.8985133316211845,0.10148666837881548,0,1,0,249,0.8985133316211845
26,4,500,Z_only,4.575431242593199,1.6991484545239501,2.8762827880692488,0.017494351050775608,0.9825056489492244,218,282,0,0,
26,4,500,ZX_split,4.575431242593199,4.584065752698895,0.008634510105696158,0.9999813614246088,1.86385753911944e-05,109,141,1,249,
26,4,500,RL_adaptive,4.575431242593199,4.532006473411793,0.04342476918140559,0.9995286464320704,0.0004713535679295999,204,295,0,1,0.9995286464320704
27,0,10,Z_only,0.8581917274419644,1.1592794807274087,0.30108775328544435,0.9775072354664154,0.02249276453358462,7,3,0,0,
27,0,10,ZX_split,0.8581917274419644,1.0303768265243125,0.17218509908234814,0.9926063670469439,0.007393632953056062,4,1,5,0,
27,0,10,RL_adaptive,0.8581917274419644,5.034139534781332,2.1072374998402186,0.24445984725244682,0.7555401527475532,6,3,0,1,0.24445984725244682
27,0,25,Z_only,0.8581917274419644,0.8230336921349761,0.035158035306988245,0.9996910099685302,0.0003089900314697802,21,4,0,0,
27,0,25,ZX_split,0.8581917274419644,0.7022569315090071,0.15593479593295723,0.9939333926113234,0.0060666073886765925,12,0,12,1,
27,0,25,RL_adaptive,0.8581917274419644,0.7419472680059175,0.11624445943604689,0.9966256087635417,0.0033743912364583295,1,0,23,1,0.9966256087635417
27,0,50,Z_only,0.8581917274419644,0.8762980611683407,0.018106333726376378,0.9999180424088605,8.195759113949208e-05,41,9,0,0,
27,0,50,ZX_split,0.8581917274419644,0.8902751021276823,0.03208337468571798,0.9997426863403298,0.0002573136596701886,21,4,23,2,
27,0,50,RL_adaptive,0.8581917274419644,1.0067126057452396,0.1485208783032752,0.9944955167112642,0.005504483288735762,40,9,1,0,0.9944955167112642
27,0,100,Z_only,0.8581917274419644,1.0471975511965976,0.18900582375463326,0.9910957544068368,0.008904245593163163,75,25,0,0,
27,0,100,ZX_split,0.8581917274419644,0.8139618212362083,0.044229906205756064,0.9995110085742553,0.0004889914257446559,42,8,43,7,
27,0,100,RL_adaptive,0.8581917274419644,0.9758332788110025,0.11764155136903809,0.996544104772508,0.003455895227492012,83,16,1,0,0.996544104772508
27,0,250,Z_only,0.8581917274419644,0.8658407443149329,0.007649016872968484,0.9999853732065344,1.4626793465644106e-05,206,44,0,0,
27,0,250,ZX_split,0.8581917274419644,0.8948491125388118,0.03665738509684746,0.9996640966465588,0.000335903353441247,103,22,113,12,
27,0,250,RL_adaptive,0.8581917274419644,0.6389879221571719,0.21920380528479244,0.9880354466307337,0.011964553369266273,1,0,217,32,0.9880354466307337
27,0,500,Z_only,0.8581917274419644,0.8338901460262788,0.024301581415685614,0.9998523655510565,0.00014763444894350108,418,82,0,0,
27,0,500,ZX_split,0.8581917274419644,0.8721365020734335,0.013944774631469148,0.9999513866028938,4.861339710615642e-05,209,41,225,25,
27,0,500,RL_adaptive,0.8581917274419644,5.311864233378333,1.8295128012432178,0.37208002287958786,0.6279199771204121,420,79,0,1,0.37208002287958786
27,1,10,Z_only,0.8581917274419644,1.1592794807274087,0.30108775328544435,0.9775072354664154,0.02249276453358462,7,3,0,0,
27,1,10,ZX_split,0.8581917274419644,0.7853981633974483,0.07279356404451609,0.9986758591212079,0.0013241408787920683,4,1,4,1,
27,1,10,RL_adaptive,0.8581917274419644,5.2194874847770265,1.9218895498445239,0.32803772687603727,0.6719622731239627,7,2,0,1,0.32803772687603727
27,1,25,Z_only,0.8581917274419644,0.9272952180016121,0.0691034905596477,0.9988066518937042,0.0011933481062957885,20,5,0,0,
27,1,25,ZX_split,0.8581917274419644,1.0370881351556351,0.17889640771367077,0.9920203346424397,0.00797966535756034,9,3,12,1,
27,1,25,RL_adaptive,0.8581917274419644,0.6947382761967031,0.16345345124526123,0.993335599909564,0.006664400090436007,1,0,22,2,0.993335599909564
27,1,50,Z_only,0.8581917274419644,0.9272952180016121,0.0691034905596477,0.9988066518937042,0.0011933481062957885,40,10,0,0,
27,1,50,ZX_split,0.8581917274419644,0.7853981633974483,0.07279356404451609,0.9986758591212079,0.0013241408787920683,22,3,22,3,
27,1,50,RL_adaptive,0.8581917274419644,5.332638466367511,1.8087385682540393,0.38214832721818176,0.6178516727818182,42,7,0,1,0.38214832721818176
27,1,100,Z_only,0.8581917274419644,0.7953988301841436,0.06279289725782078,0.9990145868633942,0.0009854131366058283,85,15,0,0,
27,1,100,ZX_split,0.8581917274419644,0.9129077216126865,0.05471599417072215,0.9992517267076362,0.0007482732923638213,42,8,47,3,
27,1,100,RL_adaptive,0.8581917274419644,1.1111972786701187,0.2530055512281544,0.9840822306515359,0.015917769348464117,74,25,1,0,0.9840822306515359
27,1,250,Z_only,0.8581917274419644,0.9272952180016121,0.0691034905596477,0.9988066518937042,0.0011933481062957885,200,50,0,0,
27,1,250,ZX_split,0.8581917274419644,0.875044879718935,0.016853152276970595,0.9999289944952399,7.100550476013545e-05,103,22,111,14,
27,1,250,RL_adaptive,0.8581917274419644,0.6441433694628415,0.21404835797912292,0.988589491084074,0.011410508915925988,1,0,218,31,0.988589491084074
27,1,500,Z_only,0.8581917274419644,0.8499775659248071,0.008214161517157259,0.9999831319824866,1.686801751343836e-05,415,85,0,0,
27,1,500,ZX_split,0.8581917274419644,0.7626748025558072,0.09551692488615715,0.9977208628615538,0.0022791371384461856,215,35,211,39,
27,1,500,RL_adaptive,0.8581917274419644,0.9823314024295977,0.12413967498763334,0.9961522804077911,0.0038477195922088647,416,83,1,0,0.9961522804077911
27,2,10,Z_only,0.8581917274419644,0.6435011087932843,0.2146906186486801,0.9885211765824706,0.011478823417529371,9,1,0,0,
27,2,10,ZX_split,0.8581917274419644,1.0303768265243125,0.17218509908234814,0.9926063670469439,0.007393632953056062,4,1,5,0,
27,2,10,RL_adaptive,0.8581917274419644,1.6814535479687922,0.8232618205268278,0.8399163579035832,0.1600836420964168,4,5,1,0,0.8399163579035832
27,2,25,Z_only,0.8581917274419644,0.9272952180016121,0.0691034905596477,0.9988066518937042,0.0011933481062957885,20,5,0,0,
27,2,25,ZX_split,0.8581917274419644,0.7022569315090071,0.15593479593295723,0.9939333926113234,0.0060666073886765925,12,0,12,1,
27,2,25,RL_adaptive,0.8581917274419644,0.6947382761967031,0.16345345124526123,0.993335599909564,0.006664400090436007,1,0,22,2,0.993335599909564
27,2,50,Z_only,0.8581917274419644,0.6435011087932843,0.2146906186486801,0.9885211765824706,0.011478823417529371,45,5,0,0,
27,2,50,ZX_split,0.8581917274419644,0.9179496956941223,0.059757968252157956,0.9991075119456904,0.000892488054309637,19,6,21,4,
27,2,50,RL_adaptive,0.8581917274419644,1.0990188156141467,0.24082708817218235,0.9855705208048561,0.014429479195143924,37,12,1,0,0.9855705208048561
27,2,100,Z_only,0.8581917274419644,0.9272952180016121,0.0691034905596477,0.9988066518937042,0.0011933481062957885,80,20,0,0,
27,2,100,ZX_split,0.8581917274419644,0.8139618212362083,0.044229906205756064,0.9995110085742553,0.0004889914257446559,42,8,43,7,
27,2,100,RL_adaptive,0.8581917274419644,1.0185779640442647,0.16038623660230034,0.9935828376088514,0.006417162391148645,80,19,1,0,0.9935828376088514
27,2,250,Z_only,0.8581917274419644,0.8762980611683407,0.018106333726376378,0.9999180424088605,8.195759113949208e-05,205,45,0,0,
27,2,250,ZX_split,0.8581917274419644,0.8434723229604023,0.01471940448156206,0.9999458357608768,5.4164239123188906e-05,103,22,108,17,
27,2,250,RL_adaptive,0.8581917274419644,0.6693302719545756,0.18886145548738875,0.9911093114257102,0.008890688574289762,1,0,223,26,0.9911093114257102
27,2,500,Z_only,0.8581917274419644,0.8866650720286425,0.028473344586678162,0.9997973308550864,0.0002026691449136253,408,92,0,0,
27,2,500,ZX_split,0.8581917274419644,0.9009038314279522,0.04271210398598779,0.9995439883756694,0.00045601162433062115,205,45,226,24,
27,2,500,RL_adaptive,0.8581917274419644,1.00484552115361,0.14665379371164566,0.9946327960720125,0.005367203927987507,408,91,1,0,0.9946327960720125
27,3,10,Z_only,0.8581917274419644,0.6435011087932843,0.2146906186486801,0.9885211765824706,0.011478823417529371,9,1,0,0,
27,3,10,ZX_split,0.8581917274419644,0.7853981633974483,0.07279356404451609,0.9986758591212079,0.0013241408787920683,5,0,5,0,
27,3,10,RL_adaptive,0.8581917274419644,0.9097531579442099,0.05156143050224549,0.9993355019592072,0.0006644980407928269,8,1,1,0,0.9993355019592072
27,3,25,Z_only,0.8581917274419644,1.0239453760989525,0.16575364865698816,0.9931471433366829,0.006852856663317142,19,6,0,0,
27,3,25,ZX_split,0.8581917274419644,0.804263849419119,0.05392787802284538,0.9992731221784179,0.0007268778215820948,10,2,11,2,
27,3,25,RL_adaptive,0.8581917274419644,0.7419472680059175,0.11624445943604689,0.9966256087635417,0.0033743912364583295,1,0,23,1,0.9966256087635417
27,3,50,Z_only,0.8581917274419644,0.8230336921349761,0.035158035306988245,0.9996910099685302,0.0003089900314697802,42,8,0,0,
27,3,50,ZX_split,0.8581917274419644,0.9025069079643125,0.044315180522348174,0.9995091215354082,0.0004908784645918374,20,5,22,3,
27,3,50,RL_adaptive,0.8581917274419644,1.0364008500404829,0.1782091225985185,0.9920813674610314,0.007918632538968629,39,10,1,0,0.9920813674610314
27,3,100,Z_only,0.8581917274419644,0.7669940078618667,0.0911977195800977,0.9979221846882416,0.0020778153117584353,86,14,0,0,
27,3,100,ZX_split,0.8581917274419644,0.9272952180016122,0.06910349055964782,0.998806651893704,0.0011933481062960105,40,10,45,5,
27,3,100,RL_adaptive,0.8581917274419644,1.0185779640442647,0.16038623660230034,0.9935828376088514,0.006417162391148645,80,19,1,0,0.9935828376088514
27,3,250,Z_only,0.8581917274419644,0.8866650720286425,0.028473344586678162,0.9997973308550864,0.0002026691449136253,204,46,0,0,
27,3,250,ZX_split,0.8581917274419644,0.8313428192055681,0.026848908236396296,0.9998197948573001,0.0001802051426998963,104,21,108,17,
27,3,250,RL_adaptive,0.8581917274419644,0.6742509863587898,0.1839407410831746,0.9915652730789962,0.008434726921003777,1,0,224,25,0.9915652730789962
27,3,500,Z_only,0.8581917274419644,0.9071415449281128,0.04894981748614846,0.999401098441248,0.0005989015587519742,404,96,0,0,
27,3,500,ZX_split,0.8581917274419644,0.8066715494215095,0.05152017802045483,0.9993365645816381,0.0006634354183618907,217,33,221,29,
27,3,500,RL_adaptive,0.8581917274419644,0.9935059357446722,0.1353142083027078,0.9954294964488872,0.00457050355111277,412,87,1,0,0.9954294964488872
27,4,10,Z_only,0.8581917274419644,0.6435011087932843,0.2146906186486801,0.9885211765824706,0.011478823417529371,9,1,0,0,
27,4,10,ZX_split,0.8581917274419644,1.2490457723982544,0.39085404495629006,0.9622920122937159,0.03770798770628414,3,2,4,1,
27,4,10,RL_adaptive,0.8581917274419644,0.9097531579442099,0.05156143050224549,0.9993355019592072,0.0006644980407928269,8,1,1,0,0.9993355019592072
27,4,25,Z_only,0.8581917274419644,0.8230336921349761,0.035158035306988245,0.9996910099685302,0.0003089900314697802,21,4,0,0,
27,4,25,ZX_split,0.8581917274419644,0.8224182792713784,0.03577344817058592,0.9996800992194875,0.00031990078051247206,9,3,10,3,
27,4,25,RL_adaptive,0.8581917274419644,0.7853981633974483,0.07279356404451609,0.9986758591212079,0.0013241408787920683,1,0,24,0,0.9986758591212079
27,4,50,Z_only,0.8581917274419644,0.8762980611683407,0.018106333726376378,0.9999180424088605,8.195759113949208e-05,41,9,0,0,
27,4,50,ZX_split,0.8581917274419644,0.9179496956941223,0.059757968252157956,0.9991075119456904,0.000892488054309637,19,6,21,4,
27,4,50,RL_adaptive,0.8581917274419644,0.9780989220598338,0.11990719461786947,0.9964098707577715,0.003590129242228457,41,8,1,0,0.9964098707577715
27,4,100,Z_only,0.8581917274419644,0.7953988301841436,0.06279289725782078,0.9990145868633942,0.0009854131366058283,85,15,0,0,
27,4,100,ZX_split,0.8581917274419644,0.8621700546672264,0.003978327225262035,0.9999960432333408,3.956766659207744e-06,43,7,46,4,
27,4,100,RL_adaptive,0.8581917274419644,0.9898193687745949,0.1316276413326305,0.9956747912443119,0.0043252087556880925,82,17,1,0,0.9956747912443119
27,4,250,Z_only,0.8581917274419644,0.9172572645571739,0.059065537115209565,0.9991280691203905,0.0008719308796094616,201,49,0,0,
27,4,250,ZX_split,0.8581917274419644,0.8712084280939506,0.013016700651986235,0.999957641974115,4.2358025885036454e-05,105,20,113,12,
27,4,250,RL_adaptive,0.8581917274419644,2.5026047314326214,1.644413003990657,0.46322489900579944,0.5367751009942006,0,1,217,32,0.46322489900579944
27,4,500,Z_only,0.8581917274419644,0.8338901460262788,0.024301581415685614,0.9998523655510565,0.00014763444894350108,418,82,0,0,
27,4,500,ZX_split,0.8581917274419644,0.7149268188186526,0.14326490862331176,0.9948775619205873,0.005122438079412706,216,34,204,46,
27,4,500,RL_adaptive,0.8581917274419644,1.025088979217699,0.16689725177573456,0.9930524760845227,0.0069475239154772606,401,98,1,0,0.9930524760845227
28,0,10,Z_only,5.099519365842146,1.369438406004566,2.553104347342006,0.08410961158898576,0.9158903884110142,6,4,0,0,
28,0,10,ZX_split,5.099519365842146,5.497787143782138,0.39826777793999213,0.9608670854221477,0.039132914577852285,5,0,0,5,
28,0,10,RL_adaptive,5.099519365842146,5.034139534781332,0.06537983106081402,0.9989317500254851,0.0010682499745149343,6,3,0,1,0.9989317500254851
28,0,25,Z_only,5.099519365842146,1.4505064444001083,2.634172385737549,0.06299951563854309,0.9370004843614569,14,11,0,0,
28,0,25,ZX_split,5.099519365842146,5.407127256581393,0.30760789073924677,0.9765302890325627,0.02346971096743733,11,1,0,13,
28,0,25,RL_adaptive,5.099519365842146,5.497787143782138,0.39826777793999213,0.9608670854221477,0.039132914577852285,1,0,0,24,0.9608670854221477
28,0,50,Z_only,5.099519365842146,0.9272952180016121,2.1109611593390527,0.24286131851395545,0.7571386814860446,40,10,0,0,
28,0,50,ZX_split,5.099519365842146,4.926449663948511,0.1730697018936347,0.9925303923672749,0.007469607632725084,15,10,1,24,
28,0,50,RL_adaptive,5.099519365842146,5.082295047841248,0.017224318000898187,0.9999258325510268,7.416744897315031e-05,34,15,0,1,0.9999258325510268
28,0,100,Z_only,5.099519365842146,1.0471975511965976,2.230863492534038,0.19341504449870955,0.8065849555012905,75,25,0,0,
28,0,100,ZX_split,5.099519365842146,5.2268402934437175,0.12732092760157165,0.995952817061173,0.004047182938826999,38,12,2,48,
28,0,100,RL_adaptive,5.099519365842146,5.155631258698958,0.05611189285681206,0.9992130703760947,0.0007869296239052526,73,26,0,1,0.9992130703760947
28,0,250,Z_only,5.099519365842146,1.1939391646257345,2.377605105963175,0.13895842584266552,0.8610415741573345,171,79,0,0,
28,0,250,ZX_split,5.099519365842146,5.139016473511566,0.03949710766941994,0.9996100453201995,0.00038995467980051934,90,35,2,123,
28,0,250,RL_adaptive,5.099519365842146,5.535269580473799,0.4357502146316534,0.9532768194383828,0.04672318056161717,1,0,9,240,0.9532768194383828
28,0,500,Z_only,5.099519365842146,1.1329388914046705,2.3166048327421107,0.1607170441285807,0.8392829558714193,356,144,0,0,
28,0,500,ZX_split,5.099519365842146,5.073919533252359,0.02559983258978704,0.9998361710902629,0.00016382890973709596,170,80,6,244,
28,0,500,RL_adaptive,5.099519365842146,5.046115010177012,0.05340435566513424,0.9992871631422171,0.0007128368577828947,336,163,0,1,0.9992871631422171
28,1,10,Z_only,5.099519365842146,0.6435011087932843,1.8271670501307247,0.3732142150450276,0.6267857849549724,9,1,0,0,
28,1,10,ZX_split,5.099519365842146,4.90978454023457,0.1897348256075757,0.9910271405666962,0.008972859433303837,3,2,0,5,
28,1,10,RL_adaptive,5.099519365842146,4.601731759210794,0.497787606631352,0.9393205455817456,0.0606794544182544,4,5,0,1,0.9393205455817456
28,1,25,Z_only,5.099519365842146,1.2025284333582564,2.386194374695697,0.13600072529230736,0.8639992747076927,17,8,0,0,
28,1,25,ZX_split,5.099519365842146,5.176036589385496,0.07651722354335,0.9985369926460289,0.0014630073539710908,9,3,0,13,
28,1,25,RL_adaptive,5.099519365842146,5.541238039173669,0.4417186733315228,0.9520091382681513,0.047990861731848744,1,0,1,23,0.9520091382681513
28,1,50,Z_only,5.099519365842146,1.2870022175865687,2.470668158924009,0.10837638361615547,0.8916236163838446,32,18,0,0,
28,1,50,ZX_split,5.099519365842146,5.154763203361434,0.05524383751928852,0.9992372236255722,0.0007627763744277871,17,8,3,22,
28,1,50,RL_adaptive,5.099519365842146,4.8940378103847015,0.2054815554574443,0.9894814210632457,0.010518578936754341,29,20,0,1,0.9894814210632457
28,1,100,Z_only,5.099519365842146,0.9764105267938343,2.1600764681312743,0.22211864051726068,0.7778813594827393,78,22,0,0,
28,1,100,ZX_split,5.099519365842146,4.9461321612535905,0.15338720458855537,0.9941296146097363,0.005870385390263744,30,20,4,46,
28,1,100,RL_adaptive,5.099519365842146,5.139016473511566,0.03949710766941994,0.9996100453201995,0.00038995467980051934,72,27,0,1,0.9996100453201995
28,1,250,Z_only,5.099519365842146,1.1766717812442722,2.3603377225817126,0.14498479434912076,0.8550152056508793,173,77,0,0,
28,1,250,ZX_split,5.099519365842146,5.050267168624968,0.04925219721717777,0.9993936778491458,0.0006063221508542105,82,43,7,118,
28,1,250,RL_adaptive,5.099519365842146,5.552816275675795,0.45329690983364923,0.9495040845259473,0.050495915474052744,1,0,13,236,0.9495040845259473
28,1,500,Z_only,5.099519365842146,1.2025284333582564,2.386194374695697,0.13600072529230736,0.8639992747076927,340,160,0,0,
28,1,500,ZX_split,5.099519365842146,5.102996024082376,0.003476658240230357,0.9999969782149138,3.0217850861546935e-06,174,76,6,244,
28,1,500,RL_adaptive,5.099519365842146,5.060355219938242,0.0391641459039036,0.9996165914296371,0.00038340857036289755,340,159,0,1,0.9996165914296371
28,2,10,Z_only,5.099519365842146,1.1592794807274087,2.342945422064849,0.1511617558620563,0.8488382441379437,7,3,0,0,
28,2,10,ZX_split,5.099519365842146,5.252808480655274,0.1532891148131279,0.9941371056262971,0.005862894373702909,4,1,0,5,
28,2,10,RL_adaptive,5.099519365842146,5.2194874847770265,0.11996811893488069,0.9964062259509976,0.0035937740490024073,7,2,0,1,0.9964062259509976
28,2,25,Z_only,5.099519365842146,1.2025284333582564,2.386194374695697,0.13600072529230736,0.8639992747076927,17,8,0,0,
28,2,25,ZX_split,5.099519365842146,4.877537657799317,0.22198170804282924,0.9877315329795183,0.012268467020481677,7,5,0,13,
28,2,25,RL_adaptive,5.099519365842146,5.497787143782138,0.39826777793999213,0.9608670854221477,0.039132914577852285,1,0,0,24,0.9608670854221477
28,2,50,Z_only,5.099519365842146,1.1592794807274087,2.342945422064849,0.1511617558620563,0.8488382441379437,35,15,0,0,
28,2,50,ZX_split,5.099519365842146,5.290290917346935,0.1907715515047892,0.9909291142388162,0.009070885761183756,20,5,1,24,
28,2,50,RL_adaptive,5.099519365842146,5.117280766669773,0.017761400827627227,0.9999211352334643,7.88647665357356e-05,35,14,0,1,0.9999211352334643
28,2,100,Z_only,5.099519365842146,1.181000030320636,2.3646659716580762,0.14346421071581042,0.8565357892841896,69,31,0,0,
28,2,100,ZX_split,5.099519365842146,4.957367643511554,0.14215172233059192,0.9949567230521927,0.0050432769478072625,31,19,1,49,
28,2,100,RL_adaptive,5.099519365842146,4.882447601976746,0.21707176386540006,0.988266146169673,0.01173385383032699,58,41,0,1,0.988266146169673
28,2,250,Z_only,5.099519365842146,1.1592794807274087,2.342945422064849,0.1511617558620563,0.8488382441379437,175,75,0,0,
28,2,250,ZX_split,5.099519365842146,4.998440422102008,0.10107894374013782,0.9974479357535551,0.0025520642464449406,80,45,3,122,
28,2,250,RL_adaptive,5.099519365842146,5.543972763441015,0.4444533975988696,0.9514229099284971,0.048577090071502904,1,0,11,238,0.9514229099284971
28,2,500,Z_only,5.099519365842146,1.266103672779499,2.4497696141169394,0.11495784918825662,0.8850421508117434,325,175,0,0,
28,2,500,ZX_split,5.099519365842146,5.206848752575613,0.10732938673346748,0.9971228642311873,0.0028771357688126553,187,63,10,240,
28,2,500,RL_adaptive,5.099519365842146,5.135992594007335,0.03647322816518894,0.9996674627736769,0.000332537226323093,362,137,0,1,0.9996674627736769
28,3,10,Z_only,5.099519365842146,1.5707963267948966,2.754462268132337,0.037001877800527744,0.9629981221994722,5,5,0,0,
28,3,10,ZX_split,5.099519365842146,3.9269908169872414,1.1725285488549044,0.6939111383456216,0.30608886165437843,0,5,0,5,
28,3,10,RL_adaptive,5.099519365842146,5.2194874847770265,0.11996811893488069,0.9964062259509976,0.0035937740490024073,7,2,0,1,0.9964062259509976
28,3,25,Z_only,5.099519365842146,1.2870022175865687,2.470668158924009,0.10837638361615547,0.8916236163838446,16,9,0,0,
28,3,25,ZX_split,5.099519365842146,5.337874020623919,0.23835465478177298,0.985863881385764,0.014136118614236026,9,3,2,11,
28,3,25,RL_adaptive,5.099519365842146,5.588447030982883,0.4889276651407375,0.941418509880413,0.05858149011958702,1,0,2,22,0.941418509880413
28,3,50,Z_only,5.099519365842146,1.3284304757559333,2.5120964170933737,0.09583790230134505,0.904162097698655,31,19,0,0,
28,3,50,ZX_split,5.099519365842146,5.365235611485464,0.2657162456433184,0.9824523309875614,0.01754766901243865,19,6,4,21,
28,3,50,RL_adaptive,5.099519365842146,5.151248279348196,0.051728913506050134,0.9993311790372409,0.0006688209627591091,36,13,0,1,0.9993311790372409
28,3,100,Z_only,5.099519365842146,1.2870022175865687,2.470668158924009,0.10837638361615547,0.8916236163838446,64,36,0,0,
28,3,100,ZX_split,5.099519365842146,5.100707698557156,0.0011883327150101763,0.9999996469663809,3.530336191159833e-07,34,16,3,47,
28,3,100,RL_adaptive,5.099519365842146,5.1719880285094675,0.07246866266732166,0.9986876477244575,0.0013123522755424943,74,25,0,1,0.9986876477244575
28,3,250,Z_only,5.099519365842146,1.1853205968501042,2.368986538187545,0.14195298753388852,0.8580470124661115,172,78,0,0,
28,3,250,ZX_split,5.099519365842146,4.974508821650162,0.12501054419198354,0.9960981762899241,0.003901823710075858,79,46,1,124,
28,3,250,RL_adaptive,5.099519365842146,3.867486678122847,1.2320326877192986,0.6661606262629001,0.33383937373709993,0,1,14,235,0.6661606262629001
28,3,500,Z_only,5.099519365842146,1.2068123703133027,2.3904783116507433,0.13453558195837179,0.8654644180416282,339,161,0,0,
28,3,500,ZX_split,5.099519365842146,5.149016140198231,0.04949677435608546,0.9993876423668806,0.0006123576331193981,181,69,5,245,
28,3,500,RL_adaptive,5.099519365842146,5.07795034583422,0.021569020007925488,0.9998836988529063,0.00011630114709371142,345,154,0,1,0.9998836988529063
28,4,10,Z_only,5.099519365842146,0.6435011087932843,1.8271670501307247,0.3732142150450276,0.6267857849549724,9,1,0,0,
28,4,10,ZX_split,5.099519365842146,4.514993420534809,0.5845259453073366,0.9169868824532754,0.08301311754672458,2,3,0,5,
28,4,10,RL_adaptive,5.099519365842146,5.2194874847770265,0.11996811893488069,0.9964062259509976,0.0035937740490024073,7,2,0,1,0.9964062259509976
28,4,25,Z_only,5.099519365842146,0.9272952180016121,2.1109611593390527,0.24286131851395545,0.7571386814860446,20,5,0,0,
28,4,25,ZX_split,5.099519365842146,5.246097172023951,0.1465778061818055,0.994638346622313,0.0053616533776870146,9,3,1,12,
28,4,25,RL_adaptive,5.099519365842146,5.755110858753227,0.6555914929110811,0.8963437380095591,0.10365626199044087,1,0,5,19,0.8963437380095591
28,4,50,Z_only,5.099519365842146,1.1151976533990733,2.2988635947365137,0.16728591604296228,0.8327140839570377,36,14,0,0,
28,4,50,ZX_split,5.099519365842146,4.842091517540602,0.2574278483015435,0.9835240153922522,0.016475984607747796,14,11,1,24,
28,4,50,RL_adaptive,5.099519365842146,1.200890259338339,2.3845562006757794,0.1365627620403091,0.8634372379596909,34,15,1,0,0.1365627620403091
28,4,100,Z_only,5.099519365842146,1.0003592173949747,2.184025158732415,0.21224451248567694,0.7877554875143231,77,23,0,0,
28,4,100,ZX_split,5.099519365842146,5.071159650655262,0.02835971518688396,0.9997989451144302,0.00020105488556976248,34,16,1,49,
28,4,100,RL_adaptive,5.099519365842146,5.2194874847770265,0.11996811893488069,0.9964062259509976,0.0035937740490024073,77,22,0,1,0.9964062259509976
28,4,250,Z_only,5.099519365842146,1.1592794807274087,2.342945422064849,0.1511617558620563,0.8488382441379437,175,75,0,0,
28,4,250,ZX_split,5.099519365842146,5.023668713276635,0.07585065256551093,0.9985623590921986,0.0014376409078014074,81,44,5,120,
28,4,250,RL_adaptive,5.099519365842146,3.902304474931642,1.1972148909105038,0.682476088138772,0.31752391186122797,0,1,6,243,0.682476088138772
28,4,500,Z_only,5.099519365842146,1.2281295708067301,2.4117955121441703,0.12734516638924961,0.8726548336107504,334,166,0,0,
28,4,500,ZX_split,5.099519365842146,5.112067049573658,0.012547683731511938,0.9999606394246726,3.936057532738513e-05,174,76,9,241,
28,4,500,RL_adaptive,5.099519365842146,5.0532530969499865,0.046266268892159346,0.9994649535428433,0.0005350464571567404,338,161,0,1,0.9994649535428433
29,0,10,Z_only,3.6065912985784805,3.141592653589793,0.46499864498868737,0.9469110866119345,0.05308891338806554,0,10,0,0,
29,0,10,ZX_split,3.6065912985784805,3.3389882134396736,0.26760308513880693,0.9822037298854467,0.017796270114553314,0,5,2,3,
29,0,10,RL_adaptive,3.6065912985784805,3.9269908169872414,0.3203995184087609,0.974554833598976,0.02544516640102401,0,9,0,1,0.974554833598976
29,0,25,Z_only,3.6065912985784805,3.141592653589793,0.46499864498868737,0.9469110866119345,0.05308891338806554,0,25,0,0,
29,0,25,ZX_split,3.6065912985784805,3.411745853301198,0.19484544527728254,0.9905388026826593,0.009461197317340742,1,11,5,8,
29,0,25,RL_adaptive,3.6065912985784805,3.5363837732895544,0.07020752528892604,0.9987682319315723,0.00123176806842773,0,1,7,17,0.9987682319315723
29,0,50,Z_only,3.6065912985784805,2.7388768120091314,0.8677144865693491,0.8232858728110398,0.17671412718896018,2,48,0,0,
29,0,50,ZX_split,3.6065912985784805,3.3753358344586943,0.23125546411978615,0.9866897050690274,0.013310294930972577,2,23,10,15,
29,0,50,RL_adaptive,3.6065912985784805,3.9478211370234586,0.3412298384449781,0.9711719087127818,0.028828091287218194,1,48,0,1,0.9711719087127818
29,0,100,Z_only,3.6065912985784805,2.7388768120091314,0.8677144865693491,0.8232858728110398,0.17671412718896018,4,96,0,0,
29,0,100,ZX_split,3.6065912985784805,3.7618421395726145,0.155250840994134,0.9939863874168139,0.006013612583186112,4,46,10,40,
29,0,100,RL_adaptive,3.6065912985784805,2.3249546567620767,1.2816366418164038,0.6425734487585596,0.3574265512414404,3,96,1,0,0.6425734487585596
29,0,250,Z_only,3.6065912985784805,2.6637737563375885,0.942817542240892,0.7937551789770353,0.2062448210229647,14,236,0,0,
29,0,250,ZX_split,3.6065912985784805,3.601755956133458,0.0048353424450224836,0.9999941548772482,5.845122751813037e-06,5,120,34,91,
29,0,250,RL_adaptive,3.6065912985784805,3.533814552565231,0.07277674601324957,0.9986764706324491,0.0013235293675508686,0,1,73,176,0.9986764706324491
29,0,500,Z_only,3.6065912985784805,2.65514689495404,0.9514444036244405,0.7902537913929902,0.20974620860700977,29,471,0,0,
29,0,500,ZX_split,3.6065912985784805,3.520572314331096,0.08601898424738463,0.9981513239128976,0.0018486760871023744,12,238,80,170,
29,0,500,RL_adaptive,3.6065912985784805,3.9774742021611624,0.37088290358268194,0.9660038553518928,0.033996144648107185,24,475,0,1,0.9660038553518928
29,1,10,Z_only,3.6065912985784805,3.141592653589793,0.46499864498868737,0.9469110866119345,0.05308891338806554,0,10,0,0,
29,1,10,ZX_split,3.6065912985784805,3.9269908169872414,0.3203995184087609,0.974554833598976,0.02544516640102401,1,4,1,4,
29,1,10,RL_adaptive,3.6065912985784805,4.051345811534002,0.4447545129555217,0.9513581550152321,0.04864184498476787,1,8,0,1,0.9513581550152321
29,1,25,Z_only,3.6065912985784805,3.141592653589793,0.46499864498868737,0.9469110866119345,0.05308891338806554,0,25,0,0,
29,1,25,ZX_split,3.6065912985784805,3.8210064589976414,0.21441516041916087,0.9885505005695466,0.01144949943045337,2,10,3,10,
29,1,25,RL_adaptive,3.6065912985784805,3.6052402625905993,0.0013510359878812217,0.9999995436755095,4.5632449052757096e-07,0,1,6,18,0.9999995436755095
29,1,50,Z_only,3.6065912985784805,2.857798544381465,0.7487927541970154,0.8662556205044922,0.13374437949550777,1,49,0,0,
29,1,50,ZX_split,3.6065912985784805,3.487148234171505,0.11944306440697527,0.9964375769331266,0.003562423066873377,0,25,8,17,
29,1,50,RL_adaptive,3.6065912985784805,2.3353641701561276,1.2712271284223529,0.6475543093684913,0.35244569063150866,1,48,1,0,0.6475543093684913
29,1,100,Z_only,3.6065912985784805,2.7388768120091314,0.8677144865693491,0.8232858728110398,0.17671412718896018,4,96,0,0,
29,1,100,ZX_split,3.6065912985784805,3.695900149791344,0.0893088512128637,0.998007307290333,0.0019926927096669544,4,46,12,38,
29,1,100,RL_adaptive,3.6065912985784805,4.038881083158918,0.43228978458043743,0.9540044116346784,0.04599558836532158,10,89,0,1,0.9540044116346784
29,1,250,Z_only,3.6065912985784805,2.8053468649973605,0.80124443358112,0.8479067340516494,0.1520932659483506,7,243,0,0,
29,1,250,ZX_split,3.6065912985784805,3.679309457738368,0.07271815915988755,0.9986785997754848,0.0013214002245152123,8,117,30,95,
29,1,250,RL_adaptive,3.6065912985784805,3.6507347518674997,0.04414345328901925,0.999512917986443,0.0004870820135569609,0,1,55,194,0.999512917986443
29,1,500,Z_only,3.6065912985784805,2.65514689495404,0.9514444036244405,0.7902537913929902,0.20974620860700977,29,471,0,0,
29,1,500,ZX_split,3.6065912985784805,3.5409351072725004,0.0656561913059801,0.998922703214345,0.0010772967856550464,16,234,79,171,
29,1,500,RL_adaptive,3.6065912985784805,3.9687202317924544,0.3621289332139739,0.9675723675102617,0.032427632489738345,20,479,0,1,0.9675723675102617
29,2,10,Z_only,3.6065912985784805,2.498091544796509,1.1084997537819716,0.7230023921974806,0.27699760780251936,1,9,0,0,
29,2,10,ZX_split,3.6065912985784805,3.9269908169872414,0.3203995184087609,0.974554833598976,0.02544516640102401,0,5,0,5,
29,2,10,RL_adaptive,3.6065912985784805,2.356194490192345,1.2503968083861356,0.6574728862625184,0.34252711373748157,0,9,1,0,0.6574728862625184
29,2,25,Z_only,3.6065912985784805,3.141592653589793,0.46499864498868737,0.9469110866119345,0.05308891338806554,0,25,0,0,
29,2,25,ZX_split,3.6065912985784805,3.8210064589976414,0.21441516041916087,0.9885505005695466,0.01144949943045337,2,10,3,10,
29,2,25,RL_adaptive,3.6065912985784805,3.6696671020161524,0.06307580343767194,0.9990056904805186,0.0009943095194814289,0,1,5,19,0.9990056904805186
29,2,50,Z_only,3.6065912985784805,2.4341094418104503,1.1724818567680302,0.6939326569802261,0.3060673430197739,6,44,0,0,
29,2,50,ZX_split,3.6065912985784805,3.6211119455823892,0.01452064700390876,0.999947288628836,5.271137116402702e-05,0,25,6,19,
29,2,50,RL_adaptive,3.6065912985784805,3.992115980321627,0.3855246817431466,0.9633006280450517,0.03669937195494832,3,46,0,1,0.9633006280450517
29,2,100,Z_only,3.6065912985784805,2.5680795491666966,1.038511749411784,0.7537515848732596,0.24624841512674045,8,92,0,0,
29,2,100,ZX_split,3.6065912985784805,3.622479933785129,0.015888635206648516,0.9999368891455224,6.311085447763265e-05,2,48,13,37,
29,2,100,RL_adaptive,3.6065912985784805,3.991417656412795,0.3848263578343145,0.9634318158012382,0.036568184198761844,6,93,0,1,0.9634318158012382
29,2,250,Z_only,3.6065912985784805,2.681474416207131,0.9251168823713494,0.8008706217913677,0.1991293782086323,13,237,0,0,
29,2,250,ZX_split,3.6065912985784805,3.7506246613835694,0.14403336280508894,0.9948225576583312,0.0051774423416688364,3,122,21,104,
29,2,250,RL_adaptive,3.6065912985784805,3.6195933438644197,0.013002045285939179,0.9999577372999876,4.2262700012396515e-05,0,1,60,189,0.9999577372999876
29,2,500,Z_only,3.6065912985784805,2.6637737563375885,0.942817542240892,0.7937551789770353,0.2062448210229647,28,472,0,0,
29,2,500,ZX_split,3.6065912985784805,3.672514474731096,0.06592317615261534,0.9989139271241587,0.0010860728758412819,16,234,61,189,
29,2,500,RL_adaptive,3.6065912985784805,3.9908696737291014,0.3842783751506209,0.9635346020717658,0.03646539792823422,30,469,0,1,0.9635346020717658
29,3,10,Z_only,3.6065912985784805,3.141592653589793,0.46499864498868737,0.9469110866119345,0.05308891338806554,0,10,0,0,
29,3,10,ZX_split,3.6065912985784805,2.819842099193151,0.7867491993853295,0.853075404714116,0.14692459528588397,1,4,3,2,
29,3,10,RL_adaptive,3.6065912985784805,3.9269908169872414,0.3203995184087609,0.974554833598976,0.02544516640102401,0,9,0,1,0.974554833598976
29,3,25,Z_only,3.6065912985784805,2.4341094418104503,1.1724818567680302,0.6939326569802261,0.3060673430197739,3,22,0,0,
29,3,25,ZX_split,3.6065912985784805,3.797288279831329,0.19069698125284873,0.9909361827491443,0.009063817250855699,3,9,4,9,
29,3,25,RL_adaptive,3.6065912985784805,3.6052402625905993,0.0013510359878812217,0.9999995436755095,4.5632449052757096e-07,0,1,6,18,0.9999995436755095
29,3,50,Z_only,3.6065912985784805,2.6466585272488974,0.9599327713295831,0.7867875289681507,0.21321247103184926,3,47,0,0,
29,3,50,ZX_split,3.6065912985784805,3.7781008693777443,0.17150957079926377,0.9926641256478083,0.00733587435219174,1,24,4,21,
29,3,50,RL_adaptive,3.6065912985784805,3.9695183516070256,0.3629270530285451,0.9674308452892648,0.03256915471073518,2,47,0,1,0.9674308452892648
29,3,100,Z_only,3.6065912985784805,2.7388768120091314,0.8677144865693491,0.8232858728110398,0.17671412718896018,4,96,0,0,
29,3,100,ZX_split,3.6065912985784805,3.6052402625905993,0.0013510359878812217,0.9999995436755095,4.5632449052757096e-07,3,47,14,36,
29,3,100,RL_adaptive,3.6065912985784805,2.3141140827504545,1.292477215828026,0.6373699156862314,0.36263008431376864,4,95,1,0,0.6373699156862314
29,3,250,Z_only,3.6065912985784805,2.6637737563375885,0.942817542240892,0.7937551789770353,0.2062448210229647,14,236,0,0,
29,3,250,ZX_split,3.6065912985784805,3.5876982025331965,0.018893096045283997,0.9999107653848543,8.923461514565023e-05,5,120,35,90,
29,3,250,RL_adaptive,3.6065912985784805,3.5474534318196613,0.05913786675881916,0.9991259329619833,0.0008740670380167348,0,1,71,178,0.9991259329619833
29,3,500,Z_only,3.6065912985784805,2.6725467953247075,0.934044503253773,0.7972934734939274,0.20270652650607257,27,473,0,0,
29,3,500,ZX_split,3.6065912985784805,3.569541149911275,0.03705014866720546,0.9996568608762713,0.0003431391237287418,11,239,73,177,
29,3,500,RL_adaptive,3.6065912985784805,3.9708956388115078,0.36430434023302727,0.9671859251882857,0.03281407481171428,21,478,0,1,0.9671859251882857
29,4,10,Z_only,3.6065912985784805,3.141592653589793,0.46499864498868737,0.9469110866119345,0.05308891338806554,0,10,0,0,
29,4,10,ZX_split,3.6065912985784805,3.682012153860377,0.07542085528189668,0.998578597619718,0.0014214023802819886,0,5,1,4,
29,4,10,RL_adaptive,3.6065912985784805,3.9269908169872414,0.3203995184087609,0.974554833598976,0.02544516640102401,0,9,0,1,0.974554833598976
29,4,25,Z_only,3.6065912985784805,2.7388768120091314,0.8677144865693491,0.8232858728110398,0.17671412718896018,1,24,0,0,
29,4,25,ZX_split,3.6065912985784805,3.368391501643679,0.23819979693480153,0.9858821568477245,0.014117843152275489,0,12,5,8,
29,4,25,RL_adaptive,3.6065912985784805,3.8835399215957103,0.2769486230172298,0.98094711406224,0.01905288593776,0,1,1,23,0.98094711406224
29,4,50,Z_only,3.6065912985784805,2.6466585272488974,0.9599327713295831,0.7867875289681507,0.21321247103184926,3,47,0,0,
29,4,50,ZX_split,3.6065912985784805,3.7387693116824705,0.13217801310399002,0.9956385986105756,0.004361401389424424,0,25,4,21,
29,4,50,RL_adaptive,3.6065912985784805,4.015646698854679,0.4090554002761988,0.9587484699313433,0.04125153006865667,4,45,0,1,0.9587484699313433
29,4,100,Z_only,3.6065912985784805,2.5680795491666966,1.038511749411784,0.7537515848732596,0.24624841512674045,8,92,0,0,
29,4,100,ZX_split,3.6065912985784805,3.5713549326864813,0.03523636589199919,0.999689631744482,0.00031036825551800096,1,49,14,36,
29,4,100,RL_adaptive,3.6065912985784805,2.3141140827504545,1.292477215828026,0.6373699156862314,0.36263008431376864,4,95,1,0,0.6373699156862314
29,4,250,Z_only,3.6065912985784805,2.613957171325011,0.9926341272534693,0.7732428803687902,0.2267571196312098,17,233,0,0,
29,4,250,ZX_split,3.6065912985784805,3.679309457738368,0.07271815915988755,0.9986785997754848,0.0013214002245152123,8,117,30,95,
29,4,250,RL_adaptive,3.6065912985784805,5.830845778353055,2.2242544797745745,0.19603211942282575,0.8039678805771743,1,0,64,185,0.19603211942282575
29,4,500,Z_only,3.6065912985784805,2.613957171325011,0.9926341272534693,0.7732428803687902,0.2267571196312098,34,466,0,0,
29,4,500,ZX_split,3.6065912985784805,3.585040990009531,0.02155030856894946,0.9998839005434521,0.00011609945654789122,5,245,68,182,
29,4,500,RL_adaptive,3.6065912985784805,3.98190384220618,0.3753125436276994,0.9651965501607906,0.034803449839209355,26,473,0,1,0.9651965501607906
30,0,10,Z_only,5.632434297020006,0.9272952180016121,1.5780462281611927,0.4963750810719828,0.5036249189280172,8,2,0,0,
30,0,10,ZX_split,5.632434297020006,4.90978454023457,0.7226497567854357,0.8750279414424604,0.12497205855753957,3,2,0,5,
30,0,10,RL_adaptive,5.632434297020006,5.497787143782138,0.1346471532378679,0.9954743796374967,0.004525620362503258,9,0,0,1,0.9954743796374967
30,0,25,Z_only,5.632434297020006,0.8230336921349761,1.473784702294557,0.5484297646138366,0.45157023538616337,21,4,0,0,
30,0,25,ZX_split,5.632434297020006,5.677640643574616,0.0452063465546102,0.9994891835593117,0.0005108164406882887,12,0,2,11,
30,0,25,RL_adaptive,5.632434297020006,5.755110858753227,0.12267656173322106,0.9962423314467926,0.0037576685532073606,1,0,5,19,0.9962423314467926
30,0,50,Z_only,5.632434297020006,0.6435011087932843,1.2942521189528646,0.6365163985703314,0.3634836014296686,45,5,0,0,
30,0,50,ZX_split,5.632434297020006,5.497787143782138,0.1346471532378679,0.9954743796374967,0.004525620362503258,24,1,1,24,
30,0,50,RL_adaptive,5.632434297020006,5.455259609162353,0.17717468785765256,0.9921727899170247,0.007827210082975267,47,2,0,1,0.9921727899170247
30,0,100,Z_only,5.632434297020006,0.6435011087932843,1.2942521189528646,0.6365163985703314,0.3634836014296686,90,10,0,0,
30,0,100,ZX_split,5.632434297020006,5.662935821196765,0.030501524176759,0.9997674322872072,0.0002325677127927861,46,4,10,40,
30,0,100,RL_adaptive,5.632434297020006,5.410100488652637,0.2223338083673685,0.9876927429911319,0.012307257008868144,91,8,0,1,0.9876927429911319
30,0,250,Z_only,5.632434297020006,0.656718364748704,1.3074693749082842,0.6301471280806085,0.36985287191939153,224,26,0,0,
30,0,250,ZX_split,5.632434297020006,5.486159760825754,0.14627453619425168,0.9946604706965864,0.005339529303413637,105,20,19,106,
30,0,250,RL_adaptive,5.632434297020006,5.7206249034423875,0.08819060642238163,0.9980568641330057,0.00194313586699435,1,0,46,203,0.9980568641330057
30,0,500,Z_only,5.632434297020006,0.6824973172759718,1.3332483274355518,0.6176600964534343,0.38233990354656566,444,56,0,0,
30,0,500,ZX_split,5.632434297020006,5.6601860572748635,0.027751760254857594,0.9998074723075954,0.00019252769240463152,228,22,51,199,
30,0,500,RL_adaptive,5.632434297020006,5.394177193546957,0.23825710347304874,0.9858753952068496,0.014124604793150364,452,47,0,1,0.9858753952068496
30,1,10,Z_only,5.632434297020006,0.6435011087932843,1.2942521189528646,0.6365163985703314,0.3634836014296686,9,1,0,0,
30,1,10,ZX_split,5.632434297020006,5.742765806909002,0.11033150988899632,0.9969598253738722,0.003040174626127823,5,0,1,4,
30,1,10,RL_adaptive,5.632434297020006,5.497787143782138,0.1346471532378679,0.9954743796374967,0.004525620362503258,9,0,0,1,0.9954743796374967
30,1,25,Z_only,5.632434297020006,0.40271584158066176,1.0534668517402421,0.7472804180155822,0.2527195819844178,24,1,0,0,
30,1,25,ZX_split,5.632434297020006,5.677640643574616,0.0452063465546102,0.9994891835593117,0.0005108164406882887,12,0,2,11,
30,1,25,RL_adaptive,5.632434297020006,5.588447030982883,0.04398726603712255,0.9995163580965928,0.000483641903407217,1,0,2,22,0.9995163580965928
30,1,50,Z_only,5.632434297020006,0.5735131044230967,1.2242641145826774,0.6698191034984796,0.3301808965015204,46,4,0,0,
30,1,50,ZX_split,5.632434297020006,5.80067201215711,0.16823771513710373,0.9929406919044066,0.0070593080955934084,23,2,7,18,
30,1,50,RL_adaptive,5.632434297020006,5.359147406647979,0.27328689037202647,0.9814444874185596,0.018555512581440392,43,6,0,1,0.9814444874185596
30,1,100,Z_only,5.632434297020006,0.5355266543143876,1.1862776644739679,0.6875564951261439,0.3124435048738561,93,7,0,0,
30,1,100,ZX_split,5.632434297020006,5.608444364956034,0.02398993206397204,0.9998561276901681,0.00014387230983192723,45,5,9,41,
30,1,100,RL_adaptive,5.632434297020006,5.398118491290976,0.23431580572902977,0.9863367117646816,0.013663288235318372,90,9,0,1,0.9863367117646816
30,1,250,Z_only,5.632434297020006,0.6435011087932843,1.2942521189528646,0.6365163985703314,0.3634836014296686,225,25,0,0,
30,1,250,ZX_split,5.632434297020006,5.677640643574616,0.0452063465546102,0.9994891835593117,0.0005108164406882887,108,17,31,94,
30,1,250,RL_adaptive,5.632434297020006,5.7322028195059485,0.09976852248594259,0.9975136239059241,0.0024863760940758706,1,0,48,201,0.9975136239059241
30,1,500,Z_only,5.632434297020006,0.6697127689535248,1.3204637791131049,0.6238630775741665,0.3761369224258335,446,54,0,0,
30,1,500,ZX_split,5.632434297020006,5.652607549964651,0.020173252944645448,0.999898263416706,0.00010173658329404311,225,25,52,198,
30,1,500,RL_adaptive,5.632434297020006,0.9366588448811081,1.587409855040688,0.4916936179958844,0.5083063820041156,433,66,1,0,0.4916936179958844
30,2,10,Z_only,5.632434297020006,0.0,0.6507510101595804,0.8978145364752698,0.10218546352473024,10,0,0,0,
30,2,10,ZX_split,5.632434297020006,0.7853981633974483,1.4361491735570286,0.5671203331549959,0.4328796668450041,3,2,3,2,
30,2,10,RL_adaptive,5.632434297020006,5.034139534781332,0.5982947622386741,0.9131486320701914,0.08685136792980863,6,3,0,1,0.9131486320701914
30,2,25,Z_only,5.632434297020006,0.5735131044230967,1.2242641145826774,0.6698191034984796,0.3301808965015204,23,2,0,0,
30,2,25,ZX_split,5.632434297020006,5.789243938260005,0.15680964123999885,0.9938652702810347,0.006134729718965337,12,0,3,10,
30,2,25,RL_adaptive,5.632434297020006,5.81953769817878,0.18710340115877422,0.9912735815819429,0.008726418418057102,1,0,6,18,0.9912735815819429
30,2,50,Z_only,5.632434297020006,0.7074832117793429,1.3582342219389236,0.6054825153278621,0.3945174846721379,44,6,0,0,
30,2,50,ZX_split,5.632434297020006,5.633314857767639,0.0008805607476327637,0.999999806153205,1.9384679494915957e-07,25,0,3,22,
30,2,50,RL_adaptive,5.632434297020006,5.384636162191653,0.24779813482835245,0.9847274113435335,0.015272588656466524,44,5,0,1,0.9847274113435335
30,2,100,Z_only,5.632434297020006,0.6093853080307949,1.2601363181903755,0.6528435591524038,0.3471564408475962,91,9,0,0,
30,2,100,ZX_split,5.632434297020006,5.312439193786443,0.3199951032335626,0.9746184792150183,0.02538152078498168,38,12,6,44,
30,2,100,RL_adaptive,5.632434297020006,0.8498250028230018,1.5005760129825818,0.5350813099510747,0.4649186900489253,93,6,1,0,0.5350813099510747
30,2,250,Z_only,5.632434297020006,0.6300466904458402,1.2807977006054205,0.6429754543295223,0.3570245456704777,226,24,0,0,
30,2,250,ZX_split,5.632434297020006,5.52077160122359,0.11166269579641597,0.996886098098738,0.0031139019012620395,107,18,20,105,
30,2,250,RL_adaptive,5.632434297020006,5.6924075026160565,0.05997320559605068,0.9991010731383461,0.000898926861653937,1,0,41,208,0.9991010731383461
30,2,500,Z_only,5.632434297020006,0.7197053260246163,1.3704563361841968,0.5995012663702576,0.4004987336297424,438,62,0,0,
30,2,500,ZX_split,5.632434297020006,5.570285556793566,0.06214874022643979,0.9990346942871143,0.0009653057128856668,221,29,42,208,
30,2,500,RL_adaptive,5.632434297020006,5.374541103590878,0.257893193429128,0.9834647260024647,0.016535273997535294,444,55,0,1,0.9834647260024647
30,3,10,Z_only,5.632434297020006,0.6435011087932843,1.2942521189528646,0.6365163985703314,0.3634836014296686,9,1,0,0,
30,3,10,ZX_split,5.632434297020006,5.497787143782138,0.1346471532378679,0.9954743796374967,0.004525620362503258,5,0,0,5,
30,3,10,RL_adaptive,5.632434297020006,5.497787143782138,0.1346471532378679,0.9954743796374967,0.004525620362503258,9,0,0,1,0.9954743796374967
30,3,25,Z_only,5.632434297020006,0.8230336921349761,1.473784702294557,0.5484297646138366,0.45157023538616337,21,4,0,0,
30,3,25,ZX_split,5.632434297020006,5.5899621813386,0.04247211568140585,0.9995490976346697,0.0004509023653302968,11,1,2,11,
30,3,25,RL_adaptive,5.632434297020006,5.81953769817878,0.18710340115877422,0.9912735815819429,0.008726418418057102,1,0,6,18,0.9912735815819429
30,3,50,Z_only,5.632434297020006,0.4949341263408958,1.145685136500476,0.7062110389296713,0.2937889610703287,47,3,0,0,
30,3,50,ZX_split,5.632434297020006,5.497787143782138,0.1346471532378679,0.9954743796374967,0.004525620362503258,21,4,4,21,
30,3,50,RL_adaptive,5.632434297020006,5.359147406647979,0.27328689037202647,0.9814444874185596,0.018555512581440392,43,6,0,1,0.9814444874185596
30,3,100,Z_only,5.632434297020006,0.4949341263408958,1.145685136500476,0.7062110389296713,0.2937889610703287,94,6,0,0,
30,3,100,ZX_split,5.632434297020006,5.742765806909002,0.11033150988899632,0.9969598253738722,0.003040174626127823,45,5,13,37,
30,3,100,RL_adaptive,5.632434297020006,5.385896877610461,0.24653741940954443,0.9848816338907453,0.015118366109254655,89,10,0,1,0.9848816338907453
30,3,250,Z_only,5.632434297020006,0.6435011087932843,1.2942521189528646,0.6365163985703314,0.3634836014296686,225,25,0,0,
30,3,250,ZX_split,5.632434297020006,5.580928375670579,0.051505921349426664,0.9993369316215602,0.0006630683784397684,108,17,24,101,
30,3,250,RL_adaptive,5.632434297020006,5.726393001072692,0.09395870405268614,0.9977945637093489,0.002205436290651064,1,0,47,202,0.9977945637093489
30,3,500,Z_only,5.632434297020006,0.6697127689535248,1.3204637791131049,0.6238630775741665,0.3761369224258335,446,54,0,0,
30,3,500,ZX_split,5.632434297020006,5.7043778467703055,0.0719435497502996,0.998706589434284,0.001293410565715969,226,24,59,191,
30,3,500,RL_adaptive,5.632434297020006,5.384435831648934,0.24799846537107229,0.9847028340863081,0.015297165913691901,448,51,0,1,0.9847028340863081
30,4,10,Z_only,5.632434297020006,0.6435011087932843,1.2942521189528646,0.6365163985703314,0.3634836014296686,9,1,0,0,
30,4,10,ZX_split,5.632434297020006,5.497787143782138,0.1346471532378679,0.9954743796374967,0.004525620362503258,5,0,0,5,
30,4,10,RL_adaptive,5.632434297020006,5.2194874847770265,0.41294681224297936,0.9579711078347454,0.04202889216525463,7,2,0,1,0.9579711078347454
30,4,25,Z_only,5.632434297020006,0.8230336921349761,1.473784702294557,0.5484297646138366,0.45157023538616337,21,4,0,0,
30,4,25,ZX_split,5.632434297020006,5.5899621813386,0.04247211568140585,0.9995490976346697,0.0004509023653302968,11,1,2,11,
30,4,25,RL_adaptive,5.632434297020006,5.695182703632018,0.06274840661201253,0.9990159823000213,0.0009840176999786898,1,0,4,20,0.9990159823000213
30,4,50,Z_only,5.632434297020006,0.5735131044230967,1.2242641145826774,0.6698191034984796,0.3301808965015204,46,4,0,0,
30,4,50,ZX_split,5.632434297020006,5.705283370217341,0.07284907319733502,0.9986738397822017,0.0013261602177983,24,1,5,20,
30,4,50,RL_adaptive,5.632434297020006,5.4091312619147,0.2233030351053058,0.9875856534997702,0.012414346500229767,45,4,0,1,0.9875856534997702
30,4,100,Z_only,5.632434297020006,0.5735131044230967,1.2242641145826774,0.6698191034984796,0.3301808965015204,92,8,0,0,
30,4,100,ZX_split,5.632434297020006,5.3003915839322575,0.33204271308774835,0.972689221644931,0.02731077835506901,39,11,4,46,
30,4,100,RL_adaptive,5.632434297020006,5.36072096947195,0.27171332754805544,0.9816562418504382,0.018343758149561795,87,12,0,1,0.9816562418504382
30,4,250,Z_only,5.632434297020006,0.6023613440351829,1.253112354194763,0.6561836318399376,0.34381636816006245,228,22,0,0,
30,4,250,ZX_split,5.632434297020006,5.6886182465034,0.056183949483394,0.9992110485239362,0.0007889514760638372,115,10,27,98,
30,4,250,RL_adaptive,5.632434297020006,5.7498831244502115,0.11744882743020568,0.9965554055927621,0.0034445944072378776,1,0,51,198,0.9965554055927621
30,4,500,Z_only,5.632434297020006,0.656718364748704,1.3074693749082842,0.6301471280806085,0.36985287191939153,448,52,0,0,
30,4,500,ZX_split,5.632434297020006,5.638101921225754,0.0056676242057482895,0.9999919695304618,8.030469538233831e-06,226,24,49,201,
30,4,500,RL_adaptive,5.632434297020006,5.394177193546957,0.23825710347304874,0.9858753952068496,0.014124604793150364,452,47,0,1,0.9858753952068496
31,0,10,Z_only,0.8532563074551566,0.6435011087932843,0.2097551986618723,0.9890409583402487,0.010959041659751256,9,1,0,0,
31,0,10,ZX_split,0.8532563074551566,0.7853981633974483,0.06785814405770829,0.9988492597434077,0.001150740256592342,5,0,5,0,
31,0,10,RL_adaptive,0.8532563074551566,1.2490457723982544,0.39578946494309786,0.9613462420943718,0.038653757905628194,6,3,1,0,0.9613462420943718
31,0,25,Z_only,0.8532563074551566,0.9272952180016121,0.0740389105464555,0.9986301858522196,0.0013698141477803683,20,5,0,0,
31,0,25,ZX_split,0.8532563074551566,0.5736666681681609,0.27958963928699565,0.9805843814448358,0.01941561855516416,11,1,10,3,
31,0,25,RL_adaptive,0.8532563074551566,2.5535900500422257,1.7003337425870693,0.4354122760534442,0.5645877239465558,0,1,20,4,0.4354122760534442
31,0,50,Z_only,0.8532563074551566,0.9764105267938343,0.12315421933867776,0.9962130495743812,0.003786950425618829,39,11,0,0,
31,0,50,ZX_split,0.8532563074551566,0.7853981633974483,0.06785814405770829,0.9988492597434077,0.001150740256592342,22,3,22,3,
31,0,50,RL_adaptive,0.8532563074551566,1.0067126057452396,0.153456298290083,0.9941243351399702,0.005875664860029772,40,9,1,0,0.9941243351399702
31,0,100,Z_only,0.8532563074551566,0.8762980611683407,0.023041753713184177,0.9998672752688222,0.00013272473117775796,82,18,0,0,
31,0,100,ZX_split,0.8532563074551566,0.8139618212362083,0.039294486218948266,0.9996140355046186,0.00038596449538141897,42,8,43,7,
31,0,100,RL_adaptive,0.8532563074551566,1.0040671092713902,0.15081080181623363,0.9943247941156315,0.005675205884368539,81,18,1,0,0.9943247941156315
31,0,250,Z_only,0.8532563074551566,0.855289544997976,0.002033237542819477,0.9999989664866294,1.0335133705519084e-06,207,43,0,0,
31,0,250,ZX_split,0.8532563074551566,0.8902751021276823,0.03701879467252578,0.9996574413328762,0.00034255866712384897,105,20,115,10,
31,0,250,RL_adaptive,0.8532563074551566,0.6337926759591755,0.21946363149598103,0.9880071802214598,0.011992819778540165,1,0,216,33,0.9880071802214598
31,0,500,Z_only,0.8532563074551566,0.7784539401556181,0.07480236729953849,0.9986018035990313,0.0013981964009687209,428,72,0,0,
31,0,500,ZX_split,0.8532563074551566,0.8329812666744317,0.02027504078072484,0.9998972342007976,0.00010276579920243112,205,45,213,37,
31,0,500,RL_adaptive,0.8532563074551566,0.9823314024295977,0.12907509497444114,0.9958406844261246,0.004159315573875388,416,83,1,0,0.9958406844261246
31,1,10,Z_only,0.8532563074551566,0.6435011087932843,0.2097551986618723,0.9890409583402487,0.010959041659751256,9,1,0,0,
31,1,10,ZX_split,0.8532563074551566,1.373400766945016,0.5201444594898593,0.9338736957858017,0.0661263042141983,3,2,5,0,
31,1,10,RL_adaptive,0.8532563074551566,1.0636978224025597,0.21044151494740315,0.988969390619488,0.011030609380512035,7,2,1,0,0.988969390619488
31,1,25,Z_only,0.8532563074551566,1.369438406004566,0.5161820985494093,0.9348549448241739,0.06514505517582614,15,10,0,0,
31,1,25,ZX_split,0.8532563074551566,0.6932231258409866,0.16003318161417002,0.9936109981984435,0.006389001801556549,11,1,11,2,
31,1,25,RL_adaptive,0.8532563074551566,0.39479111969976155,0.458465187755395,0.9483664094281703,0.0516335905718297,1,0,17,7,0.9483664094281703
31,1,50,Z_only,0.8532563074551566,0.7669940078618667,0.0862622995932899,0.998140857198299,0.0018591428017009637,43,7,0,0,
31,1,50,ZX_split,0.8532563074551566,0.9707461133931431,0.11748980593798652,0.9965530042656804,0.0034469957343196134,19,6,22,3,
31,1,50,RL_adaptive,0.8532563074551566,1.0067126057452396,0.153456298290083,0.9941243351399702,0.005875664860029772,40,9,1,0,0.9941243351399702
31,1,100,Z_only,0.8532563074551566,0.9272952180016121,0.0740389105464555,0.9986301858522196,0.0013698141477803683,80,20,0,0,
31,1,100,ZX_split,0.8532563074551566,0.8760580505981933,0.022801743143036735,0.999870025758901,0.00012997424109895128,40,10,43,7,
31,1,100,RL_adaptive,0.8532563074551566,1.0185779640442647,0.16532165658910813,0.9931827357369185,0.006817264263081491,80,19,1,0,0.9931827357369185
31,1,250,Z_only,0.8532563074551566,0.9071415449281128,0.05388523747295626,0.999274270924501,0.0007257290754989487,202,48,0,0,
31,1,250,ZX_split,0.8532563074551566,0.8788749445560379,0.025618637100881303,0.9998359303320103,0.0001640696679896525,106,19,115,10,
31,1,250,RL_adaptive,0.8532563074551566,0.5962973441843293,0.25695896327082723,0.9835836498962844,0.01641635010371556,1,0,209,40,0.9835836498962844
31,1,500,Z_only,0.8532563074551566,0.7953988301841436,0.05785747727101298,0.999163361506447,0.0008366384935529769,425,75,0,0,
31,1,500,ZX_split,0.8532563074551566,0.878154483585592,0.024898176130435434,0.9998450282124244,0.00015497178757561958,203,47,219,31,
31,1,500,RL_adaptive,0.8532563074551566,0.9935059357446722,0.1402496282895156,0.9950905657258385,0.004909434274161462,412,87,1,0,0.9950905657258385
31,2,10,Z_only,0.8532563074551566,0.6435011087932843,0.2097551986618723,0.9890409583402487,0.010959041659751256,9,1,0,0,
31,2,10,ZX_split,0.8532563074551566,1.0303768265243125,0.17712051906915594,0.9921775627976804,0.007822437202319565,4,1,5,0,
31,2,10,RL_adaptive,0.8532563074551566,0.9097531579442099,0.056496850489053285,0.9992022387025401,0.000797761297459898,8,1,1,0,0.9992022387025401
31,2,25,Z_only,0.8532563074551566,0.7074832117793429,0.14577309567581365,0.9946969518542583,0.005303048145741673,22,3,0,0,
31,2,25,ZX_split,0.8532563074551566,1.334551066076459,0.48129475862130244,0.9431981434493372,0.05680185655066283,7,5,11,2,
31,2,25,RL_adaptive,0.8532563074551566,0.4636476090008061,0.3896086984543505,0.9625288786791947,0.03747112132080532,1,0,18,6,0.9625288786791947
31,2,50,Z_only,0.8532563074551566,0.8762980611683407,0.023041753713184177,0.9998672752688222,0.00013272473117775796,41,9,0,0,
31,2,50,ZX_split,0.8532563074551566,0.7853981633974483,0.06785814405770829,0.9988492597434077,0.001150740256592342,24,1,24,1,
31,2,50,RL_adaptive,0.8532563074551566,5.246784457139103,1.8896571574956393,0.3432574915517976,0.6567425084482024,39,10,0,1,0.3432574915517976
31,2,100,Z_only,0.8532563074551566,0.8499775659248071,0.0032787415303494605,0.9999973124659016,2.687534098377853e-06,83,17,0,0,
31,2,100,ZX_split,0.8532563074551566,0.9629943306809362,0.10973802322577964,0.9969924116064938,0.003007588393506233,41,9,48,2,
31,2,100,RL_adaptive,0.8532563074551566,0.9758332788110025,0.12257697135584589,0.9962484223777285,0.003751577622271518,83,16,1,0,0.9962484223777285
31,2,250,Z_only,0.8532563074551566,0.7897822195714551,0.06347408788370146,0.998993098173864,0.001006901826136053,213,37,0,0,
31,2,250,ZX_split,0.8532563074551566,0.7373582305496857,0.11589807690547083,0.996645666184949,0.003354333815051014,117,8,112,13,
31,2,250,RL_adaptive,0.8532563074551566,0.6179663849269251,0.23528992252823144,0.9862233970170832,0.01377660298291683,1,0,213,36,0.9862233970170832
31,2,500,Z_only,0.8532563074551566,0.8120668063852188,0.041189501069937795,0.9995759162129847,0.0004240837870153058,422,78,0,0,
31,2,500,ZX_split,0.8532563074551566,0.8550527371260166,0.0017964296708600225,0.9999991932103265,8.067896735131086e-07,205,45,217,33,
31,2,500,RL_adaptive,0.8532563074551566,5.269726353005309,1.8667152616294338,0.3541905169690562,0.6458094830309438,405,94,0,1,0.3541905169690562
31,3,10,Z_only,0.8532563074551566,1.1592794807274087,0.30602317327225215,0.9767696006936634,0.023230399306336635,7,3,0,0,
31,3,10,ZX_split,0.8532563074551566,0.7853981633974483,0.06785814405770829,0.9988492597434077,0.001150740256592342,5,0,5,0,
31,3,10,RL_adaptive,0.8532563074551566,1.2490457723982544,0.39578946494309786,0.9613462420943718,0.038653757905628194,6,3,1,0,0.9613462420943718
31,3,25,Z_only,0.8532563074551566,1.2025284333582564,0.34927212590309986,0.9698110252085603,0.03018897479143967,17,8,0,0,
31,3,25,ZX_split,0.8532563074551566,0.9453112865556675,0.09205497910051097,0.9978829658393361,0.0021170341606638887,9,3,11,2,
31,3,25,RL_adaptive,0.8532563074551566,0.6947382761967031,0.15851803125845343,0.993731151900904,0.006268848099096003,1,0,22,2,0.993731151900904
31,3,50,Z_only,0.8532563074551566,0.9764105267938343,0.12315421933867776,0.9962130495743812,0.003786950425618829,39,11,0,0,
31,3,50,ZX_split,0.8532563074551566,0.8308214428190253,0.022434864636131313,0.9998741744898968,0.00012582551010320575,23,2,24,1,
31,3,50,RL_adaptive,0.8532563074551566,1.0364008500404829,0.1831445425853263,0.9916379317030922,0.008362068296907776,39,10,1,0,0.9916379317030922
31,3,100,Z_only,0.8532563074551566,0.9272952180016121,0.0740389105464555,0.9986301858522196,0.0013698141477803683,80,20,0,0,
31,3,100,ZX_split,0.8532563074551566,0.9420000403794637,0.08874373292430715,0.9980324292673981,0.0019675707326018976,41,9,47,3,
31,3,100,RL_adaptive,0.8532563074551566,1.0040671092713902,0.15081080181623363,0.9943247941156315,0.005675205884368539,81,18,1,0,0.9943247941156315
31,3,250,Z_only,0.8532563074551566,0.8009846876655522,0.05227161978960437,0.9993170749599944,0.0006829250400055553,212,38,0,0,
31,3,250,ZX_split,0.8532563074551566,1.013087483166104,0.15983117571094752,0.9936270830448325,0.006372916955167507,94,31,113,12,
31,3,250,RL_adaptive,0.8532563074551566,0.6693302719545756,0.18392603550058095,0.9915666178899494,0.008433382110050625,1,0,223,26,0.9915666178899494
31,3,500,Z_only,0.8532563074551566,0.8065404631950343,0.04671584426012232,0.9994545066902829,0.0005454933097170933,423,77,0,0,
31,3,500,ZX_split,0.8532563074551566,0.8367814655360537,0.016474841919102867,0.9999321464306928,6.785356930716357e-05,208,42,217,33,
31,3,500,RL_adaptive,0.8532563074551566,0.9906968594914041,0.1374405520362475,0.9952849529122799,0.004715047087720081,413,86,1,0,0.9952849529122799
31,4,10,Z_only,0.8532563074551566,0.6435011087932843,0.2097551986618723,0.9890409583402487,0.010959041659751256,9,1,0,0,
31,4,10,ZX_split,0.8532563074551566,1.0303768265243125,0.17712051906915594,0.9921775627976804,0.007822437202319565,4,1,5,0,
31,4,10,RL_adaptive,0.8532563074551566,0.7853981633974483,0.06785814405770829,0.9988492597434077,0.001150740256592342,9,0,1,0,0.9988492597434077
31,4,25,Z_only,0.8532563074551566,0.7074832117793429,0.14577309567581365,0.9946969518542583,0.005303048145741673,22,3,0,0,
31,4,25,ZX_split,0.8532563074551566,0.5736666681681609,0.27958963928699565,0.9805843814448358,0.01941561855516416,11,1,10,3,
31,4,25,RL_adaptive,0.8532563074551566,0.6947382761967031,0.15851803125845343,0.993731151900904,0.006268848099096003,1,0,22,2,0.993731151900904
31,4,50,Z_only,0.8532563074551566,0.8230336921349761,0.030222615320180446,0.99977166576176,0.00022833423823998,42,8,0,0,
31,4,50,ZX_split,0.8532563074551566,0.6202494859828215,0.2330068214723351,0.9864882534408407,0.013511746559159321,23,2,20,5,
31,4,50,RL_adaptive,0.8532563074551566,0.9780989220598338,0.12484261460467727,0.9961086384614999,0.0038913615385001155,41,8,1,0,0.9961086384614999
31,4,100,Z_only,0.8532563074551566,0.7074832117793429,0.14577309567581365,0.9946969518542583,0.005303048145741673,88,12,0,0,
31,4,100,ZX_split,0.8532563074551566,0.7853981633974483,0.06785814405770829,0.9988492597434077,0.001150740256592342,44,6,44,6,
31,4,100,RL_adaptive,0.8532563074551566,0.9097531579442099,0.056496850489053285,0.9992022387025401,0.000797761297459898,88,11,1,0,0.9992022387025401
31,4,250,Z_only,0.8532563074551566,0.7197053260246163,0.13355098143054023,0.9955476573605131,0.004452342639486906,219,31,0,0,
31,4,250,ZX_split,0.8532563074551566,0.9548112072870666,0.10155489983191002,0.9974238657802802,0.0025761342197198056,94,31,107,18,
31,4,250,RL_adaptive,0.8532563074551566,0.6593727917850745,0.1938835156700821,0.9906316976742034,0.009368302325796551,1,0,221,28,0.9906316976742034
31,4,500,Z_only,0.8532563074551566,0.912209303095095,0.05895299563993839,0.9991313876886248,0.0008686123113752497,403,97,0,0,
31,4,500,ZX_split,0.8532563074551566,0.9175710512593591,0.06431474380420255,0.9989662598351097,0.0010337401648903288,200,50,223,27,
31,4,500,RL_adaptive,0.8532563074551566,1.00484552115361,0.15158921369845346,0.9942661701444336,0.005733829855566364,408,91,1,0,0.9942661701444336
32,0,10,Z_only,1.5971539418701883,2.2142974355881813,0.6171434937179929,0.9077674322605124,0.09223256773948763,2,8,0,0,
32,0,10,ZX_split,1.5971539418701883,1.0303768265243125,0.5667771153458758,0.9218178857986965,0.0781821142013035,4,1,5,0,
32,0,10,RL_adaptive,1.5971539418701883,1.460139105621001,0.13701483624918742,0.9953140713185309,0.004685928681469109,5,4,1,0,0.9953140713185309
32,0,25,Z_only,1.5971539418701883,2.02639500019072,0.4292410583205315,0.9546409342463639,0.04535906575363613,7,18,0,0,
32,0,25,ZX_split,1.5971539418701883,1.5707963267948966,0.026357615075291774,0.9998263290866789,0.00017367091332110007,6,6,13,0,
32,0,25,RL_adaptive,1.5971539418701883,2.356194490192345,0.7590405483221565,0.8627483319264679,0.13725166807353206,0,1,24,0,0.8627483319264679
32,0,50,Z_only,1.5971539418701883,1.5307856524409076,0.06636828942928075,0.9988992166848227,0.0011007833151772672,26,24,0,0,
32,0,50,ZX_split,1.5971539418701883,1.7681918866447774,0.1710379447745891,0.9927043170531354,0.007295682946864557,10,15,25,0,
32,0,50,RL_adaptive,1.5971539418701883,1.631944489444198,0.03479054757400957,0.9996974349699993,0.000302565030000701,23,26,1,0,0.9996974349699993
32,0,100,Z_only,1.5971539418701883,1.6108070011488855,0.0136530592786972,0.9999533992169788,4.660078302121118e-05,48,52,0,0,
32,0,100,ZX_split,1.5971539418701883,1.373400766945016,0.22375317492517244,0.9875357619547204,0.01246423804527963,30,20,50,0,
32,0,100,RL_adaptive,1.5971539418701883,1.760409942569286,0.16325600069909774,0.9933516555198346,0.00664834448016538,40,59,1,0,0.9933516555198346
32,0,250,Z_only,1.5971539418701883,1.442444199065843,0.15470974280434535,0.994028149544343,0.005971850455656957,141,109,0,0,
32,0,250,ZX_split,1.5971539418701883,1.658570219122117,0.061416277251928664,0.99905730659477,0.0009426934052300107,57,68,125,0,
32,0,250,RL_adaptive,1.5971539418701883,2.356194490192345,0.7590405483221565,0.8627483319264679,0.13725166807353206,0,1,249,0,0.8627483319264679
32,0,500,Z_only,1.5971539418701883,1.6228197900228463,0.025665848152657933,0.9998353250997193,0.00016467490028071463,237,263,0,0,
32,0,500,ZX_split,1.5971539418701883,1.56279649745501,0.034357444415178406,0.9997049205318472,0.0002950794681527702,126,124,250,0,
32,0,500,RL_adaptive,1.5971539418701883,1.5928368452971817,0.004317096573006607,0.9999953406765308,4.659323469158316e-06,244,255,1,0,0.9999953406765308
32,1,10,Z_only,1.5971539418701883,1.369438406004566,0.22771553586562243,0.987092330177926,0.01290766982207403,6,4,0,0,
32,1,10,ZX_split,1.5971539418701883,0.7853981633974483,0.81175577847274,0.8441128414990713,0.1558871585009287,5,0,5,0,
32,1,10,RL_adaptive,1.5971539418701883,1.6814535479687922,0.08429960609860387,0.9982244459632167,0.0017755540367833111,4,5,1,0,0.9982244459632167
32,1,25,Z_only,1.5971539418701883,1.7721542475852272,0.17500030571503888,0.9923632428387057,0.007636757161294305,10,15,0,0,
32,1,25,ZX_split,1.5971539418701883,1.5707963267948966,0.026357615075291774,0.9998263290866789,0.00017367091332110007,6,6,13,0,
32,1,25,RL_adaptive,1.5971539418701883,0.7853981633974483,0.81175577847274,0.8441128414990713,0.1558871585009287,1,0,24,0,0.8441128414990713
32,1,50,Z_only,1.5971539418701883,1.8545904360032244,0.25743649413303604,0.9835229147857576,0.016477085214242404,18,32,0,0,
32,1,50,ZX_split,1.5971539418701883,1.6107750139181867,0.01362107204799834,0.9999536173162012,4.638268379875132e-05,12,13,25,0,
32,1,50,RL_adaptive,1.5971539418701883,1.5096481641455954,0.08750577772459289,0.9980869059387941,0.0019130940612058778,26,23,1,0,0.9980869059387941
32,1,100,Z_only,1.5971539418701883,1.590797660368287,0.006356281501901373,0.999989899455374,1.0100544626023833e-05,49,51,0,0,
32,1,100,ZX_split,1.5971539418701883,1.80634130751576,0.2091873656455716,0.9890999967241365,0.01090000327586349,19,31,50,0,
32,1,100,RL_adaptive,1.5971539418701883,1.6010900867136717,0.003936144843483369,0.9999961266959433,3.873304056711824e-06,48,51,1,0,0.9999961266959433
32,1,250,Z_only,1.5971539418701883,1.4666079310536007,0.13054601081658768,0.9957454821340751,0.0042545178659249006,138,112,0,0,
32,1,250,ZX_split,1.5971539418701883,1.6426722963512315,0.04551835448104313,0.9994821092796362,0.0005178907203637895,58,67,125,0,
32,1,250,RL_adaptive,1.5971539418701883,2.356194490192345,0.7590405483221565,0.8627483319264679,0.13725166807353206,0,1,249,0,0.8627483319264679
32,1,500,Z_only,1.5971539418701883,1.6268256375103805,0.02967169564019212,0.9997799137673377,0.00022008623266234206,236,264,0,0,
32,1,500,ZX_split,1.5971539418701883,1.5707963267948966,0.026357615075291774,0.9998263290866789,0.00017367091332110007,125,125,250,0,
32,1,500,RL_adaptive,1.5971539418701883,1.568792321461589,0.028361620408599242,0.9997989181013719,0.0002010818986281082,250,249,1,0,0.9997989181013719
32,2,10,Z_only,1.5971539418701883,1.369438406004566,0.22771553586562243,0.987092330177926,0.01290766982207403,6,4,0,0,
32,2,10,ZX_split,1.5971539418701883,1.7681918866447774,0.1710379447745891,0.9927043170531354,0.007295682946864557,2,3,5,0,
32,2,10,RL_adaptive,1.5971539418701883,1.0636978224025597,0.5334561194676286,0.9305273686818197,0.06947263131818027,7,2,1,0,0.9305273686818197
32,2,25,Z_only,1.5971539418701883,1.7721542475852272,0.17500030571503888,0.9923632428387057,0.007636757161294305,10,15,0,0,
32,2,25,ZX_split,1.5971539418701883,1.4056476493802699,0.19150629248991846,0.9908593222234079,0.00914067777659211,7,5,13,0,
32,2,25,RL_adaptive,1.5971539418701883,0.7853981633974483,0.81175577847274,0.8441128414990713,0.1558871585009287,1,0,24,0,0.8441128414990713
32,2,50,Z_only,1.5971539418701883,1.4505064444001083,0.14664749747008,0.9946332560929114,0.005366743907088578,28,22,0,0,
32,2,50,ZX_split,1.5971539418701883,1.7681918866447774,0.1710379447745891,0.9927043170531354,0.007295682946864557,10,15,25,0,
32,2,50,RL_adaptive,1.5971539418701883,1.3891474967948847,0.20800644507530364,0.9892222736171435,0.010777726382856456,29,20,1,0,0.9892222736171435
32,2,100,Z_only,1.5971539418701883,1.4907107467612375,0.10644319510895084,0.9971701349685821,0.002829865031417911,54,46,0,0,
32,2,100,ZX_split,1.5971539418701883,1.5707963267948966,0.026357615075291774,0.9998263290866789,0.00017367091332110007,25,25,50,0,
32,2,100,RL_adaptive,1.5971539418701883,1.7408549483869529,0.14370100651676454,0.9948463828530232,0.005153617146976819,41,58,1,0,0.9948463828530232
32,2,250,Z_only,1.5971539418701883,1.6508819068285556,0.05372796495836729,0.999278500032894,0.0007214999671060207,115,135,0,0,
32,2,250,ZX_split,1.5971539418701883,1.658570219122117,0.061416277251928664,0.99905730659477,0.0009426934052300107,57,68,125,0,
32,2,250,RL_adaptive,1.5971539418701883,0.7853981633974483,0.81175577847274,0.8441128414990713,0.1558871585009287,1,0,249,0,0.8441128414990713
32,2,500,Z_only,1.5971539418701883,1.5587960387762325,0.038357903093955814,0.9996322129155182,0.00036778708448181874,253,247,0,0,
32,2,500,ZX_split,1.5971539418701883,1.6426722963512315,0.04551835448104313,0.9994821092796362,0.0005178907203637895,116,134,250,0,
32,2,500,RL_adaptive,1.5971539418701883,1.604851291981526,0.007697350111337764,0.9999851877734504,1.4812226549643093e-05,241,258,1,0,0.9999851877734504
32,3,10,Z_only,1.5971539418701883,1.369438406004566,0.22771553586562243,0.987092330177926,0.01290766982207403,6,4,0,0,
32,3,10,ZX_split,1.5971539418701883,1.7681918866447774,0.1710379447745891,0.9927043170531354,0.007295682946864557,2,3,5,0,
32,3,10,RL_adaptive,1.5971539418701883,2.0778948311872334,0.48074088931704506,0.9433262760546576,0.056673723945342425,2,7,1,0,0.9433262760546576
32,3,25,Z_only,1.5971539418701883,1.5307856524409076,0.06636828942928075,0.9988992166848227,0.0011007833151772672,13,12,0,0,
32,3,25,ZX_split,1.5971539418701883,1.2490457723982544,0.3481081694719339,0.9700098679914617,0.029990132008538284,8,4,13,0,
32,3,25,RL_adaptive,1.5971539418701883,2.356194490192345,0.7590405483221565,0.8627483319264679,0.13725166807353206,0,1,24,0,0.8627483319264679
32,3,50,Z_only,1.5971539418701883,1.4505064444001083,0.14664749747008,0.9946332560929114,0.005366743907088578,28,22,0,0,
32,3,50,ZX_split,1.5971539418701883,1.7681918866447774,0.1710379447745891,0.9927043170531354,0.007295682946864557,10,15,25,0,
32,3,50,RL_adaptive,1.5971539418701883,1.5503909961083586,0.04676294576182971,0.9994534063431695,0.0005465936568305185,25,24,1,0,0.9994534063431695
32,3,100,Z_only,1.5971539418701883,1.731486979746807,0.13433303787661877,0.9954954387209992,0.004504561279000785,42,58,0,0,
32,3,100,ZX_split,1.5971539418701883,1.6107750139181867,0.01362107204799834,0.9999536173162012,4.638268379875132e-05,24,26,50,0,
32,3,100,RL_adaptive,1.5971539418701883,1.500206736976023,0.0969472048941653,0.9976521496372416,0.002347850362758419,53,46,1,0,0.9976521496372416
32,3,250,Z_only,1.5971539418701883,1.5867970095402184,0.010356932329969926,0.9999731837278855,2.6816272114538187e-05,123,127,0,0,
32,3,250,ZX_split,1.5971539418701883,1.6744237867917684,0.07726984492158007,0.9985080852938621,0.0014919147061378535,56,69,125,0,
32,3,250,RL_adaptive,1.5971539418701883,0.7853981633974483,0.81175577847274,0.8441128414990713,0.1558871585009287,1,0,249,0,0.8441128414990713
32,3,500,Z_only,1.5971539418701883,1.6388488414743287,0.04169489960414041,0.9995654467968379,0.00043455320316210244,233,267,0,0,
32,3,500,ZX_split,1.5971539418701883,1.5308176396716064,0.06633630219858189,0.9989002771194033,0.0010997228805966763,130,120,250,0,
32,3,500,RL_adaptive,1.5971539418701883,1.5287369768610575,0.06841696500913086,0.9988302361253484,0.0011697638746516192,260,239,1,0,0.9988302361253484
32,4,10,Z_only,1.5971539418701883,1.5707963267948966,0.026357615075291774,0.9998263290866789,0.00017367091332110007,5,5,0,0,
32,4,10,ZX_split,1.5971539418701883,1.0303768265243125,0.5667771153458758,0.9218178857986965,0.0781821142013035,4,1,5,0,
32,4,10,RL_adaptive,1.5971539418701883,0.7853981633974483,0.81175577847274,0.8441128414990713,0.1558871585009287,9,0,1,0,0.8441128414990713
32,4,25,Z_only,1.5971539418701883,1.2025284333582564,0.3946255085119319,0.9615703035143448,0.038429696485655196,17,8,0,0,
32,4,25,ZX_split,1.5971539418701883,1.1071487177940904,0.4900052240760979,0.9411652000063141,0.058834799993685905,9,3,13,0,
32,4,25,RL_adaptive,1.5971539418701883,2.356194490192345,0.7590405483221565,0.8627483319264679,0.13725166807353206,0,1,24,0,0.8627483319264679
32,4,50,Z_only,1.5971539418701883,1.7721542475852272,0.17500030571503888,0.9923632428387057,0.007636757161294305,20,30,0,0,
32,4,50,ZX_split,1.5971539418701883,1.5308176396716064,0.06633630219858189,0.9989002771194033,0.0010997228805966763,13,12,25,0,
32,4,50,RL_adaptive,1.5971539418701883,1.6724851785579735,0.07533123668778519,0.9985819719699772,0.0014180280300227777,22,27,1,0,0.9985819719699772
32,4,100,Z_only,1.5971539418701883,1.7517827780414443,0.154628836171256,0.9940343815130736,0.0059656184869264495,41,59,0,0,
32,4,100,ZX_split,1.5971539418701883,1.5707963267948966,0.026357615075291774,0.9998263290866789,0.00017367091332110007,25,25,50,0,
32,4,100,RL_adaptive,1.5971539418701883,1.6010900867136717,0.003936144843483369,0.9999961266959433,3.873304056711824e-06,48,51,1,0,0.9999961266959433
32,4,250,Z_only,1.5971539418701883,1.6508819068285556,0.05372796495836729,0.999278500032894,0.0007214999671060207,115,135,0,0,
32,4,250,ZX_split,1.5971539418701883,1.5308176396716064,0.06633630219858189,0.9989002771194033,0.0010997228805966763,65,60,125,0,
32,4,250,RL_adaptive,1.5971539418701883,0.7853981633974483,0.81175577847274,0.8441128414990713,0.1558871585009287,1,0,249,0,0.8441128414990713
32,4,500,Z_only,1.5971539418701883,1.6348400981890903,0.03768615631890193,0.9996449804263993,0.00035501957360073444,234,266,0,0,
32,4,500,ZX_split,1.5971539418701883,1.6823315108687575,0.08517756899856921,0.9981872917986986,0.0018127082013014162,111,139,250,0,
32,4,500,RL_adaptive,1.5971539418701883,1.5647843751789634,0.03236956669122493,0.9997380756593706,0.00026192434062943803,251,248,1,0,0.9997380756593706
33,0,10,Z_only,3.495631513476471,3.141592653589793,0.35403885988667794,0.9689900693583022,0.03100993064169777,0,10,0,0,
33,0,10,ZX_split,3.495631513476471,3.3389882134396736,0.1566433000367975,0.9938782520177051,0.006121747982294923,0,5,2,3,
33,0,10,RL_adaptive,3.495631513476471,4.051345811534002,0.5557142980575311,0.924761914453627,0.07523808554637301,1,8,0,1,0.924761914453627
33,0,25,Z_only,3.495631513476471,3.141592653589793,0.35403885988667794,0.9689900693583022,0.03100993064169777,0,25,0,0,
33,0,25,ZX_split,3.495631513476471,3.368391501643679,0.1272400118327921,0.99595795266704,0.004042047332959986,0,12,5,8,
33,0,25,RL_adaptive,3.495631513476471,3.5363837732895544,0.04075225981308339,0.9995848707868412,0.0004151292131587825,0,1,7,17,0.9995848707868412
33,0,50,Z_only,3.495631513476471,2.6466585272488974,0.8489729862275737,0.830377186505696,0.16962281349430397,3,47,0,0,
33,0,50,ZX_split,3.495631513476471,3.514580375389854,0.018948861913382853,0.9999102378439237,8.976215607625626e-05,1,24,8,17,
33,0,50,RL_adaptive,3.495631513476471,3.9269908169872414,0.43135930351077034,0.954199128076743,0.04580087192325699,0,49,0,1,0.954199128076743
33,0,100,Z_only,3.495631513476471,2.6466585272488974,0.8489729862275737,0.830377186505696,0.16962281349430397,6,94,0,0,
33,0,100,ZX_split,3.495631513476471,3.5876982025331965,0.09206668905672544,0.9978824275862209,0.0021175724137790786,2,48,14,36,
33,0,100,RL_adaptive,3.495631513476471,2.3249546567620767,1.1706768567143944,0.6947641893801931,0.30523581061980687,3,96,1,0,0.6947641893801931
33,0,250,Z_only,3.495631513476471,2.7388768120091314,0.7567547014673397,0.8635339728009223,0.13646602719907774,10,240,0,0,
33,0,250,ZX_split,3.495631513476471,3.4276440953071114,0.0679874181693596,0.9988448727898375,0.001155127210162532,3,122,45,80,
33,0,250,RL_adaptive,3.495631513476471,3.477730704375361,0.017900809101110138,0.999919892397549,8.010760245102944e-05,0,1,81,168,0.999919892397549
33,0,500,Z_only,3.495631513476471,2.8176882777848293,0.6779432356916417,0.8894321761069486,0.11056782389305142,13,487,0,0,
33,0,500,ZX_split,3.495631513476471,3.519122849013331,0.023491335536860003,0.999862045632943,0.0001379543670569916,9,241,79,171,
33,0,500,RL_adaptive,3.495631513476471,2.3101055585297905,1.1855259549466806,0.687904851611376,0.31209514838862396,22,477,1,0,0.687904851611376
33,1,10,Z_only,3.495631513476471,3.141592653589793,0.35403885988667794,0.9689900693583022,0.03100993064169777,0,10,0,0,
33,1,10,ZX_split,3.495631513476471,2.9441970937399127,0.5514344197365584,0.9258869461896859,0.07411305381031408,0,5,3,2,
33,1,10,RL_adaptive,3.495631513476471,3.9269908169872414,0.43135930351077034,0.954199128076743,0.04580087192325699,0,9,0,1,0.954199128076743
33,1,25,Z_only,3.495631513476471,2.7388768120091314,0.7567547014673397,0.8635339728009223,0.13646602719907774,1,24,0,0,
33,1,25,ZX_split,3.495631513476471,3.635534022509374,0.13990250903290313,0.9951147978500329,0.004885202149967127,0,12,3,10,
33,1,25,RL_adaptive,3.495631513476471,2.976443976175166,0.5191875373013048,0.9341112948945731,0.06588870510542688,0,1,14,10,0.9341112948945731
33,1,50,Z_only,3.495631513476471,3.141592653589793,0.35403885988667794,0.9689900693583022,0.03100993064169777,0,50,0,0,
33,1,50,ZX_split,3.495631513476471,3.3389882134396736,0.1566433000367975,0.9938782520177051,0.006121747982294923,0,25,10,15,
33,1,50,RL_adaptive,3.495631513476471,3.9695183516070256,0.47388683813055454,0.9449006311322815,0.05509936886771849,2,47,0,1,0.9449006311322815
33,1,100,Z_only,3.495631513476471,2.9412578112666736,0.5543737022097974,0.9251151484932377,0.07488485150676227,1,99,0,0,
33,1,100,ZX_split,3.495631513476471,3.3214461533822712,0.17418536009419983,0.992434023787505,0.007565976212494996,3,47,21,29,
33,1,100,RL_adaptive,3.495631513476471,3.9269908169872414,0.43135930351077034,0.954199128076743,0.04580087192325699,0,99,0,1,0.954199128076743
33,1,250,Z_only,3.495631513476471,2.7598047993663033,0.7358267141101678,0.8706380580487041,0.1293619419512959,9,241,0,0,
33,1,250,ZX_split,3.495631513476471,3.4231638385459515,0.07246767493051953,0.9986876834828788,0.0013123165171211593,2,123,45,80,
33,1,250,RL_adaptive,3.495631513476471,3.4705546214367615,0.02507689203970953,0.999842795609838,0.00015720439016198018,0,1,82,167,0.999842795609838
33,1,500,Z_only,3.495631513476471,2.7818856540048365,0.7137458594716346,0.8779574417691473,0.12204255823085275,16,484,0,0,
33,1,500,ZX_split,3.495631513476471,3.4582927458773627,0.03733876759910837,0.9996514946014096,0.0003485053985904374,6,244,86,164,
33,1,500,RL_adaptive,3.495631513476471,3.9730797486497957,0.4774482351733247,0.9440851927622542,0.05591480723774578,22,477,0,1,0.9440851927622542
33,2,10,Z_only,3.495631513476471,3.141592653589793,0.35403885988667794,0.9689900693583022,0.03100993064169777,0,10,0,0,
33,2,10,ZX_split,3.495631513476471,2.9441970937399127,0.5514344197365584,0.9258869461896859,0.07411305381031408,0,5,3,2,
33,2,10,RL_adaptive,3.495631513476471,2.356194490192345,1.1394370232841262,0.7090529886280663,0.2909470113719337,0,9,1,0,0.7090529886280663
33,2,25,Z_only,3.495631513476471,2.7388768120091314,0.7567547014673397,0.8635339728009223,0.13646602719907774,1,24,0,0,
33,2,25,ZX_split,3.495631513476471,3.368391501643679,0.1272400118327921,0.99595795266704,0.004042047332959986,0,12,5,8,
33,2,25,RL_adaptive,3.495631513476471,3.058451421701352,0.4371800917751192,0.9529745872959645,0.047025412704035485,0,1,13,11,0.9529745872959645
33,2,50,Z_only,3.495631513476471,2.7388768120091314,0.7567547014673397,0.8635339728009223,0.13646602719907774,2,48,0,0,
33,2,50,ZX_split,3.495631513476471,3.185043548981324,0.31058796449514725,0.976077020818479,0.023922979181520976,1,24,12,13,
33,2,50,RL_adaptive,3.495631513476471,3.9695183516070256,0.47388683813055454,0.9449006311322815,0.05509936886771849,2,47,0,1,0.9449006311322815
33,2,100,Z_only,3.495631513476471,2.5680795491666966,0.9275519643097745,0.7998972915900634,0.2001027084099366,8,92,0,0,
33,2,100,ZX_split,3.495631513476471,3.487148234171505,0.00848327930496584,0.9999820086009564,1.7991399043570944e-05,0,50,16,34,
33,2,100,RL_adaptive,3.495631513476471,2.356194490192345,1.1394370232841262,0.7090529886280663,0.2909470113719337,0,99,1,0,0.7090529886280663
33,2,250,Z_only,3.495631513476471,2.857798544381465,0.637832969095006,0.9016940072599285,0.09830599274007146,5,245,0,0,
33,2,250,ZX_split,3.495631513476471,3.3647060146446943,0.13092549883177673,0.9957207464120857,0.004279253587914256,3,122,49,76,
33,2,250,RL_adaptive,3.495631513476471,3.554213754547873,0.058582241071401864,0.9991422756003883,0.0008577243996117367,0,1,70,179,0.9991422756003883
33,2,500,Z_only,3.495631513476471,2.84384609351452,0.6517854199619513,0.8975010091930311,0.10249899080696889,11,489,0,0,
33,2,500,ZX_split,3.495631513476471,3.491043929177607,0.004587584298863856,0.999994738526803,5.2614731970157536e-06,7,243,82,168,
33,2,500,RL_adaptive,3.495631513476471,2.31663181103241,1.1789997024440613,0.6909247573856508,0.30907524261434915,19,480,1,0,0.6909247573856508
33,3,10,Z_only,3.495631513476471,3.141592653589793,0.35403885988667794,0.9689900693583022,0.03100993064169777,0,10,0,0,
33,3,10,ZX_split,3.495631513476471,2.601173153319209,0.894458360157262,0.8129706584695362,0.1870293415304638,0,5,4,1,
33,3,10,RL_adaptive,3.495631513476471,3.9269908169872414,0.43135930351077034,0.954199128076743,0.04580087192325699,0,9,0,1,0.954199128076743
33,3,25,Z_only,3.495631513476471,2.7388768120091314,0.7567547014673397,0.8635339728009223,0.13646602719907774,1,24,0,0,
33,3,25,ZX_split,3.495631513476471,3.4748369547014657,0.020794558775005356,0.999891900476732,0.00010809952326795713,2,10,5,8,
33,3,25,RL_adaptive,3.495631513476471,3.3865713167166573,0.10906019675981371,0.997029414499192,0.0029705855008079762,0,1,9,15,0.997029414499192
33,3,50,Z_only,3.495631513476471,2.7388768120091314,0.7567547014673397,0.8635339728009223,0.13646602719907774,2,48,0,0,
33,3,50,ZX_split,3.495631513476471,3.5464844398748765,0.05085292639840544,0.9993536342800888,0.0006463657199111683,2,23,8,17,
33,3,50,RL_adaptive,3.495631513476471,3.9478211370234586,0.45218962354698755,0.9497462668820444,0.05025373311795556,1,48,0,1,0.9497462668820444
33,3,100,Z_only,3.495631513476471,2.857798544381465,0.637832969095006,0.9016940072599285,0.09830599274007146,2,98,0,0,
33,3,100,ZX_split,3.495631513476471,3.6607387678363157,0.16510725435984464,0.9932003664470689,0.006799633552931117,4,46,13,37,
33,3,100,RL_adaptive,3.495631513476471,3.9371945444811955,0.4415630310047245,0.9520424008586289,0.0479575991413711,1,98,0,1,0.9520424008586289
33,3,250,Z_only,3.495631513476471,2.8053468649973605,0.6902846484791105,0.8855323972068634,0.11446760279313661,7,243,0,0,
33,3,250,ZX_split,3.495631513476471,3.3768250366340613,0.11880647684240975,0.9964754039924753,0.0035245960075247496,2,123,48,77,
33,3,250,RL_adaptive,3.495631513476471,5.975961575874672,2.480330062398201,0.1053912569556637,0.8946087430443364,1,0,85,164,0.1053912569556637
33,3,500,Z_only,3.495631513476471,2.7598047993663033,0.7358267141101678,0.8706380580487041,0.1293619419512959,18,482,0,0,
33,3,500,ZX_split,3.495631513476471,3.4708243651736628,0.02480714830280828,0.9998461592379114,0.0001538407620885751,5,245,84,166,
33,3,500,RL_adaptive,3.495631513476471,3.9558487828992037,0.46021726942273267,0.9479780100139165,0.05202198998608354,14,485,0,1,0.9479780100139165
33,4,10,Z_only,3.495631513476471,3.141592653589793,0.35403885988667794,0.9689900693583022,0.03100993064169777,0,10,0,0,
33,4,10,ZX_split,3.495631513476471,3.682012153860377,0.18638064038390612,0.9913406749388229,0.008659325061177059,0,5,1,4,
33,4,10,RL_adaptive,3.495631513476471,3.9269908169872414,0.43135930351077034,0.954199128076743,0.04580087192325699,0,9,0,1,0.954199128076743
33,4,25,Z_only,3.495631513476471,2.5680795491666966,0.9275519643097745,0.7998972915900634,0.2001027084099366,2,23,0,0,
33,4,25,ZX_split,3.495631513476471,3.747137317194763,0.2515058037182918,0.9842693907860693,0.015730609213930657,0,12,2,11,
33,4,25,RL_adaptive,3.495631513476471,3.6052402625905993,0.10960874911412821,0.9969994863685093,0.0030005136314906755,0,1,6,18,0.9969994863685093
33,4,50,Z_only,3.495631513476471,3.141592653589793,0.35403885988667794,0.9689900693583022,0.03100993064169777,0,50,0,0,
33,4,50,ZX_split,3.495631513476471,3.9269908169872414,0.43135930351077034,0.954199128076743,0.04580087192325699,2,23,2,23,
33,4,50,RL_adaptive,3.495631513476471,3.9269908169872414,0.43135930351077034,0.954199128076743,0.04580087192325699,0,49,0,1,0.954199128076743
33,4,100,Z_only,3.495631513476471,2.6466585272488974,0.8489729862275737,0.830377186505696,0.16962281349430397,6,94,0,0,
33,4,100,ZX_split,3.495631513476471,3.4146013566765037,0.08103015679996739,0.9983594263686765,0.0016405736313235275,0,50,18,32,
33,4,100,RL_adaptive,3.495631513476471,3.9582306504175095,0.4625991369410385,0.9474477951273065,0.05255220487269352,3,96,0,1,0.9474477951273065
33,4,250,Z_only,3.495631513476471,2.8305010517978317,0.6651304616786393,0.893418137930811,0.10658186206918896,6,244,0,0,
33,4,250,ZX_split,3.495631513476471,3.601630169970599,0.10599865649412799,0.9971937002475411,0.0028062997524589406,7,118,35,90,
33,4,250,RL_adaptive,3.495631513476471,3.4341544199936407,0.06147709348283037,0.999055439292446,0.0009445607075539986,0,1,87,162,0.999055439292446
33,4,500,Z_only,3.495631513476471,2.770688476069521,0.7249430374069501,0.8742685973330802,0.12573140266691984,17,483,0,0,
33,4,500,ZX_split,3.495631513476471,3.4449725714292736,0.05065894204719745,0.999358555095126,0.0006414449048739446,10,240,89,161,
33,4,500,RL_adaptive,3.495631513476471,3.9495279840964534,0.4538964706199824,0.9493727203570159,0.05062727964298408,11,488,0,1,0.9493727203570159
34,0,10,Z_only,1.3296234394598458,1.1592794807274087,0.17034395873243713,0.9927632584316421,0.007236741568357852,7,3,0,0,
34,0,10,ZX_split,1.3296234394598458,0.7853981633974483,0.5442252760623976,0.9277643325111364,0.07223566748886356,5,0,5,0,
34,0,10,RL_adaptive,1.3296234394598458,1.460139105621001,0.13051566616115506,0.9957474569715874,0.004252543028412603,5,4,1,0,0.9957474569715874
34,0,25,Z_only,1.3296234394598458,1.8545904360032244,0.5249669965433785,0.9326702414566643,0.06732975854333567,9,16,0,0,
34,0,25,ZX_split,1.3296234394598458,1.1071487177940904,0.22247472166575544,0.9876772019941764,0.012322798005823588,9,3,13,0,
34,0,25,RL_adaptive,1.3296234394598458,0.7419472680059175,0.5876761714539284,0.9161156609751268,0.08388433902487324,1,0,23,1,0.9161156609751268
34,0,50,Z_only,1.3296234394598458,1.410105673842986,0.08048223438314017,0.9983815263939233,0.001618473606076698,29,21,0,0,
34,0,50,ZX_split,1.3296234394598458,1.0563450137358688,0.2732784257239771,0.9814456296962528,0.01855437030374718,19,6,24,1,
34,0,50,RL_adaptive,1.3296234394598458,1.0990188156141467,0.23060462384569913,0.9867641881975782,0.013235811802421837,37,12,1,0,0.9867641881975782
34,0,100,Z_only,1.3296234394598458,1.3489818562981022,0.019358416838256343,0.9999063158500985,9.368414990151841e-05,61,39,0,0,
34,0,100,ZX_split,1.3296234394598458,1.2490457723982544,0.08057766706159142,0.9983776879513828,0.0016223120486171805,33,17,49,1,
34,0,100,RL_adaptive,1.3296234394598458,1.361773383988632,0.032149944528786056,0.999741617523601,0.00025838247639897727,60,39,1,0,0.999741617523601
34,0,250,Z_only,1.3296234394598458,1.3366630473416072,0.007039607881761389,0.9999876110313802,1.2388968619769791e-05,154,96,0,0,
34,0,250,ZX_split,1.3296234394598458,1.3699994195177747,0.04037598005792886,0.9995925004225918,0.0004074995774081547,74,51,119,6,
34,0,250,RL_adaptive,1.3296234394598458,0.7732036459491964,0.5564197935106494,0.9245757166113917,0.0754242833886083,1,0,246,3,0.9245757166113917
34,0,500,Z_only,1.3296234394598458,1.3325488190509664,0.0029253795911206026,0.9999978605400878,2.1394599122315228e-06,309,191,0,0,
34,0,500,ZX_split,1.3296234394598458,1.291414417130069,0.038209022329776854,0.9996350620550276,0.00036493794497238774,160,90,247,3,
34,0,500,RL_adaptive,1.3296234394598458,1.3672422612786836,0.0376188218188378,0.9996462477826561,0.0003537522173439056,301,198,1,0,0.9996462477826561
34,1,10,Z_only,1.3296234394598458,1.1592794807274087,0.17034395873243713,0.9927632584316421,0.007236741568357852,7,3,0,0,
34,1,10,ZX_split,1.3296234394598458,1.0303768265243125,0.29924661293553334,0.9777794295424186,0.022220570457581412,4,1,5,0,
34,1,10,RL_adaptive,1.3296234394598458,1.2490457723982544,0.08057766706159142,0.9983776879513828,0.0016223120486171805,6,3,1,0,0.9983776879513828
34,1,25,Z_only,1.3296234394598458,1.6910862091896848,0.36146276972983893,0.9676902632549147,0.032309736745085305,11,14,0,0,
34,1,25,ZX_split,1.3296234394598458,0.7853981633974483,0.5442252760623976,0.9277643325111364,0.07223566748886356,12,0,13,0,
34,1,25,RL_adaptive,1.3296234394598458,0.7853981633974483,0.5442252760623976,0.9277643325111364,0.07223566748886356,1,0,24,0,0.9277643325111364
34,1,50,Z_only,1.3296234394598458,1.3284304757559333,0.0011929637039125307,0.9999996442094427,3.557905573492448e-07,31,19,0,0,
34,1,50,ZX_split,1.3296234394598458,1.1562894522101108,0.17333398724973503,0.9925076192727382,0.0074923807272617715,18,7,25,0,
34,1,50,RL_adaptive,1.3296234394598458,1.3499675570655483,0.020344117605702428,0.9998965327883961,0.0001034672116039248,30,19,1,0,0.9998965327883961
34,1,100,Z_only,1.3296234394598458,1.0701416143903084,0.25948182506953743,0.9832615305426297,0.016738469457370342,74,26,0,0,
34,1,100,ZX_split,1.3296234394598458,1.5707963267948966,0.2411728873350507,0.9855292541991506,0.014470745800849394,25,25,50,0,
34,1,100,RL_adaptive,1.3296234394598458,1.2673364153550746,0.06228702410477127,0.9990303951970233,0.0009696048029766979,65,34,1,0,0.9990303951970233
34,1,250,Z_only,1.3296234394598458,1.369438406004566,0.039814966544720054,0.9996037444603091,0.0003962555396909151,150,100,0,0,
34,1,250,ZX_split,1.3296234394598458,1.289225141838738,0.040398297621107915,0.9995920498738371,0.0004079501261629037,80,45,123,2,
34,1,250,RL_adaptive,1.3296234394598458,2.3766834259284333,1.0470599864685874,0.750059564908866,0.24994043509113395,0,1,244,5,0.750059564908866
34,1,500,Z_only,1.3296234394598458,1.3530804353887873,0.02345699592894146,0.9998624486427522,0.00013755135724780043,304,196,0,0,
34,1,500,ZX_split,1.3296234394598458,1.23670072055403,0.09292271890581594,0.9978428948988017,0.0021571051011982645,167,83,246,4,
34,1,500,RL_adaptive,1.3296234394598458,1.2806270063159795,0.04899643314386637,0.9993999574402423,0.000600042559757652,324,175,1,0,0.9993999574402423
34,2,10,Z_only,1.3296234394598458,1.5707963267948966,0.2411728873350507,0.9855292541991506,0.014470745800849394,5,5,0,0,
34,2,10,ZX_split,1.3296234394598458,1.373400766945016,0.04377732748517005,0.9995209629112904,0.0004790370887095552,3,2,5,0,
34,2,10,RL_adaptive,1.3296234394598458,1.2490457723982544,0.08057766706159142,0.9983776879513828,0.0016223120486171805,6,3,1,0,0.9983776879513828
34,2,25,Z_only,1.3296234394598458,1.6108070011488855,0.2811835616890397,0.9803638406485073,0.019636159351492655,12,13,0,0,
34,2,25,ZX_split,1.3296234394598458,1.1071487177940904,0.22247472166575544,0.9876772019941764,0.012322798005823588,9,3,13,0,
34,2,25,RL_adaptive,1.3296234394598458,2.356194490192345,1.026571050732499,0.7588777237061962,0.24112227629380378,0,1,24,0,0.7588777237061962
34,2,50,Z_only,1.3296234394598458,1.369438406004566,0.039814966544720054,0.9996037444603091,0.0003962555396909151,30,20,0,0,
34,2,50,ZX_split,1.3296234394598458,1.451367400776558,0.12174396131671217,0.9962991763684,0.0037008236315999588,14,11,25,0,
34,2,50,RL_adaptive,1.3296234394598458,1.4288992721907328,0.09927583273088691,0.9975381002326271,0.002461899767372877,28,21,1,0,0.9975381002326271
34,2,100,Z_only,1.3296234394598458,1.2870022175865687,0.042621221873277104,0.9995459266057052,0.0004540733942948183,64,36,0,0,
34,2,100,ZX_split,1.3296234394598458,1.0427218783685368,0.28690156109130904,0.9795626399366661,0.020437360063333854,39,11,49,1,
34,2,100,RL_adaptive,1.3296234394598458,1.440230231995269,0.11060679253542305,0.9969446511606872,0.003055348839312799,56,43,1,0,0.9969446511606872
34,2,250,Z_only,1.3296234394598458,1.2870022175865687,0.042621221873277104,0.9995459266057052,0.0004540733942948183,160,90,0,0,
34,2,250,ZX_split,1.3296234394598458,1.2490457723982544,0.08057766706159142,0.9983776879513828,0.0016223120486171805,83,42,124,1,
34,2,250,RL_adaptive,1.3296234394598458,0.7607118213418489,0.568911618117997,0.9212439010718392,0.07875609892816082,1,0,243,6,0.9212439010718392
34,2,500,Z_only,1.3296234394598458,1.3284304757559333,0.0011929637039125307,0.9999996442094427,3.557905573492448e-07,310,190,0,0,
34,2,500,ZX_split,1.3296234394598458,1.3162759685169478,0.01334747094289801,0.9999554619160864,4.453808391358116e-05,157,93,248,2,
34,2,500,RL_adaptive,1.3296234394598458,1.3140645612416446,0.015558878218201233,0.9999394815480149,6.051845198506989e-05,315,184,1,0,0.9999394815480149
34,3,10,Z_only,1.3296234394598458,1.5707963267948966,0.2411728873350507,0.9855292541991506,0.014470745800849394,5,5,0,0,
34,3,10,ZX_split,1.3296234394598458,1.7681918866447774,0.4385684471849316,0.9526802453893333,0.04731975461066673,2,3,5,0,
34,3,10,RL_adaptive,1.3296234394598458,1.2490457723982544,0.08057766706159142,0.9983776879513828,0.0016223120486171805,6,3,1,0,0.9983776879513828
34,3,25,Z_only,1.3296234394598458,1.369438406004566,0.039814966544720054,0.9996037444603091,0.0003962555396909151,15,10,0,0,
34,3,25,ZX_split,1.3296234394598458,1.4056476493802699,0.07602420992042402,0.99855577567382,0.0014442243261799659,7,5,13,0,
34,3,25,RL_adaptive,1.3296234394598458,0.7853981633974483,0.5442252760623976,0.9277643325111364,0.07223566748886356,1,0,24,0,0.9277643325111364
34,3,50,Z_only,1.3296234394598458,1.731486979746807,0.40186354028696125,0.9601668491659,0.039833150834099995,21,29,0,0,
34,3,50,ZX_split,1.3296234394598458,1.297787623708186,0.031835815751659835,0.9997466416085732,0.0002533583914268167,16,9,25,0,
34,3,50,RL_adaptive,1.3296234394598458,1.2368512549500026,0.09277218450984326,0.9978498732299415,0.002150126770058547,33,16,1,0,0.9978498732299415
34,3,100,Z_only,1.3296234394598458,1.3077741238864276,0.021849315573418293,0.9998806566001612,0.00011934339983876718,63,37,0,0,
34,3,100,ZX_split,1.3296234394598458,1.3352513460740334,0.00562790661418755,0.9999920816876855,7.91831231450324e-06,31,19,50,0,
34,3,100,RL_adaptive,1.3296234394598458,1.361773383988632,0.032149944528786056,0.999741617523601,0.00025838247639897727,60,39,1,0,0.999741617523601
34,3,250,Z_only,1.3296234394598458,1.30362933406684,0.02599410539300595,0.9998310861326927,0.00016891386730732982,158,92,0,0,
34,3,250,ZX_split,1.3296234394598458,1.289225141838738,0.040398297621107915,0.9995920498738371,0.0004079501261629037,80,45,123,2,
34,3,250,RL_adaptive,1.3296234394598458,2.3602267264034382,1.0306032869435924,0.7571507770144587,0.24284922298554135,0,1,248,1,0.7571507770144587
34,3,500,Z_only,1.3296234394598458,1.266103672779499,0.06351976668034687,0.9989916489165752,0.0010083510834247855,325,175,0,0,
34,3,500,ZX_split,1.3296234394598458,1.2293438884854455,0.10027955097440033,0.9974881089351619,0.0025118910648380677,168,82,246,4,
34,3,500,RL_adaptive,1.3296234394598458,1.2843109514966569,0.045312487963188985,0.9994867824301105,0.0005132175698895347,323,176,1,0,0.9994867824301105
34,4,10,Z_only,1.3296234394598458,1.369438406004566,0.039814966544720054,0.9996037444603091,0.0003962555396909151,6,4,0,0,
34,4,10,ZX_split,1.3296234394598458,1.7681918866447774,0.4385684471849316,0.9526802453893333,0.04731975461066673,2,3,5,0,
34,4,10,RL_adaptive,1.3296234394598458,1.2490457723982544,0.08057766706159142,0.9983776879513828,0.0016223120486171805,6,3,1,0,0.9983776879513828
34,4,25,Z_only,1.3296234394598458,1.5307856524409076,0.20116221298106174,0.989917509955513,0.010082490044487025,13,12,0,0,
34,4,25,ZX_split,1.3296234394598458,2.1251038229964476,0.7954803835366018,0.8499708784646319,0.15002912153536807,4,8,10,3,
34,4,25,RL_adaptive,1.3296234394598458,2.356194490192345,1.026571050732499,0.7588777237061962,0.24112227629380378,0,1,24,0,0.7588777237061962
34,4,50,Z_only,1.3296234394598458,1.2025284333582564,0.12709500610158941,0.9959671478455842,0.004032852154415845,34,16,0,0,
34,4,50,ZX_split,1.3296234394598458,1.2753554896511765,0.054267949808669336,0.9992639280774481,0.000736071922551873,16,9,24,1,
34,4,50,RL_adaptive,1.3296234394598458,1.3499675570655483,0.020344117605702428,0.9998965327883961,0.0001034672116039248,30,19,1,0,0.9998965327883961
34,4,100,Z_only,1.3296234394598458,1.266103672779499,0.06351976668034687,0.9989916489165752,0.0010083510834247855,65,35,0,0,
34,4,100,ZX_split,1.3296234394598458,1.2627435457711202,0.0668798936887256,0.9988821867057169,0.0011178132942830654,32,18,47,3,
34,4,100,RL_adaptive,1.3296234394598458,1.3234423712230732,0.006181068236772669,0.999990448629273,9.551370727001185e-06,62,37,1,0,0.999990448629273
34,4,250,Z_only,1.3296234394598458,1.30362933406684,0.02599410539300595,0.9998310861326927,0.00016891386730732982,158,92,0,0,
34,4,250,ZX_split,1.3296234394598458,1.4619841219776515,0.13236068251780564,0.995626553023586,0.004373446976413953,69,56,122,3,
34,4,250,RL_adaptive,1.3296234394598458,2.3602267264034382,1.0306032869435924,0.7571507770144587,0.24284922298554135,0,1,248,1,0.7571507770144587
34,4,500,Z_only,1.3296234394598458,1.299479836719612,0.030143602740233755,0.9997728580033725,0.00022714199662754453,317,183,0,0,
34,4,500,ZX_split,1.3296234394598458,1.4474586258951727,0.11783518643532687,0.9965327319522682,0.0034672680477317863,140,110,246,4,
34,4,500,RL_adaptive,1.3296234394598458,1.2954105668274067,0.034212872632439106,0.9997073983795828,0.00029260162041722104,320,179,1,0,0.9997073983795828
35,0,10,Z_only,2.9790105452367737,2.498091544796509,0.4809190004402648,0.9432850865061997,0.05671491349380031,1,9,0,0,
35,0,10,ZX_split,2.9790105452367737,2.9441970937399127,0.03481345149686099,0.9996970364992911,0.0003029635007089082,0,5,3,2,
35,0,10,RL_adaptive,2.9790105452367737,2.2318394956455836,0.7471710495911901,0.866807130357014,0.13319286964298604,1,8,1,0,0.866807130357014
35,0,25,Z_only,2.9790105452367737,3.141592653589793,0.16258210835301945,0.9934063079501922,0.006593692049807753,0,25,0,0,
35,0,25,ZX_split,2.9790105452367737,2.647651284670212,0.3313592605665616,0.9728005054024681,0.027199494597531904,0,12,10,3,
35,0,25,RL_adaptive,2.9790105452367737,2.677945044588987,0.3010655006477867,0.9775105349604225,0.022489465039577494,0,1,18,6,0.9775105349604225
35,0,50,Z_only,2.9790105452367737,2.857798544381465,0.12121200085530859,0.9963314077003392,0.0036685922996607667,1,49,0,0,
35,0,50,ZX_split,2.9790105452367737,3.2610215796081317,0.282011034371358,0.9802488672996909,0.01975113270030915,0,25,11,14,
35,0,50,RL_adaptive,2.9790105452367737,2.356194490192345,0.6228160550444288,0.906119502368399,0.093880497631601,0,49,1,0,0.906119502368399
35,0,100,Z_only,2.9790105452367737,3.141592653589793,0.16258210835301945,0.9934063079501922,0.006593692049807753,0,100,0,0,
35,0,100,ZX_split,2.9790105452367737,2.8685839505030826,0.1104265947336911,0.996954588335759,0.0030454116642409934,0,50,32,18,
35,0,100,RL_adaptive,2.9790105452367737,2.356194490192345,0.6228160550444288,0.906119502368399,0.093880497631601,0,99,1,0,0.906119502368399
35,0,250,Z_only,2.9790105452367737,3.141592653589793,0.16258210835301945,0.9934063079501922,0.006593692049807753,0,250,0,0,
35,0,250,ZX_split,2.9790105452367737,2.910048882664143,0.06896166257263081,0.9988115433821634,0.0011884566178366196,1,124,77,48,
35,0,250,RL_adaptive,2.9790105452367737,2.9165543670971883,0.06245617813958537,0.9990251234126516,0.0009748765873484055,0,1,153,96,0.9990251234126516
35,0,500,Z_only,2.9790105452367737,3.0521200933852985,0.07310954814852488,0.9986643435757105,0.0013356564242894553,1,499,0,0,
35,0,500,ZX_split,2.9790105452367737,2.9751469600412497,0.0038635851955239886,0.9999962681820014,3.7318179986201017e-06,0,250,146,104,
35,0,500,RL_adaptive,2.9790105452367737,2.3521703670449066,0.6268401781918671,0.9049425319035994,0.09505746809640059,2,497,1,0,0.9049425319035994
35,1,10,Z_only,2.9790105452367737,3.141592653589793,0.16258210835301945,0.9934063079501922,0.006593692049807753,0,10,0,0,
35,1,10,ZX_split,2.9790105452367737,3.3389882134396736,0.3599776682028999,0.9679523451806326,0.032047654819367444,0,5,2,3,
35,1,10,RL_adaptive,2.9790105452367737,2.356194490192345,0.6228160550444288,0.906119502368399,0.093880497631601,0,9,1,0,0.906119502368399
35,1,25,Z_only,2.9790105452367737,3.141592653589793,0.16258210835301945,0.9934063079501922,0.006593692049807753,0,25,0,0,
35,1,25,ZX_split,2.9790105452367737,2.774418819771574,0.20459172546519966,0.989572007102901,0.010427992897098948,0,12,9,4,
35,1,25,RL_adaptive,2.9790105452367737,3.2247338854782344,0.2457233402414607,0.9849808102196222,0.01501918978037775,0,1,11,13,0.9849808102196222
35,1,50,Z_only,2.9790105452367737,3.141592653589793,0.16258210835301945,0.9934063079501922,0.006593692049807753,0,50,0,0,
35,1,50,ZX_split,2.9790105452367737,3.011890116433881,0.03287957119710727,0.9997297577965989,0.0002702422034011054,1,24,14,11,
35,1,50,RL_adaptive,2.9790105452367737,2.356194490192345,0.6228160550444288,0.906119502368399,0.093880497631601,0,49,1,0,0.906119502368399
35,1,100,Z_only,2.9790105452367737,2.9412578112666736,0.03775273397010004,0.9996437250880914,0.00035627491190859395,1,99,0,0,
35,1,100,ZX_split,2.9790105452367737,3.181571340713083,0.20256079547630934,0.9897773066985773,0.01022269330142267,0,50,24,26,
35,1,100,RL_adaptive,2.9790105452367737,3.9269908169872414,0.9479802717504677,0.7916623900951986,0.20833760990480144,0,99,0,1,0.7916623900951986
35,1,250,Z_only,2.9790105452367737,3.015017067627069,0.03600652239029545,0.9996759176021919,0.0003240823978081231,1,249,0,0,
35,1,250,ZX_split,2.9790105452367737,3.0221637275714546,0.043153182334680906,0.9995345229544923,0.00046547704550770064,0,125,70,55,
35,1,250,RL_adaptive,2.9790105452367737,3.0177319743759785,0.038721429139204844,0.9996252095633399,0.0003747904366601107,0,1,140,109,0.9996252095633399
35,1,500,Z_only,2.9790105452367737,2.9865179806254547,0.0075074353886810385,0.9999859096696508,1.4090330349159075e-05,3,497,0,0,
35,1,500,ZX_split,2.9790105452367737,3.028259256824389,0.04924871158761546,0.9993937636488696,0.0006062363511304403,2,248,139,111,
35,1,500,RL_adaptive,2.9790105452367737,2.350146176849973,0.6288643683868007,0.9043480192701151,0.0956519807298849,3,496,1,0,0.9043480192701151
35,2,10,Z_only,2.9790105452367737,3.141592653589793,0.16258210835301945,0.9934063079501922,0.006593692049807753,0,10,0,0,
35,2,10,ZX_split,2.9790105452367737,2.601173153319209,0.3778373919175646,0.9647323094667863,0.03526769053321366,0,5,4,1,
35,2,10,RL_adaptive,2.9790105452367737,2.356194490192345,0.6228160550444288,0.906119502368399,0.093880497631601,0,9,1,0,0.906119502368399
35,2,25,Z_only,2.9790105452367737,3.141592653589793,0.16258210835301945,0.9934063079501922,0.006593692049807753,0,25,0,0,
35,2,25,ZX_split,2.9790105452367737,2.9147938055359073,0.06421673970086639,0.9989694068210421,0.0010305931789579281,0,12,8,5,
35,2,25,RL_adaptive,2.9790105452367737,2.746801533890032,0.23220901134674188,0.986580207432258,0.01341979256774195,0,1,17,7,0.986580207432258
35,2,50,Z_only,2.9790105452367737,3.141592653589793,0.16258210835301945,0.9934063079501922,0.006593692049807753,0,50,0,0,
35,2,50,ZX_split,2.9790105452367737,2.8685839505030826,0.1104265947336911,0.996954588335759,0.0030454116642409934,0,25,16,9,
35,2,50,RL_adaptive,2.9790105452367737,2.356194490192345,0.6228160550444288,0.906119502368399,0.093880497631601,0,49,1,0,0.906119502368399
35,2,100,Z_only,2.9790105452367737,3.141592653589793,0.16258210835301945,0.9934063079501922,0.006593692049807753,0,100,0,0,
35,2,100,ZX_split,2.9790105452367737,2.896613990462929,0.08239655477384478,0.9983036619966283,0.0016963380033716557,1,49,31,19,
35,2,100,RL_adaptive,2.9790105452367737,2.356194490192345,0.6228160550444288,0.906119502368399,0.093880497631601,0,99,1,0,0.906119502368399
35,2,250,Z_only,2.9790105452367737,2.9624678387109036,0.016542706525870088,0.9999315862754025,6.841372459753803e-05,2,248,0,0,
35,2,250,ZX_split,2.9790105452367737,3.0807980977150042,0.10178755247823057,0.9974120591059622,0.002587940894037799,5,120,66,59,
35,2,250,RL_adaptive,2.9790105452367737,3.0019453139753414,0.0229347687385677,0.9998685048597885,0.00013149514021149056,0,1,142,107,0.9998685048597885
35,2,500,Z_only,2.9790105452367737,3.0521200933852985,0.07310954814852488,0.9986643435757105,0.0013356564242894553,1,499,0,0,
35,2,500,ZX_split,2.9790105452367737,2.989549385726385,0.010538840489611179,0.9999722334672808,2.776653271918672e-05,1,249,144,106,
35,2,500,RL_adaptive,2.9790105452367737,2.3541864607627487,0.6248240844740249,0.9055330173255302,0.09446698267446985,1,498,1,0,0.9055330173255302
35,3,10,Z_only,2.9790105452367737,3.141592653589793,0.16258210835301945,0.9934063079501922,0.006593692049807753,0,10,0,0,
35,3,10,ZX_split,2.9790105452367737,3.682012153860377,0.7030016086236035,0.8814525276716836,0.11854747232831642,0,5,1,4,
35,3,10,RL_adaptive,2.9790105452367737,2.356194490192345,0.6228160550444288,0.906119502368399,0.093880497631601,0,9,1,0,0.906119502368399
35,3,25,Z_only,2.9790105452367737,3.141592653589793,0.16258210835301945,0.9934063079501922,0.006593692049807753,0,25,0,0,
35,3,25,ZX_split,2.9790105452367737,3.064820762320015,0.08581021708324155,0.9981602809580205,0.0018397190419795484,0,12,7,6,
35,3,25,RL_adaptive,2.9790105452367737,2.819842099193151,0.15916844604362268,0.993679711860236,0.006320288139764041,0,1,16,8,0.993679711860236
35,3,50,Z_only,2.9790105452367737,3.141592653589793,0.16258210835301945,0.9934063079501922,0.006593692049807753,0,50,0,0,
35,3,50,ZX_split,2.9790105452367737,3.2610215796081317,0.282011034371358,0.9802488672996909,0.01975113270030915,0,25,11,14,
35,3,50,RL_adaptive,2.9790105452367737,3.9478211370234586,0.9688105917866849,0.7831401284546137,0.21685987154538633,1,48,0,1,0.7831401284546137
35,3,100,Z_only,2.9790105452367737,2.857798544381465,0.12121200085530859,0.9963314077003392,0.0036685922996607667,2,98,0,0,
35,3,100,ZX_split,2.9790105452367737,2.8685839505030826,0.1104265947336911,0.996954588335759,0.0030454116642409934,0,50,32,18,
35,3,100,RL_adaptive,2.9790105452367737,2.356194490192345,0.6228160550444288,0.906119502368399,0.093880497631601,0,99,1,0,0.906119502368399
35,3,250,Z_only,2.9790105452367737,2.9624678387109036,0.016542706525870088,0.9999315862754025,6.841372459753803e-05,2,248,0,0,
35,3,250,ZX_split,2.9790105452367737,2.9220488173004044,0.05696172793636922,0.9991890596905448,0.0008109403094551659,2,123,76,49,
35,3,250,RL_adaptive,2.9790105452367737,2.98622839973826,0.007217854501486265,0.9999869757006433,1.3024299356678704e-05,0,1,144,105,0.9999869757006433
35,3,500,Z_only,2.9790105452367737,2.9412578112666736,0.03775273397010004,0.9996437250880914,0.00035627491190859395,5,495,0,0,
35,3,500,ZX_split,2.9790105452367737,3.0053452563892136,0.026334711152439905,0.9998266307670195,0.00017336923298050255,1,249,142,108,
35,3,500,RL_adaptive,2.9790105452367737,3.937111928871164,0.9581013836343901,0.7875371409800456,0.21246285901995443,5,494,0,1,0.7875371409800456
35,4,10,Z_only,2.9790105452367737,3.141592653589793,0.16258210835301945,0.9934063079501922,0.006593692049807753,0,10,0,0,
35,4,10,ZX_split,2.9790105452367737,2.601173153319209,0.3778373919175646,0.9647323094667863,0.03526769053321366,0,5,4,1,
35,4,10,RL_adaptive,2.9790105452367737,2.356194490192345,0.6228160550444288,0.906119502368399,0.093880497631601,0,9,1,0,0.906119502368399
35,4,25,Z_only,2.9790105452367737,3.141592653589793,0.16258210835301945,0.9934063079501922,0.006593692049807753,0,25,0,0,
35,4,25,ZX_split,2.9790105452367737,2.9147938055359073,0.06421673970086639,0.9989694068210421,0.0010305931789579281,0,12,8,5,
35,4,25,RL_adaptive,2.9790105452367737,3.058451421701352,0.0794408764645782,0.9984231163384396,0.001576883661560391,0,1,13,11,0.9984231163384396
35,4,50,Z_only,2.9790105452367737,2.857798544381465,0.12121200085530859,0.9963314077003392,0.0036685922996607667,1,49,0,0,
35,4,50,ZX_split,2.9790105452367737,2.8685839505030826,0.1104265947336911,0.996954588335759,0.0030454116642409934,0,25,16,9,
35,4,50,RL_adaptive,2.9790105452367737,2.356194490192345,0.6228160550444288,0.906119502368399,0.093880497631601,0,49,1,0,0.906119502368399
35,4,100,Z_only,2.9790105452367737,3.141592653589793,0.16258210835301945,0.9934063079501922,0.006593692049807753,0,100,0,0,
35,4,100,ZX_split,2.9790105452367737,3.141592653589793,0.16258210835301945,0.9934063079501922,0.006593692049807753,1,49,25,25,
35,4,100,RL_adaptive,2.9790105452367737,3.9269908169872414,0.9479802717504677,0.7916623900951986,0.20833760990480144,0,99,0,1,0.7916623900951986
35,4,250,Z_only,2.9790105452367737,2.9624678387109036,0.016542706525870088,0.9999315862754025,6.841372459753803e-05,2,248,0,0,
35,4,250,ZX_split,2.9790105452367737,2.9697506357042616,0.0092599095325121,0.9999785636720359,2.1436327964141633e-05,2,123,73,52,
35,4,250,RL_adaptive,2.9790105452367737,3.0415263868054696,0.06251584156869594,0.999023260560646,0.0009767394393539464,0,1,137,112,0.999023260560646
35,4,500,Z_only,2.9790105452367737,2.9865179806254547,0.0075074353886810385,0.9999859096696508,1.4090330349159075e-05,3,497,0,0,
35,4,500,ZX_split,2.9790105452367737,3.0202406530190293,0.041230107782255665,0.9995750797524481,0.0004249202475519187,2,248,140,110,
35,4,500,RL_adaptive,2.9790105452367737,2.3521703670449066,0.6268401781918671,0.9049425319035994,0.09505746809640059,2,497,1,0,0.9049425319035994
36,0,10,Z_only,1.5689943208637434,1.369438406004566,0.19955591485917745,0.9900773536479158,0.009922646352084175,6,4,0,0,
36,0,10,ZX_split,1.5689943208637434,1.7681918866447774,0.1991975657810341,0.9901128406803367,0.00988715931966333,2,3,5,0,
36,0,10,RL_adaptive,1.5689943208637434,1.8925468811915387,0.32355256032779534,0.9740559568775679,0.025944043122432148,3,6,1,0,0.9740559568775679
36,0,25,Z_only,1.5689943208637434,1.6108070011488855,0.04181268028514218,0.9995629886163344,0.00043701138366558645,12,13,0,0,
36,0,25,ZX_split,1.5689943208637434,1.7359450042095235,0.16695068334578012,0.993048037260509,0.006951962739490947,5,7,13,0,
36,0,25,RL_adaptive,1.5689943208637434,2.356194490192345,0.7872001693286015,0.8529157115976338,0.1470842884023662,0,1,24,0,0.8529157115976338
36,0,50,Z_only,1.5689943208637434,1.6910862091896848,0.12209188832594142,0.9962780196023547,0.0037219803976452637,22,28,0,0,
36,0,50,ZX_split,1.5689943208637434,1.6107750139181867,0.04178069305444332,0.9995636569018458,0.0004363430981542127,12,13,25,0,
36,0,50,RL_adaptive,1.5689943208637434,1.2737321144538538,0.29526220640988954,0.9783629377892241,0.02163706221077588,32,17,1,0,0.9783629377892241
36,0,100,Z_only,1.5689943208637434,1.4907107467612375,0.07828357410250586,0.9984687027691455,0.0015312972308545447,54,46,0,0,
36,0,100,ZX_split,1.5689943208637434,1.5707963267948966,0.0018020059311532055,0.9999991881938757,8.118061243234109e-07,25,25,50,0,
36,0,100,RL_adaptive,1.5689943208637434,1.440230231995269,0.12876408886847446,0.9958606763301636,0.004139323669836381,56,43,1,0,0.9958606763301636
36,0,250,Z_only,1.5689943208637434,1.747717860261201,0.17872353939745755,0.9920357077048294,0.007964292295170594,103,147,0,0,
36,0,250,ZX_split,1.5689943208637434,1.6107750139181867,0.04178069305444332,0.9995636569018458,0.0004363430981542127,60,65,125,0,
36,0,250,RL_adaptive,1.5689943208637434,0.7853981633974483,0.7835961574662951,0.8541899215216825,0.1458100784783175,1,0,249,0,0.8541899215216825
36,0,500,Z_only,1.5689943208637434,1.5547956440495747,0.014198676814168643,0.9999496002409166,5.039975908338601e-05,254,246,0,0,
36,0,500,ZX_split,1.5689943208637434,1.690225252813235,0.12123093194949175,0.9963302630809496,0.0036697369190503704,110,140,250,0,
36,0,500,RL_adaptive,1.5689943208637434,1.5928368452971817,0.023842524433438372,0.9998578902393985,0.00014210976060147207,244,255,1,0,0.9998578902393985
36,1,10,Z_only,1.5689943208637434,1.7721542475852272,0.20315992672148386,0.9897169526567355,0.010283047343264462,4,6,0,0,
36,1,10,ZX_split,1.5689943208637434,1.373400766945016,0.19559355391872746,0.9904662429277877,0.009533757072212268,3,2,5,0,
36,1,10,RL_adaptive,1.5689943208637434,1.8925468811915387,0.32355256032779534,0.9740559568775679,0.025944043122432148,3,6,1,0,0.9740559568775679
36,1,25,Z_only,1.5689943208637434,1.5307856524409076,0.03820866842283577,0.9996350688145704,0.00036493118542957337,13,12,0,0,
36,1,25,ZX_split,1.5689943208637434,1.2490457723982544,0.3199485484654889,0.9746258008791233,0.025374199120876684,8,4,13,0,
36,1,25,RL_adaptive,1.5689943208637434,2.356194490192345,0.7872001693286015,0.8529157115976338,0.1470842884023662,0,1,24,0,0.8529157115976338
36,1,50,Z_only,1.5689943208637434,1.410105673842986,0.15888864702075733,0.9937018662189572,0.006298133781042825,29,21,0,0,
36,1,50,ZX_split,1.5689943208637434,1.6107750139181867,0.04178069305444332,0.9995636569018458,0.0004363430981542127,12,13,25,0,
36,1,50,RL_adaptive,1.5689943208637434,1.5503909961083586,0.01860332475538473,0.9999134815722728,8.65184277272224e-05,25,24,1,0,0.9999134815722728
36,1,100,Z_only,1.5689943208637434,1.5707963267948966,0.0018020059311532055,0.9999991881938757,8.118061243234109e-07,50,50,0,0,
36,1,100,ZX_split,1.5689943208637434,1.6107750139181867,0.04178069305444332,0.9995636569018458,0.0004363430981542127,24,26,50,0,
36,1,100,RL_adaptive,1.5689943208637434,1.6212585008117526,0.05226417994800925,0.9993172693039251,0.0006827306960749402,47,52,1,0,0.9993172693039251
36,1,250,Z_only,1.5689943208637434,1.5787964121306877,0.009802091266944313,0.9999759799440223,2.402005597768042e-05,124,126,0,0,
36,1,250,ZX_split,1.5689943208637434,1.690225252813235,0.12123093194949175,0.9963302630809496,0.0036697369190503704,55,70,125,0,
36,1,250,RL_adaptive,1.5689943208637434,0.7853981633974483,0.7835961574662951,0.8541899215216825,0.1458100784783175,1,0,249,0,0.8541899215216825
36,1,500,Z_only,1.5689943208637434,1.57479633746164,0.0058020165978966975,0.9999915841744583,8.415825541674415e-06,249,251,0,0,
36,1,500,ZX_split,1.5689943208637434,1.5148547555613356,0.05413956530240771,0.9992674058352182,0.0007325941647817746,132,118,250,0,
36,1,500,RL_adaptive,1.5689943208637434,1.5928368452971817,0.023842524433438372,0.9998578902393985,0.00014210976060147207,244,255,1,0,0.9998578902393985
36,2,10,Z_only,1.5689943208637434,1.7721542475852272,0.20315992672148386,0.9897169526567355,0.010283047343264462,4,6,0,0,
36,2,10,ZX_split,1.5689943208637434,1.0303768265243125,0.5386174943394308,0.9292093286887985,0.07079067131120154,4,1,5,0,
36,2,10,RL_adaptive,1.5689943208637434,1.8925468811915387,0.32355256032779534,0.9740559568775679,0.025944043122432148,3,6,1,0,0.9740559568775679
36,2,25,Z_only,1.5689943208637434,1.9390642202315367,0.37006989936779333,0.9661510333191687,0.03384896668083126,8,17,0,0,
36,2,25,ZX_split,1.5689943208637434,1.4056476493802699,0.16334667148347348,0.9933442850503782,0.006655714949621805,7,5,13,0,
36,2,25,RL_adaptive,1.5689943208637434,0.7853981633974483,0.7835961574662951,0.8541899215216825,0.1458100784783175,1,0,24,0,0.8541899215216825
36,2,50,Z_only,1.5689943208637434,1.7721542475852272,0.20315992672148386,0.9897169526567355,0.010283047343264462,20,30,0,0,
36,2,50,ZX_split,1.5689943208637434,1.6107750139181867,0.04178069305444332,0.9995636569018458,0.0004363430981542127,12,13,25,0,
36,2,50,RL_adaptive,1.5689943208637434,1.5096481641455954,0.05934615671814791,0.9991197668121669,0.000880233187833146,26,23,1,0,0.9991197668121669
36,2,100,Z_only,1.5689943208637434,1.6910862091896848,0.12209188832594142,0.9962780196023547,0.0037219803976452637,44,56,0,0,
36,2,100,ZX_split,1.5689943208637434,1.4121410646084953,0.15685325625524804,0.9938618641809902,0.0061381358190097934,29,21,50,0,
36,2,100,RL_adaptive,1.5689943208637434,1.6010900867136717,0.03209576584992835,0.9997424875608816,0.0002575124391184236,48,51,1,0,0.9997424875608816
36,2,250,Z_only,1.5689943208637434,1.4826823504951772,0.0863119703685662,0.998138716882106,0.0018612831178940192,136,114,0,0,
36,2,250,ZX_split,1.5689943208637434,1.467168866798025,0.10182545406571841,0.9974101331229399,0.0025898668770600874,69,56,125,0,
36,2,250,RL_adaptive,1.5689943208637434,2.356194490192345,0.7872001693286015,0.8529157115976338,0.1470842884023662,0,1,249,0,0.8529157115976338
36,2,500,Z_only,1.5689943208637434,1.590797660368287,0.021803339504543606,0.9998811583046936,0.0001188416953064042,245,255,0,0,
36,2,500,ZX_split,1.5689943208637434,1.5148547555613356,0.05413956530240771,0.9992674058352182,0.0007325941647817746,132,118,250,0,
36,2,500,RL_adaptive,1.5689943208637434,1.6168559119209793,0.047861591057235975,0.99942742633895,0.0005725736610500132,238,261,1,0,0.99942742633895
36,3,10,Z_only,1.5689943208637434,1.5707963267948966,0.0018020059311532055,0.9999991881938757,8.118061243234109e-07,5,5,0,0,
36,3,10,ZX_split,1.5689943208637434,1.7681918866447774,0.1991975657810341,0.9901128406803367,0.00988715931966333,2,3,5,0,
36,3,10,RL_adaptive,1.5689943208637434,1.6814535479687922,0.11245922710504885,0.9968415614172694,0.0031584385827305717,4,5,1,0,0.9968415614172694
36,3,25,Z_only,1.5689943208637434,1.6910862091896848,0.12209188832594142,0.9962780196023547,0.0037219803976452637,11,14,0,0,
36,3,25,ZX_split,1.5689943208637434,1.5707963267948966,0.0018020059311532055,0.9999991881938757,8.118061243234109e-07,6,6,13,0,
36,3,25,RL_adaptive,1.5689943208637434,0.7853981633974483,0.7835961574662951,0.8541899215216825,0.1458100784783175,1,0,24,0,0.8541899215216825
36,3,50,Z_only,1.5689943208637434,1.6508819068285556,0.08188758596481227,0.9983245423726733,0.001675457627326682,23,27,0,0,
36,3,50,ZX_split,1.5689943208637434,1.373400766945016,0.19559355391872746,0.9904662429277877,0.009533757072212268,15,10,25,0,
36,3,50,RL_adaptive,1.5689943208637434,1.631944489444198,0.06295016858045455,0.9990096461752815,0.0009903538247184596,23,26,1,0,0.9990096461752815
36,3,100,Z_only,1.5689943208637434,1.5307856524409076,0.03820866842283577,0.9996350688145704,0.00036493118542957337,52,48,0,0,
36,3,100,ZX_split,1.5689943208637434,1.690225252813235,0.12123093194949175,0.9963302630809496,0.0036697369190503704,22,28,50,0,
36,3,100,RL_adaptive,1.5689943208637434,1.6010900867136717,0.03209576584992835,0.9997424875608816,0.0002575124391184236,48,51,1,0,0.9997424875608816
36,3,250,Z_only,1.5689943208637434,1.6268256375103805,0.0578313166466371,0.9991641177073483,0.0008358822926517462,118,132,0,0,
36,3,250,ZX_split,1.5689943208637434,1.5148547555613356,0.05413956530240771,0.9992674058352182,0.0007325941647817746,66,59,125,0,
36,3,250,RL_adaptive,1.5689943208637434,2.356194490192345,0.7872001693286015,0.8529157115976338,0.1470842884023662,0,1,249,0,0.8529157115976338
36,3,500,Z_only,1.5689943208637434,1.5507949932215062,0.018199327642237195,0.9999171984038118,8.280159618823113e-05,255,245,0,0,
36,3,500,ZX_split,1.5689943208637434,1.7138132017596437,0.14481888089590034,0.994766029990865,0.005233970009134947,107,143,250,0,
36,3,500,RL_adaptive,1.5689943208637434,1.4729137410689448,0.09608057979479856,0.9976939054208098,0.0023060945791901766,274,225,1,0,0.9976939054208098
36,4,10,Z_only,1.5689943208637434,2.498091544796509,0.9290972239327655,0.7992787109339654,0.2007212890660346,1,9,0,0,
36,4,10,ZX_split,1.5689943208637434,1.373400766945016,0.19559355391872746,0.9904662429277877,0.009533757072212268,3,2,5,0,
36,4,10,RL_adaptive,1.5689943208637434,1.8925468811915387,0.32355256032779534,0.9740559568775679,0.025944043122432148,3,6,1,0,0.9740559568775679
36,4,25,Z_only,1.5689943208637434,1.6108070011488855,0.04181268028514218,0.9995629886163344,0.00043701138366558645,12,13,0,0,
36,4,25,ZX_split,1.5689943208637434,1.5707963267948966,0.0018020059311532055,0.9999991881938757,8.118061243234109e-07,6,6,13,0,
36,4,25,RL_adaptive,1.5689943208637434,2.356194490192345,0.7872001693286015,0.8529157115976338,0.1470842884023662,0,1,24,0,0.8529157115976338
36,4,50,Z_only,1.5689943208637434,1.4907107467612375,0.07828357410250586,0.9984687027691455,0.0015312972308545447,27,23,0,0,
36,4,50,ZX_split,1.5689943208637434,1.7681918866447774,0.1991975657810341,0.9901128406803367,0.00988715931966333,10,15,25,0,
36,4,50,RL_adaptive,1.5689943208637434,1.631944489444198,0.06295016858045455,0.9990096461752815,0.0009903538247184596,23,26,1,0,0.9990096461752815
36,4,100,Z_only,1.5689943208637434,1.6910862091896848,0.12209188832594142,0.9962780196023547,0.0037219803976452637,44,56,0,0,
36,4,100,ZX_split,1.5689943208637434,1.451367400776558,0.11762692008718534,0.9965449633589759,0.0034550366410240896,28,22,50,0,
36,4,100,RL_adaptive,1.5689943208637434,1.5405025668761216,0.028491753987621715,0.9997970687171982,0.00020293128280179928,51,48,1,0,0.9997970687171982
36,4,250,Z_only,1.5689943208637434,1.5067525554007029,0.0622417654630405,0.9990318032877524,0.000968196712247571,133,117,0,0,
36,4,250,ZX_split,1.5689943208637434,1.658570219122117,0.08957589825837364,0.9979953805464672,0.0020046194535328077,57,68,125,0,
36,4,250,RL_adaptive,1.5689943208637434,2.356194490192345,0.7872001693286015,0.8529157115976338,0.1470842884023662,0,1,249,0,0.8529157115976338
36,4,500,Z_only,1.5689943208637434,1.6348400981890903,0.06584577732534691,0.9989164749705747,0.0010835250294253251,234,266,0,0,
36,4,500,ZX_split,1.5689943208637434,1.5468009332030268,0.022193387660716546,0.9998768684401608,0.00012313155983922908,128,122,250,0,
36,4,500,RL_adaptive,1.5689943208637434,1.5327385593514957,0.03625576151224763,0.9996714159347628,0.00032858406523716965,259,240,1,0,0.9996714159347628
37,0,10,Z_only,2.6170708346838425,2.498091544796509,0.11897928988733364,0.9964651550574372,0.0035348449425628425,1,9,0,0,
37,0,10,ZX_split,2.6170708346838425,2.601173153319209,0.01589768136463343,0.999936817262538,6.318273746197534e-05,0,5,4,1,
37,0,10,RL_adaptive,2.6170708346838425,2.356194490192345,0.26087634449149766,0.9830821579769622,0.01691784202303781,0,9,1,0,0.9830821579769622
37,0,25,Z_only,2.6170708346838425,3.141592653589793,0.5245218189059506,0.9327817566327395,0.06721824336726046,0,25,0,0,
37,0,25,ZX_split,2.6170708346838425,3.368391501643679,0.7513206669598365,0.8653940066275098,0.13460599337249024,0,12,5,8,
37,0,25,RL_adaptive,2.6170708346838425,2.677945044588987,0.06087420990514447,0.9990738686898111,0.0009261313101889268,0,1,18,6,0.9990738686898111
37,0,50,Z_only,2.6170708346838425,2.5680795491666966,0.04899128551714593,0.9994000834908491,0.0005999165091509218,4,46,0,0,
37,0,50,ZX_split,2.6170708346838425,2.7686049317897323,0.15153409710588983,0.994270330953033,0.005729669046967034,1,24,17,8,
37,0,50,RL_adaptive,2.6170708346838425,2.3353641701561276,0.28170666452771487,0.9802911962613575,0.019708803738642477,1,48,1,0,0.9802911962613575
37,0,100,Z_only,2.6170708346838425,2.5680795491666966,0.04899128551714593,0.9994000834908491,0.0005999165091509218,8,92,0,0,
37,0,100,ZX_split,2.6170708346838425,2.5636907166275473,0.05338011805629517,0.9992878098849094,0.0007121901150906051,2,48,40,10,
37,0,100,RL_adaptive,2.6170708346838425,2.3030530813474095,0.314017753336433,0.9755501181960596,0.024449881803940365,5,94,1,0,0.9755501181960596
37,0,250,Z_only,2.6170708346838425,2.613957171325011,0.0031136633588313423,0.9999975762770801,2.4237229199197685e-06,17,233,0,0,
37,0,250,ZX_split,2.6170708346838425,2.7626129928484904,0.14554215816464788,0.994713711350147,0.005286288649853033,6,119,85,40,
37,0,250,RL_adaptive,2.6170708346838425,2.65101019718203,0.03393936249818763,0.9997120575594987,0.0002879424405013431,0,1,191,58,0.9997120575594987
37,0,500,Z_only,2.6170708346838425,2.582996538251223,0.03407429643261928,0.9997097636640463,0.00029023633595370857,38,462,0,0,
37,0,500,ZX_split,2.6170708346838425,2.61183941547028,0.005231419213562294,0.9999931580788569,6.841921143085905e-06,14,236,190,60,
37,0,500,RL_adaptive,2.6170708346838425,2.269268128579777,0.3478027061040656,0.97006194590417,0.029938054095829947,40,459,1,0,0.97006194590417
37,1,10,Z_only,2.6170708346838425,3.141592653589793,0.5245218189059506,0.9327817566327395,0.06721824336726046,0,10,0,0,
37,1,10,ZX_split,2.6170708346838425,2.356194490192345,0.26087634449149766,0.9830821579769622,0.01691784202303781,1,4,4,1,
37,1,10,RL_adaptive,2.6170708346838425,3.9269908169872414,1.309919982303399,0.6289636718007101,0.3710363281992899,0,9,0,1,0.6289636718007101
37,1,25,Z_only,2.6170708346838425,3.141592653589793,0.5245218189059506,0.9327817566327395,0.06721824336726046,0,25,0,0,
37,1,25,ZX_split,2.6170708346838425,2.439335722080786,0.1777351126030564,0.9921233254241146,0.007876674575885367,0,12,12,1,
37,1,25,RL_adaptive,2.6170708346838425,2.5535900500422257,0.06348078464161677,0.998992885770062,0.0010071142299380442,0,1,20,4,0.998992885770062
37,1,50,Z_only,2.6170708346838425,2.7388768120091314,0.12180597732528886,0.9962954096951837,0.003704590304816291,2,48,0,0,
37,1,50,ZX_split,2.6170708346838425,2.9441970937399127,0.3271262590560702,0.9734848257878721,0.0265151742121279,0,25,15,10,
37,1,50,RL_adaptive,2.6170708346838425,2.3353641701561276,0.28170666452771487,0.9802911962613575,0.019708803738642477,1,48,1,0,0.9802911962613575
37,1,100,Z_only,2.6170708346838425,2.6905658417935308,0.07349500710968826,0.9986502287142187,0.0013497712857812871,5,95,0,0,
37,1,100,ZX_split,2.6170708346838425,2.6271413405307653,0.010070505846922817,0.9999746464422674,2.5353557732588072e-05,2,48,38,12,
37,1,100,RL_adaptive,2.6170708346838425,2.3030530813474095,0.314017753336433,0.9755501181960596,0.024449881803940365,5,94,1,0,0.9755501181960596
37,1,250,Z_only,2.6170708346838425,2.613957171325011,0.0031136633588313423,0.9999975762770801,2.4237229199197685e-06,17,233,0,0,
37,1,250,ZX_split,2.6170708346838425,2.555531795174669,0.0615390395091735,0.9990535354033018,0.0009464645966982266,3,122,102,23,
37,1,250,RL_adaptive,2.6170708346838425,2.6635919633151666,0.04652112863132407,0.9994590437204347,0.0005409562795652967,0,1,189,60,0.9994590437204347
37,1,500,Z_only,2.6170708346838425,2.638301606137403,0.02123077145356067,0.9998873178185506,0.00011268218144944164,31,469,0,0,
37,1,500,ZX_split,2.6170708346838425,2.6739924960022368,0.05692166131839427,0.999190199804765,0.000809800195235022,24,226,176,74,
37,1,500,RL_adaptive,2.6170708346838425,2.2900517979551647,0.3270190367286778,0.9735020495667748,0.026497950433225226,31,468,1,0,0.9735020495667748
37,2,10,Z_only,2.6170708346838425,2.498091544796509,0.11897928988733364,0.9964651550574372,0.0035348449425628425,1,9,0,0,
37,2,10,ZX_split,2.6170708346838425,2.9441970937399127,0.3271262590560702,0.9734848257878721,0.0265151742121279,0,5,3,2,
37,2,10,RL_adaptive,2.6170708346838425,2.356194490192345,0.26087634449149766,0.9830821579769622,0.01691784202303781,0,9,1,0,0.9830821579769622
37,2,25,Z_only,2.6170708346838425,2.4341094418104503,0.1829613928733922,0.9916546012918172,0.00834539870818285,3,22,0,0,
37,2,25,ZX_split,2.6170708346838425,2.647651284670212,0.03058044998636955,0.9997662272384974,0.00023377276150260418,0,12,10,3,
37,2,25,RL_adaptive,2.6170708346838425,2.613518205163434,0.00355262952040869,0.999996844709191,3.155290808964928e-06,0,1,19,5,0.999996844709191
37,2,50,Z_only,2.6170708346838425,2.857798544381465,0.24072770969762258,0.9855823695846777,0.014417630415322291,1,49,0,0,
37,2,50,ZX_split,2.6170708346838425,2.7270857790050074,0.11001494432116488,0.9969772286417603,0.0030227713582396953,0,25,18,7,
37,2,50,RL_adaptive,2.6170708346838425,2.2430435086018603,0.3740273260819822,0.9654317227090028,0.03456827729099721,5,44,1,0,0.9654317227090028
37,2,100,Z_only,2.6170708346838425,2.6905658417935308,0.07349500710968826,0.9986502287142187,0.0013497712857812871,5,95,0,0,
37,2,100,ZX_split,2.6170708346838425,2.746801533890032,0.1297306992061893,0.995798384168199,0.004201615831801009,1,49,35,15,
37,2,100,RL_adaptive,2.6170708346838425,3.9801322258321767,1.3630613911483342,0.60312203201281,0.39687796798719,5,94,0,1,0.60312203201281
37,2,250,Z_only,2.6170708346838425,2.6466585272488974,0.02958769256505489,0.9997811580779613,0.0002188419220386928,15,235,0,0,
37,2,250,ZX_split,2.6170708346838425,2.667564794590247,0.050493959906404484,0.9993627254222345,0.0006372745777655231,5,120,92,33,
37,2,250,RL_adaptive,2.6170708346838425,2.638595288200382,0.02152445351653931,0.9998841789469853,0.00011582105301466417,0,1,193,56,0.9998841789469853
37,2,500,Z_only,2.6170708346838425,2.630069649895716,0.012998815211873627,0.9999577582955725,4.2241704427459226e-05,32,468,0,0,
37,2,500,ZX_split,2.6170708346838425,2.6164285578311115,0.0006422768527309941,0.9999998968701147,1.0312988529825873e-07,18,232,187,63,
37,2,500,RL_adaptive,2.6170708346838425,4.004588471900871,1.3875176372170288,0.5911271617213223,0.4088728382786777,36,463,0,1,0.5911271617213223
37,3,10,Z_only,2.6170708346838425,2.2142974355881813,0.40277339909566123,0.9599887203146378,0.04001127968536222,2,8,0,0,
37,3,10,ZX_split,2.6170708346838425,2.601173153319209,0.01589768136463343,0.999936817262538,6.318273746197534e-05,0,5,4,1,
37,3,10,RL_adaptive,2.6170708346838425,2.2318394956455836,0.3852313390382589,0.9633557631921856,0.03664423680781437,1,8,1,0,0.9633557631921856
37,3,25,Z_only,2.6170708346838425,2.7388768120091314,0.12180597732528886,0.9962954096951837,0.003704590304816291,1,24,0,0,
37,3,25,ZX_split,2.6170708346838425,2.774418819771574,0.1573479850877315,0.993823162733504,0.0061768372664959825,0,12,9,4,
37,3,25,RL_adaptive,2.6170708346838425,2.613518205163434,0.00355262952040869,0.999996844709191,3.155290808964928e-06,0,1,19,5,0.999996844709191
37,3,50,Z_only,2.6170708346838425,2.6466585272488974,0.02958769256505489,0.9997811580779613,0.0002188419220386928,3,47,0,0,
37,3,50,ZX_split,2.6170708346838425,2.587285157388242,0.029785677295600443,0.9997782197544425,0.00022178024555752351,2,23,19,6,
37,3,50,RL_adaptive,2.6170708346838425,2.291069326857959,0.32600150782588333,0.9736652304825363,0.02633476951746372,3,46,1,0,0.9736652304825363
37,3,100,Z_only,2.6170708346838425,2.498091544796509,0.11897928988733364,0.9964651550574372,0.0035348449425628425,10,90,0,0,
37,3,100,ZX_split,2.6170708346838425,2.4905159321453136,0.12655490253852886,0.9960013054096191,0.003998694590380936,4,46,41,9,
37,3,100,RL_adaptive,2.6170708346838425,2.256525837701183,0.3605449969826595,0.9678523481512001,0.03214765184879986,9,90,1,0,0.9678523481512001
37,3,250,Z_only,2.6170708346838425,2.6466585272488974,0.02958769256505489,0.9997811580779613,0.0002188419220386928,15,235,0,0,
37,3,250,ZX_split,2.6170708346838425,2.623453588348256,0.006382753664413432,0.9999898151484922,1.0184851507832882e-05,9,116,93,32,
37,3,250,RL_adaptive,2.6170708346838425,2.708930230711289,0.0918593960274463,0.9978919458055403,0.0021080541944596964,0,1,182,67,0.9978919458055403
37,3,500,Z_only,2.6170708346838425,2.590589962957278,0.026480871726564548,0.9998247011023425,0.0001752988976575498,37,463,0,0,
37,3,500,ZX_split,2.6170708346838425,2.591518280914604,0.025552553769238706,0.9998367756304722,0.0001632243695277591,19,231,190,60,
37,3,500,RL_adaptive,2.6170708346838425,2.285497060408398,0.3315737742754443,0.9727656007972061,0.027234399202793913,33,466,1,0,0.9727656007972061
37,4,10,Z_only,2.6170708346838425,3.141592653589793,0.5245218189059506,0.9327817566327395,0.06721824336726046,0,10,0,0,
37,4,10,ZX_split,2.6170708346838425,2.9441970937399127,0.3271262590560702,0.9734848257878721,0.0265151742121279,0,5,3,2,
37,4,10,RL_adaptive,2.6170708346838425,2.356194490192345,0.26087634449149766,0.9830821579769622,0.01691784202303781,0,9,1,0,0.9830821579769622
37,4,25,Z_only,2.6170708346838425,2.4341094418104503,0.1829613928733922,0.9916546012918172,0.00834539870818285,3,22,0,0,
37,4,25,ZX_split,2.6170708346838425,2.448369527748807,0.1687013069350356,0.9929018258229585,0.007098174177041505,1,11,11,2,
37,4,25,RL_adaptive,2.6170708346838425,0.5280744484263596,2.0889963862574827,0.25234134456294904,0.747658655437051,1,0,19,5,0.25234134456294904
37,4,50,Z_only,2.6170708346838425,2.6466585272488974,0.02958769256505489,0.9997811580779613,0.0002188419220386928,3,47,0,0,
37,4,50,ZX_split,2.6170708346838425,2.5213431676069717,0.09572766707687075,0.9977108023834124,0.002289197616587635,2,23,20,5,
37,4,50,RL_adaptive,2.6170708346838425,2.3136669555725606,0.30340387911128186,0.9771625207815066,0.02283747921849344,2,47,1,0,0.9771625207815066
37,4,100,Z_only,2.6170708346838425,2.6060659992754056,0.011004835408436886,0.9999697237049646,3.0276295035380762e-05,7,93,0,0,
37,4,100,ZX_split,2.6170708346838425,2.5127963671743605,0.104274467509482,0.9972841709994574,0.002715829000542569,3,47,41,9,
37,4,100,RL_adaptive,2.6170708346838425,2.28025385392645,0.3368169807573924,0.9719056918796878,0.028094308120312217,7,92,1,0,0.9719056918796878
37,4,250,Z_only,2.6170708346838425,2.630069649895716,0.012998815211873627,0.9999577582955725,4.2241704427459226e-05,16,234,0,0,
37,4,250,ZX_split,2.6170708346838425,2.5904497037865957,0.026621130897246825,0.9998228393103964,0.00017716068960360598,8,117,96,29,
37,4,250,RL_adaptive,2.6170708346838425,0.49058245640776293,2.1264883782760795,0.23623432558547888,0.7637656744145211,1,0,191,58,0.23623432558547888
37,4,500,Z_only,2.6170708346838425,2.5982784062346456,0.01879242844919693,0.9999117137565212,8.828624347878566e-05,36,464,0,0,
37,4,500,ZX_split,2.6170708346838425,2.640227092122123,0.023156257438280647,0.9998659529253305,0.0001340470746694633,21,229,182,68,
37,4,500,RL_adaptive,2.6170708346838425,2.2809060328105297,0.33616480187331277,0.9720133590518405,0.027986640948159502,35,464,1,0,0.9720133590518405
38,0,10,Z_only,4.215903252311429,2.498091544796509,1.7178117075149197,0.42675681698054496,0.5732431830194551,1,9,0,0,
38,0,10,ZX_split,4.215903252311429,4.90978454023457,0.6938812879231415,0.8843848139758562,0.11561518602414378,3,2,0,5,
38,0,10,RL_adaptive,4.215903252311429,4.205290475992353,0.010612776319075756,0.9999718425089859,2.8157491014146885e-05,2,7,0,1,0.9999718425089859
38,0,25,Z_only,4.215903252311429,2.5680795491666966,1.647823703144732,0.46152438553803776,0.5384756144619622,2,23,0,0,
38,0,25,ZX_split,4.215903252311429,4.547240302970063,0.33133705065863417,0.9728041180455012,0.027195881954498846,5,7,0,13,
38,0,25,RL_adaptive,4.215903252311429,3.836330929786496,0.37957232252493256,0.9644115924856895,0.03558840751431047,0,1,2,22,0.9644115924856895
38,0,50,Z_only,4.215903252311429,1.8545904360032244,2.361312816308204,0.14464164681072522,0.8553583531892748,18,32,0,0,
38,0,50,ZX_split,4.215903252311429,4.439380277297979,0.22347702498655053,0.9875663809290861,0.012433619070913893,9,16,0,25,
38,0,50,RL_adaptive,4.215903252311429,4.177993503630276,0.0379097486811526,0.9996407557657838,0.0003592442342161828,10,39,0,1,0.9996407557657838
38,0,100,Z_only,4.215903252311429,2.117647277490841,2.098255974820588,0.2483300606416426,0.7516699393583575,24,76,0,0,
38,0,100,ZX_split,4.215903252311429,4.197937667325662,0.017965584985766725,0.9999193116093288,8.068839067121303e-05,12,38,2,48,
38,0,100,RL_adaptive,4.215903252311429,4.174945661802932,0.0409575905084969,0.9995806775684795,0.00041932243152054127,20,79,0,1,0.9995806775684795
38,0,250,Z_only,4.215903252311429,1.964920872345521,2.2509823799659077,0.185531158497716,0.814468841502284,77,173,0,0,
38,0,250,ZX_split,4.215903252311429,4.061014018567304,0.15488923374412433,0.9940143124093738,0.005985687590626232,24,101,12,113,
38,0,250,RL_adaptive,4.215903252311429,3.858428921874169,0.3574743304372596,0.9683917829981196,0.031608217001880434,0,1,16,233,0.9683917829981196
38,0,500,Z_only,4.215903252311429,2.062354336982436,2.1535489153289924,0.22483785236669676,0.7751621476333033,132,368,0,0,
38,0,500,ZX_split,4.215903252311429,4.173344995065026,0.0425582572464025,0.9995472670239215,0.00045273297607850704,61,189,18,232,
38,0,500,RL_adaptive,4.215903252311429,4.265716296949418,0.049813044637989634,0.9993797934071413,0.0006202065928586631,130,369,0,1,0.9993797934071413
38,1,10,Z_only,4.215903252311429,1.9823131728623844,2.233590079449044,0.19233925035377902,0.8076607496462209,3,7,0,0,
38,1,10,ZX_split,4.215903252311429,4.171969480114106,0.04393377219732297,0.9995175335263994,0.0004824664736006179,1,4,0,5,
38,1,10,RL_adaptive,4.215903252311429,4.205290475992353,0.010612776319075756,0.9999718425089859,2.8157491014146885e-05,2,7,0,1,0.9999718425089859
38,1,25,Z_only,4.215903252311429,2.2142974355881813,2.0016058167232473,0.291196767806925,0.7088032321930751,5,20,0,0,
38,1,25,ZX_split,4.215903252311429,4.2487413713838835,0.03283811907245493,0.9997304387085253,0.000269561291474707,3,9,0,13,
38,1,25,RL_adaptive,4.215903252311429,3.7850937623830774,0.4308094899283512,0.9543139995924897,0.04568600040751025,0,1,3,21,0.9543139995924897
38,1,50,Z_only,4.215903252311429,2.0714510391994847,2.144452213111944,0.22864683504511624,0.7713531649548837,13,37,0,0,
38,1,50,ZX_split,4.215903252311429,3.9269908169872414,0.2889124353241872,0.9792771501432432,0.020722849856756764,2,23,2,23,
38,1,50,RL_adaptive,4.215903252311429,4.307497194099606,0.0915939417881777,0.9979041033568152,0.002095896643184769,14,35,0,1,0.9979041033568152
38,1,100,Z_only,4.215903252311429,2.1412334361948187,2.07466981611661,0.2585893799202384,0.7414106200797617,23,77,0,0,
38,1,100,ZX_split,4.215903252311429,4.012496110665446,0.2034071416459824,0.9896919979991267,0.01030800200087334,9,41,6,44,
38,1,100,RL_adaptive,4.215903252311429,4.236693761529697,0.020790509218268305,0.9998919425739712,0.00010805742602881807,24,75,0,1,0.9998919425739712
38,1,250,Z_only,4.215903252311429,2.127040128563967,2.0888631237474615,0.2523992301411899,0.7476007698588101,59,191,0,0,
38,1,250,ZX_split,4.215903252311429,4.301324432994825,0.08542118068339644,0.9981769144314637,0.0018230855685362757,37,88,4,121,
38,1,250,RL_adaptive,4.215903252311429,3.871961685093584,0.34394156721784475,0.9707164419278794,0.029283558072120575,0,1,13,236,0.9707164419278794
38,1,500,Z_only,4.215903252311429,2.062354336982436,2.1535489153289924,0.22483785236669676,0.7751621476333033,132,368,0,0,
38,1,500,ZX_split,4.215903252311429,4.173283539804533,0.042619712506895446,0.9995459587609183,0.0004540412390816595,58,192,13,237,
38,1,500,RL_adaptive,4.215903252311429,4.239962666336435,0.024059414025006554,0.999855293129758,0.00014470687024203954,122,377,0,1,0.999855293129758
38,2,10,Z_only,4.215903252311429,1.7721542475852272,2.443749004726201,0.1168852162251124,0.8831147837748876,4,6,0,0,
38,2,10,ZX_split,4.215903252311429,4.171969480114106,0.04393377219732297,0.9995175335263994,0.0004824664736006179,1,4,0,5,
38,2,10,RL_adaptive,4.215903252311429,4.051345811534002,0.1645574407774264,0.9932454750642971,0.0067545249357029435,1,8,0,1,0.9932454750642971
38,2,25,Z_only,4.215903252311429,2.117647277490841,2.098255974820588,0.2483300606416426,0.7516699393583575,6,19,0,0,
38,2,25,ZX_split,4.215903252311429,4.3371181575287325,0.12121490521730394,0.9963312321071941,0.003668767892805902,4,8,1,12,
38,2,25,RL_adaptive,4.215903252311429,3.9269908169872414,0.2889124353241872,0.9792771501432432,0.020722849856756764,0,1,0,24,0.9792771501432432
38,2,50,Z_only,4.215903252311429,2.2652945924214523,1.9506086598899763,0.3146269083677808,0.6853730916322192,9,41,0,0,
38,2,50,ZX_split,4.215903252311429,4.112338766982936,0.1035644853284925,0.9973209951244711,0.0026790048755288565,6,19,3,22,
38,2,50,RL_adaptive,4.215903252311429,4.378443908539795,0.16254065622836666,0.9934096623876822,0.006590337612317754,16,33,0,1,0.9934096623876822
38,2,100,Z_only,4.215903252311429,2.048791525313849,2.1671117269975797,0.2192011920150016,0.7807988079849983,27,73,0,0,
38,2,100,ZX_split,4.215903252311429,4.3906384259880475,0.17473517367661895,0.9923863063957201,0.007613693604279881,18,32,4,46,
38,2,100,RL_adaptive,4.215903252311429,4.252789932259912,0.03688667994848327,0.9996598817777257,0.00034011822227431043,25,74,0,1,0.9996598817777257
38,2,250,Z_only,4.215903252311429,2.0990200959485676,2.116883156362861,0.2403264191158803,0.7596735808841197,62,188,0,0,
38,2,250,ZX_split,4.215903252311429,4.252225677841025,0.036322425529596636,0.9996702066118497,0.00032979338815031234,34,91,5,120,
38,2,250,RL_adaptive,4.215903252311429,3.8629758391528974,0.35292741315853116,0.96918244281839,0.030817557181609945,0,1,15,234,0.96918244281839
38,2,500,Z_only,4.215903252311429,2.15076771037372,2.0651355419377087,0.26277496119654925,0.7372250388034507,113,387,0,0,
38,2,500,ZX_split,4.215903252311429,4.224270732517346,0.008367480205917488,0.9999824964208768,1.7503579123223645e-05,65,185,12,238,
38,2,500,RL_adaptive,4.215903252311429,4.272256906117038,0.056353653805609305,0.9992062765136223,0.0007937234863777398,132,367,0,1,0.9992062765136223
38,3,10,Z_only,4.215903252311429,1.7721542475852272,2.443749004726201,0.1168852162251124,0.8831147837748876,4,6,0,0,
38,3,10,ZX_split,4.215903252311429,3.9269908169872414,0.2889124353241872,0.9792771501432432,0.020722849856756764,0,5,0,5,
38,3,10,RL_adaptive,4.215903252311429,4.205290475992353,0.010612776319075756,0.9999718425089859,2.8157491014146885e-05,2,7,0,1,0.9999718425089859
38,3,25,Z_only,4.215903252311429,2.4341094418104503,1.7817938105009783,0.39528231706012584,0.6047176829398742,3,22,0,0,
38,3,25,ZX_split,4.215903252311429,3.945856503008912,0.2700467493025167,0.9818792129020557,0.01812078709794429,2,10,2,11,
38,3,25,RL_adaptive,4.215903252311429,5.541238039173669,1.32533478686224,0.6215020280268725,0.3784979719731275,1,0,1,23,0.6215020280268725
38,3,50,Z_only,4.215903252311429,2.165182126795959,2.05072112551547,0.2691437644586133,0.7308562355413867,11,39,0,0,
38,3,50,ZX_split,4.215903252311429,3.9824893222329583,0.23341393007847033,0.9864412115983148,0.013558788401685229,4,21,3,22,
38,3,50,RL_adaptive,4.215903252311429,4.342482912928132,0.12657966061670312,0.9959997428080613,0.00400025719193875,15,34,0,1,0.9959997428080613
38,3,100,Z_only,4.215903252311429,2.117647277490841,2.098255974820588,0.2483300606416426,0.7516699393583575,24,76,0,0,
38,3,100,ZX_split,4.215903252311429,4.488912379244057,0.273009126932628,0.9814819527162761,0.01851804728372386,20,30,3,47,
38,3,100,RL_adaptive,4.215903252311429,4.189985548668161,0.025917703643267842,0.999832077559622,0.00016792244037799886,21,78,0,1,0.999832077559622
38,3,250,Z_only,4.215903252311429,2.044291838944953,2.1716114133664757,0.21734249713367432,0.7826575028663256,68,182,0,0,
38,3,250,ZX_split,4.215903252311429,4.282948555155227,0.06704530284379828,0.9988766527302017,0.001123347269798347,38,87,9,116,
38,3,250,RL_adaptive,4.215903252311429,3.853845681988801,0.3620575703226274,0.9675850070389536,0.03241499296104644,0,1,17,232,0.9675850070389536
38,3,500,Z_only,4.215903252311429,2.0990200959485676,2.116883156362861,0.2403264191158803,0.7596735808841197,124,376,0,0,
38,3,500,ZX_split,4.215903252311429,4.191250836900572,0.0246524154108565,0.999848072298235,0.0001519277017649756,63,187,17,233,
38,3,500,RL_adaptive,4.215903252311429,4.265716296949418,0.049813044637989634,0.9993797934071413,0.0006202065928586631,130,369,0,1,0.9993797934071413
38,4,10,Z_only,4.215903252311429,2.2142974355881813,2.0016058167232473,0.291196767806925,0.7088032321930751,2,8,0,0,
38,4,10,ZX_split,4.215903252311429,4.514993420534809,0.29909016822338064,0.9778024836761752,0.02219751632382483,2,3,0,5,
38,4,10,RL_adaptive,4.215903252311429,4.205290475992353,0.010612776319075756,0.9999718425089859,2.8157491014146885e-05,2,7,0,1,0.9999718425089859
38,4,25,Z_only,4.215903252311429,2.2142974355881813,2.0016058167232473,0.291196767806925,0.7088032321930751,5,20,0,0,
38,4,25,ZX_split,4.215903252311429,4.045082845406336,0.1708204069050927,0.992722818437611,0.00727718156238899,2,10,1,12,
38,4,25,RL_adaptive,4.215903252311429,5.541238039173669,1.32533478686224,0.6215020280268725,0.3784979719731275,1,0,1,23,0.6215020280268725
38,4,50,Z_only,4.215903252311429,2.0714510391994847,2.144452213111944,0.22864683504511624,0.7713531649548837,13,37,0,0,
38,4,50,ZX_split,4.215903252311429,4.570491925780526,0.35458867346909706,0.9688946913172244,0.031105308682775612,11,14,2,23,
38,4,50,RL_adaptive,4.215903252311429,4.177993503630276,0.0379097486811526,0.9996407557657838,0.0003592442342161828,10,39,0,1,0.9996407557657838
38,4,100,Z_only,4.215903252311429,1.8965258140895267,2.3193774382219017,0.15970005537803425,0.8402999446219658,34,66,0,0,
38,4,100,ZX_split,4.215903252311429,4.178680788745428,0.03722246356600056,0.9996536620422336,0.0003463379577663961,12,38,3,47,
38,4,100,RL_adaptive,4.215903252311429,4.160170617634058,0.055732634677370996,0.9992236693376333,0.0007763306623667088,19,80,0,1,0.9992236693376333
38,4,250,Z_only,4.215903252311429,2.062354336982436,2.1535489153289924,0.22483785236669676,0.7751621476333033,66,184,0,0,
38,4,250,ZX_split,4.215903252311429,4.090231099772079,0.12567215253934982,0.9960568213324981,0.003943178667501934,27,98,13,112,
38,4,250,RL_adaptive,4.215903252311429,3.849225877384509,0.36667737492691943,0.9667618547649706,0.03323814523502944,0,1,18,231,0.9667618547649706
38,4,500,Z_only,4.215903252311429,2.080593246951929,2.1353100053594996,0.23249749441415432,0.7675025055858457,128,372,0,0,
38,4,500,ZX_split,4.215903252311429,4.206940639511032,0.008962612800396563,0.9999799180273776,2.0081972622376654e-05,68,182,22,228,
38,4,500,RL_adaptive,4.215903252311429,4.259216411283312,0.04331315897188315,0.9995310658830421,0.00046893411695791976,128,371,0,1,0.9995310658830421
39,0,10,Z_only,3.1429672169954475,3.141592653589793,0.0013745634056543388,0.9999995276439353,4.723560647068581e-07,0,10,0,0,
39,0,10,ZX_split,3.1429672169954475,2.9441970937399127,0.19877012325553478,0.9901550876733665,0.009844912326633537,0,5,3,2,
39,0,10,RL_adaptive,3.1429672169954475,2.356194490192345,0.7867727268031026,0.8530670751874803,0.14693292481251974,0,9,1,0,0.8530670751874803
39,0,25,Z_only,3.1429672169954475,3.141592653589793,0.0013745634056543388,0.9999995276439353,4.723560647068581e-07,0,25,0,0,
39,0,25,ZX_split,3.1429672169954475,3.635534022509374,0.49256680551392673,0.940560974096301,0.05943902590369898,0,12,3,10,
39,0,25,RL_adaptive,3.1429672169954475,3.2247338854782344,0.08176666848278691,0.9983294840188397,0.0016705159811603032,0,1,11,13,0.9983294840188397
39,0,50,Z_only,3.1429672169954475,3.141592653589793,0.0013745634056543388,0.9999995276439353,4.723560647068581e-07,0,50,0,0,
39,0,50,ZX_split,3.1429672169954475,3.0221637275714546,0.12080348942399288,0.996356063947741,0.003643936052258989,0,25,14,11,
39,0,50,RL_adaptive,3.1429672169954475,2.356194490192345,0.7867727268031026,0.8530670751874803,0.14693292481251974,0,49,1,0,0.8530670751874803
39,0,100,Z_only,3.1429672169954475,3.141592653589793,0.0013745634056543388,0.9999995276439353,4.723560647068581e-07,0,100,0,0,
39,0,100,ZX_split,3.1429672169954475,3.0221637275714546,0.12080348942399288,0.996356063947741,0.003643936052258989,0,50,28,22,
39,0,100,RL_adaptive,3.1429672169954475,3.9269908169872414,0.7840235999917939,0.8540390379867142,0.1459609620132858,0,99,0,1,0.8540390379867142
39,0,250,Z_only,3.1429672169954475,3.141592653589793,0.0013745634056543388,0.9999995276439353,4.723560647068581e-07,0,250,0,0,
39,0,250,ZX_split,3.1429672169954475,3.1016139664665032,0.04135325052894423,0.9995725380894571,0.0004274619105428812,0,125,65,60,
39,0,250,RL_adaptive,3.1429672169954475,3.0734253440555834,0.06954187293986402,0.9987914691399928,0.001208530860007162,0,1,133,116,0.9987914691399928
39,0,500,Z_only,3.1429672169954475,3.141592653589793,0.0013745634056543388,0.9999995276439353,4.723560647068581e-07,0,500,0,0,
39,0,500,ZX_split,3.1429672169954475,3.0856510823562324,0.05731613463921503,0.9991789399891389,0.0008210600108611299,0,250,132,118,
39,0,500,RL_adaptive,3.1429672169954475,2.356194490192345,0.7867727268031026,0.8530670751874803,0.14693292481251974,0,499,1,0,0.8530670751874803
39,1,10,Z_only,3.1429672169954475,3.141592653589793,0.0013745634056543388,0.9999995276439353,4.723560647068581e-07,0,10,0,0,
39,1,10,ZX_split,3.1429672169954475,3.3389882134396736,0.1960209964442261,0.9904246616510956,0.00957533834890445,0,5,2,3,
39,1,10,RL_adaptive,3.1429672169954475,2.356194490192345,0.7867727268031026,0.8530670751874803,0.14693292481251974,0,9,1,0,0.8530670751874803
39,1,25,Z_only,3.1429672169954475,3.141592653589793,0.0013745634056543388,0.9999995276439353,4.723560647068581e-07,0,25,0,0,
39,1,25,ZX_split,3.1429672169954475,3.5087664874080122,0.36579927041256477,0.9669190819052861,0.03308091809471392,0,12,4,9,
39,1,25,RL_adaptive,3.1429672169954475,3.30674133100442,0.16377411400897257,0.9933094843672776,0.0066905156327223825,0,1,10,14,0.9933094843672776
39,1,50,Z_only,3.1429672169954475,3.141592653589793,0.0013745634056543388,0.9999995276439353,4.723560647068581e-07,0,50,0,0,
39,1,50,ZX_split,3.1429672169954475,3.1016139664665032,0.04135325052894423,0.9995725380894571,0.0004274619105428812,0,25,13,12,
39,1,50,RL_adaptive,3.1429672169954475,2.356194490192345,0.7867727268031026,0.8530670751874803,0.14693292481251974,0,49,1,0,0.8530670751874803
39,1,100,Z_only,3.1429672169954475,3.141592653589793,0.0013745634056543388,0.9999995276439353,4.723560647068581e-07,0,100,0,0,
39,1,100,ZX_split,3.1429672169954475,3.141592653589793,0.0013745634056543388,0.9999995276439353,4.723560647068581e-07,0,50,25,25,
39,1,100,RL_adaptive,3.1429672169954475,3.9269908169872414,0.7840235999917939,0.8540390379867142,0.1459609620132858,0,99,0,1,0.8540390379867142
39,1,250,Z_only,3.1429672169954475,3.141592653589793,0.0013745634056543388,0.9999995276439353,4.723560647068581e-07,0,250,0,0,
39,1,250,ZX_split,3.1429672169954475,3.0538187612625727,0.08914845573287478,0.9980144537348232,0.001985546265176774,0,125,68,57,
39,1,250,RL_adaptive,3.1429672169954475,3.153640263443979,0.010673046448531398,0.9999715217902171,2.8478209782911712e-05,0,1,123,126,0.9999715217902171
39,1,500,Z_only,3.1429672169954475,3.141592653589793,0.0013745634056543388,0.9999995276439353,4.723560647068581e-07,0,500,0,0,
39,1,500,ZX_split,3.1429672169954475,3.12559401871345,0.01737319828199757,0.9999245448932644,7.545510673556688e-05,0,250,127,123,
39,1,500,RL_adaptive,3.1429672169954475,2.356194490192345,0.7867727268031026,0.8530670751874803,0.14693292481251974,0,499,1,0,0.8530670751874803
39,2,10,Z_only,3.1429672169954475,3.141592653589793,0.0013745634056543388,0.9999995276439353,4.723560647068581e-07,0,10,0,0,
39,2,10,ZX_split,3.1429672169954475,2.9441970937399127,0.19877012325553478,0.9901550876733665,0.009844912326633537,0,5,3,2,
39,2,10,RL_adaptive,3.1429672169954475,3.9269908169872414,0.7840235999917939,0.8540390379867142,0.1459609620132858,0,9,0,1,0.8540390379867142
39,2,25,Z_only,3.1429672169954475,3.141592653589793,0.0013745634056543388,0.9999995276439353,4.723560647068581e-07,0,25,0,0,
39,2,25,ZX_split,3.1429672169954475,2.647651284670212,0.4953159323252354,0.9399092940341466,0.06009070596585342,0,12,10,3,
39,2,25,RL_adaptive,3.1429672169954475,3.5363837732895544,0.393416556294107,0.9618023645507093,0.03819763544929067,0,1,7,17,0.9618023645507093
39,2,50,Z_only,3.1429672169954475,3.141592653589793,0.0013745634056543388,0.9999995276439353,4.723560647068581e-07,0,50,0,0,
39,2,50,ZX_split,3.1429672169954475,3.3389882134396736,0.1960209964442261,0.9904246616510956,0.00957533834890445,0,25,10,15,
39,2,50,RL_adaptive,3.1429672169954475,3.9269908169872414,0.7840235999917939,0.8540390379867142,0.1459609620132858,0,49,0,1,0.8540390379867142
39,2,100,Z_only,3.1429672169954475,3.141592653589793,0.0013745634056543388,0.9999995276439353,4.723560647068581e-07,0,100,0,0,
39,2,100,ZX_split,3.1429672169954475,3.141592653589793,0.0013745634056543388,0.9999995276439353,4.723560647068581e-07,0,50,25,25,
39,2,100,RL_adaptive,3.1429672169954475,2.356194490192345,0.7867727268031026,0.8530670751874803,0.14693292481251974,0,99,1,0,0.8530670751874803
39,2,250,Z_only,3.1429672169954475,3.141592653589793,0.0013745634056543388,0.9999995276439353,4.723560647068581e-07,0,250,0,0,
39,2,250,ZX_split,3.1429672169954475,2.8984972274079497,0.24446998958749777,0.9851328730416173,0.01486712695838266,0,125,78,47,
39,2,250,RL_adaptive,3.1429672169954475,3.153640263443979,0.010673046448531398,0.9999715217902171,2.8478209782911712e-05,0,1,123,126,0.9999715217902171
39,2,500,Z_only,3.1429672169954475,3.141592653589793,0.0013745634056543388,0.9999995276439353,4.723560647068581e-07,0,500,0,0,
39,2,500,ZX_split,3.1429672169954475,3.3080383471383366,0.1650711301428891,0.9932033347795969,0.00679666522040312,0,250,104,146,
39,2,500,RL_adaptive,3.1429672169954475,2.356194490192345,0.7867727268031026,0.8530670751874803,0.14693292481251974,0,499,1,0,0.8530670751874803
39,3,10,Z_only,3.1429672169954475,3.141592653589793,0.0013745634056543388,0.9999995276439353,4.723560647068581e-07,0,10,0,0,
39,3,10,ZX_split,3.1429672169954475,3.3389882134396736,0.1960209964442261,0.9904246616510956,0.00957533834890445,0,5,2,3,
39,3,10,RL_adaptive,3.1429672169954475,2.356194490192345,0.7867727268031026,0.8530670751874803,0.14693292481251974,0,9,1,0,0.8530670751874803
39,3,25,Z_only,3.1429672169954475,3.141592653589793,0.0013745634056543388,0.9999995276439353,4.723560647068581e-07,0,25,0,0,
39,3,25,ZX_split,3.1429672169954475,3.368391501643679,0.2254242846482315,0.9873496793637142,0.012650320636285795,0,12,5,8,
39,3,25,RL_adaptive,3.1429672169954475,3.141592653589793,0.0013745634056543388,0.9999995276439353,4.723560647068581e-07,0,1,12,12,0.9999995276439353
39,3,50,Z_only,3.1429672169954475,3.141592653589793,0.0013745634056543388,0.9999995276439353,4.723560647068581e-07,0,50,0,0,
39,3,50,ZX_split,3.1429672169954475,3.1016139664665032,0.04135325052894423,0.9995725380894571,0.0004274619105428812,0,25,13,12,
39,3,50,RL_adaptive,3.1429672169954475,3.9269908169872414,0.7840235999917939,0.8540390379867142,0.1459609620132858,0,49,0,1,0.8540390379867142
39,3,100,Z_only,3.1429672169954475,3.141592653589793,0.0013745634056543388,0.9999995276439353,4.723560647068581e-07,0,100,0,0,
39,3,100,ZX_split,3.1429672169954475,2.9441970937399127,0.19877012325553478,0.9901550876733665,0.009844912326633537,0,50,30,20,
39,3,100,RL_adaptive,3.1429672169954475,2.356194490192345,0.7867727268031026,0.8530670751874803,0.14693292481251974,0,99,1,0,0.8530670751874803
39,3,250,Z_only,3.1429672169954475,3.141592653589793,0.0013745634056543388,0.9999995276439353,4.723560647068581e-07,0,250,0,0,
39,3,250,ZX_split,3.1429672169954475,3.0538187612625727,0.08914845573287478,0.9980144537348232,0.001985546265176774,0,125,68,57,
39,3,250,RL_adaptive,3.1429672169954475,3.1054638030770176,0.03750341391842982,0.9996484146979187,0.00035158530208134753,0,1,129,120,0.9996484146979187
39,3,500,Z_only,3.1429672169954475,3.141592653589793,0.0013745634056543388,0.9999995276439353,4.723560647068581e-07,0,500,0,0,
39,3,500,ZX_split,3.1429672169954475,3.205505486378527,0.06253826938307938,0.9990225598448476,0.0009774401551524425,0,250,117,133,
39,3,500,RL_adaptive,3.1429672169954475,2.356194490192345,0.7867727268031026,0.8530670751874803,0.14693292481251974,0,499,1,0,0.8530670751874803
39,4,10,Z_only,3.1429672169954475,3.141592653589793,0.0013745634056543388,0.9999995276439353,4.723560647068581e-07,0,10,0,0,
39,4,10,ZX_split,3.1429672169954475,3.9269908169872414,0.7840235999917939,0.8540390379867142,0.1459609620132858,0,5,0,5,
39,4,10,RL_adaptive,3.1429672169954475,3.9269908169872414,0.7840235999917939,0.8540390379867142,0.1459609620132858,0,9,0,1,0.8540390379867142
39,4,25,Z_only,3.1429672169954475,3.141592653589793,0.0013745634056543388,0.9999995276439353,4.723560647068581e-07,0,25,0,0,
39,4,25,ZX_split,3.1429672169954475,3.5087664874080122,0.36579927041256477,0.9669190819052861,0.03308091809471392,0,12,4,9,
39,4,25,RL_adaptive,3.1429672169954475,3.141592653589793,0.0013745634056543388,0.9999995276439353,4.723560647068581e-07,0,1,12,12,0.9999995276439353
39,4,50,Z_only,3.1429672169954475,3.141592653589793,0.0013745634056543388,0.9999995276439353,4.723560647068581e-07,0,50,0,0,
39,4,50,ZX_split,3.1429672169954475,2.9441970937399127,0.19877012325553478,0.9901550876733665,0.009844912326633537,0,25,15,10,
39,4,50,RL_adaptive,3.1429672169954475,2.356194490192345,0.7867727268031026,0.8530670751874803,0.14693292481251974,0,49,1,0,0.8530670751874803
39,4,100,Z_only,3.1429672169954475,3.141592653589793,0.0013745634056543388,0.9999995276439353,4.723560647068581e-07,0,100,0,0,
39,4,100,ZX_split,3.1429672169954475,3.2610215796081317,0.1180543626126842,0.9965198365563892,0.0034801634436107953,0,50,22,28,
39,4,100,RL_adaptive,3.1429672169954475,3.9269908169872414,0.7840235999917939,0.8540390379867142,0.1459609620132858,0,99,0,1,0.8540390379867142
39,4,250,Z_only,3.1429672169954475,3.141592653589793,0.0013745634056543388,0.9999995276439353,4.723560647068581e-07,0,250,0,0,
39,4,250,ZX_split,3.1429672169954475,3.0221637275714546,0.12080348942399288,0.996356063947741,0.003643936052258989,0,125,70,55,
39,4,250,RL_adaptive,3.1429672169954475,3.0574544130586223,0.08551280393682514,0.998173003814497,0.0018269961855029715,0,1,135,114,0.998173003814497
39,4,500,Z_only,3.1429672169954475,3.141592653589793,0.0013745634056543388,0.9999995276439353,4.723560647068581e-07,0,500,0,0,
39,4,500,ZX_split,3.1429672169954475,3.2293665459170136,0.0863993289215661,0.9981349496161568,0.0018650503838432142,0,250,114,136,
39,4,500,RL_adaptive,3.1429672169954475,3.9269908169872414,0.7840235999917939,0.8540390379867142,0.1459609620132858,0,499,0,1,0.8540390379867142
40,0,10,Z_only,5.701417447607752,0.0,0.5817678595718343,0.9177462569740399,0.08225374302596011,10,0,0,0,
40,0,10,ZX_split,5.701417447607752,0.19739555984988072,0.7791634194217147,0.8557508195371946,0.14424918046280544,5,0,3,2,
40,0,10,RL_adaptive,5.701417447607752,5.373432149235376,0.32798529837237567,0.9733466365502296,0.02665336344977043,8,1,0,1,0.9733466365502296
40,0,25,Z_only,5.701417447607752,0.40271584158066176,0.9844837011524961,0.7766466290812138,0.22335337091878615,24,1,0,0,
40,0,25,ZX_split,5.701417447607752,5.850777531609048,0.1493600840012963,0.9944332516670727,0.005566748332927252,11,1,4,9,
40,0,25,RL_adaptive,5.701417447607752,5.81953769817878,0.11812025057102815,0.9965159553256931,0.003484044674306852,1,0,6,18,0.9965159553256931
40,0,50,Z_only,5.701417447607752,0.9272952180016121,1.5090630775734466,0.5308470229256887,0.46915297707431125,40,10,0,0,
40,0,50,ZX_split,5.701417447607752,5.662935821196765,0.03848162641098707,0.9996298367898111,0.00037016321018890075,23,2,5,20,
40,0,50,RL_adaptive,5.701417447607752,5.4091312619147,0.29228618569305187,0.9787938159985216,0.021206184001478445,45,4,0,1,0.9787938159985216
40,0,100,Z_only,5.701417447607752,0.5355266543143876,1.1172945138862218,0.719058029015781,0.280941970984219,93,7,0,0,
40,0,100,ZX_split,5.701417447607752,5.749477115540325,0.04805966793257266,0.9994226782139218,0.0005773217860781665,47,3,12,38,
40,0,100,RL_adaptive,5.701417447607752,0.8850668158886104,1.4668346754604444,0.5518872412445766,0.44811275875542345,90,9,1,0,0.5518872412445766
40,0,250,Z_only,5.701417447607752,0.5585961153385702,1.1403639749104046,0.7086318782546671,0.2913681217453329,231,19,0,0,
40,0,250,ZX_split,5.701417447607752,5.697342527487425,0.0040749201203267305,0.9999958487622475,4.151237752547665e-06,116,9,27,98,
40,0,250,RL_adaptive,5.701417447607752,5.8179325631207055,0.11651511551295357,0.9966098948435899,0.003390105156410139,1,0,62,187,0.9966098948435899
40,0,500,Z_only,5.701417447607752,0.6093853080307949,1.1911531676026295,0.6852945301828488,0.3147054698171512,455,45,0,0,
40,0,500,ZX_split,5.701417447607752,5.658076772946663,0.04334067466108937,0.9995304699845331,0.0004695300154669013,222,28,55,195,
40,0,500,RL_adaptive,5.701417447607752,5.4132068051339814,0.2882106424737705,0.979377005976702,0.020622994023298036,460,39,0,1,0.979377005976702
40,1,10,Z_only,5.701417447607752,0.6435011087932843,1.2252689683651186,0.6693464571351804,0.3306535428648196,9,1,0,0,
40,1,10,ZX_split,5.701417447607752,6.085789747329706,0.38437229972195386,0.9635169943247189,0.036483005675281066,5,0,2,3,
40,1,10,RL_adaptive,5.701417447607752,5.373432149235376,0.32798529837237567,0.9733466365502296,0.02665336344977043,8,1,0,1,0.9733466365502296
40,1,25,Z_only,5.701417447607752,0.5735131044230967,1.1552809639949313,0.7018307468652955,0.29816925313470455,23,2,0,0,
40,1,25,ZX_split,5.701417447607752,5.677640643574616,0.023776804033135868,0.9998586725558096,0.00014132744419037557,12,0,2,11,
40,1,25,RL_adaptive,5.701417447607752,5.639684198386302,0.06173324922144996,0.9990475540232833,0.0009524459767167315,1,0,3,21,0.9990475540232833
40,1,50,Z_only,5.701417447607752,0.6435011087932843,1.2252689683651186,0.6693464571351804,0.3306535428648196,45,5,0,0,
40,1,50,ZX_split,5.701417447607752,5.840811084202842,0.13939363659508963,0.9951502140029851,0.00484978599701491,22,3,8,17,
40,1,50,RL_adaptive,5.701417447607752,5.455259609162353,0.24615783844539862,0.9849279168596546,0.01507208314034536,47,2,0,1,0.9849279168596546
40,1,100,Z_only,5.701417447607752,0.5355266543143876,1.1172945138862218,0.719058029015781,0.280941970984219,93,7,0,0,
40,1,100,ZX_split,5.701417447607752,5.5602059537780955,0.14121149382965648,0.9950231069765717,0.004976893023428297,42,8,10,40,
40,1,100,RL_adaptive,5.701417447607752,5.385896877610461,0.3155205699972905,0.9753174844660566,0.024682515533943405,89,10,0,1,0.9753174844660566
40,1,250,Z_only,5.701417447607752,0.5585961153385702,1.1403639749104046,0.7086318782546671,0.2913681217453329,231,19,0,0,
40,1,250,ZX_split,5.701417447607752,5.756889161561548,0.05547171395379635,0.9992309194802832,0.0007690805197168027,115,10,32,93,
40,1,250,RL_adaptive,5.701417447607752,5.697968211748027,0.0034492358597253414,0.9999970256959446,2.9743040553809053e-06,1,0,42,207,0.9999970256959446
40,1,500,Z_only,5.701417447607752,0.6435011087932843,1.2252689683651186,0.6693464571351804,0.3306535428648196,450,50,0,0,
40,1,500,ZX_split,5.701417447607752,5.661940796649525,0.0394766509582265,0.9996104491010933,0.0003895508989066876,220,30,57,193,
40,1,500,RL_adaptive,5.701417447607752,5.417871129164401,0.2835463184433511,0.9800346759706785,0.019965324029321496,462,37,0,1,0.9800346759706785
40,2,10,Z_only,5.701417447607752,0.0,0.5817678595718343,0.9177462569740399,0.08225374302596011,10,0,0,0,
40,2,10,ZX_split,5.701417447607752,5.742765806909002,0.04134835930125025,0.9995726391887408,0.0004273608112591587,5,0,1,4,
40,2,10,RL_adaptive,5.701417447607752,5.373432149235376,0.32798529837237567,0.9733466365502296,0.02665336344977043,8,1,0,1,0.9733466365502296
40,2,25,Z_only,5.701417447607752,0.8230336921349761,1.4048015517068109,0.582616756982387,0.417383243017613,21,4,0,0,
40,2,25,ZX_split,5.701417447607752,5.709518639011425,0.008101191403673269,0.9999835927641936,1.6407235806426e-05,11,1,3,10,
40,2,25,RL_adaptive,5.701417447607752,5.81953769817878,0.11812025057102815,0.9965159553256931,0.003484044674306852,1,0,6,18,0.9965159553256931
40,2,50,Z_only,5.701417447607752,0.7074832117793429,1.2892510713511776,0.638920197088967,0.36107980291103303,44,6,0,0,
40,2,50,ZX_split,5.701417447607752,5.686008649086909,0.015408798520843092,0.9999406434064748,5.9356593525183854e-05,25,0,4,21,
40,2,50,RL_adaptive,5.701417447607752,5.4091312619147,0.29228618569305187,0.9787938159985216,0.021206184001478445,45,4,0,1,0.9787938159985216
40,2,100,Z_only,5.701417447607752,0.45102681179626264,1.032794671368097,0.7562104843674896,0.2437895156325104,95,5,0,0,
40,2,100,ZX_split,5.701417447607752,5.543210423203715,0.158207024404037,0.9937556750146637,0.006244324985336336,48,2,4,46,
40,2,100,RL_adaptive,5.701417447607752,0.9097531579442099,1.4915210175160443,0.5395961500501777,0.4604038499498223,88,11,1,0,0.5395961500501777
40,2,250,Z_only,5.701417447607752,0.5585961153385702,1.1403639749104046,0.7086318782546671,0.2913681217453329,231,19,0,0,
40,2,250,ZX_split,5.701417447607752,5.768733994120558,0.0673165465128065,0.9988675483819961,0.0011324516180039046,120,5,30,95,
40,2,250,RL_adaptive,5.701417447607752,5.7322028195059485,0.030785371898196523,0.9997630839313782,0.00023691606862175085,1,0,48,201,0.9997630839313782
40,2,500,Z_only,5.701417447607752,0.6300466904458402,1.2118145500176745,0.675660549472299,0.32433945052770097,452,48,0,0,
40,2,500,ZX_split,5.701417447607752,5.7852000550462686,0.08378260743851662,0.9982461449686953,0.001753855031304652,228,22,69,181,
40,2,500,RL_adaptive,5.701417447607752,5.394177193546957,0.3072402540607948,0.9765859132860761,0.023414086713923865,452,47,0,1,0.9765859132860761
40,3,10,Z_only,5.701417447607752,0.9272952180016121,1.5090630775734466,0.5308470229256887,0.46915297707431125,8,2,0,0,
40,3,10,ZX_split,5.701417447607752,5.742765806909002,0.04134835930125025,0.9995726391887408,0.0004273608112591587,5,0,1,4,
40,3,10,RL_adaptive,5.701417447607752,5.373432149235376,0.32798529837237567,0.9733466365502296,0.02665336344977043,8,1,0,1,0.9733466365502296
40,3,25,Z_only,5.701417447607752,0.5735131044230967,1.1552809639949313,0.7018307468652955,0.29816925313470455,23,2,0,0,
40,3,25,ZX_split,5.701417447607752,5.850777531609048,0.1493600840012963,0.9944332516670727,0.005566748332927252,11,1,4,9,
40,3,25,RL_adaptive,5.701417447607752,5.81953769817878,0.11812025057102815,0.9965159553256931,0.003484044674306852,1,0,6,18,0.9965159553256931
40,3,50,Z_only,5.701417447607752,0.6435011087932843,1.2252689683651186,0.6693464571351804,0.3306535428648196,45,5,0,0,
40,3,50,ZX_split,5.701417447607752,5.592738850124894,0.10867859748285813,0.9970501457309988,0.002949854269001184,24,1,3,22,
40,3,50,RL_adaptive,5.701417447607752,5.432661980447752,0.2687554671600001,0.9820510529693298,0.01794894703067018,46,3,0,1,0.9820510529693298
40,3,100,Z_only,5.701417447607752,0.6435011087932843,1.2252689683651186,0.6693464571351804,0.3306535428648196,90,10,0,0,
40,3,100,ZX_split,5.701417447607752,5.619139144352902,0.0822783032548502,0.9983085247608223,0.0016914752391776755,48,2,7,43,
40,3,100,RL_adaptive,5.701417447607752,5.385896877610461,0.3155205699972905,0.9753174844660566,0.024682515533943405,89,10,0,1,0.9753174844660566
40,3,250,Z_only,5.701417447607752,0.6163392897064195,1.198107149278254,0.6820606575685342,0.3179393424314658,227,23,0,0,
40,3,250,ZX_split,5.701417447607752,5.681267100931879,0.02015034667587301,0.9998984943168643,0.0001015056831357164,120,5,23,102,
40,3,250,RL_adaptive,5.701417447607752,5.767940343493543,0.0665228958857913,0.99889408400477,0.0011059159952300224,1,0,54,195,0.99889408400477
40,3,500,Z_only,5.701417447607752,0.5433142473551479,1.1250821069269819,0.7155512164629418,0.28444878353705816,464,36,0,0,
40,3,500,ZX_split,5.701417447607752,5.683500992041782,0.017916455565970324,0.9999197523016443,8.024769835568435e-05,223,27,58,192,
40,3,500,RL_adaptive,5.701417447607752,0.858386555694928,1.440154415266762,0.5651353054392587,0.4348646945607413,465,34,1,0,0.5651353054392587
40,4,10,Z_only,5.701417447607752,0.0,0.5817678595718343,0.9177462569740399,0.08225374302596011,10,0,0,0,
40,4,10,ZX_split,5.701417447607752,5.034139534781332,0.6672779128264201,0.8927545689103611,0.10724543108963891,3,2,1,4,
40,4,10,RL_adaptive,5.701417447607752,5.373432149235376,0.32798529837237567,0.9733466365502296,0.02665336344977043,8,1,0,1,0.9733466365502296
40,4,25,Z_only,5.701417447607752,0.40271584158066176,0.9844837011524961,0.7766466290812138,0.22335337091878615,24,1,0,0,
40,4,25,ZX_split,5.701417447607752,5.677640643574616,0.023776804033135868,0.9998586725558096,0.00014132744419037557,12,0,2,11,
40,4,25,RL_adaptive,5.701417447607752,5.8883941874798245,0.18697673987207253,0.9912853580042751,0.008714641995724914,1,0,7,17,0.9912853580042751
40,4,50,Z_only,5.701417447607752,0.6435011087932843,1.2252689683651186,0.6693464571351804,0.3306535428648196,45,5,0,0,
40,4,50,ZX_split,5.701417447607752,5.5602059537780955,0.14121149382965648,0.9950231069765717,0.004976893023428297,21,4,5,20,
40,4,50,RL_adaptive,5.701417447607752,5.4091312619147,0.29228618569305187,0.9787938159985216,0.021206184001478445,45,4,0,1,0.9787938159985216
40,4,100,Z_only,5.701417447607752,0.6761305095606613,1.257898369132496,0.6539085869910206,0.3460914130089794,89,11,0,0,
40,4,100,ZX_split,5.701417447607752,5.724585991836023,0.023168544228271415,0.9998658106422765,0.00013418935772346874,49,1,10,40,
40,4,100,RL_adaptive,5.701417447607752,5.410100488652637,0.29131695895511456,0.978933228649078,0.021066771350922053,91,8,0,1,0.978933228649078
40,4,250,Z_only,5.701417447607752,0.5115230036940773,1.0932908632659117,0.7297825499465324,0.27021745005346764,234,16,0,0,
40,4,250,ZX_split,5.701417447607752,5.734993942665782,0.033576495058030176,0.9997181812228253,0.0002818187771747027,119,6,28,97,
40,4,250,RL_adaptive,5.701417447607752,5.870564206221506,0.1691467586137545,0.9928643807554883,0.007135619244511671,1,0,70,179,0.9928643807554883
40,4,500,Z_only,5.701417447607752,0.5433142473551479,1.1250821069269819,0.7155512164629418,0.28444878353705816,464,36,0,0,
40,4,500,ZX_split,5.701417447607752,5.720998563279557,0.019581115671805094,0.9999041480399513,9.585196004868735e-05,225,25,62,188,
40,4,500,RL_adaptive,5.701417447607752,0.8962998235789419,1.4780676831507762,0.5462979056627443,0.4537020943372557,449,50,1,0,0.5462979056627443
41,0,10,Z_only,4.179607630787359,2.2142974355881813,1.9653101951991778,0.3078202772182248,0.6921797227817752,2,8,0,0,
41,0,10,ZX_split,4.179607630787359,3.9269908169872414,0.2526168138001177,0.9841308474694169,0.015869152530583075,0,5,0,5,
41,0,10,RL_adaptive,4.179607630787359,4.3906384259880475,0.21103079520068846,0.9889077578500396,0.011092242149960407,3,6,0,1,0.9889077578500396
41,0,25,Z_only,4.179607630787359,2.4341094418104503,1.7454981889769088,0.41309272718079026,0.5869072728192097,3,22,0,0,
41,0,25,ZX_split,4.179607630787359,4.124386376837123,0.05522125395023636,0.9992378469825255,0.0007621530174745095,2,10,0,13,
41,0,25,RL_adaptive,4.179607630787359,3.6696671020161524,0.5099405287712067,0.9363867693015511,0.06361323069844893,0,1,5,19,0.9363867693015511
41,0,50,Z_only,4.179607630787359,1.9390642202315367,2.2405434105558224,0.18960613702517737,0.8103938629748226,16,34,0,0,
41,0,50,ZX_split,4.179607630787359,3.9724140964088184,0.2071935343785407,0.9893060489467103,0.01069395105328974,2,23,1,24,
41,0,50,RL_adaptive,4.179607630787359,4.240611469203939,0.06100383841658008,0.9990699214164536,0.0009300785835464342,12,37,0,1,0.9990699214164536
41,0,100,Z_only,4.179607630787359,2.1412334361948187,2.0383741945925404,0.274637268624852,0.7253627313751481,23,77,0,0,
41,0,100,ZX_split,4.179607630787359,4.158081484183139,0.02152614660422003,0.9998841607262823,0.00011583927371772162,12,38,4,46,
41,0,100,RL_adaptive,4.179607630787359,4.189985548668161,0.010377917880801668,0.9999730749467711,2.6925053228876727e-05,21,78,0,1,0.9999730749467711
41,0,250,Z_only,4.179607630787359,2.0533017256702917,2.1263059051170674,0.2363118386953883,0.7636881613046117,67,183,0,0,
41,0,250,ZX_split,4.179607630787359,4.16906251155836,0.0105451192289987,0.9999722003727218,2.779962727816887e-05,32,93,12,113,
41,0,250,RL_adaptive,4.179607630787359,3.8629758391528974,0.31663179163446165,0.9751447786745402,0.02485522132545981,0,1,15,234,0.9751447786745402
41,0,500,Z_only,4.179607630787359,2.062354336982436,2.117253293804923,0.24016828396043832,0.7598317160395617,132,368,0,0,
41,0,500,ZX_split,4.179607630787359,4.1376893614425,0.041918269344859205,0.9995607789938815,0.00043922100611848425,57,193,20,230,
41,0,500,RL_adaptive,4.179607630787359,4.272256906117038,0.09264927532967882,0.9978555625714144,0.0021444374285856105,132,367,0,1,0.9978555625714144
41,1,10,Z_only,4.179607630787359,2.498091544796509,1.6815160859908502,0.4447531593091105,0.5552468406908895,1,9,0,0,
41,1,10,ZX_split,4.179607630787359,4.171969480114106,0.007638150673253463,0.9999854147344839,1.4585265516120494e-05,1,4,0,5,
41,1,10,RL_adaptive,4.179607630787359,4.205290475992353,0.025682845204993754,0.9998351069295827,0.00016489307041733792,2,7,0,1,0.9998351069295827
41,1,25,Z_only,4.179607630787359,2.318558961454817,1.861048669332542,0.356902989155378,0.643097010844622,4,21,0,0,
41,1,25,ZX_split,4.179607630787359,4.045082845406336,0.1345247853810232,0.9954825892992052,0.0045174107007948106,2,10,1,12,
41,1,25,RL_adaptive,4.179607630787359,3.8835399215957103,0.2960677091916488,0.9782455856955372,0.021754414304462788,0,1,1,23,0.9782455856955372
41,1,50,Z_only,4.179607630787359,2.2142974355881813,1.9653101951991778,0.3078202772182248,0.6921797227817752,10,40,0,0,
41,1,50,ZX_split,4.179607630787359,4.197937667325662,0.018330036538302785,0.9999160047919633,8.399520803670235e-05,6,19,1,24,
41,1,50,RL_adaptive,4.179607630787359,4.240611469203939,0.06100383841658008,0.9990699214164536,0.0009300785835464342,12,37,0,1,0.9990699214164536
41,1,100,Z_only,4.179607630787359,2.189525017467148,1.9900826133202112,0.2964456673096537,0.7035543326903463,21,79,0,0,
41,1,100,ZX_split,4.179607630787359,4.0758807645967385,0.10372686619062055,0.9973125951456161,0.0026874048543839013,8,42,2,48,
41,1,100,RL_adaptive,4.179607630787359,4.319751482624563,0.14014385183720357,0.995097956216926,0.004902043783074017,29,70,0,1,0.995097956216926
41,1,250,Z_only,4.179607630787359,2.1083078339245485,2.0712997968628106,0.2600663428126627,0.7399336571873373,61,189,0,0,
41,1,250,ZX_split,4.179607630787359,4.034106140339473,0.14550149044788618,0.994716659937701,0.0052833400622990245,21,104,11,114,
41,1,250,RL_adaptive,4.179607630787359,3.8303762562220283,0.3492313745653308,0.9698179976570311,0.03018200234296886,0,1,22,227,0.9698179976570311
41,1,500,Z_only,4.179607630787359,2.089782425950128,2.089825204837231,0.25198142729138834,0.7480185727086117,126,374,0,0,
41,1,500,ZX_split,4.179607630787359,4.181926476796388,0.0023188460090288743,0.999998655738899,1.3442611009883976e-06,64,186,21,229,
41,1,500,RL_adaptive,4.179607630787359,4.249543295831068,0.06993566504370907,0.9987777489794389,0.0012222510205610604,125,374,0,1,0.9987777489794389
41,2,10,Z_only,4.179607630787359,1.9823131728623844,2.1972944579249747,0.20684422750722534,0.7931557724927747,3,7,0,0,
41,2,10,ZX_split,4.179607630787359,3.9269908169872414,0.2526168138001177,0.9841308474694169,0.015869152530583075,1,4,1,4,
41,2,10,RL_adaptive,4.179607630787359,4.051345811534002,0.1282618192533569,0.9958928616416333,0.004107138358366735,1,8,0,1,0.9958928616416333
41,2,25,Z_only,4.179607630787359,1.9390642202315367,2.2405434105558224,0.18960613702517737,0.8103938629748226,8,17,0,0,
41,2,25,ZX_split,4.179607630787359,4.547240302970063,0.3676326721827037,0.9665903972926737,0.03340960270732629,5,7,0,13,
41,2,25,RL_adaptive,4.179607630787359,3.9269908169872414,0.2526168138001177,0.9841308474694169,0.015869152530583075,0,1,0,24,0.9841308474694169
41,2,50,Z_only,4.179607630787359,2.117647277490841,2.0619603532965183,0.2641736860345768,0.7358263139654232,12,38,0,0,
41,2,50,ZX_split,4.179607630787359,4.187593208734582,0.0079855779472231,0.9999840577209318,1.5942279068204e-05,7,18,3,22,
41,2,50,RL_adaptive,4.179607630787359,4.4153247680436465,0.2357171372562874,0.9861735554460054,0.013826444553994621,17,32,0,1,0.9861735554460054
41,2,100,Z_only,4.179607630787359,2.048791525313849,2.13081610547351,0.2343985222982361,0.7656014777017639,27,73,0,0,
41,2,100,ZX_split,4.179607630787359,4.285761487257814,0.1061538564704545,0.9971854841596922,0.0028145158403077852,15,35,3,47,
41,2,100,RL_adaptive,4.179607630787359,4.372568103961823,0.1929604731744643,0.9907204104525674,0.009279589547432576,32,67,0,1,0.9907204104525674
41,2,250,Z_only,4.179607630787359,2.017505534626382,2.162102096160977,0.22127721740940542,0.7787227825905946,71,179,0,0,
41,2,250,ZX_split,4.179607630787359,4.177191364764882,0.0024162660224771315,0.9999985404153374,1.4595846625775621e-06,29,96,6,119,
41,2,250,RL_adaptive,4.179607630787359,5.561802121616482,1.3821944908291233,0.5937428539121344,0.40625714608786556,1,0,15,234,0.5937428539121344
41,2,500,Z_only,4.179607630787359,2.062354336982436,2.117253293804923,0.24016828396043832,0.7598317160395617,132,368,0,0,
41,2,500,ZX_split,4.179607630787359,4.098474251293341,0.08113337949401789,0.9983552462131536,0.0016447537868463646,51,199,20,230,
41,2,500,RL_adaptive,4.179607630787359,4.208699941131048,0.029092310343688865,0.9997884242928274,0.00021157570717256213,112,387,0,1,0.9997884242928274
41,3,10,Z_only,4.179607630787359,3.141592653589793,1.038014977197566,0.7539655754155489,0.24603442458445113,0,10,0,0,
41,3,10,ZX_split,4.179607630787359,4.171969480114106,0.007638150673253463,0.9999854147344839,1.4585265516120494e-05,1,4,0,5,
41,3,10,RL_adaptive,4.179607630787359,4.3906384259880475,0.21103079520068846,0.9889077578500396,0.011092242149960407,3,6,0,1,0.9889077578500396
41,3,25,Z_only,4.179607630787359,2.318558961454817,1.861048669332542,0.356902989155378,0.643097010844622,4,21,0,0,
41,3,25,ZX_split,4.179607630787359,3.8210064589976414,0.35860117178971773,0.9681943395042284,0.031805660495771604,2,10,3,10,
41,3,25,RL_adaptive,4.179607630787359,3.8835399215957103,0.2960677091916488,0.9782455856955372,0.021754414304462788,0,1,1,23,0.9782455856955372
41,3,50,Z_only,4.179607630787359,2.318558961454817,1.861048669332542,0.356902989155378,0.643097010844622,8,42,0,0,
41,3,50,ZX_split,4.179607630787359,4.021942523329997,0.15766510745736184,0.9937982914432231,0.00620170855677693,3,22,1,24,
41,3,50,RL_adaptive,4.179607630787359,4.4153247680436465,0.2357171372562874,0.9861735554460054,0.013826444553994621,17,32,0,1,0.9861735554460054
41,3,100,Z_only,4.179607630787359,2.117647277490841,2.0619603532965183,0.2641736860345768,0.7358263139654232,24,76,0,0,
41,3,100,ZX_split,4.179607630787359,4.104586984270729,0.07502064651662987,0.9985936354311102,0.001406364568889762,9,41,2,48,
41,3,100,RL_adaptive,4.179607630787359,4.354725729373484,0.17511809858612448,0.9923529850564863,0.007647014943513719,31,68,0,1,0.9923529850564863
41,3,250,Z_only,4.179607630787359,2.089782425950128,2.089825204837231,0.25198142729138834,0.7480185727086117,63,187,0,0,
41,3,250,ZX_split,4.179607630787359,4.252789932259912,0.07318230147255278,0.9986616851431875,0.0013383148568124614,38,87,13,112,
41,3,250,RL_adaptive,4.179607630787359,5.570932278780578,1.391324647993219,0.5892548814928038,0.4107451185071962,1,0,17,232,0.5892548814928038
41,3,500,Z_only,4.179607630787359,2.117647277490841,2.0619603532965183,0.2641736860345768,0.7358263139654232,120,380,0,0,
41,3,500,ZX_split,4.179607630787359,4.1872248846260085,0.007617253838649418,0.9999854944311273,1.4505568872724695e-05,63,187,18,232,
41,3,500,RL_adaptive,4.179607630787359,4.249543295831068,0.06993566504370907,0.9987777489794389,0.0012222510205610604,125,374,0,1,0.9987777489794389
41,4,10,Z_only,4.179607630787359,1.7721542475852272,2.4074533832021316,0.1287961636205485,0.8712038363794515,4,6,0,0,
41,4,10,ZX_split,4.179607630787359,3.9269908169872414,0.2526168138001177,0.9841308474694169,0.015869152530583075,0,5,0,5,
41,4,10,RL_adaptive,4.179607630787359,4.3906384259880475,0.21103079520068846,0.9889077578500396,0.011092242149960407,3,6,0,1,0.9889077578500396
41,4,25,Z_only,4.179607630787359,2.117647277490841,2.0619603532965183,0.2641736860345768,0.7358263139654232,6,19,0,0,
41,4,25,ZX_split,4.179607630787359,4.0869039401454605,0.09270369064189854,0.9978530446694988,0.0021469553305012434,3,9,2,11,
41,4,25,RL_adaptive,4.179607630787359,3.836330929786496,0.34327670100086305,0.9708284344649736,0.029171565535026422,0,1,2,22,0.9708284344649736
41,4,50,Z_only,4.179607630787359,1.8545904360032244,2.3250171947841345,0.1576394794790279,0.8423605205209721,18,32,0,0,
41,4,50,ZX_split,4.179607630787359,4.339401258584629,0.1597936277972698,0.9936300706009383,0.006369929399061669,8,17,1,24,
41,4,50,RL_adaptive,4.179607630787359,4.2735296814211825,0.09392205063382342,0.9977962827963114,0.0022037172036886155,13,36,0,1,0.9977962827963114
41,4,100,Z_only,4.179607630787359,2.0042416468647826,2.1753659839225765,0.21579596715565058,0.7842040328443494,29,71,0,0,
41,4,100,ZX_split,4.179607630787359,4.324070262212223,0.14446263142486426,0.9947917043462018,0.005208295653798212,16,34,3,47,
41,4,100,RL_adaptive,4.179607630787359,4.3371181575287325,0.15751052674137345,0.9938104211116353,0.0061895788883646885,30,69,0,1,0.9938104211116353
41,4,250,Z_only,4.179607630787359,2.136488157312172,2.043119473475187,0.2725218473452571,0.7274781526547429,58,192,0,0,
41,4,250,ZX_split,4.179607630787359,4.190388449532742,0.010780818745383058,0.9999709437682208,2.905623177917871e-05,30,95,6,119,
41,4,250,RL_adaptive,4.179607630787359,5.570932278780578,1.391324647993219,0.5892548814928038,0.4107451185071962,1,0,17,232,0.5892548814928038
41,4,500,Z_only,4.179607630787359,2.0760163645078045,2.1035912662795546,0.2460285714592631,0.7539714285407368,129,371,0,0,
41,4,500,ZX_split,4.179607630787359,4.17770007640865,0.0019075543787092641,0.9999990903093489,9.09690651140771e-07,64,186,22,228,
41,4,500,RL_adaptive,4.179607630787359,4.202572168042824,0.02296453725546499,0.9998681633012063,0.00013183669879368587,110,389,0,1,0.9998681633012063
42,0,10,Z_only,1.9808202239342163,2.2142974355881813,0.23347721165396496,0.9864338921032395,0.013566107896760493,2,8,0,0,
42,0,10,ZX_split,1.9808202239342163,1.7681918866447774,0.21262833728943886,0.988739817116649,0.011260182883350955,2,3,5,0,
42,0,10,RL_adaptive,1.9808202239342163,2.0778948311872334,0.09707460725301709,0.9976459796165447,0.0023540203834553353,2,7,1,0,0.9976459796165447
42,0,25,Z_only,1.9808202239342163,2.117647277490841,0.1368270535566245,0.9953268868796501,0.004673113120349903,6,19,0,0,
42,0,25,ZX_split,1.9808202239342163,2.2655346029916,0.2847143790573836,0.9798709589841491,0.02012904101585089,1,11,13,0,
42,0,25,RL_adaptive,1.9808202239342163,0.6435011087932844,1.3373191151409318,0.6156808913057551,0.3843191086942449,1,0,21,3,0.6156808913057551
42,0,50,Z_only,1.9808202239342163,1.8131621778338598,0.1676580461003565,0.9929891404843397,0.007010859515660273,19,31,0,0,
42,0,50,ZX_split,1.9808202239342163,2.111215827065481,0.13039560313126475,0.9957552662263792,0.004244733773620779,5,20,25,0,
42,0,50,RL_adaptive,1.9808202239342163,2.0096556257584033,0.02883540182418698,0.9997921443033362,0.00020785569666381676,13,36,1,0,0.9997921443033362
42,0,100,Z_only,1.9808202239342163,1.9823131728623844,0.0014929489281680919,0.9999994427759779,5.572240221463076e-07,30,70,0,0,
42,0,100,ZX_split,1.9808202239342163,2.070143048475027,0.08932282454081064,0.9980066840999228,0.0019933159000772305,13,37,47,3,
42,0,100,RL_adaptive,1.9808202239342163,1.9805542547192796,0.0002659692149367121,0.9999999823150941,1.768490587306104e-08,28,71,1,0,0.9999999823150941
42,0,250,Z_only,1.9808202239342163,1.999838522448283,0.019018298514066778,0.9999095788058694,9.042119413060767e-05,73,177,0,0,
42,0,250,ZX_split,1.9808202239342163,2.0037368673656406,0.0229166434314243,0.999868712609321,0.00013128739067902462,35,90,122,3,
42,0,250,RL_adaptive,1.9808202239342163,2.398011103399862,0.4171908794656456,0.9571153922026756,0.04288460779732439,0,1,239,10,0.9571153922026756
42,0,500,Z_only,1.9808202239342163,2.066897089477275,0.0860768655430586,0.9981488367021797,0.001851163297820313,131,369,0,0,
42,0,500,ZX_split,1.9808202239342163,2.0274017986873907,0.04658157475317437,0.9994576373041824,0.0005423626958176442,69,181,239,11,
42,0,500,RL_adaptive,1.9808202239342163,4.346827614935159,2.3660073910009425,0.1429943029592716,0.8570056970407284,154,345,0,1,0.1429943029592716
42,1,10,Z_only,1.9808202239342163,1.9823131728623844,0.0014929489281680919,0.9999994427759779,5.572240221463076e-07,3,7,0,0,
42,1,10,ZX_split,1.9808202239342163,2.356194490192345,0.37537426625812853,0.9651852366480317,0.034814763351968314,0,5,5,0,
42,1,10,RL_adaptive,1.9808202239342163,4.3906384259880475,2.409818202053831,0.128005049019586,0.871994950980414,3,6,0,1,0.128005049019586
42,1,25,Z_only,1.9808202239342163,1.7721542475852272,0.2086659763489891,0.9891540674086139,0.01084593259138611,10,15,0,0,
42,1,25,ZX_split,1.9808202239342163,2.1962813670341257,0.21546114309990938,0.9884389533187232,0.011561046681276776,3,9,11,2,
42,1,25,RL_adaptive,1.9808202239342163,2.399645385583876,0.41882516164965966,0.9567836813384476,0.0432163186615524,0,1,23,1,0.9567836813384476
42,1,50,Z_only,1.9808202239342163,1.8131621778338598,0.1676580461003565,0.9929891404843397,0.007010859515660273,19,31,0,0,
42,1,50,ZX_split,1.9808202239342163,1.892546881191539,0.0882733427426774,0.9980532188725048,0.0019467811274952451,9,16,23,2,
42,1,50,RL_adaptive,1.9808202239342163,1.8301280711955814,0.1506921527386349,0.9943337035418527,0.005666296458147313,18,31,1,0,0.9943337035418527
42,1,100,Z_only,1.9808202239342163,1.9823131728623844,0.0014929489281680919,0.9999994427759779,5.572240221463076e-07,30,70,0,0,
42,1,100,ZX_split,1.9808202239342163,2.0344439357957027,0.0536237118614864,0.999281296625757,0.0007187033742429572,13,37,49,1,
42,1,100,RL_adaptive,1.9808202239342163,1.8925468811915387,0.08827334274267762,0.9980532188725045,0.0019467811274954672,33,66,1,0,0.9980532188725045
42,1,250,Z_only,1.9808202239342163,1.871298590279576,0.1095216336546403,0.9970042492368067,0.00299575076319325,88,162,0,0,
42,1,250,ZX_split,1.9808202239342163,1.859771736787463,0.1210484871467532,0.9963412867282186,0.0036587132717813553,46,79,118,7,
42,1,250,RL_adaptive,1.9808202239342163,0.7303690315037911,1.2504511924304254,0.6574470778185701,0.34255292218142985,1,0,236,13,0.6574470778185701
42,1,500,Z_only,1.9808202239342163,2.066897089477275,0.0860768655430586,0.9981488367021797,0.001851163297820313,131,369,0,0,
42,1,500,ZX_split,1.9808202239342163,1.9440982176075556,0.03672200632666067,0.999662911445878,0.00033708855412195593,78,172,245,5,
42,1,500,RL_adaptive,1.9808202239342163,1.9293473616637733,0.05147286227044301,0.9993377823414803,0.0006622176585197037,156,343,1,0,0.9993377823414803
42,2,10,Z_only,1.9808202239342163,1.9823131728623844,0.0014929489281680919,0.9999994427759779,5.572240221463076e-07,3,7,0,0,
42,2,10,ZX_split,1.9808202239342163,2.356194490192345,0.37537426625812853,0.9651852366480317,0.034814763351968314,0,5,5,0,
42,2,10,RL_adaptive,1.9808202239342163,1.6814535479687922,0.2993666759654241,0.977761728785134,0.02223827121486599,4,5,1,0,0.977761728785134
42,2,25,Z_only,1.9808202239342163,1.6910862091896848,0.28973401474453153,0.9791599503452265,0.020840049654773485,11,14,0,0,
42,2,25,ZX_split,1.9808202239342163,1.8925468811915387,0.08827334274267762,0.9980532188725045,0.0019467811274954672,4,8,13,0,
42,2,25,RL_adaptive,1.9808202239342163,2.44685437739309,0.4660341534588739,0.9466786748695428,0.053321325130457176,0,1,22,2,0.9466786748695428
42,2,50,Z_only,1.9808202239342163,2.02639500019072,0.045574776256503524,0.9994808248148032,0.0005191751851968407,14,36,0,0,
42,2,50,ZX_split,1.9808202239342163,1.9437840485949576,0.03703617533925874,0.9996571196252118,0.00034288037478824585,8,17,24,1,
42,2,50,RL_adaptive,1.9808202239342163,2.1348800478445535,0.15405982391033723,0.9940781192819564,0.0059218807180435595,9,40,1,0,0.9940781192819564
42,2,100,Z_only,1.9808202239342163,2.0714510391994847,0.0906308152652684,0.9979479190481085,0.0020520809518914662,26,74,0,0,
42,2,100,ZX_split,1.9808202239342163,1.6614562139956417,0.3193640099385746,0.9747176436501019,0.02528235634989806,23,27,47,3,
42,2,100,RL_adaptive,1.9808202239342163,2.0778948311872334,0.09707460725301709,0.9976459796165447,0.0023540203834553353,22,77,1,0,0.9976459796165447
42,2,250,Z_only,1.9808202239342163,1.956272056739689,0.02454816719452735,0.9998493544371504,0.00015064556284960506,78,172,0,0,
42,2,250,ZX_split,1.9808202239342163,1.856847768512215,0.12397245542200142,0.9961626261241213,0.00383737387587868,45,80,122,3,
42,2,250,RL_adaptive,1.9808202239342163,2.3766834259284333,0.395863201994217,0.9613320266689439,0.038667973331056094,0,1,244,5,0.9613320266689439
42,2,500,Z_only,1.9808202239342163,2.0042416468647826,0.02342142293056626,0.9998628655060585,0.00013713449394148203,145,355,0,0,
42,2,500,ZX_split,1.9808202239342163,1.9947535992987924,0.013933375364576062,0.999951466047939,4.853395206094735e-05,74,176,238,12,
42,2,500,RL_adaptive,1.9808202239342163,1.9742360327840156,0.006584191150200702,0.9999891621458779,1.0837854122147661e-05,143,356,1,0,0.9999891621458779
42,3,10,Z_only,1.9808202239342163,1.9823131728623844,0.0014929489281680919,0.9999994427759779,5.572240221463076e-07,3,7,0,0,
42,3,10,ZX_split,1.9808202239342163,1.8925468811915387,0.08827334274267762,0.9980532188725045,0.0019467811274954672,2,3,4,1,
42,3,10,RL_adaptive,1.9808202239342163,1.8925468811915387,0.08827334274267762,0.9980532188725045,0.0019467811274954672,3,6,1,0,0.9980532188725045
42,3,25,Z_only,1.9808202239342163,1.6910862091896848,0.28973401474453153,0.9791599503452265,0.020840049654773485,11,14,0,0,
42,3,25,ZX_split,1.9808202239342163,2.2655346029916,0.2847143790573836,0.9798709589841491,0.02012904101585089,1,11,13,0,
42,3,25,RL_adaptive,1.9808202239342163,0.6947382761967031,1.2860819477375132,0.6404416701824394,0.35955832981756064,1,0,22,2,0.6404416701824394
42,3,50,Z_only,1.9808202239342163,1.8965258140895267,0.08429440984468961,0.9982246647182523,0.0017753352817476697,17,33,0,0,
42,3,50,ZX_split,1.9808202239342163,1.8662371639386166,0.1145830599955997,0.9967212702261165,0.0032787297738835486,9,16,24,1,
42,3,50,RL_adaptive,1.9808202239342163,1.9756881130799802,0.005132110854236149,0.9999934153739973,6.584626002670291e-06,14,35,1,0,0.9999934153739973
42,3,100,Z_only,1.9808202239342163,1.8545904360032244,0.12622978793099193,0.996021796748258,0.00397820325174203,36,64,0,0,
42,3,100,ZX_split,1.9808202239342163,2.0852476398539244,0.10442741591970806,0.9972762053190717,0.0027237946809283153,12,38,48,2,
42,3,100,RL_adaptive,1.9808202239342163,1.9634338245550234,0.01738639937919295,0.9999244301828325,7.556981716749789e-05,29,70,1,0,0.9999244301828325
42,3,250,Z_only,1.9808202239342163,1.9219699066927658,0.05885031724145051,0.9991344099042431,0.0008655900957569296,82,168,0,0,
42,3,250,ZX_split,1.9808202239342163,2.059349816815942,0.07852959288172578,0.9984590679021503,0.0015409320978496677,33,92,118,7,
42,3,250,RL_adaptive,1.9808202239342163,0.7303690315037911,1.2504511924304254,0.6574470778185701,0.34255292218142985,1,0,236,13,0.6574470778185701
42,3,500,Z_only,1.9808202239342163,2.0533017256702917,0.07248150173607537,0.9986871828753728,0.0013128171246271636,134,366,0,0,
42,3,500,ZX_split,1.9808202239342163,1.9662047303668722,0.014615493567344151,0.9999465977875717,5.3402212428332874e-05,77,173,240,10,
42,3,500,RL_adaptive,1.9808202239342163,1.991064123713691,0.010243899779474708,0.9999737658587403,2.6234141259684485e-05,138,361,1,0,0.9999737658587403
42,4,10,Z_only,1.9808202239342163,1.7721542475852272,0.2086659763489891,0.9891540674086139,0.01084593259138611,4,6,0,0,
42,4,10,ZX_split,1.9808202239342163,2.356194490192345,0.37537426625812853,0.9651852366480317,0.034814763351968314,0,5,5,0,
42,4,10,RL_adaptive,1.9808202239342163,2.2318394956455836,0.2510192717113673,0.9843298732943329,0.015670126705667142,1,8,1,0,0.9843298732943329
42,4,25,Z_only,1.9808202239342163,2.02639500019072,0.045574776256503524,0.9994808248148032,0.0005191751851968407,7,18,0,0,
42,4,25,ZX_split,1.9808202239342163,2.238102461773251,0.2572822378390345,0.9835425460414848,0.016457453958515167,2,10,12,1,
42,4,25,RL_adaptive,1.9808202239342163,0.7419472680059175,1.238872955928299,0.6629310090900502,0.3370689909099498,1,0,23,1,0.6629310090900502
42,4,50,Z_only,1.9808202239342163,2.117647277490841,0.1368270535566245,0.9953268868796501,0.004673113120349903,12,38,0,0,
42,4,50,ZX_split,1.9808202239342163,2.0852476398539244,0.10442741591970806,0.9972762053190717,0.0027237946809283153,6,19,24,1,
42,4,50,RL_adaptive,1.9808202239342163,1.791625096524245,0.18919512740997124,0.9910779621839443,0.008922037816055717,19,30,1,0,0.9910779621839443
42,4,100,Z_only,1.9808202239342163,1.960592623269157,0.020227600665059242,0.9998977145304632,0.0001022854695368336,31,69,0,0,
42,4,100,ZX_split,1.9808202239342163,2.0852476398539244,0.10442741591970806,0.9972762053190717,0.0027237946809283153,12,38,48,2,
42,4,100,RL_adaptive,1.9808202239342163,2.0140386051091648,0.033218381174948464,0.999724160154301,0.00027583984569901077,26,73,1,0,0.999724160154301
42,4,250,Z_only,1.9808202239342163,2.035323356214066,0.05450313227984949,0.9992575359666646,0.0007424640333354438,69,181,0,0,
42,4,250,ZX_split,1.9808202239342163,2.058494280481044,0.07767405654682791,0.9984924434202082,0.0015075565797918467,32,93,120,5,
42,4,250,RL_adaptive,1.9808202239342163,2.40678419896173,0.4259639750275135,0.9553204213941522,0.044679578605847814,0,1,237,12,0.9553204213941522
42,4,500,Z_only,1.9808202239342163,1.999838522448283,0.019018298514066778,0.9999095788058694,9.042119413060767e-05,146,354,0,0,
42,4,500,ZX_split,1.9808202239342163,2.0793963315603547,0.09857610762613844,0.9975726543002431,0.0024273456997568887,62,188,238,12,
42,4,500,RL_adaptive,1.9808202239342163,1.9328571804112527,0.047963043522963655,0.9994249968573516,0.000575003142648356,155,344,1,0,0.9994249968573516
43,0,10,Z_only,4.724445407434559,1.369438406004566,2.9281783057495927,0.011343269663256259,0.9886567303367437,6,4,0,0,
43,0,10,ZX_split,4.724445407434559,5.252808480655274,0.5283630732207145,0.9318167176255469,0.06818328237445315,4,1,0,5,
43,0,10,RL_adaptive,4.724445407434559,4.8230462015585855,0.09860079412402634,0.99757143936881,0.002428560631190013,5,4,0,1,0.99757143936881
43,0,25,Z_only,4.724445407434559,1.6108070011488855,3.1136384062856735,0.00019534726407501943,0.999804652735925,12,13,0,0,
43,0,25,ZX_split,4.724445407434559,4.3906384259880475,0.33380698144651166,0.9724009325863683,0.027599067413631717,4,8,0,13,
43,0,25,RL_adaptive,4.724445407434559,3.9269908169872414,0.7974545904473178,0.8492652077017165,0.15073479229828346,0,1,0,24,0.8492652077017165
43,0,50,Z_only,4.724445407434559,1.5707963267948966,3.1295362265399236,3.633891812135233e-05,0.9999636610818786,25,25,0,0,
43,0,50,ZX_split,4.724445407434559,4.672410293261399,0.05203511417315987,0.9993232394466568,0.0006767605533432031,12,13,0,25,
43,0,50,RL_adaptive,4.724445407434559,4.6107001286216125,0.11374527881294672,0.9967689887071819,0.003231011292818109,22,27,0,1,0.9967689887071819
43,0,100,Z_only,4.724445407434559,1.4303349120850408,2.9890748118300676,0.005804158702860773,0.9941958412971392,57,43,0,0,
43,0,100,ZX_split,4.724445407434559,4.476843999663826,0.24760140777073314,0.9847515275810019,0.015248472418998071,19,31,0,50,
43,0,100,RL_adaptive,4.724445407434559,4.902002596159079,0.17755718872451975,0.9921390461783779,0.007860953821622108,59,40,0,1,0.9921390461783779
43,0,250,Z_only,4.724445407434559,1.4826823504951772,3.0414222502402044,0.0025064305583036854,0.9974935694416963,136,114,0,0,
43,0,250,ZX_split,4.724445407434559,4.75236766750798,0.0279222600734208,0.9998050995114813,0.00019490048851866781,65,60,0,125,
43,0,250,RL_adaptive,4.724445407434559,5.497787143782138,0.7733417363475787,0.8577901824939819,0.14220981750601813,1,0,0,249,0.8577901824939819
43,0,500,Z_only,4.724445407434559,1.5427926668368497,3.1015325665818767,0.00040114899112036654,0.9995988510088797,257,243,0,0,
43,0,500,ZX_split,4.724445407434559,4.680399896345374,0.04404551108918486,0.9995150766420559,0.00048492335794414476,121,129,0,250,
43,0,500,RL_adaptive,4.724445407434559,4.6903484618824045,0.0340969455521547,0.9997093777341354,0.00029062226586462625,244,255,0,1,0.9997093777341354
43,1,10,Z_only,4.724445407434559,0.6435011087932843,2.2022410085383113,0.20484425733891704,0.7951557426610829,9,1,0,0,
43,1,10,ZX_split,4.724445407434559,5.252808480655274,0.5283630732207145,0.9318167176255469,0.06818328237445315,4,1,0,5,
43,1,10,RL_adaptive,4.724445407434559,4.8230462015585855,0.09860079412402634,0.99757143936881,0.002428560631190013,5,4,0,1,0.99757143936881
43,1,25,Z_only,4.724445407434559,1.6108070011488855,3.1136384062856735,0.00019534726407501943,0.999804652735925,12,13,0,0,
43,1,25,ZX_split,4.724445407434559,4.2487413713838835,0.4757040360506757,0.9444852592495908,0.055514740750409186,3,9,0,13,
43,1,25,RL_adaptive,4.724445407434559,3.9269908169872414,0.7974545904473178,0.8492652077017165,0.15073479229828346,0,1,0,24,0.8492652077017165
43,1,50,Z_only,4.724445407434559,1.410105673842986,2.968845573588013,0.00744185439184649,0.9925581456081535,29,21,0,0,
43,1,50,ZX_split,4.724445407434559,4.90978454023457,0.1853391328000109,0.9914369059020962,0.00856309409790379,15,10,0,25,
43,1,50,RL_adaptive,4.724445407434559,4.530740150384678,0.1937052570498814,0.9906488625202574,0.009351137479742588,20,29,0,1,0.9906488625202574
43,1,100,Z_only,4.724445407434559,1.6508819068285556,3.073563500606004,0.0011565452730414232,0.9988434547269586,46,54,0,0,
43,1,100,ZX_split,4.724445407434559,4.592960054366351,0.13148535306820808,0.9956841237429132,0.004315876257086848,22,28,0,50,
43,1,100,RL_adaptive,4.724445407434559,4.562017552377555,0.16242785505700397,0.993418786323814,0.006581213676186026,42,57,0,1,0.993418786323814
43,1,250,Z_only,4.724445407434559,1.5067525554007029,3.06549245514573,0.0014471114676928728,0.9985528885323072,133,117,0,0,
43,1,250,ZX_split,4.724445407434559,4.672410293261399,0.05203511417315987,0.9993232394466568,0.0006767605533432031,60,65,0,125,
43,1,250,RL_adaptive,4.724445407434559,3.9269908169872414,0.7974545904473178,0.8492652077017165,0.15073479229828346,0,1,0,249,0.8492652077017165
43,1,500,Z_only,4.724445407434559,1.5027438121154644,3.0614837118604914,0.0016035028287460155,0.998396497171254,267,233,0,0,
43,1,500,ZX_split,4.724445407434559,4.776301813173424,0.05185640573886463,0.9993278789322068,0.000672121067793241,133,117,0,250,
43,1,500,RL_adaptive,4.724445407434559,4.774433492207234,0.04998808477267502,0.9993754279186162,0.0006245720813837785,265,234,0,1,0.9993754279186162
43,2,10,Z_only,4.724445407434559,1.369438406004566,2.9281783057495927,0.011343269663256259,0.9886567303367437,6,4,0,0,
43,2,10,ZX_split,4.724445407434559,4.90978454023457,0.1853391328000109,0.9914369059020962,0.00856309409790379,3,2,0,5,
43,2,10,RL_adaptive,4.724445407434559,4.8230462015585855,0.09860079412402634,0.99757143936881,0.002428560631190013,5,4,0,1,0.99757143936881
43,2,25,Z_only,4.724445407434559,1.5307856524409076,3.0895255521859344,0.0006775926628794415,0.9993224073371205,13,12,0,0,
43,2,25,ZX_split,4.724445407434559,4.877537657799317,0.15309225036475738,0.9941521256179898,0.005847874382010176,7,5,0,13,
43,2,25,RL_adaptive,4.724445407434559,3.9269908169872414,0.7974545904473178,0.8492652077017165,0.15073479229828346,0,1,0,24,0.8492652077017165
43,2,50,Z_only,4.724445407434559,1.6910862091896848,3.0333591982448747,0.0029257623913218553,0.9970742376086782,22,28,0,0,
43,2,50,ZX_split,4.724445407434559,4.75236766750798,0.0279222600734208,0.9998050995114813,0.00019490048851866781,13,12,0,25,
43,2,50,RL_adaptive,4.724445407434559,4.814077832147767,0.08963242471320765,0.997992851431185,0.0020071485688150092,27,22,0,1,0.997992851431185
43,2,100,Z_only,4.724445407434559,1.3898098755483488,2.948549775293376,0.009287492433398818,0.9907125075666012,59,41,0,0,
43,2,100,ZX_split,4.724445407434559,4.75236766750798,0.0279222600734208,0.9998050995114813,0.00019490048851866781,26,24,0,50,
43,2,100,RL_adaptive,4.724445407434559,4.782978570203563,0.05853316276900422,0.9991437117356087,0.000856288264391325,53,46,0,1,0.9991437117356087
43,2,250,Z_only,4.724445407434559,1.5947986313922982,3.129646776042261,3.567557333824175e-05,0.9999643244266617,122,128,0,0,
43,2,250,ZX_split,4.724445407434559,4.847559679033699,0.12311427159913979,0.9962155028313828,0.0037844971686171736,71,54,0,125,
43,2,250,RL_adaptive,4.724445407434559,5.497787143782138,0.7733417363475787,0.8577901824939819,0.14220981750601813,1,0,0,249,0.8577901824939819
43,2,500,Z_only,4.724445407434559,1.630832385240175,3.0936130221943845,0.0005754008612789448,0.9994245991387211,235,265,0,0,
43,2,500,ZX_split,4.724445407434559,4.784264949941025,0.059819542506465595,0.9991056723181515,0.0008943276818484946,134,116,0,250,
43,2,500,RL_adaptive,4.724445407434559,4.706377028768756,0.01806837866580313,0.9999183856434951,8.16143565048888e-05,248,251,0,1,0.9999183856434951
43,3,10,Z_only,4.724445407434559,1.5707963267948966,3.1295362265399236,3.633891812135233e-05,0.9999636610818786,5,5,0,0,
43,3,10,ZX_split,4.724445407434559,4.171969480114106,0.5524759273204536,0.9256138873565637,0.07438611264343631,1,4,0,5,
43,3,10,RL_adaptive,4.724445407434559,4.8230462015585855,0.09860079412402634,0.99757143936881,0.002428560631190013,5,4,0,1,0.99757143936881
43,3,25,Z_only,4.724445407434559,1.7721542475852272,2.9522911598493318,0.008932042669234135,0.9910679573307659,10,15,0,0,
43,3,25,ZX_split,4.724445407434559,4.547240302970063,0.17720510446449644,0.992170109238087,0.007829890761912983,5,7,0,13,
43,3,25,RL_adaptive,4.724445407434559,5.497787143782138,0.7733417363475787,0.8577901824939819,0.14220981750601813,1,0,0,24,0.8577901824939819
43,3,50,Z_only,4.724445407434559,1.4505064444001083,3.0092463441451356,0.004372498587735129,0.9956275014122649,28,22,0,0,
43,3,50,ZX_split,4.724445407434559,4.672410293261399,0.05203511417315987,0.9993232394466568,0.0006767605533432031,12,13,0,25,
43,3,50,RL_adaptive,4.724445407434559,4.732794311071228,0.008348903636668403,0.9999825740532386,1.742594676135134e-05,25,24,0,1,0.9999825740532386
43,3,100,Z_only,4.724445407434559,1.410105673842986,2.968845573588013,0.00744185439184649,0.9925581456081535,58,42,0,0,
43,3,100,ZX_split,4.724445407434559,4.90978454023457,0.1853391328000109,0.9914369059020962,0.00856309409790379,30,20,0,50,
43,3,100,RL_adaptive,4.724445407434559,4.641799390565816,0.08264601686874329,0.9982933807083703,0.0017066192916297407,46,53,0,1,0.9982933807083703
43,3,250,Z_only,4.724445407434559,1.6348400981890903,3.089605309245469,0.0006755188296058011,0.9993244811703942,117,133,0,0,
43,3,250,ZX_split,4.724445407434559,4.6405130108283545,0.08393239660620466,0.9982398718541963,0.00176012814580373,58,67,0,125,
43,3,250,RL_adaptive,4.724445407434559,3.9269908169872414,0.7974545904473178,0.8492652077017165,0.15073479229828346,0,1,0,249,0.8492652077017165
43,3,500,Z_only,4.724445407434559,1.5507949932215062,3.109534892966533,0.0002569030013124098,0.9997430969986876,255,245,0,0,
43,3,500,ZX_split,4.724445407434559,4.608761520387818,0.1156838870467416,0.9966580391201908,0.0033419608798092026,112,138,0,250,
43,3,500,RL_adaptive,4.724445407434559,4.734429498886975,0.009984091452415633,0.9999750796864776,2.4920313522414084e-05,255,244,0,1,0.9999750796864776
43,4,10,Z_only,4.724445407434559,1.369438406004566,2.9281783057495927,0.011343269663256259,0.9886567303367437,6,4,0,0,
43,4,10,ZX_split,4.724445407434559,4.514993420534809,0.20945198689974998,0.9890725033070538,0.010927496692946237,2,3,0,5,
43,4,10,RL_adaptive,4.724445407434559,4.601731759210794,0.1227136482237654,0.9962400619854964,0.0037599380145035832,4,5,0,1,0.9962400619854964
43,4,25,Z_only,4.724445407434559,1.5307856524409076,3.0895255521859344,0.0006775926628794415,0.9993224073371205,13,12,0,0,
43,4,25,ZX_split,4.724445407434559,4.877537657799317,0.15309225036475738,0.9941521256179898,0.005847874382010176,7,5,0,13,
43,4,25,RL_adaptive,4.724445407434559,3.9269908169872414,0.7974545904473178,0.8492652077017165,0.15073479229828346,0,1,0,24,0.8492652077017165
43,4,50,Z_only,4.724445407434559,1.410105673842986,2.968845573588013,0.00744185439184649,0.9925581456081535,29,21,0,0,
43,4,50,ZX_split,4.724445407434559,5.191908272377286,0.4674628649427266,0.9463572255494945,0.05364277445050547,19,6,0,25,
43,4,50,RL_adaptive,4.724445407434559,4.491560210655341,0.23288519677921826,0.9865022916645515,0.0134977083354485,19,30,0,1,0.9865022916645515
43,4,100,Z_only,4.724445407434559,1.410105673842986,2.968845573588013,0.00744185439184649,0.9925581456081535,58,42,0,0,
43,4,100,ZX_split,4.724445407434559,4.792218966096927,0.06777355866236778,0.9988521256608058,0.001147874339194166,27,23,0,50,
43,4,100,RL_adaptive,4.724445407434559,4.601731759210794,0.1227136482237654,0.9962400619854964,0.0037599380145035832,44,55,0,1,0.9962400619854964
43,4,250,Z_only,4.724445407434559,1.5627962414591055,3.1215361412041327,0.00010056255114599931,0.999899437448854,126,124,0,0,
43,4,250,ZX_split,4.724445407434559,4.75236766750798,0.0279222600734208,0.9998050995114813,0.00019490048851866781,65,60,0,125,
43,4,250,RL_adaptive,4.724445407434559,3.9269908169872414,0.7974545904473178,0.8492652077017165,0.15073479229828346,0,1,0,249,0.8492652077017165
43,4,500,Z_only,4.724445407434559,1.5147670160794127,3.0735069158244395,0.001158469294792556,0.9988415307052074,264,236,0,0,
43,4,500,ZX_split,4.724445407434559,4.696390345508346,0.028055061926212765,0.9998032412810979,0.0001967587189021236,123,127,0,250,
43,4,500,RL_adaptive,4.724445407434559,4.67032963045085,0.05411577698370884,0.9992680493240405,0.0007319506759595473,239,260,0,1,0.9992680493240405
44,0,10,Z_only,1.8015344124865522,1.7721542475852272,0.029380164901325,0.9997842170001469,0.00021578299985314242,4,6,0,0,
44,0,10,ZX_split,1.8015344124865522,2.111215827065481,0.30968141457892884,0.9762153543944347,0.023784645605565258,1,4,5,0,
44,0,10,RL_adaptive,1.8015344124865522,1.8925468811915387,0.09101246870498647,0.9979306116686227,0.0020693883313772643,3,6,1,0,0.9979306116686227
44,0,25,Z_only,1.8015344124865522,1.8545904360032244,0.05305602351667216,0.9992964296578354,0.0007035703421646167,9,16,0,0,
44,0,25,ZX_split,1.8015344124865522,2.0344439357957027,0.2329095233091505,0.9864994844118874,0.013500515588112605,3,9,13,0,
44,0,25,RL_adaptive,1.8015344124865522,0.7419472680059175,1.0595871444806346,0.7446160984809935,0.2553839015190065,1,0,23,1,0.7446160984809935
44,0,50,Z_only,1.8015344124865522,1.731486979746807,0.07004743273974512,0.9987738407751144,0.001226159224885559,21,29,0,0,
44,0,50,ZX_split,1.8015344124865522,1.7681918866447774,0.03334252584177477,0.9997220947402168,0.0002779052597832177,10,15,25,0,
44,0,50,RL_adaptive,1.8015344124865522,1.9047413986397905,0.10320698615323831,0.9973394423783919,0.002660557621608106,16,33,1,0,0.9973394423783919
44,0,100,Z_only,1.8015344124865522,1.792610797291691,0.00892361519486129,0.9999800924050689,1.9907594931090067e-05,39,61,0,0,
44,0,100,ZX_split,1.8015344124865522,1.825978717415715,0.02444430492916272,0.9998506264272131,0.00014937357278688168,19,31,48,2,
44,0,100,RL_adaptive,1.8015344124865522,1.7990701000329494,0.0024643124536027905,0.9999984817918011,1.5182081989362217e-06,38,61,1,0,0.9999984817918011
44,0,250,Z_only,1.8015344124865522,1.7233877984146082,0.07814661407194401,0.9984740534804972,0.0015259465195027744,106,144,0,0,
44,0,250,ZX_split,1.8015344124865522,1.806028709839165,0.004494297352612753,0.9999949503313262,5.04966867376222e-06,48,77,123,2,
44,0,250,RL_adaptive,1.8015344124865522,2.3766834259284333,0.5751490134418811,0.9195556272049223,0.08044437279507766,0,1,244,5,0.9195556272049223
44,0,500,Z_only,1.8015344124865522,1.792610797291691,0.00892361519486129,0.9999800924050689,1.9907594931090067e-05,195,305,0,0,
44,0,500,ZX_split,1.8015344124865522,1.8138294670845754,0.012295054598023158,0.9999622083841863,3.7791615813742574e-05,95,155,246,4,
44,0,500,RL_adaptive,1.8015344124865522,1.8049007140775635,0.003366301591011256,0.9999971670060753,2.832993924672955e-06,190,309,1,0,0.9999971670060753
44,1,10,Z_only,1.8015344124865522,2.2142974355881813,0.41276302310162905,0.9580079783261145,0.04199202167388549,2,8,0,0,
44,1,10,ZX_split,1.8015344124865522,2.111215827065481,0.30968141457892884,0.9762153543944347,0.023784645605565258,1,4,5,0,
44,1,10,RL_adaptive,1.8015344124865522,1.8925468811915387,0.09101246870498647,0.9979306116686227,0.0020693883313772643,3,6,1,0,0.9979306116686227
44,1,25,Z_only,1.8015344124865522,1.8545904360032244,0.05305602351667216,0.9992964296578354,0.0007035703421646167,9,16,0,0,
44,1,25,ZX_split,1.8015344124865522,1.7359450042095235,0.06558940827702875,0.998924892886641,0.0010751071133590084,5,7,13,0,
44,1,25,RL_adaptive,1.8015344124865522,2.399645385583876,0.5981109730973238,0.9132003832626229,0.08679961673737713,0,1,23,1,0.9132003832626229
44,1,50,Z_only,1.8015344124865522,1.8131621778338598,0.011627765347307584,0.9999661991490963,3.380085090365359e-05,19,31,0,0,
44,1,50,ZX_split,1.8015344124865522,1.9437840485949576,0.14224963610840535,0.994949784787768,0.005050215212232034,8,17,24,1,
44,1,50,RL_adaptive,1.8015344124865522,1.631944489444198,0.16958992304235432,0.992827030910555,0.0071729690894449805,23,26,1,0,0.992827030910555
44,1,100,Z_only,1.8015344124865522,1.8965258140895267,0.09499140160297448,0.9977458541690214,0.0022541458309786044,34,66,0,0,
44,1,100,ZX_split,1.8015344124865522,1.451367400776558,0.3501670117099942,0.9696577158987748,0.030342284101225192,28,22,50,0,
44,1,100,RL_adaptive,1.8015344124865522,1.6614562139956417,0.14007819849091052,0.9951025405620393,0.004897459437960716,45,54,1,0,0.9951025405620393
44,1,250,Z_only,1.8015344124865522,1.8796849008404717,0.07815048835391947,0.998473902249778,0.0015260977502220552,87,163,0,0,
44,1,250,ZX_split,1.8015344124865522,1.8098344657433658,0.0083000532568136,0.9999827773778573,1.722262214265413e-05,48,77,122,3,
44,1,250,RL_adaptive,1.8015344124865522,0.7732036459491964,1.0283307665373558,0.7581245796177746,0.24187542038222543,1,0,246,3,0.7581245796177746
44,1,500,Z_only,1.8015344124865522,1.8090438345388267,0.00750942205227445,0.9999859022113599,1.4097788640143882e-05,191,309,0,0,
44,1,500,ZX_split,1.8015344124865522,1.8196285353940442,0.018094122907492016,0.9999181529121317,8.184708786829198e-05,94,156,247,3,
44,1,500,RL_adaptive,1.8015344124865522,1.758925742588923,0.042608669897629126,0.9995461939756444,0.00045380602435562967,202,297,1,0,0.9995461939756444
44,2,10,Z_only,1.8015344124865522,1.7721542475852272,0.029380164901325,0.9997842170001469,0.00021578299985314242,4,6,0,0,
44,2,10,ZX_split,1.8015344124865522,1.7681918866447774,0.03334252584177477,0.9997220947402168,0.0002779052597832177,2,3,5,0,
44,2,10,RL_adaptive,1.8015344124865522,2.2318394956455836,0.4303050831590314,0.954419263557109,0.04558073644289096,1,8,1,0,0.954419263557109
44,2,25,Z_only,1.8015344124865522,1.8545904360032244,0.05305602351667216,0.9992964296578354,0.0007035703421646167,9,16,0,0,
44,2,25,ZX_split,1.8015344124865522,1.8925468811915387,0.09101246870498647,0.9979306116686227,0.0020693883313772643,4,8,13,0,
44,2,25,RL_adaptive,1.8015344124865522,2.356194490192345,0.5546600777057926,0.9250397554700556,0.07496024452994443,0,1,24,0,0.9250397554700556
44,2,50,Z_only,1.8015344124865522,1.6508819068285556,0.1506525056579966,0.9943366791123132,0.00566332088768684,23,27,0,0,
44,2,50,ZX_split,1.8015344124865522,1.690225252813235,0.11130915967331712,0.996905764451602,0.00309423554839805,11,14,25,0,
44,2,50,RL_adaptive,1.8015344124865522,1.6724851785579735,0.1290492339285787,0.9958423486382657,0.004157651361734294,22,27,1,0,0.9958423486382657
44,2,100,Z_only,1.8015344124865522,1.8131621778338598,0.011627765347307584,0.9999661991490963,3.380085090365359e-05,38,62,0,0,
44,2,100,ZX_split,1.8015344124865522,1.7681918866447774,0.03334252584177477,0.9997220947402168,0.0002779052597832177,20,30,50,0,
44,2,100,RL_adaptive,1.8015344124865522,1.8742562382347185,0.07272182574816632,0.9986784665758192,0.001321533424180843,34,65,1,0,0.9986784665758192
44,2,250,Z_only,1.8015344124865522,1.7721542475852272,0.029380164901325,0.9997842170001469,0.00021578299985314242,100,150,0,0,
44,2,250,ZX_split,1.8015344124865522,1.935789138989602,0.13425472650304981,0.9955006812987858,0.004499318701214228,39,86,124,1,
44,2,250,RL_adaptive,1.8015344124865522,0.7607118213418489,1.0408225911447033,0.752755339981886,0.24724466001811396,1,0,243,6,0.752755339981886
44,2,500,Z_only,1.8015344124865522,1.8255427256438517,0.024008313157299455,0.9998559071462843,0.00014409285371574931,187,313,0,0,
44,2,500,ZX_split,1.8015344124865522,1.8293400492940786,0.027805636807526346,0.9998067240935743,0.00019327590642570502,93,157,246,4,
44,2,500,RL_adaptive,1.8015344124865522,1.8011049586234624,0.0004294538630897904,0.9999999538923455,4.61076544722161e-08,191,308,1,0,0.9999999538923455
44,3,10,Z_only,1.8015344124865522,1.9823131728623844,0.18077876037583218,0.9918519866648104,0.008148013335189552,3,7,0,0,
44,3,10,ZX_split,1.8015344124865522,1.373400766945016,0.4281336455415363,0.9548710974068714,0.04512890259312863,3,2,5,0,
44,3,10,RL_adaptive,1.8015344124865522,1.460139105621001,0.3413953068655513,0.9711442155672774,0.02885578443272263,5,4,1,0,0.9711442155672774
44,3,25,Z_only,1.8015344124865522,1.5307856524409076,0.27074876004564463,0.9817854541884118,0.018214545811588212,13,12,0,0,
44,3,25,ZX_split,1.8015344124865522,0.982793723247329,0.8187406892392232,0.8415707029502544,0.15842929704974562,10,2,13,0,
44,3,25,RL_adaptive,1.8015344124865522,0.7853981633974483,1.016136249089104,0.7633271848289792,0.2366728151710208,1,0,24,0,0.7633271848289792
44,3,50,Z_only,1.8015344124865522,1.9390642202315367,0.13752980774498447,0.9952788365550156,0.004721163444984411,16,34,0,0,
44,3,50,ZX_split,1.8015344124865522,2.0503156187874927,0.24878120630094047,0.984606618191675,0.015393381808324946,6,19,25,0,
44,3,50,RL_adaptive,1.8015344124865522,1.9407023942514543,0.13916798176490208,0.995165877937283,0.00483412206271705,15,34,1,0,0.995165877937283
44,3,100,Z_only,1.8015344124865522,1.9390642202315367,0.13752980774498447,0.9952788365550156,0.004721163444984411,32,68,0,0,
44,3,100,ZX_split,1.8015344124865522,1.825978717415715,0.02444430492916272,0.9998506264272131,0.00014937357278688168,19,31,48,2,
44,3,100,RL_adaptive,1.8015344124865522,1.760409942569286,0.04112446991726615,0.9995772540783123,0.0004227459216876728,40,59,1,0,0.9995772540783123
44,3,250,Z_only,1.8015344124865522,1.7885122182010058,0.013022194285546407,0.9999576062130887,4.239378691128781e-05,98,152,0,0,
44,3,250,ZX_split,1.8015344124865522,1.7617194851174818,0.03981492736907044,0.9996037452399914,0.0003962547600085964,51,74,122,3,
44,3,250,RL_adaptive,1.8015344124865522,2.3683890076405967,0.5668545951540445,0.9217970844620944,0.07820291553790559,0,1,246,3,0.9217970844620944
44,3,500,Z_only,1.8015344124865522,1.7803261199625178,0.021208292524034444,0.9998875562968352,0.00011244370316476626,198,302,0,0,
44,3,500,ZX_split,1.8015344124865522,1.8349664913755546,0.03343207888900235,0.9997206000506119,0.00027939994938808166,92,158,247,3,
44,3,500,RL_adaptive,1.8015344124865522,1.8535897435499364,0.052055331063384225,0.9993227135878548,0.0006772864121451505,177,322,1,0,0.9993227135878548
44,4,10,Z_only,1.8015344124865522,1.9823131728623844,0.18077876037583218,0.9918519866648104,0.008148013335189552,3,7,0,0,
44,4,10,ZX_split,1.8015344124865522,1.373400766945016,0.4281336455415363,0.9548710974068714,0.04512890259312863,3,2,5,0,
44,4,10,RL_adaptive,1.8015344124865522,2.2318394956455836,0.4303050831590314,0.954419263557109,0.04558073644289096,1,8,1,0,0.954419263557109
44,4,25,Z_only,1.8015344124865522,2.02639500019072,0.2248605877041676,0.987412600683028,0.012587399316971948,7,18,0,0,
44,4,25,ZX_split,1.8015344124865522,1.7359450042095235,0.06558940827702875,0.998924892886641,0.0010751071133590084,5,7,13,0,
44,4,25,RL_adaptive,1.8015344124865522,2.356194490192345,0.5546600777057926,0.9250397554700556,0.07496024452994443,0,1,24,0,0.9250397554700556
44,4,50,Z_only,1.8015344124865522,1.7721542475852272,0.029380164901325,0.9997842170001469,0.00021578299985314242,20,30,0,0,
44,4,50,ZX_split,1.8015344124865522,1.690225252813235,0.11130915967331712,0.996905764451602,0.00309423554839805,11,14,25,0,
44,4,50,RL_adaptive,1.8015344124865522,1.631944489444198,0.16958992304235432,0.992827030910555,0.0071729690894449805,23,26,1,0,0.992827030910555
44,4,100,Z_only,1.8015344124865522,1.8131621778338598,0.011627765347307584,0.9999661991490963,3.380085090365359e-05,38,62,0,0,
44,4,100,ZX_split,1.8015344124865522,1.695151321341658,0.10638309114489419,0.9971733268624404,0.0028266731375595766,22,28,49,1,
44,4,100,RL_adaptive,1.8015344124865522,1.7798192696011612,0.021715142885391003,0.9998821177747312,0.00011788222526876169,39,60,1,0,0.9998821177747312
44,4,250,Z_only,1.8015344124865522,1.8462671095155474,0.04473269702899518,0.9994998298664343,0.000500170133565736,91,159,0,0,
44,4,250,ZX_split,1.8015344124865522,1.8585793685131158,0.057044956026563565,0.9991866888353574,0.0008133111646425606,44,81,125,0,
44,4,250,RL_adaptive,1.8015344124865522,2.3683890076405967,0.5668545951540445,0.9217970844620944,0.07820291553790559,0,1,246,3,0.9217970844620944
44,4,500,Z_only,1.8015344124865522,1.792610797291691,0.00892361519486129,0.9999800924050689,1.9907594931090067e-05,195,305,0,0,
44,4,500,ZX_split,1.8015344124865522,1.749206826145937,0.052327586340615184,0.9993156121128813,0.0006843878871186648,103,147,247,3,
44,4,500,RL_adaptive,1.8015344124865522,1.7820265150872692,0.019507897399283047,0.9999048635019023,9.513649809766989e-05,196,303,1,0,0.9999048635019023
45,0,10,Z_only,6.136259882547788,0.0,0.14692542463179858,0.9946129312918743,0.005387068708125664,10,0,0,0,
45,0,10,ZX_split,6.136259882547788,0.19739555984988072,0.344320984481679,0.9706524382169353,0.029347561783064746,5,0,3,2,
45,0,10,RL_adaptive,6.136259882547788,0.7853981633974483,0.9323235880292469,0.7979848677971464,0.2020151322028536,9,0,1,0,0.7979848677971464
45,0,25,Z_only,6.136259882547788,0.40271584158066176,0.5496412662124603,0.9263559863845783,0.07364401361542172,24,1,0,0,
45,0,25,ZX_split,6.136259882547788,5.916011473361367,0.22024840918642052,0.9879216044890641,0.012078395510935924,12,0,4,9,
45,0,25,RL_adaptive,6.136259882547788,5.8883941874798245,0.2478656950679632,0.9847191249891133,0.015280875010886708,1,0,7,17,0.9847191249891133
45,0,50,Z_only,6.136259882547788,0.0,0.14692542463179858,0.9946129312918743,0.005387068708125664,50,0,0,0,
45,0,50,ZX_split,6.136259882547788,6.163756381161248,0.02749649861346004,0.9998109975495092,0.000189002450490805,25,0,11,14,
45,0,50,RL_adaptive,6.136259882547788,5.476956823745921,0.6593030588018669,0.8952096729979495,0.10479032700205049,48,1,0,1,0.8952096729979495
45,0,100,Z_only,6.136259882547788,0.20033484232311968,0.3472602669549181,0.970154317299136,0.029845682700863962,99,1,0,0,
45,0,100,ZX_split,6.136259882547788,0.0,0.14692542463179858,0.9946129312918743,0.005387068708125664,49,1,25,25,
45,0,100,RL_adaptive,6.136259882547788,5.497787143782138,0.6384727387656497,0.9015034477609342,0.09849655223906584,99,0,0,1,0.9015034477609342
45,0,250,Z_only,6.136259882547788,0.0,0.14692542463179858,0.9946129312918743,0.005387068708125664,250,0,0,0,
45,0,250,ZX_split,6.136259882547788,6.163756381161248,0.02749649861346004,0.9998109975495092,0.000189002450490805,125,0,55,70,
45,0,250,RL_adaptive,6.136259882547788,6.0966252365654015,0.039634645982386196,0.9996073251180839,0.00039267488191607747,1,0,101,148,0.9996073251180839
45,0,500,Z_only,6.136259882547788,0.0,0.14692542463179858,0.9946129312918743,0.005387068708125664,500,0,0,0,
45,0,500,ZX_split,6.136259882547788,6.099785722960069,0.03647415958771827,0.9996674457912328,0.00033255420876721065,249,1,102,148,
45,0,500,RL_adaptive,6.136259882547788,5.495779114352541,0.6404807681952462,0.9009042763116869,0.0990957236883131,498,1,0,1,0.9009042763116869
45,1,10,Z_only,6.136259882547788,0.0,0.14692542463179858,0.9946129312918743,0.005387068708125664,10,0,0,0,
45,1,10,ZX_split,6.136259882547788,0.19739555984988072,0.344320984481679,0.9706524382169353,0.029347561783064746,5,0,3,2,
45,1,10,RL_adaptive,6.136259882547788,5.497787143782138,0.6384727387656497,0.9015034477609342,0.09849655223906584,9,0,0,1,0.9015034477609342
45,1,25,Z_only,6.136259882547788,0.0,0.14692542463179858,0.9946129312918743,0.005387068708125664,25,0,0,0,
45,1,25,ZX_split,6.136259882547788,0.07677189126977799,0.2236973159015765,0.9875419584955785,0.012458041504421535,12,0,7,6,
45,1,25,RL_adaptive,6.136259882547788,6.200044075291145,0.06378419274335734,0.998983238977002,0.0010167610229979696,1,0,11,13,0.998983238977002
45,1,50,Z_only,6.136259882547788,0.40271584158066176,0.5496412662124603,0.9263559863845783,0.07364401361542172,48,2,0,0,
45,1,50,ZX_split,6.136259882547788,5.937629726597874,0.19863015594991396,0.990168902111449,0.009831097888550966,25,0,8,17,
45,1,50,RL_adaptive,6.136259882547788,5.497787143782138,0.6384727387656497,0.9015034477609342,0.09849655223906584,49,0,0,1,0.9015034477609342
45,1,100,Z_only,6.136259882547788,0.283794109208328,0.4307195338401266,0.9543327808762645,0.0456672191237355,98,2,0,0,
45,1,100,ZX_split,6.136259882547788,0.07982998571223733,0.2267554103440359,0.9872004810786841,0.012799518921315922,50,0,27,23,
45,1,100,RL_adaptive,6.136259882547788,5.497787143782138,0.6384727387656497,0.9015034477609342,0.09849655223906584,99,0,0,1,0.9015034477609342
45,1,250,Z_only,6.136259882547788,0.17912481487888987,0.3260502395106881,0.9736574265713424,0.026342573428657645,248,2,0,0,
45,1,250,ZX_split,6.136259882547788,6.070453526487976,0.06580635605981122,0.9989177715071972,0.001082228492802817,125,0,49,76,
45,1,250,RL_adaptive,6.136259882547788,6.127821053328053,0.0084388292197346,0.9999821966460043,1.780335399570454e-05,1,0,105,144,0.9999821966460043
45,1,500,Z_only,6.136259882547788,0.15507467296433847,0.302000097596137,0.9773717547029585,0.02262824529704155,497,3,0,0,
45,1,500,ZX_split,6.136259882547788,6.185932108928021,0.04967222638023294,0.9993832942986293,0.0006167057013707344,248,2,113,137,
45,1,500,RL_adaptive,6.136259882547788,5.489706511585238,0.6465533709625495,0.8990824595115865,0.1009175404884135,495,4,0,1,0.8990824595115865
45,2,10,Z_only,6.136259882547788,0.0,0.14692542463179858,0.9946129312918743,0.005387068708125664,10,0,0,0,
45,2,10,ZX_split,6.136259882547788,0.19739555984988072,0.344320984481679,0.9706524382169353,0.029347561783064746,5,0,3,2,
45,2,10,RL_adaptive,6.136259882547788,5.497787143782138,0.6384727387656497,0.9015034477609342,0.09849655223906584,9,0,0,1,0.9015034477609342
45,2,25,Z_only,6.136259882547788,0.0,0.14692542463179858,0.9946129312918743,0.005387068708125664,25,0,0,0,
45,2,25,ZX_split,6.136259882547788,6.0563864591257,0.0798734234220877,0.998405906822943,0.0015940931770570543,12,0,5,8,
45,2,25,RL_adaptive,6.136259882547788,5.81953769817878,0.31672218436900756,0.9751307040508095,0.024869295949190517,1,0,6,18,0.9751307040508095
45,2,50,Z_only,6.136259882547788,0.0,0.14692542463179858,0.9946129312918743,0.005387068708125664,50,0,0,0,
45,2,50,ZX_split,6.136259882547788,6.163756381161248,0.02749649861346004,0.9998109975495092,0.000189002450490805,25,0,11,14,
45,2,50,RL_adaptive,6.136259882547788,5.497787143782138,0.6384727387656497,0.9015034477609342,0.09849655223906584,49,0,0,1,0.9015034477609342
45,2,100,Z_only,6.136259882547788,0.20033484232311968,0.3472602669549181,0.970154317299136,0.029845682700863962,99,1,0,0,
45,2,100,ZX_split,6.136259882547788,6.203355321467349,0.06709543891956127,0.9988749726678737,0.0011250273321262716,50,0,23,27,
45,2,100,RL_adaptive,6.136259882547788,5.497787143782138,0.6384727387656497,0.9015034477609342,0.09849655223906584,99,0,0,1,0.9015034477609342
45,2,250,Z_only,6.136259882547788,0.0,0.14692542463179858,0.9946129312918743,0.005387068708125664,250,0,0,0,
45,2,250,ZX_split,6.136259882547788,6.179557847182714,0.04329796463492652,0.9995313947798682,0.0004686052201318125,125,0,56,69,
45,2,250,RL_adaptive,6.136259882547788,6.135670334150467,0.0005895483973210602,0.9999999131081744,8.689182562360287e-08,1,0,106,143,0.9999999131081744
45,2,500,Z_only,6.136259882547788,0.15507467296433847,0.302000097596137,0.9773717547029585,0.02262824529704155,497,3,0,0,
45,2,500,ZX_split,6.136259882547788,6.259189913587717,0.12293003103992906,0.996226807101931,0.003773192898068989,250,0,122,128,
45,2,500,RL_adaptive,6.136259882547788,0.7914464767398203,0.9383719013716192,0.795551013504476,0.204448986495524,496,3,1,0,0.795551013504476
45,3,10,Z_only,6.136259882547788,0.0,0.14692542463179858,0.9946129312918743,0.005387068708125664,10,0,0,0,
45,3,10,ZX_split,6.136259882547788,5.742765806909002,0.39349407563878547,0.9617875047903132,0.038212495209686836,5,0,1,4,
45,3,10,RL_adaptive,6.136259882547788,5.373432149235376,0.7628277333124114,0.8614425146486173,0.13855748535138268,8,1,0,1,0.8614425146486173
45,3,25,Z_only,6.136259882547788,0.0,0.14692542463179858,0.9946129312918743,0.005387068708125664,25,0,0,0,
45,3,25,ZX_split,6.136259882547788,0.07677189126977799,0.2236973159015765,0.9875419584955785,0.012458041504421535,12,0,7,6,
45,3,25,RL_adaptive,6.136259882547788,5.755110858753227,0.3811490237945607,0.9641189130938668,0.03588108690613323,1,0,5,19,0.9641189130938668
45,3,50,Z_only,6.136259882547788,0.0,0.14692542463179858,0.9946129312918743,0.005387068708125664,50,0,0,0,
45,3,50,ZX_split,6.136259882547788,6.049442126310685,0.08681775623710308,0.9981168525705596,0.0018831474294404016,23,2,10,15,
45,3,50,RL_adaptive,6.136259882547788,0.7853981633974483,0.9323235880292469,0.7979848677971464,0.2020151322028536,49,0,1,0,0.7979848677971464
45,3,100,Z_only,6.136259882547788,0.20033484232311968,0.3472602669549181,0.970154317299136,0.029845682700863962,99,1,0,0,
45,3,100,ZX_split,6.136259882547788,5.97348236263713,0.1627775199106578,0.9933904832079594,0.006609516792040582,50,0,17,33,
45,3,100,RL_adaptive,6.136259882547788,0.7853981633974483,0.9323235880292469,0.7979848677971464,0.2020151322028536,99,0,1,0,0.7979848677971464
45,3,250,Z_only,6.136259882547788,0.25366173607545534,0.40058716070725353,0.9604160920476535,0.03958390795234645,246,4,0,0,
45,3,250,ZX_split,6.136259882547788,6.116739613631043,0.019520268916744854,0.9999047428001528,9.525719984715408e-05,125,0,52,73,
45,3,250,RL_adaptive,6.136259882547788,6.135670334150467,0.0005895483973210602,0.9999999131081744,8.689182562360287e-08,1,0,106,143,0.9999999131081744
45,3,500,Z_only,6.136259882547788,0.17912481487888987,0.3260502395106881,0.9736574265713424,0.026342573428657645,496,4,0,0,
45,3,500,ZX_split,6.136259882547788,6.030631031401526,0.1056288511462613,0.99721322900334,0.0027867709966600263,249,1,93,157,
45,3,500,RL_adaptive,6.136259882547788,0.7874061928270445,0.9343316174588434,0.7971780368353328,0.20282196316466716,498,1,1,0,0.7971780368353328
45,4,10,Z_only,6.136259882547788,0.0,0.14692542463179858,0.9946129312918743,0.005387068708125664,10,0,0,0,
45,4,10,ZX_split,6.136259882547788,0.19739555984988072,0.344320984481679,0.9706524382169353,0.029347561783064746,5,0,3,2,
45,4,10,RL_adaptive,6.136259882547788,0.7853981633974483,0.9323235880292469,0.7979848677971464,0.2020151322028536,9,0,1,0,0.7979848677971464
45,4,25,Z_only,6.136259882547788,0.0,0.14692542463179858,0.9946129312918743,0.005387068708125664,25,0,0,0,
45,4,25,ZX_split,6.136259882547788,5.789243938260005,0.34701594428778293,0.9701958775646171,0.029804122435382885,12,0,3,10,
45,4,25,RL_adaptive,6.136259882547788,5.961434752782944,0.17482512976484355,0.9923784850897353,0.007621514910264748,1,0,8,16,0.9923784850897353
45,4,50,Z_only,6.136259882547788,0.0,0.14692542463179858,0.9946129312918743,0.005387068708125664,50,0,0,0,
45,4,50,ZX_split,6.136259882547788,6.010176604092876,0.12608327845491196,0.9960310138175679,0.003968986182432133,25,0,9,16,
45,4,50,RL_adaptive,6.136259882547788,5.497787143782138,0.6384727387656497,0.9015034477609342,0.09849655223906584,49,0,0,1,0.9015034477609342
45,4,100,Z_only,6.136259882547788,0.0,0.14692542463179858,0.9946129312918743,0.005387068708125664,100,0,0,0,
45,4,100,ZX_split,6.136259882547788,6.163756381161248,0.02749649861346004,0.9998109975495092,0.000189002450490805,50,0,22,28,
45,4,100,RL_adaptive,6.136259882547788,5.497787143782138,0.6384727387656497,0.9015034477609342,0.09849655223906584,99,0,0,1,0.9015034477609342
45,4,250,Z_only,6.136259882547788,0.12657558596272397,0.27350101059452214,0.9814155810938424,0.018584418906157585,249,1,0,0,
45,4,250,ZX_split,6.136259882547788,6.025074190796424,0.11118569175136361,0.9969126180387431,0.0030873819612569076,125,0,46,79,
45,4,250,RL_adaptive,6.136259882547788,6.17517358247954,0.03891369993175253,0.9996214787584927,0.00037852124150727917,1,0,111,138,0.9996214787584927
45,4,500,Z_only,6.136259882547788,0.20033484232311968,0.3472602669549181,0.970154317299136,0.029845682700863962,495,5,0,0,
45,4,500,ZX_split,6.136259882547788,6.121994392741339,0.014265489806448706,0.9999491248129305,5.08751870694768e-05,248,2,105,145,
45,4,500,RL_adaptive,6.136259882547788,0.7894222865448868,0.9363477111766851,0.7963667601241669,0.20363323987583315,497,2,1,0,0.7963667601241669
46,0,10,Z_only,0.5355560937455005,0.6435011087932843,0.10794501504778375,0.997089795917484,0.002910204082515966,9,1,0,0,
46,0,10,ZX_split,0.5355560937455005,5.961434752782944,0.857306648142143,0.8272381179673449,0.17276188203265508,4,1,2,3,
46,0,10,RL_adaptive,0.5355560937455005,1.0636978224025597,0.5281417286570592,0.9318724991923076,0.06812750080769236,7,2,1,0,0.9318724991923076
46,0,25,Z_only,0.5355560937455005,0.5735131044230967,0.03795701067759616,0.9996398595771193,0.0003601404228806837,23,2,0,0,
46,0,25,ZX_split,0.5355560937455005,0.2267988480538859,0.3087572456916146,0.976355973656383,0.023644026343616953,12,0,8,5,
46,0,25,RL_adaptive,0.5355560937455005,0.24497866312686414,0.2905774306186364,0.9790392990999331,0.020960700900066853,1,0,15,9,0.9790392990999331
46,0,50,Z_only,0.5355560937455005,0.5735131044230967,0.03795701067759616,0.9996398595771193,0.0003601404228806837,46,4,0,0,
46,0,50,ZX_split,0.5355560937455005,0.6805212246672143,0.14496513092171381,0.9947554717943451,0.005244528205654908,23,2,21,4,
46,0,50,RL_adaptive,0.5355560937455005,0.8505233267318342,0.31496723298633367,0.975403265082087,0.024596734917913032,46,3,1,0,0.975403265082087
46,0,100,Z_only,0.5355560937455005,0.6093853080307949,0.07382921428529443,0.9986379306401146,0.001362069359885365,91,9,0,0,
46,0,100,ZX_split,0.5355560937455005,0.4297622790966885,0.10579381464881199,0.9972045259778596,0.0027954740221404206,49,1,36,14,
46,0,100,RL_adaptive,0.5355560937455005,5.410100488652637,1.4086409122724497,0.5807228594545547,0.4192771405454453,91,8,0,1,0.5807228594545547
46,0,250,Z_only,0.5355560937455005,0.47781889725220456,0.05773719649329595,0.9991668355258272,0.0008331644741728095,236,14,0,0,
46,0,250,ZX_split,0.5355560937455005,0.5086000047654583,0.026956088980042203,0.9998183533162964,0.0001816466837035735,119,6,94,31,
46,0,250,RL_adaptive,0.5355560937455005,0.3432783286116036,0.19227776513389688,0.9907857559300398,0.009214244069960187,1,0,169,80,0.9907857559300398
46,0,500,Z_only,0.5355560937455005,0.4601182373826622,0.07543785636283828,0.9985779570372711,0.0014220429627288533,474,26,0,0,
46,0,500,ZX_split,0.5355560937455005,0.5611634122883521,0.025607318542851587,0.9998360752671503,0.0001639247328496518,230,20,191,59,
46,0,500,RL_adaptive,0.5355560937455005,5.427089713998191,1.3916516869268962,0.5890939836824157,0.4109060163175843,466,33,0,1,0.5890939836824157
46,1,10,Z_only,0.5355560937455005,0.0,0.5355560937455005,0.9299924884306506,0.07000751156934937,10,0,0,0,
46,1,10,ZX_split,0.5355560937455005,0.5404195002705843,0.004863406525083769,0.9999940868308981,5.913169101923188e-06,5,0,4,1,
46,1,10,RL_adaptive,0.5355560937455005,5.373432149235376,1.4453092516897108,0.5625789966800994,0.43742100331990064,8,1,0,1,0.5625789966800994
46,1,25,Z_only,0.5355560937455005,0.8230336921349761,0.2874775983894756,0.9794810563422603,0.020518943657739652,21,4,0,0,
46,1,25,ZX_split,0.5355560937455005,0.5232783221319754,0.012277771613525057,0.9999623145544587,3.768544554128006e-05,10,2,9,4,
46,1,25,RL_adaptive,0.5355560937455005,2.498091544796509,1.9625354510510085,0.3091018144284431,0.6908981855715569,0,1,21,3,0.3091018144284431
46,1,50,Z_only,0.5355560937455005,0.0,0.5355560937455005,0.9299924884306506,0.07000751156934937,50,0,0,0,
46,1,50,ZX_split,0.5355560937455005,0.1194289260183385,0.416127167727162,0.9573306382912973,0.042669361708702724,25,0,14,11,
46,1,50,RL_adaptive,0.5355560937455005,0.9240379005316064,0.3884818067861059,0.9627425965956312,0.03725740340436878,43,6,1,0,0.9627425965956312
46,1,100,Z_only,0.5355560937455005,0.5355266543143876,2.9439431112887604e-05,0.99999999978333,2.1667001526282093e-10,93,7,0,0,
46,1,100,ZX_split,0.5355560937455005,0.4636476090008061,0.07190848474469441,0.9987078493903608,0.0012921506096391644,49,1,37,13,
46,1,100,RL_adaptive,0.5355560937455005,0.8850668158886104,0.34951072214310985,0.9697701863527546,0.030229813647245418,90,9,1,0,0.9697701863527546
46,1,250,Z_only,0.5355560937455005,0.4601182373826622,0.07543785636283828,0.9985779570372711,0.0014220429627288533,237,13,0,0,
46,1,250,ZX_split,0.5355560937455005,0.4599023081609702,0.07565378558453029,0.9985698085181206,0.0014301914818793948,116,9,89,36,
46,1,250,RL_adaptive,0.5355560937455005,0.3853439344000914,0.1502121593454091,0.9943696754934187,0.005630324506581297,1,0,175,74,0.9943696754934187
46,1,500,Z_only,0.5355560937455005,0.5880932667898044,0.05253717304430394,0.9993101200653,0.0006898799347000439,458,42,0,0,
46,1,500,ZX_split,0.5355560937455005,0.5006677248747361,0.03488836887076441,0.9996957312942082,0.0003042687057918103,231,19,183,67,
46,1,500,RL_adaptive,0.5355560937455005,0.8470221663015307,0.3114660725560302,0.9759426542466189,0.024057345753381143,470,29,1,0,0.9759426542466189
46,2,10,Z_only,0.5355560937455005,0.6435011087932843,0.10794501504778375,0.997089795917484,0.002910204082515966,9,1,0,0,
46,2,10,ZX_split,0.5355560937455005,0.19739555984988072,0.3381605338956198,0.9716832542079976,0.028316745792002385,5,0,3,2,
46,2,10,RL_adaptive,0.5355560937455005,0.7853981633974483,0.24984206965194777,0.9844757411102865,0.015524258889713538,9,0,1,0,0.9844757411102865
46,2,25,Z_only,0.5355560937455005,0.40271584158066176,0.13284025216483875,0.9955948505386801,0.004405149461319868,24,1,0,0,
46,2,25,ZX_split,0.5355560937455005,0.7853981633974483,0.24984206965194777,0.9844757411102865,0.015524258889713538,12,0,13,0,
46,2,25,RL_adaptive,0.5355560937455005,0.5280744484263596,0.007481645319140862,0.9999860063111043,1.3993688895652667e-05,1,0,19,5,0.9999860063111043
46,2,50,Z_only,0.5355560937455005,0.40271584158066176,0.13284025216483875,0.9955948505386801,0.004405149461319868,48,2,0,0,
46,2,50,ZX_split,0.5355560937455005,0.6000502134017536,0.06449411965625307,0.9989604875276629,0.001039512472337134,22,3,19,6,
46,2,50,RL_adaptive,0.5355560937455005,0.8740540452648857,0.3384979515193852,0.9716272578112229,0.028372742188777056,45,4,1,0,0.9716272578112229
46,2,100,Z_only,0.5355560937455005,0.45102681179626264,0.08452928194923787,0.9982147634924089,0.0017852365075911036,95,5,0,0,
46,2,100,ZX_split,0.5355560937455005,0.7597627548757708,0.22420666113027032,0.9874853996191998,0.012514600380800212,45,5,44,6,
46,2,100,RL_adaptive,0.5355560937455005,0.8385395722423837,0.30298347849688323,0.9772252802304903,0.022774719769509733,94,5,1,0,0.9772252802304903
46,2,250,Z_only,0.5355560937455005,0.47781889725220456,0.05773719649329595,0.9991668355258272,0.0008331644741728095,236,14,0,0,
46,2,250,ZX_split,0.5355560937455005,0.5679607439945007,0.03240465024900019,0.9997375076311903,0.00026249236880970805,115,10,96,29,
46,2,250,RL_adaptive,0.5355560937455005,0.4652527440588805,0.07030334968662,0.9987648686074739,0.0012351313925260676,1,0,187,62,0.9987648686074739
46,2,500,Z_only,0.5355560937455005,0.5660983819493275,0.030542288203826984,0.9997668102858874,0.0002331897141125694,461,39,0,0,
46,2,500,ZX_split,0.5355560937455005,0.5603598769048431,0.02480378315934262,0.9998462009706066,0.00015379902939338663,227,23,189,61,
46,2,500,RL_adaptive,0.5355560937455005,0.856095593181395,0.32053949943589455,0.9745327857333066,0.025467214266693405,466,33,1,0,0.9745327857333066
46,3,10,Z_only,0.5355560937455005,0.0,0.5355560937455005,0.9299924884306506,0.07000751156934937,10,0,0,0,
46,3,10,ZX_split,0.5355560937455005,0.3217505543966421,0.21380553934885843,0.9886152661553292,0.011384733844670758,4,1,3,2,
46,3,10,RL_adaptive,0.5355560937455005,0.9097531579442099,0.37419706419870935,0.9654007076277424,0.03459929237225756,8,1,1,0,0.9654007076277424
46,3,25,Z_only,0.5355560937455005,0.40271584158066176,0.13284025216483875,0.9955948505386801,0.004405149461319868,24,1,0,0,
46,3,25,ZX_split,0.5355560937455005,0.6055446636049701,0.06998856985946955,0.9987758998223447,0.0012241001776552851,12,0,11,2,
46,3,25,RL_adaptive,0.5355560937455005,0.39479111969976155,0.14076497404573896,0.99505447981609,0.004945520183910035,1,0,17,7,0.99505447981609
46,3,50,Z_only,0.5355560937455005,0.5735131044230967,0.03795701067759616,0.9996398595771193,0.0003601404228806837,46,4,0,0,
46,3,50,ZX_split,0.5355560937455005,0.5543074962015512,0.01875140245605067,0.9999120988021437,8.790119785628825e-05,23,2,19,6,
46,3,50,RL_adaptive,0.5355560937455005,0.8985491449879328,0.3629930512424323,0.9674191291876927,0.032580870812307317,44,5,1,0,0.9674191291876927
46,3,100,Z_only,0.5355560937455005,0.5735131044230967,0.03795701067759616,0.9996398595771193,0.0003601404228806837,92,8,0,0,
46,3,100,ZX_split,0.5355560937455005,0.6747409422235525,0.13918484847805201,0.9951647079984672,0.004835292001532765,45,5,41,9,
46,3,100,RL_adaptive,0.5355560937455005,0.8385395722423837,0.30298347849688323,0.9772252802304903,0.022774719769509733,94,5,1,0,0.9772252802304903
46,3,250,Z_only,0.5355560937455005,0.5276354822647822,0.00792061148071832,0.999984316060439,1.5683939560973137e-05,233,17,0,0,
46,3,250,ZX_split,0.5355560937455005,0.6786624907483128,0.14310639700281225,0.9948888714778652,0.0051111285221348,109,16,100,25,
46,3,250,RL_adaptive,0.5355560937455005,0.4326624228785044,0.10289367086699608,0.9973555574425647,0.0026444425574353447,1,0,182,67,0.9973555574425647
46,3,500,Z_only,0.5355560937455005,0.5276354822647822,0.00792061148071832,0.999984316060439,1.5683939560973137e-05,466,34,0,0,
46,3,500,ZX_split,0.5355560937455005,0.53303411017749,0.0025219835680104774,0.9999984099005633,1.5900994366768728e-06,225,25,184,66,
46,3,500,RL_adaptive,0.5355560937455005,5.420189488868508,1.398551912056579,0.5856969910336722,0.41430300896632777,463,36,0,1,0.5856969910336722
46,4,10,Z_only,0.5355560937455005,0.0,0.5355560937455005,0.9299924884306506,0.07000751156934937,10,0,0,0,
46,4,10,ZX_split,0.5355560937455005,1.0303768265243125,0.494820732778812,0.9400269266500931,0.05997307334990687,4,1,5,0,
46,4,10,RL_adaptive,0.5355560937455005,0.9097531579442099,0.37419706419870935,0.9654007076277424,0.03459929237225756,8,1,1,0,0.9654007076277424
46,4,25,Z_only,0.5355560937455005,0.5735131044230967,0.03795701067759616,0.9996398595771193,0.0003601404228806837,23,2,0,0,
46,4,25,ZX_split,0.5355560937455005,0.2267988480538859,0.3087572456916146,0.976355973656383,0.023644026343616953,12,0,8,5,
46,4,25,RL_adaptive,0.5355560937455005,0.5880026035475675,0.052446509802067,0.9993124985129553,0.0006875014870446616,1,0,20,4,0.9993124985129553
46,4,50,Z_only,0.5355560937455005,0.4949341263408958,0.04062196740460472,0.9995875206665911,0.0004124793334089327,47,3,0,0,
46,4,50,ZX_split,0.5355560937455005,0.7298996581517314,0.1943435644062309,0.9905873267101946,0.00941267328980544,22,3,21,4,
46,4,50,RL_adaptive,0.5355560937455005,0.7853981633974483,0.24984206965194777,0.9844757411102865,0.015524258889713538,49,0,1,0,0.9844757411102865
46,4,100,Z_only,0.5355560937455005,0.5355266543143876,2.9439431112887604e-05,0.99999999978333,2.1667001526282093e-10,93,7,0,0,
46,4,100,ZX_split,0.5355560937455005,0.35877067027057225,0.17678542347492826,0.9922070563949328,0.007792943605067215,49,1,34,16,
46,4,100,RL_adaptive,0.5355560937455005,0.8166379968277165,0.28108190308221603,0.9803779429383139,0.01962205706168607,96,3,1,0,0.9803779429383139
46,4,250,Z_only,0.5355560937455005,0.47781889725220456,0.05773719649329595,0.9991668355258272,0.0008331644741728095,236,14,0,0,
46,4,250,ZX_split,0.5355560937455005,0.5767164010624217,0.04116030731692122,0.9995765170681638,0.00042348293183624985,114,11,96,29,
46,4,250,RL_adaptive,0.5355560937455005,0.5152449636860432,0.020311130059457283,0.9998968680445223,0.00010313195547773102,1,0,195,54,0.9998968680445223
46,4,500,Z_only,0.5355560937455005,0.5510026906325151,0.015446596887014552,0.9999403518471575,5.964815284253966e-05,463,37,0,0,
46,4,500,ZX_split,0.5355560937455005,0.5230183117374189,0.012537782008081644,0.9999607015203804,3.929847961958721e-05,236,14,189,61,
46,4,500,RL_adaptive,0.5355560937455005,0.8770444381259896,0.34148834438048914,0.9711286389458902,0.028871361054109812,457,42,1,0,0.9711286389458902
47,0,10,Z_only,2.737506746033228,3.141592653589793,0.40408590755656526,0.9597310913510878,0.040268908648912194,0,10,0,0,
47,0,10,ZX_split,2.737506746033228,2.356194490192345,0.381312255840883,0.9640885467882165,0.03591145321178346,0,5,5,0,
47,0,10,RL_adaptive,2.737506746033228,2.356194490192345,0.381312255840883,0.9640885467882165,0.03591145321178346,0,9,1,0,0.9640885467882165
47,0,25,Z_only,2.737506746033228,2.7388768120091314,0.0013700659759035005,0.9999995307298788,4.692701212061223e-07,1,24,0,0,
47,0,25,ZX_split,2.737506746033228,2.5679259854216325,0.16958076061159533,0.9928278040990132,0.007172195900986833,1,11,10,3,
47,0,25,RL_adaptive,2.737506746033228,2.896613990462929,0.15910724442970103,0.993684561078459,0.006315438921540961,0,1,15,9,0.993684561078459
47,0,50,Z_only,2.737506746033228,2.498091544796509,0.239415201236719,0.9857384084761674,0.01426159152383255,5,45,0,0,
47,0,50,ZX_split,2.737506746033228,2.306236094470402,0.43127065156282596,0.9542176592465709,0.04578234075342913,3,22,23,2,
47,0,50,RL_adaptive,2.737506746033228,3.9478211370234586,1.2103143909902307,0.6763626172682271,0.3236373827317729,1,48,0,1,0.6763626172682271
47,0,100,Z_only,2.737506746033228,2.6466585272488974,0.09084821878433047,0.9979380690329102,0.0020619309670898422,6,94,0,0,
47,0,100,ZX_split,2.737506746033228,2.711830374493105,0.025676371540122922,0.9998351900410372,0.00016480995896284156,1,49,36,14,
47,0,100,RL_adaptive,2.737506746033228,2.3141140827504545,0.42339266328277336,0.9558501470760702,0.04414985292392981,4,95,1,0,0.9558501470760702
47,0,250,Z_only,2.737506746033228,2.7598047993663033,0.02229805333307544,0.9998757043545329,0.00012429564546712069,9,241,0,0,
47,0,250,ZX_split,2.737506746033228,2.7686049317897323,0.03109818575650447,0.9997582451949714,0.00024175480502863778,5,120,85,40,
47,0,250,RL_adaptive,2.737506746033228,2.7771127787717367,0.03960603273850882,0.9996078918030122,0.00039210819698776156,0,1,172,77,0.9996078918030122
47,0,500,Z_only,2.737506746033228,2.7388768120091314,0.0013700659759035005,0.9999995307298788,4.692701212061223e-07,20,480,0,0,
47,0,500,ZX_split,2.737506746033228,2.7566352672956906,0.019128521262462783,0.9999085277077743,9.147229222572495e-05,9,241,172,78,
47,0,500,RL_adaptive,2.737506746033228,2.318789906824863,0.4187168392083649,0.9568057053466837,0.043194294653316256,18,481,1,0,0.9568057053466837
47,1,10,Z_only,2.737506746033228,3.141592653589793,0.40408590755656526,0.9597310913510878,0.040268908648912194,0,10,0,0,
47,1,10,ZX_split,2.737506746033228,2.601173153319209,0.1363335927140188,0.9953604807279167,0.004639519272083281,0,5,4,1,
47,1,10,RL_adaptive,2.737506746033228,2.356194490192345,0.381312255840883,0.9640885467882165,0.03591145321178346,0,9,1,0,0.9640885467882165
47,1,25,Z_only,2.737506746033228,3.141592653589793,0.40408590755656526,0.9597310913510878,0.040268908648912194,0,25,0,0,
47,1,25,ZX_split,2.737506746033228,2.7091848780192556,0.028321868013972296,0.9997994813520595,0.00020051864794046192,1,11,9,4,
47,1,25,RL_adaptive,2.737506746033228,2.746801533890032,0.009294787856803932,0.999978401885169,2.1598114831045123e-05,0,1,17,7,0.999978401885169
47,1,50,Z_only,2.737506746033228,2.6466585272488974,0.09084821878433047,0.9979380690329102,0.0020619309670898422,3,47,0,0,
47,1,50,ZX_split,2.737506746033228,2.8461518164460733,0.10864507041284543,0.9970519637049327,0.0029480362950673467,1,24,16,9,
47,1,50,RL_adaptive,2.737506746033228,2.3136669555725606,0.4238397904606672,0.9557582490913509,0.044241750908649125,2,47,1,0,0.9557582490913509
47,1,100,Z_only,2.737506746033228,2.857798544381465,0.12029179834823722,0.9963868308815163,0.00361316911848375,2,98,0,0,
47,1,100,ZX_split,2.737506746033228,2.6954871046463897,0.042019641386838114,0.9995586523789589,0.00044134762104108827,2,48,36,14,
47,1,100,RL_adaptive,2.737506746033228,2.3030530813474095,0.43445366468581836,0.9535500691648001,0.04644993083519988,5,94,1,0,0.9535500691648001
47,1,250,Z_only,2.737506746033228,2.7598047993663033,0.02229805333307544,0.9998757043545329,0.00012429564546712069,9,241,0,0,
47,1,250,ZX_split,2.737506746033228,2.7324365008297185,0.005070245203509405,0.9999935731671624,6.426832837580498e-06,6,119,87,38,
47,1,250,RL_adaptive,2.737506746033228,2.7023304537617054,0.035176292271522414,0.9996906890118649,0.00030931098813513636,0,1,183,66,0.9996906890118649
47,1,500,Z_only,2.737506746033228,2.7388768120091314,0.0013700659759035005,0.9999995307298788,4.692701212061223e-07,20,480,0,0,
47,1,500,ZX_split,2.737506746033228,2.7461842500178175,0.008677503984589663,0.9999811753492731,1.8824650726889658e-05,10,240,173,77,
47,1,500,RL_adaptive,2.737506746033228,3.960105001893668,1.22259825586044,0.6706022843456083,0.3293977156543917,16,483,0,1,0.6706022843456083
47,2,10,Z_only,2.737506746033228,3.141592653589793,0.40408590755656526,0.9597310913510878,0.040268908648912194,0,10,0,0,
47,2,10,ZX_split,2.737506746033228,2.601173153319209,0.1363335927140188,0.9953604807279167,0.004639519272083281,0,5,4,1,
47,2,10,RL_adaptive,2.737506746033228,2.356194490192345,0.381312255840883,0.9640885467882165,0.03591145321178346,0,9,1,0,0.9640885467882165
47,2,25,Z_only,2.737506746033228,2.7388768120091314,0.0013700659759035005,0.9999995307298788,4.692701212061223e-07,1,24,0,0,
47,2,25,ZX_split,2.737506746033228,2.647651284670212,0.08985546136301581,0.9979828567657563,0.0020171432342437345,0,12,10,3,
47,2,25,RL_adaptive,2.737506746033228,2.819842099193151,0.08233535315992313,0.9983061796123835,0.0016938203876164515,0,1,16,8,0.9983061796123835
47,2,50,Z_only,2.737506746033228,2.6466585272488974,0.09084821878433047,0.9979380690329102,0.0020619309670898422,3,47,0,0,
47,2,50,ZX_split,2.737506746033228,2.9441970937399127,0.20669034770668482,0.9893577433391916,0.010642256660808425,0,25,15,10,
47,2,50,RL_adaptive,2.737506746033228,2.3136669555725606,0.4238397904606672,0.9557582490913509,0.044241750908649125,2,47,1,0,0.9557582490913509
47,2,100,Z_only,2.737506746033228,2.857798544381465,0.12029179834823722,0.9963868308815163,0.00361316911848375,2,98,0,0,
47,2,100,ZX_split,2.737506746033228,2.5829933382462307,0.15451340778699718,0.9940432669793557,0.005956733020644256,1,49,40,10,
47,2,100,RL_adaptive,2.737506746033228,2.3355788545667413,0.40192789146648655,0.9601542632427916,0.03984573675720837,2,97,1,0,0.9601542632427916
47,2,250,Z_only,2.737506746033228,2.6998312294397344,0.03767551659349344,0.999645180835843,0.0003548191641570275,12,238,0,0,
47,2,250,ZX_split,2.737506746033228,2.756435147226319,0.018928401193091027,0.9999104315813633,8.956841863672071e-05,7,118,85,40,
47,2,250,RL_adaptive,2.737506746033228,2.7222510060397633,0.015255739993464523,0.9999418167277792,5.8183272220846405e-05,0,1,180,69,0.9999418167277792
47,2,500,Z_only,2.737506746033228,2.7818856540048365,0.044378907971608594,0.9995077089365259,0.0004922910634741484,16,484,0,0,
47,2,500,ZX_split,2.737506746033228,2.66699657696089,0.07051016907233798,0.9987575938798748,0.0012424061201251613,16,234,181,69,
47,2,500,RL_adaptive,2.737506746033228,2.333657323083133,0.40384942295009507,0.9597775688210973,0.04022243117890267,11,488,1,0,0.9597775688210973
47,3,10,Z_only,2.737506746033228,2.498091544796509,0.239415201236719,0.9857384084761674,0.01426159152383255,1,9,0,0,
47,3,10,ZX_split,2.737506746033228,2.601173153319209,0.1363335927140188,0.9953604807279167,0.004639519272083281,0,5,4,1,
47,3,10,RL_adaptive,2.737506746033228,2.356194490192345,0.381312255840883,0.9640885467882165,0.03591145321178346,0,9,1,0,0.9640885467882165
47,3,25,Z_only,2.737506746033228,3.141592653589793,0.40408590755656526,0.9597310913510878,0.040268908648912194,0,25,0,0,
47,3,25,ZX_split,2.737506746033228,2.462178848181945,0.275327897851283,0.9811680531170743,0.018831946882925665,2,10,10,3,
47,3,25,RL_adaptive,2.737506746033228,2.746801533890032,0.009294787856803932,0.999978401885169,2.1598114831045123e-05,0,1,17,7,0.999978401885169
47,3,50,Z_only,2.737506746033228,2.7388768120091314,0.0013700659759035005,0.9999995307298788,4.692701212061223e-07,2,48,0,0,
47,3,50,ZX_split,2.737506746033228,2.7270857790050074,0.010420967028220485,0.9999728511072402,2.714889275978738e-05,0,25,18,7,
47,3,50,RL_adaptive,2.737506746033228,2.3136669555725606,0.4238397904606672,0.9557582490913509,0.044241750908649125,2,47,1,0,0.9557582490913509
47,3,100,Z_only,2.737506746033228,2.7934266323168324,0.05591988628360456,0.9992184452736836,0.000781554726316358,3,97,0,0,
47,3,100,ZX_split,2.737506746033228,2.642245931909663,0.09526081412356469,0.9977330594037924,0.0022669405962075784,3,47,37,13,
47,3,100,RL_adaptive,2.737506746033228,2.2917676507667912,0.4457390952664366,0.9511461347562545,0.048853865243745465,6,93,1,0,0.9511461347562545
47,3,250,Z_only,2.737506746033228,2.8305010517978317,0.09299430576460388,0.9978395723848149,0.00216042761518509,6,244,0,0,
47,3,250,ZX_split,2.737506746033228,2.6742820573087527,0.06322468872447518,0.9990009925332592,0.0009990074667407534,8,117,90,35,
47,3,250,RL_adaptive,2.737506746033228,2.763165275561116,0.025658529527888163,0.9998354189953784,0.00016458100462157788,0,1,174,75,0.9998354189953784
47,3,500,Z_only,2.737506746033228,2.6998312294397344,0.03767551659349344,0.999645180835843,0.0003548191641570275,24,476,0,0,
47,3,500,ZX_split,2.737506746033228,2.761086276477428,0.02357953044420036,0.9998610078760887,0.0001389921239113301,10,240,171,79,
47,3,500,RL_adaptive,2.737506746033228,3.9665534961471764,1.2290467501139486,0.6675680012365166,0.3324319987634834,19,480,0,1,0.6675680012365166
47,4,10,Z_only,2.737506746033228,3.141592653589793,0.40408590755656526,0.9597310913510878,0.040268908648912194,0,10,0,0,
47,4,10,ZX_split,2.737506746033228,2.819842099193151,0.08233535315992313,0.9983061796123835,0.0016938203876164515,1,4,3,2,
47,4,10,RL_adaptive,2.737506746033228,2.2318394956455836,0.5056672503876443,0.9374257294620622,0.06257427053793785,1,8,1,0,0.9374257294620622
47,4,25,Z_only,2.737506746033228,3.141592653589793,0.40408590755656526,0.9597310913510878,0.040268908648912194,0,25,0,0,
47,4,25,ZX_split,2.737506746033228,2.7091848780192556,0.028321868013972296,0.9997994813520595,0.00020051864794046192,1,11,9,4,
47,4,25,RL_adaptive,2.737506746033228,0.16514867741462685,2.572358068618601,0.07884311450802273,0.9211568854919773,1,0,14,10,0.07884311450802273
47,4,50,Z_only,2.737506746033228,2.7388768120091314,0.0013700659759035005,0.9999995307298788,4.692701212061223e-07,2,48,0,0,
47,4,50,ZX_split,2.737506746033228,2.6590793585673165,0.07842738746591138,0.9984630742501206,0.0015369257498794031,2,23,18,7,
47,4,50,RL_adaptive,2.737506746033228,3.992115980321627,1.2546092342883992,0.6554724679621158,0.3445275320378842,3,46,0,1,0.6554724679621158
47,4,100,Z_only,2.737506746033228,2.7934266323168324,0.05591988628360456,0.9992184452736836,0.000781554726316358,3,97,0,0,
47,4,100,ZX_split,2.737506746033228,2.7270857790050074,0.010420967028220485,0.9999728511072402,2.714889275978738e-05,0,50,36,14,
47,4,100,RL_adaptive,2.737506746033228,2.28025385392645,0.4572528921067778,0.9486343441334273,0.05136565586657271,7,92,1,0,0.9486343441334273
47,4,250,Z_only,2.737506746033228,2.8053468649973605,0.06784011896413267,0.9988498707678192,0.0011501292321808299,7,243,0,0,
47,4,250,ZX_split,2.737506746033228,2.8248925613022235,0.08738581526899569,0.9980921443629021,0.0019078556370979438,3,122,82,43,
47,4,250,RL_adaptive,2.737506746033228,0.4058607782298685,2.331645967803359,0.1552314766135454,0.8447685233864546,1,0,178,71,0.1552314766135454
47,4,500,Z_only,2.737506746033228,2.7818856540048365,0.044378907971608594,0.9995077089365259,0.0004922910634741484,16,484,0,0,
47,4,500,ZX_split,2.737506746033228,2.6992184306130484,0.03828831542017941,0.9996335459971672,0.0003664540028327501,11,239,179,71,
47,4,500,RL_adaptive,2.737506746033228,2.325212671334175,0.4122940746990529,0.9581019853718165,0.041898014628183544,15,484,1,0,0.9581019853718165
48,0,10,Z_only,1.759213365754934,1.7721542475852272,0.012940881830293183,0.9999581339786312,4.1866021368797135e-05,4,6,0,0,
48,0,10,ZX_split,1.759213365754934,2.111215827065481,0.352002461310547,0.9693420951707739,0.030657904829226146,1,4,5,0,
48,0,10,RL_adaptive,1.759213365754934,1.6814535479687922,0.07775981778614183,0.9984891142234972,0.0015108857765028239,4,5,1,0,0.9984891142234972
48,0,25,Z_only,1.759213365754934,1.6910862091896848,0.06812715656524926,0.9988401213516889,0.00115987864831113,11,14,0,0,
48,0,25,ZX_split,1.759213365754934,1.7359450042095235,0.023268361545410565,0.9998646519445541,0.00013534805544590522,5,7,13,0,
48,0,25,RL_adaptive,1.759213365754934,2.399645385583876,0.6404320198289419,0.9009188413839333,0.0990811586160667,0,1,23,1,0.9009188413839333
48,0,50,Z_only,1.759213365754934,1.8545904360032244,0.09537707024829034,0.9977275270847675,0.0022724729152324707,18,32,0,0,
48,0,50,ZX_split,1.759213365754934,1.7681918866447774,0.008978520889843411,0.9999798466760446,2.0153323955440783e-05,10,15,25,0,
48,0,50,RL_adaptive,1.759213365754934,1.8678605391359393,0.10864717338100527,0.9970518496898794,0.002948150310120634,17,32,1,0,0.9970518496898794
48,0,100,Z_only,1.759213365754934,1.731486979746807,0.027726386008126935,0.9998078241915078,0.00019217580849217875,42,58,0,0,
48,0,100,ZX_split,1.759213365754934,1.80634130751576,0.04712794176082591,0.9994448420402289,0.0005551579597711243,19,31,50,0,
48,0,100,RL_adaptive,1.759213365754934,1.6614562139956417,0.09775715175929234,0.9976127868377835,0.0023872131622164616,45,54,1,0,0.9976127868377835
48,0,250,Z_only,1.759213365754934,1.8214115398826118,0.06219817412767781,0.999033158538706,0.0009668414612939991,94,156,0,0,
48,0,250,ZX_split,1.759213365754934,1.5947917203867665,0.1644216453681675,0.9932565932309619,0.006743406769038063,61,64,125,0,
48,0,250,RL_adaptive,1.759213365754934,2.3683890076405967,0.6091756418856626,0.9100599936142978,0.08994000638570221,0,1,246,3,0.9100599936142978
48,0,500,Z_only,1.759213365754934,1.7517827780414443,0.0074305877134897,0.9999861966550692,1.3803344930840566e-05,205,295,0,0,
48,0,500,ZX_split,1.759213365754934,1.7319872412331436,0.027226124521790407,0.9998146959828722,0.00018530401712779643,105,145,248,2,
48,0,500,RL_adaptive,1.759213365754934,1.7896774517447973,0.030464085989863277,0.9997680028093198,0.00023199719068023317,194,305,1,0,0.9997680028093198
48,1,10,Z_only,1.759213365754934,1.5707963267948966,0.18841703896003748,0.9911509804646156,0.008849019535384417,5,5,0,0,
48,1,10,ZX_split,1.759213365754934,1.7681918866447774,0.008978520889843411,0.9999798466760446,2.0153323955440783e-05,2,3,5,0,
48,1,10,RL_adaptive,1.759213365754934,1.6814535479687922,0.07775981778614183,0.9984891142234972,0.0015108857765028239,4,5,1,0,0.9984891142234972
48,1,25,Z_only,1.759213365754934,1.6910862091896848,0.06812715656524926,0.9988401213516889,0.00115987864831113,11,14,0,0,
48,1,25,ZX_split,1.759213365754934,1.7359450042095235,0.023268361545410565,0.9998646519445541,0.00013534805544590522,5,7,13,0,
48,1,25,RL_adaptive,1.759213365754934,0.7853981633974483,0.9738152023574858,0.781074159348604,0.21892584065139598,1,0,24,0,0.781074159348604
48,1,50,Z_only,1.759213365754934,1.8965258140895267,0.13731244833459266,0.9952937244805545,0.004706275519445469,17,33,0,0,
48,1,50,ZX_split,1.759213365754934,1.6107750139181867,0.14843835183674736,0.9945016209731378,0.005498379026862232,12,13,25,0,
48,1,50,RL_adaptive,1.759213365754934,1.8678605391359393,0.10864717338100527,0.9970518496898794,0.002948150310120634,17,32,1,0,0.9970518496898794
48,1,100,Z_only,1.759213365754934,1.7517827780414443,0.0074305877134897,0.9999861966550692,1.3803344930840566e-05,41,59,0,0,
48,1,100,ZX_split,1.759213365754934,1.8804992713373527,0.1212859055824187,0.9963269382349176,0.0036730617650824193,17,33,50,0,
48,1,100,RL_adaptive,1.759213365754934,1.8925468811915387,0.13333351543660465,0.9955621239128023,0.004437876087197701,33,66,1,0,0.9955621239128023
48,1,250,Z_only,1.759213365754934,1.7967131683703763,0.03749980261544228,0.9996484823968826,0.00035151760311735725,97,153,0,0,
48,1,250,ZX_split,1.759213365754934,1.9412887325014703,0.18207536674653624,0.9917350111262495,0.00826498887375049,39,86,123,2,
48,1,250,RL_adaptive,1.759213365754934,2.3602267264034382,0.6010133606485042,0.9123815023880706,0.08761849761192941,0,1,248,1,0.9123815023880706
48,1,500,Z_only,1.759213365754934,1.7233877984146082,0.035825567340325826,0.9996791664984366,0.0003208335015634223,212,288,0,0,
48,1,500,ZX_split,1.759213365754934,1.7981986750772652,0.03898530932233113,0.9996200845359312,0.00037991546406879184,97,153,246,4,
48,1,500,RL_adaptive,1.759213365754934,1.7550550844341857,0.004158281320748358,0.9999956771803434,4.3228196565658905e-06,203,296,1,0,0.9999956771803434
48,2,10,Z_only,1.759213365754934,2.2142974355881813,0.45508406983324723,0.949112039740414,0.050887960259585974,2,8,0,0,
48,2,10,ZX_split,1.759213365754934,2.111215827065481,0.352002461310547,0.9693420951707739,0.030657904829226146,1,4,5,0,
48,2,10,RL_adaptive,1.759213365754934,1.8925468811915387,0.13333351543660465,0.9955621239128023,0.004437876087197701,3,6,1,0,0.9955621239128023
48,2,25,Z_only,1.759213365754934,1.7721542475852272,0.012940881830293183,0.9999581339786312,4.1866021368797135e-05,10,15,0,0,
48,2,25,ZX_split,1.759213365754934,1.4056476493802699,0.35356571637466416,0.969072033684439,0.03092796631556105,7,5,13,0,
48,2,25,RL_adaptive,1.759213365754934,2.44685437739309,0.6876410116381562,0.8863727257425978,0.11362727425740216,0,1,22,2,0.8863727257425978
48,2,50,Z_only,1.759213365754934,1.8545904360032244,0.09537707024829034,0.9977275270847675,0.0022724729152324707,18,32,0,0,
48,2,50,ZX_split,1.759213365754934,1.5308176396716064,0.2283957260833276,0.9870154401416433,0.01298455985835667,13,12,25,0,
48,2,50,RL_adaptive,1.759213365754934,1.7524451567949086,0.00676820896002539,0.9999885478805859,1.1452119414112616e-05,20,29,1,0,0.9999885478805859
48,2,100,Z_only,1.759213365754934,1.9177132243220583,0.15849985856712423,0.9937325861444019,0.006267413855598147,33,67,0,0,
48,2,100,ZX_split,1.759213365754934,1.7681918866447774,0.008978520889843411,0.9999798466760446,2.0153323955440783e-05,20,30,50,0,
48,2,100,RL_adaptive,1.759213365754934,1.760409942569286,0.001196576814352035,0.9999996420510248,3.579489752381093e-07,40,59,1,0,0.9999996420510248
48,2,250,Z_only,1.759213365754934,1.6749847225361925,0.08422864321874157,0.9982274322387841,0.0017725677612159263,112,138,0,0,
48,2,250,ZX_split,1.759213365754934,1.7835281074865068,0.024314741731572775,0.9998522056152659,0.00014779438473411233,49,76,125,0,
48,2,250,RL_adaptive,1.759213365754934,2.3766834259284333,0.6174700601734993,0.9076729172178154,0.0923270827821846,0,1,244,5,0.9076729172178154
48,2,500,Z_only,1.759213365754934,1.7112577415047523,0.04795562425018174,0.9994251747008476,0.0005748252991524261,215,285,0,0,
48,2,500,ZX_split,1.759213365754934,1.8100279267585573,0.05081456100362325,0.999354608988499,0.000645391011500962,95,155,248,2,
48,2,500,RL_adaptive,1.759213365754934,1.7278098110802775,0.0314035546746565,0.9997534744493956,0.00024652555060444836,210,289,1,0,0.9997534744493956
48,3,10,Z_only,1.759213365754934,2.2142974355881813,0.45508406983324723,0.949112039740414,0.050887960259585974,2,8,0,0,
48,3,10,ZX_split,1.759213365754934,1.2490457723982544,0.5101675933566796,0.9363313400630273,0.06366865993697268,3,2,4,1,
48,3,10,RL_adaptive,1.759213365754934,1.6814535479687922,0.07775981778614183,0.9984891142234972,0.0015108857765028239,4,5,1,0,0.9984891142234972
48,3,25,Z_only,1.759213365754934,1.4505064444001083,0.3087069213548257,0.9763636192042006,0.02363638079579944,14,11,0,0,
48,3,25,ZX_split,1.759213365754934,1.5707963267948966,0.18841703896003748,0.9911509804646156,0.008849019535384417,6,6,13,0,
48,3,25,RL_adaptive,1.759213365754934,0.7853981633974483,0.9738152023574858,0.781074159348604,0.21892584065139598,1,0,24,0,0.781074159348604
48,3,50,Z_only,1.759213365754934,1.731486979746807,0.027726386008126935,0.9998078241915078,0.00019217580849217875,21,29,0,0,
48,3,50,ZX_split,1.759213365754934,1.8438050298816073,0.0845916641266733,0.9982121291013376,0.0017878708986623915,9,16,25,0,
48,3,50,RL_adaptive,1.759213365754934,1.7524451567949086,0.00676820896002539,0.9999885478805859,1.1452119414112616e-05,20,29,1,0,0.9999885478805859
48,3,100,Z_only,1.759213365754934,1.8131621778338598,0.05394881207892577,0.9992725578779644,0.0007274421220355709,38,62,0,0,
48,3,100,ZX_split,1.759213365754934,1.8804992713373527,0.1212859055824187,0.9963269382349176,0.0036730617650824193,17,33,50,0,
48,3,100,RL_adaptive,1.759213365754934,1.7408549483869529,0.01835841736798116,0.999915744494372,8.425550562796147e-05,41,58,1,0,0.999915744494372
48,3,250,Z_only,1.759213365754934,1.7558507217203885,0.003362644034545559,0.9999971731589377,2.8268410623422113e-06,102,148,0,0,
48,3,250,ZX_split,1.759213365754934,1.6426722963512315,0.11654106940370257,0.996608386084838,0.0033916139151619618,58,67,125,0,
48,3,250,RL_adaptive,1.759213365754934,2.3683890076405967,0.6091756418856626,0.9100599936142978,0.08994000638570221,0,1,246,3,0.9100599936142978
48,3,500,Z_only,1.759213365754934,1.5947986313922982,0.16441473436263587,0.9932571588221084,0.00674284117789159,244,256,0,0,
48,3,500,ZX_split,1.759213365754934,1.6712969258495265,0.08791643990540754,0.99806891920473,0.001931080795270046,113,137,244,6,
48,3,500,RL_adaptive,1.759213365754934,1.7781915533314427,0.01897818757650871,0.9999099598016198,9.00401983802146e-05,197,302,1,0,0.9999099598016198
48,4,10,Z_only,1.759213365754934,1.9823131728623844,0.22309980710745037,0.9876081460386569,0.012391853961343124,3,7,0,0,
48,4,10,ZX_split,1.759213365754934,1.0303768265243125,0.7288365392306215,0.8729748872396016,0.1270251127603984,4,1,5,0,
48,4,10,RL_adaptive,1.759213365754934,2.0778948311872334,0.31868146543229936,0.9748246798538259,0.025175320146174074,2,7,1,0,0.9748246798538259
48,4,25,Z_only,1.759213365754934,1.6108070011488855,0.1484063646060485,0.9945039860773174,0.005496013922682619,12,13,0,0,
48,4,25,ZX_split,1.759213365754934,1.7359450042095235,0.023268361545410565,0.9998646519445541,0.00013534805544590522,5,7,13,0,
48,4,25,RL_adaptive,1.759213365754934,2.399645385583876,0.6404320198289419,0.9009188413839333,0.0990811586160667,0,1,23,1,0.9009188413839333
48,4,50,Z_only,1.759213365754934,1.731486979746807,0.027726386008126935,0.9998078241915078,0.00019217580849217875,21,29,0,0,
48,4,50,ZX_split,1.759213365754934,1.6107750139181867,0.14843835183674736,0.9945016209731378,0.005498379026862232,12,13,25,0,
48,4,50,RL_adaptive,1.759213365754934,1.5503909961083586,0.2088223696465754,0.9891378625999506,0.010862137400049376,25,24,1,0,0.9891378625999506
48,4,100,Z_only,1.759213365754934,1.5707963267948966,0.18841703896003748,0.9911509804646156,0.008849019535384417,50,50,0,0,
48,4,100,ZX_split,1.759213365754934,1.690225252813235,0.06898811294169893,0.9988106318996807,0.0011893681003193324,22,28,50,0,
48,4,100,RL_adaptive,1.759213365754934,1.7990701000329494,0.03985673427801539,0.9996029127537338,0.0003970872462661923,38,61,1,0,0.9996029127537338
48,4,250,Z_only,1.759213365754934,1.8296783604606308,0.07046499470569678,0.9987591846777317,0.0012408153222682738,93,157,0,0,
48,4,250,ZX_split,1.759213365754934,1.643836892098016,0.11537647365691805,0.996675757405859,0.0033242425941409914,58,67,124,1,
48,4,250,RL_adaptive,1.759213365754934,2.3683890076405967,0.6091756418856626,0.9100599936142978,0.08994000638570221,0,1,246,3,0.9100599936142978
48,4,500,Z_only,1.759213365754934,1.7274360940808284,0.0317772716741056,0.9997475724939794,0.0002524275060206138,211,289,0,0,
48,4,500,ZX_split,1.759213365754934,1.722839594658305,0.03637377109662898,0.9996692736604555,0.0003307263395444515,106,144,249,1,
48,4,500,RL_adaptive,1.759213365754934,1.8162464656058266,0.057033099850892555,0.9991870267844052,0.0008129732155948144,187,312,1,0,0.9991870267844052
49,0,10,Z_only,4.043346018895825,1.7721542475852272,2.2711917713105976,0.17773995524603128,0.8222600447539687,4,6,0,0,
49,0,10,ZX_split,4.043346018895825,3.9269908169872414,0.11635520190858362,0.9966191836051056,0.0033808163948944037,0,5,0,5,
49,0,10,RL_adaptive,4.043346018895825,3.9269908169872414,0.11635520190858362,0.9966191836051056,0.0033808163948944037,0,9,0,1,0.9966191836051056
49,0,25,Z_only,4.043346018895825,2.7388768120091314,1.3044692068866937,0.6315949153006402,0.36840508469935984,1,24,0,0,
49,0,25,ZX_split,4.043346018895825,4.045082845406336,0.0017368265105108804,0.9999992458586079,7.5414139211194e-07,2,10,1,12,
49,0,25,RL_adaptive,4.043346018895825,5.497787143782138,1.454441124886313,0.5580464165594945,0.4419535834405055,1,0,0,24,0.5580464165594945
49,0,50,Z_only,4.043346018895825,2.4341094418104503,1.6092365770853747,0.4807846079504793,0.5192153920495207,6,44,0,0,
49,0,50,ZX_split,4.043346018895825,3.8770324212652985,0.16631359763052656,0.9931008714420915,0.006899128557908529,2,23,3,22,
49,0,50,RL_adaptive,4.043346018895825,4.015646698854679,0.027699320041145725,0.9998081991810873,0.00019180081891267964,4,45,0,1,0.9998081991810873
49,0,100,Z_only,4.043346018895825,2.4038666851365442,1.6394793337592808,0.46568549032979517,0.5343145096702049,13,87,0,0,
49,0,100,ZX_split,4.043346018895825,4.012496110665446,0.03084990823037881,0.9997620896600488,0.00023791033995124167,9,41,6,44,
49,0,100,RL_adaptive,4.043346018895825,4.131412022364388,0.08806600346856275,0.9980623475522024,0.0019376524477976442,17,82,0,1,0.9980623475522024
49,0,250,Z_only,4.043346018895825,2.1846232652315307,1.8587227536642943,0.3580176884895212,0.6419823115104788,53,197,0,0,
49,0,250,ZX_split,4.043346018895825,4.094092616918347,0.05074659802252235,0.9993563338467527,0.0006436661532472909,28,97,14,111,
49,0,250,RL_adaptive,4.043346018895825,3.810922925544369,0.23242309335145617,0.9865555631712037,0.013444436828796258,0,1,26,223,0.9865555631712037
49,0,500,Z_only,4.043346018895825,2.2395390299972684,1.8038069888985566,0.38454606678966724,0.6154539332103328,95,405,0,0,
49,0,500,ZX_split,4.043346018895825,4.067240426623846,0.023894407728021427,0.9998572711108606,0.0001427288891393541,52,198,28,222,
49,0,500,RL_adaptive,4.043346018895825,2.095750076326786,1.947595942569039,0.31602675436576055,0.6839732456342394,105,394,1,0,0.31602675436576055
49,1,10,Z_only,4.043346018895825,1.9823131728623844,2.0610328460334406,0.26458271814932527,0.7354172818506748,3,7,0,0,
49,1,10,ZX_split,4.043346018895825,4.3906384259880475,0.34729240709222253,0.970148848044046,0.029851151955954003,2,3,1,4,
49,1,10,RL_adaptive,4.043346018895825,4.3906384259880475,0.34729240709222253,0.970148848044046,0.029851151955954003,3,6,0,1,0.970148848044046
49,1,25,Z_only,4.043346018895825,2.318558961454817,1.724787057441008,0.42330857446327236,0.5766914255367277,4,21,0,0,
49,1,25,ZX_split,4.043346018895825,3.945856503008912,0.09748951588691313,0.9976258298504059,0.002374170149594068,2,10,2,11,
49,1,25,RL_adaptive,4.043346018895825,3.836330929786496,0.20701508910932898,0.9893243955255534,0.010675604474446598,0,1,2,22,0.9893243955255534
49,1,50,Z_only,4.043346018895825,2.2652945924214523,1.7780514264743728,0.3971127397358925,0.6028872602641075,9,41,0,0,
49,1,50,ZX_split,4.043346018895825,3.8221138782570074,0.22123214063881758,0.9878139095110794,0.012186090488920609,2,23,4,21,
49,1,50,RL_adaptive,4.043346018895825,4.177993503630276,0.13464748473445098,0.9954743573873086,0.004525642612691394,10,39,0,1,0.9954743573873086
49,1,100,Z_only,4.043346018895825,2.165182126795959,1.8781638920998662,0.34872468678772706,0.6512753132122729,22,78,0,0,
49,1,100,ZX_split,4.043346018895825,4.037648038161137,0.0056979807346877465,0.9999918832758472,8.11672415279574e-06,9,41,5,45,
49,1,100,RL_adaptive,4.043346018895825,2.1230146895455286,1.9203313293502964,0.3287695177554699,0.6712304822445301,19,80,1,0,0.3287695177554699
49,1,250,Z_only,4.043346018895825,2.2863031085918175,1.7570429103040075,0.40741414879624277,0.5925858512037572,43,207,0,0,
49,1,250,ZX_split,4.043346018895825,4.036441766128605,0.006904252767220065,0.9999880828707715,1.191712922854471e-05,22,103,12,113,
49,1,250,RL_adaptive,4.043346018895825,3.780580575746965,0.2627654431488602,0.9828376710367396,0.01716232896326042,0,1,32,217,0.9828376710367396
49,1,500,Z_only,4.043346018895825,2.31311721903753,1.730228799858295,0.4206210485443442,0.5793789514556558,81,419,0,0,
49,1,500,ZX_split,4.043346018895825,3.9724140964088184,0.07093192248700664,0.9987426928870993,0.0012573071129007296,41,209,33,217,
49,1,500,RL_adaptive,4.043346018895825,4.1550516077640705,0.11170558886824544,0.9968837078371037,0.003116292162896328,94,405,0,1,0.9968837078371037
49,2,10,Z_only,4.043346018895825,1.9823131728623844,2.0610328460334406,0.26458271814932527,0.7354172818506748,3,7,0,0,
49,2,10,ZX_split,4.043346018895825,3.9269908169872414,0.11635520190858362,0.9966191836051056,0.0033808163948944037,1,4,1,4,
49,2,10,RL_adaptive,4.043346018895825,3.9269908169872414,0.11635520190858362,0.9966191836051056,0.0033808163948944037,0,9,0,1,0.9966191836051056
49,2,25,Z_only,4.043346018895825,2.318558961454817,1.724787057441008,0.42330857446327236,0.5766914255367277,4,21,0,0,
49,2,25,ZX_split,4.043346018895825,4.124386376837123,0.08104035794129771,0.9983590134948368,0.0016409865051632,2,10,0,13,
49,2,25,RL_adaptive,4.043346018895825,3.7850937623830774,0.25825225651274764,0.9834189063977369,0.01658109360226312,0,1,3,21,0.9834189063977369
49,2,50,Z_only,4.043346018895825,2.318558961454817,1.724787057441008,0.42330857446327236,0.5766914255367277,8,42,0,0,
49,2,50,ZX_split,4.043346018895825,4.229875685362213,0.18652966646638802,0.9913268619600253,0.008673138039974715,7,18,2,23,
49,2,50,RL_adaptive,4.043346018895825,4.148305259335032,0.10495924043920724,0.9972484169082849,0.002751583091715082,9,40,0,1,0.9972484169082849
49,2,100,Z_only,4.043346018895825,2.318558961454817,1.724787057441008,0.42330857446327236,0.5766914255367277,16,84,0,0,
49,2,100,ZX_split,4.043346018895825,4.1360137597935065,0.09266774089768148,0.9978547082990554,0.0021452917009445738,12,38,5,45,
49,2,100,RL_adaptive,4.043346018895825,2.1517732848151985,1.8915727340806265,0.3423482704875562,0.6576517295124438,17,82,1,0,0.3423482704875562
49,2,250,Z_only,4.043346018895825,2.2344511086616805,1.8088949102341445,0.3820723601322841,0.6179276398677159,48,202,0,0,
49,2,250,ZX_split,4.043346018895825,4.139635739345013,0.09628972044918793,0.9976838628099473,0.002316137190052747,28,97,9,116,
49,2,250,RL_adaptive,4.043346018895825,3.7753853295489685,0.26796068934685646,0.9821564200952677,0.017843579904732287,0,1,33,216,0.9821564200952677
49,2,500,Z_only,4.043346018895825,2.260100014668522,1.783246004227303,0.39457243388268004,0.60542756611732,91,409,0,0,
49,2,500,ZX_split,4.043346018895825,3.9979099322774916,0.04543608661833343,0.9994839792917621,0.0005160207082378632,40,210,27,223,
49,2,500,RL_adaptive,4.043346018895825,4.135098589334465,0.09175257043863994,0.9978968425343276,0.002103157465672356,87,412,0,1,0.9978968425343276
49,3,10,Z_only,4.043346018895825,2.2142974355881813,1.8290485833076437,0.37230442083918425,0.6276955791608158,2,8,0,0,
49,3,10,ZX_split,4.043346018895825,4.171969480114106,0.1286234612182806,0.9958697003241673,0.0041302996758326715,1,4,0,5,
49,3,10,RL_adaptive,4.043346018895825,4.205290475992353,0.16194445709652783,0.9934578149217693,0.006542185078230678,2,7,0,1,0.9934578149217693
49,3,25,Z_only,4.043346018895825,2.5680795491666966,1.4752664697291284,0.5476923115889033,0.4523076884110967,2,23,0,0,
49,3,25,ZX_split,4.043346018895825,3.8438495850988,0.19949643379702486,0.9900832483677301,0.009916751632269905,0,12,1,12,
49,3,25,RL_adaptive,4.043346018895825,3.7295952571373605,0.3137507617584645,0.9755913357462985,0.024408664253701473,0,1,4,20,0.9755913357462985
49,3,50,Z_only,4.043346018895825,2.3745986457279264,1.6687473731678986,0.45110275444040077,0.5488972455595993,7,43,0,0,
49,3,50,ZX_split,4.043346018895825,4.266283431441286,0.22293741254546084,0.9876261048048746,0.01237389519512544,7,18,1,24,
49,3,50,RL_adaptive,4.043346018895825,4.240611469203939,0.19726545030811415,0.9903030919857239,0.00969690801427614,12,37,0,1,0.9903030919857239
49,3,100,Z_only,4.043346018895825,2.3745986457279264,1.6687473731678986,0.45110275444040077,0.5488972455595993,14,86,0,0,
49,3,100,ZX_split,4.043346018895825,4.0758807645967385,0.032534745700913525,0.9997353959222777,0.0002646040777223302,8,42,2,48,
49,3,100,RL_adaptive,4.043346018895825,4.205290475992353,0.16194445709652783,0.9934578149217693,0.006542185078230678,22,77,0,1,0.9934578149217693
49,3,250,Z_only,4.043346018895825,2.2243353890326194,1.8190106298632056,0.37716330910728235,0.6228366908927176,49,201,0,0,
49,3,250,ZX_split,4.043346018895825,4.080534599526797,0.03718858063097219,0.9996542922129685,0.00034570778703146843,27,98,14,111,
49,3,250,RL_adaptive,4.043346018895825,3.8009654453748674,0.24238057352095765,0.9853846772300208,0.014615322769979233,0,1,28,221,0.9853846772300208
49,3,500,Z_only,4.043346018895825,2.219306866920777,1.824039151975048,0.3747276667461145,0.6252723332538854,99,401,0,0,
49,3,500,ZX_split,4.043346018895825,3.9979099322774916,0.04543608661833343,0.9994839792917621,0.0005160207082378632,40,210,27,223,
49,3,500,RL_adaptive,4.043346018895825,2.1310152196318737,1.9123307992639513,0.33253333498140203,0.667466665018598,93,406,1,0,0.33253333498140203
49,4,10,Z_only,4.043346018895825,2.2142974355881813,1.8290485833076437,0.37230442083918425,0.6276955791608158,2,8,0,0,
49,4,10,ZX_split,4.043346018895825,4.171969480114106,0.1286234612182806,0.9958697003241673,0.0041302996758326715,1,4,0,5,
49,4,10,RL_adaptive,4.043346018895825,4.3906384259880475,0.34729240709222253,0.970148848044046,0.029851151955954003,3,6,0,1,0.970148848044046
49,4,25,Z_only,4.043346018895825,2.4341094418104503,1.6092365770853747,0.4807846079504793,0.5192153920495207,3,22,0,0,
49,4,25,ZX_split,4.043346018895825,4.045082845406336,0.0017368265105108804,0.9999992458586079,7.5414139211194e-07,2,10,1,12,
49,4,25,RL_adaptive,4.043346018895825,3.8835399215957103,0.15980609730011475,0.9936290785234122,0.006370921476587799,0,1,1,23,0.9936290785234122
49,4,50,Z_only,4.043346018895825,2.2142974355881813,1.8290485833076437,0.37230442083918425,0.6276955791608158,10,40,0,0,
49,4,50,ZX_split,4.043346018895825,4.339401258584629,0.2960552396888039,0.9782474047173536,0.021752595282646392,8,17,1,24,
49,4,50,RL_adaptive,4.043346018895825,4.148305259335032,0.10495924043920724,0.9972484169082849,0.002751583091715082,9,40,0,1,0.9972484169082849
49,4,100,Z_only,4.043346018895825,2.2395390299972684,1.8038069888985566,0.38454606678966724,0.6154539332103328,19,81,0,0,
49,4,100,ZX_split,4.043346018895825,4.092139494401868,0.04879347550604329,0.999404917265642,0.0005950827343580434,10,40,4,46,
49,4,100,RL_adaptive,4.043346018895825,4.189985548668161,0.14663952977233574,0.9946338382069339,0.005366161793066149,21,78,0,1,0.9946338382069339
49,4,250,Z_only,4.043346018895825,2.244647490415026,1.798698528480799,0.3870327661626802,0.6129672338373198,47,203,0,0,
49,4,250,ZX_split,4.043346018895825,4.051345811534002,0.007999792638177183,0.999984000914761,1.599908523897131e-05,24,101,13,112,
49,4,250,RL_adaptive,4.043346018895825,3.7753853295489685,0.26796068934685646,0.9821564200952677,0.017843579904732287,0,1,33,216,0.9821564200952677
49,4,500,Z_only,4.043346018895825,2.2043344930445032,1.8390115258513218,0.36749456322072144,0.6325054367792786,102,398,0,0,
49,4,500,ZX_split,4.043346018895825,4.030445281570217,0.012900737325607814,0.9999583933211654,4.1606678834571476e-05,43,207,24,226,
49,4,500,RL_adaptive,4.043346018895825,4.121156115806842,0.07781009691101737,0.9984871607150472,0.0015128392849528272,82,417,0,1,0.9984871607150472
