target_id,seed,N,method,true_theta,theta_hat,theta_error,fidelity,infidelity,z_counts_0,z_counts_1,x_counts_0,x_counts_1,z_shots,x_shots,reward
0,0,10,Z_only,1.5662760408597347,1.7721542475852272,0.2058782067254925,0.9894409164723212,0.010559083527678759,4,6,0,0,10,0,
0,0,10,ZX_split,1.5662760408597347,2.111215827065481,0.5449397862057463,0.9275792525752667,0.07242074742473326,1,4,5,0,5,5,
0,0,10,RL_adaptive,1.5662760408597347,1.373400766945016,0.19287527391471881,0.9907285778006205,0.009271422199379487,3,2,5,0,5,5,0.9907285778006205
0,0,25,Z_only,1.5662760408597347,1.4505064444001083,0.11576959645962637,0.9966530907472576,0.0033469092527423916,14,11,0,0,25,0,
0,0,25,ZX_split,1.5662760408597347,1.4056476493802699,0.16062839147946484,0.9935634871312778,0.006436512868722155,7,5,13,0,12,13,
0,0,25,RL_adaptive,1.5662760408597347,1.6373644905707203,0.0710884497109856,0.998737140042853,0.0012628599571470334,7,8,10,0,15,10,0.998737140042853
0,0,50,Z_only,1.5662760408597347,1.4907107467612375,0.07556529409849722,0.9985731507318013,0.0014268492681986933,27,23,0,0,50,0,
0,0,50,ZX_split,1.5662760408597347,1.5308176396716064,0.035458401188128263,0.9996857083782236,0.0003142916217764302,13,12,25,0,25,25,
0,0,50,RL_adaptive,1.5662760408597347,1.4288992721907328,0.13737676866900195,0.9952893213286801,0.004710678671319912,16,12,22,0,28,22,0.9952893213286801
0,0,100,Z_only,1.5662760408597347,1.792610797291691,0.22633475643195622,0.9872477230856772,0.012752276914322791,39,61,0,0,100,0,
0,0,100,ZX_split,1.5662760408597347,1.5308176396716064,0.035458401188128263,0.9996857083782236,0.0003142916217764302,26,24,50,0,50,50,
0,0,100,RL_adaptive,1.5662760408597347,1.7454685258031364,0.17919248494340168,0.9919939705379343,0.008006029462065745,28,40,32,0,68,32,0.9919939705379343
0,0,250,Z_only,1.5662760408597347,1.538790862943446,0.027485177916288794,0.9998111531376372,0.00018884686236275705,129,121,0,0,250,0,
0,0,250,ZX_split,1.5662760408597347,1.5787961561347832,0.012520115275048482,0.9999608121902803,3.918780971967628e-05,62,63,125,0,125,125,
0,0,250,RL_adaptive,1.5662760408597347,1.460139105621001,0.1061369352387338,0.9971863805296863,0.0028136194703136663,70,56,124,0,126,124,0.9971863805296863
0,0,500,Z_only,1.5662760408597347,1.5827966148135606,0.01652057395382589,0.9999317692109291,6.823078907092217e-05,247,253,0,0,500,0,
0,0,500,ZX_split,1.5662760408597347,1.5388072427555815,0.027468798104153258,0.9998113781432731,0.00018862185672685605,129,121,250,0,250,250,
0,0,500,RL_adaptive,1.5662760408597347,1.5245659450465545,0.04171009581318019,0.9995651300287355,0.00043486997126451765,147,134,219,0,281,219,0.9995651300287355
0,1,10,Z_only,1.5662760408597347,1.5707963267948966,0.00452028593516185,0.9999948917624643,5.108237535744742e-06,5,5,0,0,10,0,
0,1,10,ZX_split,1.5662760408597347,1.373400766945016,0.19287527391471881,0.9907285778006205,0.009271422199379487,3,2,5,0,5,5,
0,1,10,RL_adaptive,1.5662760408597347,2.111215827065481,0.5449397862057463,0.9275792525752667,0.07242074742473326,1,4,5,0,5,5,0.9275792525752667
0,1,25,Z_only,1.5662760408597347,1.2870022175865687,0.27927382327316597,0.9806279339677554,0.019372066032244617,16,9,0,0,25,0,
0,1,25,ZX_split,1.5662760408597347,2.0344439357957027,0.468167894935968,0.946198263332692,0.05380173666730803,3,9,13,0,12,13,
0,1,25,RL_adaptive,1.5662760408597347,1.7681918866447774,0.20191584578504274,0.9898420798122709,0.010157920187729097,6,9,10,0,15,10,0.9898420798122709
0,1,50,Z_only,1.5662760408597347,1.6910862091896848,0.12481016832995007,0.9961106582822948,0.0038893417177051637,22,28,0,0,50,0,
0,1,50,ZX_split,1.5662760408597347,1.451367400776558,0.1149086400831767,0.9967026317081787,0.0032973682918212566,14,11,25,0,25,25,
0,1,50,RL_adaptive,1.5662760408597347,1.1659045405098132,0.4003715003499215,0.960458130698405,0.03954186930159498,20,8,22,0,28,22,0.960458130698405
0,1,100,Z_only,1.5662760408597347,1.590797660368287,0.02452161950855225,0.9998496800767995,0.00015031992320047038,49,51,0,0,100,0,
0,1,100,ZX_split,1.5662760408597347,1.6107750139181867,0.04449897305845196,0.9995050420318793,0.0004949579681207128,24,26,50,0,50,50,
0,1,100,RL_adaptive,1.5662760408597347,1.716808584506172,0.1505325436464373,0.9943456777013661,0.00565432229863394,29,39,32,0,68,32,0.9943456777013661
0,1,250,Z_only,1.5662760408597347,1.5307856524409076,0.035490388418827123,0.9996851411333892,0.00031485886661075657,130,120,0,0,250,0,
0,1,250,ZX_split,1.5662760408597347,1.690225252813235,0.1239492119535004,0.9961640630772736,0.003835936922726435,55,70,125,0,125,125,
0,1,250,RL_adaptive,1.5662760408597347,1.4758446204521403,0.09043142040759444,0.9979569324438659,0.0020430675561341483,69,57,124,0,126,124,0.9979569324438659
0,1,500,Z_only,1.5662760408597347,1.5427926668368497,0.02348337402288503,0.9998621391217986,0.00013786087820144566,257,243,0,0,500,0,
0,1,500,ZX_split,1.5662760408597347,1.6107750139181867,0.04449897305845196,0.9995050420318793,0.0004949579681207128,120,130,250,0,250,250,
0,1,500,RL_adaptive,1.5662760408597347,1.5174661603547097,0.048809880505024994,0.999404517128775,0.0005954828712250171,148,133,219,0,281,219,0.999404517128775
0,2,10,Z_only,1.5662760408597347,1.7721542475852272,0.2058782067254925,0.9894409164723212,0.010559083527678759,4,6,0,0,10,0,
0,2,10,ZX_split,1.5662760408597347,2.111215827065481,0.5449397862057463,0.9275792525752667,0.07242074742473326,1,4,5,0,5,5,
0,2,10,RL_adaptive,1.5662760408597347,1.7681918866447774,0.20191584578504274,0.9898420798122709,0.010157920187729097,2,3,5,0,5,5,0.9898420798122709
0,2,25,Z_only,1.5662760408597347,1.7721542475852272,0.2058782067254925,0.9894409164723212,0.010559083527678759,10,15,0,0,25,0,
0,2,25,ZX_split,1.5662760408597347,1.8925468811915387,0.326270840331804,0.973622085398082,0.026377914601917962,4,8,13,0,12,13,
0,2,25,RL_adaptive,1.5662760408597347,1.2924966677897853,0.27377937306994937,0.981377969038452,0.01862203096154802,9,5,11,0,14,11,0.981377969038452
0,2,50,Z_only,1.5662760408597347,1.6108070011488855,0.04453096028915082,0.9995043303117346,0.000495669688265421,24,26,0,0,50,0,
0,2,50,ZX_split,1.5662760408597347,1.5308176396716064,0.035458401188128263,0.9996857083782236,0.0003142916217764302,13,12,25,0,25,25,
0,2,50,RL_adaptive,1.5662760408597347,1.4994888620096063,0.06678717885012841,0.9988852826300058,0.0011147173699942448,15,13,22,0,28,22,0.9988852826300058
0,2,100,Z_only,1.5662760408597347,1.369438406004566,0.1968376348551688,0.990344970580592,0.00965502941940799,60,40,0,0,100,0,
0,2,100,ZX_split,1.5662760408597347,1.5707963267948966,0.00452028593516185,0.9999948917624643,5.108237535744742e-06,25,25,50,0,50,50,
0,2,100,RL_adaptive,1.5662760408597347,1.512040504079174,0.0542355367805607,0.9992648068778517,0.0007351931221483143,36,32,32,0,68,32,0.9992648068778517
0,2,250,Z_only,1.5662760408597347,1.5547956440495747,0.011480396810159998,0.999967050484167,3.294951583299177e-05,127,123,0,0,250,0,
0,2,250,ZX_split,1.5662760408597347,1.5468009332030268,0.019475107656707902,0.9999051830423432,9.481695765678477e-05,64,61,125,0,125,125,
0,2,250,RL_adaptive,1.5662760408597347,1.7384387646261124,0.17216272376637765,0.9926082837670961,0.007391716232903911,54,76,120,0,130,120,0.9926082837670961
0,2,500,Z_only,1.5662760408597347,1.5227778756583494,0.043498165201385275,0.9995270519847824,0.000472948015217578,262,238,0,0,500,0,
0,2,500,ZX_split,1.5662760408597347,1.6426722963512315,0.07639625549149676,0.9985416125533227,0.0014583874466772562,116,134,250,0,250,250,
0,2,500,RL_adaptive,1.5662760408597347,1.4999928942249878,0.06628314663474688,0.9989020381935674,0.0010979618064326235,151,131,218,0,282,218,0.9989020381935674
0,3,10,Z_only,1.5662760408597347,1.5707963267948966,0.00452028593516185,0.9999948917624643,5.108237535744742e-06,5,5,0,0,10,0,
0,3,10,ZX_split,1.5662760408597347,1.373400766945016,0.19287527391471881,0.9907285778006205,0.009271422199379487,3,2,5,0,5,5,
0,3,10,RL_adaptive,1.5662760408597347,1.373400766945016,0.19287527391471881,0.9907285778006205,0.009271422199379487,3,2,5,0,5,5,0.9907285778006205
0,3,25,Z_only,1.5662760408597347,1.369438406004566,0.1968376348551688,0.990344970580592,0.00965502941940799,15,10,0,0,25,0,
0,3,25,ZX_split,1.5662760408597347,1.8925468811915387,0.326270840331804,0.973622085398082,0.026377914601917962,4,8,13,0,12,13,
0,3,25,RL_adaptive,1.5662760408597347,1.5042281630190728,0.0620478778406619,0.9990378239665638,0.0009621760334361795,8,7,10,0,15,10,0.9990378239665638
0,3,50,Z_only,1.5662760408597347,1.369438406004566,0.1968376348551688,0.990344970580592,0.00965502941940799,30,20,0,0,50,0,
0,3,50,ZX_split,1.5662760408597347,1.451367400776558,0.1149086400831767,0.9967026317081787,0.0032973682918212566,14,11,25,0,25,25,
0,3,50,RL_adaptive,1.5662760408597347,1.5707963267948966,0.00452028593516185,0.9999948917624643,5.108237535744742e-06,14,14,22,0,28,22,0.9999948917624643
0,3,100,Z_only,1.5662760408597347,1.5107602683496182,0.05551577251011652,0.9992296976205338,0.0007703023794661812,53,47,0,0,100,0,
0,3,100,ZX_split,1.5662760408597347,1.5308176396716064,0.035458401188128263,0.9996857083782236,0.0003142916217764302,26,24,50,0,50,50,
0,3,100,RL_adaptive,1.5662760408597347,1.496307536581015,0.0699685042787197,0.9987766013294644,0.0012233986705355582,36,31,33,0,67,33,0.9987766013294644
0,3,250,Z_only,1.5662760408597347,1.546794022197495,0.019482018662239753,0.9999051157383705,9.488426162951313e-05,128,122,0,0,250,0,
0,3,250,ZX_split,1.5662760408597347,1.4989203572385617,0.06735568362117306,0.9988662317071072,0.0011337682928928006,67,58,125,0,125,125,
0,3,250,RL_adaptive,1.5662760408597347,1.6558618667635414,0.0895858259038067,0.9979949364774279,0.002005063522572126,59,70,121,0,129,121,0.9979949364774279
0,3,500,Z_only,1.5662760408597347,1.478666048645599,0.08760999221413579,0.9980823493659368,0.0019176506340632393,273,227,0,0,500,0,
0,3,500,ZX_split,1.5662760408597347,1.5867949616712402,0.020518920811505525,0.9998947471651098,0.00010525283489015713,123,127,250,0,250,250,
0,3,500,RL_adaptive,1.5662760408597347,1.5565115842075001,0.009764456652234577,0.9999761640359581,2.3835964041873936e-05,142,138,220,0,280,220,0.9999761640359581
0,4,10,Z_only,1.5662760408597347,1.7721542475852272,0.2058782067254925,0.9894409164723212,0.010559083527678759,4,6,0,0,10,0,
0,4,10,ZX_split,1.5662760408597347,1.0303768265243125,0.5358992143354222,0.9299049125821779,0.07009508741782211,4,1,5,0,5,5,
0,4,10,RL_adaptive,1.5662760408597347,2.111215827065481,0.5449397862057463,0.9275792525752667,0.07242074742473326,1,4,5,0,5,5,0.9275792525752667
0,4,25,Z_only,1.5662760408597347,1.5307856524409076,0.035490388418827123,0.9996851411333892,0.00031485886661075657,13,12,0,0,25,0,
0,4,25,ZX_split,1.5662760408597347,2.0344439357957027,0.468167894935968,0.946198263332692,0.05380173666730803,3,9,13,0,12,13,
0,4,25,RL_adaptive,1.5662760408597347,1.2924966677897853,0.27377937306994937,0.981377969038452,0.01862203096154802,9,5,11,0,14,11,0.981377969038452
0,4,50,Z_only,1.5662760408597347,1.4907107467612375,0.07556529409849722,0.9985731507318013,0.0014268492681986933,27,23,0,0,50,0,
0,4,50,ZX_split,1.5662760408597347,1.7681918866447774,0.20191584578504274,0.9898420798122709,0.010157920187729097,10,15,25,0,25,25,
0,4,50,RL_adaptive,1.5662760408597347,1.4994888620096063,0.06678717885012841,0.9988852826300058,0.0011147173699942448,15,13,22,0,28,22,0.9988852826300058
0,4,100,Z_only,1.5662760408597347,1.4706289056333368,0.0956471352263979,0.9977146494482036,0.00228535055179635,55,45,0,0,100,0,
0,4,100,ZX_split,1.5662760408597347,1.690225252813235,0.1239492119535004,0.9961640630772736,0.003835936922726435,22,28,50,0,50,50,
0,4,100,RL_adaptive,1.5662760408597347,1.8123620338902227,0.24608599303048795,0.9849366692327753,0.015063330767224659,26,43,31,0,69,31,0.9849366692327753
0,4,250,Z_only,1.5662760408597347,1.4585608404178165,0.10771520044191818,0.997102162386923,0.002897837613077048,139,111,0,0,250,0,
0,4,250,ZX_split,1.5662760408597347,1.56279649745501,0.003479543404724783,0.9999969731974776,3.0268025223989525e-06,63,62,125,0,125,125,
0,4,250,RL_adaptive,1.5662760408597347,1.5157339314212264,0.05054210943850834,0.9993615097296114,0.0006384902703886475,67,60,123,0,127,123,0.9993615097296114
0,4,500,Z_only,1.5662760408597347,1.5947986313922982,0.028522590532563452,0.9997966292453778,0.00020337075462217857,244,256,0,0,500,0,
0,4,500,ZX_split,1.5662760408597347,1.4277794518301496,0.13849658902958506,0.995212333859034,0.00478766614096604,143,107,250,0,250,250,
0,4,500,RL_adaptive,1.5662760408597347,1.5850810693822932,0.018805028522558498,0.9999115953308177,8.840466918225154e-05,138,142,220,0,280,220,0.9999115953308177
1,0,10,Z_only,5.635402484672898,0.9272952180016121,1.5750780405083002,0.4978591496847062,0.5021408503152938,8,2,0,0,10,0,
1,0,10,ZX_split,5.635402484672898,0.3217505543966421,0.9695333769033301,0.7828421901644996,0.21715780983550037,4,1,3,2,5,5,
1,0,10,RL_adaptive,5.635402484672898,5.961434752782944,0.3260322681100458,0.9736603046494391,0.02633969535056091,4,1,2,3,5,5,0.9736603046494391
1,0,25,Z_only,5.635402484672898,0.40271584158066176,1.0504986640873497,0.7485692166170245,0.25143078338297553,24,1,0,0,25,0,
1,0,25,ZX_split,5.635402484672898,5.497787143782138,0.13761534089076033,0.9952729715886891,0.004727028411310896,12,0,0,13,12,13,
1,0,25,RL_adaptive,5.635402484672898,6.013032107468181,0.37762962279528267,0.964770623620691,0.03522937637930901,11,1,5,8,12,13,0.964770623620691
1,0,50,Z_only,5.635402484672898,0.6435011087932843,1.2912839312999722,0.6379435003842158,0.36205649961578423,45,5,0,0,50,0,
1,0,50,ZX_split,5.635402484672898,5.4353683337861805,0.20003415088671783,0.9900298962679577,0.009970103732042324,20,5,4,21,25,25,
1,0,50,RL_adaptive,5.635402484672898,5.817056313693479,0.18165382902058091,0.9917731315695387,0.008226868430461276,24,3,7,16,27,23,0.9917731315695387
1,0,100,Z_only,5.635402484672898,0.5735131044230967,1.221295926929785,0.671214226973615,0.328785773026385,92,8,0,0,100,0,
1,0,100,ZX_split,5.635402484672898,5.594260918964725,0.04114156570817329,0.999576902576715,0.00042309742328494604,42,8,11,39,50,50,
1,0,100,RL_adaptive,5.635402484672898,5.71645608965608,0.08105360498318159,0.9983584772659548,0.0016415227340451644,48,8,12,32,56,44,0.9983584772659548
1,0,250,Z_only,5.635402484672898,0.6435011087932843,1.2912839312999722,0.6379435003842158,0.36205649961578423,225,25,0,0,250,0,
1,0,250,ZX_split,5.635402484672898,5.64112719882774,0.00572471415484177,0.999991806934337,8.19306566302025e-06,118,7,21,104,125,125,
1,0,250,RL_adaptive,5.635402484672898,5.535773612689181,0.09962887198371728,0.9975205738655529,0.0024794261344470714,115,20,20,95,135,115,0.9975205738655529
1,0,500,Z_only,5.635402484672898,0.5808436716893516,1.2286264941960399,0.6677659626421879,0.3322340373578121,459,41,0,0,500,0,
1,0,500,ZX_split,5.635402484672898,5.646114977903903,0.010712493231004316,0.999971310896553,2.8689103446999376e-05,225,25,51,199,250,250,
1,0,500,RL_adaptive,5.635402484672898,5.630273643562646,0.00512884111025258,0.9999934237616321,6.5762383678613645e-06,252,39,46,163,291,209,0.9999934237616321
1,1,10,Z_only,5.635402484672898,0.6435011087932843,1.2912839312999722,0.6379435003842158,0.36205649961578423,9,1,0,0,10,0,
1,1,10,ZX_split,5.635402484672898,5.497787143782138,0.13761534089076033,0.9952729715886891,0.004727028411310896,5,0,0,5,5,5,
1,1,10,RL_adaptive,5.635402484672898,5.742765806909002,0.1073633222361039,0.9971210463010466,0.0028789536989534126,5,0,1,4,5,5,0.9971210463010466
1,1,25,Z_only,5.635402484672898,0.5735131044230967,1.221295926929785,0.671214226973615,0.328785773026385,23,2,0,0,25,0,
1,1,25,ZX_split,5.635402484672898,5.789243938260005,0.15384145358710644,0.994094862087652,0.005905137912348035,12,0,3,10,12,13,
1,1,25,RL_adaptive,5.635402484672898,5.569094608567428,0.06630787610547006,0.9989012190674443,0.0010987809325556652,10,0,1,14,10,15,0.9989012190674443
1,1,50,Z_only,5.635402484672898,0.7669940078618667,1.4147768303685542,0.5776936465561099,0.4223063534438901,43,7,0,0,50,0,
1,1,50,ZX_split,5.635402484672898,5.930194919352676,0.29479243467977767,0.9784312346097733,0.021568765390226674,22,3,9,16,25,25,
1,1,50,RL_adaptive,5.635402484672898,5.477546993140348,0.1578554915325503,0.9937833361348845,0.006216663865115546,25,3,2,20,28,22,0.9937833361348845
1,1,100,Z_only,5.635402484672898,0.5735131044230967,1.221295926929785,0.671214226973615,0.328785773026385,92,8,0,0,100,0,
1,1,100,ZX_split,5.635402484672898,5.646677091391635,0.011274606718736813,0.999968221147472,3.177885252803048e-05,48,2,8,42,50,50,
1,1,100,RL_adaptive,5.635402484672898,5.652828031918305,0.01742554724540657,0.9999240894966788,7.59105033212304e-05,52,1,7,40,53,47,0.9999240894966788
1,1,250,Z_only,5.635402484672898,0.6300466904458402,1.2778295129525281,0.6443969468279575,0.35560305317204255,226,24,0,0,250,0,
1,1,250,ZX_split,5.635402484672898,5.6126637491990365,0.022738735473861738,0.9998707430467664,0.00012925695323362518,106,19,28,97,125,125,
1,1,250,RL_adaptive,5.635402484672898,5.5912320219259035,0.044170462746994765,0.9995123218524634,0.00048767814753658545,120,12,19,99,132,118,0.9995123218524634
1,1,500,Z_only,5.635402484672898,0.7074832117793429,1.3552660342860312,0.6069327407709785,0.3930672592290215,440,60,0,0,500,0,
1,1,500,ZX_split,5.635402484672898,5.58007513355682,0.05532735111607856,0.9992349162519893,0.0007650837480106532,230,20,36,214,250,250,
1,1,500,RL_adaptive,5.635402484672898,5.606796450030469,0.02860603464242928,0.9997954376456166,0.00020456235438337522,262,31,38,169,293,207,0.9997954376456166
1,2,10,Z_only,5.635402484672898,0.9272952180016121,1.5750780405083002,0.4978591496847062,0.5021408503152938,8,2,0,0,10,0,
1,2,10,ZX_split,5.635402484672898,5.252808480655274,0.38259400401762456,0.9638496715218706,0.03615032847812938,4,1,0,5,5,5,
1,2,10,RL_adaptive,5.635402484672898,5.497787143782138,0.13761534089076033,0.9952729715886891,0.004727028411310896,4,1,1,4,5,5,0.9952729715886891
1,2,25,Z_only,5.635402484672898,0.5735131044230967,1.221295926929785,0.671214226973615,0.328785773026385,23,2,0,0,25,0,
1,2,25,ZX_split,5.635402484672898,5.580928375670579,0.05447410900231908,0.9992583262946272,0.000741673705372814,12,0,1,12,12,13,
1,2,25,RL_adaptive,5.635402484672898,6.013032107468181,0.37762962279528267,0.964770623620691,0.03522937637930901,11,1,5,8,12,13,0.964770623620691
1,2,50,Z_only,5.635402484672898,0.8762980611683407,1.5240808836750288,0.5233492267672724,0.47665077323272764,41,9,0,0,50,0,
1,2,50,ZX_split,5.635402484672898,5.878293520894503,0.24289103622160457,0.9853233548219283,0.014676645178071657,23,2,8,17,25,25,
1,2,50,RL_adaptive,5.635402484672898,5.771603963780121,0.13620147910722302,0.9953694542940043,0.004630545705995748,25,2,6,17,27,23,0.9953694542940043
1,2,100,Z_only,5.635402484672898,0.7669940078618667,1.4147768303685542,0.5776936465561099,0.4223063534438901,86,14,0,0,100,0,
1,2,100,ZX_split,5.635402484672898,5.695182703632018,0.05978021895912011,0.9991068473892324,0.0008931526107676113,46,4,11,39,50,50,
1,2,100,RL_adaptive,5.635402484672898,5.724807967415064,0.08940548274216553,0.9980029956736645,0.0019970043263355386,50,5,11,34,55,45,0.9980029956736645
1,2,250,Z_only,5.635402484672898,0.5585961153385702,1.2063789378452583,0.6782025015506932,0.32179749844930683,231,19,0,0,250,0,
1,2,250,ZX_split,5.635402484672898,5.497787143782138,0.13761534089076033,0.9952729715886891,0.004727028411310896,105,20,20,105,125,125,
1,2,250,RL_adaptive,5.635402484672898,5.647760718548563,0.012358233875664482,0.9999618189998082,3.818100019181703e-05,117,14,25,94,131,119,0.9999618189998082
1,2,500,Z_only,5.635402484672898,0.7197053260246163,1.3674881485313044,0.6009552363544959,0.3990447636455041,438,62,0,0,500,0,
1,2,500,ZX_split,5.635402484672898,5.621476802432397,0.013925682240500947,0.9999515196270032,4.8480372996762e-05,229,21,44,206,250,250,
1,2,500,RL_adaptive,5.635402484672898,5.626291311597217,0.009111173075681656,0.9999792467748634,2.0753225136616038e-05,271,23,36,170,294,206,0.9999792467748634
1,3,10,Z_only,5.635402484672898,0.0,0.647782822506688,0.8987118232019606,0.10128817679803936,10,0,0,0,10,0,
1,3,10,ZX_split,5.635402484672898,5.961434752782944,0.3260322681100458,0.9736603046494391,0.02633969535056091,4,1,2,3,5,5,
1,3,10,RL_adaptive,5.635402484672898,5.497787143782138,0.13761534089076033,0.9952729715886891,0.004727028411310896,4,1,1,4,5,5,0.9952729715886891
1,3,25,Z_only,5.635402484672898,0.5735131044230967,1.221295926929785,0.671214226973615,0.328785773026385,23,2,0,0,25,0,
1,3,25,ZX_split,5.635402484672898,5.5899621813386,0.04544030333429827,0.999483883524743,0.0005161164752569558,11,1,2,11,12,13,
1,3,25,RL_adaptive,5.635402484672898,5.3003915839322575,0.33501090074064077,0.9722033628745407,0.027796637125459323,10,2,0,13,12,13,0.9722033628745407
1,3,50,Z_only,5.635402484672898,0.6435011087932843,1.2912839312999722,0.6379435003842158,0.36205649961578423,45,5,0,0,50,0,
1,3,50,ZX_split,5.635402484672898,5.602664082512372,0.03273840216052637,0.9997320731876728,0.0002679268123272349,23,2,4,21,25,25,
1,3,50,RL_adaptive,5.635402484672898,5.62977758762598,0.005624897046918598,0.9999920901541584,7.909845841647112e-06,25,2,4,19,27,23,0.9999920901541584
1,3,100,Z_only,5.635402484672898,0.7669940078618667,1.4147768303685542,0.5776936465561099,0.4223063534438901,86,14,0,0,100,0,
1,3,100,ZX_split,5.635402484672898,5.71645608965608,0.08105360498318159,0.9983584772659548,0.0016415227340451644,47,3,11,39,50,50,
1,3,100,RL_adaptive,5.635402484672898,5.663511100554736,0.02810861588183755,0.9998024894331465,0.0001975105668534649,51,2,8,39,53,47,0.9998024894331465
1,3,250,Z_only,5.635402484672898,0.5735131044230967,1.221295926929785,0.671214226973615,0.328785773026385,230,20,0,0,250,0,
1,3,250,ZX_split,5.635402484672898,5.71645608965608,0.08105360498318159,0.9983584772659548,0.0016415227340451644,112,13,31,94,125,125,
1,3,250,RL_adaptive,5.635402484672898,5.618598426291134,0.01680405838176391,0.9999294075666353,7.059243336471344e-05,121,10,20,99,131,119,0.9999294075666353
1,3,500,Z_only,5.635402484672898,0.6093853080307949,1.257168130537483,0.6542559370461665,0.34574406295383353,455,45,0,0,500,0,
1,3,500,ZX_split,5.635402484672898,5.65086584097884,0.015463356305941645,0.9999402223440996,5.977765590037265e-05,226,24,51,199,250,250,
1,3,500,RL_adaptive,5.635402484672898,5.687289115244417,0.0518866305715191,0.9993270953797173,0.0006729046202826883,264,28,47,161,292,208,0.9993270953797173
1,4,10,Z_only,5.635402484672898,0.0,0.647782822506688,0.8987118232019606,0.10128817679803936,10,0,0,0,10,0,
1,4,10,ZX_split,5.635402484672898,5.497787143782138,0.13761534089076033,0.9952729715886891,0.004727028411310896,4,1,1,4,5,5,
1,4,10,RL_adaptive,5.635402484672898,0.0,0.647782822506688,0.8987118232019606,0.10128817679803936,4,0,3,3,4,6,0.8987118232019606
1,4,25,Z_only,5.635402484672898,0.7074832117793429,1.3552660342860312,0.6069327407709785,0.3930672592290215,22,3,0,0,25,0,
1,4,25,ZX_split,5.635402484672898,5.5899621813386,0.04544030333429827,0.999483883524743,0.0005161164752569558,11,1,2,11,12,13,
1,4,25,RL_adaptive,5.635402484672898,5.650436472177403,0.015033987504504687,0.9999434958691997,5.650413080027228e-05,10,0,2,13,10,15,0.9999434958691997
1,4,50,Z_only,5.635402484672898,0.4949341263408958,1.1427169488475837,0.7075621274822783,0.2924378725177217,47,3,0,0,50,0,
1,4,50,ZX_split,5.635402484672898,5.630338676078812,0.005063808594086616,0.999993589474329,6.410525670963452e-06,21,4,6,19,25,25,
1,4,50,RL_adaptive,5.635402484672898,5.697367060140381,0.06196457546748313,0.9990404049448582,0.0009595950551417598,25,2,5,18,27,23,0.9990404049448582
1,4,100,Z_only,5.635402484672898,0.5355266543143876,1.1833094768210755,0.6889313908611183,0.3110686091388817,93,7,0,0,100,0,
1,4,100,ZX_split,5.635402484672898,5.639684198386302,0.00428171371340369,0.9999954167389213,4.583261078661138e-06,45,5,10,40,50,50,
1,4,100,RL_adaptive,5.635402484672898,5.736396466290339,0.10099398161744055,0.9974522205908334,0.0025477794091666173,51,5,11,33,56,44,0.9974522205908334
1,4,250,Z_only,5.635402484672898,0.5880932667898044,1.2358760892964922,0.6643469201496648,0.3356530798503352,229,21,0,0,250,0,
1,4,250,ZX_split,5.635402484672898,5.566643633083182,0.06875885158971595,0.9988185206732331,0.0011814793267669321,109,16,22,103,125,125,
1,4,250,RL_adaptive,5.635402484672898,5.614798917085124,0.020603567587774485,0.9998938770049066,0.00010612299509338285,117,15,23,95,132,118,0.9998938770049066
1,4,500,Z_only,5.635402484672898,0.5952648839776848,1.243047706484373,0.6609561542183837,0.3390438457816163,457,43,0,0,500,0,
1,4,500,ZX_split,5.635402484672898,5.641302319951395,0.005899835278496468,0.9999912980111635,8.70198883651252e-06,224,26,51,199,250,250,
1,4,500,RL_adaptive,5.635402484672898,5.577813280037404,0.05758920463549444,0.9991711000037321,0.0008288999962678956,266,28,32,174,294,206,0.9991711000037321
2,0,10,Z_only,1.044346131097329,1.1592794807274087,0.11493334963007973,0.9967012150084871,0.0032987849915129264,7,3,0,0,10,0,
2,0,10,ZX_split,1.044346131097329,1.0303768265243125,0.013969304573016483,0.9999512154257689,4.878457423107552e-05,4,1,5,0,5,5,
2,0,10,RL_adaptive,1.044346131097329,0.7853981633974483,0.2589479676998807,0.9833299501711656,0.016670049828834355,4,0,6,0,4,6,0.9833299501711656
2,0,25,Z_only,1.044346131097329,1.1151976533990733,0.0708515223017443,0.9987455403544507,0.0012544596455492663,18,7,0,0,25,0,
2,0,25,ZX_split,1.044346131097329,1.5707963267948966,0.5264501956975676,0.932298087508787,0.06770191249121305,6,6,11,2,12,13,
2,0,25,RL_adaptive,1.044346131097329,1.2348287208687656,0.19048258977143662,0.9909564896994745,0.009043510300525526,9,5,10,1,14,11,0.9909564896994745
2,0,50,Z_only,1.044346131097329,0.9764105267938343,0.06793560430349466,0.9988466321091063,0.0011533678908937084,39,11,0,0,50,0,
2,0,50,ZX_split,1.044346131097329,0.8803498697402046,0.16399626135712442,0.9932913624132831,0.006708637586716915,22,3,24,1,25,25,
2,0,50,RL_adaptive,1.044346131097329,1.0241753556371596,0.020170775460169432,0.9998982884029373,0.00010171159706273691,21,6,22,1,27,23,0.9998982884029373
2,0,100,Z_only,1.044346131097329,0.8762980611683407,0.16804806992898824,0.9929565606304139,0.007043439369586069,82,18,0,0,100,0,
2,0,100,ZX_split,1.044346131097329,0.8760580505981934,0.16828808049913557,0.9929364745599811,0.00706352544001887,45,5,49,1,50,50,
2,0,100,RL_adaptive,1.044346131097329,1.1033608571222497,0.05901472602492075,0.9991295681958666,0.0008704318041333758,45,17,36,2,62,38,0.9991295681958666
2,0,250,Z_only,1.044346131097329,0.9764105267938343,0.06793560430349466,0.9988466321091063,0.0011533678908937084,195,55,0,0,250,0,
2,0,250,ZX_split,1.044346131097329,1.0094218104353718,0.034924320661957164,0.9996951039488158,0.00030489605118422247,93,32,111,14,125,125,
2,0,250,RL_adaptive,1.044346131097329,1.094915163931855,0.05056903283452607,0.9993608294556485,0.000639170544351475,89,33,121,7,122,128,0.9993608294556485
2,0,500,Z_only,1.044346131097329,1.0425725576412255,0.0017735734561035166,0.9999992136095054,7.863904946114886e-07,376,124,0,0,500,0,
2,0,500,ZX_split,1.044346131097329,1.1071487177940904,0.06280258669676142,0.9990142828258747,0.0009857171741253223,181,69,237,13,250,250,
2,0,500,RL_adaptive,1.044346131097329,1.080667944580168,0.036321813482838916,0.9996702177248236,0.0003297822751764379,210,77,199,14,287,213,0.9996702177248236
2,1,10,Z_only,1.044346131097329,1.1592794807274087,0.11493334963007973,0.9967012150084871,0.0032987849915129264,7,3,0,0,10,0,
2,1,10,ZX_split,1.044346131097329,0.7853981633974483,0.2589479676998807,0.9833299501711656,0.016670049828834355,5,0,5,0,5,5,
2,1,10,RL_adaptive,1.044346131097329,1.2490457723982544,0.20469964130092544,0.9895610417613729,0.01043895823862706,3,2,4,1,5,5,0.9895610417613729
2,1,25,Z_only,1.044346131097329,1.0239453760989525,0.020400754998376458,0.9998959559074655,0.00010404409253450542,19,6,0,0,25,0,
2,1,25,ZX_split,1.044346131097329,0.7930316029149415,0.25131452818238753,0.9842931825974033,0.015706817402596718,11,1,12,1,12,13,
2,1,25,RL_adaptive,1.044346131097329,1.1659045405098132,0.12155840941248419,0.9963104348558328,0.003689565144167184,10,4,11,0,14,11,0.9963104348558328
2,1,50,Z_only,1.044346131097329,0.8230336921349761,0.22131243896235286,0.9878050979315692,0.012194902068430769,42,8,0,0,50,0,
2,1,50,ZX_split,1.044346131097329,0.9505468408120751,0.09379929028525391,0.9978020355251729,0.0021979644748271188,20,5,23,2,25,25,
2,1,50,RL_adaptive,1.044346131097329,1.0670336143289687,0.022687483231639716,0.9998713250456139,0.00012867495438606547,19,8,20,3,27,23,0.9998713250456139
2,1,100,Z_only,1.044346131097329,0.9272952180016121,0.11705091309571691,0.9965786798816622,0.003421320118337845,80,20,0,0,100,0,
2,1,100,ZX_split,1.044346131097329,1.1071487177940904,0.06280258669676142,0.9990142828258747,0.0009857171741253223,36,14,47,3,50,50,
2,1,100,RL_adaptive,1.044346131097329,0.9827937232473292,0.061552407849999824,0.9990531242808581,0.0009468757191418709,47,13,37,3,60,40,0.9990531242808581
2,1,250,Z_only,1.044346131097329,1.1329388914046705,0.08859276030734153,0.9980391137390175,0.001960886260982453,178,72,0,0,250,0,
2,1,250,ZX_split,1.044346131097329,1.0526572615533594,0.00831113045603038,0.9999827313770385,1.726862296147491e-05,93,32,116,9,125,125,
2,1,250,RL_adaptive,1.044346131097329,1.0307212977473392,0.013624833349989762,0.9999535916969745,4.640830302549137e-05,93,29,120,8,122,128,0.9999535916969745
2,1,500,Z_only,1.044346131097329,1.0425725576412255,0.0017735734561035166,0.9999992136095054,7.863904946114886e-07,376,124,0,0,500,0,
2,1,500,ZX_split,1.044346131097329,1.0575440539286356,0.013197922831306608,0.9999564543403244,4.3545659675570114e-05,187,63,235,15,250,250,
2,1,500,RL_adaptive,1.044346131097329,1.029235575154281,0.015110555943047999,0.9999429188608916,5.708113910840584e-05,220,68,199,13,288,212,0.9999429188608916
2,2,10,Z_only,1.044346131097329,1.369438406004566,0.3250922749072369,0.973810629095901,0.026189370904099007,6,4,0,0,10,0,
2,2,10,ZX_split,1.044346131097329,0.7853981633974483,0.2589479676998807,0.9833299501711656,0.016670049828834355,5,0,5,0,5,5,
2,2,10,RL_adaptive,1.044346131097329,0.3217505543966421,0.7225955767006869,0.8750458575540773,0.12495414244592273,4,1,3,2,5,5,0.8750458575540773
2,2,25,Z_only,1.044346131097329,0.8230336921349761,0.22131243896235286,0.9878050979315692,0.012194902068430769,21,4,0,0,25,0,
2,2,25,ZX_split,1.044346131097329,1.0370881351556351,0.007257995941693851,0.9999868304315406,1.316956845942574e-05,9,3,12,1,12,13,
2,2,25,RL_adaptive,1.044346131097329,1.2924966677897853,0.24815053669245635,0.9846841644527713,0.015315835547228707,9,5,11,0,14,11,0.9846841644527713
2,2,50,Z_only,1.044346131097329,1.0239453760989525,0.020400754998376458,0.9998959559074655,0.00010404409253450542,38,12,0,0,50,0,
2,2,50,ZX_split,1.044346131097329,0.8902751021276823,0.15407102896964664,0.9940772595364541,0.005922740463545906,21,4,23,2,25,25,
2,2,50,RL_adaptive,1.044346131097329,1.0516502125483738,0.007304081451044775,0.9999866626578345,1.3337342165464783e-05,22,6,22,0,28,22,0.9999866626578345
2,2,100,Z_only,1.044346131097329,0.9020536235925247,0.14229250750480427,0.9949467453857271,0.005053254614272862,81,19,0,0,100,0,
2,2,100,ZX_split,1.044346131097329,0.982793723247329,0.061552407849999935,0.9990531242808581,0.0009468757191418709,39,11,46,4,50,50,
2,2,100,RL_adaptive,1.044346131097329,1.0121970114513341,0.03214911964599487,0.9997416307811149,0.00025836921888511277,45,15,36,4,60,40,0.9997416307811149
2,2,250,Z_only,1.044346131097329,1.1062692973757278,0.06192316627839878,0.9990416866475637,0.0009583133524363463,181,69,0,0,250,0,
2,2,250,ZX_split,1.044346131097329,1.1401038154083887,0.09575768431105969,0.9977093676126093,0.0022906323873906898,88,37,118,7,125,125,
2,2,250,RL_adaptive,1.044346131097329,1.108116667588586,0.06377053649125708,0.9989836741617242,0.0010163258382758222,90,32,125,3,122,128,0.9989836741617242
2,2,500,Z_only,1.044346131097329,1.0239453760989525,0.020400754998376458,0.9998959559074655,0.00010404409253450542,380,120,0,0,500,0,
2,2,500,ZX_split,1.044346131097329,1.082678078927553,0.03833194783022398,0.999632710419908,0.00036728958009202284,185,65,238,12,250,250,
2,2,500,RL_adaptive,1.044346131097329,1.0561012217301111,0.011755090632782128,0.9999654548588504,3.4545141149644465e-05,208,78,193,21,286,214,0.9999654548588504
2,3,10,Z_only,1.044346131097329,0.6435011087932843,0.40084502230404473,0.9603657990047824,0.03963420099521764,9,1,0,0,10,0,
2,3,10,ZX_split,1.044346131097329,0.7853981633974483,0.2589479676998807,0.9833299501711656,0.016670049828834355,5,0,5,0,5,5,
2,3,10,RL_adaptive,1.044346131097329,1.373400766945016,0.3290546358476869,0.973174129700145,0.026825870299854948,3,2,5,0,5,5,0.973174129700145
2,3,25,Z_only,1.044346131097329,1.5307856524409076,0.4864395213435786,0.9420014579175883,0.05799854208241173,13,12,0,0,25,0,
2,3,25,ZX_split,1.044346131097329,1.1071487177940904,0.06280258669676142,0.9990142828258747,0.0009857171741253223,9,3,13,0,12,13,
2,3,25,RL_adaptive,1.044346131097329,1.7436569335820415,0.6993108024847126,0.8826429994156354,0.1173570005843646,6,8,10,1,14,11,0.8826429994156354
2,3,50,Z_only,1.044346131097329,1.1151976533990733,0.0708515223017443,0.9987455403544507,0.0012544596455492663,36,14,0,0,50,0,
2,3,50,ZX_split,1.044346131097329,1.0882830317724197,0.043936900675090707,0.9995174648231461,0.00048253517685392655,18,7,23,2,25,25,
2,3,50,RL_adaptive,1.044346131097329,1.1126216889501208,0.06827555785279182,0.9988350646893255,0.0011649353106745197,19,8,21,2,27,23,0.9988350646893255
2,3,100,Z_only,1.044346131097329,1.0003592173949747,0.0439869137023543,0.9995163658431849,0.0004836341568150715,77,23,0,0,100,0,
2,3,100,ZX_split,1.044346131097329,1.2360594894780819,0.19171335838075287,0.9908396054605696,0.009160394539430405,33,17,48,2,50,50,
2,3,100,RL_adaptive,1.044346131097329,1.1720035134349922,0.12765738233766322,0.99593142794761,0.004068572052389974,42,20,35,3,62,38,0.99593142794761
2,3,250,Z_only,1.044346131097329,1.0332848196652447,0.011061311432084331,0.9999694121592277,3.058784077225596e-05,189,61,0,0,250,0,
2,3,250,ZX_split,1.044346131097329,0.8925134867496801,0.15183264434764887,0.9942477753525004,0.005752224647499582,104,21,114,11,125,125,
2,3,250,RL_adaptive,1.044346131097329,0.9886019831970687,0.05574414790026028,0.9992233486394883,0.0007766513605117487,93,29,115,13,122,128,0.9992233486394883
2,3,500,Z_only,1.044346131097329,1.1062692973757278,0.06192316627839878,0.9990416866475637,0.0009583133524363463,362,138,0,0,500,0,
2,3,500,ZX_split,1.044346131097329,1.1108940186339264,0.06654788753659746,0.9988932532034359,0.0011067467965640843,178,72,232,18,250,250,
2,3,500,RL_adaptive,1.044346131097329,1.0249502240595354,0.01939590703779359,0.999905952645995,9.404735400497799e-05,212,74,192,22,286,214,0.999905952645995
2,4,10,Z_only,1.044346131097329,0.6435011087932843,0.40084502230404473,0.9603657990047824,0.03963420099521764,9,1,0,0,10,0,
2,4,10,ZX_split,1.044346131097329,1.373400766945016,0.3290546358476869,0.973174129700145,0.026825870299854948,3,2,5,0,5,5,
2,4,10,RL_adaptive,1.044346131097329,1.0303768265243125,0.013969304573016483,0.9999512154257689,4.878457423107552e-05,4,1,5,0,5,5,0.9999512154257689
2,4,25,Z_only,1.044346131097329,0.9272952180016121,0.11705091309571691,0.9965786798816622,0.003421320118337845,20,5,0,0,25,0,
2,4,25,ZX_split,1.044346131097329,0.982793723247329,0.061552407849999935,0.9990531242808581,0.0009468757191418709,10,2,13,0,12,13,
2,4,25,RL_adaptive,1.044346131097329,0.8775732009539101,0.16677293014341887,0.9930627986476951,0.006937201352304911,11,2,11,1,13,12,0.9930627986476951
2,4,50,Z_only,1.044346131097329,1.1151976533990733,0.0708515223017443,0.9987455403544507,0.0012544596455492663,36,14,0,0,50,0,
2,4,50,ZX_split,1.044346131097329,1.2753554896511765,0.23100935855384752,0.98671789399654,0.013282106003460026,16,9,24,1,25,25,
2,4,50,RL_adaptive,1.044346131097329,0.9787560601285419,0.0655900709687871,0.9989248711693299,0.001075128830670069,21,6,21,2,27,23,0.9989248711693299
2,4,100,Z_only,1.044346131097329,1.2025284333582564,0.15818230226092744,0.9937576223243573,0.00624237767564273,68,32,0,0,100,0,
2,4,100,ZX_split,1.044346131097329,0.9629943306809362,0.08135180041639278,0.9983463834295585,0.0016536165704414962,41,9,48,2,50,50,
2,4,100,RL_adaptive,1.044346131097329,0.8509936627139532,0.19335246838337583,0.9906827872197832,0.0093172127802168,50,7,40,3,57,43,0.9906827872197832
2,4,250,Z_only,1.044346131097329,1.1151976533990733,0.0708515223017443,0.9987455403544507,0.0012544596455492663,180,70,0,0,250,0,
2,4,250,ZX_split,1.044346131097329,1.0303768265243125,0.013969304573016483,0.9999512154257689,4.878457423107552e-05,94,31,115,10,125,125,
2,4,250,RL_adaptive,1.044346131097329,1.0804808076397523,0.036134676542423305,0.9996736068048159,0.000326393195184127,90,32,121,7,122,128,0.9996736068048159
2,4,500,Z_only,1.044346131097329,1.0837700471304978,0.03942391603316886,0.9996114890351703,0.0003885109648297247,367,133,0,0,500,0,
2,4,500,ZX_split,1.044346131097329,1.0398745056535936,0.004471625443735361,0.9999950011498023,4.998850197668325e-06,189,61,234,16,250,250,
2,4,500,RL_adaptive,1.044346131097329,1.0771595687372217,0.03281343763989275,0.9997308437293966,0.0002691562706034212,207,79,196,18,286,214,0.9997308437293966
3,0,10,Z_only,3.393586359165658,3.141592653589793,0.251993705575865,0.9842086228692234,0.015791377130776607,0,10,0,0,10,0,
3,0,10,ZX_split,3.393586359165658,3.9269908169872414,0.5334044578215833,0.9305405033980096,0.06945949660199036,0,5,0,5,5,5,
3,0,10,RL_adaptive,3.393586359165658,3.4633432079864352,0.06975684882077715,0.9987839887250337,0.0012160112749662888,0,4,2,4,4,6,0.9987839887250337
3,0,25,Z_only,3.393586359165658,2.7388768120091314,0.6547095471565267,0.8966124133408157,0.10338758665918435,1,24,0,0,25,0,
3,0,25,ZX_split,3.393586359165658,3.064820762320015,0.3287655968456429,0.9732208111983698,0.026779188801630216,0,12,7,6,12,13,
3,0,25,RL_adaptive,3.393586359165658,3.368391501643679,0.02519485752197914,0.9998413131831576,0.0001586868168423905,0,12,5,8,12,13,0.9998413131831576
3,0,50,Z_only,3.393586359165658,2.7388768120091314,0.6547095471565267,0.8966124133408157,0.10338758665918435,2,48,0,0,50,0,
3,0,50,ZX_split,3.393586359165658,3.4146013566765037,0.021014997510845568,0.9998895965331193,0.00011040346688073743,0,25,9,16,25,25,
3,0,50,RL_adaptive,3.393586359165658,3.638015406994675,0.24442904782901698,0.9851378274497804,0.014862172550219599,1,25,6,18,26,24,0.9851378274497804
3,0,100,Z_only,3.393586359165658,2.9412578112666736,0.45232854789898447,0.9497159120077336,0.05028408799226636,1,99,0,0,100,0,
3,0,100,ZX_split,3.393586359165658,3.451295598132249,0.05770923896659097,0.9991676419770085,0.0008323580229915306,0,50,17,33,50,50,
3,0,100,RL_adaptive,3.393586359165658,3.1183410307793302,0.27524532838632787,0.9811792752473903,0.018820724752609652,0,57,22,21,57,43,0.9811792752473903
3,0,250,Z_only,3.393586359165658,2.857798544381465,0.535787814784193,0.9299333510220436,0.07006664897795645,5,245,0,0,250,0,
3,0,250,ZX_split,3.393586359165658,3.3884833602756683,0.005102998889989774,0.9999934898647096,6.510135290405117e-06,1,124,47,78,125,125,
3,0,250,RL_adaptive,3.393586359165658,3.4352572261290595,0.04167086696340139,0.9995659475266879,0.0004340524733120743,3,140,38,69,143,107,0.9995659475266879
3,0,500,Z_only,3.393586359165658,2.8305010517978317,0.5630853073678264,0.9228061041821954,0.07719389581780456,12,488,0,0,500,0,
3,0,500,ZX_split,3.393586359165658,3.4400915851759724,0.04650522601031426,0.9994594134278074,0.0005405865721925807,8,242,89,161,250,250,
3,0,500,RL_adaptive,3.393586359165658,3.3990636759109387,0.005477316745280625,0.999992499769069,7.5002309309901705e-06,3,236,97,164,239,261,0.999992499769069
3,1,10,Z_only,3.393586359165658,3.141592653589793,0.251993705575865,0.9842086228692234,0.015791377130776607,0,10,0,0,10,0,
3,1,10,ZX_split,3.393586359165658,3.9269908169872414,0.5334044578215833,0.9305405033980096,0.06945949660199036,0,5,0,5,5,5,
3,1,10,RL_adaptive,3.393586359165658,3.4633432079864352,0.06975684882077715,0.9987839887250337,0.0012160112749662888,0,4,2,4,4,6,0.9987839887250337
3,1,25,Z_only,3.393586359165658,3.141592653589793,0.251993705575865,0.9842086228692234,0.015791377130776607,0,25,0,0,25,0,
3,1,25,ZX_split,3.393586359165658,3.5087664874080122,0.11518012824235413,0.9966870495395483,0.003312950460451658,0,12,4,9,12,13,
3,1,25,RL_adaptive,3.393586359165658,3.3360727698048986,0.057513589360759454,0.9991732746851316,0.0008267253148683817,1,12,5,7,13,12,0.9991732746851316
3,1,50,Z_only,3.393586359165658,2.7388768120091314,0.6547095471565267,0.8966124133408157,0.10338758665918435,2,48,0,0,50,0,
3,1,50,ZX_split,3.393586359165658,3.6211119455823892,0.22752558641673115,0.9871137621837754,0.012886237816224555,0,25,6,19,25,25,
3,1,50,RL_adaptive,3.393586359165658,3.3202236601037423,0.07336269906191584,0.9986550819642817,0.0013449180357183455,1,25,10,14,26,24,0.9986550819642817
3,1,100,Z_only,3.393586359165658,3.141592653589793,0.251993705575865,0.9842086228692234,0.015791377130776607,0,100,0,0,100,0,
3,1,100,ZX_split,3.393586359165658,3.556099528174579,0.16251316900892077,0.9934118862732267,0.006588113726773259,0,50,14,36,50,50,
3,1,100,RL_adaptive,3.393586359165658,3.565006621576996,0.1714202624113379,0.9926717448128091,0.007328255187190935,1,60,11,28,61,39,0.9926717448128091
3,1,250,Z_only,3.393586359165658,2.8879309175143377,0.5056554416513204,0.9374285894560922,0.0625714105439078,4,246,0,0,250,0,
3,1,250,ZX_split,3.393586359165658,3.4486383856085836,0.055052026442925506,0.9992425099371708,0.0007574900628292136,1,124,43,82,125,125,
3,1,250,RL_adaptive,3.393586359165658,3.5236558772853614,0.13006951811970335,0.995776439698478,0.004223560301522045,1,143,32,74,144,106,0.995776439698478
3,1,500,Z_only,3.393586359165658,2.904393786896605,0.4891925722690531,0.9413562836740099,0.05864371632599008,7,493,0,0,500,0,
3,1,500,ZX_split,3.393586359165658,3.32499223780931,0.06859412135634813,0.9988241727746177,0.001175827225382342,1,249,102,148,250,250,
3,1,500,RL_adaptive,3.393586359165658,3.4261864725465263,0.03260011338086821,0.9997343316817744,0.0002656683182256092,1,237,93,169,238,262,0.9997343316817744
3,2,10,Z_only,3.393586359165658,3.141592653589793,0.251993705575865,0.9842086228692234,0.015791377130776607,0,10,0,0,10,0,
3,2,10,ZX_split,3.393586359165658,3.3389882134396736,0.05459814572598454,0.9992549457296707,0.0007450542703293372,0,5,2,3,5,5,
3,2,10,RL_adaptive,3.393586359165658,3.141592653589793,0.251993705575865,0.9842086228692234,0.015791377130776607,1,3,3,3,4,6,0.9842086228692234
3,2,25,Z_only,3.393586359165658,3.141592653589793,0.251993705575865,0.9842086228692234,0.015791377130776607,0,25,0,0,25,0,
3,2,25,ZX_split,3.393586359165658,3.8348157794307793,0.44122942026512124,0.9521136604937528,0.04788633950624721,1,11,2,11,12,13,
3,2,25,RL_adaptive,3.393586359165658,2.9147938055359073,0.4787925536297508,0.9437759248232184,0.05622407517678163,0,12,8,5,12,13,0.9437759248232184
3,2,50,Z_only,3.393586359165658,2.857798544381465,0.535787814784193,0.9299333510220436,0.07006664897795645,1,49,0,0,50,0,
3,2,50,ZX_split,3.393586359165658,3.2712951907457053,0.1222911684199528,0.996265874707576,0.0037341252924240065,1,24,11,14,25,25,
3,2,50,RL_adaptive,3.393586359165658,3.556099528174579,0.16251316900892077,0.9934118862732267,0.006588113726773259,0,25,7,18,25,25,0.9934118862732267
3,2,100,Z_only,3.393586359165658,2.857798544381465,0.535787814784193,0.9299333510220436,0.07006664897795645,2,98,0,0,100,0,
3,2,100,ZX_split,3.393586359165658,3.4253867627981207,0.031800403632462615,0.9997472048868652,0.0002527951131348072,1,49,18,32,50,50,
3,2,100,RL_adaptive,3.393586359165658,3.47401895897389,0.08043259980823203,0.9983835209751922,0.001616479024807771,1,57,14,28,58,42,0.9983835209751922
3,2,250,Z_only,3.393586359165658,2.9624678387109036,0.4311185204547545,0.9542494513272943,0.04575054867270567,2,248,0,0,250,0,
3,2,250,ZX_split,3.393586359165658,3.3486653307068246,0.0449210284588335,0.9994956101264184,0.0005043898735815899,3,122,50,75,125,125,
3,2,250,RL_adaptive,3.393586359165658,3.326617710474333,0.06696864869132524,0.9988792189902734,0.001120781009726568,2,138,45,65,140,110,0.9988792189902734
3,2,500,Z_only,3.393586359165658,2.8879309175143377,0.5056554416513204,0.9374285894560922,0.0625714105439078,8,492,0,0,500,0,
3,2,500,ZX_split,3.393586359165658,3.4406770652027507,0.047090706037092644,0.9994457187907362,0.0005542812092638183,5,245,88,162,250,250,
3,2,500,RL_adaptive,3.393586359165658,3.4743183770523984,0.08073201788674034,0.9983714701271332,0.0016285298728667685,7,235,87,171,242,258,0.9983714701271332
3,3,10,Z_only,3.393586359165658,2.498091544796509,0.8954948143691492,0.8125663405830699,0.18743365941693013,1,9,0,0,10,0,
3,3,10,ZX_split,3.393586359165658,3.682012153860377,0.2884257946947191,0.9793464177570301,0.02065358224296987,0,5,1,4,5,5,
3,3,10,RL_adaptive,3.393586359165658,3.141592653589793,0.251993705575865,0.9842086228692234,0.015791377130776607,0,4,3,3,4,6,0.9842086228692234
3,3,25,Z_only,3.393586359165658,3.141592653589793,0.251993705575865,0.9842086228692234,0.015791377130776607,0,25,0,0,25,0,
3,3,25,ZX_split,3.393586359165658,3.7152593217579537,0.3216729625922956,0.9743539159388352,0.025646084061164753,1,11,3,10,12,13,
3,3,25,RL_adaptive,3.393586359165658,3.218364544859571,0.17522181430608708,0.9923439475022359,0.007656052497764132,0,12,6,7,12,13,0.9923439475022359
3,3,50,Z_only,3.393586359165658,2.857798544381465,0.535787814784193,0.9299333510220436,0.07006664897795645,1,49,0,0,50,0,
3,3,50,ZX_split,3.393586359165658,3.3753358344586943,0.018250524706963756,0.999916731898275,8.3268101724987e-05,2,23,10,15,25,25,
3,3,50,RL_adaptive,3.393586359165658,3.3389882134396736,0.05459814572598454,0.9992549457296707,0.0007450542703293372,0,25,10,15,25,25,0.9992549457296707
3,3,100,Z_only,3.393586359165658,3.141592653589793,0.251993705575865,0.9842086228692234,0.015791377130776607,0,100,0,0,100,0,
3,3,100,ZX_split,3.393586359165658,3.3469880427795604,0.04659831638609768,0.9994572474493728,0.0005427525506271902,1,49,20,30,50,50,
3,3,100,RL_adaptive,3.393586359165658,3.239914051928084,0.1536723072375743,0.9941078146185249,0.005892185381475068,1,57,19,23,58,42,0.9941078146185249
3,3,250,Z_only,3.393586359165658,2.9220630693398637,0.4715232898257944,0.9454386884943694,0.054561311505630594,3,247,0,0,250,0,
3,3,250,ZX_split,3.393586359165658,3.3389882134396736,0.05459814572598454,0.9992549457296707,0.0007450542703293372,0,125,50,75,125,125,
3,3,250,RL_adaptive,3.393586359165658,3.5122440245549313,0.11865766538927325,0.9964842175963664,0.003515782403633594,1,142,33,74,143,107,0.9964842175963664
3,3,500,Z_only,3.393586359165658,2.857798544381465,0.535787814784193,0.9299333510220436,0.07006664897795645,10,490,0,0,500,0,
3,3,500,ZX_split,3.393586359165658,3.30674133100442,0.08684502816123807,0.9981156700282978,0.001884329971702181,5,245,105,145,250,250,
3,3,500,RL_adaptive,3.393586359165658,3.414143910131637,0.020557550965978777,0.9998943504953858,0.00010564950461422473,2,236,95,167,238,262,0.9998943504953858
3,4,10,Z_only,3.393586359165658,3.141592653589793,0.251993705575865,0.9842086228692234,0.015791377130776607,0,10,0,0,10,0,
3,4,10,ZX_split,3.393586359165658,3.3389882134396736,0.05459814572598454,0.9992549457296707,0.0007450542703293372,0,5,2,3,5,5,
3,4,10,RL_adaptive,3.393586359165658,3.682012153860377,0.2884257946947191,0.9793464177570301,0.02065358224296987,0,5,1,4,5,5,0.9793464177570301
3,4,25,Z_only,3.393586359165658,3.141592653589793,0.251993705575865,0.9842086228692234,0.015791377130776607,0,25,0,0,25,0,
3,4,25,ZX_split,3.393586359165658,3.218364544859571,0.17522181430608708,0.9923439475022359,0.007656052497764132,0,12,6,7,12,13,
3,4,25,RL_adaptive,3.393586359165658,3.5464844398748765,0.1528980807092184,0.9941669212477402,0.0058330787522598015,0,11,4,10,11,14,0.9941669212477402
3,4,50,Z_only,3.393586359165658,3.141592653589793,0.251993705575865,0.9842086228692234,0.015791377130776607,0,50,0,0,50,0,
3,4,50,ZX_split,3.393586359165658,3.682012153860377,0.2884257946947191,0.9793464177570301,0.02065358224296987,0,25,5,20,25,25,
3,4,50,RL_adaptive,3.393586359165658,3.4146013566765037,0.021014997510845568,0.9998895965331193,0.00011040346688073743,0,25,9,16,25,25,0.9998895965331193
3,4,100,Z_only,3.393586359165658,2.9412578112666736,0.45232854789898447,0.9497159120077336,0.05028408799226636,1,99,0,0,100,0,
3,4,100,ZX_split,3.393586359165658,3.3469880427795604,0.04659831638609768,0.9994572474493728,0.0005427525506271902,1,49,20,30,50,50,
3,4,100,RL_adaptive,3.393586359165658,3.6440101804690586,0.25042382130340046,0.9844037398125521,0.015596260187447863,2,57,10,31,59,41,0.9844037398125521
3,4,250,Z_only,3.393586359165658,2.7598047993663033,0.6337815597993548,0.902896925010497,0.09710307498950299,9,241,0,0,250,0,
3,4,250,ZX_split,3.393586359165658,3.2789339310567267,0.11465242810893139,0.9967173035163792,0.003282696483620784,1,124,54,71,125,125,
3,4,250,RL_adaptive,3.393586359165658,3.4578787815019476,0.06429242233628951,0.9989669770158032,0.0010330229841968297,0,140,37,73,140,110,0.9989669770158032
3,4,500,Z_only,3.393586359165658,2.857798544381465,0.535787814784193,0.9299333510220436,0.07006664897795645,10,490,0,0,500,0,
3,4,500,ZX_split,3.393586359165658,3.360261599463735,0.03332475970192306,0.9997223907904641,0.0002776092095359006,8,242,99,151,250,250,
3,4,500,RL_adaptive,3.393586359165658,3.384306591136642,0.0092797680290162,0.9999784716308238,2.1528369176238016e-05,3,236,99,162,239,261,0.9999784716308238
4,0,10,Z_only,5.660336294239072,0.9272952180016121,1.5501442309421263,0.5103253139165341,0.48967468608346587,8,2,0,0,10,0,
4,0,10,ZX_split,5.660336294239072,6.085789747329706,0.42545345309063354,0.9554258355819354,0.04457416441806461,5,0,2,3,5,5,
4,0,10,RL_adaptive,5.660336294239072,5.742765806909002,0.08242951266992993,0.9983023054533314,0.0016976945466685711,5,0,1,4,5,5,0.9983023054533314
4,0,25,Z_only,5.660336294239072,0.8230336921349761,1.4458827050754905,0.5622945142958591,0.4377054857041409,21,4,0,0,25,0,
4,0,25,ZX_split,5.660336294239072,5.677640643574616,0.01730434933554381,0.9999251417415124,7.485825848763117e-05,12,0,2,11,12,13,
4,0,25,RL_adaptive,5.660336294239072,5.5899621813386,0.07037411290047224,0.9987623819617784,0.001237618038221644,11,1,2,11,12,13,0.9987623819617784
4,0,50,Z_only,5.660336294239072,0.6435011087932843,1.2663501217337982,0.6498824467865812,0.35011755321341875,45,5,0,0,50,0,
4,0,50,ZX_split,5.660336294239072,5.937629726597874,0.27729343235880144,0.9808999462728641,0.019100053727135857,25,0,8,17,25,25,
4,0,50,RL_adaptive,5.660336294239072,5.488778378491721,0.17155791574735169,0.9926599995567578,0.007340000443242234,24,4,3,19,28,22,0.9926599995567578
4,0,100,Z_only,5.660336294239072,0.5735131044230967,1.196362117363611,0.6828729990260759,0.3171270009739241,92,8,0,0,100,0,
4,0,100,ZX_split,5.660336294239072,5.749477115540325,0.08914082130125234,0.9980147935686328,0.001985206431367237,47,3,12,38,50,50,
4,0,100,RL_adaptive,5.660336294239072,5.589032479848882,0.07130381439019029,0.9987294799519857,0.001270520048014312,50,7,8,35,57,43,0.9987294799519857
4,0,250,Z_only,5.660336294239072,0.7197053260246163,1.3425543389651304,0.6131327273751889,0.38686727262481113,219,31,0,0,250,0,
4,0,250,ZX_split,5.660336294239072,5.632385057942605,0.027951236296467563,0.9998046948134045,0.00019530518659549578,117,8,21,104,125,125,
4,0,250,RL_adaptive,5.660336294239072,5.638367587228406,0.021968707010666222,0.999879348830617,0.00012065116938297926,116,15,25,94,131,119,0.999879348830617
4,0,500,Z_only,5.660336294239072,0.6632425823152799,1.2860915952557939,0.6404370406120544,0.3595629593879456,447,53,0,0,500,0,
4,0,500,ZX_split,5.660336294239072,5.722203152819283,0.06186685858021068,0.9990434281179792,0.0009565718820208069,238,12,54,196,250,250,
4,0,500,RL_adaptive,5.660336294239072,5.604997416124353,0.05533887811471949,0.9992345975023343,0.000765402497665657,271,23,33,173,294,206,0.9992345975023343
4,1,10,Z_only,5.660336294239072,0.6435011087932843,1.2663501217337982,0.6498824467865812,0.35011755321341875,9,1,0,0,10,0,
4,1,10,ZX_split,5.660336294239072,5.742765806909002,0.08242951266992993,0.9983023054533314,0.0016976945466685711,5,0,1,4,5,5,
4,1,10,RL_adaptive,5.660336294239072,5.497787143782138,0.1625491504569343,0.9934089750768123,0.006591024923187749,6,0,0,4,6,4,0.9934089750768123
4,1,25,Z_only,5.660336294239072,0.5735131044230967,1.196362117363611,0.6828729990260759,0.3171270009739241,23,2,0,0,25,0,
4,1,25,ZX_split,5.660336294239072,5.490153704264645,0.17018258997442715,0.9927769297398444,0.007223070260155562,11,1,1,12,12,13,
4,1,25,RL_adaptive,5.660336294239072,5.603771501771738,0.05656479246733426,0.9992003193173068,0.0007996806826932046,10,2,3,10,12,13,0.9992003193173068
4,1,50,Z_only,5.660336294239072,0.6435011087932843,1.2663501217337982,0.6498824467865812,0.35011755321341875,45,5,0,0,50,0,
4,1,50,ZX_split,5.660336294239072,5.4478287480601955,0.2125075461788768,0.9887525588114001,0.011247441188599883,22,3,2,23,25,25,
4,1,50,RL_adaptive,5.660336294239072,5.62977758762598,0.030558706613092568,0.9997665595296132,0.00023344047038675875,25,2,4,19,27,23,0.9997665595296132
4,1,100,Z_only,5.660336294239072,0.45102681179626264,1.0738758247367768,0.7383603779571833,0.26163962204281666,95,5,0,0,100,0,
4,1,100,ZX_split,5.660336294239072,5.680897961044622,0.02056166680555016,0.9998943081883408,0.00010569181165920316,41,9,14,36,50,50,
4,1,100,RL_adaptive,5.660336294239072,5.589032479848882,0.07130381439019029,0.9987294799519857,0.001270520048014312,50,7,8,35,57,43,0.9987294799519857
4,1,250,Z_only,5.660336294239072,0.5735131044230967,1.196362117363611,0.6828729990260759,0.3171270009739241,230,20,0,0,250,0,
4,1,250,ZX_split,5.660336294239072,5.602058755709793,0.058277538529279305,0.9991511724039572,0.0008488275960427671,110,15,24,101,125,125,
4,1,250,RL_adaptive,5.660336294239072,5.578804464028769,0.08153183021030319,0.9983390605543807,0.0016609394456192916,118,15,20,97,133,117,0.9983390605543807
4,1,500,Z_only,5.660336294239072,0.6501384547276359,1.27298746766815,0.6467131110484046,0.35328688895159543,449,51,0,0,500,0,
4,1,500,ZX_split,5.660336294239072,5.614278604476788,0.04605768976228397,0.9994697660459666,0.0005302339540333989,230,20,42,208,250,250,
4,1,500,RL_adaptive,5.660336294239072,5.719424475825708,0.059088181586635535,0.9991274006272707,0.0008725993727293213,273,20,47,160,293,207,0.9991274006272707
4,2,10,Z_only,5.660336294239072,0.0,0.622849012940514,0.9061098895690879,0.09389011043091211,10,0,0,0,10,0,
4,2,10,ZX_split,5.660336294239072,6.085789747329706,0.42545345309063354,0.9554258355819354,0.04457416441806461,5,0,2,3,5,5,
4,2,10,RL_adaptive,5.660336294239072,5.034139534781332,0.6261967594577404,0.9051311591165961,0.09486884088340386,4,2,0,4,6,4,0.9051311591165961
4,2,25,Z_only,5.660336294239072,0.7074832117793429,1.3303322247198572,0.6190767003905869,0.38092329960941307,22,3,0,0,25,0,
4,2,25,ZX_split,5.660336294239072,6.013032107468181,0.3526958132291087,0.9692224560603443,0.030777543939655705,11,1,5,8,12,13,
4,2,25,RL_adaptive,5.660336294239072,5.490153704264645,0.17018258997442715,0.9927769297398444,0.007223070260155562,11,1,1,12,12,13,0.9927769297398444
4,2,50,Z_only,5.660336294239072,0.5735131044230967,1.196362117363611,0.6828729990260759,0.3171270009739241,46,4,0,0,50,0,
4,2,50,ZX_split,5.660336294239072,5.5477455395040804,0.1125907547349918,0.9968341769511728,0.0031658230488271766,23,2,3,22,25,25,
4,2,50,RL_adaptive,5.660336294239072,5.579571524400134,0.08076476983893865,0.9983701492299,0.0016298507701000275,26,2,3,19,28,22,0.9983701492299
4,2,100,Z_only,5.660336294239072,0.5735131044230967,1.196362117363611,0.6828729990260759,0.3171270009739241,92,8,0,0,100,0,
4,2,100,ZX_split,5.660336294239072,5.657700266940357,0.002636027298715149,0.9999982628410261,1.7371589738912618e-06,43,7,12,38,50,50,
4,2,100,RL_adaptive,5.660336294239072,5.659578877447133,0.0007574167919388586,0.9999998565799577,1.4342004228673488e-07,51,5,9,35,56,44,0.9999998565799577
4,2,250,Z_only,5.660336294239072,0.6023613440351829,1.2252103569756967,0.6693740304836703,0.3306259695163297,228,22,0,0,250,0,
4,2,250,ZX_split,5.660336294239072,5.736723584368302,0.07638729012922951,0.9985419546603156,0.0014580453396844106,111,14,33,92,125,125,
4,2,250,RL_adaptive,5.660336294239072,5.628454047291297,0.03188224694777553,0.9997459021072206,0.00025409789277941464,117,15,24,94,132,118,0.9997459021072206
4,2,500,Z_only,5.660336294239072,0.6368044957699469,1.2596535087104606,0.6530733905121469,0.34692660948785314,451,49,0,0,500,0,
4,2,500,ZX_split,5.660336294239072,5.631810345362201,0.028525948876871432,0.9997965813547138,0.0002034186452861686,226,24,48,202,250,250,
4,2,500,RL_adaptive,5.660336294239072,5.68440160471057,0.024065310471497625,0.9998552221953879,0.000144777804612084,272,21,43,164,293,207,0.9998552221953879
4,3,10,Z_only,5.660336294239072,0.0,0.622849012940514,0.9061098895690879,0.09389011043091211,10,0,0,0,10,0,
4,3,10,ZX_split,5.660336294239072,5.497787143782138,0.1625491504569343,0.9934089750768123,0.006591024923187749,4,1,1,4,5,5,
4,3,10,RL_adaptive,5.660336294239072,5.497787143782138,0.1625491504569343,0.9934089750768123,0.006591024923187749,4,1,1,4,5,5,0.9934089750768123
4,3,25,Z_only,5.660336294239072,1.0239453760989525,1.6467943890394663,0.46203753685111104,0.537962463148889,19,6,0,0,25,0,
4,3,25,ZX_split,5.660336294239072,5.916011473361367,0.25567517912229487,0.9837463821525557,0.01625361784744428,12,0,4,9,12,13,
4,3,25,RL_adaptive,5.660336294239072,5.846558147366045,0.18622185312697237,0.9913553806569886,0.008644619343011417,10,0,4,11,10,15,0.9913553806569886
4,3,50,Z_only,5.660336294239072,0.4949341263408958,1.1177831392814097,0.7188383856906699,0.28116161430933007,47,3,0,0,50,0,
4,3,50,ZX_split,5.660336294239072,5.630338676078812,0.029997618160260586,0.9997750525953133,0.00022494740468670393,21,4,6,19,25,25,
4,3,50,RL_adaptive,5.660336294239072,5.536394559910288,0.12394173432878386,0.9961645253005335,0.0038354746994665456,25,3,3,19,28,22,0.9961645253005335
4,3,100,Z_only,5.660336294239072,0.6435011087932843,1.2663501217337982,0.6498824467865812,0.35011755321341875,90,10,0,0,100,0,
4,3,100,ZX_split,5.660336294239072,5.675383311065626,0.015047016826553516,0.9999433978891206,5.6602110879433454e-05,48,2,9,41,50,50,
4,3,100,RL_adaptive,5.660336294239072,5.806407837664878,0.14607154342580575,0.9946752539554871,0.00532474604451294,52,2,12,34,54,46,0.9946752539554871
4,3,250,Z_only,5.660336294239072,0.6300466904458402,1.2528957033863541,0.6562865331280987,0.3437134668719013,226,24,0,0,250,0,
4,3,250,ZX_split,5.660336294239072,5.572118030949803,0.08821826328926896,0.9980556459848205,0.0019443540151794503,113,12,19,106,125,125,
4,3,250,RL_adaptive,5.660336294239072,5.595403979197557,0.06493231504151531,0.9989463189052336,0.0010536810947664454,117,16,22,95,133,117,0.9989463189052336
4,3,500,Z_only,5.660336294239072,0.6501384547276359,1.27298746766815,0.6467131110484046,0.35328688895159543,449,51,0,0,500,0,
4,3,500,ZX_split,5.660336294239072,5.689134390289647,0.028798096050574706,0.9997926817445026,0.00020731825549735738,239,11,48,202,250,250,
4,3,500,RL_adaptive,5.660336294239072,5.6142940495599545,0.04604224467911777,0.9994701215430781,0.0005298784569218729,262,31,39,168,293,207,0.9994701215430781
4,4,10,Z_only,5.660336294239072,0.0,0.622849012940514,0.9061098895690879,0.09389011043091211,10,0,0,0,10,0,
4,4,10,ZX_split,5.660336294239072,5.961434752782944,0.30109845854387185,0.9775056480676052,0.022494351932394796,4,1,2,3,5,5,
4,4,10,RL_adaptive,5.660336294239072,5.742765806909002,0.08242951266992993,0.9983023054533314,0.0016976945466685711,5,0,1,4,5,5,0.9983023054533314
4,4,25,Z_only,5.660336294239072,0.40271584158066176,1.0255648545211757,0.7593080074363991,0.24069199256360085,24,1,0,0,25,0,
4,4,25,ZX_split,5.660336294239072,5.497787143782138,0.1625491504569343,0.9934089750768123,0.006591024923187749,12,0,0,13,12,13,
4,4,25,RL_adaptive,5.660336294239072,5.650436472177403,0.009899822061669283,0.999975498580896,2.4501419104039357e-05,10,0,2,13,10,15,0.999975498580896
4,4,50,Z_only,5.660336294239072,0.5735131044230967,1.196362117363611,0.6828729990260759,0.3171270009739241,46,4,0,0,50,0,
4,4,50,ZX_split,5.660336294239072,5.728877810978035,0.06854151673896247,0.9988259748536928,0.001174025146307156,23,2,6,19,25,25,
4,4,50,RL_adaptive,5.660336294239072,6.010637433553342,0.3503011393142694,0.9696347051224422,0.03036529487755779,24,3,9,14,27,23,0.9696347051224422
4,4,100,Z_only,5.660336294239072,0.4949341263408958,1.1177831392814097,0.7188383856906699,0.28116161430933007,94,6,0,0,100,0,
4,4,100,ZX_split,5.660336294239072,5.639684198386302,0.02065209585277028,0.9998933765239594,0.00010662347604062372,45,5,10,40,50,50,
4,4,100,RL_adaptive,5.660336294239072,5.5758676901283755,0.08446860411069679,0.998217324049386,0.0017826759506139878,50,8,8,34,58,42,0.998217324049386
4,4,250,Z_only,5.660336294239072,0.5585961153385702,1.1814451282790843,0.6897941263877975,0.31020587361220253,231,19,0,0,250,0,
4,4,250,ZX_split,5.660336294239072,5.725476463550794,0.06514016931172151,0.9989395646387036,0.001060435361296408,113,12,31,94,125,125,
4,4,250,RL_adaptive,5.660336294239072,5.65339874381022,0.006937550428852468,0.9999879676467713,1.2032353228663695e-05,120,10,23,97,130,120,0.9999879676467713
4,4,500,Z_only,5.660336294239072,0.6435011087932843,1.2663501217337982,0.6498824467865812,0.35011755321341875,450,50,0,0,500,0,
4,4,500,ZX_split,5.660336294239072,5.631810345362201,0.028525948876871432,0.9997965813547138,0.0002034186452861686,226,24,48,202,250,250,
4,4,500,RL_adaptive,5.660336294239072,5.661493032202735,0.0011567379636625574,0.9999996654893584,3.345106416308141e-07,268,25,42,165,293,207,0.9999996654893584
5,0,10,Z_only,6.034839303567857,0.0,0.24834600361172932,0.9846601507253006,0.015339849274699446,10,0,0,0,10,0,
5,0,10,ZX_split,6.034839303567857,6.085789747329706,0.050950443761848874,0.9993511534526481,0.0006488465473518668,5,0,2,3,5,5,
5,0,10,RL_adaptive,6.034839303567857,0.0,0.24834600361172932,0.9846601507253006,0.015339849274699446,4,0,3,3,4,6,0.9846601507253006
5,0,25,Z_only,6.034839303567857,0.0,0.24834600361172932,0.9846601507253006,0.015339849274699446,25,0,0,0,25,0,
5,0,25,ZX_split,6.034839303567857,6.206413415909808,0.1715741123419514,0.9926586169702495,0.0073413830297505145,12,0,6,7,12,13,
5,0,25,RL_adaptive,6.034839303567857,5.846558147366045,0.1882811562018123,0.9911637016348527,0.008836298365147321,10,0,4,11,10,15,0.9911637016348527
5,0,50,Z_only,6.034839303567857,0.40271584158066176,0.6510618451923911,0.8977203677980649,0.10227963220193514,48,2,0,0,50,0,
5,0,50,ZX_split,6.034839303567857,6.153482770023674,0.11864346645581669,0.9964850579770611,0.003514942022938894,24,1,11,14,25,25,
5,0,50,RL_adaptive,6.034839303567857,6.038206644052722,0.003367340484865089,0.9999971652571934,2.8347428066011204e-06,26,0,9,15,26,24,0.9999971652571934
5,0,100,Z_only,6.034839303567857,0.283794109208328,0.5321401128200574,0.9308615985464765,0.06913840145352346,98,2,0,0,100,0,
5,0,100,ZX_split,6.034839303567857,6.059708706038953,0.024869402471096258,0.9998453861743182,0.00015461382568182636,47,3,20,30,50,50,
5,0,100,RL_adaptive,6.034839303567857,5.949483130642036,0.0853561729258212,0.9981796865231382,0.0018203134768618456,51,1,16,32,52,48,0.9981796865231382
5,0,250,Z_only,6.034839303567857,0.17912481487888987,0.42747081849061885,0.9550085916301047,0.04499140836989535,248,2,0,0,250,0,
5,0,250,ZX_split,6.034839303567857,6.148014608530577,0.11317530496271999,0.9968012540757132,0.0031987459242868166,125,0,54,71,125,125,
5,0,250,RL_adaptive,6.034839303567857,6.027376742564214,0.0074625610036429535,0.9999860776104281,1.3922389571874305e-05,120,0,48,82,120,130,0.9999860776104281
5,0,500,Z_only,6.034839303567857,0.2691397328745526,0.5174857364862824,0.9345328614977714,0.06546713850222863,491,9,0,0,500,0,
5,0,500,ZX_split,6.034839303567857,5.971384673175749,0.06345463039210752,0.9989937151880925,0.0010062848119074541,246,4,86,164,250,250,
5,0,500,RL_adaptive,6.034839303567857,6.052797320091174,0.017958016523317077,0.9999193795772812,8.062042271883563e-05,285,6,81,128,291,209,0.9999193795772812
5,1,10,Z_only,6.034839303567857,0.6435011087932843,0.8918471124050136,0.8139878074020716,0.18601219259792845,9,1,0,0,10,0,
5,1,10,ZX_split,6.034839303567857,5.742765806909002,0.29207349665885474,0.9788244475118277,0.021175552488172267,5,0,1,4,5,5,
5,1,10,RL_adaptive,6.034839303567857,5.497787143782138,0.537052159785719,0.9296102716405925,0.07038972835940749,6,0,0,4,6,4,0.9296102716405925
5,1,25,Z_only,6.034839303567857,0.0,0.24834600361172932,0.9846601507253006,0.015339849274699446,25,0,0,0,25,0,
5,1,25,ZX_split,6.034839303567857,6.0563864591257,0.021547155557843034,0.9998839345125188,0.00011606548748122059,12,0,5,8,12,13,
5,1,25,RL_adaptive,6.034839303567857,5.846558147366045,0.1882811562018123,0.9911637016348527,0.008836298365147321,10,0,4,11,10,15,0.9911637016348527
5,1,50,Z_only,6.034839303567857,0.283794109208328,0.5321401128200574,0.9308615985464765,0.06913840145352346,49,1,0,0,50,0,
5,1,50,ZX_split,6.034839303567857,5.592738850124894,0.4421004534429631,0.9519275010118132,0.048072498988186774,24,1,3,22,25,25,
5,1,50,RL_adaptive,6.034839303567857,5.768733994120558,0.2661053094472985,0.9824012103104153,0.017598789689584726,27,0,5,18,27,23,0.9824012103104153
5,1,100,Z_only,6.034839303567857,0.20033484232311968,0.4486808459348488,0.9505100526372661,0.04948994736273393,99,1,0,0,100,0,
5,1,100,ZX_split,6.034839303567857,6.010176604092876,0.02466269947498123,0.9998479455211315,0.00015205447886845747,50,0,18,32,50,50,
5,1,100,RL_adaptive,6.034839303567857,5.7782146100589955,0.2566246935088614,0.9836260986275283,0.016373901372471744,52,1,11,36,53,47,0.9836260986275283
5,1,250,Z_only,6.034839303567857,0.25366173607545534,0.5020077396871843,0.9383091160404538,0.06169088395954625,246,4,0,0,250,0,
5,1,250,ZX_split,6.034839303567857,5.94071233089046,0.09412697267739656,0.997786663137364,0.0022133368626360284,120,5,42,83,125,125,
5,1,250,RL_adaptive,6.034839303567857,6.088485158591839,0.05364585502398178,0.9992807030885604,0.0007192969114395709,119,3,52,76,122,128,0.9992807030885604
5,1,500,Z_only,6.034839303567857,0.283794109208328,0.5321401128200574,0.9308615985464765,0.06913840145352346,490,10,0,0,500,0,
5,1,500,ZX_split,6.034839303567857,6.216059418977485,0.18122011540962824,0.9918122618930431,0.008187738106956943,244,6,117,133,250,250,
5,1,500,RL_adaptive,6.034839303567857,5.984604976664514,0.050234326903343174,0.9993692607554344,0.0006307392445655813,288,3,73,136,291,209,0.9993692607554344
5,2,10,Z_only,6.034839303567857,0.0,0.24834600361172932,0.9846601507253006,0.015339849274699446,10,0,0,0,10,0,
5,2,10,ZX_split,6.034839303567857,6.085789747329706,0.050950443761848874,0.9993511534526481,0.0006488465473518668,5,0,2,3,5,5,
5,2,10,RL_adaptive,6.034839303567857,0.0,0.24834600361172932,0.9846601507253006,0.015339849274699446,4,0,3,3,4,6,0.9846601507253006
5,2,25,Z_only,6.034839303567857,0.0,0.24834600361172932,0.9846601507253006,0.015339849274699446,25,0,0,0,25,0,
5,2,25,ZX_split,6.034839303567857,6.0563864591257,0.021547155557843034,0.9998839345125188,0.00011606548748122059,12,0,5,8,12,13,
5,2,25,RL_adaptive,6.034839303567857,6.141288252575422,0.1064489490075653,0.9971698293066237,0.0028301706933763215,11,0,6,8,11,14,0.9971698293066237
5,2,50,Z_only,6.034839303567857,0.0,0.24834600361172932,0.9846601507253006,0.015339849274699446,50,0,0,0,50,0,
5,2,50,ZX_split,6.034839303567857,6.243206620056296,0.20836731648843898,0.9891849800339053,0.010815019966094686,25,0,12,13,25,25,
5,2,50,RL_adaptive,6.034839303567857,6.052579370920034,0.017740067352177036,0.9999213245659463,7.867543405370991e-05,26,1,9,14,27,23,0.9999213245659463
5,2,100,Z_only,6.034839303567857,0.40271584158066176,0.6510618451923911,0.8977203677980649,0.10227963220193514,96,4,0,0,100,0,
5,2,100,ZX_split,6.034839303567857,5.853423028082898,0.18141627548495887,0.991794575481227,0.008205424518773041,49,1,14,36,50,50,
5,2,100,RL_adaptive,6.034839303567857,6.047640326458723,0.01280102289086571,0.9999590340126531,4.0965987346930355e-05,50,0,19,31,50,50,0.9999590340126531
5,2,250,Z_only,6.034839303567857,0.2195295842499295,0.46787558786165917,0.9462641963569566,0.05373580364304342,247,3,0,0,250,0,
5,2,250,ZX_split,6.034839303567857,6.063641470890198,0.028802167322340644,0.9997926231260256,0.00020737687397442972,123,2,49,76,125,125,
5,2,250,RL_adaptive,6.034839303567857,5.975562541179832,0.05927676238802526,0.9991218235452939,0.0008781764547061144,121,1,44,84,122,128,0.9991218235452939
5,2,500,Z_only,6.034839303567857,0.2195295842499295,0.46787558786165917,0.9462641963569566,0.05373580364304342,494,6,0,0,500,0,
5,2,500,ZX_split,6.034839303567857,6.022582915432245,0.012256388135611473,0.9999624457075852,3.755429241480979e-05,245,5,93,157,250,250,
5,2,500,RL_adaptive,6.034839303567857,6.05594198288383,0.021102679315973205,0.9998886733628737,0.00011132663712631885,287,4,81,128,291,209,0.9998886733628737
5,3,10,Z_only,6.034839303567857,0.6435011087932843,0.8918471124050136,0.8139878074020716,0.18601219259792845,9,1,0,0,10,0,
5,3,10,ZX_split,6.034839303567857,0.5404195002705843,0.7887655038823134,0.8523608537316132,0.1476391462683868,5,0,4,1,5,5,
5,3,10,RL_adaptive,6.034839303567857,5.742765806909002,0.29207349665885474,0.9788244475118277,0.021175552488172267,5,0,1,4,5,5,0.9788244475118277
5,3,25,Z_only,6.034839303567857,0.0,0.24834600361172932,0.9846601507253006,0.015339849274699446,25,0,0,0,25,0,
5,3,25,ZX_split,6.034839303567857,6.0563864591257,0.021547155557843034,0.9998839345125188,0.00011606548748122059,12,0,5,8,12,13,
5,3,25,RL_adaptive,6.034839303567857,0.1418970546041639,0.39024305821589333,0.9624083123098882,0.037591687690111786,11,0,8,6,11,14,0.9624083123098882
5,3,50,Z_only,6.034839303567857,0.4949341263408958,0.743280129952625,0.868126419019405,0.13187358098059498,47,3,0,0,50,0,
5,3,50,ZX_split,6.034839303567857,6.010176604092876,0.02466269947498123,0.9998479455211315,0.00015205447886845747,25,0,9,16,25,25,
5,3,50,RL_adaptive,6.034839303567857,5.81953769817878,0.21530160538907683,0.988456001518996,0.011543998481003959,26,0,6,18,26,24,0.988456001518996
5,3,100,Z_only,6.034839303567857,0.20033484232311968,0.4486808459348488,0.9505100526372661,0.04948994736273393,99,1,0,0,100,0,
5,3,100,ZX_split,6.034839303567857,6.0777899179898185,0.042950614421961575,0.9995388820742104,0.0004611179257896225,49,1,20,30,50,50,
5,3,100,RL_adaptive,6.034839303567857,5.950791333313627,0.08404797025422983,0.99823502403265,0.0017649759673500354,51,2,16,31,53,47,0.99823502403265
5,3,250,Z_only,6.034839303567857,0.3110916017919615,0.5594376054036907,0.9237768566284196,0.07622314337158043,244,6,0,0,250,0,
5,3,250,ZX_split,6.034839303567857,6.010176604092876,0.02466269947498123,0.9998479455211315,0.00015205447886845747,125,0,45,80,125,125,
5,3,250,RL_adaptive,6.034839303567857,6.163505577812011,0.12866627424415444,0.995866954075634,0.00413304592436603,119,2,57,72,121,129,0.995866954075634
5,3,500,Z_only,6.034839303567857,0.15507467296433847,0.4034206765760677,0.9598617668618672,0.040138233138132806,497,3,0,0,500,0,
5,3,500,ZX_split,6.034839303567857,6.0246415846804044,0.010197718887452467,0.9999740018576776,2.599814232240316e-05,246,4,93,157,250,250,
5,3,500,RL_adaptive,6.034839303567857,6.018917132488576,0.015922171079281178,0.99993662245598,6.337754401997131e-05,287,4,77,132,291,209,0.99993662245598
5,4,10,Z_only,6.034839303567857,0.0,0.24834600361172932,0.9846601507253006,0.015339849274699446,10,0,0,0,10,0,
5,4,10,ZX_split,6.034839303567857,5.742765806909002,0.29207349665885474,0.9788244475118277,0.021175552488172267,5,0,1,4,5,5,
5,4,10,RL_adaptive,6.034839303567857,5.742765806909002,0.29207349665885474,0.9788244475118277,0.021175552488172267,5,0,1,4,5,5,0.9788244475118277
5,4,25,Z_only,6.034839303567857,0.0,0.24834600361172932,0.9846601507253006,0.015339849274699446,25,0,0,0,25,0,
5,4,25,ZX_split,6.034839303567857,5.789243938260005,0.2455953653078522,0.9849963717114134,0.01500362828858659,12,0,3,10,12,13,
5,4,25,RL_adaptive,6.034839303567857,0.2782996590051114,0.5266456626168408,0.9322489713765666,0.0677510286234334,11,0,9,5,11,14,0.9322489713765666
5,4,50,Z_only,6.034839303567857,0.0,0.24834600361172932,0.9846601507253006,0.015339849274699446,50,0,0,0,50,0,
5,4,50,ZX_split,6.034839303567857,5.768733994120558,0.2661053094472985,0.9824012103104153,0.017598789689584726,24,1,6,19,25,25,
5,4,50,RL_adaptive,6.034839303567857,6.052579370920034,0.017740067352177036,0.9999213245659463,7.867543405370991e-05,26,1,9,14,27,23,0.9999213245659463
5,4,100,Z_only,6.034839303567857,0.0,0.24834600361172932,0.9846601507253006,0.015339849274699446,100,0,0,0,100,0,
5,4,100,ZX_split,6.034839303567857,5.802298026984251,0.23254127658360613,0.9865419488387597,0.013458051161240325,48,2,13,37,50,50,
5,4,100,RL_adaptive,6.034839303567857,5.855466930187354,0.17937237338050327,0.9919779313656153,0.008022068634384705,50,3,14,33,53,47,0.9919779313656153
5,4,250,Z_only,6.034839303567857,0.12657558596272397,0.3749215895744529,0.9652681693183427,0.034731830681657305,249,1,0,0,250,0,
5,4,250,ZX_split,6.034839303567857,6.116739613631043,0.08190031006318588,0.9983240219415259,0.0016759780584740813,125,0,52,73,125,125,
5,4,250,RL_adaptive,6.034839303567857,6.05322558460483,0.018386281036972818,0.9999154885482431,8.451145175691899e-05,118,4,50,78,122,128,0.9999154885482431
5,4,500,Z_only,6.034839303567857,0.283794109208328,0.5321401128200574,0.9308615985464765,0.06913840145352346,490,10,0,0,500,0,
5,4,500,ZX_split,6.034839303567857,6.038206644052722,0.003367340484865089,0.9999971652571934,2.8347428066011204e-06,249,1,94,156,250,250,
5,4,500,RL_adaptive,6.034839303567857,6.133911409830127,0.0990721062622697,0.9975481858620829,0.0024518141379170633,289,2,89,120,291,209,0.9975481858620829
6,0,10,Z_only,2.2088981546420343,2.498091544796509,0.28919339015447454,0.9792371078208869,0.02076289217911309,1,9,0,0,10,0,
6,0,10,ZX_split,2.2088981546420343,2.111215827065481,0.09768232757655326,0.997616436921935,0.0023835630780649764,1,4,5,0,5,5,
6,0,10,RL_adaptive,2.2088981546420343,1.7681918866447774,0.4407062679972569,0.9522253050902102,0.047774694909789805,2,3,5,0,5,5,0.9522253050902102
6,0,25,Z_only,2.2088981546420343,2.318558961454817,0.10966080681278267,0.9969966384147019,0.0030033615852981255,4,21,0,0,25,0,
6,0,25,ZX_split,2.2088981546420343,2.2655346029916,0.056636448349565605,0.9991982925162034,0.0008017074837965987,1,11,13,0,12,13,
6,0,25,RL_adaptive,2.2088981546420343,2.288501467498376,0.07960331285634181,0.9984166645023866,0.0015833354976133585,2,12,10,1,14,11,0.9984166645023866
6,0,50,Z_only,2.2088981546420343,2.2142974355881813,0.005399280946146945,0.9999927119590215,7.28804097849256e-06,10,40,0,0,50,0,
6,0,50,ZX_split,2.2088981546420343,2.191045812777718,0.01785234186431639,0.9999203255885837,7.967441141631948e-05,5,20,23,2,25,25,
6,0,50,RL_adaptive,2.2088981546420343,2.268963944829283,0.06006579018724878,0.999098296365856,0.000901703634143991,3,23,23,1,26,24,0.999098296365856
6,0,100,Z_only,2.2088981546420343,2.2395390299972684,0.030640875355234076,0.9997653025526289,0.00023469744737114606,19,81,0,0,100,0,
6,0,100,ZX_split,2.2088981546420343,2.388441372627599,0.1795432179855645,0.9919626838175367,0.008037316182463283,9,41,40,10,50,50,
6,0,100,RL_adaptive,2.2088981546420343,2.2588775448891667,0.04997939024713238,0.9993756451205887,0.0006243548794112597,13,51,31,5,64,36,0.9993756451205887
6,0,250,Z_only,2.2088981546420343,2.2344511086616805,0.02555295401964619,0.9998367705172785,0.00016322948272151638,48,202,0,0,250,0,
6,0,250,ZX_split,2.2088981546420343,2.2421087110241853,0.03321055638215098,0.9997242900785771,0.0002757099214228953,20,105,116,9,125,125,
6,0,250,RL_adaptive,2.2088981546420343,2.1732756852162876,0.03562246942574676,0.9996827934636738,0.00031720653632616447,27,103,111,9,130,120,0.9996827934636738
6,0,500,Z_only,2.2088981546420343,2.244647490415026,0.035749335772991664,0.999680530274047,0.00031946972595298107,94,406,0,0,500,0,
6,0,500,ZX_split,2.2088981546420343,2.276816175632771,0.06791802099073685,0.9988472288391641,0.001152771160835897,44,206,220,30,250,250,
6,0,500,RL_adaptive,2.2088981546420343,2.159990167286671,0.0489079873553635,0.9994021213841673,0.0005978786158327143,53,206,227,14,259,241,0.9994021213841673
6,1,10,Z_only,2.2088981546420343,2.498091544796509,0.28919339015447454,0.9792371078208869,0.02076289217911309,1,9,0,0,10,0,
6,1,10,ZX_split,2.2088981546420343,1.373400766945016,0.8354973876970184,0.8354044439437152,0.16459555605628484,3,2,5,0,5,5,
6,1,10,RL_adaptive,2.2088981546420343,1.7681918866447774,0.4407062679972569,0.9522253050902102,0.047774694909789805,2,3,5,0,5,5,0.9522253050902102
6,1,25,Z_only,2.2088981546420343,2.7388768120091314,0.529978657367097,0.9314089298653869,0.06859107013461307,1,24,0,0,25,0,
6,1,25,ZX_split,2.2088981546420343,2.238102461773251,0.029204307131216467,0.9997867922654821,0.0002132077345179395,2,10,12,1,12,13,
6,1,25,RL_adaptive,2.2088981546420343,2.180456193506978,0.02844196113505637,0.9997977773445025,0.00020222265549751928,3,11,10,1,14,11,0.9997977773445025
6,1,50,Z_only,2.2088981546420343,2.165182126795959,0.043716027846075534,0.9995223033114339,0.00047769668856612046,11,39,0,0,50,0,
6,1,50,ZX_split,2.2088981546420343,2.223642957895671,0.014744803253636807,0.99994564867897,5.435132103004392e-05,6,19,21,4,25,25,
6,1,50,RL_adaptive,2.2088981546420343,2.441414721164474,0.23251656652243957,0.9865447959211077,0.013455204078892335,4,22,19,5,26,24,0.9865447959211077
6,1,100,Z_only,2.2088981546420343,2.117647277490841,0.09125087715119351,0.9979197634186915,0.0020802365813085144,24,76,0,0,100,0,
6,1,100,ZX_split,2.2088981546420343,2.0152155366959956,0.1936826179460387,0.9906510413648932,0.009348958635106763,15,35,46,4,50,50,
6,1,100,RL_adaptive,2.2088981546420343,2.120525100415144,0.08837305422689035,0.9980488211768368,0.0019511788231632021,16,49,32,3,65,35,0.9980488211768368
6,1,250,Z_only,2.2088981546420343,2.2043344930445032,0.004563661597531077,0.9999947932572425,5.206742757501992e-06,51,199,0,0,250,0,
6,1,250,ZX_split,2.2088981546420343,2.1513177731552364,0.057580381486797894,0.9991713539029514,0.0008286460970485798,32,93,109,16,125,125,
6,1,250,RL_adaptive,2.2088981546420343,2.2605233290666162,0.05162517442458192,0.9993338583088982,0.0006661416911017959,23,107,107,13,130,120,0.9993338583088982
6,1,500,Z_only,2.2088981546420343,2.2043344930445032,0.004563661597531077,0.9999947932572425,5.206742757501992e-06,102,398,0,0,500,0,
6,1,500,ZX_split,2.2088981546420343,2.2250828417097983,0.016184687067763992,0.9999345154055901,6.548459440991472e-05,46,204,228,22,250,250,
6,1,500,RL_adaptive,2.2088981546420343,2.1088634318448523,0.10003472279718206,0.9975003490913618,0.00249965090863824,65,196,220,19,261,239,0.9975003490913618
6,2,10,Z_only,2.2088981546420343,3.141592653589793,0.9326944989477588,0.7978359252903457,0.20216407470965425,0,10,0,0,10,0,
6,2,10,ZX_split,2.2088981546420343,1.8925468811915387,0.31635127345049563,0.9751884321104765,0.024811567889523545,2,3,4,1,5,5,
6,2,10,RL_adaptive,2.2088981546420343,2.214297435588181,0.005399280946146501,0.9999927119590213,7.288040978714605e-06,1,3,5,1,4,6,0.9999927119590213
6,2,25,Z_only,2.2088981546420343,2.2142974355881813,0.005399280946146945,0.9999927119590215,7.28804097849256e-06,5,20,0,0,25,0,
6,2,25,ZX_split,2.2088981546420343,1.946067149650854,0.2628310049911804,0.9828291550871758,0.017170844912824168,4,8,12,1,12,13,
6,2,25,RL_adaptive,2.2088981546420343,2.413822917669819,0.20492476302778462,0.9895381487626034,0.010461851237396624,2,12,9,2,14,11,0.9895381487626034
6,2,50,Z_only,2.2088981546420343,2.318558961454817,0.10966080681278267,0.9969966384147019,0.0030033615852981255,8,42,0,0,50,0,
6,2,50,ZX_split,2.2088981546420343,2.0169018757383004,0.19199627890373394,0.9908126318167501,0.009187368183249944,7,18,24,1,25,25,
6,2,50,RL_adaptive,2.2088981546420343,2.0985070947911755,0.11039105985085884,0.9969565460350379,0.003043453964962084,7,20,21,2,27,23,0.9969565460350379
6,2,100,Z_only,2.2088981546420343,2.189525017467148,0.019373137174886423,0.9999061733236292,9.382667637081177e-05,21,79,0,0,100,0,
6,2,100,ZX_split,2.2088981546420343,2.191045812777718,0.01785234186431639,0.9999203255885837,7.967441141631948e-05,10,40,46,4,50,50,
6,2,100,RL_adaptive,2.2088981546420343,2.309007321961321,0.10010916731928665,0.997496630401297,0.002503369598703009,8,57,32,3,65,35,0.997496630401297
6,2,250,Z_only,2.2088981546420343,2.1459932064098513,0.06290494823218307,0.9990110680394998,0.0009889319605002056,57,193,0,0,250,0,
6,2,250,ZX_split,2.2088981546420343,2.221596576031878,0.012698421389843784,0.999959688065247,4.03119347529568e-05,21,104,117,8,125,125,
6,2,250,RL_adaptive,2.2088981546420343,2.1444629949630576,0.06443515967897673,0.9989623866285238,0.0010376133714762314,30,100,110,10,130,120,0.9989623866285238
6,2,500,Z_only,2.2088981546420343,2.1555571956282784,0.053340959013755906,0.9992888541629735,0.0007111458370264723,112,388,0,0,500,0,
6,2,500,ZX_split,2.2088981546420343,2.1498705961626277,0.05902755847940666,0.99912918972263,0.0008708102773700155,57,193,229,21,250,250,
6,2,500,RL_adaptive,2.2088981546420343,2.1471163658388455,0.06178178880318885,0.9990460561337925,0.0009539438662075073,61,199,218,22,260,240,0.9990460561337925
6,3,10,Z_only,2.2088981546420343,2.2142974355881813,0.005399280946146945,0.9999927119590215,7.28804097849256e-06,2,8,0,0,10,0,
6,3,10,ZX_split,2.2088981546420343,1.0303768265243125,1.1785213281177218,0.6911457981705095,0.3088542018294905,4,1,5,0,5,5,
6,3,10,RL_adaptive,2.2088981546420343,1.7681918866447774,0.4407062679972569,0.9522253050902102,0.047774694909789805,2,3,5,0,5,5,0.9522253050902102
6,3,25,Z_only,2.2088981546420343,2.02639500019072,0.1825031544513145,0.991696236154465,0.008303763845534995,7,18,0,0,25,0,
6,3,25,ZX_split,2.2088981546420343,1.8925468811915387,0.31635127345049563,0.9751884321104765,0.024811567889523545,4,8,13,0,12,13,
6,3,25,RL_adaptive,2.2088981546420343,2.180456193506978,0.02844196113505637,0.9997977773445025,0.00020222265549751928,3,11,10,1,14,11,0.9997977773445025
6,3,50,Z_only,2.2088981546420343,2.2652945924214523,0.05639643777941794,0.9992050711780731,0.000794928821926888,9,41,0,0,50,0,
6,3,50,ZX_split,2.2088981546420343,2.293775680196388,0.08487752555435346,0.9982000324129922,0.0017999675870078446,5,20,21,4,25,25,
6,3,50,RL_adaptive,2.2088981546420343,2.516107613350564,0.30720945870852967,0.9765905697681864,0.023409430231813633,4,22,18,6,26,24,0.9765905697681864
6,3,100,Z_only,2.2088981546420343,2.1412334361948187,0.06766471844721567,0.9988558081275428,0.0011441918724571787,23,77,0,0,100,0,
6,3,100,ZX_split,2.2088981546420343,2.27068919651414,0.06179104187210571,0.9990457704586575,0.0009542295413424995,9,41,44,6,50,50,
6,3,100,RL_adaptive,2.2088981546420343,2.093079014730317,0.11581913991171744,0.9966502287267326,0.00334977127326741,17,48,32,3,65,35,0.9966502287267326
6,3,250,Z_only,2.2088981546420343,2.2243353890326194,0.015437234390585086,0.9999404241317248,5.957586827520789e-05,49,201,0,0,250,0,
6,3,250,ZX_split,2.2088981546420343,2.1321708431544213,0.07672731148761303,0.998528951812021,0.0014710481879790516,32,93,111,14,125,125,
6,3,250,RL_adaptive,2.2088981546420343,2.2720987098016914,0.06320055515965706,0.9990017547983289,0.000998245201671133,22,108,107,13,130,120,0.9990017547983289
6,3,500,Z_only,2.2088981546420343,2.19938032588147,0.009517828760564395,0.9999773529048867,2.2647095113348392e-05,103,397,0,0,500,0,
6,3,500,ZX_split,2.2088981546420343,2.245537269018449,0.03663911437641465,0.9996644313665828,0.0003355686334172159,45,205,225,25,250,250,
6,3,500,RL_adaptive,2.2088981546420343,2.1654495464706573,0.04344860817137697,0.9995281288514705,0.0004718711485295346,55,204,223,18,259,241,0.9995281288514705
6,4,10,Z_only,2.2088981546420343,1.7721542475852272,0.4367439070568071,0.9530668815537408,0.04693311844625925,4,6,0,0,10,0,
6,4,10,ZX_split,2.2088981546420343,1.7681918866447774,0.4407062679972569,0.9522253050902102,0.047774694909789805,2,3,5,0,5,5,
6,4,10,RL_adaptive,2.2088981546420343,1.7681918866447774,0.4407062679972569,0.9522253050902102,0.047774694909789805,2,3,5,0,5,5,0.9522253050902102
6,4,25,Z_only,2.2088981546420343,2.5680795491666966,0.35918139452466225,0.9680924418413548,0.03190755815864521,2,23,0,0,25,0,
6,4,25,ZX_split,2.2088981546420343,1.946067149650854,0.2628310049911804,0.9828291550871758,0.017170844912824168,4,8,12,1,12,13,
6,4,25,RL_adaptive,2.2088981546420343,1.9067639327210277,0.3021342219210066,0.9773518040847279,0.022648195915272118,5,9,10,1,14,11,0.9773518040847279
6,4,50,Z_only,2.2088981546420343,2.165182126795959,0.043716027846075534,0.9995223033114339,0.00047769668856612046,11,39,0,0,50,0,
6,4,50,ZX_split,2.2088981546420343,2.356194490192345,0.14729633555031052,0.9945857470760385,0.005414252923961471,5,20,20,5,25,25,
6,4,50,RL_adaptive,2.2088981546420343,2.2220492183003877,0.01315106365835339,0.9999567630043239,4.323699567609918e-05,5,22,21,2,27,23,0.9999567630043239
6,4,100,Z_only,2.2088981546420343,2.3745986457279264,0.16570049108589213,0.9931515280251817,0.006848471974818304,14,86,0,0,100,0,
6,4,100,ZX_split,2.2088981546420343,2.245537269018449,0.03663911437641465,0.9996644313665828,0.0003355686334172159,9,41,45,5,50,50,
6,4,100,RL_adaptive,2.2088981546420343,2.2318394956455836,0.022941341003549276,0.999868429488911,0.00013157051108902973,13,52,31,4,65,35,0.999868429488911
6,4,250,Z_only,2.2088981546420343,2.2344511086616805,0.02555295401964619,0.9998367705172785,0.00016322948272151638,48,202,0,0,250,0,
6,4,250,ZX_split,2.2088981546420343,2.121939276598094,0.08695887804394031,0.9981107293638083,0.0018892706361917089,29,96,117,8,125,125,
6,4,250,RL_adaptive,2.2088981546420343,2.1700739986882716,0.03882415595376276,0.999623218559549,0.0003767814404509462,28,102,110,10,130,120,0.999623218559549
6,4,500,Z_only,2.2088981546420343,2.136488157312172,0.0724099973298622,0.9986897707054814,0.0013102292945186278,116,384,0,0,500,0,
6,4,500,ZX_split,2.2088981546420343,2.212679314023088,0.0037811593810537225,0.9999964257126921,3.5742873079058768e-06,51,199,224,26,250,250,
6,4,500,RL_adaptive,2.2088981546420343,2.1695264881612855,0.03937166648074886,0.9996125180274038,0.0003874819725961931,62,198,212,28,260,240,0.9996125180274038
7,0,10,Z_only,2.801422169152994,3.141592653589793,0.3401704844367992,0.9713488987344914,0.028651101265508627,0,10,0,0,10,0,
7,0,10,ZX_split,2.801422169152994,3.9269908169872414,1.1255686478342475,0.7153316873001632,0.28466831269983683,1,4,1,4,5,5,
7,0,10,RL_adaptive,2.801422169152994,3.4633432079864352,0.6619210388334413,0.8944064766251885,0.10559352337481154,0,4,2,4,4,6,0.8944064766251885
7,0,25,Z_only,2.801422169152994,3.141592653589793,0.3401704844367992,0.9713488987344914,0.028651101265508627,0,25,0,0,25,0,
7,0,25,ZX_split,2.801422169152994,2.9147938055359073,0.11337163638291337,0.9967901582687745,0.0032098417312255156,0,12,8,5,12,13,
7,0,25,RL_adaptive,2.801422169152994,2.5360479899848234,0.2653741791681705,0.9824972161651004,0.01750278383489956,0,12,11,2,12,13,0.9824972161651004
7,0,50,Z_only,2.801422169152994,2.857798544381465,0.056376375228471165,0.9992056365059687,0.0007943634940312805,1,49,0,0,50,0,
7,0,50,ZX_split,2.801422169152994,2.6271413405307653,0.1742808286222286,0.9924257489146919,0.00757425108530807,1,24,19,6,25,25,
7,0,50,RL_adaptive,2.801422169152994,2.5444159954971157,0.2570061736558782,0.9835776503209945,0.016422349679005466,0,25,21,4,25,25,0.9835776503209945
7,0,100,Z_only,2.801422169152994,2.7934266323168324,0.007995536836161499,0.9999840179328183,1.598206718167461e-05,3,97,0,0,100,0,
7,0,100,ZX_split,2.801422169152994,2.8685839505030826,0.06716178135008866,0.998872747602293,0.001127252397706946,0,50,32,18,50,50,
7,0,100,RL_adaptive,2.801422169152994,2.935268759560076,0.13384659040708202,0.995527954900705,0.004472045099294997,0,57,26,17,57,43,0.995527954900705
7,0,250,Z_only,2.801422169152994,2.8053468649973605,0.00392469584436661,0.9999961491955752,3.850804424776477e-06,7,243,0,0,250,0,
7,0,250,ZX_split,2.801422169152994,2.70396147804936,0.09746069110363376,0.9976272324761574,0.002372767523842634,8,117,88,37,125,125,
7,0,250,RL_adaptive,2.801422169152994,2.800359358958093,0.0010628101949010649,0.999999717608649,2.823913509697462e-07,3,129,79,39,132,118,0.999999717608649
7,0,500,Z_only,2.801422169152994,2.857798544381465,0.056376375228471165,0.9992056365059687,0.0007943634940312805,10,490,0,0,500,0,
7,0,500,ZX_split,2.801422169152994,2.735642666641496,0.06577950251149778,0.998918654256817,0.001081345743182971,11,239,174,76,250,250,
7,0,500,RL_adaptive,2.801422169152994,2.7270160757606745,0.0744060933923194,0.9986165717455574,0.001383428254442598,13,230,179,78,243,257,0.9986165717455574
7,1,10,Z_only,2.801422169152994,3.141592653589793,0.3401704844367992,0.9713488987344914,0.028651101265508627,0,10,0,0,10,0,
7,1,10,ZX_split,2.801422169152994,2.819842099193151,0.018419930040157073,0.9999151789426414,8.482105735863055e-05,1,4,3,2,5,5,
7,1,10,RL_adaptive,2.801422169152994,2.819842099193151,0.018419930040157073,0.9999151789426414,8.482105735863055e-05,0,4,4,2,4,6,0.9999151789426414
7,1,25,Z_only,2.801422169152994,2.7388768120091314,0.06254535714386256,0.999022338348604,0.0009776616513960112,1,24,0,0,25,0,
7,1,25,ZX_split,2.801422169152994,3.064820762320015,0.2633985931670213,0.982755343251123,0.017244656748876985,0,12,7,6,12,13,
7,1,25,RL_adaptive,2.801422169152994,2.647651284670212,0.15377088448278187,0.994100267697654,0.0058997323023459725,0,12,10,3,12,13,0.994100267697654
7,1,50,Z_only,2.801422169152994,2.857798544381465,0.056376375228471165,0.9992056365059687,0.0007943634940312805,1,49,0,0,50,0,
7,1,50,ZX_split,2.801422169152994,2.662073361597197,0.13934880755579693,0.9951533278383904,0.004846672161609611,0,25,19,6,25,25,
7,1,50,RL_adaptive,2.801422169152994,3.141592653589793,0.3401704844367992,0.9713488987344914,0.028651101265508627,1,25,12,12,26,24,0.9713488987344914
7,1,100,Z_only,2.801422169152994,2.857798544381465,0.056376375228471165,0.9992056365059687,0.0007943634940312805,2,98,0,0,100,0,
7,1,100,ZX_split,2.801422169152994,2.711830374493105,0.08959179465988898,0.9979946694680611,0.0020053305319388537,1,49,36,14,50,50,
7,1,100,RL_adaptive,2.801422169152994,2.668816084710436,0.13260608444255784,0.9956103446965917,0.004389655303408291,2,56,31,11,58,42,0.9956103446965917
7,1,250,Z_only,2.801422169152994,2.8305010517978317,0.029078882644837822,0.9997886195416107,0.00021138045838930974,6,244,0,0,250,0,
7,1,250,ZX_split,2.801422169152994,2.7241754263373292,0.07724674281566468,0.99850897682099,0.0014910231790099537,5,120,88,37,125,125,
7,1,250,RL_adaptive,2.801422169152994,2.743415394692369,0.058006774460624744,0.9991590393732159,0.0008409606267840708,4,127,83,36,131,119,0.9991590393732159
7,1,500,Z_only,2.801422169152994,2.8724529207152405,0.07103075156224659,0.9987391883217539,0.0012608116782460987,9,491,0,0,500,0,
7,1,500,ZX_split,2.801422169152994,2.822386622963631,0.020964453810637274,0.9998901269433706,0.00010987305662935043,7,243,164,86,250,250,
7,1,500,RL_adaptive,2.801422169152994,2.81836020715944,0.01693803800644611,0.9999282774318975,7.172256810250577e-05,8,233,170,89,241,259,0.9999282774318975
7,2,10,Z_only,2.801422169152994,3.141592653589793,0.3401704844367992,0.9713488987344914,0.028651101265508627,0,10,0,0,10,0,
7,2,10,ZX_split,2.801422169152994,2.819842099193151,0.018419930040157073,0.9999151789426414,8.482105735863055e-05,1,4,3,2,5,5,
7,2,10,RL_adaptive,2.801422169152994,2.819842099193151,0.018419930040157073,0.9999151789426414,8.482105735863055e-05,0,4,4,2,4,6,0.9999151789426414
7,2,25,Z_only,2.801422169152994,3.141592653589793,0.3401704844367992,0.9713488987344914,0.028651101265508627,0,25,0,0,25,0,
7,2,25,ZX_split,2.801422169152994,3.064820762320015,0.2633985931670213,0.982755343251123,0.017244656748876985,0,12,7,6,12,13,
7,2,25,RL_adaptive,2.801422169152994,2.5360479899848234,0.2653741791681705,0.9824972161651004,0.01750278383489956,0,12,11,2,12,13,0.9824972161651004
7,2,50,Z_only,2.801422169152994,2.857798544381465,0.056376375228471165,0.9992056365059687,0.0007943634940312805,1,49,0,0,50,0,
7,2,50,ZX_split,2.801422169152994,2.7367008673047097,0.06472130184828417,0.9989531537715297,0.0010468462284702884,2,23,17,8,25,25,
7,2,50,RL_adaptive,2.801422169152994,3.0515589403836016,0.25013677123060774,0.9844392874521843,0.015560712547815658,1,25,13,11,26,24,0.9844392874521843
7,2,100,Z_only,2.801422169152994,2.6905658417935308,0.11085632735946316,0.9969308636867193,0.0030691363132806515,5,95,0,0,100,0,
7,2,100,ZX_split,2.801422169152994,2.782821983319221,0.018600185833772986,0.9999135107653148,8.648923468523861e-05,1,49,34,16,50,50,
7,2,100,RL_adaptive,2.801422169152994,3.19709115883551,0.39566898968251607,0.9613694625660026,0.03863053743399736,3,57,19,21,60,40,0.9613694625660026
7,2,250,Z_only,2.801422169152994,2.7388768120091314,0.06254535714386256,0.999022338348604,0.0009776616513960112,10,240,0,0,250,0,
7,2,250,ZX_split,2.801422169152994,2.857458755063927,0.0560365859109333,0.9992151806596424,0.0007848193403575676,6,119,79,46,125,125,
7,2,250,RL_adaptive,2.801422169152994,2.7637285275710766,0.03769364158191735,0.9996448394003903,0.00035516059960971624,4,128,81,37,132,118,0.9996448394003903
7,2,500,Z_only,2.801422169152994,2.7388768120091314,0.06254535714386256,0.999022338348604,0.0009776616513960112,20,480,0,0,500,0,
7,2,500,ZX_split,2.801422169152994,2.8123609420059235,0.010938772852929546,0.9999700861104028,2.9913889597166232e-05,5,245,166,84,250,250,
7,2,500,RL_adaptive,2.801422169152994,2.8156614521523524,0.014239282999358505,0.9999493115613785,5.0688438621548926e-05,9,232,170,89,241,259,0.9999493115613785
7,3,10,Z_only,2.801422169152994,3.141592653589793,0.3401704844367992,0.9713488987344914,0.028651101265508627,0,10,0,0,10,0,
7,3,10,ZX_split,2.801422169152994,2.356194490192345,0.4452276789606491,0.951256317899777,0.04874368210022295,0,5,5,0,5,5,
7,3,10,RL_adaptive,2.801422169152994,3.4633432079864352,0.6619210388334413,0.8944064766251885,0.10559352337481154,1,4,2,3,5,5,0.8944064766251885
7,3,25,Z_only,2.801422169152994,3.141592653589793,0.3401704844367992,0.9713488987344914,0.028651101265508627,0,25,0,0,25,0,
7,3,25,ZX_split,2.801422169152994,2.8714394538783883,0.07001728472539437,0.9987748955806776,0.0012251044193224425,1,11,8,5,12,13,
7,3,25,RL_adaptive,2.801422169152994,3.064820762320015,0.2633985931670213,0.982755343251123,0.017244656748876985,0,12,7,6,12,13,0.982755343251123
7,3,50,Z_only,2.801422169152994,2.857798544381465,0.056376375228471165,0.9992056365059687,0.0007943634940312805,1,49,0,0,50,0,
7,3,50,ZX_split,2.801422169152994,2.6954871046463897,0.10593506450660417,0.9971970632670433,0.002802936732956729,1,24,18,7,25,25,
7,3,50,RL_adaptive,2.801422169152994,2.5444159954971157,0.2570061736558782,0.9835776503209945,0.016422349679005466,0,25,21,4,25,25,0.9835776503209945
7,3,100,Z_only,2.801422169152994,2.7934266323168324,0.007995536836161499,0.9999840179328183,1.598206718167461e-05,3,97,0,0,100,0,
7,3,100,ZX_split,2.801422169152994,2.8864102629689747,0.08498809381598083,0.9981953426195511,0.001804657380448882,2,48,31,19,50,50,
7,3,100,RL_adaptive,2.801422169152994,2.8731142630337456,0.0716920938807517,0.9987156111806147,0.001284388819385307,2,55,27,16,57,43,0.9987156111806147
7,3,250,Z_only,2.801422169152994,2.7818856540048365,0.019536515148157463,0.9999045841788471,9.541582115291103e-05,8,242,0,0,250,0,
7,3,250,ZX_split,2.801422169152994,2.628804310172967,0.1726178589800269,0.9925692473439554,0.007430752656044648,3,122,96,29,125,125,
7,3,250,RL_adaptive,2.801422169152994,2.6725831656788896,0.12883900347410426,0.9958558651003604,0.004144134899639607,3,127,89,31,130,120,0.9958558651003604
7,3,500,Z_only,2.801422169152994,2.7092818091071673,0.0921403600458266,0.9978790397020267,0.0021209602979732622,23,477,0,0,500,0,
7,3,500,ZX_split,2.801422169152994,2.867933332507703,0.06651116335470908,0.9988944739236464,0.0011055260763536134,11,239,157,93,250,250,
7,3,500,RL_adaptive,2.801422169152994,2.809488715908635,0.008066546755641113,0.9999837327940678,1.6267205932174456e-05,4,235,174,87,239,261,0.9999837327940678
7,4,10,Z_only,2.801422169152994,2.498091544796509,0.30333062435648506,0.9771734626751442,0.022826537324855845,1,9,0,0,10,0,
7,4,10,ZX_split,2.801422169152994,2.9441970937399127,0.14277492458691876,0.9949124813292312,0.0050875186707688425,0,5,3,2,5,5,
7,4,10,RL_adaptive,2.801422169152994,2.5535900500422257,0.2478321191107682,0.9847232434020522,0.015276756597947805,0,4,5,1,4,6,0.9847232434020522
7,4,25,Z_only,2.801422169152994,3.141592653589793,0.3401704844367992,0.9713488987344914,0.028651101265508627,0,25,0,0,25,0,
7,4,25,ZX_split,2.801422169152994,2.5360479899848234,0.2653741791681705,0.9824972161651004,0.01750278383489956,0,12,11,2,12,13,
7,4,25,RL_adaptive,2.801422169152994,3.141592653589793,0.3401704844367992,0.9713488987344914,0.028651101265508627,1,12,6,6,13,12,0.9713488987344914
7,4,50,Z_only,2.801422169152994,2.6466585272488974,0.15476364190409653,0.994023996081254,0.005976003918745976,3,47,0,0,50,0,
7,4,50,ZX_split,2.801422169152994,2.7686049317897323,0.03281723736326159,0.9997307813959827,0.00026921860401729614,1,24,17,8,25,25,
7,4,50,RL_adaptive,2.801422169152994,2.8771042710405608,0.07568210188756685,0.9985687382219455,0.0014312617780545267,1,25,15,9,26,24,0.9985687382219455
7,4,100,Z_only,2.801422169152994,2.7934266323168324,0.007995536836161499,0.9999840179328183,1.598206718167461e-05,3,97,0,0,100,0,
7,4,100,ZX_split,2.801422169152994,3.0221637275714546,0.22074155841846066,0.9878676755019781,0.01213232449802193,0,50,28,22,50,50,
7,4,100,RL_adaptive,2.801422169152994,2.6834020163423298,0.11802015281066414,0.9965218508868411,0.0034781491131589126,1,57,31,11,58,42,0.9965218508868411
7,4,250,Z_only,2.801422169152994,2.7388768120091314,0.06254535714386256,0.999022338348604,0.0009776616513960112,10,240,0,0,250,0,
7,4,250,ZX_split,2.801422169152994,2.7176353810858975,0.08378678806709638,0.9982459700371783,0.0017540299628217015,6,119,88,37,125,125,
7,4,250,RL_adaptive,2.801422169152994,2.831239206619894,0.02981703746690023,0.9997777525357714,0.00022224746422860875,2,129,78,41,131,119,0.9997777525357714
7,4,500,Z_only,2.801422169152994,2.770688476069521,0.030733693083472957,0.9997638786141397,0.0002361213858602662,17,483,0,0,500,0,
7,4,500,ZX_split,2.801422169152994,2.782821983319221,0.018600185833772986,0.9999135107653148,8.648923468523861e-05,5,245,170,80,250,250,
7,4,500,RL_adaptive,2.801422169152994,2.8654331732325393,0.06401100407954541,0.9989759975571975,0.0010240024428025407,6,234,165,95,240,260,0.9989759975571975
8,0,10,Z_only,2.2576365091813777,2.498091544796509,0.24045503561513115,0.9856148555667829,0.014385144433217145,1,9,0,0,10,0,
8,0,10,ZX_split,2.2576365091813777,2.356194490192345,0.09855798101096713,0.9975735461978453,0.002426453802154671,0,5,5,0,5,5,
8,0,10,RL_adaptive,2.2576365091813777,2.111215827065481,0.14642068211589665,0.9946498147761598,0.005350185223840231,1,4,5,0,5,5,0.9946498147761598
8,0,25,Z_only,2.2576365091813777,2.318558961454817,0.06092245227343929,0.9990724006577377,0.0009275993422622753,4,21,0,0,25,0,
8,0,25,ZX_split,2.2576365091813777,1.807041587513334,0.4505949216680436,0.9500940862992117,0.04990591370078834,5,7,11,2,12,13,
8,0,25,RL_adaptive,2.2576365091813777,2.279422598922567,0.02178608974118923,0.9998813462666469,0.00011865373335306906,1,13,11,0,14,11,0.9998813462666469
8,0,50,Z_only,2.2576365091813777,2.318558961454817,0.06092245227343929,0.9990724006577377,0.0009275993422622753,8,42,0,0,50,0,
8,0,50,ZX_split,2.2576365091813777,2.2073045425828477,0.05033196659853001,0.9993668069742009,0.000633193025799117,4,21,24,1,25,25,
8,0,50,RL_adaptive,2.2576365091813777,2.2640194526358832,0.006382943454505519,0.9999898145427953,1.018545720465891e-05,4,22,22,2,26,24,0.9999898145427953
8,0,100,Z_only,2.2576365091813777,2.6060659992754056,0.3484294900940279,0.9699550392737722,0.030044960726227754,7,93,0,0,100,0,
8,0,100,ZX_split,2.2576365091813777,2.0899424410414196,0.16769406813995813,0.992986134599101,0.007013865400898989,13,37,46,4,50,50,
8,0,100,RL_adaptive,2.2576365091813777,2.348320637168244,0.09068412798686643,0.9979455057587232,0.002054494241276794,11,53,30,6,64,36,0.9979455057587232
8,0,250,Z_only,2.2576365091813777,2.174870089165889,0.0827664200154885,0.9982884073383292,0.0017115926616707577,54,196,0,0,250,0,
8,0,250,ZX_split,2.2576365091813777,2.344567107235961,0.08693059805458336,0.9981119572136108,0.0018880427863892102,20,105,106,19,125,125,
8,0,250,RL_adaptive,2.2576365091813777,2.254304167695618,0.00333234148575956,0.9999972238776245,2.7761223755362607e-06,20,110,111,9,130,120,0.9999972238776245
8,0,500,Z_only,2.2576365091813777,2.2549275815611507,0.0027089276202270085,0.9999981654289091,1.834571090930659e-06,92,408,0,0,500,0,
8,0,500,ZX_split,2.2576365091813777,2.273510505642865,0.015873996461487128,0.9999370053819034,6.299461809655682e-05,42,208,223,27,250,250,
8,0,500,RL_adaptive,2.2576365091813777,2.1948647590287638,0.06277175015261394,0.9990152502595867,0.0009847497404132932,53,205,220,22,258,242,0.9990152502595867
8,1,10,Z_only,2.2576365091813777,3.141592653589793,0.8839561444084154,0.8170485059007093,0.18295149409929068,0,10,0,0,10,0,
8,1,10,ZX_split,2.2576365091813777,1.8925468811915387,0.365089627989839,0.9670458823824933,0.03295411761750666,2,3,4,1,5,5,
8,1,10,RL_adaptive,2.2576365091813777,2.111215827065481,0.14642068211589665,0.9946498147761598,0.005350185223840231,1,4,5,0,5,5,0.9946498147761598
8,1,25,Z_only,2.2576365091813777,1.8545904360032244,0.40304607317815333,0.9599352630061435,0.04006473699385649,9,16,0,0,25,0,
8,1,25,ZX_split,2.2576365091813777,2.448369527748807,0.1907330185674292,0.9909327671148178,0.009067232885182186,1,11,11,2,12,13,
8,1,25,RL_adaptive,2.2576365091813777,2.288501467498376,0.030864958316998425,0.9997618574933748,0.0002381425066252385,2,12,10,1,14,11,0.9997618574933748
8,1,50,Z_only,2.2576365091813777,2.498091544796509,0.24045503561513115,0.9856148555667829,0.014385144433217145,5,45,0,0,50,0,
8,1,50,ZX_split,2.2576365091813777,2.356194490192345,0.09855798101096713,0.9975735461978453,0.002426453802154671,2,23,23,2,25,25,
8,1,50,RL_adaptive,2.2576365091813777,2.1481664196376293,0.10947008954374837,0.9970070655347469,0.002992934465253061,7,20,20,3,27,23,0.9970070655347469
8,1,100,Z_only,2.2576365091813777,2.2142974355881813,0.04333907359319644,0.9995305046687132,0.00046949533128681775,20,80,0,0,100,0,
8,1,100,ZX_split,2.2576365091813777,2.2142974355881813,0.04333907359319644,0.9995305046687132,0.00046949533128681775,10,40,45,5,50,50,
8,1,100,RL_adaptive,2.2576365091813777,2.1801825790669636,0.07745393011441415,0.9985009718053794,0.0014990281946205553,15,50,31,4,65,35,0.9985009718053794
8,1,250,Z_only,2.2576365091813777,2.244647490415026,0.012989018766351723,0.9999578219408812,4.217805911876926e-05,47,203,0,0,250,0,
8,1,250,ZX_split,2.2576365091813777,2.3874343236226134,0.12979781444123573,0.9957940417995703,0.0042059582004296825,13,112,109,16,125,125,
8,1,250,RL_adaptive,2.2576365091813777,2.2068718294986476,0.05076467968273013,0.9993558751706393,0.0006441248293607149,25,105,110,10,130,120,0.9993558751706393
8,1,500,Z_only,2.2576365091813777,2.2549275815611507,0.0027089276202270085,0.9999981654289091,1.834571090930659e-06,92,408,0,0,500,0,
8,1,500,ZX_split,2.2576365091813777,2.2597207150097582,0.0020842058283805365,0.9999989140219092,1.08597809078681e-06,55,195,210,40,250,250,
8,1,500,RL_adaptive,2.2576365091813777,2.3065031282527304,0.0488666190713527,0.9994031321733508,0.00059686782664925,46,209,209,36,255,245,0.9994031321733508
8,2,10,Z_only,2.2576365091813777,3.141592653589793,0.8839561444084154,0.8170485059007093,0.18295149409929068,0,10,0,0,10,0,
8,2,10,ZX_split,2.2576365091813777,2.356194490192345,0.09855798101096713,0.9975735461978453,0.002426453802154671,1,4,4,1,5,5,
8,2,10,RL_adaptive,2.2576365091813777,2.5535900500422257,0.295953540860848,0.9782622375273081,0.02173776247269188,0,4,5,1,4,6,0.9782622375273081
8,2,25,Z_only,2.2576365091813777,2.02639500019072,0.23124150899065787,0.9866913042776679,0.013308695722332065,7,18,0,0,25,0,
8,2,25,ZX_split,2.2576365091813777,2.5679259854216325,0.3102894762402548,0.9761226113793526,0.023877388620647366,1,11,10,3,12,13,
8,2,25,RL_adaptive,2.2576365091813777,2.288501467498376,0.030864958316998425,0.9997618574933748,0.0002381425066252385,2,12,10,1,14,11,0.9997618574933748
8,2,50,Z_only,2.2576365091813777,2.0714510391994847,0.186185469981893,0.9913587484541273,0.008641251545872697,13,37,0,0,50,0,
8,2,50,ZX_split,2.2576365091813777,2.2390857456254807,0.01855076355589702,0.9999139697600538,8.603023994624426e-05,5,20,22,3,25,25,
8,2,50,RL_adaptive,2.2576365091813777,2.1628365934612512,0.09479991572012647,0.9977549261283971,0.0022450738716028873,6,21,21,2,27,23,0.9977549261283971
8,2,100,Z_only,2.2576365091813777,2.3745986457279264,0.11696213654654875,0.9965838617567329,0.0034161382432671417,14,86,0,0,100,0,
8,2,100,ZX_split,2.2576365091813777,2.356194490192345,0.09855798101096713,0.9975735461978453,0.002426453802154671,11,39,39,11,50,50,
8,2,100,RL_adaptive,2.2576365091813777,2.206755152461218,0.05088135672015959,0.9993529115072739,0.0006470884927261,11,53,34,2,64,36,0.9993529115072739
8,2,250,Z_only,2.2576365091813777,2.351810434018338,0.09417392483696041,0.997784456117909,0.002215543882090998,37,213,0,0,250,0,
8,2,250,ZX_split,2.2576365091813777,2.3228734943140976,0.06523698513271992,0.998936411230429,0.0010635887695710222,19,106,109,16,125,125,
8,2,250,RL_adaptive,2.2576365091813777,2.1632236802267752,0.09441282895460246,0.9977732092636519,0.0022267907363481276,30,100,108,12,130,120,0.9977732092636519
8,2,500,Z_only,2.2576365091813777,2.260100014668522,0.0024635054871442463,0.9999984827859458,1.5172140541697132e-06,91,409,0,0,500,0,
8,2,500,ZX_split,2.2576365091813777,2.2318394956455836,0.02579701353579411,0.9998336377494431,0.00016636225055688403,48,202,224,26,250,250,
8,2,500,RL_adaptive,2.2576365091813777,2.3121543907584865,0.054517881577108795,0.9992571341698814,0.000742865830118622,36,217,220,27,253,247,0.9992571341698814
8,3,10,Z_only,2.2576365091813777,1.9823131728623844,0.2753233363189933,0.9811686731668529,0.018831326833147144,3,7,0,0,10,0,
8,3,10,ZX_split,2.2576365091813777,2.819842099193151,0.5622055900117733,0.923040736100718,0.07695926389928198,1,4,3,2,5,5,
8,3,10,RL_adaptive,2.2576365091813777,2.111215827065481,0.14642068211589665,0.9946498147761598,0.005350185223840231,1,4,5,0,5,5,0.9946498147761598
8,3,25,Z_only,2.2576365091813777,2.5680795491666966,0.31044303998531886,0.9760991616260998,0.023900838373900224,2,23,0,0,25,0,
8,3,25,ZX_split,2.2576365091813777,2.3191743743184148,0.06153786513703707,0.9990535715150208,0.0009464284849791671,3,9,10,3,12,13,
8,3,25,RL_adaptive,2.2576365091813777,2.302482760889112,0.044846251707734375,0.9994972876894238,0.0005027123105761921,3,11,9,2,14,11,0.9994972876894238
8,3,50,Z_only,2.2576365091813777,2.117647277490841,0.1399892316905369,0.9951087493993338,0.004891250600666197,12,38,0,0,50,0,
8,3,50,ZX_split,2.2576365091813777,2.5213431676069717,0.26370665842559404,0.9827152158807324,0.017284784119267593,2,23,20,5,25,25,
8,3,50,RL_adaptive,2.2576365091813777,1.9208412150400425,0.33679529414133524,0.9719092753150507,0.02809072468494933,9,18,22,1,27,23,0.9719092753150507
8,3,100,Z_only,2.2576365091813777,2.165182126795959,0.09245438238541892,0.9978645685504531,0.002135431449546865,22,78,0,0,100,0,
8,3,100,ZX_split,2.2576365091813777,2.38321493937961,0.12557843019823212,0.9960626928085595,0.003937307191440476,6,44,43,7,50,50,
8,3,100,RL_adaptive,2.2576365091813777,2.3021929898163767,0.04455648063499895,0.9995037621141001,0.0004962378858999195,10,55,31,4,65,35,0.9995037621141001
8,3,250,Z_only,2.2576365091813777,2.363138713434175,0.10550220425279733,0.9972199013673803,0.002780098632619743,36,214,0,0,250,0,
8,3,250,ZX_split,2.2576365091813777,2.2917676507667912,0.03413114158541353,0.9997087945647785,0.0002912054352215421,19,106,112,13,125,125,
8,3,250,RL_adaptive,2.2576365091813777,2.2396704882720413,0.01796602090933641,0.9999193076936806,8.069230631935209e-05,32,99,98,21,131,119,0.9999193076936806
8,3,500,Z_only,2.2576365091813777,2.318558961454817,0.06092245227343929,0.9990724006577377,0.0009275993422622753,80,420,0,0,500,0,
8,3,500,ZX_split,2.2576365091813777,2.185459278717062,0.07217723046431557,0.9986981771574145,0.0013018228425855094,53,197,227,23,250,250,
8,3,500,RL_adaptive,2.2576365091813777,2.367054184900221,0.1094176757188432,0.9970099279985872,0.002990072001412769,37,216,209,38,253,247,0.9970099279985872
8,4,10,Z_only,2.2576365091813777,2.2142974355881813,0.04333907359319644,0.9995305046687132,0.00046949533128681775,2,8,0,0,10,0,
8,4,10,ZX_split,2.2576365091813777,2.601173153319209,0.34353664413783136,0.9707846734529532,0.029215326547046838,0,5,4,1,5,5,
8,4,10,RL_adaptive,2.2576365091813777,2.819842099193151,0.5622055900117733,0.923040736100718,0.07695926389928198,0,4,4,2,4,6,0.923040736100718
8,4,25,Z_only,2.2576365091813777,2.4341094418104503,0.1764729326290726,0.9922345106219311,0.007765489378068868,3,22,0,0,25,0,
8,4,25,ZX_split,2.2576365091813777,2.647651284670212,0.39001477548883434,0.962451721143335,0.03754827885666501,0,12,10,3,12,13,
8,4,25,RL_adaptive,2.2576365091813777,2.180456193506978,0.07718031567439976,0.998511538810492,0.0014884611895079614,3,11,10,1,14,11,0.998511538810492
8,4,50,Z_only,2.2576365091813777,2.318558961454817,0.06092245227343929,0.9990724006577377,0.0009275993422622753,8,42,0,0,50,0,
8,4,50,ZX_split,2.2576365091813777,2.356194490192345,0.09855798101096713,0.9975735461978453,0.002426453802154671,2,23,23,2,25,25,
8,4,50,RL_adaptive,2.2576365091813777,2.2220492183003877,0.03558729088099,0.9996834195952972,0.00031658040470283755,5,22,21,2,27,23,0.9996834195952972
8,4,100,Z_only,2.2576365091813777,2.165182126795959,0.09245438238541892,0.9978645685504531,0.002135431449546865,22,78,0,0,100,0,
8,4,100,ZX_split,2.2576365091813777,2.3036114285814033,0.04597491940002563,0.9994716697670449,0.0005283302329550654,7,43,45,5,50,50,
8,4,100,RL_adaptive,2.2576365091813777,2.152858406164069,0.1047781030173085,0.9972578973296433,0.002742102670356683,16,49,31,4,65,35,0.9972578973296433
8,4,250,Z_only,2.2576365091813777,2.1459932064098513,0.11164330277152645,0.9968871784953913,0.003112821504608676,57,193,0,0,250,0,
8,4,250,ZX_split,2.2576365091813777,2.2840308612326874,0.02639435205130969,0.9998258446559148,0.00017415534408515843,24,101,107,18,125,125,
8,4,250,RL_adaptive,2.2576365091813777,2.3042182246234337,0.046581715442056026,0.9994576340286077,0.0005423659713923445,24,106,102,18,130,120,0.9994576340286077
8,4,500,Z_only,2.2576365091813777,2.244647490415026,0.012989018766351723,0.9999578219408812,4.217805911876926e-05,94,406,0,0,500,0,
8,4,500,ZX_split,2.2576365091813777,2.298120330629391,0.04048382144801321,0.9995903210080935,0.0004096789919064703,44,206,216,34,250,250,
8,4,500,RL_adaptive,2.2576365091813777,2.317240035545819,0.05960352636444144,0.9991121178139959,0.0008878821860041075,42,212,212,34,254,246,0.9991121178139959
9,0,10,Z_only,2.460878653088123,2.498091544796509,0.03721289170838604,0.999653840122271,0.00034615987772901313,1,9,0,0,10,0,
9,0,10,ZX_split,2.460878653088123,2.9441970937399127,0.48331844065178986,0.942728827496229,0.057271172503771006,0,5,3,2,5,5,
9,0,10,RL_adaptive,2.460878653088123,2.356194490192345,0.10468416289577798,0.997262807569403,0.002737192430597002,0,4,6,0,4,6,0.997262807569403
9,0,25,Z_only,2.460878653088123,2.5680795491666966,0.10720089607857375,0.997129742307948,0.0028702576920519585,2,23,0,0,25,0,
9,0,25,ZX_split,2.460878653088123,2.5679259854216325,0.10704733233350971,0.9971379517755804,0.0028620482244196,1,11,10,3,12,13,
9,0,25,RL_adaptive,2.460878653088123,2.180456193506978,0.28042245958114487,0.9804693017309578,0.01953069826904219,3,11,10,1,14,11,0.9804693017309578
9,0,50,Z_only,2.460878653088123,2.6466585272488974,0.18577987416077457,0.9913962482917951,0.008603751708204932,3,47,0,0,50,0,
9,0,50,ZX_split,2.460878653088123,2.505084437801842,0.044205784713719165,0.9995115417006893,0.0004884582993106568,1,24,21,4,25,25,
9,0,50,RL_adaptive,2.460878653088123,2.474286518611439,0.013407865523316076,0.9999550579588057,4.4942041194317994e-05,2,24,20,4,26,24,0.9999550579588057
9,0,100,Z_only,2.460878653088123,2.6466585272488974,0.18577987416077457,0.9913962482917951,0.008603751708204932,6,94,0,0,100,0,
9,0,100,ZX_split,2.460878653088123,2.4416997838705496,0.01917886921757317,0.9999080455625615,9.195443743847953e-05,6,44,41,9,50,50,
9,0,100,RL_adaptive,2.460878653088123,2.4789672075785587,0.018088554490435893,0.9999182032794433,8.179672055674825e-05,8,54,30,8,62,38,0.9999182032794433
9,0,250,Z_only,2.460878653088123,2.3861964905524307,0.07468216253569215,0.998606291605817,0.0013937083941829576,34,216,0,0,250,0,
9,0,250,ZX_split,2.460878653088123,2.5022067479036205,0.04132809481549771,0.9995730579184164,0.00042694208158355895,4,121,106,19,125,125,
9,0,250,RL_adaptive,2.460878653088123,2.474286518611439,0.013407865523316076,0.9999550579588057,4.4942041194317994e-05,10,120,100,20,130,120,0.9999550579588057
9,0,500,Z_only,2.460878653088123,2.3920492112470826,0.06882944184104023,0.9988160944899444,0.0011839055100556495,67,433,0,0,500,0,
9,0,500,ZX_split,2.460878653088123,2.464342306345008,0.0034636532568850242,0.9999970007795274,2.999220472643671e-06,28,222,203,47,250,250,
9,0,500,RL_adaptive,2.460878653088123,2.3906476925193934,0.07023096056872946,0.9987674098037749,0.0012325901962251251,31,220,212,37,251,249,0.9987674098037749
9,1,10,Z_only,2.460878653088123,2.498091544796509,0.03721289170838604,0.999653840122271,0.00034615987772901313,1,9,0,0,10,0,
9,1,10,ZX_split,2.460878653088123,2.356194490192345,0.10468416289577798,0.997262807569403,0.002737192430597002,1,4,4,1,5,5,
9,1,10,RL_adaptive,2.460878653088123,2.214297435588181,0.246581217499942,0.98487628901745,0.015123710982550054,1,3,5,1,4,6,0.98487628901745
9,1,25,Z_only,2.460878653088123,2.4341094418104503,0.02676921127767251,0.9998208630295998,0.0001791369704001733,3,22,0,0,25,0,
9,1,25,ZX_split,2.460878653088123,2.448369527748807,0.012509125339315919,0.9999608809559217,3.9119044078272935e-05,1,11,11,2,12,13,
9,1,25,RL_adaptive,2.460878653088123,2.647651284670212,0.18677263158208923,0.9913043185321697,0.008695681467830285,0,12,10,3,12,13,0.9913043185321697
9,1,50,Z_only,2.460878653088123,2.498091544796509,0.03721289170838604,0.999653840122271,0.00034615987772901313,5,45,0,0,50,0,
9,1,50,ZX_split,2.460878653088123,2.4917222041778455,0.0308435510897227,0.9997621876929997,0.00023781230700026246,0,25,22,3,25,25,
9,1,50,RL_adaptive,2.460878653088123,1.9543238427518885,0.5065548103362343,0.9372105940408734,0.06278940595912663,9,18,21,2,27,23,0.9372105940408734
9,1,100,Z_only,2.460878653088123,2.4038666851365442,0.05701196795157859,0.9991876289551703,0.0008123710448296739,13,87,0,0,100,0,
9,1,100,ZX_split,2.460878653088123,2.480549484739106,0.019670831650983267,0.9999032677147455,9.673228525453048e-05,7,43,39,11,50,50,
9,1,100,RL_adaptive,2.460878653088123,2.53741770780909,0.07653905472096723,0.9985361581114698,0.0014638418885302151,5,57,30,8,62,38,0.9985361581114698
9,1,250,Z_only,2.460878653088123,2.4098333146881594,0.05104533839996339,0.9993487347881621,0.0006512652118378925,32,218,0,0,250,0,
9,1,250,ZX_split,2.460878653088123,2.482107115878143,0.02122846279002033,0.9998873423227314,0.00011265767726864606,18,107,97,28,125,125,
9,1,250,RL_adaptive,2.460878653088123,2.3823556329792734,0.07852302010884937,0.9984593257047967,0.0015406742952033259,22,109,97,22,131,119,0.9984593257047967
9,1,500,Z_only,2.460878653088123,2.4038666851365442,0.05701196795157859,0.9991876289551703,0.0008123710448296739,65,435,0,0,500,0,
9,1,500,ZX_split,2.460878653088123,2.5371209509464663,0.07624229785834347,0.9985474818193238,0.0014525181806761545,28,222,192,58,250,250,
9,1,500,RL_adaptive,2.460878653088123,2.443278297458071,0.01760035563005191,0.9999225588695493,7.744113045071721e-05,34,218,200,48,252,248,0.9999225588695493
9,2,10,Z_only,2.460878653088123,2.2142974355881813,0.24658121749994155,0.98487628901745,0.015123710982550054,2,8,0,0,10,0,
9,2,10,ZX_split,2.460878653088123,2.9441970937399127,0.48331844065178986,0.942728827496229,0.057271172503771006,0,5,3,2,5,5,
9,2,10,RL_adaptive,2.460878653088123,2.819842099193151,0.35896344610502817,0.9681307360284188,0.031869263971581185,0,4,4,2,4,6,0.9681307360284188
9,2,25,Z_only,2.460878653088123,2.5680795491666966,0.10720089607857375,0.997129742307948,0.0028702576920519585,2,23,0,0,25,0,
9,2,25,ZX_split,2.460878653088123,2.1962813670341257,0.2645972860539971,0.9825989485673567,0.017401051432643255,3,9,11,2,12,13,
9,2,25,RL_adaptive,2.460878653088123,2.474286518611439,0.013407865523316076,0.9999550579588057,4.4942041194317994e-05,1,12,10,2,13,12,0.9999550579588057
9,2,50,Z_only,2.460878653088123,2.117647277490841,0.343231375597282,0.9708360616670823,0.02916393833291775,12,38,0,0,50,0,
9,2,50,ZX_split,2.460878653088123,2.356194490192345,0.10468416289577798,0.997262807569403,0.002737192430597002,3,22,22,3,25,25,
9,2,50,RL_adaptive,2.460878653088123,2.427501954977635,0.03337669811048771,0.9997215248591182,0.00027847514088175096,3,23,20,4,26,24,0.9997215248591182
9,2,100,Z_only,2.460878653088123,2.5680795491666966,0.10720089607857375,0.997129742307948,0.0028702576920519585,8,92,0,0,100,0,
9,2,100,ZX_split,2.460878653088123,2.473303234759209,0.012424581671086177,0.9999614079390335,3.8592060966458064e-05,6,44,40,10,50,50,
9,2,100,RL_adaptive,2.460878653088123,2.6305594207536216,0.16968076766549878,0.992819362582387,0.0071806374176129895,4,57,29,10,61,39,0.992819362582387
9,2,250,Z_only,2.460878653088123,2.525253363883374,0.06437471079525103,0.9989643318862733,0.0010356681137266843,23,227,0,0,250,0,
9,2,250,ZX_split,2.460878653088123,2.5762561928259102,0.11537753973778742,0.9966756960416061,0.0033243039583938927,16,109,92,33,125,125,
9,2,250,RL_adaptive,2.460878653088123,2.477259235784333,0.016380582696210233,0.9999329206275674,6.707937243255468e-05,17,114,94,25,131,119,0.9999329206275674
9,2,500,Z_only,2.460878653088123,2.518366986932443,0.057488333844320394,0.9991740003933094,0.0008259996066906083,47,453,0,0,500,0,
9,2,500,ZX_split,2.460878653088123,2.501504500828047,0.04062584773992439,0.9995874418710764,0.00041255812892360133,31,219,195,55,250,250,
9,2,500,RL_adaptive,2.460878653088123,2.4605076251860396,0.0003710279020832097,0.9999999655845745,3.441542550941534e-08,22,226,210,42,248,252,0.9999999655845745
9,3,10,Z_only,2.460878653088123,2.498091544796509,0.03721289170838604,0.999653840122271,0.00034615987772901313,1,9,0,0,10,0,
9,3,10,ZX_split,2.460878653088123,2.9441970937399127,0.48331844065178986,0.942728827496229,0.057271172503771006,0,5,3,2,5,5,
9,3,10,RL_adaptive,2.460878653088123,3.141592653589793,0.6807140005016703,0.8885617810262386,0.11143821897376138,0,4,3,3,4,6,0.8885617810262386
9,3,25,Z_only,2.460878653088123,2.4341094418104503,0.02676921127767251,0.9998208630295998,0.0001791369704001733,3,22,0,0,25,0,
9,3,25,ZX_split,2.460878653088123,2.3373288041706743,0.12354984891744847,0.9961887105502801,0.003811289449719868,2,10,11,2,12,13,
9,3,25,RL_adaptive,2.460878653088123,2.302482760889112,0.15839589219901073,0.9937407883482913,0.006259211651708729,3,11,9,2,14,11,0.9937407883482913
9,3,50,Z_only,2.460878653088123,2.3745986457279264,0.08628000736019636,0.9981400943107087,0.0018599056892912857,7,43,0,0,50,0,
9,3,50,ZX_split,2.460878653088123,2.5415424401880395,0.08066378709991673,0.9983742201807605,0.0016257798192395034,3,22,19,6,25,25,
9,3,50,RL_adaptive,2.460878653088123,2.227428840591288,0.23344981249683494,0.9864370614795706,0.013562938520429446,4,23,22,1,27,23,0.9864370614795706
9,3,100,Z_only,2.460878653088123,2.5322073455589984,0.07132869247087559,0.998728593598012,0.0012714064019879734,9,91,0,0,100,0,
9,3,100,ZX_split,2.460878653088123,2.587285157388242,0.12640650430011924,0.9960106651645053,0.0039893348354946845,4,46,38,12,50,50,
9,3,100,RL_adaptive,2.460878653088123,2.3021929898163767,0.15868566327174616,0.9937179141888445,0.0062820858111555244,10,55,31,4,65,35,0.9937179141888445
9,3,250,Z_only,2.460878653088123,2.4848742888410893,0.023995635752966482,0.999856059273044,0.00014394072695600446,26,224,0,0,250,0,
9,3,250,ZX_split,2.460878653088123,2.452283205709712,0.008595447378410892,0.9999815296848098,1.8470315190199926e-05,17,108,100,25,125,125,
9,3,250,RL_adaptive,2.460878653088123,2.538696900450252,0.07781824736212917,0.998486843924667,0.0015131560753329776,14,118,91,27,132,118,0.998486843924667
9,3,500,Z_only,2.460878653088123,2.5607489819004416,0.09987032881231883,0.9975085512151948,0.002491448784805228,41,459,0,0,500,0,
9,3,500,ZX_split,2.460878653088123,2.4235083659850503,0.03737028710307255,0.999650906040221,0.00034909395977900104,30,220,208,42,250,250,
9,3,500,RL_adaptive,2.460878653088123,2.4726072466994546,0.011728593611331828,0.9999656104171966,3.438958280344018e-05,26,223,204,47,249,251,0.9999656104171966
9,4,10,Z_only,2.460878653088123,2.498091544796509,0.03721289170838604,0.999653840122271,0.00034615987772901313,1,9,0,0,10,0,
9,4,10,ZX_split,2.460878653088123,2.111215827065481,0.34966282602264176,0.9697441378329281,0.03025586216707188,1,4,5,0,5,5,
9,4,10,RL_adaptive,2.460878653088123,2.111215827065481,0.34966282602264176,0.9697441378329281,0.03025586216707188,1,4,5,0,5,5,0.9697441378329281
9,4,25,Z_only,2.460878653088123,2.7388768120091314,0.27799815892100854,0.9808033661901825,0.01919663380981751,1,24,0,0,25,0,
9,4,25,ZX_split,2.460878653088123,2.439335722080786,0.02154293100733673,0.9998839800180596,0.00011601998194044061,0,12,12,1,12,13,
9,4,25,RL_adaptive,2.460878653088123,2.288501467498376,0.17237718558974668,0.9925899023360373,0.0074100976639627225,2,12,10,1,14,11,0.9925899023360373
9,4,50,Z_only,2.460878653088123,2.6466585272488974,0.18577987416077457,0.9913962482917951,0.008603751708204932,3,47,0,0,50,0,
9,4,50,ZX_split,2.460878653088123,2.461071428922579,0.00019277583445598268,0.9999999907093693,9.290630709202219e-09,2,23,21,4,25,25,
9,4,50,RL_adaptive,2.460878653088123,2.2579205369363358,0.20295811615178705,0.9897373018664005,0.01026269813359948,5,21,21,3,26,24,0.9897373018664005
9,4,100,Z_only,2.460878653088123,2.498091544796509,0.03721289170838604,0.999653840122271,0.00034615987772901313,10,90,0,0,100,0,
9,4,100,ZX_split,2.460878653088123,2.356194490192345,0.10468416289577798,0.997262807569403,0.002737192430597002,7,43,43,7,50,50,
9,4,100,RL_adaptive,2.460878653088123,2.491226664079656,0.03034801099153306,0.9997697672284274,0.000230232771572636,8,55,29,8,63,37,0.9997697672284274
9,4,250,Z_only,2.460878653088123,2.446508799260021,0.014369853828101853,0.9999483777135508,5.1622286449171106e-05,29,221,0,0,250,0,
9,4,250,ZX_split,2.460878653088123,2.4629301628414804,0.00205150975335755,0.999998947827302,1.0521726979684232e-06,16,109,100,25,125,125,
9,4,250,RL_adaptive,2.460878653088123,2.550467499691278,0.08958884660315514,0.997994801350146,0.0020051986498540453,16,116,89,29,132,118,0.997994801350146
9,4,500,Z_only,2.460878653088123,2.3688518420263978,0.09202681106172506,0.9978842603155811,0.002115739684418916,71,429,0,0,500,0,
9,4,500,ZX_split,2.460878653088123,2.454775003831148,0.006103649256974819,0.9999906863953515,9.313604648508722e-06,25,225,207,43,250,250,
9,4,500,RL_adaptive,2.460878653088123,2.5363831297909734,0.07550447670285054,0.9985754454657447,0.0014245545342552735,23,225,197,55,248,252,0.9985754454657447
10,0,10,Z_only,5.012959803423769,1.1592794807274087,2.429504984483226,0.12150029442734435,0.8784997055726557,7,3,0,0,10,0,
10,0,10,ZX_split,5.012959803423769,5.497787143782138,0.48482734035836916,0.942377715644859,0.05762228435514105,5,0,0,5,5,5,
10,0,10,RL_adaptive,5.012959803423769,5.034139534781332,0.021179731357563014,0.9998878589370288,0.00011214106297119386,4,2,0,4,6,4,0.9998878589370288
10,0,25,Z_only,5.012959803423769,0.9272952180016121,2.1975207217574297,0.20675258846938685,0.7932474115306132,20,5,0,0,25,0,
10,0,25,ZX_split,5.012959803423769,4.877537657799317,0.1354221456244522,0.9954222131013053,0.004577786898694702,7,5,0,13,12,13,
10,0,25,RL_adaptive,5.012959803423769,5.3003915839322575,0.2874317805084887,0.9794875513080561,0.020512448691943908,10,2,0,13,12,13,0.9794875513080561
10,0,50,Z_only,5.012959803423769,1.2450668395002664,2.5152923432560836,0.09489918695078173,0.9051008130492183,33,17,0,0,50,0,
10,0,50,ZX_split,5.012959803423769,4.9853976834714,0.02756211995236857,0.9998100944085283,0.00018990559147169517,16,9,0,25,25,25,
10,0,50,RL_adaptive,5.012959803423769,4.943877736731532,0.06908206669223649,0.9988073914222452,0.0011926085777548279,17,11,1,21,28,22,0.9988073914222452
10,0,100,Z_only,5.012959803423769,1.1373510067250108,2.407576510480828,0.12875492197327498,0.871245078026725,71,29,0,0,100,0,
10,0,100,ZX_split,5.012959803423769,5.1584945293280935,0.1455347259043247,0.994714250282668,0.005285749717331978,36,14,2,48,50,50,
10,0,100,RL_adaptive,5.012959803423769,5.146194704718386,0.13323490129461746,0.9955686763261861,0.004431323673813936,46,18,1,35,64,36,0.9955686763261861
10,0,250,Z_only,5.012959803423769,1.3366630473416072,2.6068885510974247,0.06979027384757214,0.9302097261524278,154,96,0,0,250,0,
10,0,250,ZX_split,5.012959803423769,4.971394779555718,0.04156502386805094,0.9995681493770205,0.0004318506229794572,78,47,4,121,125,125,
10,0,250,RL_adaptive,5.012959803423769,4.923443400073329,0.08951640335043987,0.9979980407579802,0.002001959242019846,94,62,2,92,156,94,0.9979980407579802
10,0,500,Z_only,5.012959803423769,1.30362933406684,2.5738548378226573,0.07844021648522964,0.9215597835147704,316,184,0,0,500,0,
10,0,500,ZX_split,5.012959803423769,5.029089072672259,0.016129269248490452,0.9999349630783602,6.503692163983832e-05,164,86,6,244,250,250,
10,0,500,RL_adaptive,5.012959803423769,4.862136707848997,0.15082309557477203,0.9943238705724832,0.0056761294275168295,163,122,5,210,285,215,0.9943238705724832
10,1,10,Z_only,5.012959803423769,1.7721542475852272,3.042379751341045,0.0024587821431237373,0.9975412178568762,4,6,0,0,10,0,
10,1,10,ZX_split,5.012959803423769,4.171969480114106,0.8409903233096632,0.8333625306094772,0.16663746939052282,1,4,0,5,5,5,
10,1,10,RL_adaptive,5.012959803423769,4.3906384259880475,0.6223213774357212,0.9062637315262713,0.09373626847372873,2,4,0,4,6,4,0.9062637315262713
10,1,25,Z_only,5.012959803423769,1.2870022175865687,2.557227721342386,0.08296869911922902,0.917031300880771,16,9,0,0,25,0,
10,1,25,ZX_split,5.012959803423769,5.407127256581393,0.3941674531576238,0.9616583076441877,0.03834169235581231,11,1,0,13,12,13,
10,1,25,RL_adaptive,5.012959803423769,4.939187828438575,0.07377197498519372,0.9986400408705168,0.001359959129483168,8,5,0,12,13,12,0.9986400408705168
10,1,50,Z_only,5.012959803423769,1.369438406004566,2.639663909760383,0.06167187945588294,0.9383281205441171,30,20,0,0,50,0,
10,1,50,ZX_split,5.012959803423769,5.126895854969476,0.11393605154570707,0.996758153299169,0.0032418467008310525,18,7,0,25,25,25,
10,1,50,RL_adaptive,5.012959803423769,4.883124191859972,0.12983561156379686,0.9957915953354555,0.0042084046645445294,17,12,0,21,29,21,0.9957915953354555
10,1,100,Z_only,5.012959803423769,1.266103672779499,2.5363291765353164,0.08882389333577478,0.9111761066642252,65,35,0,0,100,0,
10,1,100,ZX_split,5.012959803423769,5.100707698557156,0.08774789513338721,0.9980763115178314,0.0019236884821686173,34,16,3,47,50,50,
10,1,100,RL_adaptive,5.012959803423769,4.971159872348387,0.04179993107538138,0.9995632550373916,0.0004367449626083708,43,25,0,32,68,32,0.9995632550373916
10,1,250,Z_only,5.012959803423769,1.2534989386827573,2.5237244424385747,0.09244237467196136,0.9075576253280386,164,86,0,0,250,0,
10,1,250,ZX_split,5.012959803423769,4.906495078415016,0.10646472500875248,0.9971689911602526,0.0028310088397474065,74,51,4,121,125,125,
10,1,250,RL_adaptive,5.012959803423769,5.0846189564833475,0.0716591530595787,0.9987167906970164,0.0012832093029836456,102,49,5,94,151,99,0.9987167906970164
10,1,500,Z_only,5.012959803423769,1.2408418089659805,2.511067312721798,0.09614105249653028,0.9038589475034697,331,169,0,0,500,0,
10,1,500,ZX_split,5.012959803423769,5.0856908711973485,0.07273106777357974,0.9986781308021593,0.0013218691978407193,172,78,5,245,250,250,
10,1,500,RL_adaptive,5.012959803423769,5.0278118675235515,0.01485206409978268,0.9999448550616782,5.5144938321816106e-05,187,101,9,203,288,212,0.9999448550616782
10,2,10,Z_only,5.012959803423769,0.9272952180016121,2.1975207217574297,0.20675258846938685,0.7932474115306132,8,2,0,0,10,0,
10,2,10,ZX_split,5.012959803423769,4.90978454023457,0.10317526318919867,0.9973410762392845,0.002658923760715526,3,2,0,5,5,5,
10,2,10,RL_adaptive,5.012959803423769,4.71238898038469,0.3005708230390791,0.97758382187469,0.02241617812531005,3,3,0,4,6,4,0.97758382187469
10,2,25,Z_only,5.012959803423769,1.6910862091896848,2.961311712945502,0.008103321360577625,0.9918966786394223,11,14,0,0,25,0,
10,2,25,ZX_split,5.012959803423769,4.547240302970063,0.465719500453706,0.9467493469341491,0.05325065306585086,5,7,0,13,12,13,
10,2,25,RL_adaptive,5.012959803423769,4.379144679273017,0.6338151241507521,0.9028869864438412,0.09711301355615876,5,8,2,10,13,12,0.9028869864438412
10,2,50,Z_only,5.012959803423769,1.2870022175865687,2.557227721342386,0.08296869911922902,0.917031300880771,32,18,0,0,50,0,
10,2,50,ZX_split,5.012959803423769,5.290290917346935,0.27733111392316623,0.9808947882018003,0.019105211798199684,20,5,1,24,25,25,
10,2,50,RL_adaptive,5.012959803423769,4.883124191859972,0.12983561156379686,0.9957915953354555,0.0042084046645445294,17,12,0,21,29,21,0.9957915953354555
10,2,100,Z_only,5.012959803423769,1.2025284333582564,2.472753937114074,0.10772886100425386,0.8922711389957462,68,32,0,0,100,0,
10,2,100,ZX_split,5.012959803423769,4.9786410295356145,0.0343187738881543,0.9997055843377686,0.0002944156622314287,31,19,3,47,50,50,
10,2,100,RL_adaptive,5.012959803423769,4.980520405419629,0.032439398004139974,0.9997369444335957,0.00026305556640426886,41,25,2,32,66,34,0.9997369444335957
10,2,250,Z_only,5.012959803423769,1.3119142931291623,2.58213979688498,0.07622719042699473,0.9237728095730052,157,93,0,0,250,0,
10,2,250,ZX_split,5.012959803423769,4.947621363428958,0.06533843999481093,0.998933101704797,0.0010668982952030115,77,48,2,123,125,125,
10,2,250,RL_adaptive,5.012959803423769,5.094796288723113,0.08183648529934384,0.9983266316395963,0.0016733683604036598,106,47,2,95,153,97,0.9983266316395963
10,2,500,Z_only,5.012959803423769,1.2619077527493214,2.532133256505139,0.09002120406112578,0.9099787959388742,326,174,0,0,500,0,
10,2,500,ZX_split,5.012959803423769,4.987490356051873,0.02546944737189616,0.9998378355791671,0.00016216442083294424,160,90,1,249,250,250,
10,2,500,RL_adaptive,5.012959803423769,4.883651457765204,0.12930834565856486,0.9958256592753303,0.004174340724669712,166,119,5,210,285,215,0.9958256592753303
10,3,10,Z_only,5.012959803423769,1.5707963267948966,2.841021830550714,0.022416178125309976,0.9775838218746901,5,5,0,0,10,0,
10,3,10,ZX_split,5.012959803423769,5.497787143782138,0.48482734035836916,0.942377715644859,0.05762228435514105,5,0,0,5,5,5,
10,3,10,RL_adaptive,5.012959803423769,4.3906384259880475,0.6223213774357212,0.9062637315262713,0.09373626847372873,2,4,0,4,6,4,0.9062637315262713
10,3,25,Z_only,5.012959803423769,1.2870022175865687,2.557227721342386,0.08296869911922902,0.917031300880771,16,9,0,0,25,0,
10,3,25,ZX_split,5.012959803423769,5.497787143782138,0.48482734035836916,0.942377715644859,0.05762228435514105,12,0,0,13,12,13,
10,3,25,RL_adaptive,5.012959803423769,5.079562814202909,0.06660301077913999,0.9988914196313085,0.0011085803686915474,9,4,0,12,13,12,0.9988914196313085
10,3,50,Z_only,5.012959803423769,1.2025284333582564,2.472753937114074,0.10772886100425386,0.8922711389957462,34,16,0,0,50,0,
10,3,50,ZX_split,5.012959803423769,5.0078298175284095,0.00512998589535929,0.9999934208256068,6.579174393173126e-06,16,9,1,24,25,25,
10,3,50,RL_adaptive,5.012959803423769,4.9492377413316095,0.06372206209215925,0.9989852181473167,0.001014781852683333,18,11,0,21,29,21,0.9989852181473167
10,3,100,Z_only,5.012959803423769,1.2238794292677349,2.4941049330235523,0.10119915897438955,0.8988008410256104,67,33,0,0,100,0,
10,3,100,ZX_split,5.012959803423769,5.0853767021847505,0.07241689876098167,0.9986895210455937,0.00131047895440628,34,16,2,48,50,50,
10,3,100,RL_adaptive,5.012959803423769,5.19205105608755,0.17909125266378112,0.992002989586983,0.007997010413017036,47,16,1,36,63,37,0.992002989586983
10,3,250,Z_only,5.012959803423769,1.2366106560566172,2.5068361598124347,0.09739194249028194,0.9026080575097181,166,84,0,0,250,0,
10,3,250,ZX_split,5.012959803423769,4.916133661268546,0.09682614215522278,0.9976580051492516,0.0023419948507483745,75,50,2,123,125,125,
10,3,250,RL_adaptive,5.012959803423769,5.028862759903411,0.015902956479641794,0.9999367753263,6.322467370001306e-05,103,53,1,93,156,94,0.9999367753263
10,3,500,Z_only,5.012959803423769,1.270294063310217,2.5405195670660348,0.08763538519798675,0.9123646148020133,324,176,0,0,500,0,
10,3,500,ZX_split,5.012959803423769,5.004591486879438,0.008368316544331122,0.9999824929217203,1.7507078279743737e-05,162,88,2,248,250,250,
10,3,500,RL_adaptive,5.012959803423769,5.041947284777349,0.02898748135357998,0.9997899461903762,0.00021005380962380027,190,98,7,205,288,212,0.9997899461903762
10,4,10,Z_only,5.012959803423769,1.5707963267948966,2.841021830550714,0.022416178125309976,0.9775838218746901,5,5,0,0,10,0,
10,4,10,ZX_split,5.012959803423769,5.252808480655274,0.23984867723150494,0.9856869667751357,0.014313033224864324,4,1,0,5,5,5,
10,4,10,RL_adaptive,5.012959803423769,4.3906384259880475,0.6223213774357212,0.9062637315262713,0.09373626847372873,2,4,0,4,6,4,0.9062637315262713
10,4,25,Z_only,5.012959803423769,1.0239453760989525,2.2941708798547698,0.16904103946176696,0.830958960538233,19,6,0,0,25,0,
10,4,25,ZX_split,5.012959803423769,4.877537657799317,0.1354221456244522,0.9954222131013053,0.004577786898694702,7,5,0,13,12,13,
10,4,25,RL_adaptive,5.012959803423769,5.3003915839322575,0.2874317805084887,0.9794875513080561,0.020512448691943908,10,2,0,13,12,13,0.9794875513080561
10,4,50,Z_only,5.012959803423769,0.9272952180016121,2.1975207217574297,0.20675258846938685,0.7932474115306132,40,10,0,0,50,0,
10,4,50,ZX_split,5.012959803423769,5.0078298175284095,0.00512998589535929,0.9999934208256068,6.579174393173126e-06,16,9,1,24,25,25,
10,4,50,RL_adaptive,5.012959803423769,4.9492377413316095,0.06372206209215925,0.9989852181473167,0.001014781852683333,18,11,0,21,29,21,0.9989852181473167
10,4,100,Z_only,5.012959803423769,1.369438406004566,2.639663909760383,0.06167187945588294,0.9383281205441171,60,40,0,0,100,0,
10,4,100,ZX_split,5.012959803423769,4.854286034988854,0.1586737684349151,0.9937188539680697,0.006281146031930307,28,22,4,46,50,50,
10,4,100,RL_adaptive,5.012959803423769,5.0430678689611685,0.030108065537399753,0.999773393216346,0.00022660678365404863,45,22,0,33,67,33,0.999773393216346
10,4,250,Z_only,5.012959803423769,1.3284304757559333,2.5986559795117508,0.07190243238294533,0.9280975676170546,155,95,0,0,250,0,
10,4,250,ZX_split,5.012959803423769,5.057944560966401,0.044984757542632536,0.9994941782054519,0.0005058217945480559,85,40,0,125,125,125,
10,4,250,RL_adaptive,5.012959803423769,4.96151949804512,0.051440305378648965,0.9993386196051004,0.0006613803948996022,97,59,2,92,156,94,0.9993386196051004
10,4,500,Z_only,5.012959803423769,1.2281295708067301,2.4983550745625474,0.09992095496069084,0.9000790450393091,334,166,0,0,500,0,
10,4,500,ZX_split,5.012959803423769,4.959279687070564,0.053680116353204355,0.9992797842470993,0.0007202157529007103,156,94,2,248,250,250,
10,4,500,RL_adaptive,5.012959803423769,5.0189390639911995,0.0059792605674307,0.9999910621373952,8.937862604807556e-06,187,101,6,206,288,212,0.9999910621373952
11,0,10,Z_only,2.799688844347783,2.498091544796509,0.3015972995512741,0.9774316181633221,0.022568381836677864,1,9,0,0,10,0,
11,0,10,ZX_split,2.799688844347783,2.601173153319209,0.19851569102857392,0.9901801923875168,0.009819807612483245,0,5,4,1,5,5,
11,0,10,RL_adaptive,2.799688844347783,2.819842099193151,0.020153254845368007,0.9998984650164215,0.00010153498357845514,0,4,4,2,4,6,0.9998984650164215
11,0,25,Z_only,2.799688844347783,3.141592653589793,0.34190380924201014,0.971059030801014,0.028940969198986033,0,25,0,0,25,0,
11,0,25,ZX_split,2.799688844347783,2.774418819771574,0.02527002457620897,0.9998403649596513,0.00015963504034866016,0,12,9,4,12,13,
11,0,25,RL_adaptive,2.799688844347783,2.9147938055359073,0.1151049611881243,0.9966913674467249,0.0033086325532750704,0,12,8,5,12,13,0.9966913674467249
11,0,50,Z_only,2.799688844347783,2.7388768120091314,0.06081203233865162,0.9990757590615883,0.0009242409384117023,2,48,0,0,50,0,
11,0,50,ZX_split,2.799688844347783,2.9441970937399127,0.1445082493921297,0.99478842023459,0.005211579765409979,0,25,15,10,25,25,
11,0,50,RL_adaptive,2.799688844347783,2.662073361597197,0.137615482750586,0.9952729618584198,0.004727038141580153,0,25,19,6,25,25,0.9952729618584198
11,0,100,Z_only,2.799688844347783,2.7934266323168324,0.006262212030950565,0.9999901962071581,9.803792841878156e-06,3,97,0,0,100,0,
11,0,100,ZX_split,2.799688844347783,2.8461518164460733,0.04646297209829031,0.9994603951416912,0.0005396048583088398,2,48,32,18,50,50,
11,0,100,RL_adaptive,2.799688844347783,2.6274749184755612,0.17221392587222173,0.9926038973154104,0.007396102684589567,5,57,28,10,62,38,0.9926038973154104
11,0,250,Z_only,2.799688844347783,2.9220630693398637,0.12237422499208073,0.9962608071021536,0.0037391928978464106,3,247,0,0,250,0,
11,0,250,ZX_split,2.799688844347783,2.8867523772217925,0.08706353287400947,0.9981061820353545,0.0018938179646454945,3,122,78,47,125,125,
11,0,250,RL_adaptive,2.799688844347783,2.8156001328831564,0.01591128853537338,0.9999367090595789,6.329094042112349e-05,2,129,79,40,131,119,0.9999367090595789
11,0,500,Z_only,2.799688844347783,2.8879309175143377,0.08824207316655475,0.9980545969723358,0.0019454030276642165,8,492,0,0,500,0,
11,0,500,ZX_split,2.799688844347783,2.8305943729842524,0.030905528636469448,0.9997612310808777,0.0002387689191223341,13,237,161,89,250,250,
11,0,500,RL_adaptive,2.799688844347783,2.8184132371322903,0.018724392784507327,0.999912351839566,8.764816043405066e-05,7,233,171,89,240,260,0.999912351839566
11,1,10,Z_only,2.799688844347783,3.141592653589793,0.34190380924201014,0.971059030801014,0.028940969198986033,0,10,0,0,10,0,
11,1,10,ZX_split,2.799688844347783,2.601173153319209,0.19851569102857392,0.9901801923875168,0.009819807612483245,0,5,4,1,5,5,
11,1,10,RL_adaptive,2.799688844347783,3.4633432079864352,0.6636543636386523,0.8938732048171475,0.1061267951828525,0,4,2,4,4,6,0.8938732048171475
11,1,25,Z_only,2.799688844347783,3.141592653589793,0.34190380924201014,0.971059030801014,0.028940969198986033,0,25,0,0,25,0,
11,1,25,ZX_split,2.799688844347783,2.9147938055359073,0.1151049611881243,0.9966913674467249,0.0033086325532750704,0,12,8,5,12,13,
11,1,25,RL_adaptive,2.799688844347783,3.218364544859571,0.41867570051178804,0.9568140682201435,0.04318593177985652,0,12,6,7,12,13,0.9568140682201435
11,1,50,Z_only,2.799688844347783,2.5680795491666966,0.23160929518108642,0.9866491256091449,0.013350874390855139,4,46,0,0,50,0,
11,1,50,ZX_split,2.799688844347783,2.796037073008081,0.003651771339701959,0.9999966661452255,3.3338547744676816e-06,0,25,17,8,25,25,
11,1,50,RL_adaptive,2.799688844347783,2.8685839505030826,0.06889510615529959,0.9988138353793877,0.0011861646206122733,0,25,16,9,25,25,0.9988138353793877
11,1,100,Z_only,2.799688844347783,2.9412578112666736,0.14156896691889065,0.994997919492956,0.005002080507043982,1,99,0,0,100,0,
11,1,100,ZX_split,2.799688844347783,2.969401839066854,0.1697129947190712,0.9928166412721035,0.007183358727896549,2,48,29,21,50,50,
11,1,100,RL_adaptive,2.799688844347783,2.531371484715507,0.2683173596322761,0.9821091724425897,0.017890827557410338,3,59,31,7,62,38,0.9821091724425897
11,1,250,Z_only,2.799688844347783,2.7818856540048365,0.01780319034294653,0.9999207636962888,7.923630371120538e-05,8,242,0,0,250,0,
11,1,250,ZX_split,2.799688844347783,2.8248925613022235,0.02520371695444057,0.9998412015692794,0.00015879843072064137,3,122,82,43,125,125,
11,1,250,RL_adaptive,2.799688844347783,2.6857429866255647,0.11394585772221832,0.9967575958446377,0.003242404155362255,6,125,86,33,131,119,0.9967575958446377
11,1,500,Z_only,2.799688844347783,2.7934266323168324,0.006262212030950565,0.9999901962071581,9.803792841878156e-06,15,485,0,0,500,0,
11,1,500,ZX_split,2.799688844347783,2.804136584362012,0.004447740014228874,0.9999950544103445,4.94558965546954e-06,11,239,165,85,250,250,
11,1,500,RL_adaptive,2.799688844347783,2.810942176096012,0.011253331748228845,0.9999683409652449,3.16590347551049e-05,8,233,171,88,241,259,0.9999683409652449
11,2,10,Z_only,2.799688844347783,2.498091544796509,0.3015972995512741,0.9774316181633221,0.022568381836677864,1,9,0,0,10,0,
11,2,10,ZX_split,2.799688844347783,2.356194490192345,0.44349435415543814,0.9516288795873996,0.04837112041260039,0,5,5,0,5,5,
11,2,10,RL_adaptive,2.799688844347783,2.819842099193151,0.020153254845368007,0.9998984650164215,0.00010153498357845514,0,4,4,2,4,6,0.9998984650164215
11,2,25,Z_only,2.799688844347783,3.141592653589793,0.34190380924201014,0.971059030801014,0.028940969198986033,0,25,0,0,25,0,
11,2,25,ZX_split,2.799688844347783,2.5679259854216325,0.23176285892615045,0.9866314950419504,0.013368504958049643,1,11,10,3,12,13,
11,2,25,RL_adaptive,2.799688844347783,2.774418819771574,0.02527002457620897,0.9998403649596513,0.00015963504034866016,0,12,9,4,12,13,0.9998403649596513
11,2,50,Z_only,2.799688844347783,3.141592653589793,0.34190380924201014,0.971059030801014,0.028940969198986033,0,50,0,0,50,0,
11,2,50,ZX_split,2.799688844347783,2.796037073008081,0.003651771339701959,0.9999966661452255,3.3338547744676816e-06,0,25,17,8,25,25,
11,2,50,RL_adaptive,2.799688844347783,2.4917222041778455,0.30796664016993747,0.9764759473498412,0.023524052650158778,0,25,22,3,25,25,0.9764759473498412
11,2,100,Z_only,2.799688844347783,2.9412578112666736,0.14156896691889065,0.994997919492956,0.005002080507043982,1,99,0,0,100,0,
11,2,100,ZX_split,2.799688844347783,2.782821983319221,0.016866861028562052,0.9999288789358933,7.112106410667174e-05,1,49,34,16,50,50,
11,2,100,RL_adaptive,2.799688844347783,2.6344941491974563,0.1651946951503267,0.9931931787592947,0.0068068212407053075,3,57,30,10,60,40,0.9931931787592947
11,2,250,Z_only,2.799688844347783,2.857798544381465,0.0581097000336821,0.9991560532128119,0.0008439467871881323,5,245,0,0,250,0,
11,2,250,ZX_split,2.799688844347783,2.8412292120448805,0.04154036769709757,0.9995686614948037,0.00043133850519627703,6,119,80,45,125,125,
11,2,250,RL_adaptive,2.799688844347783,2.807055827777823,0.007366983430039831,0.9999864319501498,1.3568049850198882e-05,6,127,77,40,133,117,0.9999864319501498
11,2,500,Z_only,2.799688844347783,2.84384609351452,0.0441572491667368,0.9995126135389498,0.0004873864610501766,11,489,0,0,500,0,
11,2,500,ZX_split,2.799688844347783,2.862144889463421,0.06245604511563796,0.9990251275640308,0.0009748724359691652,10,240,158,92,250,250,
11,2,500,RL_adaptive,2.799688844347783,2.909904304649977,0.11021546030219387,0.9969662110098625,0.0030337889901375092,5,234,160,101,239,261,0.9969662110098625
11,3,10,Z_only,2.799688844347783,2.498091544796509,0.3015972995512741,0.9774316181633221,0.022568381836677864,1,9,0,0,10,0,
11,3,10,ZX_split,2.799688844347783,2.601173153319209,0.19851569102857392,0.9901801923875168,0.009819807612483245,0,5,4,1,5,5,
11,3,10,RL_adaptive,2.799688844347783,2.5535900500422257,0.24609879430555726,0.9849351099353707,0.0150648900646293,0,4,5,1,4,6,0.9849351099353707
11,3,25,Z_only,2.799688844347783,2.7388768120091314,0.06081203233865162,0.9990757590615883,0.0009242409384117023,1,24,0,0,25,0,
11,3,25,ZX_split,2.799688844347783,2.618314331457818,0.1813745128899651,0.991798342514246,0.008201657485753966,2,10,9,4,12,13,
11,3,25,RL_adaptive,2.799688844347783,2.9147938055359073,0.1151049611881243,0.9966913674467249,0.0033086325532750704,0,12,8,5,12,13,0.9966913674467249
11,3,50,Z_only,2.799688844347783,3.141592653589793,0.34190380924201014,0.971059030801014,0.028940969198986033,0,50,0,0,50,0,
11,3,50,ZX_split,2.799688844347783,3.185043548981324,0.3853547046335408,0.9633325809036294,0.03666741909637061,1,24,12,13,25,25,
11,3,50,RL_adaptive,2.799688844347783,2.4927795097682117,0.30690933457957126,0.9766359270603693,0.02336407293963072,3,23,19,5,26,24,0.9766359270603693
11,3,100,Z_only,2.799688844347783,2.857798544381465,0.0581097000336821,0.9991560532128119,0.0008439467871881323,2,98,0,0,100,0,
11,3,100,ZX_split,2.799688844347783,2.9441970937399127,0.1445082493921297,0.99478842023459,0.005211579765409979,0,50,30,20,50,50,
11,3,100,RL_adaptive,2.799688844347783,2.578598028028704,0.2210908163190788,0.9878294101715808,0.012170589828419232,2,59,31,8,61,39,0.9878294101715808
11,3,250,Z_only,2.799688844347783,2.7818856540048365,0.01780319034294653,0.9999207636962888,7.923630371120538e-05,8,242,0,0,250,0,
11,3,250,ZX_split,2.799688844347783,2.694892574395392,0.104796269952391,0.9972569472395874,0.0027430527604126453,3,122,91,34,125,125,
11,3,250,RL_adaptive,2.799688844347783,2.7355839059054876,0.06410493844229537,0.9989729909920305,0.0010270090079694816,2,128,85,35,130,120,0.9989729909920305
11,3,500,Z_only,2.799688844347783,2.7492084883263517,0.050480356021431305,0.9993630686871083,0.0006369313128916643,19,481,0,0,500,0,
11,3,500,ZX_split,2.799688844347783,2.8068558162729786,0.007166971925195664,0.9999871586833228,1.2841316677225656e-05,10,240,165,85,250,250,
11,3,500,RL_adaptive,2.799688844347783,2.775799290604773,0.02388955374301016,0.9998573290910023,0.00014267090899766632,15,229,171,85,244,256,0.9998573290910023
11,4,10,Z_only,2.799688844347783,3.141592653589793,0.34190380924201014,0.971059030801014,0.028940969198986033,0,10,0,0,10,0,
11,4,10,ZX_split,2.799688844347783,2.601173153319209,0.19851569102857392,0.9901801923875168,0.009819807612483245,0,5,4,1,5,5,
11,4,10,RL_adaptive,2.799688844347783,2.819842099193151,0.020153254845368007,0.9998984650164215,0.00010153498357845514,0,4,4,2,4,6,0.9998984650164215
11,4,25,Z_only,2.799688844347783,3.141592653589793,0.34190380924201014,0.971059030801014,0.028940969198986033,0,25,0,0,25,0,
11,4,25,ZX_split,2.799688844347783,3.064820762320015,0.26513191797223223,0.9825289709722138,0.01747102902778619,0,12,7,6,12,13,
11,4,25,RL_adaptive,2.799688844347783,2.647651284670212,0.15203755967757093,0.9942322682594879,0.00576773174051215,0,12,10,3,12,13,0.9942322682594879
11,4,50,Z_only,2.799688844347783,2.857798544381465,0.0581097000336821,0.9991560532128119,0.0008439467871881323,1,49,0,0,50,0,
11,4,50,ZX_split,2.799688844347783,2.5636907166275473,0.23599812772023565,0.9861407249474571,0.013859275052542919,1,24,20,5,25,25,
11,4,50,RL_adaptive,2.799688844347783,2.7270857790050074,0.07260306534277561,0.9986827774907397,0.0013172225092602519,0,25,18,7,25,25,0.9986827774907397
11,4,100,Z_only,2.799688844347783,2.9412578112666736,0.14156896691889065,0.994997919492956,0.005002080507043982,1,99,0,0,100,0,
11,4,100,ZX_split,2.799688844347783,3.0981417581982624,0.29845291385047945,0.9778962704374081,0.02210372956259188,2,48,26,24,50,50,
11,4,100,RL_adaptive,2.799688844347783,2.843837492785021,0.04414864843723798,0.9995128033510479,0.0004871966489521373,2,56,27,15,58,42,0.9995128033510479
11,4,250,Z_only,2.799688844347783,2.8305010517978317,0.030812207450048756,0.9997626707454492,0.0002373292545507777,6,244,0,0,250,0,
11,4,250,ZX_split,2.799688844347783,2.7711002478832194,0.028588596464563576,0.9997956869541696,0.00020431304583035104,2,123,86,39,125,125,
11,4,250,RL_adaptive,2.799688844347783,2.908010711029717,0.10832186668193389,0.9970694604696448,0.0029305395303551585,2,131,72,45,133,117,0.9970694604696448
11,4,500,Z_only,2.799688844347783,2.8053468649973605,0.005658020649577544,0.9999919967219333,8.00327806671497e-06,14,486,0,0,500,0,
11,4,500,ZX_split,2.799688844347783,2.7874344967335656,0.012254347614217398,0.9999624582109422,3.754178905779337e-05,6,244,169,81,250,250,
11,4,500,RL_adaptive,2.799688844347783,2.845180599850699,0.045491755502915954,0.9994827142647753,0.0005172857352246929,3,235,170,92,238,262,0.9994827142647753
12,0,10,Z_only,1.2645887333022219,0.9272952180016121,0.3372935153006098,0.971826894636948,0.028173105363051953,8,2,0,0,10,0,
12,0,10,ZX_split,1.2645887333022219,1.0303768265243125,0.23421190677790937,0.9863487706412203,0.013651229358779715,4,1,5,0,5,5,
12,0,10,RL_adaptive,1.2645887333022219,1.2490457723982544,0.015542960903967451,0.9999396053074632,6.0394692536824834e-05,3,2,4,1,5,5,0.9999396053074632
12,0,25,Z_only,1.2645887333022219,1.2025284333582564,0.06206029994396545,0.9990374387927221,0.00096256120727789,17,8,0,0,25,0,
12,0,25,ZX_split,1.2645887333022219,1.2490457723982544,0.015542960903967451,0.9999396053074632,6.0394692536824834e-05,8,4,13,0,12,13,
12,0,25,RL_adaptive,1.2645887333022219,1.5042281630190728,0.23963942971685093,0.9857118101056066,0.0142881898943934,8,7,10,0,15,10,0.9857118101056066
12,0,50,Z_only,1.2645887333022219,1.2870022175865687,0.022413484284346863,0.9998744141881764,0.00012558581182364748,32,18,0,0,50,0,
12,0,50,ZX_split,1.2645887333022219,1.4288992721907328,0.16431053888851088,0.9932656832409122,0.006734316759087755,14,11,23,2,25,25,
12,0,50,RL_adaptive,1.2645887333022219,1.0855191535772613,0.17906957972496063,0.9920049198306166,0.00799508016938344,20,7,22,1,27,23,0.9920049198306166
12,0,100,Z_only,1.2645887333022219,1.4505064444001083,0.18591771109788646,0.9913835134836901,0.008616486516309863,56,44,0,0,100,0,
12,0,100,ZX_split,1.2645887333022219,1.3654009376051293,0.10081220430290738,0.9974613759831424,0.0025386240168575602,30,20,49,1,50,50,
12,0,100,RL_adaptive,1.2645887333022219,1.1955255039389392,0.06906322936328269,0.9988080414771483,0.0011919585228516993,46,20,34,0,66,34,0.9988080414771483
12,0,250,Z_only,1.2645887333022219,1.2870022175865687,0.022413484284346863,0.9998744141881764,0.00012558581182364748,160,90,0,0,250,0,
12,0,250,ZX_split,1.2645887333022219,1.2637505947761059,0.0008381385261160279,0.999999824380963,1.7561903697949077e-07,82,43,124,1,125,125,
12,0,250,RL_adaptive,1.2645887333022219,1.204162902013751,0.0604258312884709,0.9990874574414215,0.000912542558578533,84,39,124,3,123,127,0.9990874574414215
12,0,500,Z_only,1.2645887333022219,1.270294063310217,0.005705330007995224,0.9999918623244489,8.137675551078694e-06,324,176,0,0,500,0,
12,0,500,ZX_split,1.2645887333022219,1.1789429189731648,0.08564581432905705,0.998167319290434,0.0018326807095659925,175,75,246,4,250,250,
12,0,500,RL_adaptive,1.2645887333022219,1.2672983087939054,0.0027095754916834913,0.9999981645512863,1.8354487136829079e-06,184,100,210,6,284,216,0.9999981645512863
12,1,10,Z_only,1.2645887333022219,0.9272952180016121,0.3372935153006098,0.971826894636948,0.028173105363051953,8,2,0,0,10,0,
12,1,10,ZX_split,1.2645887333022219,1.2490457723982544,0.015542960903967451,0.9999396053074632,6.0394692536824834e-05,3,2,4,1,5,5,
12,1,10,RL_adaptive,1.2645887333022219,1.7681918866447774,0.5036031533425556,0.9379247126003564,0.06207528739964363,2,3,5,0,5,5,0.9379247126003564
12,1,25,Z_only,1.2645887333022219,1.0239453760989525,0.24064335720326935,0.9855924230715604,0.014407576928439636,19,6,0,0,25,0,
12,1,25,ZX_split,1.2645887333022219,1.5707963267948966,0.3062075934926747,0.9767418125413645,0.023258187458635504,6,6,13,0,12,13,
12,1,25,RL_adaptive,1.2645887333022219,1.3979357200077516,0.1333469867055297,0.9955612284406525,0.004438771559347465,8,6,10,1,14,11,0.9955612284406525
12,1,50,Z_only,1.2645887333022219,1.369438406004566,0.10484967270234402,0.9972541534449922,0.002745846555007758,30,20,0,0,50,0,
12,1,50,ZX_split,1.2645887333022219,1.5120405040791738,0.2474517707769519,0.9847698586130003,0.01523014138699974,13,12,21,4,25,25,
12,1,50,RL_adaptive,1.2645887333022219,0.9994588469612699,0.265129886340952,0.9825292371520731,0.017470762847926924,23,5,22,0,28,22,0.9825292371520731
12,1,100,Z_only,1.2645887333022219,1.1151976533990733,0.1493910799031486,0.994430945251216,0.005569054748783997,72,28,0,0,100,0,
12,1,100,ZX_split,1.2645887333022219,1.3156139361740782,0.0510252028718563,0.999349248376209,0.0006507516237910238,31,19,48,2,50,50,
12,1,100,RL_adaptive,1.2645887333022219,1.312025434831199,0.047436701528977165,0.9994375453204125,0.0005624546795874874,40,24,35,1,64,36,0.9994375453204125
12,1,250,Z_only,1.2645887333022219,1.3857419318694046,0.12115319856718276,0.9963349618934645,0.003665038106535512,148,102,0,0,250,0,
12,1,250,ZX_split,1.2645887333022219,1.2589956927910595,0.005593040511162384,0.9999921794948469,7.820505153133261e-06,82,43,123,2,125,125,
12,1,250,RL_adaptive,1.2645887333022219,1.3540921827664387,0.08950344946421684,0.9979986197348284,0.002001380265171604,75,49,123,3,124,126,0.9979986197348284
12,1,500,Z_only,1.2645887333022219,1.2828330039201725,0.018244270617950642,0.9999167889555329,8.321104446706862e-05,321,179,0,0,500,0,
12,1,500,ZX_split,1.2645887333022219,1.2870022175865687,0.022413484284346863,0.9998744141881764,0.00012558581182364748,160,90,245,5,250,250,
12,1,500,RL_adaptive,1.2645887333022219,1.2571528760364798,0.00743585726574203,0.9999861770703722,1.3822929627815839e-05,187,98,211,4,285,215,0.9999861770703722
12,2,10,Z_only,1.2645887333022219,0.9272952180016121,0.3372935153006098,0.971826894636948,0.028173105363051953,8,2,0,0,10,0,
12,2,10,ZX_split,1.2645887333022219,1.7681918866447774,0.5036031533425556,0.9379247126003564,0.06207528739964363,2,3,5,0,5,5,
12,2,10,RL_adaptive,1.2645887333022219,2.111215827065481,0.8466270937632592,0.8312566926499719,0.16874330735002807,1,4,5,0,5,5,0.8312566926499719
12,2,25,Z_only,1.2645887333022219,1.2025284333582564,0.06206029994396545,0.9990374387927221,0.00096256120727789,17,8,0,0,25,0,
12,2,25,ZX_split,1.2645887333022219,1.1071487177940904,0.15744001550813147,0.9938159500814763,0.006184049918523726,9,3,13,0,12,13,
12,2,25,RL_adaptive,1.2645887333022219,1.0882830317724197,0.17630570152980218,0.9922491831496641,0.007750816850335851,10,4,10,1,14,11,0.9922491831496641
12,2,50,Z_only,1.2645887333022219,1.1592794807274087,0.10530925257481316,0.9972300516534879,0.002769948346512119,35,15,0,0,50,0,
12,2,50,ZX_split,1.2645887333022219,0.9025069079643125,0.36208182533790934,0.9675807113483957,0.03241928865160426,20,5,22,3,25,25,
12,2,50,RL_adaptive,1.2645887333022219,1.2277723863741932,0.03681634692802871,0.9996611774235479,0.00033882257645212466,19,9,22,0,28,22,0.9996611774235479
12,2,100,Z_only,1.2645887333022219,1.369438406004566,0.10484967270234402,0.9972541534449922,0.002745846555007758,60,40,0,0,100,0,
12,2,100,ZX_split,1.2645887333022219,1.373400766945016,0.10881203364279401,0.9970429047434942,0.0029570952565057818,30,20,50,0,50,50,
12,2,100,RL_adaptive,1.2645887333022219,1.1930296688550752,0.07155906444714666,0.9987203712632398,0.001279628736760241,44,19,37,0,63,37,0.9987203712632398
12,2,250,Z_only,1.2645887333022219,1.3201811137071813,0.055592380404959396,0.9992275707745032,0.0007724292254968068,156,94,0,0,250,0,
12,2,250,ZX_split,1.2645887333022219,1.2830132850766773,0.018424551774455455,0.9999151363736979,8.486362630211186e-05,81,44,125,0,125,125,
12,2,250,RL_adaptive,1.2645887333022219,1.2974988329245152,0.0329100996222933,0.9997292557733869,0.0002707442266131066,78,46,121,5,124,126,0.9997292557733869
12,2,500,Z_only,1.2645887333022219,1.2619077527493214,0.002680980552900447,0.9999982030868949,1.7969131050898923e-06,326,174,0,0,500,0,
12,2,500,ZX_split,1.2645887333022219,1.298101990249229,0.03351325694700713,0.999719241681214,0.0002807583187860452,158,92,243,7,250,250,
12,2,500,RL_adaptive,1.2645887333022219,1.2248246073937044,0.03976412590851752,0.9996047556563596,0.0003952443436403552,191,94,209,6,285,215,0.9996047556563596
12,3,10,Z_only,1.2645887333022219,0.9272952180016121,0.3372935153006098,0.971826894636948,0.028173105363051953,8,2,0,0,10,0,
12,3,10,ZX_split,1.2645887333022219,1.373400766945016,0.10881203364279401,0.9970429047434942,0.0029570952565057818,3,2,5,0,5,5,
12,3,10,RL_adaptive,1.2645887333022219,0.7853981633974483,0.4791905699047736,0.9436842050655726,0.0563157949344274,4,0,6,0,4,6,0.9436842050655726
12,3,25,Z_only,1.2645887333022219,0.8230336921349761,0.44155504116724575,0.9520441080851039,0.04795589191489613,21,4,0,0,25,0,
12,3,25,ZX_split,1.2645887333022219,0.982793723247329,0.2817950100548928,0.9802789145600035,0.01972108543999651,10,2,13,0,12,13,
12,3,25,RL_adaptive,1.2645887333022219,1.2924966677897853,0.027907934487563457,0.9998052994355748,0.00019470056442516537,9,5,11,0,14,11,0.9998052994355748
12,3,50,Z_only,1.2645887333022219,1.410105673842986,0.14551694054076414,0.9947155398346837,0.0052844601653162515,29,21,0,0,50,0,
12,3,50,ZX_split,1.2645887333022219,1.4410937896389844,0.1765050563367625,0.9922316905748493,0.007768309425150721,14,11,24,1,25,25,
12,3,50,RL_adaptive,1.2645887333022219,1.449698649718141,0.18510991641591912,0.9914580129744277,0.008541987025572295,15,12,22,1,27,23,0.9914580129744277
12,3,100,Z_only,1.2645887333022219,1.3489818562981022,0.08439312299588031,0.9982205067327604,0.0017794932672395847,61,39,0,0,100,0,
12,3,100,ZX_split,1.2645887333022219,1.2870022175865687,0.022413484284346863,0.9998744141881764,0.00012558581182364748,32,18,49,1,50,50,
12,3,100,RL_adaptive,1.2645887333022219,1.0460712015593663,0.2185175317428556,0.9881099476652274,0.011890052334772583,48,14,37,1,62,38,0.9881099476652274
12,3,250,Z_only,1.2645887333022219,1.2025284333582564,0.06206029994396545,0.9990374387927221,0.00096256120727789,170,80,0,0,250,0,
12,3,250,ZX_split,1.2645887333022219,1.396124127786657,0.13153539448443508,0.9956808427368431,0.004319157263156903,73,52,122,3,125,125,
12,3,250,RL_adaptive,1.2645887333022219,1.146063768775786,0.1185249645264359,0.9964920677504039,0.003507932249596113,88,35,124,3,123,127,0.9964920677504039
12,3,500,Z_only,1.2645887333022219,1.3077741238864276,0.043185390584205674,0.9995338279668262,0.00046617203317378397,315,185,0,0,500,0,
12,3,500,ZX_split,1.2645887333022219,1.2515902961687344,0.012998437133487473,0.9999577607527531,4.22392472468891e-05,164,86,243,7,250,250,
12,3,500,RL_adaptive,1.2645887333022219,1.1897907229167435,0.0747980103854784,0.9986019663961191,0.0013980336038809105,196,90,206,8,286,214,0.9986019663961191
12,4,10,Z_only,1.2645887333022219,1.5707963267948966,0.3062075934926747,0.9767418125413645,0.023258187458635504,5,5,0,0,10,0,
12,4,10,ZX_split,1.2645887333022219,1.0303768265243125,0.23421190677790937,0.9863487706412203,0.013651229358779715,4,1,5,0,5,5,
12,4,10,RL_adaptive,1.2645887333022219,0.7853981633974483,0.4791905699047736,0.9436842050655726,0.0563157949344274,4,0,6,0,4,6,0.9436842050655726
12,4,25,Z_only,1.2645887333022219,1.1151976533990733,0.1493910799031486,0.994430945251216,0.005569054748783997,18,7,0,0,25,0,
12,4,25,ZX_split,1.2645887333022219,1.1220729827841756,0.14251575051804632,0.9949309036913937,0.005069096308606302,8,4,11,2,12,13,
12,4,25,RL_adaptive,1.2645887333022219,1.0516502125483738,0.21293852075384812,0.9887070646325392,0.011292935367460788,11,3,11,0,14,11,0.9887070646325392
12,4,50,Z_only,1.2645887333022219,1.410105673842986,0.14551694054076414,0.9947155398346837,0.0052844601653162515,29,21,0,0,50,0,
12,4,50,ZX_split,1.2645887333022219,1.5308176396716064,0.26622890636938457,0.9823849551240077,0.017615044875992303,13,12,25,0,25,25,
12,4,50,RL_adaptive,1.2645887333022219,1.2334423574204172,0.03114637588180469,0.9997574954227161,0.0002425045772839196,17,10,20,3,27,23,0.9997574954227161
12,4,100,Z_only,1.2645887333022219,1.2025284333582564,0.06206029994396545,0.9990374387927221,0.00096256120727789,68,32,0,0,100,0,
12,4,100,ZX_split,1.2645887333022219,1.2610933822524404,0.003495351049781492,0.9999969456333694,3.054366630617089e-06,33,17,50,0,50,50,
12,4,100,RL_adaptive,1.2645887333022219,1.2036224929766774,0.06096624032554443,0.9990710671664685,0.0009289328335314595,45,20,35,0,65,35,0.9990710671664685
12,4,250,Z_only,1.2645887333022219,1.270294063310217,0.005705330007995224,0.9999918623244489,8.137675551078694e-06,162,88,0,0,250,0,
12,4,250,ZX_split,1.2645887333022219,1.3117905276238684,0.047201794321646506,0.9994431010627287,0.0005568989372712885,78,47,121,4,125,125,
12,4,250,RL_adaptive,1.2645887333022219,1.2794850856613027,0.014896352359080822,0.9999445256974281,5.547430257191177e-05,80,44,124,2,124,126,0.9999445256974281
12,4,500,Z_only,1.2645887333022219,1.270294063310217,0.005705330007995224,0.9999918623244489,8.137675551078694e-06,324,176,0,0,500,0,
12,4,500,ZX_split,1.2645887333022219,1.23899585950522,0.025592873797001925,0.9998362601403967,0.00016373985960327353,166,84,244,6,250,250,
12,4,500,RL_adaptive,1.2645887333022219,1.3415303969272867,0.07694166362506483,0.9985207250937543,0.0014792749062456645,173,110,212,5,283,217,0.9985207250937543
13,0,10,Z_only,5.619824791153679,1.369438406004566,2.032798922030473,0.27712917698660683,0.7228708230133931,6,4,0,0,10,0,
13,0,10,ZX_split,5.619824791153679,5.497787143782138,0.12203764737154099,0.9962813218423736,0.003718678157626387,4,1,1,4,5,5,
13,0,10,RL_adaptive,5.619824791153679,5.497787143782138,0.12203764737154099,0.9962813218423736,0.003718678157626387,6,0,0,4,6,4,0.9962813218423736
13,0,25,Z_only,5.619824791153679,1.0239453760989525,1.6873058921248596,0.4418769242960727,0.5581230757039273,19,6,0,0,25,0,
13,0,25,ZX_split,5.619824791153679,6.0563864591257,0.436561667972021,0.9531054167998654,0.04689458320013462,12,0,5,8,12,13,
13,0,25,RL_adaptive,5.619824791153679,5.246097172023951,0.37372761912972763,0.9654864533609464,0.034513546639053594,9,3,1,12,12,13,0.9654864533609464
13,0,50,Z_only,5.619824791153679,0.283794109208328,0.9471546252342353,0.7919976017974286,0.20800239820257138,49,1,0,0,50,0,
13,0,50,ZX_split,5.619824791153679,5.662935821196765,0.04311103004308592,0.9995354317312116,0.000464568268788379,23,2,5,20,25,25,
13,0,50,RL_adaptive,5.619824791153679,5.555415571259612,0.0644092198940669,0.9989632215995654,0.0010367784004345904,24,4,4,18,28,22,0.9989632215995654
13,0,100,Z_only,5.619824791153679,0.7074832117793429,1.3708437278052505,0.599311437212942,0.400688562787058,88,12,0,0,100,0,
13,0,100,ZX_split,5.619824791153679,5.600868752304838,0.018956038848840784,0.9999101698377384,8.9830162261606e-05,41,9,12,38,50,50,
13,0,100,RL_adaptive,5.619824791153679,5.5536968332152075,0.06612795793847148,0.9989071716181999,0.0010928283818001372,50,7,7,36,57,43,0.9989071716181999
13,0,250,Z_only,5.619824791153679,0.5735131044230967,1.2368736204490043,0.6638757860294174,0.33612421397058256,230,20,0,0,250,0,
13,0,250,ZX_split,5.619824791153679,5.599705511263012,0.020119279890667308,0.9998988070576916,0.00010119294230837017,111,14,23,102,125,125,
13,0,250,RL_adaptive,5.619824791153679,5.589201525285075,0.030623265868603866,0.9997655722179707,0.0002344277820293117,115,18,23,94,133,117,0.9997655722179707
13,0,500,Z_only,5.619824791153679,0.6435011087932843,1.3068616248191915,0.6304405042971936,0.36955949570280644,450,50,0,0,500,0,
13,0,500,ZX_split,5.619824791153679,5.578420019727312,0.041404771426367226,0.9995714724517296,0.0004285275482703854,232,18,34,216,250,250,
13,0,500,RL_adaptive,5.619824791153679,5.665368551823651,0.04554376066997179,0.9994815310941295,0.0005184689058704839,269,24,42,165,293,207,0.9994815310941295
13,1,10,Z_only,5.619824791153679,0.9272952180016121,1.5906557340275196,0.49007094907680737,0.5099290509231926,8,2,0,0,10,0,
13,1,10,ZX_split,5.619824791153679,6.085789747329706,0.46596495617602685,0.946694220592742,0.053305779407258,5,0,2,3,5,5,
13,1,10,RL_adaptive,5.619824791153679,5.034139534781332,0.5856852563723471,0.9166667460126977,0.08333325398730229,4,2,0,4,6,4,0.9166667460126977
13,1,25,Z_only,5.619824791153679,0.40271584158066176,1.066076357606569,0.7417811727696543,0.2582188272303457,24,1,0,0,25,0,
13,1,25,ZX_split,5.619824791153679,5.337874020623919,0.28195077052976014,0.9802572517736864,0.01974274822631361,9,3,2,11,12,13,
13,1,25,RL_adaptive,5.619824791153679,5.460767027908208,0.15905776324547105,0.9936884802941035,0.006311519705896496,9,3,3,10,12,13,0.9936884802941035
13,1,50,Z_only,5.619824791153679,0.6435011087932843,1.3068616248191915,0.6304405042971936,0.36955949570280644,45,5,0,0,50,0,
13,1,50,ZX_split,5.619824791153679,5.630338676078812,0.010513884925132722,0.9999723648105168,2.7635189483232736e-05,21,4,6,19,25,25,
13,1,50,RL_adaptive,5.619824791153679,5.545370247059122,0.0744545440945572,0.9986147703093158,0.0013852296906842199,28,0,1,21,28,22,0.9986147703093158
13,1,100,Z_only,5.619824791153679,0.7953988301841436,1.4587593462100505,0.5559013704799131,0.44409862952008694,85,15,0,0,100,0,
13,1,100,ZX_split,5.619824791153679,5.705283370217341,0.08545857906366194,0.9981753187180039,0.0018246812819960878,48,2,10,40,50,50,
13,1,100,RL_adaptive,5.619824791153679,5.6240604697658245,0.004235678612145577,0.9999955147633792,4.4852366207770444e-06,51,5,8,36,56,44,0.9999955147633792
13,1,250,Z_only,5.619824791153679,0.6300466904458402,1.2934072064717475,0.6369227546937056,0.36307724530629437,226,24,0,0,250,0,
13,1,250,ZX_split,5.619824791153679,5.631810345362201,0.011985554208521876,0.9999640870525002,3.591294749982765e-05,113,12,24,101,125,125,
13,1,250,RL_adaptive,5.619824791153679,5.652437683238402,0.032612892084722844,0.9997341233842678,0.0002658766157321857,116,15,26,93,131,119,0.9997341233842678
13,1,500,Z_only,5.619824791153679,0.6824973172759718,1.3458578333018796,0.6115232027646093,0.38847679723539075,444,56,0,0,500,0,
13,1,500,ZX_split,5.619824791153679,5.631810345362201,0.011985554208521876,0.9999640870525002,3.591294749982765e-05,226,24,48,202,250,250,
13,1,500,RL_adaptive,5.619824791153679,5.601038156179892,0.018786634973786853,0.9999117681816638,8.823181833617078e-05,270,24,33,173,294,206,0.9999117681816638
13,2,10,Z_only,5.619824791153679,0.0,0.6633605160259073,0.8939636928273949,0.10603630717260515,10,0,0,0,10,0,
13,2,10,ZX_split,5.619824791153679,4.90978454023457,0.7100402509191088,0.8791678192339003,0.1208321807660997,3,2,0,5,5,5,
13,2,10,RL_adaptive,5.619824791153679,5.961434752782944,0.34160996162926516,0.9711082712697016,0.028891728730298438,4,1,2,3,5,5,0.9711082712697016
13,2,25,Z_only,5.619824791153679,0.8230336921349761,1.486394208160883,0.542150972422204,0.457849027577796,21,4,0,0,25,0,
13,2,25,ZX_split,5.619824791153679,5.677640643574616,0.05781585242093712,0.9991645645567204,0.0008354354432795752,12,0,2,11,12,13,
13,2,25,RL_adaptive,5.619824791153679,0.0920468488634067,0.7554073648893143,0.8639961601104116,0.13600383988958842,11,1,7,6,12,13,0.8639961601104116
13,2,50,Z_only,5.619824791153679,0.40271584158066176,1.066076357606569,0.7417811727696543,0.2582188272303457,48,2,0,0,50,0,
13,2,50,ZX_split,5.619824791153679,5.705283370217341,0.08545857906366194,0.9981753187180039,0.0018246812819960878,24,1,5,20,25,25,
13,2,50,RL_adaptive,5.619824791153679,5.852577169738204,0.23275237858452513,0.9865176136493798,0.013482386350620157,25,2,7,16,27,23,0.9865176136493798
13,2,100,Z_only,5.619824791153679,0.7074832117793429,1.3708437278052505,0.599311437212942,0.400688562787058,88,12,0,0,100,0,
13,2,100,ZX_split,5.619824791153679,5.749477115540325,0.12965232438664565,0.9958034522073766,0.004196547792623351,47,3,12,38,50,50,
13,2,100,RL_adaptive,5.619824791153679,5.6336167718940855,0.01379198074040655,0.9999524460706253,4.7553929374721804e-05,49,9,10,32,58,42,0.9999524460706253
13,2,250,Z_only,5.619824791153679,0.5880932667898044,1.2514537828157115,0.6569712060674204,0.34302879393257957,229,21,0,0,250,0,
13,2,250,ZX_split,5.619824791153679,5.853744881950123,0.2339200907964445,0.98638261174593,0.013617388254069995,116,9,38,87,125,125,
13,2,250,RL_adaptive,5.619824791153679,5.6384612779617,0.018636486808021324,0.9999131728529645,8.682714703545091e-05,124,4,18,104,128,122,0.9999131728529645
13,2,500,Z_only,5.619824791153679,0.7197053260246163,1.3830658420505237,0.5933148684597583,0.40668513154024166,438,62,0,0,500,0,
13,2,500,ZX_split,5.619824791153679,5.615879172201232,0.003945618952447383,0.9999961080278196,3.891972180425363e-06,224,26,47,203,250,250,
13,2,500,RL_adaptive,5.619824791153679,5.637828425443174,0.01800363428949492,0.9999189694768356,8.103052316443815e-05,264,29,41,166,293,207,0.9999189694768356
13,3,10,Z_only,5.619824791153679,0.0,0.6633605160259073,0.8939636928273949,0.10603630717260515,10,0,0,0,10,0,
13,3,10,ZX_split,5.619824791153679,5.497787143782138,0.12203764737154099,0.9962813218423736,0.003718678157626387,5,0,0,5,5,5,
13,3,10,RL_adaptive,5.619824791153679,5.3003915839322575,0.31943320722142143,0.9747067798274877,0.025293220172512343,5,1,0,4,6,4,0.9747067798274877
13,3,25,Z_only,5.619824791153679,0.7074832117793429,1.3708437278052505,0.599311437212942,0.400688562787058,22,3,0,0,25,0,
13,3,25,ZX_split,5.619824791153679,5.603771501771738,0.01605328938194095,0.9999355743586071,6.442564139286233e-05,10,2,3,10,12,13,
13,3,25,RL_adaptive,5.619824791153679,5.3003915839322575,0.31943320722142143,0.9747067798274877,0.025293220172512343,10,2,0,13,12,13,0.9747067798274877
13,3,50,Z_only,5.619824791153679,0.7074832117793429,1.3708437278052505,0.599311437212942,0.400688562787058,44,6,0,0,50,0,
13,3,50,ZX_split,5.619824791153679,5.686008649086909,0.0661838579332299,0.9989053239092173,0.0010946760907827313,25,0,4,21,25,25,
13,3,50,RL_adaptive,5.619824791153679,5.669547295110341,0.04972250395666222,0.9993820454813004,0.0006179545186996149,26,1,4,19,27,23,0.9993820454813004
13,3,100,Z_only,5.619824791153679,0.5355266543143876,1.1988871703402948,0.6816973653157029,0.3183026346842971,93,7,0,0,100,0,
13,3,100,ZX_split,5.619824791153679,5.608444364956034,0.011380426197645122,0.9999676218243445,3.237817565548973e-05,45,5,9,41,50,50,
13,3,100,RL_adaptive,5.619824791153679,5.495627319926731,0.1241974712269478,0.9961487013828801,0.003851298617119858,51,7,5,37,58,42,0.9961487013828801
13,3,250,Z_only,5.619824791153679,0.6300466904458402,1.2934072064717475,0.6369227546937056,0.36307724530629437,226,24,0,0,250,0,
13,3,250,ZX_split,5.619824791153679,5.6221421383289,0.0023173471752206964,0.9999986574761183,1.3425238817310614e-06,112,13,24,101,125,125,
13,3,250,RL_adaptive,5.619824791153679,5.642401583002078,0.022576791848399225,0.999872577529988,0.00012742247001196194,111,21,29,89,132,118,0.999872577529988
13,3,500,Z_only,5.619824791153679,0.7074832117793429,1.3708437278052505,0.599311437212942,0.400688562787058,440,60,0,0,500,0,
13,3,500,ZX_split,5.619824791153679,5.526028220986926,0.09379657016675313,0.9978021629089355,0.0021978370910644696,216,34,39,211,250,250,
13,3,500,RL_adaptive,5.619824791153679,5.597433596694652,0.022391194459027375,0.999874663839409,0.00012533616059096087,265,28,35,172,293,207,0.999874663839409
13,4,10,Z_only,5.619824791153679,0.9272952180016121,1.5906557340275196,0.49007094907680737,0.5099290509231926,8,2,0,0,10,0,
13,4,10,ZX_split,5.619824791153679,5.961434752782944,0.34160996162926516,0.9711082712697016,0.028891728730298438,4,1,2,3,5,5,
13,4,10,RL_adaptive,5.619824791153679,5.742765806909002,0.12294101575532324,0.9962261335955253,0.003773866404474746,5,0,1,4,5,5,0.9962261335955253
13,4,25,Z_only,5.619824791153679,0.8230336921349761,1.486394208160883,0.542150972422204,0.457849027577796,21,4,0,0,25,0,
13,4,25,ZX_split,5.619824791153679,5.850777531609048,0.2309527404553693,0.9867243748615946,0.013275625138405411,11,1,4,9,12,13,
13,4,25,RL_adaptive,5.619824791153679,6.191138458316179,0.5713136671625003,0.9205956760103706,0.07940432398962938,11,1,6,7,12,13,0.9205956760103706
13,4,50,Z_only,5.619824791153679,0.7669940078618667,1.4303545238877735,0.5699902906585567,0.43000970934144334,43,7,0,0,50,0,
13,4,50,ZX_split,5.619824791153679,5.758389535529479,0.1385647443757998,0.9952076281410654,0.004792371858934552,22,3,7,18,25,25,
13,4,50,RL_adaptive,5.619824791153679,5.705283370217341,0.08545857906366194,0.9981753187180039,0.0018246812819960878,27,0,4,19,27,23,0.9981753187180039
13,4,100,Z_only,5.619824791153679,0.6761305095606613,1.3394910255865682,0.6146241284404433,0.38537587155955666,89,11,0,0,100,0,
13,4,100,ZX_split,5.619824791153679,5.639684198386302,0.019859407232623028,0.9999014042266381,9.859577336190917e-05,41,9,13,37,50,50,
13,4,100,RL_adaptive,5.619824791153679,5.638363195191696,0.018538404038016765,0.9999140843545427,8.59156454573462e-05,50,6,9,35,56,44,0.9999140843545427
13,4,250,Z_only,5.619824791153679,0.6950838543297725,1.3584443703556799,0.6053798036322682,0.3946201963677318,221,29,0,0,250,0,
13,4,250,ZX_split,5.619824791153679,5.638036753418743,0.018211962265064052,0.9999170833994362,8.291660056380934e-05,111,14,26,99,125,125,
13,4,250,RL_adaptive,5.619824791153679,5.578804464028769,0.04102032712490988,0.9995793921741879,0.00042060782581210265,118,15,20,97,133,117,0.9995793921741879
13,4,500,Z_only,5.619824791153679,0.6632425823152799,1.3266030983411872,0.6208867833730645,0.37911321662693553,447,53,0,0,500,0,
13,4,500,ZX_split,5.619824791153679,5.756242079990156,0.1364172888364772,0.9953547913538734,0.0046452086461266084,235,15,61,189,250,250,
13,4,500,RL_adaptive,5.619824791153679,5.712201893650434,0.09237710249675501,0.9978681344087308,0.002131865591269211,271,22,47,160,293,207,0.9978681344087308
14,0,10,Z_only,1.8085447423249434,1.9823131728623844,0.17376843053744095,0.9924701091588541,0.007529890841145859,3,7,0,0,10,0,
14,0,10,ZX_split,1.8085447423249434,1.373400766945016,0.43514397537992755,0.9534046800888453,0.04659531991115473,3,2,5,0,5,5,
14,0,10,RL_adaptive,1.8085447423249434,2.356194490192345,0.5476497478674014,0.9268753065828232,0.07312469341717676,0,4,6,0,4,6,0.9268753065828232
14,0,25,Z_only,1.8085447423249434,1.6910862091896848,0.11745853313525867,0.9965548369169956,0.0034451630830043545,11,14,0,0,25,0,
14,0,25,ZX_split,1.8085447423249434,1.5707963267948966,0.23774841553004689,0.9859353598898193,0.014064640110180715,6,6,13,0,12,13,
14,0,25,RL_adaptive,1.8085447423249434,1.5042281630190728,0.30431657930587064,0.9770259781841457,0.022974021815854284,8,7,10,0,15,10,0.9770259781841457
14,0,50,Z_only,1.8085447423249434,1.9823131728623844,0.17376843053744095,0.9924701091588541,0.007529890841145859,15,35,0,0,50,0,
14,0,50,ZX_split,1.8085447423249434,1.8438050298816073,0.03526028755666388,0.9996892102324532,0.0003107897675468374,9,16,25,0,25,25,
14,0,50,RL_adaptive,1.8085447423249434,1.7126933813990606,0.09585136092588287,0.9977048871522647,0.0022951128477353144,12,16,22,0,28,22,0.9977048871522647
14,0,100,Z_only,1.8085447423249434,1.8754889808102941,0.0669442384853507,0.998880035590085,0.0011199644099150197,35,65,0,0,100,0,
14,0,100,ZX_split,1.8085447423249434,1.695151321341658,0.11339342098328542,0.9967889259166388,0.0032110740833611873,22,28,49,1,50,50,
14,0,100,RL_adaptive,1.8085447423249434,1.8123620338902227,0.0038172915652792128,0.9999963570757001,3.6429242998847755e-06,26,43,31,0,69,31,0.9999963570757001
14,0,250,Z_only,1.8085447423249434,1.7885122182010058,0.020032524123937634,0.9998996778493299,0.00010032215067012906,98,152,0,0,250,0,
14,0,250,ZX_split,1.8085447423249434,1.8216001667513495,0.01305542442640606,0.9999573895784913,4.261042150865979e-05,47,78,123,2,125,125,
14,0,250,RL_adaptive,1.8085447423249434,1.7975951748487824,0.010949567476161048,0.9999700270424856,2.997295751439033e-05,50,80,120,0,130,120,0.9999700270424856
14,0,500,Z_only,1.8085447423249434,1.7885122182010058,0.020032524123937634,0.9998996778493299,0.00010032215067012906,196,304,0,0,500,0,
14,0,500,ZX_split,1.8085447423249434,1.7885972173313154,0.019947524993628063,0.999900527360101,9.94726398989565e-05,98,152,247,3,250,250,
14,0,500,RL_adaptive,1.8085447423249434,1.802773544999697,0.0057711973252463356,0.9999916733434694,8.326656530610599e-06,105,167,224,4,272,228,0.9999916733434694
14,1,10,Z_only,1.8085447423249434,1.5707963267948966,0.23774841553004689,0.9859353598898193,0.014064640110180715,5,5,0,0,10,0,
14,1,10,ZX_split,1.8085447423249434,2.111215827065481,0.3026710847405376,0.9772718612675637,0.022728138732436287,1,4,5,0,5,5,
14,1,10,RL_adaptive,1.8085447423249434,1.373400766945016,0.43514397537992755,0.9534046800888453,0.04659531991115473,3,2,5,0,5,5,0.9534046800888453
14,1,25,Z_only,1.8085447423249434,1.9390642202315367,0.13051947790659324,0.9957472089273418,0.004252791072658191,8,17,0,0,25,0,
14,1,25,ZX_split,1.8085447423249434,2.158798930342464,0.3502541880175205,0.9696427609936329,0.03035723900636711,2,10,13,0,12,13,
14,1,25,RL_adaptive,1.8085447423249434,1.7436569335820415,0.0648878087429019,0.9989477623444228,0.0010522376555771595,6,8,10,1,14,11,0.9989477623444228
14,1,50,Z_only,1.8085447423249434,1.8131621778338598,0.004617435508916357,0.9999946698318006,5.330168199368934e-06,19,31,0,0,50,0,
14,1,50,ZX_split,1.8085447423249434,1.9853032013796825,0.17675845905473908,0.9922094272785318,0.007790572721468214,7,18,25,0,25,25,
14,1,50,RL_adaptive,1.8085447423249434,1.7126933813990606,0.09585136092588287,0.9977048871522647,0.0022951128477353144,12,16,22,0,28,22,0.9977048871522647
14,1,100,Z_only,1.8085447423249434,2.0042416468647826,0.19569690453983912,0.9904561972735052,0.009543802726494799,29,71,0,0,100,0,
14,1,100,ZX_split,1.8085447423249434,2.0169018757383004,0.20835713341335693,0.9891860332582939,0.010813966741706094,14,36,48,2,50,50,
14,1,100,RL_adaptive,1.8085447423249434,1.8123620338902227,0.0038172915652792128,0.9999963570757001,3.6429242998847755e-06,26,43,31,0,69,31,0.9999963570757001
14,1,250,Z_only,1.8085447423249434,1.7721542475852272,0.03639049473971623,0.9996689695066625,0.0003310304933374919,100,150,0,0,250,0,
14,1,250,ZX_split,1.8085447423249434,1.8974973358003824,0.08895259347543893,0.9980231630317569,0.001976836968243134,42,83,123,2,125,125,
14,1,250,RL_adaptive,1.8085447423249434,1.8031630460417043,0.005381696283239146,0.9999927593537542,7.240646245798565e-06,50,81,119,0,131,119,0.9999927593537542
14,1,500,Z_only,1.8085447423249434,1.719342021565405,0.0892027207595385,0.9980120373825475,0.001987962617452488,213,287,0,0,500,0,
14,1,500,ZX_split,1.8085447423249434,1.8391625377008034,0.030617795375859957,0.9997656559595783,0.00023434404042166346,92,158,245,5,250,250,
14,1,500,RL_adaptive,1.8085447423249434,1.7544722301493256,0.054072512175617815,0.9992692189398205,0.0007307810601795417,112,162,224,2,274,226,0.9992692189398205
14,2,10,Z_only,1.8085447423249434,1.9823131728623844,0.17376843053744095,0.9924701091588541,0.007529890841145859,3,7,0,0,10,0,
14,2,10,ZX_split,1.8085447423249434,1.373400766945016,0.43514397537992755,0.9534046800888453,0.04659531991115473,3,2,5,0,5,5,
14,2,10,RL_adaptive,1.8085447423249434,2.111215827065481,0.3026710847405376,0.9772718612675637,0.022728138732436287,1,4,5,0,5,5,0.9772718612675637
14,2,25,Z_only,1.8085447423249434,1.8545904360032244,0.04604569367828093,0.9994700421683258,0.0005299578316741993,9,16,0,0,25,0,
14,2,25,ZX_split,1.8085447423249434,1.8925468811915387,0.08400213886659524,0.9982369472601428,0.0017630527398572182,4,8,13,0,12,13,
14,2,25,RL_adaptive,1.8085447423249434,2.0074234866084377,0.19887874428349428,0.9901443604202899,0.00985563957971014,4,11,10,0,15,10,0.9901443604202899
14,2,50,Z_only,1.8085447423249434,2.117647277490841,0.30910253516589736,0.9763034828611347,0.023696517138865336,12,38,0,0,50,0,
14,2,50,ZX_split,1.8085447423249434,1.9163519073766089,0.10780716505166543,0.9970972168639741,0.002902783136025877,8,17,25,0,25,25,
14,2,50,RL_adaptive,1.8085447423249434,1.5707963267948966,0.23774841553004689,0.9859353598898193,0.014064640110180715,14,14,22,0,28,22,0.9859353598898193
14,2,100,Z_only,1.8085447423249434,1.9390642202315367,0.13051947790659324,0.9957472089273418,0.004252791072658191,32,68,0,0,100,0,
14,2,100,ZX_split,1.8085447423249434,1.9853032013796825,0.17675845905473908,0.9922094272785318,0.007790572721468214,14,36,50,0,50,50,
14,2,100,RL_adaptive,1.8085447423249434,1.9488930700167697,0.14034832769182626,0.9950836647050266,0.004916335294973373,21,46,32,1,67,33,0.9950836647050266
14,2,250,Z_only,1.8085447423249434,1.7803261199625178,0.02821862236242567,0.9998009405476158,0.0001990594523841871,99,151,0,0,250,0,
14,2,250,ZX_split,1.8085447423249434,1.720118987488594,0.0884257548363494,0.9980464948581728,0.0019535051418272387,54,71,119,6,125,125,
14,2,250,RL_adaptive,1.8085447423249434,1.8690343159728693,0.06048957364792584,0.999085531756727,0.0009144682432730145,45,84,120,1,129,121,0.999085531756727
14,2,500,Z_only,1.8085447423249434,1.8090438345388267,0.0004990922138832232,0.999999937726742,6.227325799468275e-08,191,309,0,0,500,0,
14,2,500,ZX_split,1.8085447423249434,1.8216001667513495,0.01305542442640606,0.9999573895784913,4.261042150865979e-05,94,156,246,4,250,250,
14,2,500,RL_adaptive,1.8085447423249434,1.8545021273401086,0.04595738501516511,0.9994720726192483,0.0005279273807516915,98,171,223,8,269,231,0.9994720726192483
14,3,10,Z_only,1.8085447423249434,1.1592794807274087,0.6492652615975347,0.8982641186614284,0.10173588133857159,7,3,0,0,10,0,
14,3,10,ZX_split,1.8085447423249434,1.373400766945016,0.43514397537992755,0.9534046800888453,0.04659531991115473,3,2,5,0,5,5,
14,3,10,RL_adaptive,1.8085447423249434,1.373400766945016,0.43514397537992755,0.9534046800888453,0.04659531991115473,3,2,5,0,5,5,0.9534046800888453
14,3,25,Z_only,1.8085447423249434,1.8545904360032244,0.04604569367828093,0.9994700421683258,0.0005299578316741993,9,16,0,0,25,0,
14,3,25,ZX_split,1.8085447423249434,2.158798930342464,0.3502541880175205,0.9696427609936329,0.03035723900636711,2,10,13,0,12,13,
14,3,25,RL_adaptive,1.8085447423249434,1.2924966677897853,0.5160480745351581,0.9348880155843453,0.06511198441565469,9,5,11,0,14,11,0.9348880155843453
14,3,50,Z_only,1.8085447423249434,1.8545904360032244,0.04604569367828093,0.9994700421683258,0.0005299578316741993,18,32,0,0,50,0,
14,3,50,ZX_split,1.8085447423249434,1.7681918866447774,0.040352855680166,0.9995929669968942,0.00040703300310585,10,15,25,0,25,25,
14,3,50,RL_adaptive,1.8085447423249434,1.781889660017643,0.026655082307300404,0.9998223871632341,0.00017761283676587247,11,17,22,0,28,22,0.9998223871632341
14,3,100,Z_only,1.8085447423249434,1.7517827780414443,0.05676196428349911,0.9991947360955337,0.0008052639044663357,41,59,0,0,100,0,
14,3,100,ZX_split,1.8085447423249434,1.5308176396716064,0.277727102653337,0.9808405416776073,0.01915945832239274,26,24,50,0,50,50,
14,3,100,RL_adaptive,1.8085447423249434,1.838927751829836,0.030383009504892478,0.9997692359362257,0.00023076406377431358,25,41,32,2,66,34,0.9997692359362257
14,3,250,Z_only,1.8085447423249434,1.8462671095155474,0.037722367190603956,0.9996442979360396,0.0003557020639604058,91,159,0,0,250,0,
14,3,250,ZX_split,1.8085447423249434,1.786881299091683,0.021663443233260526,0.9998826783952265,0.00011732160477351261,49,76,124,1,125,125,
14,3,250,RL_adaptive,1.8085447423249434,1.7621276795994918,0.04641706272545165,0.9994614607745944,0.0005385392254055876,52,75,119,4,127,123,0.9994614607745944
14,3,500,Z_only,1.8085447423249434,1.871298590279576,0.06275384795463257,0.9990158116868518,0.000984188313148171,176,324,0,0,500,0,
14,3,500,ZX_split,1.8085447423249434,1.806028709839165,0.0025160324857784744,0.9999984173959673,1.5826040327127089e-06,96,154,246,4,250,250,
14,3,500,RL_adaptive,1.8085447423249434,1.8313834071232888,0.0228386647983454,0.9998696045156122,0.0001303954843877575,100,171,227,2,271,229,0.9998696045156122
14,4,10,Z_only,1.8085447423249434,1.7721542475852272,0.03639049473971623,0.9996689695066625,0.0003310304933374919,4,6,0,0,10,0,
14,4,10,ZX_split,1.8085447423249434,1.373400766945016,0.43514397537992755,0.9534046800888453,0.04659531991115473,3,2,5,0,5,5,
14,4,10,RL_adaptive,1.8085447423249434,1.7681918866447774,0.040352855680166,0.9995929669968942,0.00040703300310585,2,3,5,0,5,5,0.9995929669968942
14,4,25,Z_only,1.8085447423249434,1.6910862091896848,0.11745853313525867,0.9965548369169956,0.0034451630830043545,11,14,0,0,25,0,
14,4,25,ZX_split,1.8085447423249434,1.8925468811915387,0.08400213886659524,0.9982369472601428,0.0017630527398572182,4,8,13,0,12,13,
14,4,25,RL_adaptive,1.8085447423249434,1.7681918866447774,0.040352855680166,0.9995929669968942,0.00040703300310585,6,9,10,0,15,10,0.9995929669968942
14,4,50,Z_only,1.8085447423249434,1.9823131728623844,0.17376843053744095,0.9924701091588541,0.007529890841145859,15,35,0,0,50,0,
14,4,50,ZX_split,1.8085447423249434,1.9163519073766089,0.10780716505166543,0.9970972168639741,0.002902783136025877,8,17,25,0,25,25,
14,4,50,RL_adaptive,1.8085447423249434,1.781889660017643,0.026655082307300404,0.9998223871632341,0.00017761283676587247,11,17,22,0,28,22,0.9998223871632341
14,4,100,Z_only,1.8085447423249434,1.8545904360032244,0.04604569367828093,0.9994700421683258,0.0005299578316741993,36,64,0,0,100,0,
14,4,100,ZX_split,1.8085447423249434,1.80634130751576,0.002203434809183502,0.9999987862192513,1.2137807486878316e-06,19,31,50,0,50,50,
14,4,100,RL_adaptive,1.8085447423249434,1.8394993514300677,0.030954609105124264,0.9997604721707578,0.00023952782924219207,25,44,31,0,69,31,0.9997604721707578
14,4,250,Z_only,1.8085447423249434,1.8880937149070358,0.07954897258209237,0.9984188243159573,0.0015811756840427016,86,164,0,0,250,0,
14,4,250,ZX_split,1.8085447423249434,1.8974973358003824,0.08895259347543893,0.9980231630317569,0.001976836968243134,42,83,123,2,125,125,
14,4,250,RL_adaptive,1.8085447423249434,1.6762071131384022,0.13233762918654124,0.9956280741183025,0.004371925881697547,57,70,121,2,127,123,0.9956280741183025
14,4,500,Z_only,1.8085447423249434,1.8338185297033656,0.02527378737842212,0.9998403174181206,0.00015968258187937234,185,315,0,0,500,0,
14,4,500,ZX_split,1.8085447423249434,1.7252929437292777,0.08325179859566578,0.9982682850441283,0.001731714955871655,106,144,247,3,250,250,
14,4,500,RL_adaptive,1.8085447423249434,1.88277602972904,0.07423128740409646,0.9986230614436999,0.0013769385563000558,93,176,226,5,269,231,0.9986230614436999
15,0,10,Z_only,3.004930249261714,3.141592653589793,0.1366624043280793,0.9953381092853972,0.004661890714602768,0,10,0,0,10,0,
15,0,10,ZX_split,3.004930249261714,3.3389882134396736,0.33405796417795974,0.9723598014361725,0.02764019856382749,0,5,2,3,5,5,
15,0,10,RL_adaptive,3.004930249261714,2.819842099193151,0.18508815006856283,0.9914600159558945,0.008539984044105497,0,4,4,2,4,6,0.9914600159558945
15,0,25,Z_only,3.004930249261714,3.141592653589793,0.1366624043280793,0.9953381092853972,0.004661890714602768,0,25,0,0,25,0,
15,0,25,ZX_split,3.004930249261714,3.064820762320015,0.0598905130583014,0.9991035496139813,0.0008964503860187101,0,12,7,6,12,13,
15,0,25,RL_adaptive,3.004930249261714,3.368391501643679,0.36346125238196514,0.9673359549708519,0.0326640450291481,0,12,5,8,12,13,0.9673359549708519
15,0,50,Z_only,3.004930249261714,3.141592653589793,0.1366624043280793,0.9953381092853972,0.004661890714602768,0,50,0,0,50,0,
15,0,50,ZX_split,3.004930249261714,2.8685839505030826,0.13634629875863125,0.9953596172381878,0.004640382761812223,0,25,16,9,25,25,
15,0,50,RL_adaptive,3.004930249261714,2.8685839505030826,0.13634629875863125,0.9953596172381878,0.004640382761812223,0,25,16,9,25,25,0.9953596172381878
15,0,100,Z_only,3.004930249261714,3.141592653589793,0.1366624043280793,0.9953381092853972,0.004661890714602768,0,100,0,0,100,0,
15,0,100,ZX_split,3.004930249261714,3.061762667877556,0.056832418615841984,0.9991927363669987,0.0008072636330013205,0,50,27,23,50,50,
15,0,100,RL_adaptive,3.004930249261714,2.7989392207475414,0.2059910285141724,0.9894293814531453,0.010570618546854704,2,59,26,13,61,39,0.9894293814531453
15,0,250,Z_only,3.004930249261714,2.9624678387109036,0.04246241055081024,0.999549303647901,0.0004506963520990448,2,248,0,0,250,0,
15,0,250,ZX_split,3.004930249261714,3.034565180540419,0.02963493127870498,0.999780458780024,0.00021954121997602716,2,123,69,56,125,125,
15,0,250,RL_adaptive,3.004930249261714,3.035362759890842,0.030432510629128107,0.9997684834430473,0.00023151655695274886,2,132,64,52,134,116,0.9997684834430473
15,0,500,Z_only,3.004930249261714,3.0521200933852985,0.047189844123584734,0.9994433829577446,0.0005566170422554029,1,499,0,0,500,0,
15,0,500,ZX_split,3.004930249261714,3.0182549526900693,0.013324703428355456,0.9999556137263659,4.438627363412273e-05,4,246,140,110,250,250,
15,0,500,RL_adaptive,3.004930249261714,2.9617807997008416,0.04314944956087219,0.9995346034665521,0.00046539653344790377,2,235,155,108,237,263,0.9995346034665521
15,1,10,Z_only,3.004930249261714,3.141592653589793,0.1366624043280793,0.9953381092853972,0.004661890714602768,0,10,0,0,10,0,
15,1,10,ZX_split,3.004930249261714,3.3389882134396736,0.33405796417795974,0.9723598014361725,0.02764019856382749,0,5,2,3,5,5,
15,1,10,RL_adaptive,3.004930249261714,3.141592653589793,0.1366624043280793,0.9953381092853972,0.004661890714602768,0,4,3,3,4,6,0.9953381092853972
15,1,25,Z_only,3.004930249261714,3.141592653589793,0.1366624043280793,0.9953381092853972,0.004661890714602768,0,25,0,0,25,0,
15,1,25,ZX_split,3.004930249261714,3.064820762320015,0.0598905130583014,0.9991035496139813,0.0008964503860187101,0,12,7,6,12,13,
15,1,25,RL_adaptive,3.004930249261714,3.064820762320015,0.0598905130583014,0.9991035496139813,0.0008964503860187101,0,12,7,6,12,13,0.9991035496139813
15,1,50,Z_only,3.004930249261714,2.857798544381465,0.14713170488024874,0.9945978213247774,0.005402178675222635,1,49,0,0,50,0,
15,1,50,ZX_split,3.004930249261714,2.5636907166275473,0.4412395326341665,0.9521115012196391,0.047888498780360944,1,24,20,5,25,25,
15,1,50,RL_adaptive,3.004930249261714,3.1016139664665032,0.09668371720478941,0.9976648845619209,0.0023351154380790717,0,25,13,12,25,25,0.9976648845619209
15,1,100,Z_only,3.004930249261714,3.141592653589793,0.1366624043280793,0.9953381092853972,0.004661890714602768,0,100,0,0,100,0,
15,1,100,ZX_split,3.004930249261714,3.1016139664665032,0.09668371720478941,0.9976648845619209,0.0023351154380790717,0,50,26,24,50,50,
15,1,100,RL_adaptive,3.004930249261714,2.8632929945846817,0.14163725467703214,0.9949931007549908,0.005006899245009189,0,58,27,15,58,42,0.9949931007549908
15,1,250,Z_only,3.004930249261714,3.141592653589793,0.1366624043280793,0.9953381092853972,0.004661890714602768,0,250,0,0,250,0,
15,1,250,ZX_split,3.004930249261714,3.2486201266391674,0.24368987737745362,0.9852271354140087,0.014772864585991252,2,123,56,69,125,125,
15,1,250,RL_adaptive,3.004930249261714,3.019681934238298,0.0147516849765843,0.9999455979341447,5.440206585527463e-05,1,133,65,51,134,116,0.9999455979341447
15,1,500,Z_only,3.004930249261714,2.9865179806254547,0.01841226863625911,0.9999152494852411,8.475051475886897e-05,3,497,0,0,500,0,
15,1,500,ZX_split,3.004930249261714,3.068552088286674,0.0636218390249601,0.9989884066909308,0.001011593309069192,2,248,134,116,250,250,
15,1,500,RL_adaptive,3.004930249261714,2.9899555297035305,0.014974719558183303,0.999943940491126,5.605950887399569e-05,1,235,152,112,236,264,0.999943940491126
15,2,10,Z_only,3.004930249261714,3.141592653589793,0.1366624043280793,0.9953381092853972,0.004661890714602768,0,10,0,0,10,0,
15,2,10,ZX_split,3.004930249261714,3.3389882134396736,0.33405796417795974,0.9723598014361725,0.02764019856382749,0,5,2,3,5,5,
15,2,10,RL_adaptive,3.004930249261714,2.5535900500422257,0.4513401992194881,0.94993167669809,0.05006832330191002,0,4,5,1,4,6,0.94993167669809
15,2,25,Z_only,3.004930249261714,3.141592653589793,0.1366624043280793,0.9953381092853972,0.004661890714602768,0,25,0,0,25,0,
15,2,25,ZX_split,3.004930249261714,3.064820762320015,0.0598905130583014,0.9991035496139813,0.0008964503860187101,0,12,7,6,12,13,
15,2,25,RL_adaptive,3.004930249261714,3.368391501643679,0.36346125238196514,0.9673359549708519,0.0326640450291481,0,12,5,8,12,13,0.9673359549708519
15,2,50,Z_only,3.004930249261714,3.141592653589793,0.1366624043280793,0.9953381092853972,0.004661890714602768,0,50,0,0,50,0,
15,2,50,ZX_split,3.004930249261714,3.0221637275714546,0.017233478309740757,0.9999257536439169,7.424635608310748e-05,0,25,14,11,25,25,
15,2,50,RL_adaptive,3.004930249261714,3.181571340713083,0.1766410914513692,0.9922197428168937,0.007780257183106265,0,25,12,13,25,25,0.9922197428168937
15,2,100,Z_only,3.004930249261714,2.9412578112666736,0.06367243799504019,0.9989867975380511,0.0010132024619489144,1,99,0,0,100,0,
15,2,100,ZX_split,3.004930249261714,3.1016139664665032,0.09668371720478941,0.9976648845619209,0.0023351154380790717,0,50,26,24,50,50,
15,2,100,RL_adaptive,3.004930249261714,3.1891757568667765,0.18424550760506264,0.9915373785525784,0.008462621447421603,0,58,20,22,58,42,0.9915373785525784
15,2,250,Z_only,3.004930249261714,3.141592653589793,0.1366624043280793,0.9953381092853972,0.004661890714602768,0,250,0,0,250,0,
15,2,250,ZX_split,3.004930249261714,2.928860872898183,0.07606937636353095,0.9985540599470661,0.0014459400529338584,0,125,76,49,125,125,
15,2,250,RL_adaptive,3.004930249261714,3.0178253373194304,0.012895088057716553,0.9999584297520374,4.157024796258568e-05,2,132,65,51,134,116,0.9999584297520374
15,2,500,Z_only,3.004930249261714,3.015017067627069,0.010086818365355299,0.9999745642394783,2.5435760521719253e-05,2,498,0,0,500,0,
15,2,500,ZX_split,3.004930249261714,3.030057469515932,0.02512722025421832,0.9998421640053401,0.00015783599465990505,0,250,139,111,250,250,
15,2,500,RL_adaptive,3.004930249261714,3.027482907878932,0.022552658617218224,0.9998728497867482,0.0001271502132518254,1,235,147,117,236,264,0.9998728497867482
15,3,10,Z_only,3.004930249261714,3.141592653589793,0.1366624043280793,0.9953381092853972,0.004661890714602768,0,10,0,0,10,0,
15,3,10,ZX_split,3.004930249261714,2.601173153319209,0.40375709594250475,0.9597957073181278,0.0402042926818722,0,5,4,1,5,5,
15,3,10,RL_adaptive,3.004930249261714,3.141592653589793,0.1366624043280793,0.9953381092853972,0.004661890714602768,0,4,3,3,4,6,0.9953381092853972
15,3,25,Z_only,3.004930249261714,2.7388768120091314,0.26605343725258246,0.9824080302282361,0.017591969771763916,1,24,0,0,25,0,
15,3,25,ZX_split,3.004930249261714,3.218364544859571,0.2134342955978572,0.9886546177917748,0.01134538220822523,0,12,6,7,12,13,
15,3,25,RL_adaptive,3.004930249261714,3.218364544859571,0.2134342955978572,0.9886546177917748,0.01134538220822523,0,12,6,7,12,13,0.9886546177917748
15,3,50,Z_only,3.004930249261714,3.141592653589793,0.1366624043280793,0.9953381092853972,0.004661890714602768,0,50,0,0,50,0,
15,3,50,ZX_split,3.004930249261714,2.9441970937399127,0.06073315552180114,0.9990781543609027,0.0009218456390972518,0,25,15,10,25,25,
15,3,50,RL_adaptive,3.004930249261714,3.1016139664665032,0.09668371720478941,0.9976648845619209,0.0023351154380790717,0,25,13,12,25,25,0.9976648845619209
15,3,100,Z_only,3.004930249261714,3.141592653589793,0.1366624043280793,0.9953381092853972,0.004661890714602768,0,100,0,0,100,0,
15,3,100,ZX_split,3.004930249261714,2.90604767286893,0.09888257639278386,0.9975575501363272,0.002442449863672813,0,50,31,19,50,50,
15,3,100,RL_adaptive,3.004930249261714,2.9876479891314434,0.017282260130270455,0.999925332729672,7.466727032801046e-05,1,59,23,17,60,40,0.999925332729672
15,3,250,Z_only,3.004930249261714,3.141592653589793,0.1366624043280793,0.9953381092853972,0.004661890714602768,0,250,0,0,250,0,
15,3,250,ZX_split,3.004930249261714,2.9907472919688534,0.014182957292860454,0.9999497117735986,5.0288226401407066e-05,0,125,72,53,125,125,
15,3,250,RL_adaptive,3.004930249261714,3.0327804487725483,0.02785019951083445,0.9998061041299673,0.00019389587003271203,0,131,66,53,131,119,0.9998061041299673
15,3,500,Z_only,3.004930249261714,3.0521200933852985,0.047189844123584734,0.9994433829577446,0.0005566170422554029,1,499,0,0,500,0,
15,3,500,ZX_split,3.004930249261714,3.0604702614888923,0.055540012227178526,0.9992290249761243,0.0007709750238756863,2,248,135,115,250,250,
15,3,500,RL_adaptive,3.004930249261714,3.1302723824563343,0.1253421331946205,0.9960774768972152,0.003922523102784847,0,235,134,131,235,265,0.9960774768972152
15,4,10,Z_only,3.004930249261714,3.141592653589793,0.1366624043280793,0.9953381092853972,0.004661890714602768,0,10,0,0,10,0,
15,4,10,ZX_split,3.004930249261714,3.3389882134396736,0.33405796417795974,0.9723598014361725,0.02764019856382749,0,5,2,3,5,5,
15,4,10,RL_adaptive,3.004930249261714,3.141592653589793,0.1366624043280793,0.9953381092853972,0.004661890714602768,0,4,3,3,4,6,0.9953381092853972
15,4,25,Z_only,3.004930249261714,3.141592653589793,0.1366624043280793,0.9953381092853972,0.004661890714602768,0,25,0,0,25,0,
15,4,25,ZX_split,3.004930249261714,3.218364544859571,0.2134342955978572,0.9886546177917748,0.01134538220822523,0,12,6,7,12,13,
15,4,25,RL_adaptive,3.004930249261714,2.647651284670212,0.35727896459150177,0.9684259542268255,0.031574045773174464,0,12,10,3,12,13,0.9684259542268255
15,4,50,Z_only,3.004930249261714,3.141592653589793,0.1366624043280793,0.9953381092853972,0.004661890714602768,0,50,0,0,50,0,
15,4,50,ZX_split,3.004930249261714,3.181571340713083,0.1766410914513692,0.9922197428168937,0.007780257183106265,0,25,12,13,25,25,
15,4,50,RL_adaptive,3.004930249261714,3.0221637275714546,0.017233478309740757,0.9999257536439169,7.424635608310748e-05,0,25,14,11,25,25,0.9999257536439169
15,4,100,Z_only,3.004930249261714,2.9412578112666736,0.06367243799504019,0.9989867975380511,0.0010132024619489144,1,99,0,0,100,0,
15,4,100,ZX_split,3.004930249261714,3.1016139664665032,0.09668371720478941,0.9976648845619209,0.0023351154380790717,0,50,26,24,50,50,
15,4,100,RL_adaptive,3.004930249261714,3.2365443599325494,0.2316141106708356,0.9866485729197654,0.013351427080234624,0,58,19,23,58,42,0.9866485729197654
15,4,250,Z_only,3.004930249261714,3.141592653589793,0.1366624043280793,0.9953381092853972,0.004661890714602768,0,250,0,0,250,0,
15,4,250,ZX_split,3.004930249261714,2.9567356215713527,0.04819462769036109,0.9994194318533727,0.0005805681466273249,1,124,74,51,125,125,
15,4,250,RL_adaptive,3.004930249261714,3.06111632376949,0.05618607450777624,0.9992109888580792,0.000789011141920759,2,133,62,53,135,115,0.9992109888580792
15,4,500,Z_only,3.004930249261714,3.0521200933852985,0.047189844123584734,0.9994433829577446,0.0005566170422554029,1,499,0,0,500,0,
15,4,500,ZX_split,3.004930249261714,3.09324326693789,0.08831301767617639,0.9980514696342988,0.0019485303657011954,1,249,131,119,250,250,
15,4,500,RL_adaptive,3.004930249261714,3.022267973602006,0.017337724340292127,0.9999248527111222,7.51472888778082e-05,2,235,147,116,237,263,0.9999248527111222
16,0,10,Z_only,0.6014070094015904,0.6435011087932843,0.04209409939169384,0.9995570871051623,0.00044291289483766594,9,1,0,0,10,0,
16,0,10,ZX_split,0.6014070094015904,0.5404195002705843,0.060987509131006146,0.9990704191155948,0.0009295808844052011,5,0,4,1,5,5,
16,0,10,RL_adaptive,0.6014070094015904,1.0303768265243125,0.4289698171227221,0.9546973602147761,0.045302639785223864,4,1,5,0,5,5,0.9546973602147761
16,0,25,Z_only,0.6014070094015904,0.40271584158066176,0.19869116782092866,0.9901628815664083,0.009837118433591696,24,1,0,0,25,0,
16,0,25,ZX_split,0.6014070094015904,0.11487660541689905,0.4865304039846914,0.9419802131207835,0.058019786879216495,10,2,7,6,12,13,
16,0,25,RL_adaptive,0.6014070094015904,0.27015319971140506,0.33125380969018536,0.9728176558691448,0.027182344130855185,11,1,8,5,12,13,0.9728176558691448
16,0,50,Z_only,0.6014070094015904,0.5735131044230967,0.027893904978493755,0.9998054951282861,0.0001945048717139075,46,4,0,0,50,0,
16,0,50,ZX_split,0.6014070094015904,0.23374318086890136,0.3676638285326891,0.9665847981564556,0.033415201843544406,23,2,15,10,25,25,
16,0,50,RL_adaptive,0.6014070094015904,0.7284744326075241,0.12706742320593367,0.995968895765934,0.004031104234066052,26,1,21,2,27,23,0.995968895765934
16,0,100,Z_only,0.6014070094015904,0.5735131044230967,0.027893904978493755,0.9998054951282861,0.0001945048717139075,92,8,0,0,100,0,
16,0,100,ZX_split,0.6014070094015904,0.7853981633974483,0.18399115399585786,0.9915606620612395,0.008439337938760505,44,6,44,6,50,50,
16,0,100,RL_adaptive,0.6014070094015904,0.5495428302148135,0.05186417918677688,0.9993276774559052,0.0006723225440947722,50,4,35,11,54,46,0.9993276774559052
16,0,250,Z_only,0.6014070094015904,0.5735131044230967,0.027893904978493755,0.9998054951282861,0.0001945048717139075,230,20,0,0,250,0,
16,0,250,ZX_split,0.6014070094015904,0.6418147697509797,0.04040776034938931,0.999591858764399,0.00040814123560095616,110,15,98,27,125,125,
16,0,250,RL_adaptive,0.6014070094015904,0.6730330019543015,0.07162599255271107,0.9987179775331508,0.0012820224668491642,104,16,103,27,120,130,0.9987179775331508
16,0,500,Z_only,0.6014070094015904,0.6368044957699469,0.03539748636835649,0.9996867871959176,0.0003132128040823634,451,49,0,0,500,0,
16,0,500,ZX_split,0.6014070094015904,0.6282351192465045,0.026828109844914128,0.9998200739227039,0.00017992607729611088,231,19,202,48,250,250,
16,0,500,RL_adaptive,0.6014070094015904,0.5073136451617262,0.09409336423986425,0.9977882422518484,0.0022117577481516326,272,19,155,54,291,209,0.9977882422518484
16,1,10,Z_only,0.6014070094015904,1.1592794807274087,0.5578724713258183,0.9241916532652172,0.07580834673478276,7,3,0,0,10,0,
16,1,10,ZX_split,0.6014070094015904,5.961434752782944,0.9231575637982328,0.8016524889351807,0.1983475110648193,4,1,2,3,5,5,
16,1,10,RL_adaptive,0.6014070094015904,0.3217505543966421,0.27965645500494835,0.9805751610977104,0.01942483890228963,4,1,3,2,5,5,0.9805751610977104
16,1,25,Z_only,0.6014070094015904,0.8230336921349761,0.2216266827333857,0.987770583984075,0.012229416015924977,21,4,0,0,25,0,
16,1,25,ZX_split,0.6014070094015904,0.4939413689195813,0.10746564048200913,0.9971155616315062,0.0028844383684938357,12,0,10,3,12,13,
16,1,25,RL_adaptive,0.6014070094015904,0.5736666681681609,0.0277403412334295,0.9998076307036444,0.00019236929635557676,11,1,10,3,12,13,0.9998076307036444
16,1,50,Z_only,0.6014070094015904,0.7669940078618667,0.16558699846027625,0.9931608847713996,0.006839115228600368,43,7,0,0,50,0,
16,1,50,ZX_split,0.6014070094015904,0.4825132950224768,0.11889371437911361,0.9964702320935922,0.003529767906407799,23,2,18,7,25,25,
16,1,50,RL_adaptive,0.6014070094015904,0.585818247039205,0.015588762362385378,0.999939248852276,6.075114772396972e-05,25,2,18,5,27,23,0.999939248852276
16,1,100,Z_only,0.6014070094015904,0.7074832117793429,0.1060762023777525,0.9971895965648185,0.0028104034351814633,88,12,0,0,100,0,
16,1,100,ZX_split,0.6014070094015904,0.7123575980943291,0.11095058869273866,0.9969256474411117,0.003074352558888327,47,3,44,6,50,50,
16,1,100,RL_adaptive,0.6014070094015904,0.6784776307818446,0.07707062138025422,0.9985157647299632,0.0014842352700368266,51,4,38,7,55,45,0.9985157647299632
16,1,250,Z_only,0.6014070094015904,0.6697127689535248,0.06830575955193441,0.9988340342437305,0.0011659657562694825,223,27,0,0,250,0,
16,1,250,ZX_split,0.6014070094015904,0.5727532410396768,0.02865376836191358,0.9997947544331169,0.00020524556688306106,116,9,97,28,125,125,
16,1,250,RL_adaptive,0.6014070094015904,0.6658969517062561,0.06448994230466565,0.9989606221372497,0.0010393778627503236,107,13,105,25,120,130,0.9989606221372497
16,1,500,Z_only,0.6014070094015904,0.6761305095606613,0.07472350015907092,0.9986047490227323,0.0013952509772676702,445,55,0,0,500,0,
16,1,500,ZX_split,0.6014070094015904,0.5859017663021324,0.015505243099458,0.9999398980632264,6.010193677363773e-05,235,15,198,52,250,250,
16,1,500,RL_adaptive,0.6014070094015904,0.5867893020216862,0.014617707379904199,0.9999465816089408,5.341839105921231e-05,268,23,163,46,291,209,0.9999465816089408
16,2,10,Z_only,0.6014070094015904,0.9272952180016121,0.32588820860002166,0.9736833699173816,0.02631663008261842,8,2,0,0,10,0,
16,2,10,ZX_split,0.6014070094015904,0.7853981633974483,0.18399115399585786,0.9915606620612395,0.008439337938760505,4,1,4,1,5,5,
16,2,10,RL_adaptive,0.6014070094015904,0.5880026035475675,0.013404405854022916,0.9999550811485092,4.4918851490827194e-05,4,0,5,1,4,6,0.9999550811485092
16,2,25,Z_only,0.6014070094015904,0.40271584158066176,0.19869116782092866,0.9901628815664083,0.009837118433591696,24,1,0,0,25,0,
16,2,25,ZX_split,0.6014070094015904,0.6556956262415362,0.05428861683994579,0.9992633674673252,0.0007366325326747525,9,3,9,4,12,13,
16,2,25,RL_adaptive,0.6014070094015904,0.5736666681681609,0.0277403412334295,0.9998076307036444,0.00019236929635557676,11,1,10,3,12,13,0.9998076307036444
16,2,50,Z_only,0.6014070094015904,0.5735131044230967,0.027893904978493755,0.9998054951282861,0.0001945048717139075,46,4,0,0,50,0,
16,2,50,ZX_split,0.6014070094015904,0.7853981633974483,0.18399115399585786,0.9915606620612395,0.008439337938760505,22,3,22,3,25,25,
16,2,50,RL_adaptive,0.6014070094015904,0.6284268737983251,0.02701986439673465,0.9998174928360314,0.00018250716396861488,24,3,18,5,27,23,0.9998174928360314
16,2,100,Z_only,0.6014070094015904,0.7377259684532488,0.13631895905165836,0.995361475117474,0.0046385248825260295,87,13,0,0,100,0,
16,2,100,ZX_split,0.6014070094015904,0.7298996581517314,0.128492648750141,0.9958780856800775,0.004121914319922482,44,6,42,8,50,50,
16,2,100,RL_adaptive,0.6014070094015904,0.6107259643892087,0.009318954987618255,0.999978289426603,2.171057339694915e-05,48,8,33,11,56,44,0.999978289426603
16,2,250,Z_only,0.6014070094015904,0.6435011087932843,0.04209409939169384,0.9995570871051623,0.00044291289483766594,225,25,0,0,250,0,
16,2,250,ZX_split,0.6014070094015904,0.537716804148575,0.06369020525301539,0.9989862321991015,0.0010137678008984574,117,8,95,30,125,125,
16,2,250,RL_adaptive,0.6014070094015904,0.6085290635163109,0.007122054114720444,0.9999873191398986,1.2680860101421665e-05,111,8,105,26,119,131,0.9999873191398986
16,2,500,Z_only,0.6014070094015904,0.6093853080307949,0.007978298629204517,0.999984086772157,1.5913227843000755e-05,455,45,0,0,500,0,
16,2,500,ZX_split,0.6014070094015904,0.6667865645367113,0.06537955513512084,0.998931759039029,0.001068240960971023,233,17,210,40,250,250,
16,2,500,RL_adaptive,0.6014070094015904,0.5554894302957429,0.045917579105847484,0.9994729865893403,0.000527013410659749,270,21,160,49,291,209,0.9994729865893403
16,3,10,Z_only,0.6014070094015904,0.6435011087932843,0.04209409939169384,0.9995570871051623,0.00044291289483766594,9,1,0,0,10,0,
16,3,10,ZX_split,0.6014070094015904,0.7853981633974483,0.18399115399585786,0.9915606620612395,0.008439337938760505,5,0,5,0,5,5,
16,3,10,RL_adaptive,0.6014070094015904,0.5880026035475675,0.013404405854022916,0.9999550811485092,4.4918851490827194e-05,4,0,5,1,4,6,0.9999550811485092
16,3,25,Z_only,0.6014070094015904,0.40271584158066176,0.19869116782092866,0.9901628815664083,0.009837118433591696,24,1,0,0,25,0,
16,3,25,ZX_split,0.6014070094015904,0.5232783221319754,0.07812868726961497,0.9984747531471307,0.0015252468528692553,10,2,9,4,12,13,
16,3,25,RL_adaptive,0.6014070094015904,0.7777647238799551,0.17635771447836468,0.9922446211108232,0.007755378889176767,12,1,11,1,13,12,0.9922446211108232
16,3,50,Z_only,0.6014070094015904,0.7074832117793429,0.1060762023777525,0.9971895965648185,0.0028104034351814633,44,6,0,0,50,0,
16,3,50,ZX_split,0.6014070094015904,0.7229793534014911,0.12157234399990069,0.9963095899587433,0.0036904100412566976,21,4,20,5,25,25,
16,3,50,RL_adaptive,0.6014070094015904,0.6766913437626565,0.07528433436106607,0.9985837363563372,0.001416263643662763,23,4,18,5,27,23,0.9985837363563372
16,3,100,Z_only,0.6014070094015904,0.5355266543143876,0.0658803550872028,0.9989153370949556,0.0010846629050443868,93,7,0,0,100,0,
16,3,100,ZX_split,0.6014070094015904,0.5667292175235065,0.03467779187808395,0.9996993928140052,0.0003006071859947834,47,3,39,11,50,50,
16,3,100,RL_adaptive,0.6014070094015904,0.6784776307818446,0.07707062138025422,0.9985157647299632,0.0014842352700368266,51,4,38,7,55,45,0.9985157647299632
16,3,250,Z_only,0.6014070094015904,0.6023613440351829,0.0009543346335925129,0.9999997723113688,2.276886311713966e-07,228,22,0,0,250,0,
16,3,250,ZX_split,0.6014070094015904,0.5137985716373722,0.08760843776421823,0.9980824173709332,0.0019175826290668274,113,12,91,34,125,125,
16,3,250,RL_adaptive,0.6014070094015904,0.5901880623022895,0.011218947099300935,0.9999685341365349,3.146586346514102e-05,109,10,102,29,119,131,0.9999685341365349
16,3,500,Z_only,0.6014070094015904,0.6093853080307949,0.007978298629204517,0.999984086772157,1.5913227843000755e-05,455,45,0,0,500,0,
16,3,500,ZX_split,0.6014070094015904,0.47835243137865746,0.12305457802293296,0.996219167237261,0.003780832762738995,233,17,181,69,250,250,
16,3,500,RL_adaptive,0.6014070094015904,0.6435011087932845,0.04209409939169406,0.9995570871051623,0.00044291289483766594,261,29,168,42,290,210,0.9995570871051623
16,4,10,Z_only,0.6014070094015904,0.0,0.6014070094015904,0.9122701704775035,0.08772982952249653,10,0,0,0,10,0,
16,4,10,ZX_split,0.6014070094015904,0.3217505543966421,0.27965645500494835,0.9805751610977104,0.01942483890228963,4,1,3,2,5,5,
16,4,10,RL_adaptive,0.6014070094015904,1.2490457723982544,0.647638762996664,0.8987552832492767,0.10124471675072333,3,2,4,1,5,5,0.8987552832492767
16,4,25,Z_only,0.6014070094015904,0.8230336921349761,0.2216266827333857,0.987770583984075,0.012229416015924977,21,4,0,0,25,0,
16,4,25,ZX_split,0.6014070094015904,0.36717383381821916,0.23423317558337126,0.9863463025364506,0.013653697463549386,12,0,9,4,12,13,
16,4,25,RL_adaptive,0.6014070094015904,0.40489178628508343,0.196515223116507,0.9903764719674749,0.009623528032525086,11,0,10,4,11,14,0.9903764719674749
16,4,50,Z_only,0.6014070094015904,0.9272952180016121,0.32588820860002166,0.9736833699173816,0.02631663008261842,40,10,0,0,50,0,
16,4,50,ZX_split,0.6014070094015904,0.34555558058171215,0.25585142881987827,0.9837240879796875,0.016275912020312533,25,0,17,8,25,25,
16,4,50,RL_adaptive,0.6014070094015904,0.6534077195536063,0.052000710152015905,0.999324133855846,0.000675866144154047,25,2,19,4,27,23,0.999324133855846
16,4,100,Z_only,0.6014070094015904,0.40271584158066176,0.19869116782092866,0.9901628815664083,0.009837118433591696,96,4,0,0,100,0,
16,4,100,ZX_split,0.6014070094015904,0.5763752205911836,0.025031788810406796,0.9998433605665584,0.00015663943344157438,45,5,38,12,50,50,
16,4,100,RL_adaptive,0.6014070094015904,0.372987721800061,0.2284192876015294,0.9870127726634953,0.012987227336504703,51,3,31,15,54,46,0.9870127726634953
16,4,250,Z_only,0.6014070094015904,0.5433142473551479,0.058092762046442536,0.9991565449949686,0.0008434550050313572,232,18,0,0,250,0,
16,4,250,ZX_split,0.6014070094015904,0.5718377299169601,0.029569279484630284,0.9997814303537765,0.00021856964622346542,113,12,95,30,125,125,
16,4,250,RL_adaptive,0.6014070094015904,0.5876502013537683,0.013756808047822089,0.9999526883042349,4.731169576510652e-05,112,7,104,27,119,131,0.9999526883042349
16,4,500,Z_only,0.6014070094015904,0.5032910474523903,0.09811596194920014,0.9975952445949476,0.002404755405052361,469,31,0,0,500,0,
16,4,500,ZX_split,0.6014070094015904,0.5162306706117479,0.08517633878984254,0.998187344128085,0.0018126558719150365,236,14,188,62,250,250,
16,4,500,RL_adaptive,0.6014070094015904,0.6062201109862086,0.004813101584618229,0.9999942085244644,5.79147553558812e-06,267,24,165,44,291,209,0.9999942085244644
17,0,10,Z_only,6.18542426472569,0.0,0.09776104245389661,0.9976125969651559,0.0023874030348440822,10,0,0,0,10,0,
17,0,10,ZX_split,6.18542426472569,6.085789747329706,0.09963451739598383,0.9975202930995983,0.002479706900401668,5,0,2,3,5,5,
17,0,10,RL_adaptive,6.18542426472569,0.3217505543966422,0.41951159685053874,0.956643991445427,0.043356008554573,4,0,4,2,4,6,0.956643991445427
17,0,25,Z_only,6.18542426472569,0.0,0.09776104245389661,0.9976125969651559,0.0023874030348440822,25,0,0,0,25,0,
17,0,25,ZX_split,6.18542426472569,5.916011473361367,0.2694127913643225,0.9819636785995419,0.018036321400458077,12,0,4,9,12,13,
17,0,25,RL_adaptive,6.18542426472569,5.961434752782944,0.22398951194274552,0.9875095278353435,0.012490472164656485,10,0,5,10,10,15,0.9875095278353435
17,0,50,Z_only,6.18542426472569,0.0,0.09776104245389661,0.9976125969651559,0.0023874030348440822,50,0,0,0,50,0,
17,0,50,ZX_split,6.18542426472569,0.03997868712329008,0.13773972957718694,0.9952644358505349,0.004735564149465077,25,0,13,12,25,25,
17,0,50,RL_adaptive,6.18542426472569,0.0831412318884412,0.18090227434233785,0.9918408792731831,0.008159120726816904,26,0,13,11,26,24,0.9918408792731831
17,0,100,Z_only,6.18542426472569,0.0,0.09776104245389661,0.9976125969651559,0.0023874030348440822,100,0,0,0,100,0,
17,0,100,ZX_split,6.18542426472569,6.203355321467349,0.01793105674165929,0.9999196214546944,8.037854530562605e-05,50,0,23,27,50,50,
17,0,100,RL_adaptive,6.18542426472569,0.03997868712329008,0.13773972957718694,0.9952644358505349,0.004735564149465077,50,0,26,24,50,50,0.9952644358505349
17,0,250,Z_only,6.18542426472569,0.0,0.09776104245389661,0.9976125969651559,0.0023874030348440822,250,0,0,0,250,0,
17,0,250,ZX_split,6.18542426472569,6.148014608530577,0.03740965619511272,0.9996501702070816,0.0003498297929184213,125,0,54,71,125,125,
17,0,250,RL_adaptive,6.18542426472569,6.124232337350893,0.061191927374796506,0.9990641790720955,0.0009358209279044516,119,0,55,76,119,131,0.9990641790720955
17,0,500,Z_only,6.18542426472569,0.08947256020449473,0.18723360265839162,0.9912614677907668,0.008738532209233152,499,1,0,0,500,0,
17,0,500,ZX_split,6.18542426472569,6.1558775653087325,0.02954669941695709,0.9997817640158874,0.00021823598411263578,250,0,109,141,250,250,
17,0,500,RL_adaptive,6.18542426472569,6.1188052691216575,0.06661899560403217,0.9988908876423094,0.0011091123576906226,289,0,88,123,289,211,0.9988908876423094
17,1,10,Z_only,6.18542426472569,0.6435011087932843,0.7412621512471809,0.8688084587136403,0.13119154128635968,9,1,0,0,10,0,
17,1,10,ZX_split,6.18542426472569,5.497787143782138,0.6876371209435517,0.8863739604828336,0.11362603951716643,5,0,0,5,5,5,
17,1,10,RL_adaptive,6.18542426472569,6.085789747329706,0.09963451739598383,0.9975202930995983,0.002479706900401668,5,0,2,3,5,5,0.9975202930995983
17,1,25,Z_only,6.18542426472569,0.0,0.09776104245389661,0.9976125969651559,0.0023874030348440822,25,0,0,0,25,0,
17,1,25,ZX_split,6.18542426472569,0.36717383381821916,0.4649348762721157,0.9469253833379022,0.053074616662097784,12,0,9,4,12,13,
17,1,25,RL_adaptive,6.18542426472569,0.1418970546041639,0.23965809705806063,0.9857095946520895,0.014290405347910484,11,0,8,6,11,14,0.9857095946520895
17,1,50,Z_only,6.18542426472569,0.0,0.09776104245389661,0.9976125969651559,0.0023874030348440822,50,0,0,0,50,0,
17,1,50,ZX_split,6.18542426472569,0.03997868712329008,0.13773972957718694,0.9952644358505349,0.004735564149465077,25,0,13,12,25,25,
17,1,50,RL_adaptive,6.18542426472569,0.3217505543966422,0.41951159685053874,0.956643991445427,0.043356008554573,26,0,16,8,26,24,0.956643991445427
17,1,100,Z_only,6.18542426472569,0.0,0.09776104245389661,0.9976125969651559,0.0023874030348440822,100,0,0,0,100,0,
17,1,100,ZX_split,6.18542426472569,0.0,0.09776104245389661,0.9976125969651559,0.0023874030348440822,50,0,25,25,50,50,
17,1,100,RL_adaptive,6.18542426472569,0.06893099939702471,0.16669204185092124,0.9930695108002512,0.006930489199748813,51,2,25,22,53,47,0.9930695108002512
17,1,250,Z_only,6.18542426472569,0.0,0.09776104245389661,0.9976125969651559,0.0023874030348440822,250,0,0,0,250,0,
17,1,250,ZX_split,6.18542426472569,6.2751854778397,0.0897612131140102,0.9979870832182339,0.002012916781766072,125,0,62,63,125,125,
17,1,250,RL_adaptive,6.18542426472569,6.236283613696166,0.0508593489704765,0.9993534710368724,0.0006465289631275573,119,1,62,68,120,130,0.9993534710368724
17,1,500,Z_only,6.18542426472569,0.15507467296433847,0.252835715418235,0.9841034798913691,0.01589652010863085,497,3,0,0,500,0,
17,1,500,ZX_split,6.18542426472569,6.218758467754033,0.033334203028343445,0.9997222334490123,0.000277766550987657,249,1,117,133,250,250,
17,1,500,RL_adaptive,6.18542426472569,6.137309493729983,0.04811477099570638,0.9994213538479211,0.000578646152078921,289,0,90,121,289,211,0.9994213538479211
17,2,10,Z_only,6.18542426472569,0.0,0.09776104245389661,0.9976125969651559,0.0023874030348440822,10,0,0,0,10,0,
17,2,10,ZX_split,6.18542426472569,5.497787143782138,0.6876371209435517,0.8863739604828336,0.11362603951716643,5,0,0,5,5,5,
17,2,10,RL_adaptive,6.18542426472569,6.085789747329706,0.09963451739598383,0.9975202930995983,0.002479706900401668,5,0,2,3,5,5,0.9975202930995983
17,2,25,Z_only,6.18542426472569,0.0,0.09776104245389661,0.9976125969651559,0.0023874030348440822,25,0,0,0,25,0,
17,2,25,ZX_split,6.18542426472569,0.36717383381821916,0.4649348762721157,0.9469253833379022,0.053074616662097784,12,0,9,4,12,13,
17,2,25,RL_adaptive,6.18542426472569,5.961434752782944,0.22398951194274552,0.9875095278353435,0.012490472164656485,10,0,5,10,10,15,0.9875095278353435
17,2,50,Z_only,6.18542426472569,0.0,0.09776104245389661,0.9976125969651559,0.0023874030348440822,50,0,0,0,50,0,
17,2,50,ZX_split,6.18542426472569,0.03997868712329008,0.13773972957718694,0.9952644358505349,0.004735564149465077,25,0,13,12,25,25,
17,2,50,RL_adaptive,6.18542426472569,6.038206644052722,0.14721762067296762,0.9945915218101181,0.005408478189881882,26,0,9,15,26,24,0.9945915218101181
17,2,100,Z_only,6.18542426472569,0.0,0.09776104245389661,0.9976125969651559,0.0023874030348440822,100,0,0,0,100,0,
17,2,100,ZX_split,6.18542426472569,6.010176604092876,0.17524766063281394,0.9923416944871751,0.00765830551282487,50,0,18,32,50,50,
17,2,100,RL_adaptive,6.18542426472569,6.163756381161248,0.021667883564441937,0.9998826302976291,0.00011736970237086197,50,0,22,28,50,50,0.9998826302976291
17,2,250,Z_only,6.18542426472569,0.0,0.09776104245389661,0.9976125969651559,0.0023874030348440822,250,0,0,0,250,0,
17,2,250,ZX_split,6.18542426472569,6.259189913587717,0.07376564886202708,0.9986402739942408,0.0013597260057591765,125,0,61,64,125,125,
17,2,250,RL_adaptive,6.18542426472569,6.245035886308604,0.05961162158291433,0.9991118766886772,0.0008881233113228193,119,0,63,68,119,131,0.9991118766886772
17,2,500,Z_only,6.18542426472569,0.08947256020449473,0.18723360265839162,0.9912614677907668,0.008738532209233152,499,1,0,0,500,0,
17,2,500,ZX_split,6.18542426472569,0.07982998571223733,0.17759102816613392,0.9921360574391185,0.00786394256088152,250,0,135,115,250,250,
17,2,500,RL_adaptive,6.18542426472569,6.042250374083482,0.14317389064220798,0.9948840574318679,0.005115942568132081,290,1,79,130,291,209,0.9948840574318679
17,3,10,Z_only,6.18542426472569,0.0,0.09776104245389661,0.9976125969651559,0.0023874030348440822,10,0,0,0,10,0,
17,3,10,ZX_split,6.18542426472569,0.19739555984988072,0.29515660230377705,0.9783783000292138,0.021621699970786223,5,0,3,2,5,5,
17,3,10,RL_adaptive,6.18542426472569,0.3217505543966422,0.41951159685053874,0.956643991445427,0.043356008554573,4,0,4,2,4,6,0.956643991445427
17,3,25,Z_only,6.18542426472569,0.0,0.09776104245389661,0.9976125969651559,0.0023874030348440822,25,0,0,0,25,0,
17,3,25,ZX_split,6.18542426472569,6.013032107468181,0.17239215725750867,0.99258861827477,0.007411381725230037,11,1,5,8,12,13,
17,3,25,RL_adaptive,6.18542426472569,6.085789747329706,0.09963451739598383,0.9975202930995983,0.002479706900401668,10,0,6,9,10,15,0.9975202930995983
17,3,50,Z_only,6.18542426472569,0.0,0.09776104245389661,0.9976125969651559,0.0023874030348440822,50,0,0,0,50,0,
17,3,50,ZX_split,6.18542426472569,0.03997868712329008,0.13773972957718694,0.9952644358505349,0.004735564149465077,25,0,13,12,25,25,
17,3,50,RL_adaptive,6.18542426472569,6.200044075291145,0.01461981056545536,0.999946566236507,5.343376349298268e-05,26,0,11,13,26,24,0.999946566236507
17,3,100,Z_only,6.18542426472569,0.0,0.09776104245389661,0.9976125969651559,0.0023874030348440822,100,0,0,0,100,0,
17,3,100,ZX_split,6.18542426472569,6.124530044993185,0.06089421973250442,0.9990732599247641,0.0009267400752358546,50,0,21,29,50,50,
17,3,100,RL_adaptive,6.18542426472569,0.0,0.09776104245389661,0.9976125969651559,0.0023874030348440822,50,0,25,25,50,50,0.9976125969651559
17,3,250,Z_only,6.18542426472569,0.12657558596272397,0.22433662841662017,0.9874709474969763,0.012529052503023719,249,1,0,0,250,0,
17,3,250,ZX_split,6.18542426472569,0.07187596955633493,0.16963701201023174,0.9928230565692707,0.007176943430729277,125,0,67,58,125,125,
17,3,250,RL_adaptive,6.18542426472569,6.2145908037253115,0.02916653899962185,0.9997873433266926,0.00021265667330738758,119,0,61,70,119,131,0.9997873433266926
17,3,500,Z_only,6.18542426472569,0.08947256020449473,0.18723360265839162,0.9912614677907668,0.008738532209233152,499,1,0,0,500,0,
17,3,500,ZX_split,6.18542426472569,6.185932108928021,0.0005078442023309648,0.9999999355235679,6.447643208229437e-08,248,2,113,137,250,250,
17,3,500,RL_adaptive,6.18542426472569,6.235272269430136,0.0498480047044465,0.9993789227283464,0.0006210772716536139,289,1,100,110,290,210,0.9993789227283464
17,4,10,Z_only,6.18542426472569,0.0,0.09776104245389661,0.9976125969651559,0.0023874030348440822,10,0,0,0,10,0,
17,4,10,ZX_split,6.18542426472569,6.085789747329706,0.09963451739598383,0.9975202930995983,0.002479706900401668,5,0,2,3,5,5,
17,4,10,RL_adaptive,6.18542426472569,6.085789747329706,0.09963451739598383,0.9975202930995983,0.002479706900401668,5,0,2,3,5,5,0.9975202930995983
17,4,25,Z_only,6.18542426472569,0.0,0.09776104245389661,0.9976125969651559,0.0023874030348440822,25,0,0,0,25,0,
17,4,25,ZX_split,6.18542426472569,0.07677189126977799,0.1745329337236745,0.9924038757659943,0.007596124234005686,12,0,7,6,12,13,
17,4,25,RL_adaptive,6.18542426472569,0.0,0.09776104245389661,0.9976125969651559,0.0023874030348440822,11,0,7,7,11,14,0.9976125969651559
17,4,50,Z_only,6.18542426472569,0.0,0.09776104245389661,0.9976125969651559,0.0023874030348440822,50,0,0,0,50,0,
17,4,50,ZX_split,6.18542426472569,6.163756381161248,0.021667883564441937,0.9998826302976291,0.00011736970237086197,25,0,11,14,25,25,
17,4,50,RL_adaptive,6.18542426472569,6.200044075291145,0.01461981056545536,0.999946566236507,5.343376349298268e-05,26,0,11,13,26,24,0.999946566236507
17,4,100,Z_only,6.18542426472569,0.0,0.09776104245389661,0.9976125969651559,0.0023874030348440822,100,0,0,0,100,0,
17,4,100,ZX_split,6.18542426472569,5.924414636909014,0.2610096278166756,0.9830649649791652,0.01693503502083482,49,1,16,34,50,50,
17,4,100,RL_adaptive,6.18542426472569,0.0,0.09776104245389661,0.9976125969651559,0.0023874030348440822,50,0,25,25,50,50,0.9976125969651559
17,4,250,Z_only,6.18542426472569,0.17912481487888987,0.27688585733278614,0.9809556938688473,0.01904430613115271,248,2,0,0,250,0,
17,4,250,ZX_split,6.18542426472569,6.114084081178209,0.0713401835474805,0.9987281840907758,0.0012718159092242054,124,1,52,73,125,125,
17,4,250,RL_adaptive,6.18542426472569,6.124232337350893,0.061191927374796506,0.9990641790720955,0.0009358209279044516,119,0,55,76,119,131,0.9990641790720955
17,4,500,Z_only,6.18542426472569,0.12657558596272397,0.22433662841662017,0.9874709474969763,0.012529052503023719,498,2,0,0,500,0,
17,4,500,ZX_split,6.18542426472569,0.03997868712329008,0.13773972957718694,0.9952644358505349,0.004735564149465077,250,0,130,120,250,250,
17,4,500,RL_adaptive,6.18542426472569,6.14660028760372,0.03882397712196983,0.9996232220301657,0.00037677796983426326,289,0,91,120,289,211,0.9996232220301657
18,0,10,Z_only,5.752131782398949,0.0,0.5310535247806376,0.9311369999449529,0.06886300005504709,10,0,0,0,10,0,
18,0,10,ZX_split,5.752131782398949,6.085789747329706,0.33365796493075717,0.9724253393935259,0.027574660606474066,5,0,2,3,5,5,
18,0,10,RL_adaptive,5.752131782398949,5.497787143782138,0.25434463861681067,0.9839141998858338,0.01608580011416616,4,1,1,4,5,5,0.9839141998858338
18,0,25,Z_only,5.752131782398949,0.8230336921349761,1.3540872169156142,0.6075084379475789,0.3924915620524211,21,4,0,0,25,0,
18,0,25,ZX_split,5.752131782398949,5.490153704264645,0.2619780781343035,0.9829397812031404,0.017060218796859594,11,1,1,12,12,13,
18,0,25,RL_adaptive,5.752131782398949,5.850777531609048,0.09864574921009961,0.9975692261518796,0.0024307738481204044,11,1,4,9,12,13,0.9975692261518796
18,0,50,Z_only,5.752131782398949,0.283794109208328,0.8148476339889656,0.8429896330707699,0.1570103669292301,49,1,0,0,50,0,
18,0,50,ZX_split,5.752131782398949,5.987744470035866,0.23561268763691778,0.9861857493944023,0.013814250605597711,24,1,9,16,25,25,
18,0,50,RL_adaptive,5.752131782398949,5.806407837664878,0.05427605526592938,0.999263708235709,0.0007362917642910194,26,1,6,17,27,23,0.999263708235709
18,0,100,Z_only,5.752131782398949,0.7074832117793429,1.2385367365599809,0.6630899336881909,0.3369100663118091,88,12,0,0,100,0,
18,0,100,ZX_split,5.752131782398949,5.625296701997376,0.12683508040157232,0.9959836042878077,0.0040163957121922556,47,3,8,42,50,50,
18,0,100,RL_adaptive,5.752131782398949,5.637609512566331,0.1145222698326176,0.9967247444537353,0.0032752555462647326,51,7,9,33,58,42,0.9967247444537353
18,0,250,Z_only,5.752131782398949,0.5585961153385702,1.089649640119208,0.7313979884917434,0.2686020115082566,231,19,0,0,250,0,
18,0,250,ZX_split,5.752131782398949,5.9042056464382835,0.15207386403933487,0.9942295187405953,0.005770481259404714,119,6,40,85,125,125,
18,0,250,RL_adaptive,5.752131782398949,5.706810086588402,0.04532169581054646,0.9994865738650813,0.0005134261349186708,115,15,30,90,130,120,0.9994865738650813
18,0,500,Z_only,5.752131782398949,0.5660983819493275,1.097151906729965,0.7280662599882604,0.27193374001173964,461,39,0,0,500,0,
18,0,500,ZX_split,5.752131782398949,5.680508704544236,0.07162307785471267,0.9987180818258706,0.0012819181741293706,234,16,50,200,250,250,
18,0,500,RL_adaptive,5.752131782398949,5.780105894847177,0.027974112448228006,0.9998043750158925,0.00019562498410752305,271,21,55,153,292,208,0.9998043750158925
18,1,10,Z_only,5.752131782398949,0.0,0.5310535247806376,0.9311369999449529,0.06886300005504709,10,0,0,0,10,0,
18,1,10,ZX_split,5.752131782398949,4.90978454023457,0.8423472421643785,0.8328565655050142,0.1671434344949858,3,2,0,5,5,5,
18,1,10,RL_adaptive,5.752131782398949,6.085789747329706,0.33365796493075717,0.9724253393935259,0.027574660606474066,5,0,2,3,5,5,0.9724253393935259
18,1,25,Z_only,5.752131782398949,0.5735131044230967,1.1045666292037346,0.7247607961760854,0.27523920382391465,23,2,0,0,25,0,
18,1,25,ZX_split,5.752131782398949,5.789243938260005,0.037112155861056095,0.9996557114906186,0.0003442885093813963,12,0,3,10,12,13,
18,1,25,RL_adaptive,5.752131782398949,5.709518639011425,0.04261314338752342,0.9995460986947536,0.0004539013052463625,11,1,3,10,12,13,0.9995460986947536
18,1,50,Z_only,5.752131782398949,0.7074832117793429,1.2385367365599809,0.6630899336881909,0.3369100663118091,44,6,0,0,50,0,
18,1,50,ZX_split,5.752131782398949,5.80067201215711,0.04854022975816097,0.9994110771701152,0.0005889228298847637,23,2,7,18,25,25,
18,1,50,RL_adaptive,5.752131782398949,5.686259055992906,0.06587272640604258,0.9989155881888134,0.0010844118111865697,23,4,6,17,27,23,0.9989155881888134
18,1,100,Z_only,5.752131782398949,0.6761305095606613,1.2071840343412994,0.6778263303029972,0.3221736696970028,89,11,0,0,100,0,
18,1,100,ZX_split,5.752131782398949,5.683135093777833,0.06899668862111596,0.9988103363059574,0.0011896636940426086,44,6,12,38,50,50,
18,1,100,RL_adaptive,5.752131782398949,5.806780784743346,0.05464900234439707,0.9992535574351643,0.000746442564835692,50,5,13,32,55,45,0.9992535574351643
18,1,250,Z_only,5.752131782398949,0.5735131044230967,1.1045666292037346,0.7247607961760854,0.27523920382391465,230,20,0,0,250,0,
18,1,250,ZX_split,5.752131782398949,5.701805123374687,0.05032665902426192,0.9993669404811037,0.0006330595188962507,115,10,28,97,125,125,
18,1,250,RL_adaptive,5.752131782398949,5.78705814939128,0.034926366992331204,0.9996950682216839,0.00030493177831614204,117,8,33,92,125,125,0.9996950682216839
18,1,500,Z_only,5.752131782398949,0.6093853080307949,1.1404388328114328,0.7085978627852612,0.29140213721473884,455,45,0,0,500,0,
18,1,500,ZX_split,5.752131782398949,5.74823023339349,0.0039015490054588042,0.9999961944836667,3.8055163332773034e-06,233,17,61,189,250,250,
18,1,500,RL_adaptive,5.752131782398949,5.734464845646919,0.017666936752029905,0.9999219718659975,7.802813400248354e-05,275,18,48,159,293,207,0.9999219718659975
18,2,10,Z_only,5.752131782398949,0.6435011087932843,1.1745546335739219,0.6929769852208513,0.30702301477914873,9,1,0,0,10,0,
18,2,10,ZX_split,5.752131782398949,5.742765806909002,0.009365975489946443,0.9999780697860938,2.193021390617389e-05,5,0,1,4,5,5,
18,2,10,RL_adaptive,5.752131782398949,5.497787143782138,0.25434463861681067,0.9839141998858338,0.01608580011416616,6,0,0,4,6,4,0.9839141998858338
18,2,25,Z_only,5.752131782398949,0.0,0.5310535247806376,0.9311369999449529,0.06886300005504709,25,0,0,0,25,0,
18,2,25,ZX_split,5.752131782398949,5.789243938260005,0.037112155861056095,0.9996557114906186,0.0003442885093813963,12,0,3,10,12,13,
18,2,25,RL_adaptive,5.752131782398949,5.490153704264645,0.2619780781343035,0.9829397812031404,0.017060218796859594,11,1,1,12,12,13,0.9829397812031404
18,2,50,Z_only,5.752131782398949,0.4949341263408958,1.0259876511215333,0.7591272371820355,0.24087276281796455,47,3,0,0,50,0,
18,2,50,ZX_split,5.752131782398949,5.878293520894503,0.12616173849555423,0.9960260791358888,0.003973920864111191,23,2,8,17,25,25,
18,2,50,RL_adaptive,5.752131782398949,5.771603963780121,0.019472181381172682,0.9999052115331672,9.478846683275144e-05,25,2,6,17,27,23,0.9999052115331672
18,2,100,Z_only,5.752131782398949,0.5355266543143876,1.0665801790950251,0.7415606421189348,0.2584393578810652,93,7,0,0,100,0,
18,2,100,ZX_split,5.752131782398949,5.772696985262811,0.020565202863862098,0.9998942718341505,0.00010572816584952793,50,0,11,39,50,50,
18,2,100,RL_adaptive,5.752131782398949,5.986015278465618,0.23388349606666914,0.9863868526144502,0.013613147385549751,50,4,17,29,54,46,0.9863868526144502
18,2,250,Z_only,5.752131782398949,0.5880932667898044,1.1191467915704418,0.7182251304437773,0.28177486955622266,229,21,0,0,250,0,
18,2,250,ZX_split,5.752131782398949,5.823282999018616,0.0711512166196675,0.9987349099379161,0.0012650900620838623,116,9,36,89,125,125,
18,2,250,RL_adaptive,5.752131782398949,5.782012659348517,0.029880876949568425,0.9997767999062522,0.00022320009374776628,120,5,31,94,125,125,0.9997767999062522
18,2,500,Z_only,5.752131782398949,0.5276354822647822,1.0586890070454196,0.7450076566556951,0.2549923433443049,466,34,0,0,500,0,
18,2,500,ZX_split,5.752131782398949,5.719869045687618,0.0322627367113304,0.9997398015258547,0.00026019847414526787,239,11,53,197,250,250,
18,2,500,RL_adaptive,5.752131782398949,5.825190682361942,0.07305889996299353,0.9986661927202134,0.001333807279786603,277,15,58,150,292,208,0.9986661927202134
18,3,10,Z_only,5.752131782398949,0.6435011087932843,1.1745546335739219,0.6929769852208513,0.30702301477914873,9,1,0,0,10,0,
18,3,10,ZX_split,5.752131782398949,5.742765806909002,0.009365975489946443,0.9999780697860938,2.193021390617389e-05,5,0,1,4,5,5,
18,3,10,RL_adaptive,5.752131782398949,5.497787143782138,0.25434463861681067,0.9839141998858338,0.01608580011416616,6,0,0,4,6,4,0.9839141998858338
18,3,25,Z_only,5.752131782398949,0.9272952180016121,1.45834874278225,0.5561053803201574,0.44389461967984256,20,5,0,0,25,0,
18,3,25,ZX_split,5.752131782398949,5.4789214577604675,0.27321032463848116,0.9814548184688586,0.018545181531141375,10,2,2,11,12,13,
18,3,25,RL_adaptive,5.752131782398949,5.759906985047611,0.0077752026486619386,0.9999848866320815,1.51133679184845e-05,10,2,4,9,12,13,0.9999848866320815
18,3,50,Z_only,5.752131782398949,0.4949341263408958,1.0259876511215333,0.7591272371820355,0.24087276281796455,47,3,0,0,50,0,
18,3,50,ZX_split,5.752131782398949,5.8686784325948,0.11654665019585142,0.9966080616169869,0.0033919383830131045,25,0,7,18,25,25,
18,3,50,RL_adaptive,5.752131782398949,5.436253550433094,0.3158782319658542,0.9752619607749723,0.024738039225027708,23,5,3,19,28,22,0.9752619607749723
18,3,100,Z_only,5.752131782398949,0.45102681179626264,0.9820803365769004,0.7776468143074162,0.22235318569258378,95,5,0,0,100,0,
18,3,100,ZX_split,5.752131782398949,6.038206644052722,0.2860748616537734,0.9796794464953952,0.02032055350460482,45,5,20,30,50,50,
18,3,100,RL_adaptive,5.752131782398949,5.866936825742633,0.11480504334368469,0.9967085680331217,0.003291431966878311,51,4,14,31,55,45,0.9967085680331217
18,3,250,Z_only,5.752131782398949,0.7197053260246163,1.250758850805254,0.6573010669659546,0.3426989330340454,219,31,0,0,250,0,
18,3,250,ZX_split,5.752131782398949,5.715224563185085,0.03690721921386331,0.9996595029455758,0.00034049705442418254,115,10,29,96,125,125,
18,3,250,RL_adaptive,5.752131782398949,5.763060719664117,0.010928937265168415,0.9999701398797772,2.986012022276885e-05,118,8,31,93,126,124,0.9999701398797772
18,3,500,Z_only,5.752131782398949,0.4864457586357533,1.0174992834163907,0.7627475966183785,0.23725240338162146,471,29,0,0,500,0,
18,3,500,ZX_split,5.752131782398949,5.808385744153166,0.056253961754217485,0.9992090815520713,0.0007909184479286679,232,18,70,180,250,250,
18,3,500,RL_adaptive,5.752131782398949,5.680671562295248,0.07146022010370068,0.9987239024137631,0.001276097586236924,271,22,43,164,293,207,0.9987239024137631
18,4,10,Z_only,5.752131782398949,0.6435011087932843,1.1745546335739219,0.6929769852208513,0.30702301477914873,9,1,0,0,10,0,
18,4,10,ZX_split,5.752131782398949,5.252808480655274,0.4993233017436749,0.9389533936800474,0.06104660631995262,4,1,0,5,5,5,
18,4,10,RL_adaptive,5.752131782398949,5.497787143782138,0.25434463861681067,0.9839141998858338,0.01608580011416616,6,0,0,4,6,4,0.9839141998858338
18,4,25,Z_only,5.752131782398949,0.5735131044230967,1.1045666292037346,0.7247607961760854,0.27523920382391465,23,2,0,0,25,0,
18,4,25,ZX_split,5.752131782398949,5.677640643574616,0.07449113882433256,0.9986134089118074,0.0013865910881926125,12,0,2,11,12,13,
18,4,25,RL_adaptive,5.752131782398949,5.709518639011425,0.04261314338752342,0.9995460986947536,0.0004539013052463625,11,1,3,10,12,13,0.9995460986947536
18,4,50,Z_only,5.752131782398949,0.6435011087932843,1.1745546335739219,0.6929769852208513,0.30702301477914873,45,5,0,0,50,0,
18,4,50,ZX_split,5.752131782398949,5.80067201215711,0.04854022975816097,0.9994110771701152,0.0005889228298847637,23,2,7,18,25,25,
18,4,50,RL_adaptive,5.752131782398949,5.536394559910288,0.21573722248866023,0.9884094221036059,0.011590577896394061,25,3,3,19,28,22,0.9884094221036059
18,4,100,Z_only,5.752131782398949,0.6761305095606613,1.2071840343412994,0.6778263303029972,0.3221736696970028,89,11,0,0,100,0,
18,4,100,ZX_split,5.752131782398949,5.838766097278487,0.08663431487953854,0.9981247971735552,0.0018752028264448217,46,4,15,35,50,50,
18,4,100,RL_adaptive,5.752131782398949,5.695182703632018,0.05694907876693023,0.9991894197150964,0.0008105802849035504,49,7,11,33,56,44,0.9991894197150964
18,4,250,Z_only,5.752131782398949,0.4949341263408958,1.0259876511215333,0.7591272371820355,0.24087276281796455,235,15,0,0,250,0,
18,4,250,ZX_split,5.752131782398949,5.78705814939128,0.034926366992331204,0.9996950682216839,0.00030493177831614204,117,8,33,92,125,125,
18,4,250,RL_adaptive,5.752131782398949,5.708880477004884,0.04325130539406441,0.9995324040456005,0.0004675959543994912,122,3,24,101,125,125,0.9995324040456005
18,4,500,Z_only,5.752131782398949,0.5735131044230967,1.1045666292037346,0.7247607961760854,0.27523920382391465,460,40,0,0,500,0,
18,4,500,ZX_split,5.752131782398949,5.776086802787249,0.023955020388300774,0.9998565461097466,0.00014345389025338662,233,17,65,185,250,250,
18,4,500,RL_adaptive,5.752131782398949,5.696271456780595,0.055860325618353635,0.9992201088332351,0.0007798911667649122,271,22,45,162,293,207,0.9992201088332351
19,0,10,Z_only,3.085816162832526,3.141592653589793,0.055776490757267094,0.9992224473826735,0.0007775526173264824,0,10,0,0,10,0,
19,0,10,ZX_split,3.085816162832526,2.9441970937399127,0.14161906909261335,0.9949943842495386,0.005005615750461434,0,5,3,2,5,5,
19,0,10,RL_adaptive,3.085816162832526,3.4633432079864352,0.3775270451539092,0.964789532294228,0.035210467705771964,0,4,2,4,4,6,0.964789532294228
19,0,25,Z_only,3.085816162832526,3.141592653589793,0.055776490757267094,0.9992224473826735,0.0007775526173264824,0,25,0,0,25,0,
19,0,25,ZX_split,3.085816162832526,3.064820762320015,0.02099540051251081,0.9998898023374092,0.00011019766259079411,0,12,7,6,12,13,
19,0,25,RL_adaptive,3.085816162832526,3.660738767836316,0.5749226050037901,0.9196171949994004,0.08038280500059958,0,11,3,11,11,14,0.9196171949994004
19,0,50,Z_only,3.085816162832526,3.141592653589793,0.055776490757267094,0.9992224473826735,0.0007775526173264824,0,50,0,0,50,0,
19,0,50,ZX_split,3.085816162832526,3.181571340713083,0.09575517788055699,0.997709487432722,0.002290512567277969,0,25,12,13,25,25,
19,0,50,RL_adaptive,3.085816162832526,2.8685839505030826,0.21723221232944345,0.9882488619091034,0.011751138090896562,0,25,16,9,25,25,0.9882488619091034
19,0,100,Z_only,3.085816162832526,3.141592653589793,0.055776490757267094,0.9992224473826735,0.0007775526173264824,0,100,0,0,100,0,
19,0,100,ZX_split,3.085816162832526,3.2214226393020304,0.1356064764695044,0.9954097615596808,0.00459023844031925,0,50,23,27,50,50,
19,0,100,RL_adaptive,3.085816162832526,2.935268759560076,0.1505474032724501,0.994344563437295,0.005655436562704952,0,57,26,17,57,43,0.994344563437295
19,0,250,Z_only,3.085816162832526,3.141592653589793,0.055776490757267094,0.9992224473826735,0.0007775526173264824,0,250,0,0,250,0,
19,0,250,ZX_split,3.085816162832526,3.117597259997923,0.03178109716539712,0.9997475117187133,0.0002524882812866558,0,125,64,61,125,125,
19,0,250,RL_adaptive,3.085816162832526,3.0494176160333315,0.03639854679919452,0.9996688230135842,0.0003311769864158265,0,131,65,54,131,119,0.9996688230135842
19,0,500,Z_only,3.085816162832526,3.141592653589793,0.055776490757267094,0.9992224473826735,0.0007775526173264824,0,500,0,0,500,0,
19,0,500,ZX_split,3.085816162832526,3.0538187612625727,0.03199740156995334,0.9997440634106863,0.0002559365893136656,0,250,136,114,250,250,
19,0,500,RL_adaptive,3.085816162832526,3.205655812585266,0.11983964975273986,0.9964139094860873,0.0035860905139126764,0,235,124,141,235,265,0.9964139094860873
19,1,10,Z_only,3.085816162832526,3.141592653589793,0.055776490757267094,0.9992224473826735,0.0007775526173264824,0,10,0,0,10,0,
19,1,10,ZX_split,3.085816162832526,3.3389882134396736,0.25317205060714754,0.9840613852996152,0.015938614700384823,0,5,2,3,5,5,
19,1,10,RL_adaptive,3.085816162832526,3.141592653589793,0.055776490757267094,0.9992224473826735,0.0007775526173264824,0,4,3,3,4,6,0.9992224473826735
19,1,25,Z_only,3.085816162832526,3.141592653589793,0.055776490757267094,0.9992224473826735,0.0007775526173264824,0,25,0,0,25,0,
19,1,25,ZX_split,3.085816162832526,3.218364544859571,0.132548382027045,0.9956141585145348,0.0043858414854651695,0,12,6,7,12,13,
19,1,25,RL_adaptive,3.085816162832526,2.9147938055359073,0.17102235729661874,0.9927056435284964,0.00729435647150356,0,12,8,5,12,13,0.9927056435284964
19,1,50,Z_only,3.085816162832526,3.141592653589793,0.055776490757267094,0.9992224473826735,0.0007775526173264824,0,50,0,0,50,0,
19,1,50,ZX_split,3.085816162832526,3.4146013566765037,0.32878519384397764,0.9732176474172382,0.026782352582761848,0,25,9,16,25,25,
19,1,50,RL_adaptive,3.085816162832526,3.181571340713083,0.09575517788055699,0.997709487432722,0.002290512567277969,0,25,12,13,25,25,0.997709487432722
19,1,100,Z_only,3.085816162832526,3.141592653589793,0.055776490757267094,0.9992224473826735,0.0007775526173264824,0,100,0,0,100,0,
19,1,100,ZX_split,3.085816162832526,3.141592653589793,0.055776490757267094,0.9992224473826735,0.0007775526173264824,0,50,25,25,50,50,
19,1,100,RL_adaptive,3.085816162832526,3.2365443599325494,0.1507281971000234,0.9943309976863242,0.005669002313675842,0,58,19,23,58,42,0.9943309976863242
19,1,250,Z_only,3.085816162832526,3.015017067627069,0.07079909520545691,0.9987473953853077,0.001252604614692343,1,249,0,0,250,0,
19,1,250,ZX_split,3.085816162832526,3.1016139664665032,0.015797803633977203,0.9999376086476887,6.239135231134174e-05,0,125,65,60,125,125,
19,1,250,RL_adaptive,3.085816162832526,3.176061754589301,0.09024559175677505,0.9979653147729113,0.0020346852270887172,0,134,56,60,134,116,0.9979653147729113
19,1,500,Z_only,3.085816162832526,3.141592653589793,0.055776490757267094,0.9992224473826735,0.0007775526173264824,0,500,0,0,500,0,
19,1,500,ZX_split,3.085816162832526,2.9907472919688534,0.09506887086367266,0.9977421787496085,0.002257821250391534,0,250,144,106,250,250,
19,1,500,RL_adaptive,3.085816162832526,3.2356538882177794,0.14983772538525342,0.9943976574663159,0.005602342533684079,0,235,120,145,235,265,0.9943976574663159
19,2,10,Z_only,3.085816162832526,3.141592653589793,0.055776490757267094,0.9992224473826735,0.0007775526173264824,0,10,0,0,10,0,
19,2,10,ZX_split,3.085816162832526,3.3389882134396736,0.25317205060714754,0.9840613852996152,0.015938614700384823,0,5,2,3,5,5,
19,2,10,RL_adaptive,3.085816162832526,3.141592653589793,0.055776490757267094,0.9992224473826735,0.0007775526173264824,0,4,3,3,4,6,0.9992224473826735
19,2,25,Z_only,3.085816162832526,3.141592653589793,0.055776490757267094,0.9992224473826735,0.0007775526173264824,0,25,0,0,25,0,
19,2,25,ZX_split,3.085816162832526,2.774418819771574,0.311397343060952,0.9759531843539583,0.02404681564604172,0,12,9,4,12,13,
19,2,25,RL_adaptive,3.085816162832526,3.368391501643679,0.28257533881115293,0.9801702713170993,0.01982972868290067,0,12,5,8,12,13,0.9801702713170993
19,2,50,Z_only,3.085816162832526,3.141592653589793,0.055776490757267094,0.9992224473826735,0.0007775526173264824,0,50,0,0,50,0,
19,2,50,ZX_split,3.085816162832526,3.1016139664665032,0.015797803633977203,0.9999376086476887,6.239135231134174e-05,0,25,13,12,25,25,
19,2,50,RL_adaptive,3.085816162832526,3.1016139664665032,0.015797803633977203,0.9999376086476887,6.239135231134174e-05,0,25,13,12,25,25,0.9999376086476887
19,2,100,Z_only,3.085816162832526,3.141592653589793,0.055776490757267094,0.9992224473826735,0.0007775526173264824,0,100,0,0,100,0,
19,2,100,ZX_split,3.085816162832526,3.1016139664665032,0.015797803633977203,0.9999376086476887,6.239135231134174e-05,0,50,26,24,50,50,
19,2,100,RL_adaptive,3.085816162832526,3.1891757568667765,0.10335959403425043,0.9973315754604467,0.0026684245395532935,0,58,20,22,58,42,0.9973315754604467
19,2,250,Z_only,3.085816162832526,3.141592653589793,0.055776490757267094,0.9992224473826735,0.0007775526173264824,0,250,0,0,250,0,
19,2,250,ZX_split,3.085816162832526,3.0042513761228595,0.08156478670966649,0.9983377182698748,0.0016622817301251702,1,124,71,54,125,125,
19,2,250,RL_adaptive,3.085816162832526,2.9441970937399127,0.14161906909261335,0.9949943842495386,0.005005615750461434,0,130,72,48,130,120,0.9949943842495386
19,2,500,Z_only,3.085816162832526,3.0521200933852985,0.03369606944722747,0.9997161705830635,0.00028382941693649855,1,499,0,0,500,0,
19,2,500,ZX_split,3.085816162832526,3.1174038239309567,0.0315876610984307,0.9997505756568426,0.000249424343157445,1,249,128,122,250,250,
19,2,500,RL_adaptive,3.085816162832526,2.975058295768751,0.110757867063775,0.9969363075803024,0.0030636924196976167,1,235,154,110,236,264,0.9969363075803024
19,3,10,Z_only,3.085816162832526,3.141592653589793,0.055776490757267094,0.9992224473826735,0.0007775526173264824,0,10,0,0,10,0,
19,3,10,ZX_split,3.085816162832526,3.3389882134396736,0.25317205060714754,0.9840613852996152,0.015938614700384823,0,5,2,3,5,5,
19,3,10,RL_adaptive,3.085816162832526,3.7295952571373605,0.6437790943048345,0.8999165888924203,0.10008341110757968,0,4,1,5,4,6,0.8999165888924203
19,3,25,Z_only,3.085816162832526,3.141592653589793,0.055776490757267094,0.9992224473826735,0.0007775526173264824,0,25,0,0,25,0,
19,3,25,ZX_split,3.085816162832526,3.064820762320015,0.02099540051251081,0.9998898023374092,0.00011019766259079411,0,12,7,6,12,13,
19,3,25,RL_adaptive,3.085816162832526,3.064820762320015,0.02099540051251081,0.9998898023374092,0.00011019766259079411,0,12,7,6,12,13,0.9998898023374092
19,3,50,Z_only,3.085816162832526,3.141592653589793,0.055776490757267094,0.9992224473826735,0.0007775526173264824,0,50,0,0,50,0,
19,3,50,ZX_split,3.085816162832526,2.9441970937399127,0.14161906909261335,0.9949943842495386,0.005005615750461434,0,25,15,10,25,25,
19,3,50,RL_adaptive,3.085816162832526,2.796037073008081,0.289779089824445,0.9791535109433278,0.02084648905667219,0,25,17,8,25,25,0.9791535109433278
19,3,100,Z_only,3.085816162832526,3.141592653589793,0.055776490757267094,0.9992224473826735,0.0007775526173264824,0,100,0,0,100,0,
19,3,100,ZX_split,3.085816162832526,3.141592653589793,0.055776490757267094,0.9992224473826735,0.0007775526173264824,0,50,25,25,50,50,
19,3,100,RL_adaptive,3.085816162832526,3.2365443599325494,0.1507281971000234,0.9943309976863242,0.005669002313675842,0,58,19,23,58,42,0.9943309976863242
19,3,250,Z_only,3.085816162832526,3.141592653589793,0.055776490757267094,0.9992224473826735,0.0007775526173264824,0,250,0,0,250,0,
19,3,250,ZX_split,3.085816162832526,2.8834815372066314,0.20233462562589466,0.9898000444189804,0.010199955581019604,0,125,79,46,125,125,
19,3,250,RL_adaptive,3.085816162832526,3.0738996308958244,0.011916531936701613,0.9999644994867537,3.5500513246300436e-05,0,132,63,55,132,118,0.9999644994867537
19,3,500,Z_only,3.085816162832526,3.141592653589793,0.055776490757267094,0.9992224473826735,0.0007775526173264824,0,500,0,0,500,0,
19,3,500,ZX_split,3.085816162832526,3.1174038239309567,0.0315876610984307,0.9997505756568426,0.000249424343157445,1,249,128,122,250,250,
19,3,500,RL_adaptive,3.085816162832526,3.1076434381686093,0.021827275336083307,0.99988089724164,0.00011910275836002349,0,235,137,128,235,265,0.99988089724164
19,4,10,Z_only,3.085816162832526,3.141592653589793,0.055776490757267094,0.9992224473826735,0.0007775526173264824,0,10,0,0,10,0,
19,4,10,ZX_split,3.085816162832526,2.9441970937399127,0.14161906909261335,0.9949943842495386,0.005005615750461434,0,5,3,2,5,5,
19,4,10,RL_adaptive,3.085816162832526,2.819842099193151,0.26597406363937504,0.9824184633934597,0.01758153660654027,0,4,4,2,4,6,0.9824184633934597
19,4,25,Z_only,3.085816162832526,3.141592653589793,0.055776490757267094,0.9992224473826735,0.0007775526173264824,0,25,0,0,25,0,
19,4,25,ZX_split,3.085816162832526,3.218364544859571,0.132548382027045,0.9956141585145348,0.0043858414854651695,0,12,6,7,12,13,
19,4,25,RL_adaptive,3.085816162832526,2.9147938055359073,0.17102235729661874,0.9927056435284964,0.00729435647150356,0,12,8,5,12,13,0.9927056435284964
19,4,50,Z_only,3.085816162832526,3.141592653589793,0.055776490757267094,0.9992224473826735,0.0007775526173264824,0,50,0,0,50,0,
19,4,50,ZX_split,3.085816162832526,3.181571340713083,0.09575517788055699,0.997709487432722,0.002290512567277969,0,25,12,13,25,25,
19,4,50,RL_adaptive,3.085816162832526,2.9441970937399127,0.14161906909261335,0.9949943842495386,0.005005615750461434,0,25,15,10,25,25,0.9949943842495386
19,4,100,Z_only,3.085816162832526,3.141592653589793,0.055776490757267094,0.9992224473826735,0.0007775526173264824,0,100,0,0,100,0,
19,4,100,ZX_split,3.085816162832526,3.061762667877556,0.024053494954970223,0.9998553643188107,0.00014463568118927572,0,50,27,23,50,50,
19,4,100,RL_adaptive,3.085816162832526,2.935268759560076,0.1505474032724501,0.994344563437295,0.005655436562704952,0,57,26,17,57,43,0.994344563437295
19,4,250,Z_only,3.085816162832526,3.141592653589793,0.055776490757267094,0.9992224473826735,0.0007775526173264824,0,250,0,0,250,0,
19,4,250,ZX_split,3.085816162832526,3.0379651935929215,0.047850969239604524,0.9994276804022871,0.000572319597712867,0,125,69,56,125,125,
19,4,250,RL_adaptive,3.085816162832526,3.2196943313097783,0.1338781684772523,0.9955258476494346,0.0044741523505653635,0,135,53,62,135,115,0.9955258476494346
19,4,500,Z_only,3.085816162832526,3.0521200933852985,0.03369606944722747,0.9997161705830635,0.00028382941693649855,1,499,0,0,500,0,
19,4,500,ZX_split,3.085816162832526,3.197534224823354,0.11171806199082779,0.9968830125876299,0.003116987412370098,0,250,118,132,250,250,
19,4,500,RL_adaptive,3.085816162832526,3.0350307397068677,0.05078542312565837,0.999355348772202,0.0006446512277979988,1,235,146,118,236,264,0.999355348772202
20,0,10,Z_only,0.8038527210634112,0.9272952180016121,0.12344249693820086,0.9961953224928292,0.0038046775071708394,8,2,0,0,10,0,
20,0,10,ZX_split,0.8038527210634112,0.5404195002705843,0.26343322079282694,0.9827508350780286,0.01724916492197137,5,0,4,1,5,5,
20,0,10,RL_adaptive,0.8038527210634112,0.7853981633974483,0.018454557665962934,0.9999148597417361,8.514025826389382e-05,4,0,6,0,4,6,0.9999148597417361
20,0,25,Z_only,0.8038527210634112,0.7074832117793429,0.09636950928406829,0.9976800257367978,0.0023199742632021847,22,3,0,0,25,0,
20,0,25,ZX_split,0.8038527210634112,0.6932231258409866,0.11062959522242466,0.9969433925351681,0.0030566074648319397,11,1,11,2,12,13,
20,0,25,RL_adaptive,0.8038527210634112,0.9611364600828151,0.15728373901940385,0.9938281953780065,0.006171804621993515,11,3,10,1,14,11,0.9938281953780065
20,0,50,Z_only,0.8038527210634112,0.5735131044230967,0.23033961664031455,0.9867944569475872,0.013205543052412838,46,4,0,0,50,0,
20,0,50,ZX_split,0.8038527210634112,0.7853981633974483,0.018454557665962934,0.9999148597417361,8.514025826389382e-05,21,4,21,4,25,25,
20,0,50,RL_adaptive,0.8038527210634112,0.7700442836550461,0.033808437408365144,0.9997142746071489,0.00028572539285109944,25,2,21,2,27,23,0.9997142746071489
20,0,100,Z_only,0.8038527210634112,0.6435011087932843,0.16035161227012695,0.99358560205722,0.006414397942779981,90,10,0,0,100,0,
20,0,100,ZX_split,0.8038527210634112,0.7853981633974483,0.018454557665962934,0.9999148597417361,8.514025826389382e-05,42,8,42,8,50,50,
20,0,100,RL_adaptive,0.8038527210634112,0.7840736608607187,0.01977906020269249,0.999902200382796,9.779961720401964e-05,47,11,34,8,58,42,0.999902200382796
20,0,250,Z_only,0.8038527210634112,0.8762980611683407,0.07244534010492953,0.9986884919267932,0.0013115080732067907,205,45,0,0,250,0,
20,0,250,ZX_split,0.8038527210634112,0.8100845054530478,0.006231784389636563,0.9999902912472504,9.708752749637561e-06,102,23,104,21,125,125,
20,0,250,RL_adaptive,0.8038527210634112,0.7686399558152109,0.03521276524820027,0.9996900473197432,0.00030995268025679756,102,18,109,21,120,130,0.9996900473197432
20,0,500,Z_only,0.8038527210634112,0.7553961630373626,0.048456558026048646,0.99941310534713,0.0005868946528699848,432,68,0,0,500,0,
20,0,500,ZX_split,0.8038527210634112,0.7467433943003016,0.05710932676310965,0.9991848527838355,0.0008151472161644913,219,31,212,38,250,250,
20,0,500,RL_adaptive,0.8038527210634112,0.7979673338483848,0.005885387215026405,0.9999913405793276,8.65942067240777e-06,246,44,180,30,290,210,0.9999913405793276
20,1,10,Z_only,0.8038527210634112,0.9272952180016121,0.12344249693820086,0.9961953224928292,0.0038046775071708394,8,2,0,0,10,0,
20,1,10,ZX_split,0.8038527210634112,1.373400766945016,0.5695480458816047,0.9210723890482008,0.07892761095179923,3,2,5,0,5,5,
20,1,10,RL_adaptive,0.8038527210634112,1.0303768265243125,0.2265241054609013,0.9872264687012726,0.01277353129872738,4,1,5,0,5,5,0.9872264687012726
20,1,25,Z_only,0.8038527210634112,0.8230336921349761,0.019180971071564912,0.9999080254071016,9.197459289844723e-05,21,4,0,0,25,0,
20,1,25,ZX_split,0.8038527210634112,0.9034901918165423,0.09963747075313112,0.9975201462125751,0.0024798537874248794,10,2,12,1,12,13,
20,1,25,RL_adaptive,0.8038527210634112,0.4487233440107211,0.3551293770526901,0.968800755377558,0.031199244622441946,11,2,8,4,13,12,0.968800755377558
20,1,50,Z_only,0.8038527210634112,0.7669940078618667,0.036858713201544546,0.9996603972655851,0.0003396027344149122,43,7,0,0,50,0,
20,1,50,ZX_split,0.8038527210634112,0.9025069079643125,0.09865418690090133,0.9975688106376331,0.002431189362366859,20,5,22,3,25,25,
20,1,50,RL_adaptive,0.8038527210634112,0.8652281491096856,0.06137542804627438,0.9990585597930178,0.0009414402069821692,23,4,21,2,27,23,0.9990585597930178
20,1,100,Z_only,0.8038527210634112,0.6761305095606613,0.12772221150274987,0.9959273001745286,0.004072699825471426,89,11,0,0,100,0,
20,1,100,ZX_split,0.8038527210634112,0.7328151017865066,0.07103761927690466,0.9987389446055761,0.0012610553944238934,45,5,43,7,50,50,
20,1,100,RL_adaptive,0.8038527210634112,0.9089003402986402,0.10504761923522898,0.9972437853918609,0.0027562146081391292,48,11,37,4,59,41,0.9972437853918609
20,1,250,Z_only,0.8038527210634112,0.8338901460262788,0.030037424962867543,0.9997744552342538,0.00022554476574621063,209,41,0,0,250,0,
20,1,250,ZX_split,0.8038527210634112,0.7433177559555577,0.0605349651078535,0.9990841592246011,0.0009158407753988573,112,13,108,17,125,125,
20,1,250,RL_adaptive,0.8038527210634112,0.8330288991250853,0.029176178061674052,0.9997872027543643,0.00021279724563572078,101,20,112,17,121,129,0.9997872027543643
20,1,500,Z_only,0.8038527210634112,0.8710809098859531,0.06722818882254189,0.9988705181563369,0.001129481843663127,411,89,0,0,500,0,
20,1,500,ZX_split,0.8038527210634112,0.790862589881936,0.012990131181475184,0.9999578147161848,4.218528381516595e-05,216,34,217,33,250,250,
20,1,500,RL_adaptive,0.8038527210634112,0.7670344108380405,0.03681831022537074,0.999661141290031,0.00033885870996896994,256,35,181,28,291,209,0.999661141290031
20,2,10,Z_only,0.8038527210634112,0.0,0.8038527210634112,0.8469688862502814,0.15303111374971856,10,0,0,0,10,0,
20,2,10,ZX_split,0.8038527210634112,1.2490457723982544,0.4451930513348432,0.9512637740543233,0.048736225945676726,3,2,4,1,5,5,
20,2,10,RL_adaptive,0.8038527210634112,1.0303768265243125,0.2265241054609013,0.9872264687012726,0.01277353129872738,4,1,5,0,5,5,0.9872264687012726
20,2,25,Z_only,0.8038527210634112,0.7074832117793429,0.09636950928406829,0.9976800257367978,0.0023199742632021847,22,3,0,0,25,0,
20,2,25,ZX_split,0.8038527210634112,0.5736666681681609,0.2301860528952503,0.9868119811376261,0.013188018862373863,11,1,10,3,12,13,
20,2,25,RL_adaptive,0.8038527210634112,0.7483780475235182,0.055474673539892994,0.9992308374335321,0.0007691625664678625,10,3,9,3,13,12,0.9992308374335321
20,2,50,Z_only,0.8038527210634112,0.8230336921349761,0.019180971071564912,0.9999080254071016,9.197459289844723e-05,42,8,0,0,50,0,
20,2,50,ZX_split,0.8038527210634112,0.5543074962015512,0.24954522486186004,0.9845124173405373,0.015487582659462706,23,2,19,6,25,25,
20,2,50,RL_adaptive,0.8038527210634112,0.9262502863025116,0.12239756523910039,0.9962593824064547,0.00374061759354527,21,6,20,3,27,23,0.9962593824064547
20,2,100,Z_only,0.8038527210634112,0.8762980611683407,0.07244534010492953,0.9986884919267932,0.0013115080732067907,82,18,0,0,100,0,
20,2,100,ZX_split,0.8038527210634112,0.7086262721276702,0.09522644893574106,0.9977346934632979,0.002265306536702094,46,4,43,7,50,50,
20,2,100,RL_adaptive,0.8038527210634112,0.8666850481193714,0.0628323270559602,0.9990133493332237,0.0009866506667762787,46,13,34,7,59,41,0.9990133493332237
20,2,250,Z_only,0.8038527210634112,0.743653684300914,0.06019903676249716,0.9990942925606972,0.0009057074393028497,217,33,0,0,250,0,
20,2,250,ZX_split,0.8038527210634112,0.7853981633974483,0.018454557665962934,0.9999148597417361,8.514025826389382e-05,111,14,111,14,125,125,
20,2,250,RL_adaptive,0.8038527210634112,0.7780838725644955,0.025768848498915697,0.9998340007978184,0.00016599920218163255,100,21,106,23,121,129,0.9998340007978184
20,2,500,Z_only,0.8038527210634112,0.8446406808207164,0.0407879597573052,0.9995841432431118,0.0004158567568881555,416,84,0,0,500,0,
20,2,500,ZX_split,0.8038527210634112,0.8133238627900607,0.009471141726649535,0.9999775745362343,2.2425463765740616e-05,212,38,217,33,250,250,
20,2,500,RL_adaptive,0.8038527210634112,0.7536892624037295,0.05016345865968175,0.9993710387621556,0.0006289612378443943,248,42,175,35,290,210,0.9993710387621556
20,3,10,Z_only,0.8038527210634112,1.1592794807274087,0.3554267596639975,0.9687490329462505,0.03125096705374952,7,3,0,0,10,0,
20,3,10,ZX_split,0.8038527210634112,0.7853981633974483,0.018454557665962934,0.9999148597417361,8.514025826389382e-05,4,1,4,1,5,5,
20,3,10,RL_adaptive,0.8038527210634112,0.7853981633974483,0.018454557665962934,0.9999148597417361,8.514025826389382e-05,4,1,4,1,5,5,0.9999148597417361
20,3,25,Z_only,0.8038527210634112,0.7074832117793429,0.09636950928406829,0.9976800257367978,0.0023199742632021847,22,3,0,0,25,0,
20,3,25,ZX_split,0.8038527210634112,0.8224182792713784,0.018565558207967237,0.999913832487167,8.616751283296864e-05,9,3,10,3,12,13,
20,3,25,RL_adaptive,0.8038527210634112,0.5736666681681609,0.2301860528952503,0.9868119811376261,0.013188018862373863,11,1,10,3,12,13,0.9868119811376261
20,3,50,Z_only,0.8038527210634112,0.8762980611683407,0.07244534010492953,0.9986884919267932,0.0013115080732067907,41,9,0,0,50,0,
20,3,50,ZX_split,0.8038527210634112,0.9707461133931431,0.16689339232973188,0.993052796653225,0.0069472033467750105,19,6,22,3,25,25,
20,3,50,RL_adaptive,0.8038527210634112,0.9670882084161898,0.1632354873527786,0.9933533224512684,0.0066466775487316054,22,5,22,1,27,23,0.9933533224512684
20,3,100,Z_only,0.8038527210634112,0.6761305095606613,0.12772221150274987,0.9959273001745286,0.004072699825471426,89,11,0,0,100,0,
20,3,100,ZX_split,0.8038527210634112,0.6254850402392291,0.17836768082418208,0.9920673076776994,0.00793269232230065,43,7,38,12,50,50,
20,3,100,RL_adaptive,0.8038527210634112,0.7177051407034796,0.08614758035993164,0.998145795758655,0.00185420424134497,52,3,40,5,55,45,0.998145795758655
20,3,250,Z_only,0.8038527210634112,0.8969451631747671,0.09309244211135592,0.9978350135008248,0.002164986499175181,203,47,0,0,250,0,
20,3,250,ZX_split,0.8038527210634112,0.8283824232652195,0.02452970220180828,0.9998495809700391,0.00015041902996093537,107,18,111,14,125,125,
20,3,250,RL_adaptive,0.8038527210634112,0.8753255573216396,0.07147283625822842,0.9987234519810385,0.0012765480189614875,96,26,108,20,122,128,0.9987234519810385
20,3,500,Z_only,0.8038527210634112,0.8175643462529458,0.013711625189534615,0.9999529985700618,4.700142993818712e-05,421,79,0,0,500,0,
20,3,500,ZX_split,0.8038527210634112,0.8073726476941109,0.0035199266306996657,0.9999969025323265,3.0974676734629725e-06,214,36,218,32,250,250,
20,3,500,RL_adaptive,0.8038527210634112,0.8497534073750874,0.04590068631167621,0.999473374219907,0.000526625780092993,239,50,184,27,289,211,0.999473374219907
20,4,10,Z_only,0.8038527210634112,0.6435011087932843,0.16035161227012695,0.99358560205722,0.006414397942779981,9,1,0,0,10,0,
20,4,10,ZX_split,0.8038527210634112,0.5404195002705843,0.26343322079282694,0.9827508350780286,0.01724916492197137,5,0,4,1,5,5,
20,4,10,RL_adaptive,0.8038527210634112,0.5880026035475675,0.2158501175158437,0.9883973354063266,0.011602664593673429,4,0,5,1,4,6,0.9883973354063266
20,4,25,Z_only,0.8038527210634112,1.0239453760989525,0.22009265503554132,0.987938612534067,0.012061387465932993,19,6,0,0,25,0,
20,4,25,ZX_split,0.8038527210634112,1.1071487177940904,0.3032959967306792,0.9771786340323961,0.022821365967603868,9,3,13,0,12,13,
20,4,25,RL_adaptive,0.8038527210634112,0.7665324773757776,0.03732024368763365,0.9996518402653453,0.0003481597346547405,11,2,10,2,13,12,0.9996518402653453
20,4,50,Z_only,0.8038527210634112,0.4949341263408958,0.3089185947225154,0.9763314524968137,0.023668547503186255,47,3,0,0,50,0,
20,4,50,ZX_split,0.8038527210634112,1.0460005551447893,0.24214783408137808,0.9854125944796199,0.01458740552038007,18,7,22,3,25,25,
20,4,50,RL_adaptive,0.8038527210634112,0.8652281491096857,0.061375428046274494,0.9990585597930178,0.0009414402069821692,24,3,22,1,27,23,0.9990585597930178
20,4,100,Z_only,0.8038527210634112,0.7377259684532488,0.06612675261016243,0.9989072114417482,0.0010927885582517893,87,13,0,0,100,0,
20,4,100,ZX_split,0.8038527210634112,0.896055384571344,0.09220266350793282,0.9978761724637214,0.0021238275362785997,41,9,45,5,50,50,
20,4,100,RL_adaptive,0.8038527210634112,0.8903918154791598,0.08653909441574859,0.9981289144374399,0.0018710855625601042,48,10,38,4,58,42,0.9981289144374399
20,4,250,Z_only,0.8038527210634112,0.8446406808207164,0.0407879597573052,0.9995841432431118,0.0004158567568881555,208,42,0,0,250,0,
20,4,250,ZX_split,0.8038527210634112,0.8100845054530478,0.006231784389636563,0.9999902912472504,9.708752749637561e-06,102,23,104,21,125,125,
20,4,250,RL_adaptive,0.8038527210634112,0.9045727518600364,0.10072003079662517,0.9974660121112935,0.0025339878887065126,97,24,114,15,121,129,0.9974660121112935
20,4,500,Z_only,0.8038527210634112,0.8009846876655522,0.0028680333978590156,0.9999979435975168,2.0564024831859484e-06,424,76,0,0,500,0,
20,4,500,ZX_split,0.8038527210634112,0.8462983716754362,0.04244565061202499,0.9995496593045194,0.00045034069548055555,202,48,212,38,250,250,
20,4,500,RL_adaptive,0.8038527210634112,0.8002065998021659,0.0036461212612453053,0.9999966764536191,3.323546380884501e-06,235,53,175,37,288,212,0.9999966764536191
21,0,10,Z_only,5.416947847786638,1.369438406004566,2.235675865397514,0.19151783242215034,0.8084821675778496,6,4,0,0,10,0,
21,0,10,ZX_split,5.416947847786638,5.497787143782138,0.08083929599550022,0.998367141572734,0.0016328584272660152,5,0,0,5,5,5,
21,0,10,RL_adaptive,5.416947847786638,5.3003915839322575,0.11655626385438023,0.996607502641584,0.003392497358415958,5,1,0,4,6,4,0.996607502641584
21,0,25,Z_only,5.416947847786638,1.1151976533990733,1.9814351127920222,0.30040245472095445,0.6995975452790455,18,7,0,0,25,0,
21,0,25,ZX_split,5.416947847786638,5.407127256581393,0.009820591205245144,0.9999758891908744,2.4110809125565957e-05,11,1,0,13,12,13,
21,0,25,RL_adaptive,5.416947847786638,5.3796951153630435,0.03725273242359428,0.9996530986026938,0.0003469013973061985,10,2,1,12,12,13,0.9996530986026938
21,0,50,Z_only,5.416947847786638,0.9764105267938343,1.8426479861867833,0.3657422230811521,0.6342577769188479,39,11,0,0,50,0,
21,0,50,ZX_split,5.416947847786638,5.45614456468355,0.039196716896912065,0.9996159535200981,0.00038404647990186724,24,1,0,25,25,25,
21,0,50,RL_adaptive,5.416947847786638,5.817056313693479,0.40010846590684146,0.9605093749856277,0.03949062501437228,24,3,7,16,27,23,0.9605093749856277
21,0,100,Z_only,5.416947847786638,0.8499775659248071,1.716215025317756,0.42754663915290075,0.5724533608470992,83,17,0,0,100,0,
21,0,100,ZX_split,5.416947847786638,5.614895888349002,0.19794804056236437,0.9902360878303124,0.009763912169687639,44,6,10,40,50,50,
21,0,100,RL_adaptive,5.416947847786638,5.328771964663807,0.08817588312283053,0.9980575124661365,0.0019424875338635017,51,10,1,38,61,39,0.9980575124661365
21,0,250,Z_only,5.416947847786638,0.8120668063852188,1.6783042657781673,0.44634951836234554,0.5536504816376544,211,39,0,0,250,0,
21,0,250,ZX_split,5.416947847786638,5.395868776301264,0.02107907148537347,0.9998889222993245,0.00011107770067553258,102,23,14,111,125,125,
21,0,250,RL_adaptive,5.416947847786638,5.475956551277854,0.0590087034912159,0.9991297457927688,0.0008702542072311914,115,23,17,95,138,112,0.9991297457927688
21,0,500,Z_only,5.416947847786638,0.9322858986530191,1.7985233580459674,0.38711808837835193,0.6128819116216481,399,101,0,0,500,0,
21,0,500,ZX_split,5.416947847786638,5.442288638536421,0.025340790749782904,0.999839469671775,0.0001605303282250503,210,40,30,220,250,250,
21,0,500,RL_adaptive,5.416947847786638,5.347822400775033,0.06912544701160517,0.9988058937433738,0.0011941062566261929,234,58,19,189,292,208,0.9988058937433738
21,1,10,Z_only,5.416947847786638,0.0,0.8662374593929485,0.8238488974054681,0.17615110259453193,10,0,0,0,10,0,
21,1,10,ZX_split,5.416947847786638,5.497787143782138,0.08083929599550022,0.998367141572734,0.0016328584272660152,4,1,1,4,5,5,
21,1,10,RL_adaptive,5.416947847786638,5.034139534781332,0.38280831300530593,0.9638096570782424,0.0361903429217576,4,2,0,4,6,4,0.9638096570782424
21,1,25,Z_only,5.416947847786638,0.5735131044230967,1.4397505638160455,0.5653355051325631,0.43466449486743686,23,2,0,0,25,0,
21,1,25,ZX_split,5.416947847786638,5.176036589385496,0.24091125840114191,0.9855604815355752,0.014439518464424816,9,3,0,13,12,13,
21,1,25,RL_adaptive,5.416947847786638,5.565480166476107,0.14853231868946892,0.9944946702307175,0.00550532976928253,10,1,2,12,11,14,0.9944946702307175
21,1,50,Z_only,5.416947847786638,0.8762980611683407,1.7425355205612894,0.414551892392591,0.585448107607409,41,9,0,0,50,0,
21,1,50,ZX_split,5.416947847786638,5.194902275407166,0.22204557237947142,0.9877245016985262,0.012275498301473786,18,7,2,23,25,25,
21,1,50,RL_adaptive,5.416947847786638,5.551643369226317,0.13469552143967967,0.9954711325681015,0.004528867431898509,22,5,5,18,27,23,0.9954711325681015
21,1,100,Z_only,5.416947847786638,0.9764105267938343,1.8426479861867833,0.3657422230811521,0.6342577769188479,78,22,0,0,100,0,
21,1,100,ZX_split,5.416947847786638,5.341185266800123,0.075762580986515,0.9985656941000907,0.0014343058999093383,41,9,3,47,50,50,
21,1,100,RL_adaptive,5.416947847786638,5.454648455686114,0.0377006078994766,0.9996447081264163,0.0003552918735837407,48,10,6,36,58,42,0.9996447081264163
21,1,250,Z_only,5.416947847786638,0.8762980611683407,1.7425355205612894,0.414551892392591,0.585448107607409,205,45,0,0,250,0,
21,1,250,ZX_split,5.416947847786638,5.43688693550415,0.019939087717512294,0.9999006114881153,9.938851188473485e-05,101,24,19,106,125,125,
21,1,250,RL_adaptive,5.416947847786638,5.495516713778244,0.07856886599160617,0.9984575270515358,0.001542472948464213,121,16,13,100,137,113,0.9984575270515358
21,1,500,Z_only,5.416947847786638,0.8065404631950343,1.6727779225879829,0.44909754229225196,0.550902457707748,423,77,0,0,500,0,
21,1,500,ZX_split,5.416947847786638,5.399835719139361,0.017112128647276847,0.9999267955496568,7.320445034320056e-05,203,47,30,220,250,250,
21,1,500,RL_adaptive,5.416947847786638,5.419659933712671,0.0027120859260332253,0.9999981611486095,1.8388513904898929e-06,242,50,24,184,292,208,0.9999981611486095
21,2,10,Z_only,5.416947847786638,0.6435011087932843,1.5097385681862328,0.5305099139756917,0.4694900860243083,9,1,0,0,10,0,
21,2,10,ZX_split,5.416947847786638,5.497787143782138,0.08083929599550022,0.998367141572734,0.0016328584272660152,5,0,0,5,5,5,
21,2,10,RL_adaptive,5.416947847786638,5.742765806909002,0.32581795912236444,0.9736946139467397,0.02630538605326027,5,0,1,4,5,5,0.9736946139467397
21,2,25,Z_only,5.416947847786638,0.5735131044230967,1.4397505638160455,0.5653355051325631,0.43466449486743686,23,2,0,0,25,0,
21,2,25,ZX_split,5.416947847786638,5.161112324395411,0.2558355233912266,0.9837261005056602,0.016273899494339772,8,4,2,11,12,13,
21,2,25,RL_adaptive,5.416947847786638,5.337874020623919,0.07907382716271893,0.9984376467923012,0.001562353207698819,9,3,2,11,12,13,0.9984376467923012
21,2,50,Z_only,5.416947847786638,0.8762980611683407,1.7425355205612894,0.414551892392591,0.585448107607409,41,9,0,0,50,0,
21,2,50,ZX_split,5.416947847786638,5.543210423203715,0.1262625754170772,0.9960197325941235,0.003980267405876536,24,1,2,23,25,25,
21,2,50,RL_adaptive,5.416947847786638,5.585400117803608,0.16845227001696994,0.9929227174655355,0.007077282534464491,24,3,4,19,27,23,0.9929227174655355
21,2,100,Z_only,5.416947847786638,0.8499775659248071,1.716215025317756,0.42754663915290075,0.5724533608470992,83,17,0,0,100,0,
21,2,100,ZX_split,5.416947847786638,5.392910205051904,0.024037642734733744,0.9998555548882719,0.0001444451117280643,42,8,4,46,50,50,
21,2,100,RL_adaptive,5.416947847786638,5.591263924940727,0.17431607715408948,0.9924226925627369,0.007577307437263148,49,9,9,33,58,42,0.9924226925627369
21,2,250,Z_only,5.416947847786638,0.7897822195714551,1.6560196789644035,0.45743988676078556,0.5425601132392144,213,37,0,0,250,0,
21,2,250,ZX_split,5.416947847786638,5.420165635044745,0.003217787258106952,0.9999974114635239,2.588536476055836e-06,104,21,14,111,125,125,
21,2,250,RL_adaptive,5.416947847786638,5.365006706992884,0.05194114079375378,0.9993256810964558,0.000674318903544191,119,24,7,100,143,107,0.9993256810964558
21,2,500,Z_only,5.416947847786638,0.8175643462529458,1.6838018056458939,0.443617442718476,0.556382557281524,421,79,0,0,500,0,
21,2,500,ZX_split,5.416947847786638,5.439031321066415,0.022083473279777444,0.9998780850067194,0.00012191499328062516,213,37,26,224,250,250,
21,2,500,RL_adaptive,5.416947847786638,5.423179641970836,0.006231794184198058,0.9999902912167319,9.708783268114196e-06,236,55,29,180,291,209,0.9999902912167319
21,3,10,Z_only,5.416947847786638,0.6435011087932843,1.5097385681862328,0.5305099139756917,0.4694900860243083,9,1,0,0,10,0,
21,3,10,ZX_split,5.416947847786638,5.497787143782138,0.08083929599550022,0.998367141572734,0.0016328584272660152,5,0,0,5,5,5,
21,3,10,RL_adaptive,5.416947847786638,5.742765806909002,0.32581795912236444,0.9736946139467397,0.02630538605326027,5,0,1,4,5,5,0.9736946139467397
21,3,25,Z_only,5.416947847786638,1.0239453760989525,1.8901828354919008,0.3430079231088979,0.6569920768911022,19,6,0,0,25,0,
21,3,25,ZX_split,5.416947847786638,5.407127256581393,0.009820591205245144,0.9999758891908744,2.4110809125565957e-05,11,1,0,13,12,13,
21,3,25,RL_adaptive,5.416947847786638,5.087659803240647,0.3292880445459909,0.9731364039725331,0.026863596027466907,8,4,1,12,12,13,0.9731364039725331
21,3,50,Z_only,5.416947847786638,0.8230336921349761,1.6892711515279242,0.44090106926754796,0.5590989307324521,42,8,0,0,50,0,
21,3,50,ZX_split,5.416947847786638,5.592738850124894,0.17579100233825606,0.9922942554556006,0.007705744544399429,24,1,3,22,25,25,
21,3,50,RL_adaptive,5.416947847786638,5.488778378491721,0.07183053070508283,0.998710648238686,0.0012893517613139505,24,4,3,19,28,22,0.998710648238686
21,3,100,Z_only,5.416947847786638,0.8230336921349761,1.6892711515279242,0.44090106926754796,0.5590989307324521,84,16,0,0,100,0,
21,3,100,ZX_split,5.416947847786638,5.442288638536421,0.025340790749782904,0.999839469671775,0.0001605303282250503,42,8,6,44,50,50,
21,3,100,RL_adaptive,5.416947847786638,5.499666840816435,0.0827189930297969,0.9982903672187811,0.0017096327812189394,49,10,7,34,59,41,0.9982903672187811
21,3,250,Z_only,5.416947847786638,0.8866650720286425,1.752902531421591,0.4094493245323785,0.5905506754676215,204,46,0,0,250,0,
21,3,250,ZX_split,5.416947847786638,5.5079908712760925,0.09104302348945481,0.9979292229217681,0.002070777078231889,112,13,14,111,125,125,
21,3,250,RL_adaptive,5.416947847786638,5.402287404233161,0.014660443553476732,0.9999462688110783,5.3731188921712913e-05,118,23,10,99,141,109,0.9999462688110783
21,3,500,Z_only,5.416947847786638,0.8866650720286425,1.752902531421591,0.4094493245323785,0.5905506754676215,408,92,0,0,500,0,
21,3,500,ZX_split,5.416947847786638,5.37057092671425,0.04637692107238767,0.9994623916665011,0.0005376083334989179,200,50,28,222,250,250,
21,3,500,RL_adaptive,5.416947847786638,5.408373558571626,0.008574289215011355,0.9999816205037175,1.8379496282472374e-05,241,51,23,185,292,208,0.9999816205037175
21,4,10,Z_only,5.416947847786638,0.0,0.8662374593929485,0.8238488974054681,0.17615110259453193,10,0,0,0,10,0,
21,4,10,ZX_split,5.416947847786638,5.742765806909002,0.32581795912236444,0.9736946139467397,0.02630538605326027,5,0,1,4,5,5,
21,4,10,RL_adaptive,5.416947847786638,5.497787143782138,0.08083929599550022,0.998367141572734,0.0016328584272660152,3,2,2,3,5,5,0.998367141572734
21,4,25,Z_only,5.416947847786638,1.0239453760989525,1.8901828354919008,0.3430079231088979,0.6569920768911022,19,6,0,0,25,0,
21,4,25,ZX_split,5.416947847786638,5.603771501771738,0.18682365398510026,0.9912995807526771,0.0087004192473229,10,2,3,10,12,13,
21,4,25,RL_adaptive,5.416947847786638,5.079562814202909,0.33738503358372895,0.9718117493905309,0.028188250609469057,9,4,0,12,13,12,0.9718117493905309
21,4,50,Z_only,5.416947847786638,0.8762980611683407,1.7425355205612894,0.414551892392591,0.585448107607409,41,9,0,0,50,0,
21,4,50,ZX_split,5.416947847786638,5.553285649027854,0.13633780124121664,0.9953601947295929,0.0046398052704070825,22,3,4,21,25,25,
21,4,50,RL_adaptive,5.416947847786638,5.488778378491721,0.07183053070508283,0.998710648238686,0.0012893517613139505,24,4,3,19,28,22,0.998710648238686
21,4,100,Z_only,5.416947847786638,0.8762980611683407,1.7425355205612894,0.414551892392591,0.585448107607409,82,18,0,0,100,0,
21,4,100,ZX_split,5.416947847786638,5.470766694594873,0.053818846808235676,0.9992760576970267,0.000723942302973346,43,7,6,44,50,50,
21,4,100,RL_adaptive,5.416947847786638,5.695182703632018,0.27823485584538066,0.9807708742095038,0.019229125790496182,49,7,11,33,56,44,0.9807708742095038
21,4,250,Z_only,5.416947847786638,0.8762980611683407,1.7425355205612894,0.414551892392591,0.585448107607409,205,45,0,0,250,0,
21,4,250,ZX_split,5.416947847786638,5.321078287712101,0.09586956007453651,0.9977040161982103,0.002295983801789747,97,28,13,112,125,125,
21,4,250,RL_adaptive,5.416947847786638,5.354770268817391,0.062177578969246916,0.9990337985106076,0.0009662014893924153,116,27,9,98,143,107,0.9990337985106076
21,4,500,Z_only,5.416947847786638,0.8605771113423153,1.7268145707352636,0.4223069720803577,0.5776930279196423,413,87,0,0,500,0,
21,4,500,ZX_split,5.416947847786638,5.429710685524139,0.012762837737501087,0.999959278045993,4.0721954006950334e-05,207,43,31,219,250,250,
21,4,500,RL_adaptive,5.416947847786638,5.34224520999904,0.07470263778759811,0.9986055276437771,0.00139447235622292,234,58,18,190,292,208,0.9986055276437771
22,0,10,Z_only,4.196534906087172,1.9823131728623844,2.2142217332247878,0.2000302818049556,0.7999697181950444,3,7,0,0,10,0,
22,0,10,ZX_split,4.196534906087172,4.171969480114106,0.024565425973066546,0.9998491425482912,0.00015085745170884124,1,4,0,5,5,5,
22,0,10,RL_adaptive,4.196534906087172,4.3906384259880475,0.19410351990087538,0.9906104915731471,0.009389508426852933,2,4,0,4,6,4,0.9906104915731471
22,0,25,Z_only,4.196534906087172,1.6910862091896848,2.5054486968974876,0.09780369976951127,0.9021963002304887,11,14,0,0,25,0,
22,0,25,ZX_split,4.196534906087172,3.9346242565047342,0.2619106495824379,0.982948511820967,0.017051488179033014,1,11,1,12,12,13,
22,0,25,RL_adaptive,4.196534906087172,4.635617089114912,0.4390821830277396,0.9525711082796635,0.047428891720336486,6,7,0,12,13,12,0.9525711082796635
22,0,50,Z_only,4.196534906087172,2.2142974355881813,1.982237470498991,0.3000346917541057,0.6999653082458943,10,40,0,0,50,0,
22,0,50,ZX_split,4.196534906087172,4.134487043422444,0.06204786266472784,0.9990378244370789,0.0009621755629211082,5,20,1,24,25,25,
22,0,50,RL_adaptive,4.196534906087172,4.229875685362213,0.033340779275040866,0.9997221238515331,0.00027787614846686015,8,20,2,20,28,22,0.9997221238515331
22,0,100,Z_only,4.196534906087172,2.02639500019072,2.1701399058964523,0.21794970788042758,0.7820502921195724,28,72,0,0,100,0,
22,0,100,ZX_split,4.196534906087172,4.21304225870456,0.01650735261738756,0.9999318783742995,6.812162570046798e-05,13,37,3,47,50,50,
22,0,100,RL_adaptive,4.196534906087172,4.081606447536219,0.11492845855095357,0.9967014954581919,0.003298504541808134,12,55,2,31,67,33,0.9967014954581919
22,0,250,Z_only,4.196534906087172,2.02639500019072,2.1701399058964523,0.21794970788042758,0.7820502921195724,70,180,0,0,250,0,
22,0,250,ZX_split,4.196534906087172,4.22291685545145,0.026381949364277624,0.9998260082789113,0.00017399172108867322,34,91,9,116,125,125,
22,0,250,RL_adaptive,4.196534906087172,4.185101933370403,0.011432972716769463,0.9999673221396682,3.267786033178677e-05,41,117,8,84,158,92,0.9999673221396682
22,0,500,Z_only,4.196534906087172,2.1459932064098513,2.050541699677321,0.2692233461931439,0.7307766538068561,114,386,0,0,500,0,
22,0,500,ZX_split,4.196534906087172,4.122212467218198,0.0743224388689745,0.9986196793331438,0.0013803206668562273,54,196,19,231,250,250,
22,0,500,RL_adaptive,4.196534906087172,4.177192377085841,0.0193425290013316,0.9999064695590848,9.353044091520157e-05,67,197,20,216,264,236,0.9999064695590848
22,1,10,Z_only,4.196534906087172,1.9823131728623844,2.2142217332247878,0.2000302818049556,0.7999697181950444,3,7,0,0,10,0,
22,1,10,ZX_split,4.196534906087172,4.90978454023457,0.713249634147398,0.8781198271222018,0.12188017287779818,3,2,0,5,5,5,
22,1,10,RL_adaptive,4.196534906087172,4.3906384259880475,0.19410351990087538,0.9906104915731471,0.009389508426852933,2,4,0,4,6,4,0.9906104915731471
22,1,25,Z_only,4.196534906087172,2.02639500019072,2.1701399058964523,0.21794970788042758,0.7820502921195724,7,18,0,0,25,0,
22,1,25,ZX_split,4.196534906087172,4.2487413713838835,0.05220646529671136,0.999318775990249,0.0006812240097510136,3,9,0,13,12,13,
22,1,25,RL_adaptive,4.196534906087172,4.59751237496779,0.400977468880618,0.9603399548703172,0.0396600451296828,6,7,2,10,13,12,0.9603399548703172
22,1,50,Z_only,4.196534906087172,2.318558961454817,1.8779759446323552,0.3488142589555335,0.6511857410444666,8,42,0,0,50,0,
22,1,50,ZX_split,4.196534906087172,4.582686443228777,0.3861515371416049,0.9631826739945626,0.03681732600543741,11,14,1,24,25,25,
22,1,50,RL_adaptive,4.196534906087172,4.338055364377106,0.14152045828993387,0.9950013411108671,0.004998658889132868,9,19,1,21,28,22,0.9950013411108671
22,1,100,Z_only,4.196534906087172,2.165182126795959,2.0313527792912134,0.2777766755715199,0.7222233244284801,22,78,0,0,100,0,
22,1,100,ZX_split,4.196534906087172,4.1360137597935065,0.06052114629366567,0.9990845771822615,0.0009154228177384871,12,38,5,45,50,50,
22,1,100,RL_adaptive,4.196534906087172,4.06702567635104,0.129509229736132,0.9958126974415362,0.004187302558463779,14,52,4,30,66,34,0.9958126974415362
22,1,250,Z_only,4.196534906087172,1.9823131728623844,2.2142217332247878,0.2000302818049556,0.7999697181950444,75,175,0,0,250,0,
22,1,250,ZX_split,4.196534906087172,4.274757804844256,0.0782228987570841,0.9984710743680485,0.0015289256319515054,37,88,8,117,125,125,
22,1,250,RL_adaptive,4.196534906087172,4.178264956916676,0.01826994917049607,0.9999165545604775,8.34454395225448e-05,36,129,2,83,165,85,0.9999165545604775
22,1,500,Z_only,4.196534906087172,2.136488157312172,2.060046748775,0.26501781064928753,0.7349821893507125,116,384,0,0,500,0,
22,1,500,ZX_split,4.196534906087172,4.241222716071579,0.044687809984407245,0.9995008329877199,0.0004991670122801439,71,179,19,231,250,250,
22,1,500,RL_adaptive,4.196534906087172,4.1949732308238445,0.001561675263327622,0.9999993902927168,6.097072832167427e-07,68,197,17,218,265,235,0.9999993902927168
22,2,10,Z_only,4.196534906087172,1.5707963267948966,2.6257385792922756,0.0650641282101967,0.9349358717898033,5,5,0,0,10,0,
22,2,10,ZX_split,4.196534906087172,4.171969480114106,0.024565425973066546,0.9998491425482912,0.00015085745170884124,1,4,0,5,5,5,
22,2,10,RL_adaptive,4.196534906087172,4.71238898038469,0.5158540742975175,0.9349358717898032,0.0650641282101968,3,3,0,4,6,4,0.9349358717898032
22,2,25,Z_only,4.196534906087172,2.2142974355881813,1.982237470498991,0.3000346917541057,0.6999653082458943,5,20,0,0,25,0,
22,2,25,ZX_split,4.196534906087172,4.2487413713838835,0.05220646529671136,0.999318775990249,0.0006812240097510136,3,9,0,13,12,13,
22,2,25,RL_adaptive,4.196534906087172,4.124386376837123,0.07214852925004944,0.9986992118399921,0.001300788160007893,2,10,0,13,12,13,0.9986992118399921
22,2,50,Z_only,4.196534906087172,2.02639500019072,2.1701399058964523,0.21794970788042758,0.7820502921195724,14,36,0,0,50,0,
22,2,50,ZX_split,4.196534906087172,4.307497194099606,0.11096228801243413,0.996924999714663,0.003075000285337026,8,17,2,23,25,25,
22,2,50,RL_adaptive,4.196534906087172,4.0611360888791985,0.13539881720797364,0.995423787734964,0.004576212265036017,5,22,2,21,27,23,0.995423787734964
22,2,100,Z_only,4.196534906087172,2.291615087664986,1.904919818422186,0.33602936992750143,0.6639706300724986,17,83,0,0,100,0,
22,2,100,ZX_split,4.196534906087172,4.104586984270729,0.09194792181644296,0.9978878836076347,0.002112116392365304,9,41,2,48,50,50,
22,2,100,RL_adaptive,4.196534906087172,4.066430874078579,0.13010403200859333,0.9957742011244526,0.004225798875547415,15,50,5,30,65,35,0.9957742011244526
22,2,250,Z_only,4.196534906087172,2.2142974355881813,1.982237470498991,0.3000346917541057,0.6999653082458943,50,200,0,0,250,0,
22,2,250,ZX_split,4.196534906087172,4.176765606408489,0.019769299678682906,0.9999022968796859,9.770312031409656e-05,26,99,1,124,125,125,
22,2,250,RL_adaptive,4.196534906087172,4.047146539883203,0.14938836620396945,0.9944311471974913,0.005568852802508739,27,133,7,83,160,90,0.9944311471974913
22,2,500,Z_only,4.196534906087172,2.0533017256702917,2.1432331804168805,0.22915898304577476,0.7708410169542252,134,366,0,0,500,0,
22,2,500,ZX_split,4.196534906087172,4.211023418917019,0.014488512829847089,0.9999475216670124,5.2478332987604404e-05,68,182,21,229,250,250,
22,2,500,RL_adaptive,4.196534906087172,4.247403361839892,0.05086845575271948,0.9993532395334829,0.0006467604665171267,74,193,13,220,267,233,0.9993532395334829
22,3,10,Z_only,4.196534906087172,1.9823131728623844,2.2142217332247878,0.2000302818049556,0.7999697181950444,3,7,0,0,10,0,
22,3,10,ZX_split,4.196534906087172,4.514993420534809,0.31845851444763706,0.9748595949615277,0.025140405038472258,2,3,0,5,5,5,
22,3,10,RL_adaptive,4.196534906087172,3.9269908169872414,0.2695440890999308,0.9819462009844391,0.018053799015560923,0,5,0,5,5,5,0.9819462009844391
22,3,25,Z_only,4.196534906087172,1.9390642202315367,2.2574706858556355,0.1830156101917375,0.8169843898082625,8,17,0,0,25,0,
22,3,25,ZX_split,4.196534906087172,4.2487413713838835,0.05220646529671136,0.999318775990249,0.0006812240097510136,3,9,0,13,12,13,
22,3,25,RL_adaptive,4.196534906087172,4.1068443167797195,0.08969058930745266,0.9979902473609739,0.002009752639026141,2,11,0,12,13,12,0.9979902473609739
22,3,50,Z_only,4.196534906087172,1.8965258140895267,2.3000090919976452,0.16685859939884068,0.8331414006011593,17,33,0,0,50,0,
22,3,50,ZX_split,4.196534906087172,4.307497194099606,0.11096228801243413,0.996924999714663,0.003075000285337026,8,17,2,23,25,25,
22,3,50,RL_adaptive,4.196534906087172,4.300811524850369,0.10427661876319672,0.9972840590410349,0.002715940958965102,9,19,2,20,28,22,0.9972840590410349
22,3,100,Z_only,4.196534906087172,2.165182126795959,2.0313527792912134,0.2777766755715199,0.7222233244284801,22,78,0,0,100,0,
22,3,100,ZX_split,4.196534906087172,4.201900658467913,0.005365752380741107,0.9999928021926167,7.197807383341193e-06,11,39,0,50,50,50,
22,3,100,RL_adaptive,4.196534906087172,4.10827317884058,0.08826172724659198,0.9980537308426969,0.0019462691573031154,12,56,1,31,68,32,0.9980537308426969
22,3,250,Z_only,4.196534906087172,2.080593246951929,2.115941659135243,0.24072881866016912,0.7592711813398308,64,186,0,0,250,0,
22,3,250,ZX_split,4.196534906087172,4.090231099772079,0.1063038063150934,0.9971775346321845,0.0028224653678154965,27,98,13,112,125,125,
22,3,250,RL_adaptive,4.196534906087172,4.148922152117494,0.04761275396967779,0.9994333634728626,0.0005666365271373985,37,122,7,84,159,91,0.9994333634728626
22,3,500,Z_only,4.196534906087172,2.0578226064592955,2.1387122996278767,0.23106183317819703,0.7689381668218029,133,367,0,0,500,0,
22,3,500,ZX_split,4.196534906087172,4.1952211029245685,0.001313803162603655,0.9999995684803745,4.315196254767173e-07,63,187,16,234,250,250,
22,3,500,RL_adaptive,4.196534906087172,4.115832891026537,0.08070201506063501,0.998372679682016,0.0016273203179839602,54,208,16,222,262,238,0.998372679682016
22,4,10,Z_only,4.196534906087172,1.7721542475852272,2.4243806585019447,0.12317941370828298,0.876820586291717,4,6,0,0,10,0,
22,4,10,ZX_split,4.196534906087172,3.9269908169872414,0.2695440890999308,0.9819462009844391,0.018053799015560923,1,4,1,4,5,5,
22,4,10,RL_adaptive,4.196534906087172,4.71238898038469,0.5158540742975175,0.9349358717898032,0.0650641282101968,3,3,0,4,6,4,0.9349358717898032
22,4,25,Z_only,4.196534906087172,2.318558961454817,1.8779759446323552,0.3488142589555335,0.6511857410444666,4,21,0,0,25,0,
22,4,25,ZX_split,4.196534906087172,4.517908864169584,0.321373958082412,0.9744011604927182,0.025598839507281812,5,7,1,12,12,13,
22,4,25,RL_adaptive,4.196534906087172,4.345215146566471,0.1486802404792984,0.9944837195867394,0.005516280413260577,4,9,0,12,13,12,0.9944837195867394
22,4,50,Z_only,4.196534906087172,2.498091544796509,1.6984433612906633,0.4363496625073821,0.5636503374926178,5,45,0,0,50,0,
22,4,50,ZX_split,4.196534906087172,4.2978821057999035,0.10134719971273132,0.9974343834143365,0.002565616585663455,7,18,0,25,25,25,
22,4,50,RL_adaptive,4.196534906087172,4.271858639768176,0.07532373368100398,0.9985822542941212,0.0014177457058788256,8,20,1,21,28,22,0.9985822542941212
22,4,100,Z_only,4.196534906087172,2.2395390299972684,1.9569958760899038,0.311664696656027,0.688335303343973,19,81,0,0,100,0,
22,4,100,ZX_split,4.196534906087172,4.124386376837123,0.07214852925004944,0.9986992118399921,0.001300788160007893,11,39,4,46,50,50,
22,4,100,RL_adaptive,4.196534906087172,4.254729323767797,0.05819441768062461,0.999153591348097,0.0008464086519029967,19,48,2,31,67,33,0.999153591348097
22,4,250,Z_only,4.196534906087172,2.0533017256702917,2.1432331804168805,0.22915898304577476,0.7708410169542252,67,183,0,0,250,0,
22,4,250,ZX_split,4.196534906087172,4.200451804077486,0.003916897990313473,0.9999961644824372,3.835517562778001e-06,33,92,10,115,125,125,
22,4,250,RL_adaptive,4.196534906087172,4.189110658252714,0.007424247834458164,0.9999862201993178,1.3779800682178767e-05,40,120,6,84,160,90,0.9999862201993178
22,4,500,Z_only,4.196534906087172,2.017505534626382,2.17902937146079,0.21429085743327964,0.7857091425667204,142,358,0,0,500,0,
22,4,500,ZX_split,4.196534906087172,4.139215798161468,0.05731910792570449,0.9991788548249341,0.0008211451750659293,54,196,15,235,250,250,
22,4,500,RL_adaptive,4.196534906087172,4.255030417462385,0.05849551137521303,0.9991448126802721,0.0008551873197278903,74,193,11,222,267,233,0.9991448126802721
23,0,10,Z_only,1.001804963987003,1.5707963267948966,0.5689913628078935,0.9212224198854353,0.0787775801145647,5,5,0,0,10,0,
23,0,10,ZX_split,1.001804963987003,0.7853981633974483,0.21640680058955475,0.9883376451285143,0.011662354871485703,4,1,4,1,5,5,
23,0,10,RL_adaptive,1.001804963987003,0.5880026035475675,0.4138023604394355,0.9577992701480592,0.04220072985194079,4,0,5,1,4,6,0.9577992701480592
23,0,25,Z_only,1.001804963987003,1.1151976533990733,0.11339268941207026,0.9967889673053575,0.0032110326946425127,18,7,0,0,25,0,
23,0,25,ZX_split,1.001804963987003,1.1071487177940904,0.10534375380708738,0.9972282380639854,0.002771761936014583,9,3,13,0,12,13,
23,0,25,RL_adaptive,1.001804963987003,0.7086262721276703,0.29317869185933276,0.9786650409750242,0.02133495902497584,11,0,13,1,11,14,0.9786650409750242
23,0,50,Z_only,1.001804963987003,0.9764105267938343,0.025394437193168695,0.9998387893036182,0.00016121069638175278,39,11,0,0,50,0,
23,0,50,ZX_split,1.001804963987003,0.9025069079643125,0.09929805602269048,0.9975369988029723,0.002463001197027692,20,5,22,3,25,25,
23,0,50,RL_adaptive,1.001804963987003,0.9787560601285419,0.023048903858461145,0.9998671928873905,0.00013280711260954536,21,6,21,2,27,23,0.9998671928873905
23,0,100,Z_only,1.001804963987003,0.9520676361226454,0.04973732786435758,0.9993816770373668,0.0006183229626331999,79,21,0,0,100,0,
23,0,100,ZX_split,1.001804963987003,0.982793723247329,0.019011240739673974,0.9999096459028033,9.035409719670984e-05,37,13,43,7,50,50,
23,0,100,RL_adaptive,1.001804963987003,1.0283129879576027,0.026508023970599703,0.9998243414525658,0.00017565854743417653,47,14,37,2,61,39,0.9998243414525658
23,0,250,Z_only,1.001804963987003,1.0051044962776212,0.00329953229061819,0.999997278274135,2.7217258650180653e-06,192,58,0,0,250,0,
23,0,250,ZX_split,1.001804963987003,1.0822428367738512,0.08043787278684822,0.9983833091371503,0.0016166908628496568,92,33,118,7,125,125,
23,0,250,RL_adaptive,1.001804963987003,0.9551061242969631,0.04669883969003996,0.999454903665043,0.0005450963349570292,96,25,118,11,121,129,0.999454903665043
23,0,500,Z_only,1.001804963987003,0.9764105267938343,0.025394437193168695,0.9998387893036182,0.00016121069638175278,390,110,0,0,500,0,
23,0,500,ZX_split,1.001804963987003,1.0121970114513341,0.010392047464331089,0.9999730015803499,2.6998419650148264e-05,190,60,229,21,250,250,
23,0,500,RL_adaptive,1.001804963987003,0.9474372843447202,0.05436767964228284,0.9992612208558377,0.0007387791441623159,228,60,192,20,288,212,0.9992612208558377
23,1,10,Z_only,1.001804963987003,0.9272952180016121,0.07450974598539095,0.9986127164319377,0.0013872835680622808,8,2,0,0,10,0,
23,1,10,ZX_split,1.001804963987003,0.7853981633974483,0.21640680058955475,0.9883376451285143,0.011662354871485703,5,0,5,0,5,5,
23,1,10,RL_adaptive,1.001804963987003,1.0303768265243125,0.028571862537309478,0.9997959260513575,0.0002040739486425247,4,1,5,0,5,5,0.9997959260513575
23,1,25,Z_only,1.001804963987003,1.0239453760989525,0.022140412111949503,0.99987745554392,0.0001225444560799538,19,6,0,0,25,0,
23,1,25,ZX_split,1.001804963987003,0.982793723247329,0.019011240739673974,0.9999096459028033,9.035409719670984e-05,10,2,13,0,12,13,
23,1,25,RL_adaptive,1.001804963987003,1.0516502125483738,0.049845248561370736,0.9993789913921209,0.0006210086078790589,11,3,11,0,14,11,0.9993789913921209
23,1,50,Z_only,1.001804963987003,0.8762980611683407,0.12550690281866228,0.9960671708927209,0.003932829107279101,41,9,0,0,50,0,
23,1,50,ZX_split,1.001804963987003,1.0164888305933455,0.014683866606342466,0.9999460969839113,5.390301608865222e-05,19,6,23,2,25,25,
23,1,50,RL_adaptive,1.001804963987003,0.9348437436765334,0.06696122031046958,0.9988794675249443,0.0011205324750557244,20,7,19,4,27,23,0.9988794675249443
23,1,100,Z_only,1.001804963987003,1.0239453760989525,0.022140412111949503,0.99987745554392,0.0001225444560799538,76,24,0,0,100,0,
23,1,100,ZX_split,1.001804963987003,0.8850668158886102,0.11673814809839278,0.9965969185375443,0.003403081462455715,43,7,47,3,50,50,
23,1,100,RL_adaptive,1.001804963987003,0.873030994316871,0.128773969670132,0.9958600419161941,0.00413995808380585,51,7,40,2,58,42,0.9958600419161941
23,1,250,Z_only,1.001804963987003,0.9071415449281128,0.0946634190588902,0.9977613817408895,0.0022386182591105364,202,48,0,0,250,0,
23,1,250,ZX_split,1.001804963987003,1.1322330609784559,0.13042809699145286,0.995753153434868,0.0042468465651319676,89,36,119,6,125,125,
23,1,250,RL_adaptive,1.001804963987003,0.8947609055314205,0.10704405845558251,0.9971381266683937,0.0028618733316062572,100,21,117,12,121,129,0.9971381266683937
23,1,500,Z_only,1.001804963987003,0.9955994471799421,0.00620551680706094,0.9999903729211829,9.62707881713154e-06,386,114,0,0,500,0,
23,1,500,ZX_split,1.001804963987003,0.9487643115057242,0.05304065248127887,0.9992968371705809,0.0007031628294190684,201,49,231,19,250,250,
23,1,500,RL_adaptive,1.001804963987003,0.9975573900103939,0.004247573976609131,0.9999954895356099,4.510464390095059e-06,217,70,191,22,287,213,0.9999954895356099
23,2,10,Z_only,1.001804963987003,1.369438406004566,0.3676334420175629,0.9665902589504028,0.03340974104959715,6,4,0,0,10,0,
23,2,10,ZX_split,1.001804963987003,1.0303768265243125,0.028571862537309478,0.9997959260513575,0.0002040739486425247,4,1,5,0,5,5,
23,2,10,RL_adaptive,1.001804963987003,0.7853981633974483,0.21640680058955475,0.9883376451285143,0.011662354871485703,3,2,3,2,5,5,0.9883376451285143
23,2,25,Z_only,1.001804963987003,1.0239453760989525,0.022140412111949503,0.99987745554392,0.0001225444560799538,19,6,0,0,25,0,
23,2,25,ZX_split,1.001804963987003,1.1071487177940904,0.10534375380708738,0.9972282380639854,0.002771761936014583,9,3,13,0,12,13,
23,2,25,RL_adaptive,1.001804963987003,1.1659045405098132,0.16409957652281015,0.9932829260529605,0.006717073947039465,10,4,11,0,14,11,0.9932829260529605
23,2,50,Z_only,1.001804963987003,1.1592794807274087,0.1574745167404057,0.9938132450565554,0.006186754943444561,35,15,0,0,50,0,
23,2,50,ZX_split,1.001804963987003,0.8902751021276823,0.11152986185932068,0.9968934946105789,0.0031065053894211436,21,4,23,2,25,25,
23,2,50,RL_adaptive,1.001804963987003,0.6254850402392291,0.3763199237477739,0.965011679839464,0.03498832016053599,25,1,20,4,26,24,0.965011679839464
23,2,100,Z_only,1.001804963987003,1.0471975511965976,0.045392587209594604,0.9994849667006671,0.0005150332993328899,75,25,0,0,100,0,
23,2,100,ZX_split,1.001804963987003,0.919719605350417,0.08208535863658606,0.9983164441104267,0.0016835558895732516,41,9,46,4,50,50,
23,2,100,RL_adaptive,1.001804963987003,1.0121970114513341,0.010392047464331089,0.9999730015803499,2.6998419650148264e-05,45,15,36,4,60,40,0.9999730015803499
23,2,250,Z_only,1.001804963987003,0.9172572645571739,0.08454769942982909,0.9982139859263555,0.0017860140736445373,201,49,0,0,250,0,
23,2,250,ZX_split,1.001804963987003,0.9672739051249023,0.03453105886210073,0.9997019311131947,0.00029806888680528054,98,27,114,11,125,125,
23,2,250,RL_adaptive,1.001804963987003,1.0227413887146932,0.020936424727690195,0.9998904205326927,0.00010957946730727475,93,29,119,9,122,128,0.9998904205326927
23,2,500,Z_only,1.001804963987003,0.9422123277083235,0.0595926362786795,0.9991124421360299,0.000887557863970101,397,103,0,0,500,0,
23,2,500,ZX_split,1.001804963987003,1.0566501708823322,0.054845206895329124,0.9992481893021752,0.0007518106978248174,186,64,233,17,250,250,
23,2,500,RL_adaptive,1.001804963987003,0.9617680345589916,0.0400369294280114,0.9995993145981973,0.00040068540180271395,230,59,195,16,289,211,0.9995993145981973
23,3,10,Z_only,1.001804963987003,0.6435011087932843,0.35830385519371877,0.9682464926293805,0.03175350737061955,9,1,0,0,10,0,
23,3,10,ZX_split,1.001804963987003,1.0303768265243125,0.028571862537309478,0.9997959260513575,0.0002040739486425247,4,1,5,0,5,5,
23,3,10,RL_adaptive,1.001804963987003,1.0303768265243125,0.028571862537309478,0.9997959260513575,0.0002040739486425247,4,1,5,0,5,5,0.9997959260513575
23,3,25,Z_only,1.001804963987003,0.9272952180016121,0.07450974598539095,0.9986127164319377,0.0013872835680622808,20,5,0,0,25,0,
23,3,25,ZX_split,1.001804963987003,1.1955255039389394,0.1937205399519364,0.990647391512914,0.009352608487085967,8,4,12,1,12,13,
23,3,25,RL_adaptive,1.001804963987003,1.0516502125483738,0.049845248561370736,0.9993789913921209,0.0006210086078790589,11,3,11,0,14,11,0.9993789913921209
23,3,50,Z_only,1.001804963987003,0.9764105267938343,0.025394437193168695,0.9998387893036182,0.00016121069638175278,39,11,0,0,50,0,
23,3,50,ZX_split,1.001804963987003,0.9342881110069455,0.0675168529800575,0.9988608014950187,0.0011391985049813425,21,4,24,1,25,25,
23,3,50,RL_adaptive,1.001804963987003,0.9670882084161898,0.03471675557081322,0.9996987169826743,0.00030128301732568197,22,5,22,1,27,23,0.9996987169826743
23,3,100,Z_only,1.001804963987003,0.8230336921349761,0.1787712718520269,0.9920314643593979,0.00796853564060207,84,16,0,0,100,0,
23,3,100,ZX_split,1.001804963987003,0.982793723247329,0.019011240739673974,0.9999096459028033,9.035409719670984e-05,39,11,46,4,50,50,
23,3,100,RL_adaptive,1.001804963987003,0.9488571775369203,0.05294778645008269,0.9992992967004032,0.0007007032995968165,49,12,36,3,61,39,0.9992992967004032
23,3,250,Z_only,1.001804963987003,1.0425725576412255,0.040767593654222445,0.9995845583702442,0.00041544162975581944,188,62,0,0,250,0,
23,3,250,ZX_split,1.001804963987003,1.0682990169255338,0.06649405293853072,0.9988950424480225,0.0011049575519774812,93,32,118,7,125,125,
23,3,250,RL_adaptive,1.001804963987003,1.1134598020264632,0.11165483803946019,0.9968865358814504,0.003113464118549625,87,36,117,10,123,127,0.9968865358814504
23,3,500,Z_only,1.001804963987003,1.0332848196652447,0.03147985567824163,0.9997522751301926,0.0002477248698073975,378,122,0,0,500,0,
23,3,500,ZX_split,1.001804963987003,1.0088747645380813,0.007069800551078309,0.999987504532088,1.24954679120437e-05,193,57,233,17,250,250,
23,3,500,RL_adaptive,1.001804963987003,1.0404758246994792,0.03867086071247616,0.9996261877207675,0.0003738122792324994,215,72,197,16,287,213,0.9996261877207675
23,4,10,Z_only,1.001804963987003,0.9272952180016121,0.07450974598539095,0.9986127164319377,0.0013872835680622808,8,2,0,0,10,0,
23,4,10,ZX_split,1.001804963987003,0.7853981633974483,0.21640680058955475,0.9883376451285143,0.011662354871485703,5,0,5,0,5,5,
23,4,10,RL_adaptive,1.001804963987003,0.5880026035475675,0.4138023604394355,0.9577992701480592,0.04220072985194079,4,0,5,1,4,6,0.9577992701480592
23,4,25,Z_only,1.001804963987003,0.7074832117793429,0.2943217522076601,0.9784995579466511,0.02150044205334889,22,3,0,0,25,0,
23,4,25,ZX_split,1.001804963987003,1.376316210579791,0.374511246592788,0.9653432638559838,0.03465673614401621,7,5,12,1,12,13,
23,4,25,RL_adaptive,1.001804963987003,1.0516502125483738,0.049845248561370736,0.9993789913921209,0.0006210086078790589,11,3,11,0,14,11,0.9993789913921209
23,4,50,Z_only,1.001804963987003,1.0239453760989525,0.022140412111949503,0.99987745554392,0.0001225444560799538,38,12,0,0,50,0,
23,4,50,ZX_split,1.001804963987003,0.9928943898326509,0.008910574154352147,0.9999801505483952,1.984945160482532e-05,20,5,24,1,25,25,
23,4,50,RL_adaptive,1.001804963987003,0.9505468408120752,0.05125812317492784,0.9993432950063325,0.0006567049936675451,24,4,22,0,28,22,0.9993432950063325
23,4,100,Z_only,1.001804963987003,0.9764105267938343,0.025394437193168695,0.9998387893036182,0.00016121069638175278,78,22,0,0,100,0,
23,4,100,ZX_split,1.001804963987003,1.037088135155635,0.03528317116863189,0.9996888067438442,0.0003111932561558062,38,12,47,3,50,50,
23,4,100,RL_adaptive,1.001804963987003,0.9517885253180639,0.05001643866893912,0.9993747193345014,0.0006252806654986065,50,11,37,2,61,39,0.9993747193345014
23,4,250,Z_only,1.001804963987003,0.855289544997976,0.14651541898902698,0.9946429015935637,0.005357098406436278,207,43,0,0,250,0,
23,4,250,ZX_split,1.001804963987003,0.9890566893749965,0.01274827461200656,0.9999593709238567,4.062907614332811e-05,99,26,118,7,125,125,
23,4,250,RL_adaptive,1.001804963987003,0.9596742851754927,0.042130678811510336,0.9995563171094213,0.0004436828905787227,95,26,117,12,121,129,0.9995563171094213
23,4,500,Z_only,1.001804963987003,1.0701416143903084,0.06833665040330539,0.998832979814392,0.001167020185607992,370,130,0,0,500,0,
23,4,500,ZX_split,1.001804963987003,0.9919888663856159,0.00981609760138713,0.9999759112503951,2.4088749604911364e-05,191,59,226,24,250,250,
23,4,500,RL_adaptive,1.001804963987003,0.9509982028218757,0.05080676116512728,0.9993548070607206,0.0006451929392794487,231,58,194,17,289,211,0.9993548070607206
24,0,10,Z_only,2.580578179004076,3.141592653589793,0.5610144745857171,0.9233579001139162,0.07664209988608384,0,10,0,0,10,0,
24,0,10,ZX_split,2.580578179004076,2.111215827065481,0.469362351938595,0.9459284444920238,0.054071555507976155,1,4,5,0,5,5,
24,0,10,RL_adaptive,2.580578179004076,2.819842099193151,0.23926392018907494,0.9857563398992752,0.014243660100724753,0,4,4,2,4,6,0.9857563398992752
24,0,25,Z_only,2.580578179004076,2.5680795491666966,0.012498629837379482,0.9999609465714477,3.905342855226035e-05,2,23,0,0,25,0,
24,0,25,ZX_split,2.580578179004076,2.5360479899848234,0.04453018901925265,0.9995043474786057,0.0004956525213942742,0,12,11,2,12,13,
24,0,25,RL_adaptive,2.580578179004076,2.5360479899848234,0.04453018901925265,0.9995043474786057,0.0004956525213942742,0,12,11,2,12,13,0.9995043474786057
24,0,50,Z_only,2.580578179004076,2.7388768120091314,0.1582986330050553,0.9937484565725364,0.006251543427463591,2,48,0,0,50,0,
24,0,50,ZX_split,2.580578179004076,2.7686049317897323,0.18802675278565628,0.9911874941736385,0.008812505826361505,1,24,17,8,25,25,
24,0,50,RL_adaptive,2.580578179004076,2.607884461950532,0.027306282946455873,0.9998136033103056,0.00018639668969444578,2,24,18,6,26,24,0.9998136033103056
24,0,100,Z_only,2.580578179004076,2.6060659992754056,0.025487820271329564,0.9998376015463015,0.00016239845369847572,7,93,0,0,100,0,
24,0,100,ZX_split,2.580578179004076,2.711830374493105,0.1312521954890289,0.9956993945436875,0.004300605456312501,1,49,36,14,50,50,
24,0,100,RL_adaptive,2.580578179004076,2.44691094167834,0.13366723732573593,0.9955399140235072,0.0044600859764928336,8,55,30,7,63,37,0.9955399140235072
24,0,250,Z_only,2.580578179004076,2.630069649895716,0.04949147089164008,0.9993877735584623,0.0006122264415376888,16,234,0,0,250,0,
24,0,250,ZX_split,2.580578179004076,2.623453588348256,0.04287540934417988,0.9995404952171942,0.0004595047828057641,9,116,93,32,125,125,
24,0,250,RL_adaptive,2.580578179004076,2.652771510004773,0.07219333100069703,0.9986975965510811,0.001302403448918854,12,121,84,33,133,117,0.9986975965510811
24,0,500,Z_only,2.580578179004076,2.6219566806707895,0.04137850166671342,0.9995720159706715,0.00042798402932853197,33,467,0,0,500,0,
24,0,500,ZX_split,2.580578179004076,2.5941997656583378,0.01362158665426172,0.9999536138114988,4.638618850116849e-05,20,230,189,61,250,250,
24,0,500,RL_adaptive,2.580578179004076,2.696870229628854,0.11629205062477777,0.9966228483205495,0.0033771516794505185,14,230,182,74,244,256,0.9966228483205495
24,1,10,Z_only,2.580578179004076,2.2142974355881813,0.3662807434158948,0.9668329173538596,0.03316708264614043,2,8,0,0,10,0,
24,1,10,ZX_split,2.580578179004076,2.601173153319209,0.02059497431513302,0.9998939655062229,0.00010603449377710739,0,5,4,1,5,5,
24,1,10,RL_adaptive,2.580578179004076,2.356194490192345,0.2243836888117312,0.9874657124373781,0.01253428756262187,0,4,6,0,4,6,0.9874657124373781
24,1,25,Z_only,2.580578179004076,3.141592653589793,0.5610144745857171,0.9233579001139162,0.07664209988608384,0,25,0,0,25,0,
24,1,25,ZX_split,2.580578179004076,2.774418819771574,0.19384064076749796,0.9906358276003572,0.009364172399642823,0,12,9,4,12,13,
24,1,25,RL_adaptive,2.580578179004076,2.469629481999561,0.11094869700451504,0.9969257521670096,0.0030742478329903733,3,11,8,3,14,11,0.9969257521670096
24,1,50,Z_only,2.580578179004076,2.4341094418104503,0.14646873719362574,0.9946463086337868,0.00535369136621322,6,44,0,0,50,0,
24,1,50,ZX_split,2.580578179004076,2.5444159954971157,0.03616218350696032,0.9996731097462926,0.000326890253707357,0,25,21,4,25,25,
24,1,50,RL_adaptive,2.580578179004076,2.717584326815252,0.13700614781117615,0.9953146646616804,0.004685335338319607,1,25,17,7,26,24,0.9953146646616804
24,1,100,Z_only,2.580578179004076,2.3745986457279264,0.2059795332761496,0.9894305570234961,0.010569442976503862,14,86,0,0,100,0,
24,1,100,ZX_split,2.580578179004076,2.6224465393432705,0.0418683603391945,0.9995618241149559,0.0004381758850441342,4,46,37,13,50,50,
24,1,100,RL_adaptive,2.580578179004076,2.4572978619286436,0.12328031707543241,0.9962053005082092,0.0037946994917907872,5,57,32,6,62,38,0.9962053005082092
24,1,250,Z_only,2.580578179004076,2.4848742888410893,0.09570389016298675,0.9977119385596208,0.0022880614403791855,26,224,0,0,250,0,
24,1,250,ZX_split,2.580578179004076,2.564250626983371,0.016327552020705127,0.9999333542418576,6.664575814241402e-05,8,117,98,27,125,125,
24,1,250,RL_adaptive,2.580578179004076,2.5855365677579134,0.004958388753837362,0.9999938536078342,6.146392165784498e-06,12,120,89,29,132,118,0.9999938536078342
24,1,500,Z_only,2.580578179004076,2.6060659992754056,0.025487820271329564,0.9998376015463015,0.00016239845369847572,35,465,0,0,500,0,
24,1,500,ZX_split,2.580578179004076,2.5449322577124787,0.03564592129159738,0.9996823757079131,0.00031762429208692655,19,231,197,53,250,250,
24,1,500,RL_adaptive,2.580578179004076,2.635057080132036,0.05447890112795983,0.9992581958300507,0.0007418041699492894,16,229,189,66,245,255,0.9992581958300507
24,2,10,Z_only,2.580578179004076,1.9823131728623844,0.5982650061416916,0.9131570117139113,0.08684298828608872,3,7,0,0,10,0,
24,2,10,ZX_split,2.580578179004076,1.7681918866447774,0.8123862923592986,0.8438840552529775,0.1561159447470225,2,3,5,0,5,5,
24,2,10,RL_adaptive,2.580578179004076,3.141592653589793,0.5610144745857171,0.9233579001139162,0.07664209988608384,0,4,3,3,4,6,0.9233579001139162
24,2,25,Z_only,2.580578179004076,2.7388768120091314,0.1582986330050553,0.9937484565725364,0.006251543427463591,1,24,0,0,25,0,
24,2,25,ZX_split,2.580578179004076,2.448369527748807,0.13220865125526915,0.9956365794238401,0.004363420576159904,1,11,11,2,12,13,
24,2,25,RL_adaptive,2.580578179004076,2.774418819771574,0.19384064076749796,0.9906358276003572,0.009364172399642823,0,12,9,4,12,13,0.9906358276003572
24,2,50,Z_only,2.580578179004076,2.5680795491666966,0.012498629837379482,0.9999609465714477,3.905342855226035e-05,4,46,0,0,50,0,
24,2,50,ZX_split,2.580578179004076,2.4061528859142878,0.17442529308978827,0.9924132187137665,0.007586781286233468,2,23,22,3,25,25,
24,2,50,RL_adaptive,2.580578179004076,2.601173153319209,0.02059497431513302,0.9998939655062229,0.00010603449377710739,0,25,20,5,25,25,0.9998939655062229
24,2,100,Z_only,2.580578179004076,2.6466585272488974,0.06608034824482134,0.9989087440716473,0.0010912559283526857,6,94,0,0,100,0,
24,2,100,ZX_split,2.580578179004076,2.498091544796509,0.08248663420756719,0.998299953055265,0.001700046944735023,5,45,40,10,50,50,
24,2,100,RL_adaptive,2.580578179004076,2.491226664079656,0.08935151492442017,0.9980054042451219,0.001994595754878148,8,55,29,8,63,37,0.9980054042451219
24,2,250,Z_only,2.580578179004076,2.446508799260021,0.13406937974405508,0.995513077284558,0.004486922715442043,29,221,0,0,250,0,
24,2,250,ZX_split,2.580578179004076,2.4061528859142878,0.17442529308978827,0.9924132187137665,0.007586781286233468,10,115,110,15,125,125,
24,2,250,RL_adaptive,2.580578179004076,2.5757936683561065,0.0047845106479695865,0.999994277125382,5.722874617974938e-06,7,123,94,26,130,120,0.999994277125382
24,2,500,Z_only,2.580578179004076,2.5463277696121085,0.03425040939196755,0.9997067560326126,0.000293243967387391,43,457,0,0,500,0,
24,2,500,ZX_split,2.580578179004076,2.549289001295334,0.031289177708742066,0.9997552668069625,0.0002447331930375274,18,232,197,53,250,250,
24,2,500,RL_adaptive,2.580578179004076,2.6844582614730683,0.10388008246899227,0.9973046572279456,0.00269534277205441,18,227,181,74,245,255,0.9973046572279456
24,3,10,Z_only,2.580578179004076,2.498091544796509,0.08248663420756719,0.998299953055265,0.001700046944735023,1,9,0,0,10,0,
24,3,10,ZX_split,2.580578179004076,2.356194490192345,0.2243836888117312,0.9874657124373781,0.01253428756262187,1,4,4,1,5,5,
24,3,10,RL_adaptive,2.580578179004076,2.5535900500422257,0.02698812896185032,0.9998179212757453,0.00018207872425468619,0,4,5,1,4,6,0.9998179212757453
24,3,25,Z_only,2.580578179004076,2.7388768120091314,0.1582986330050553,0.9937484565725364,0.006251543427463591,1,24,0,0,25,0,
24,3,25,ZX_split,2.580578179004076,3.411745853301198,0.8311676742971219,0.8370068183439441,0.16299318165605592,1,11,5,8,12,13,
24,3,25,RL_adaptive,2.580578179004076,2.9471125373746876,0.36653435837061155,0.9667874868294355,0.033212513170564506,1,12,7,5,13,12,0.9667874868294355
24,3,50,Z_only,2.580578179004076,2.498091544796509,0.08248663420756719,0.998299953055265,0.001700046944735023,5,45,0,0,50,0,
24,3,50,ZX_split,2.580578179004076,2.7367008673047097,0.1561226883006337,0.9939187937100935,0.006081206289906493,2,23,17,8,25,25,
24,3,50,RL_adaptive,2.580578179004076,2.5380203740148697,0.04255780498920636,0.9995472766446045,0.00045272335539547903,2,24,19,5,26,24,0.9995472766446045
24,3,100,Z_only,2.580578179004076,2.6466585272488974,0.06608034824482134,0.9989087440716473,0.0010912559283526857,6,94,0,0,100,0,
24,3,100,ZX_split,2.580578179004076,2.7532739354173272,0.1726957564132512,0.9925625559443909,0.007437444055609088,3,47,34,16,50,50,
24,3,100,RL_adaptive,2.580578179004076,2.6305594207536216,0.049981241749545546,0.9993755988705123,0.000624401129487695,4,57,29,10,61,39,0.9993755988705123
24,3,250,Z_only,2.580578179004076,2.525253363883374,0.0553248151207022,0.9992349863695505,0.0007650136304494515,23,227,0,0,250,0,
24,3,250,ZX_split,2.580578179004076,2.4702802693605044,0.11029790964357167,0.9969616749179137,0.003038325082086346,9,116,105,20,125,125,
24,3,250,RL_adaptive,2.580578179004076,2.5153278625032436,0.06525031650083246,0.9989359766453381,0.001064023354661936,13,118,94,25,131,119,0.9989359766453381
24,3,500,Z_only,2.580578179004076,2.575494271640466,0.005083907363609974,0.9999935384853966,6.461514603373075e-06,39,461,0,0,500,0,
24,3,500,ZX_split,2.580578179004076,2.6376737887203876,0.05709560971631156,0.9991852442096493,0.0008147557903507296,18,232,184,66,250,250,
24,3,500,RL_adaptive,2.580578179004076,2.632054691231891,0.05147651222781491,0.9993376884427525,0.0006623115572474969,19,227,187,67,246,254,0.9993376884427525
24,4,10,Z_only,2.580578179004076,3.141592653589793,0.5610144745857171,0.9233579001139162,0.07664209988608384,0,10,0,0,10,0,
24,4,10,ZX_split,2.580578179004076,2.601173153319209,0.02059497431513302,0.9998939655062229,0.00010603449377710739,0,5,4,1,5,5,
24,4,10,RL_adaptive,2.580578179004076,2.356194490192345,0.2243836888117312,0.9874657124373781,0.01253428756262187,0,4,6,0,4,6,0.9874657124373781
24,4,25,Z_only,2.580578179004076,2.4341094418104503,0.14646873719362574,0.9946463086337868,0.00535369136621322,3,22,0,0,25,0,
24,4,25,ZX_split,2.580578179004076,2.647651284670212,0.067073105666136,0.9988757212111612,0.0011242787888388062,0,12,10,3,12,13,
24,4,25,RL_adaptive,2.580578179004076,2.439335722080786,0.14124245692328996,0.9950209278253157,0.004979072174684296,0,12,12,1,12,13,0.9950209278253157
24,4,50,Z_only,2.580578179004076,2.4341094418104503,0.14646873719362574,0.9946463086337868,0.00535369136621322,6,44,0,0,50,0,
24,4,50,ZX_split,2.580578179004076,2.488746022489019,0.09183215651505705,0.9978931949646463,0.002106805035353654,4,21,19,6,25,25,
24,4,50,RL_adaptive,2.580578179004076,2.607884461950532,0.027306282946455873,0.9998136033103056,0.00018639668969444578,2,24,18,6,26,24,0.9998136033103056
24,4,100,Z_only,2.580578179004076,2.5680795491666966,0.012498629837379482,0.9999609465714477,3.905342855226035e-05,8,92,0,0,100,0,
24,4,100,ZX_split,2.580578179004076,2.746801533890032,0.16622335488595574,0.9931083391847252,0.006891660815274814,1,49,35,15,50,50,
24,4,100,RL_adaptive,2.580578179004076,2.4453578783895464,0.1352203006145296,0.9954358284155861,0.004564171584413912,4,59,32,5,63,37,0.9954358284155861
24,4,250,Z_only,2.580578179004076,2.5392313095546104,0.04134686944946564,0.999572669980874,0.0004273300191259821,22,228,0,0,250,0,
24,4,250,ZX_split,2.580578179004076,2.6195921227378456,0.03901394373376954,0.9996195263117877,0.00038047368821225724,6,119,95,30,125,125,
24,4,250,RL_adaptive,2.580578179004076,2.59233210566825,0.011753926664173964,0.999965461699632,3.453830036803662e-05,13,119,88,30,132,118,0.999965461699632
24,4,500,Z_only,2.580578179004076,2.553499386799989,0.027078792204087154,0.9998166959544111,0.00018330404558886126,42,458,0,0,500,0,
24,4,500,ZX_split,2.580578179004076,2.570718995615299,0.009859183388777115,0.9999756993225701,2.430067742986708e-05,16,234,195,55,250,250,
24,4,500,RL_adaptive,2.580578179004076,2.5590058839927434,0.02157229501133262,0.999883663533657,0.00011633646634301442,22,225,195,58,247,253,0.999883663533657
25,0,10,Z_only,1.218022702206995,1.369438406004566,0.15141570379757097,0.9942792635096049,0.005720736490395062,6,4,0,0,10,0,
25,0,10,ZX_split,1.218022702206995,1.373400766945016,0.15537806473802096,0.9939765472470686,0.006023452752931369,3,2,5,0,5,5,
25,0,10,RL_adaptive,1.218022702206995,1.0303768265243125,0.18764587568268243,0.991223055469903,0.00877694453009703,4,1,5,0,5,5,0.991223055469903
25,0,25,Z_only,1.218022702206995,1.369438406004566,0.15141570379757097,0.9942792635096049,0.005720736490395062,15,10,0,0,25,0,
25,0,25,ZX_split,1.218022702206995,1.1955255039389394,0.022497198268055518,0.9998734743541284,0.0001265256458715669,8,4,12,1,12,13,
25,0,25,RL_adaptive,1.218022702206995,0.8775732009539101,0.3404495012530848,0.9713023337125759,0.028697666287424095,11,2,11,1,13,12,0.9713023337125759
25,0,50,Z_only,1.218022702206995,1.4505064444001083,0.2324837421931134,0.9865485774664275,0.013451422533572455,28,22,0,0,50,0,
25,0,50,ZX_split,1.218022702206995,1.1562894522101108,0.06173324999688412,0.9990475539993636,0.0009524460006363755,18,7,25,0,25,25,
25,0,50,RL_adaptive,1.218022702206995,1.2924966677897853,0.0744739655827904,0.9986140478740648,0.0013859521259351748,18,10,22,0,28,22,0.9986140478740648
25,0,100,Z_only,1.218022702206995,1.1373510067250108,0.08067169548198416,0.9983739015509328,0.001626098449067248,71,29,0,0,100,0,
25,0,100,ZX_split,1.218022702206995,1.0427218783685368,0.17530082383845813,0.9923370592355305,0.007662940764469495,39,11,49,1,50,50,
25,0,100,RL_adaptive,1.218022702206995,1.0719519914075921,0.14607071079940281,0.9946753145508032,0.005324685449196842,47,15,37,1,62,38,0.9946753145508032
25,0,250,Z_only,1.218022702206995,1.2025284333582564,0.015494268848738502,0.9999399831089248,6.001689107515418e-05,170,80,0,0,250,0,
25,0,250,ZX_split,1.218022702206995,1.1659045405098132,0.05211816169718175,0.999321078006009,0.0006789219939909996,88,37,122,3,125,125,
25,0,250,RL_adaptive,1.218022702206995,1.3179857637161105,0.0999630615091156,0.9975039261474788,0.0024960738525211523,77,47,122,4,124,126,0.9975039261474788
25,0,500,Z_only,1.218022702206995,1.249285849256675,0.03126314704968003,0.9997556738101596,0.00024432618984038257,329,171,0,0,500,0,
25,0,500,ZX_split,1.218022702206995,1.0934509444212246,0.12457175778577034,0.9961254836156627,0.0038745163843373343,185,65,241,9,250,250,
25,0,500,RL_adaptive,1.218022702206995,1.2127922336068233,0.005230468600171623,0.9999931605651483,6.839434851690918e-06,193,93,207,7,286,214,0.9999931605651483
25,1,10,Z_only,1.218022702206995,0.9272952180016121,0.29072748420538286,0.9790177981182651,0.02098220188173494,8,2,0,0,10,0,
25,1,10,ZX_split,1.218022702206995,1.373400766945016,0.15537806473802096,0.9939765472470686,0.006023452752931369,3,2,5,0,5,5,
25,1,10,RL_adaptive,1.218022702206995,1.373400766945016,0.15537806473802096,0.9939765472470686,0.006023452752931369,3,2,5,0,5,5,0.9939765472470686
25,1,25,Z_only,1.218022702206995,1.0239453760989525,0.1940773261080424,0.9906130176254727,0.009386982374527286,19,6,0,0,25,0,
25,1,25,ZX_split,1.218022702206995,1.1071487177940904,0.11087398441290452,0.9969298869145328,0.00307011308546723,9,3,13,0,12,13,
25,1,25,RL_adaptive,1.218022702206995,1.1659045405098132,0.05211816169718175,0.999321078006009,0.0006789219939909996,10,4,11,0,14,11,0.999321078006009
25,1,50,Z_only,1.218022702206995,1.410105673842986,0.19208297163599108,0.9908043586677006,0.009195641332299442,29,21,0,0,50,0,
25,1,50,ZX_split,1.218022702206995,1.0303768265243125,0.18764587568268243,0.991223055469903,0.00877694453009703,20,5,25,0,25,25,
25,1,50,RL_adaptive,1.218022702206995,1.2941279877130016,0.0761052855060067,0.9985526951494187,0.0014473048505813102,17,10,22,1,27,23,0.9985526951494187
25,1,100,Z_only,1.218022702206995,1.181000030320636,0.03702267188635888,0.9996573695806191,0.0003426304193808738,69,31,0,0,100,0,
25,1,100,ZX_split,1.218022702206995,1.124690777851493,0.09333192435550197,0.9978238683249788,0.0021761316750211757,36,14,48,2,50,50,
25,1,100,RL_adaptive,1.218022702206995,1.2765617616837088,0.058539059476713895,0.9991435392489825,0.0008564607510175293,43,23,34,0,66,34,0.9991435392489825
25,1,250,Z_only,1.218022702206995,1.1679917431511835,0.05003095905581145,0.9993743563042214,0.0006256436957785549,174,76,0,0,250,0,
25,1,250,ZX_split,1.218022702206995,1.3086764855294237,0.0906537833224288,0.9979468795341643,0.0020531204658357227,79,46,124,1,125,125,
25,1,250,RL_adaptive,1.218022702206995,1.2339798068130305,0.01595710460603561,0.9999363440538869,6.365594611312808e-05,81,42,121,6,123,127,0.9999363440538869
25,1,500,Z_only,1.218022702206995,1.2366106560566172,0.018587953849622307,0.9999136244799457,8.637552005430482e-05,332,168,0,0,500,0,
25,1,500,ZX_split,1.218022702206995,1.277028288358517,0.05900558615152196,0.9991298377120631,0.0008701622879369042,161,89,244,6,250,250,
25,1,500,RL_adaptive,1.218022702206995,1.2278998537782666,0.00987715157127167,0.9999756106674922,2.438933250781261e-05,188,96,206,10,284,216,0.9999756106674922
25,2,10,Z_only,1.218022702206995,1.1592794807274087,0.058743221479586216,0.9991375565329011,0.0008624434670988501,7,3,0,0,10,0,
25,2,10,ZX_split,1.218022702206995,0.7853981633974483,0.43262453880954665,0.9539342633812282,0.04606573661877178,4,1,4,1,5,5,
25,2,10,RL_adaptive,1.218022702206995,1.373400766945016,0.15537806473802096,0.9939765472470686,0.006023452752931369,3,2,5,0,5,5,0.9939765472470686
25,2,25,Z_only,1.218022702206995,1.2025284333582564,0.015494268848738502,0.9999399831089248,6.001689107515418e-05,17,8,0,0,25,0,
25,2,25,ZX_split,1.218022702206995,1.2490457723982544,0.031023070191259494,0.9997594115757164,0.0002405884242836498,8,4,13,0,12,13,
25,2,25,RL_adaptive,1.218022702206995,0.8685393952858895,0.3494833069211054,0.9697748801851979,0.030225119814802137,12,1,12,0,13,12,0.9697748801851979
25,2,50,Z_only,1.218022702206995,1.2870022175865687,0.06897951537957381,0.9988109282108518,0.0011890717891481772,32,18,0,0,50,0,
25,2,50,ZX_split,1.218022702206995,1.0563450137358688,0.16167768847112618,0.9934793039194245,0.006520696080575483,19,6,24,1,25,25,
25,2,50,RL_adaptive,1.218022702206995,1.1071487177940904,0.11087398441290452,0.9969298869145328,0.00307011308546723,21,7,22,0,28,22,0.9969298869145328
25,2,100,Z_only,1.218022702206995,1.0701416143903084,0.14788108781668652,0.9945427521464005,0.005457247853599467,74,26,0,0,100,0,
25,2,100,ZX_split,1.218022702206995,1.2252407462131845,0.007218044006189528,0.9999869750167315,1.3024983268494772e-05,34,16,50,0,50,50,
25,2,100,RL_adaptive,1.218022702206995,1.0358412530088001,0.1821814491981948,0.9917254041303843,0.008274595869615653,46,14,38,2,60,40,0.9917254041303843
25,2,250,Z_only,1.218022702206995,1.2534989386827573,0.03547623647576237,0.9996853921596139,0.0003146078403860608,164,86,0,0,250,0,
25,2,250,ZX_split,1.218022702206995,1.2283233505057705,0.010300648298775528,0.9999734743956955,2.65256043044948e-05,83,42,120,5,125,125,
25,2,250,RL_adaptive,1.218022702206995,1.2081096543079592,0.009913047899035687,0.9999754330715185,2.4566928481517536e-05,83,40,122,5,123,127,0.9999754330715185
25,2,500,Z_only,1.218022702206995,1.2323732779972985,0.014350575790303521,0.9999485161271757,5.1483872824276133e-05,333,167,0,0,500,0,
25,2,500,ZX_split,1.218022702206995,1.3195807383028326,0.10155803609583769,0.9974237067999454,0.0025762932000545913,154,96,238,12,250,250,
25,2,500,RL_adaptive,1.218022702206995,1.2482923464885642,0.030269644281569308,0.999770954648161,0.00022904535183898567,189,97,210,4,286,214,0.999770954648161
25,3,10,Z_only,1.218022702206995,1.1592794807274087,0.058743221479586216,0.9991375565329011,0.0008624434670988501,7,3,0,0,10,0,
25,3,10,ZX_split,1.218022702206995,0.7853981633974483,0.43262453880954665,0.9539342633812282,0.04606573661877178,5,0,5,0,5,5,
25,3,10,RL_adaptive,1.218022702206995,1.7681918866447774,0.5501691844377825,0.9262180396569505,0.07378196034304951,2,3,5,0,5,5,0.9262180396569505
25,3,25,Z_only,1.218022702206995,1.2025284333582564,0.015494268848738502,0.9999399831089248,6.001689107515418e-05,17,8,0,0,25,0,
25,3,25,ZX_split,1.218022702206995,1.5707963267948966,0.3527736245879016,0.9692090154926044,0.03079098450739559,6,6,13,0,12,13,
25,3,25,RL_adaptive,1.218022702206995,1.7681918866447774,0.5501691844377825,0.9262180396569505,0.07378196034304951,6,9,10,0,15,10,0.9262180396569505
25,3,50,Z_only,1.218022702206995,1.1592794807274087,0.058743221479586216,0.9991375565329011,0.0008624434670988501,35,15,0,0,50,0,
25,3,50,ZX_split,1.218022702206995,1.6107750139181867,0.39275231171119174,0.9619295804792721,0.03807041952072787,12,13,25,0,25,25,
25,3,50,RL_adaptive,1.218022702206995,0.9505468408120752,0.26747586139491974,0.982220546272041,0.01777945372795897,24,4,22,0,28,22,0.982220546272041
25,3,100,Z_only,1.218022702206995,1.2450668395002664,0.027044137293271486,0.9998171648035051,0.00018283519649486824,66,34,0,0,100,0,
25,3,100,ZX_split,1.218022702206995,1.2120256565243244,0.005997045682670565,0.999991008887717,8.991112283029956e-06,34,16,49,1,50,50,
25,3,100,RL_adaptive,1.218022702206995,1.3294974998640379,0.11147479765704293,0.9968965581467387,0.0031034418532612795,39,25,34,2,64,36,0.9968965581467387
25,3,250,Z_only,1.218022702206995,1.1766717812442722,0.04135092096272275,0.9995725862419421,0.00042741375805788184,173,77,0,0,250,0,
25,3,250,ZX_split,1.218022702206995,1.0830983731087491,0.1349243290982458,0.9954557564688732,0.0045442435311268126,93,32,120,5,125,125,
25,3,250,RL_adaptive,1.218022702206995,1.1088172368241482,0.1092054653828467,0.997021503436424,0.002978496563575961,89,33,123,5,122,128,0.997021503436424
25,3,500,Z_only,1.218022702206995,1.1982374030492244,0.019785299157770497,0.9999021386767556,9.78613232444081e-05,341,159,0,0,500,0,
25,3,500,ZX_split,1.218022702206995,1.3138897999514612,0.09586709774446622,0.9977041340472309,0.002295865952769094,156,94,243,7,250,250,
25,3,500,RL_adaptive,1.218022702206995,1.1803827441124013,0.03763995809459364,0.9996458502039169,0.00035414979608305863,198,88,207,7,286,214,0.9996458502039169
25,4,10,Z_only,1.218022702206995,1.369438406004566,0.15141570379757097,0.9942792635096049,0.005720736490395062,6,4,0,0,10,0,
25,4,10,ZX_split,1.218022702206995,1.0303768265243125,0.18764587568268243,0.991223055469903,0.00877694453009703,4,1,5,0,5,5,
25,4,10,RL_adaptive,1.218022702206995,0.7853981633974483,0.43262453880954665,0.9539342633812282,0.04606573661877178,4,0,6,0,4,6,0.9539342633812282
25,4,25,Z_only,1.218022702206995,1.2870022175865687,0.06897951537957381,0.9988109282108518,0.0011890717891481772,16,9,0,0,25,0,
25,4,25,ZX_split,1.218022702206995,1.2490457723982544,0.031023070191259494,0.9997594115757164,0.0002405884242836498,8,4,13,0,12,13,
25,4,25,RL_adaptive,1.218022702206995,1.1659045405098132,0.05211816169718175,0.999321078006009,0.0006789219939909996,10,4,11,0,14,11,0.999321078006009
25,4,50,Z_only,1.218022702206995,1.4505064444001083,0.2324837421931134,0.9865485774664275,0.013451422533572455,28,22,0,0,50,0,
25,4,50,ZX_split,1.218022702206995,1.1562894522101108,0.06173324999688412,0.9990475539993636,0.0009524460006363755,18,7,25,0,25,25,
25,4,50,RL_adaptive,1.218022702206995,1.2941279877130016,0.0761052855060067,0.9985526951494187,0.0014473048505813102,17,10,22,1,27,23,0.9985526951494187
25,4,100,Z_only,1.218022702206995,1.3284304757559333,0.11040777354893838,0.9969556253167319,0.003044374683268125,62,38,0,0,100,0,
25,4,100,ZX_split,1.218022702206995,1.2627435457711202,0.04472084356412531,0.9995000948616608,0.0004999051383391961,32,18,47,3,50,50,
25,4,100,RL_adaptive,1.218022702206995,1.145399602277337,0.07262309992965799,0.9986820507432251,0.001317949256774864,45,18,36,1,63,37,0.9986820507432251
25,4,250,Z_only,1.218022702206995,1.30362933406684,0.08560663185984496,0.9981689947647184,0.0018310052352815687,158,92,0,0,250,0,
25,4,250,ZX_split,1.218022702206995,1.244095317789411,0.026072615582416026,0.999830064306092,0.00016993569390799657,83,42,123,2,125,125,
25,4,250,RL_adaptive,1.218022702206995,1.183582110016349,0.03444059219064588,0.9997034907129437,0.000296509287056268,85,38,123,4,123,127,0.9997034907129437
25,4,500,Z_only,1.218022702206995,1.21108932720994,0.006933374997055042,0.9999879821259308,1.2017874069236711e-05,338,162,0,0,500,0,
25,4,500,ZX_split,1.218022702206995,1.2465887748854283,0.028566072678433363,0.9997960087452525,0.00020399125474745983,166,84,247,3,250,250,
25,4,500,RL_adaptive,1.218022702206995,1.2576463574770902,0.03962365527009526,0.9996075428373828,0.0003924571626171547,185,99,209,7,284,216,0.9996075428373828
26,0,10,Z_only,5.260960037540496,1.369438406004566,2.391663675643656,0.13413136079342902,0.865868639206571,6,4,0,0,10,0,
26,0,10,ZX_split,5.260960037540496,5.497787143782138,0.23682710624164205,0.9860436447084799,0.013956355291520062,4,1,1,4,5,5,
26,0,10,RL_adaptive,5.260960037540496,5.034139534781332,0.2268205027591641,0.9871931630999078,0.012806836900092211,4,2,0,4,6,4,0.9871931630999078
26,0,25,Z_only,5.260960037540496,1.1151976533990733,2.137422923038164,0.23160554412780018,0.7683944558721998,18,7,0,0,25,0,
26,0,25,ZX_split,5.260960037540496,5.3003915839322575,0.03943154639176161,0.9996113386502767,0.0003886613497232627,10,2,0,13,12,13,
26,0,25,RL_adaptive,5.260960037540496,5.235667302516665,0.02529273502383056,0.9998400779145052,0.00015992208549475695,9,4,2,10,13,12,0.9998400779145052
26,0,50,Z_only,5.260960037540496,1.0239453760989525,2.0461706457380426,0.2711643528785125,0.7288356471214875,38,12,0,0,50,0,
26,0,50,ZX_split,5.260960037540496,5.332638466367511,0.07167842882701514,0.9987161005527087,0.0012838994472913479,20,5,2,23,25,25,
26,0,50,RL_adaptive,5.260960037540496,5.1239664359190105,0.13699360162148544,0.9953155213890275,0.004684478610972542,19,9,2,20,28,22,0.9953155213890275
26,0,100,Z_only,5.260960037540496,0.9764105267938343,1.998635796432925,0.29254700854828203,0.707452991451718,78,22,0,0,100,0,
26,0,100,ZX_split,5.260960037540496,5.126895854969476,0.13406418257102004,0.9955134246259889,0.0044865753740110925,36,14,0,50,50,50,
26,0,100,RL_adaptive,5.260960037540496,5.176271717526001,0.08468832001449478,0.9982080435067813,0.001791956493218727,43,20,5,32,63,37,0.9982080435067813
26,0,250,Z_only,5.260960037540496,1.0332848196652447,2.0555100893043345,0.26702244339196657,0.7329775566080334,189,61,0,0,250,0,
26,0,250,ZX_split,5.260960037540496,5.281446482408848,0.02048644486835194,0.9998950800637668,0.00010491993623318319,98,27,7,118,125,125,
26,0,250,RL_adaptive,5.260960037540496,5.282343002454326,0.02138296491382974,0.9998856965582311,0.00011430344176888152,111,34,9,96,145,105,0.9998856965582311
26,0,500,Z_only,5.260960037540496,0.9618542683200664,1.9840795379591567,0.29919086224931596,0.700809137750684,393,107,0,0,500,0,
26,0,500,ZX_split,5.260960037540496,5.279118197908196,0.018158160367700127,0.9999175725678754,8.24274321246099e-05,188,62,26,224,250,250,
26,0,500,RL_adaptive,5.260960037540496,5.292737198474035,0.03177716093353933,0.9997475742531968,0.0002524257468031754,227,65,16,192,292,208,0.9997475742531968
26,1,10,Z_only,5.260960037540496,1.1592794807274087,2.181504750366499,0.21327601286129363,0.7867239871387064,7,3,0,0,10,0,
26,1,10,ZX_split,5.260960037540496,3.9269908169872414,1.3339692205532545,0.6173097414475756,0.38269025855242444,2,3,2,3,5,5,
26,1,10,RL_adaptive,5.260960037540496,5.3003915839322575,0.03943154639176161,0.9996113386502767,0.0003886613497232627,5,1,0,4,6,4,0.9996113386502767
26,1,25,Z_only,5.260960037540496,0.9272952180016121,1.9495204876407026,0.315132329427252,0.684867670572748,20,5,0,0,25,0,
26,1,25,ZX_split,5.260960037540496,5.3003915839322575,0.03943154639176161,0.9996113386502767,0.0003886613497232627,10,2,0,13,12,13,
26,1,25,RL_adaptive,5.260960037540496,5.087659803240647,0.1733002342998491,0.9925105296327593,0.00748947036724068,8,4,1,12,12,13,0.9925105296327593
26,1,50,Z_only,5.260960037540496,0.9764105267938343,1.998635796432925,0.29254700854828203,0.707452991451718,39,11,0,0,50,0,
26,1,50,ZX_split,5.260960037540496,5.402835437439382,0.1418753998988862,0.9949762779334245,0.005023722066575531,22,3,1,24,25,25,
26,1,50,RL_adaptive,5.260960037540496,5.133808187272494,0.12715185026800224,0.9959635444566088,0.00403645554339116,21,8,0,21,29,21,0.9959635444566088
26,1,100,Z_only,5.260960037540496,0.8230336921349761,1.845258961774066,0.36448513793073606,0.6355148620692639,84,16,0,0,100,0,
26,1,100,ZX_split,5.260960037540496,5.1584945293280935,0.10246550821240241,0.9973775006195533,0.0026224993804466745,36,14,2,48,50,50,
26,1,100,RL_adaptive,5.260960037540496,5.359457255973824,0.09849721843332837,0.997576534752501,0.002423465247499035,50,11,3,36,61,39,0.997576534752501
26,1,250,Z_only,5.260960037540496,1.0332848196652447,2.0555100893043345,0.26702244339196657,0.7329775566080334,189,61,0,0,250,0,
26,1,250,ZX_split,5.260960037540496,5.273371134744993,0.012411097204497068,0.9999614916608527,3.8508339147314e-05,98,27,6,119,125,125,
26,1,250,RL_adaptive,5.260960037540496,5.313603811479962,0.052643773939466065,0.9993073182614611,0.0006926817385388695,113,31,9,97,144,106,0.9993073182614611
26,1,500,Z_only,5.260960037540496,1.0098355212768173,2.0320607909159074,0.2774596110051215,0.7225403889948785,383,117,0,0,500,0,
26,1,500,ZX_split,5.260960037540496,5.293573507764773,0.03261347022427685,0.9997341139584537,0.0002658860415463149,192,58,23,227,250,250,
26,1,500,RL_adaptive,5.260960037540496,5.314856730622893,0.05389669308239675,0.9992739623969661,0.0007260376030339133,230,62,17,191,292,208,0.9992739623969661
26,2,10,Z_only,5.260960037540496,1.1592794807274087,2.181504750366499,0.21327601286129363,0.7867239871387064,7,3,0,0,10,0,
26,2,10,ZX_split,5.260960037540496,5.252808480655274,0.008151556885222178,0.9999833881220724,1.661187792756369e-05,4,1,0,5,5,5,
26,2,10,RL_adaptive,5.260960037540496,5.034139534781332,0.2268205027591641,0.9871931630999078,0.012806836900092211,3,2,1,4,5,5,0.9871931630999078
26,2,25,Z_only,5.260960037540496,1.0239453760989525,2.0461706457380426,0.2711643528785125,0.7288356471214875,19,6,0,0,25,0,
26,2,25,ZX_split,5.260960037540496,5.580928375670579,0.3199683381300833,0.974622688686085,0.025377311313914963,12,0,1,12,12,13,
26,2,25,RL_adaptive,5.260960037540496,5.087659803240647,0.1733002342998491,0.9925105296327593,0.00748947036724068,8,4,1,12,12,13,0.9925105296327593
26,2,50,Z_only,5.260960037540496,0.9272952180016121,1.9495204876407026,0.315132329427252,0.684867670572748,40,10,0,0,50,0,
26,2,50,ZX_split,5.260960037540496,5.365235611485464,0.10427557394496834,0.99728411341715,0.0027158865828500467,19,6,4,21,25,25,
26,2,50,RL_adaptive,5.260960037540496,5.168868253388403,0.09209178415209252,0.9978812738495655,0.0021187261504345134,19,9,3,19,28,22,0.9978812738495655
26,2,100,Z_only,5.260960037540496,0.9764105267938343,1.998635796432925,0.29254700854828203,0.707452991451718,78,22,0,0,100,0,
26,2,100,ZX_split,5.260960037540496,5.142151259481378,0.11880877805911805,0.9964752676127946,0.0035247323872054093,36,14,1,49,50,50,
26,2,100,RL_adaptive,5.260960037540496,5.254872319221984,0.006087718318512181,0.9999907349500328,9.265049967233097e-06,47,14,2,37,61,39,0.9999907349500328
26,2,250,Z_only,5.260960037540496,0.93725816054529,1.9594834301843802,0.3105131110812879,0.6894868889187121,199,51,0,0,250,0,
26,2,250,ZX_split,5.260960037540496,5.310533224048655,0.049573186508158784,0.999385750603515,0.0006142493964850226,101,24,6,119,125,125,
26,2,250,RL_adaptive,5.260960037540496,5.236087853867074,0.02487218367342159,0.9998453515925301,0.00015464840746992614,111,36,6,97,147,103,0.9998453515925301
26,2,500,Z_only,5.260960037540496,1.0051044962776212,2.0273297659167113,0.27958038740765445,0.7204196125923455,384,116,0,0,500,0,
26,2,500,ZX_split,5.260960037540496,5.246097172023951,0.014862865516544588,0.999944774823796,5.5225176204043436e-05,190,60,15,235,250,250,
26,2,500,RL_adaptive,5.260960037540496,5.268767755284155,0.0078077177436588485,0.9999847599633291,1.524003667086049e-05,223,68,15,194,291,209,0.9999847599633291
26,3,10,Z_only,5.260960037540496,1.1592794807274087,2.181504750366499,0.21327601286129363,0.7867239871387064,7,3,0,0,10,0,
26,3,10,ZX_split,5.260960037540496,5.252808480655274,0.008151556885222178,0.9999833881220724,1.661187792756369e-05,4,1,0,5,5,5,
26,3,10,RL_adaptive,5.260960037540496,5.3003915839322575,0.03943154639176161,0.9996113386502767,0.0003886613497232627,5,1,0,4,6,4,0.9996113386502767
26,3,25,Z_only,5.260960037540496,1.369438406004566,2.391663675643656,0.13413136079342902,0.865868639206571,15,10,0,0,25,0,
26,3,25,ZX_split,5.260960037540496,5.407127256581393,0.1461672190408967,0.9946682887719885,0.00533171122801146,11,1,0,13,12,13,
26,3,25,RL_adaptive,5.260960037540496,5.087659803240647,0.1733002342998491,0.9925105296327593,0.00748947036724068,8,4,1,12,12,13,0.9925105296327593
26,3,50,Z_only,5.260960037540496,1.0701416143903084,2.092366884029399,0.25087875792014064,0.7491212420798594,37,13,0,0,50,0,
26,3,50,ZX_split,5.260960037540496,5.365235611485464,0.10427557394496834,0.99728411341715,0.0027158865828500467,19,6,4,21,25,25,
26,3,50,RL_adaptive,5.260960037540496,5.133808187272494,0.12715185026800224,0.9959635444566088,0.00403645554339116,21,8,0,21,29,21,0.9959635444566088
26,3,100,Z_only,5.260960037540496,1.1151976533990733,2.137422923038164,0.23160554412780018,0.7683944558721998,72,28,0,0,100,0,
26,3,100,ZX_split,5.260960037540496,5.156808190285789,0.10415184725470716,0.997290548762607,0.002709451237392968,35,15,4,46,50,50,
26,3,100,RL_adaptive,5.260960037540496,5.188844147509009,0.07211589003148688,0.9987003879889226,0.0012996120110774223,46,17,2,35,63,37,0.9987003879889226
26,3,250,Z_only,5.260960037540496,1.0882909279195017,2.110516197558592,0.2430521488971832,0.7569478511028168,183,67,0,0,250,0,
26,3,250,ZX_split,5.260960037540496,5.1348613727704056,0.12609866477009035,0.9960300463482377,0.003969953651762337,87,38,8,117,125,125,
26,3,250,RL_adaptive,5.260960037540496,5.236087853867074,0.02487218367342159,0.9998453515925301,0.00015464840746992614,111,36,6,97,147,103,0.9998453515925301
26,3,500,Z_only,5.260960037540496,1.0003592173949747,2.022584487034065,0.2817125092228068,0.7182874907771932,385,115,0,0,500,0,
26,3,500,ZX_split,5.260960037540496,5.240463428811049,0.02049660872944692,0.9998949759345389,0.00010502406546109011,188,62,17,233,250,250,
26,3,500,RL_adaptive,5.260960037540496,5.353747688731687,0.09278765119119115,0.997849156760171,0.002150843239828948,233,59,21,187,292,208,0.997849156760171
26,4,10,Z_only,5.260960037540496,1.369438406004566,2.391663675643656,0.13413136079342902,0.865868639206571,6,4,0,0,10,0,
26,4,10,ZX_split,5.260960037540496,5.497787143782138,0.23682710624164205,0.9860436447084799,0.013956355291520062,5,0,0,5,5,5,
26,4,10,RL_adaptive,5.260960037540496,5.3003915839322575,0.03943154639176161,0.9996113386502767,0.0003886613497232627,5,1,0,4,6,4,0.9996113386502767
26,4,25,Z_only,5.260960037540496,1.369438406004566,2.391663675643656,0.13413136079342902,0.865868639206571,15,10,0,0,25,0,
26,4,25,ZX_split,5.260960037540496,5.176036589385496,0.08492344815500008,0.9981980853285126,0.0018019146714873813,9,3,0,13,12,13,
26,4,25,RL_adaptive,5.260960037540496,5.4789214577604675,0.21796142021997156,0.9881701498496032,0.011829850150396837,10,2,2,11,12,13,0.9881701498496032
26,4,50,Z_only,5.260960037540496,0.9272952180016121,1.9495204876407026,0.315132329427252,0.684867670572748,40,10,0,0,50,0,
26,4,50,ZX_split,5.260960037540496,5.286693810559392,0.02573377301889579,0.9998344523676992,0.00016554763230081093,18,7,4,21,25,25,
26,4,50,RL_adaptive,5.260960037540496,5.086722596392273,0.1742374411482226,0.992429510143148,0.007570489856852047,19,9,1,21,28,22,0.992429510143148
26,4,100,Z_only,5.260960037540496,0.8499775659248071,1.8722028355638978,0.35156819847063187,0.6484318015293682,83,17,0,0,100,0,
26,4,100,ZX_split,5.260960037540496,5.290290917346935,0.029330879806439114,0.9997849402911064,0.0002150597088935724,40,10,2,48,50,50,
26,4,100,RL_adaptive,5.260960037540496,5.382027926061327,0.12106788852083117,0.9963401152468847,0.0036598847531152945,49,11,4,36,60,40,0.9963401152468847
26,4,250,Z_only,5.260960037540496,0.9471487165513417,1.9693739861904316,0.305946056803727,0.694053943196273,198,52,0,0,250,0,
26,4,250,ZX_split,5.260960037540496,5.106551564654964,0.15440847288553172,0.9940513389644148,0.005948661035585223,86,39,6,119,125,125,
26,4,250,RL_adaptive,5.260960037540496,5.225337893884912,0.03562214365558347,0.9996827992647893,0.0003172007352106876,107,39,9,95,146,104,0.9996827992647893
26,4,500,Z_only,5.260960037540496,0.9812307385847757,2.003456008223866,0.29035655777424685,0.7096434422257532,389,111,0,0,500,0,
26,4,500,ZX_split,5.260960037540496,5.302695727320062,0.04173568977956599,0.9995645962564744,0.0004354037435255753,192,58,25,225,250,250,
26,4,500,RL_adaptive,5.260960037540496,5.2452876505174455,0.015672387023050405,0.9999385953281357,6.140467186432907e-05,219,72,15,194,291,209,0.9999385953281357
27,0,10,Z_only,4.982854299257828,1.5707963267948966,2.871127334716655,0.01817666156990673,0.9818233384300933,5,5,0,0,10,0,
27,0,10,ZX_split,4.982854299257828,4.514993420534809,0.46786087872301874,0.9462675131547698,0.05373248684523024,2,3,0,5,5,5,
27,0,10,RL_adaptive,4.982854299257828,5.034139534781332,0.051285235523503836,0.9993426002629928,0.0006573997370071805,4,2,0,4,6,4,0.9993426002629928
27,0,25,Z_only,4.982854299257828,1.2025284333582564,2.5028594412800147,0.09857418303309513,0.9014258169669048,17,8,0,0,25,0,
27,0,25,ZX_split,4.982854299257828,5.176036589385496,0.19318229012766786,0.9906991299874566,0.009300870012543427,9,3,0,13,12,13,
27,0,25,RL_adaptive,4.982854299257828,5.246097172023951,0.26324287276612335,0.9827756093465476,0.01722439065345238,9,3,1,12,12,13,0.9827756093465476
27,0,50,Z_only,4.982854299257828,1.2450668395002664,2.5453978474220245,0.08626089571726775,0.9137391042827323,33,17,0,0,50,0,
27,0,50,ZX_split,4.982854299257828,4.842091517540602,0.14076278171722567,0.995054633607363,0.004945366392636985,14,11,1,24,25,25,
27,0,50,RL_adaptive,4.982854299257828,5.189734362758362,0.20688006350053367,0.9893382676223886,0.010661732377611366,22,7,0,21,29,21,0.9893382676223886
27,0,100,Z_only,4.982854299257828,1.3489818562981022,2.6493128642198602,0.05937118064619874,0.9406288193538013,61,39,0,0,100,0,
27,0,100,ZX_split,4.982854299257828,4.926449663948511,0.05640463530931683,0.9992048401280722,0.0007951598719277975,30,20,2,48,50,50,
27,0,100,RL_adaptive,4.982854299257828,4.867461416805496,0.11539288245233159,0.9966748128432561,0.003325187156743903,37,28,2,33,65,35,0.9966748128432561
27,0,250,Z_only,4.982854299257828,1.2619077527493214,2.5622387606710797,0.08159172127782849,0.9184082787221715,163,87,0,0,250,0,
27,0,250,ZX_split,4.982854299257828,5.004591486879438,0.0217371876216097,0.9998818783197791,0.00011812168022085068,81,44,1,124,125,125,
27,0,250,RL_adaptive,4.982854299257828,4.973196114306494,0.009658184951334192,0.9999766800471371,2.331995286286581e-05,99,58,1,92,157,93,0.9999766800471371
27,0,500,Z_only,4.982854299257828,1.3160499279459414,2.6163809358676997,0.0673910967228548,0.9326089032771452,313,187,0,0,500,0,
27,0,500,ZX_split,4.982854299257828,5.038970415075308,0.05611611581748033,0.9992129519546482,0.0007870480453517903,167,83,1,249,250,250,
27,0,500,RL_adaptive,4.982854299257828,5.053484158892138,0.07062985963430979,0.9987533741020801,0.0012466258979199063,195,95,3,207,290,210,0.9987533741020801
27,1,10,Z_only,4.982854299257828,1.7721542475852272,3.0724852555069857,0.0011934830144211884,0.9988065169855788,4,6,0,0,10,0,
27,1,10,ZX_split,4.982854299257828,5.034139534781332,0.051285235523503836,0.9993426002629928,0.0006573997370071805,3,2,1,4,5,5,
27,1,10,RL_adaptive,4.982854299257828,5.3003915839322575,0.31753728467442954,0.9750036133249627,0.02499638667503734,5,1,0,4,6,4,0.9750036133249627
27,1,25,Z_only,4.982854299257828,1.0239453760989525,2.3242763840207106,0.15790952678587536,0.8420904732141247,19,6,0,0,25,0,
27,1,25,ZX_split,4.982854299257828,4.877537657799317,0.10531664145851138,0.9972296632997193,0.0027703367002807067,7,5,0,13,12,13,
27,1,25,RL_adaptive,4.982854299257828,5.087659803240647,0.10480550398281885,0.9972564642575487,0.002743535742451342,8,4,1,12,12,13,0.9972564642575487
27,1,50,Z_only,4.982854299257828,1.3284304757559333,2.6287614836776916,0.06432055049526801,0.935679449504732,31,19,0,0,50,0,
27,1,50,ZX_split,4.982854299257828,4.90978454023457,0.07306975902325785,0.998665796368102,0.0013342036318979567,15,10,0,25,25,25,
27,1,50,RL_adaptive,4.982854299257828,4.9492377413316095,0.03361655792621843,0.999717508362815,0.0002824916371849673,18,11,0,21,29,21,0.999717508362815
27,1,100,Z_only,4.982854299257828,1.3077741238864276,2.608105131808186,0.06948061576159636,0.9305193842384036,63,37,0,0,100,0,
27,1,100,ZX_split,4.982854299257828,4.957367643511554,0.025486655746274067,0.9998376163849587,0.00016238361504128385,31,19,1,49,50,50,
27,1,100,RL_adaptive,4.982854299257828,4.870478951506375,0.11237534775145264,0.9968462662376963,0.0031537337623036565,40,29,0,31,69,31,0.9968462662376963
27,1,250,Z_only,4.982854299257828,1.4019958457774895,2.7023268536992475,0.04746792792967536,0.9525320720703246,146,104,0,0,250,0,
27,1,250,ZX_split,4.982854299257828,5.0819753547575095,0.09912105549968153,0.9975457644786473,0.00245423552135271,84,41,7,118,125,125,
27,1,250,RL_adaptive,4.982854299257828,4.927403862132196,0.055450437125632135,0.9992315091957413,0.0007684908042586702,93,62,4,91,155,95,0.9992315091957413
27,1,500,Z_only,4.982854299257828,1.270294063310217,2.5706250712319756,0.07931077865335874,0.9206892213466412,324,176,0,0,500,0,
27,1,500,ZX_split,4.982854299257828,5.034139534781332,0.051285235523503836,0.9993426002629928,0.0006573997370071805,165,85,5,245,250,250,
27,1,500,RL_adaptive,4.982854299257828,5.0000688571425025,0.01721455788467452,0.9999259165787321,7.408342126791201e-05,185,103,4,208,288,212,0.9999259165787321
27,2,10,Z_only,4.982854299257828,0.9272952180016121,2.2276262259233706,0.19469528983098822,0.8053047101690118,8,2,0,0,10,0,
27,2,10,ZX_split,4.982854299257828,4.90978454023457,0.07306975902325785,0.998665796368102,0.0013342036318979567,3,2,0,5,5,5,
27,2,10,RL_adaptive,4.982854299257828,4.3906384259880475,0.5922158732697804,0.9148529072961465,0.08514709270385346,2,4,0,4,6,4,0.9148529072961465
27,2,25,Z_only,4.982854299257828,1.4505064444001083,2.750837452321867,0.03768916131987163,0.9623108386801283,14,11,0,0,25,0,
27,2,25,ZX_split,4.982854299257828,5.3003915839322575,0.31753728467442954,0.9750036133249627,0.02499638667503734,10,2,0,13,12,13,
27,2,25,RL_adaptive,4.982854299257828,5.079562814202909,0.09670851494508081,0.9976636875068097,0.002336312493190329,9,4,0,12,13,12,0.9976636875068097
27,2,50,Z_only,4.982854299257828,1.1592794807274087,2.459610488649167,0.11183758972626298,0.888162410273737,35,15,0,0,50,0,
27,2,50,ZX_split,4.982854299257828,4.926449663948511,0.05640463530931683,0.9992048401280722,0.0007951598719277975,15,10,1,24,25,25,
27,2,50,RL_adaptive,4.982854299257828,4.81547058890739,0.1673837103504381,0.9930120116427186,0.006987988357281427,16,13,0,21,29,21,0.9930120116427186
27,2,100,Z_only,4.982854299257828,1.3077741238864276,2.608105131808186,0.06948061576159636,0.9305193842384036,63,37,0,0,100,0,
27,2,100,ZX_split,4.982854299257828,5.0078298175284095,0.02497551827058153,0.9998440639778007,0.00015593602219932112,32,18,2,48,50,50,
27,2,100,RL_adaptive,4.982854299257828,5.089947445957769,0.10709314669994097,0.9971355037815659,0.0028644962184340983,42,20,2,36,62,38,0.9971355037815659
27,2,250,Z_only,4.982854299257828,1.3201811137071813,2.6205121216289395,0.06635911084916254,0.9336408891508374,156,94,0,0,250,0,
27,2,250,ZX_split,4.982854299257828,5.0241896143885265,0.04133531513069855,0.9995729087469278,0.0004270912530721649,82,43,2,123,125,125,
27,2,250,RL_adaptive,4.982854299257828,4.995484765684186,0.012630466426357678,0.9999601183596561,3.9881640343852887e-05,98,56,3,93,154,96,0.9999601183596561
27,2,500,Z_only,4.982854299257828,1.3119142931291623,2.612245301050921,0.06843158910639056,0.9315684108936094,314,186,0,0,500,0,
27,2,500,ZX_split,4.982854299257828,5.0091447411624115,0.026290441904583517,0.9998272131188013,0.00017278688119870544,162,88,4,246,250,250,
27,2,500,RL_adaptive,4.982854299257828,4.959494861877096,0.023359437380731762,0.999863590374294,0.00013640962570604653,178,109,5,208,287,213,0.999863590374294
27,3,10,Z_only,4.982854299257828,0.6435011087932843,1.9438321167150425,0.31777794437536105,0.682222055624639,9,1,0,0,10,0,
27,3,10,ZX_split,4.982854299257828,5.497787143782138,0.51493284452431,0.9351628983738367,0.0648371016261633,5,0,0,5,5,5,
27,3,10,RL_adaptive,4.982854299257828,4.71238898038469,0.2704653188731383,0.9818233384300932,0.018176661569906827,3,3,0,4,6,4,0.9818233384300932
27,3,25,Z_only,4.982854299257828,1.2025284333582564,2.5028594412800147,0.09857418303309513,0.9014258169669048,17,8,0,0,25,0,
27,3,25,ZX_split,4.982854299257828,5.246097172023951,0.26324287276612335,0.9827756093465476,0.01722439065345238,9,3,1,12,12,13,
27,3,25,RL_adaptive,4.982854299257828,5.176036589385496,0.19318229012766786,0.9906991299874566,0.009300870012543427,9,3,0,13,12,13,0.9906991299874566
27,3,50,Z_only,4.982854299257828,1.2870022175865687,2.587333225508327,0.07485477670880643,0.9251452232911935,32,18,0,0,50,0,
27,3,50,ZX_split,4.982854299257828,4.9853976834714,0.002543384213572253,0.9999983828000573,1.6171999427383454e-06,16,9,0,25,25,25,
27,3,50,RL_adaptive,4.982854299257828,4.81547058890739,0.1673837103504381,0.9930120116427186,0.006987988357281427,16,13,0,21,29,21,0.9930120116427186
27,3,100,Z_only,4.982854299257828,1.4303349120850408,2.730665920006799,0.041624487804510335,0.9583755121954897,57,43,0,0,100,0,
27,3,100,ZX_split,4.982854299257828,4.836743974931451,0.1461103243263766,0.9946724312521737,0.00532756874782625,28,22,1,49,50,50,
27,3,100,RL_adaptive,4.982854299257828,4.988716255359755,0.005861956101926857,0.9999914093922644,8.590607735614597e-06,43,24,0,33,67,33,0.9999914093922644
27,3,250,Z_only,4.982854299257828,1.3284304757559333,2.6287614836776916,0.06432055049526801,0.935679449504732,155,95,0,0,250,0,
27,3,250,ZX_split,4.982854299257828,4.94393275131034,0.03892154794748759,0.9996213260839768,0.0003786739160231978,77,48,1,124,125,125,
27,3,250,RL_adaptive,4.982854299257828,4.961882477814899,0.020971821442929084,0.9998900497062668,0.00010995029373317422,96,59,3,92,155,95,0.9998900497062668
27,3,500,Z_only,4.982854299257828,1.4060521265963293,2.7063831345180875,0.04660913556055939,0.9533908644394407,291,209,0,0,500,0,
27,3,500,ZX_split,4.982854299257828,5.063833774388241,0.08097947513041337,0.9983614768541432,0.001638523145856774,169,81,5,245,250,250,
27,3,500,RL_adaptive,4.982854299257828,4.942710712707143,0.04014358655068495,0.9995971772150671,0.00040282278493286583,179,111,0,210,290,210,0.9995971772150671
27,4,10,Z_only,4.982854299257828,1.5707963267948966,2.871127334716655,0.01817666156990673,0.9818233384300933,5,5,0,0,10,0,
27,4,10,ZX_split,4.982854299257828,4.514993420534809,0.46786087872301874,0.9462675131547698,0.05373248684523024,2,3,0,5,5,5,
27,4,10,RL_adaptive,4.982854299257828,4.71238898038469,0.2704653188731383,0.9818233384300932,0.018176661569906827,3,3,0,4,6,4,0.9818233384300932
27,4,25,Z_only,4.982854299257828,1.2025284333582564,2.5028594412800147,0.09857418303309513,0.9014258169669048,17,8,0,0,25,0,
27,4,25,ZX_split,4.982854299257828,4.3906384259880475,0.5922158732697804,0.9148529072961465,0.08514709270385346,4,8,0,13,12,13,
27,4,25,RL_adaptive,4.982854299257828,4.939187828438575,0.0436664708192529,0.9995233855712393,0.00047661442876067994,8,5,0,12,13,12,0.9995233855712393
27,4,50,Z_only,4.982854299257828,1.3284304757559333,2.6287614836776916,0.06432055049526801,0.935679449504732,31,19,0,0,50,0,
27,4,50,ZX_split,4.982854299257828,4.9853976834714,0.002543384213572253,0.9999983828000573,1.6171999427383454e-06,16,9,0,25,25,25,
27,4,50,RL_adaptive,4.982854299257828,4.943877736731532,0.038976562526295666,0.9996202549719084,0.0003797450280915715,17,11,1,21,28,22,0.9996202549719084
27,4,100,Z_only,4.982854299257828,1.3898098755483488,2.6901408834701073,0.05009265814921754,0.9499073418507824,59,41,0,0,100,0,
27,4,100,ZX_split,4.982854299257828,5.142151259481378,0.1592969602235499,0.9936695232134308,0.0063304767865691725,36,14,1,49,50,50,
27,4,100,RL_adaptive,4.982854299257828,5.040577214086419,0.05772291482859071,0.9991672475375315,0.0008327524624685001,41,21,1,37,62,38,0.9991672475375315
27,4,250,Z_only,4.982854299257828,1.2953255440742457,2.595656551996004,0.07267918790872799,0.927320812091272,159,91,0,0,250,0,
27,4,250,ZX_split,4.982854299257828,5.077381792579395,0.09452749332156696,0.9977678011356665,0.0022321988643334567,86,39,1,124,125,125,
27,4,250,RL_adaptive,4.982854299257828,4.871791056073311,0.11106324318451666,0.9969194075609039,0.003080592439096086,92,67,1,90,159,91,0.9969194075609039
27,4,500,Z_only,4.982854299257828,1.266103672779499,2.5664346807012572,0.08044680960148151,0.9195531903985185,325,175,0,0,500,0,
27,4,500,ZX_split,4.982854299257828,5.053841418694141,0.07098711943631297,0.9987407361556309,0.0012592638443691406,168,82,4,246,250,250,
27,4,500,RL_adaptive,4.982854299257828,4.992031702385875,0.009177403128046713,0.9999789439657435,2.1056034256505818e-05,182,105,7,206,287,213,0.9999789439657435
28,0,10,Z_only,0.23617524742061377,0.0,0.23617524742061377,0.9861200108280092,0.013879989171990847,10,0,0,0,10,0,
28,0,10,ZX_split,0.23617524742061377,6.085789747329706,0.43357080727049446,0.9537356962967743,0.04626430370322565,5,0,2,3,5,5,
28,0,10,RL_adaptive,0.23617524742061377,0.3217505543966422,0.08557530697602841,0.9981703336921178,0.0018296663078821718,4,0,4,2,4,6,0.9981703336921178
28,0,25,Z_only,0.23617524742061377,0.0,0.23617524742061377,0.9861200108280092,0.013879989171990847,25,0,0,0,25,0,
28,0,25,ZX_split,0.23617524742061377,0.0920468488634067,0.14412839855720708,0.9948157349041341,0.005184265095865892,11,1,7,6,12,13,
28,0,25,RL_adaptive,0.23617524742061377,0.2782996590051114,0.04212441158449762,0.9995564490818218,0.0004435509181781594,11,0,9,5,11,14,0.9995564490818218
28,0,50,Z_only,0.23617524742061377,0.0,0.23617524742061377,0.9861200108280092,0.013879989171990847,50,0,0,0,50,0,
28,0,50,ZX_split,0.23617524742061377,0.1194289260183385,0.11674632140227527,0.9965964425356043,0.00340355746439569,25,0,14,11,25,25,
28,0,50,RL_adaptive,0.23617524742061377,6.200044075291145,0.31931647930905527,0.9747251045384601,0.025274895461539937,26,0,11,13,26,24,0.9747251045384601
28,0,100,Z_only,0.23617524742061377,0.20033484232311968,0.03584040509749409,0.9996789007147493,0.0003210992852507033,99,1,0,0,100,0,
28,0,100,ZX_split,0.23617524742061377,0.07982998571223733,0.15634526170837643,0.9939014775921563,0.006098522407843698,50,0,27,23,50,50,
28,0,100,RL_adaptive,0.23617524742061377,0.34555558058171215,0.10938033316109838,0.9970119665459518,0.002988033454048189,50,0,34,16,50,50,0.9970119665459518
28,0,250,Z_only,0.23617524742061377,0.17912481487888987,0.0570504325417239,0.9991865327087923,0.0008134672912076812,248,2,0,0,250,0,
28,0,250,ZX_split,0.23617524742061377,0.1848570320184407,0.05131821540217307,0.99934175467168,0.0006582453283200396,124,1,74,51,125,125,
28,0,250,RL_adaptive,0.23617524742061377,0.27513711420403214,0.03896186678341837,0.9996205412402205,0.00037945875977951626,116,2,84,48,118,132,0.9996205412402205
28,0,500,Z_only,0.23617524742061377,0.17912481487888987,0.0570504325417239,0.9991865327087923,0.0008134672912076812,496,4,0,0,500,0,
28,0,500,ZX_split,0.23617524742061377,0.22740234828236855,0.008772899138245221,0.9999807591835818,1.9240816418242268e-05,246,4,153,97,250,250,
28,0,500,RL_adaptive,0.23617524742061377,0.16384326613547487,0.0723319812851389,0.9986925912909803,0.0013074087090196862,287,3,122,88,290,210,0.9986925912909803
28,1,10,Z_only,0.23617524742061377,0.0,0.23617524742061377,0.9861200108280092,0.013879989171990847,10,0,0,0,10,0,
28,1,10,ZX_split,0.23617524742061377,6.085789747329706,0.43357080727049446,0.9537356962967743,0.04626430370322565,5,0,2,3,5,5,
28,1,10,RL_adaptive,0.23617524742061377,6.085789747329706,0.43357080727049446,0.9537356962967743,0.04626430370322565,5,0,2,3,5,5,0.9537356962967743
28,1,25,Z_only,0.23617524742061377,0.0,0.23617524742061377,0.9861200108280092,0.013879989171990847,25,0,0,0,25,0,
28,1,25,ZX_split,0.23617524742061377,0.27015319971140506,0.033977952290791286,0.9997114024566526,0.00028859754334742416,11,1,8,5,12,13,
28,1,25,RL_adaptive,0.23617524742061377,5.961434752782944,0.5579258018172562,0.9241775365492167,0.07582246345078325,10,0,5,10,10,15,0.9241775365492167
28,1,50,Z_only,0.23617524742061377,0.0,0.23617524742061377,0.9861200108280092,0.013879989171990847,50,0,0,0,50,0,
28,1,50,ZX_split,0.23617524742061377,0.1194289260183385,0.11674632140227527,0.9965964425356043,0.00340355746439569,25,0,14,11,25,25,
28,1,50,RL_adaptive,0.23617524742061377,0.09003371320619152,0.14614153421442225,0.9946701590716476,0.005329840928352425,25,1,13,11,26,24,0.9946701590716476
28,1,100,Z_only,0.23617524742061377,0.283794109208328,0.04761886178771421,0.9994332181134603,0.0005667818865396912,98,2,0,0,100,0,
28,1,100,ZX_split,0.23617524742061377,0.17219081452293902,0.06398443289767475,0.9989768472244309,0.0010231527755690806,48,2,29,21,50,50,
28,1,100,RL_adaptive,0.23617524742061377,0.3097029445424562,0.07352769712184246,0.9986490282526036,0.0013509717473964011,50,0,33,17,50,50,0.9986490282526036
28,1,250,Z_only,0.23617524742061377,0.38178785422348993,0.14561260680287616,0.9947086015790672,0.005291398420932847,241,9,0,0,250,0,
28,1,250,ZX_split,0.23617524742061377,0.23523238304426827,0.000942864376345498,0.9999997777517086,2.2224829143713265e-07,123,2,77,48,125,125,
28,1,250,RL_adaptive,0.23617524742061377,0.22518874653444973,0.010986500886164041,0.9999698245030947,3.0175496905315846e-05,117,2,80,51,119,131,0.9999698245030947
28,1,500,Z_only,0.23617524742061377,0.2691397328745526,0.03296448545393885,0.9997283602743001,0.00027163972569987926,491,9,0,0,500,0,
28,1,500,ZX_split,0.23617524742061377,0.08847807248097567,0.1476971749396381,0.9945562928906783,0.005443707109321738,249,1,136,114,250,250,
28,1,500,RL_adaptive,0.23617524742061377,0.23245523309899452,0.0037200143216192527,0.9999965403773514,3.459622648582794e-06,285,5,129,81,290,210,0.9999965403773514
28,2,10,Z_only,0.23617524742061377,0.0,0.23617524742061377,0.9861200108280092,0.013879989171990847,10,0,0,0,10,0,
28,2,10,ZX_split,0.23617524742061377,0.5404195002705843,0.3042442528499705,0.97703681293042,0.022963187069580004,5,0,4,1,5,5,
28,2,10,RL_adaptive,0.23617524742061377,0.5880026035475675,0.3518273561269537,0.9693722741981007,0.03062772580189932,4,0,5,1,4,6,0.9693722741981007
28,2,25,Z_only,0.23617524742061377,0.40271584158066176,0.166540594160048,0.99308206933357,0.006917930666429983,24,1,0,0,25,0,
28,2,25,ZX_split,0.23617524742061377,0.43240777557053783,0.19623252814992406,0.9904040508669748,0.009595949133025194,11,1,9,4,12,13,
28,2,25,RL_adaptive,0.23617524742061377,0.2782996590051114,0.04212441158449762,0.9995564490818218,0.0004435509181781594,11,0,9,5,11,14,0.9995564490818218
28,2,50,Z_only,0.23617524742061377,0.40271584158066176,0.166540594160048,0.99308206933357,0.006917930666429983,48,2,0,0,50,0,
28,2,50,ZX_split,0.23617524742061377,0.1194289260183385,0.11674632140227527,0.9965964425356043,0.00340355746439569,25,0,14,11,25,25,
28,2,50,RL_adaptive,0.23617524742061377,0.39479111969976155,0.15861587227914778,0.993723427190925,0.0062765728090750095,26,0,17,7,26,24,0.993723427190925
28,2,100,Z_only,0.23617524742061377,0.20033484232311968,0.03584040509749409,0.9996789007147493,0.0003210992852507033,99,1,0,0,100,0,
28,2,100,ZX_split,0.23617524742061377,0.16514867741462683,0.07102657000598694,0.9987393367020864,0.0012606632979136334,49,1,29,21,50,50,
28,2,100,RL_adaptive,0.23617524742061377,0.1194289260183385,0.11674632140227527,0.9965964425356043,0.00340355746439569,50,0,28,22,50,50,0.9965964425356043
28,2,250,Z_only,0.23617524742061377,0.283794109208328,0.04761886178771421,0.9994332181134603,0.0005667818865396912,245,5,0,0,250,0,
28,2,250,ZX_split,0.23617524742061377,0.13517069864900896,0.10100454877160481,0.9974516878602271,0.0025483121397729125,125,0,71,54,125,125,
28,2,250,RL_adaptive,0.23617524742061377,0.22719946612894523,0.008975781291668539,0.9999798589727728,2.014102722724953e-05,117,1,81,51,118,132,0.9999798589727728
28,2,500,Z_only,0.23617524742061377,0.25366173607545534,0.017486488654841564,0.9999235576265226,7.644237347737004e-05,492,8,0,0,500,0,
28,2,500,ZX_split,0.23617524742061377,0.23109066719589708,0.005084580224716695,0.999993536774909,6.463225091013491e-06,244,6,153,97,250,250,
28,2,500,RL_adaptive,0.23617524742061377,0.3324263053840973,0.09625105796348352,0.9976857209628907,0.002314279037109346,285,5,140,70,290,210,0.9976857209628907
28,3,10,Z_only,0.23617524742061377,0.0,0.23617524742061377,0.9861200108280092,0.013879989171990847,10,0,0,0,10,0,
28,3,10,ZX_split,0.23617524742061377,0.7853981633974483,0.5492229159768345,0.9264652182554026,0.07353478174459738,5,0,5,0,5,5,
28,3,10,RL_adaptive,0.23617524742061377,6.085789747329706,0.43357080727049446,0.9537356962967743,0.04626430370322565,5,0,2,3,5,5,0.9537356962967743
28,3,25,Z_only,0.23617524742061377,0.40271584158066176,0.166540594160048,0.99308206933357,0.006917930666429983,24,1,0,0,25,0,
28,3,25,ZX_split,0.23617524742061377,0.07677189126977799,0.15940335615083578,0.9936610819397638,0.006338918060236232,12,0,7,6,12,13,
28,3,25,RL_adaptive,0.23617524742061377,0.40489178628508343,0.16871653886446966,0.9929005470282841,0.0070994529717158805,11,0,10,4,11,14,0.9929005470282841
28,3,50,Z_only,0.23617524742061377,0.283794109208328,0.04761886178771421,0.9994332181134603,0.0005667818865396912,49,1,0,0,50,0,
28,3,50,ZX_split,0.23617524742061377,0.2730087030867106,0.03683345566609683,0.9996608624809449,0.00033913751905512157,25,0,16,9,25,25,
28,3,50,RL_adaptive,0.23617524742061377,0.49642275340488184,0.26024750598426805,0.9831631597799932,0.016836840220006755,25,1,18,6,26,24,0.9831631597799932
28,3,100,Z_only,0.23617524742061377,0.283794109208328,0.04761886178771421,0.9994332181134603,0.0005667818865396912,98,2,0,0,100,0,
28,3,100,ZX_split,0.23617524742061377,0.27829965900511133,0.04212441158449756,0.9995564490818218,0.0004435509181781594,46,4,31,19,50,50,
28,3,100,RL_adaptive,0.23617524742061377,0.19739555984988072,0.03877968757073305,0.9996240810724388,0.0003759189275611696,50,0,30,20,50,50,0.9996240810724388
28,3,250,Z_only,0.23617524742061377,0.2195295842499295,0.016645663170684277,0.9999307320738096,6.926792619044164e-05,247,3,0,0,250,0,
28,3,250,ZX_split,0.23617524742061377,0.24296659340749838,0.006791345986884606,0.9999884694492397,1.1530550760308067e-05,121,4,77,48,125,125,
28,3,250,RL_adaptive,0.23617524742061377,0.27896259015385344,0.04278734273323967,0.9995423806476563,0.00045761935234367446,115,4,83,48,119,131,0.9995423806476563
28,3,500,Z_only,0.23617524742061377,0.17912481487888987,0.0570504325417239,0.9991865327087923,0.0008134672912076812,496,4,0,0,500,0,
28,3,500,ZX_split,0.23617524742061377,0.21780089053641882,0.018374356884194948,0.9999155981269388,8.440187306124614e-05,247,3,152,98,250,250,
28,3,500,RL_adaptive,0.23617524742061377,0.20934158326281993,0.02683366415779384,0.9998199994180735,0.00018000058192646495,288,2,127,83,290,210,0.9998199994180735
28,4,10,Z_only,0.23617524742061377,0.0,0.23617524742061377,0.9861200108280092,0.013879989171990847,10,0,0,0,10,0,
28,4,10,ZX_split,0.23617524742061377,0.5404195002705843,0.3042442528499705,0.97703681293042,0.022963187069580004,5,0,4,1,5,5,
28,4,10,RL_adaptive,0.23617524742061377,0.5880026035475675,0.3518273561269537,0.9693722741981007,0.03062772580189932,4,0,5,1,4,6,0.9693722741981007
28,4,25,Z_only,0.23617524742061377,0.0,0.23617524742061377,0.9861200108280092,0.013879989171990847,25,0,0,0,25,0,
28,4,25,ZX_split,0.23617524742061377,0.5736666681681609,0.3374914207475471,0.9717941385447147,0.028205861455285253,11,1,10,3,12,13,
28,4,25,RL_adaptive,0.23617524742061377,0.0920468488634067,0.14412839855720708,0.9948157349041341,0.005184265095865892,11,1,7,6,12,13,0.9948157349041341
28,4,50,Z_only,0.23617524742061377,0.283794109208328,0.04761886178771421,0.9994332181134603,0.0005667818865396912,49,1,0,0,50,0,
28,4,50,ZX_split,0.23617524742061377,0.34555558058171215,0.10938033316109838,0.9970119665459518,0.002988033454048189,25,0,17,8,25,25,
28,4,50,RL_adaptive,0.23617524742061377,0.4240083267745411,0.18783307935392732,0.9912055857570208,0.00879441424297922,25,1,17,7,26,24,0.9912055857570208
28,4,100,Z_only,0.23617524742061377,0.0,0.23617524742061377,0.9861200108280092,0.013879989171990847,100,0,0,0,100,0,
28,4,100,ZX_split,0.23617524742061377,0.16514867741462683,0.07102657000598694,0.9987393367020864,0.0012606632979136334,49,1,29,21,50,50,
28,4,100,RL_adaptive,0.23617524742061377,0.23554498072086333,0.0006302666997504425,0.999999900690975,9.930902500343564e-08,50,0,31,19,50,50,0.999999900690975
28,4,250,Z_only,0.23617524742061377,0.25366173607545534,0.017486488654841564,0.9999235576265226,7.644237347737004e-05,246,4,0,0,250,0,
28,4,250,ZX_split,0.23617524742061377,0.13734127746693386,0.0988339699536799,0.9975599487991801,0.002440051200819915,124,1,71,54,125,125,
28,4,250,RL_adaptive,0.23617524742061377,0.27513711420403214,0.03896186678341837,0.9996205412402205,0.00037945875977951626,116,2,84,48,118,132,0.9996205412402205
28,4,500,Z_only,0.23617524742061377,0.23719886669318815,0.0010236192725743831,0.9999997380509192,2.619490807598268e-07,493,7,0,0,500,0,
28,4,500,ZX_split,0.23617524742061377,0.31441572261167955,0.07824047519106578,0.9984703875520833,0.0015296124479167172,248,2,165,85,250,250,
28,4,500,RL_adaptive,0.23617524742061377,0.20568266295376944,0.03049258446684433,0.9997675685834869,0.0002324314165130792,284,6,126,84,290,210,0.9997675685834869
29,0,10,Z_only,4.817070535988868,1.369438406004566,2.835553177195284,0.023232855182110525,0.9767671448178895,6,4,0,0,10,0,
29,0,10,ZX_split,4.817070535988868,4.90978454023457,0.09271400424570242,0.9978525672728892,0.0021474327271108207,3,2,0,5,5,5,
29,0,10,RL_adaptive,4.817070535988868,4.3906384259880475,0.42643211000082015,0.9552236550992482,0.044776344900751774,2,4,0,4,6,4,0.9552236550992482
29,0,25,Z_only,4.817070535988868,1.8545904360032244,2.962480099985643,0.007998907750766743,0.9920010922492333,9,16,0,0,25,0,
29,0,25,ZX_split,4.817070535988868,4.877537657799317,0.06046712181044889,0.9990862102679436,0.0009137897320563582,7,5,0,13,12,13,
29,0,25,RL_adaptive,4.817070535988868,5.079562814202909,0.2624922782140411,0.9828731305993885,0.017126869400611477,9,4,0,12,13,12,0.9828731305993885
29,0,50,Z_only,4.817070535988868,1.5307856524409076,2.996900423631626,0.0052248352756783766,0.9947751647243216,26,24,0,0,50,0,
29,0,50,ZX_split,4.817070535988868,4.90978454023457,0.09271400424570242,0.9978525672728892,0.0021474327271108207,15,10,0,25,25,25,
29,0,50,RL_adaptive,4.817070535988868,4.677919879385182,0.13915065660368597,0.9951670795291218,0.004832920470878244,14,15,0,21,29,21,0.9951670795291218
29,0,100,Z_only,4.817070535988868,1.4505064444001083,2.916621215590827,0.012599760482262164,0.9874002395177378,56,44,0,0,100,0,
29,0,100,ZX_split,4.817070535988868,4.831817906403028,0.014747370414160521,0.9999456297518701,5.43702481299313e-05,28,22,0,50,50,50,
29,0,100,RL_adaptive,4.817070535988868,4.960876401042093,0.143805865053225,0.994838871897134,0.005161128102865953,42,25,0,33,67,33,0.994838871897134
29,0,250,Z_only,4.817070535988868,1.5067525554007029,2.9728673265914214,0.007100190830389769,0.9928998091696102,133,117,0,0,250,0,
29,0,250,ZX_split,4.817070535988868,4.784264949941025,0.032805586047842894,0.9997309725097399,0.00026902749026014305,67,58,0,125,125,125,
29,0,250,RL_adaptive,4.817070535988868,4.847365730238613,0.030295194249744917,0.9997705678498604,0.00022943215013959684,92,70,0,88,162,88,0.9997705678498604
29,0,500,Z_only,4.817070535988868,1.4019958457774895,2.868110616968208,0.018581856520133097,0.9814181434798669,292,208,0,0,500,0,
29,0,500,ZX_split,4.817070535988868,4.720388809724576,0.09668172626429161,0.997664980656822,0.0023350193431780353,126,124,0,250,250,250,
29,0,500,RL_adaptive,4.817070535988868,4.764972041995631,0.052098493993236517,0.9993215901997269,0.0006784098002731165,150,135,0,215,285,215,0.9993215901997269
29,1,10,Z_only,4.817070535988868,1.5707963267948966,3.036911097985615,0.0027370562103407026,0.9972629437896593,5,5,0,0,10,0,
29,1,10,ZX_split,4.817070535988868,4.90978454023457,0.09271400424570242,0.9978525672728892,0.0021474327271108207,3,2,0,5,5,5,
29,1,10,RL_adaptive,4.817070535988868,4.71238898038469,0.10468155560417802,0.9972629437896594,0.0027370562103405938,3,3,0,4,6,4,0.9972629437896594
29,1,25,Z_only,4.817070535988868,1.2025284333582564,2.668643204548975,0.05488567643636814,0.9451143235636319,17,8,0,0,25,0,
29,1,25,ZX_split,4.817070535988868,5.034139534781332,0.2170689987924641,0.9882664439261143,0.01173355607388571,8,4,0,13,12,13,
29,1,25,RL_adaptive,4.817070535988868,5.3003915839322575,0.4833210479433898,0.94272822166436,0.05727177833564001,10,2,0,13,12,13,0.94272822166436
29,1,50,Z_only,4.817070535988868,1.4907107467612375,2.9568255179519563,0.008510470714105588,0.9914895292858944,27,23,0,0,50,0,
29,1,50,ZX_split,4.817070535988868,4.592960054366351,0.22411048162251657,0.9874960893012841,0.012503910698715925,11,14,0,25,25,25,
29,1,50,RL_adaptive,4.817070535988868,4.9492377413316095,0.13216720534274184,0.9956393107777975,0.004360689222202452,18,11,0,21,29,21,0.9956393107777975
29,1,100,Z_only,4.817070535988868,1.5307856524409076,2.996900423631626,0.0052248352756783766,0.9947751647243216,52,48,0,0,100,0,
29,1,100,ZX_split,4.817070535988868,4.792218966096927,0.024851569891940706,0.9998456078147797,0.00015439218522028675,27,23,0,50,50,50,
29,1,100,RL_adaptive,4.817070535988868,4.898611820795831,0.08154128480696343,0.998338675533696,0.0016613244663039595,41,28,0,31,69,31,0.998338675533696
29,1,250,Z_only,4.817070535988868,1.5307856524409076,2.996900423631626,0.0052248352756783766,0.9947751647243216,130,120,0,0,250,0,
29,1,250,ZX_split,4.817070535988868,4.769238227717527,0.04783230827134055,0.9994281266176748,0.0005718733823252276,66,59,1,124,125,125,
29,1,250,RL_adaptive,4.817070535988868,4.816307759075981,0.0007627769128868422,0.9999998545428523,1.4545714766001083e-07,90,73,0,87,163,87,0.9999998545428523
29,1,500,Z_only,4.817070535988868,1.4625852650865776,2.928700036277296,0.011288085427282534,0.9887119145727175,277,223,0,0,500,0,
29,1,500,ZX_split,4.817070535988868,4.824816111214879,0.007745575226011603,0.999985001591089,1.4998408910948946e-05,139,111,1,249,250,250,
29,1,500,RL_adaptive,4.817070535988868,4.775243140810261,0.041827395178606785,0.9995626810173134,0.0004373189826866186,152,134,0,214,286,214,0.9995626810173134
29,2,10,Z_only,4.817070535988868,1.5707963267948966,3.036911097985615,0.0027370562103407026,0.9972629437896593,5,5,0,0,10,0,
29,2,10,ZX_split,4.817070535988868,4.514993420534809,0.30207711545405846,0.9773602995617512,0.02263970043824881,2,3,0,5,5,5,
29,2,10,RL_adaptive,4.817070535988868,5.497787143782138,0.6807166077932703,0.8885609605779745,0.11143903942202549,6,0,0,4,6,4,0.8885609605779745
29,2,25,Z_only,4.817070535988868,1.369438406004566,2.835553177195284,0.023232855182110525,0.9767671448178895,15,10,0,0,25,0,
29,2,25,ZX_split,4.817070535988868,5.176036589385496,0.3589660533966281,0.968130278050926,0.031869721949074004,9,3,0,13,12,13,
29,2,25,RL_adaptive,4.817070535988868,4.789160871654468,0.02790966433440012,0.9998052752997344,0.00019472470026560273,7,6,0,12,13,12,0.9998052752997344
29,2,50,Z_only,4.817070535988868,1.5307856524409076,2.996900423631626,0.0052248352756783766,0.9947751647243216,26,24,0,0,50,0,
29,2,50,ZX_split,4.817070535988868,4.75236766750798,0.06470286848088769,0.9989537497861627,0.0010462502138373075,13,12,0,25,25,25,
29,2,50,RL_adaptive,4.817070535988868,4.883124191859972,0.06605365587110423,0.9989096251728966,0.0010903748271033908,17,12,0,21,29,21,0.9989096251728966
29,2,100,Z_only,4.817070535988868,1.6108070011488855,3.0769217723396043,0.0010452163582040123,0.998954783641796,48,52,0,0,100,0,
29,2,100,ZX_split,4.817070535988868,4.792218966096927,0.024851569891940706,0.9998456078147797,0.00015439218522028675,27,23,0,50,50,50,
29,2,100,RL_adaptive,4.817070535988868,4.803048867585435,0.014021668403432663,0.9999508490090904,4.915099090962993e-05,36,30,0,34,66,34,0.9999508490090904
29,2,250,Z_only,4.817070535988868,1.538790862943446,3.0049056341341647,0.004663567615191441,0.9953364323848085,129,121,0,0,250,0,
29,2,250,ZX_split,4.817070535988868,4.736384373976559,0.0806861620123085,0.9983733186117293,0.001626681388270712,64,61,0,125,125,125,
29,2,250,RL_adaptive,4.817070535988868,4.779771476228066,0.03729905976080161,0.9996522353561347,0.0003477646438653226,87,76,0,87,163,87,0.9996522353561347
29,2,500,Z_only,4.817070535988868,1.4826823504951772,2.948797121685896,0.00926378121983868,0.9907362187801613,272,228,0,0,500,0,
29,2,500,ZX_split,4.817070535988868,4.825722377150093,0.008651841161225526,0.9999812865278626,1.8713472137443787e-05,139,111,2,248,250,250,
29,2,500,RL_adaptive,4.817070535988868,4.809980073538077,0.007090462450790369,0.9999874313882157,1.2568611784335992e-05,157,129,0,214,286,214,0.9999874313882157
29,3,10,Z_only,4.817070535988868,1.5707963267948966,3.036911097985615,0.0027370562103407026,0.9972629437896593,5,5,0,0,10,0,
29,3,10,ZX_split,4.817070535988868,4.514993420534809,0.30207711545405846,0.9773602995617512,0.02263970043824881,2,3,0,5,5,5,
29,3,10,RL_adaptive,4.817070535988868,4.71238898038469,0.10468155560417802,0.9972629437896594,0.0027370562103405938,3,3,0,4,6,4,0.9972629437896594
29,3,25,Z_only,4.817070535988868,1.4505064444001083,2.916621215590827,0.012599760482262164,0.9874002395177378,14,11,0,0,25,0,
29,3,25,ZX_split,4.817070535988868,5.490153704264645,0.6730831682757774,0.8909516695732977,0.10904833042670226,11,1,1,12,12,13,
29,3,25,RL_adaptive,4.817070535988868,4.635617089114912,0.18145344687395593,0.9917912218586671,0.008208778141332917,6,7,0,12,13,12,0.9917912218586671
29,3,50,Z_only,4.817070535988868,1.5307856524409076,2.996900423631626,0.0052248352756783766,0.9947751647243216,26,24,0,0,50,0,
29,3,50,ZX_split,4.817070535988868,4.831817906403028,0.014747370414160521,0.9999456297518701,5.43702481299313e-05,14,11,0,25,25,25,
29,3,50,RL_adaptive,4.817070535988868,4.746858081384198,0.07021245460467007,0.9987680590301007,0.0012319409698993145,15,14,0,21,29,21,0.9987680590301007
29,3,100,Z_only,4.817070535988868,1.4907107467612375,2.9568255179519563,0.008510470714105588,0.9914895292858944,54,46,0,0,100,0,
29,3,100,ZX_split,4.817070535988868,4.831817906403028,0.014747370414160521,0.9999456297518701,5.43702481299313e-05,28,22,0,50,50,50,
29,3,100,RL_adaptive,4.817070535988868,4.6553081979784245,0.16176233801044315,0.9934724889537178,0.006527511046282242,33,37,0,30,70,30,0.9934724889537178
29,3,250,Z_only,4.817070535988868,1.5547956440495747,3.0209104152402935,0.0036366337247401956,0.9963633662752598,127,123,0,0,250,0,
29,3,250,ZX_split,4.817070535988868,4.847559679033699,0.0304891430448313,0.9997676210413227,0.00023237895867733727,71,54,0,125,125,125,
29,3,250,RL_adaptive,4.817070535988868,4.859467335773092,0.042396799784224726,0.9995506951497599,0.00044930485024008426,93,69,0,88,162,88,0.9995506951497599
29,3,500,Z_only,4.817070535988868,1.4746482558895126,2.940763027080231,0.010049290381739821,0.9899507096182601,274,226,0,0,500,0,
29,3,500,ZX_split,4.817070535988868,4.840712208070484,0.023641672081616605,0.9998602743435344,0.00013972565646558355,141,109,1,249,250,250,
29,3,500,RL_adaptive,4.817070535988868,4.8077254769977475,0.009345058991120148,0.9999781676269992,2.1832373000796323e-05,156,129,1,214,285,215,0.9999781676269992
29,4,10,Z_only,4.817070535988868,0.9272952180016121,2.393409989192331,0.13353678684933049,0.8664632131506695,8,2,0,0,10,0,
29,4,10,ZX_split,4.817070535988868,4.514993420534809,0.30207711545405846,0.9773602995617512,0.02263970043824881,2,3,0,5,5,5,
29,4,10,RL_adaptive,4.817070535988868,5.034139534781332,0.2170689987924641,0.9882664439261143,0.01173355607388571,4,2,0,4,6,4,0.9882664439261143
29,4,25,Z_only,4.817070535988868,1.8545904360032244,2.962480099985643,0.007998907750766743,0.9920010922492333,9,16,0,0,25,0,
29,4,25,ZX_split,4.817070535988868,5.034139534781332,0.2170689987924641,0.9882664439261143,0.01173355607388571,8,4,0,13,12,13,
29,4,25,RL_adaptive,4.817070535988868,4.789160871654468,0.02790966433440012,0.9998052752997344,0.00019472470026560273,7,6,0,12,13,12,0.9998052752997344
29,4,50,Z_only,4.817070535988868,1.369438406004566,2.835553177195284,0.023232855182110525,0.9767671448178895,30,20,0,0,50,0,
29,4,50,ZX_split,4.817070535988868,4.592960054366351,0.22411048162251657,0.9874960893012841,0.012503910698715925,11,14,0,25,25,25,
29,4,50,RL_adaptive,4.817070535988868,4.6093073718619895,0.20776316412687823,0.9892473790807447,0.010752620919255329,13,16,0,21,29,21,0.9892473790807447
29,4,100,Z_only,4.817070535988868,1.3489818562981022,2.8150966274888205,0.02641401407522912,0.9735859859247709,61,39,0,0,100,0,
29,4,100,ZX_split,4.817070535988868,4.831817906403028,0.014747370414160521,0.9999456297518701,5.43702481299313e-05,28,22,0,50,50,50,
29,4,100,RL_adaptive,4.817070535988868,4.72688071945019,0.09018981653867808,0.9979678273173698,0.002032172682630229,35,34,0,31,69,31,0.9979678273173698
29,4,250,Z_only,4.817070535988868,1.4585608404178165,2.924675611608535,0.011717198368624317,0.9882828016313757,139,111,0,0,250,0,
29,4,250,ZX_split,4.817070535988868,4.894353666343876,0.07728313035500811,0.9985075724787943,0.001492427521205708,74,51,0,125,125,125,
29,4,250,RL_adaptive,4.817070535988868,4.835224219262585,0.01815368327371747,0.9999176132085267,8.238679147332117e-05,91,71,0,88,162,88,0.9999176132085267
29,4,500,Z_only,4.817070535988868,1.4545345894715693,2.9206493606622876,0.01215441963819424,0.9878455803618058,279,221,0,0,500,0,
29,4,500,ZX_split,4.817070535988868,4.840712208070484,0.023641672081616605,0.9998602743435344,0.00013972565646558355,141,109,1,249,250,250,
29,4,500,RL_adaptive,4.817070535988868,4.764972041995631,0.052098493993236517,0.9993215901997269,0.0006784098002731165,150,135,0,215,285,215,0.9993215901997269
30,0,10,Z_only,5.183360888987259,1.369438406004566,2.4692628241968926,0.10881362577381418,0.8911863742261859,6,4,0,0,10,0,
30,0,10,ZX_split,5.183360888987259,4.514993420534809,0.6683674684524501,0.8924172000702041,0.10758279992979591,2,3,0,5,5,5,
30,0,10,RL_adaptive,5.183360888987259,5.3003915839322575,0.11703069494499818,0.9965798603565241,0.0034201396434758724,5,1,0,4,6,4,0.9965798603565241
30,0,25,Z_only,5.183360888987259,1.2870022175865687,2.3868266357788954,0.13578406570574952,0.8642159342942505,16,9,0,0,25,0,
30,0,25,ZX_split,5.183360888987259,4.906869096599795,0.27649179238746413,0.9810095176066765,0.01899048239332346,7,5,1,12,12,13,
30,0,25,RL_adaptive,5.183360888987259,5.176036589385496,0.0073242996017635065,0.9999865887187903,1.3411281209685377e-05,9,3,0,13,12,13,0.9999865887187903
30,0,50,Z_only,5.183360888987259,1.410105673842986,2.509930092035313,0.09647654869988179,0.9035234513001182,29,21,0,0,50,0,
30,0,50,ZX_split,5.183360888987259,5.126895854969476,0.056465034017783466,0.9992031367370312,0.0007968632629687944,18,7,0,25,25,25,
30,0,50,RL_adaptive,5.183360888987259,5.273552392673041,0.09019150368578188,0.9979677513380191,0.002032248661980929,22,6,1,21,28,22,0.9979677513380191
30,0,100,Z_only,5.183360888987259,1.0003592173949747,2.1001836355873014,0.24749769397712096,0.752502306022879,77,23,0,0,100,0,
30,0,100,ZX_split,5.183360888987259,5.310807873863227,0.1274469848759674,0.9959448099199572,0.0040551900800428475,40,10,3,47,50,50,
30,0,100,RL_adaptive,5.183360888987259,5.106087204344714,0.07727368464254525,0.9985079370904426,0.00149206290955739,46,19,0,35,65,35,0.9985079370904426
30,0,250,Z_only,5.183360888987259,1.0973008146448404,2.197125232837167,0.206912775112715,0.793087224887285,182,68,0,0,250,0,
30,0,250,ZX_split,5.183360888987259,5.053841418694141,0.1295194702931184,0.9958120361443821,0.004187963855617927,84,41,2,123,125,125,
30,0,250,RL_adaptive,5.183360888987259,5.243966835290489,0.06060594630322935,0.9990820108571365,0.0009179891428634512,119,32,1,98,151,99,0.9990820108571365
30,0,500,Z_only,5.183360888987259,1.0973008146448404,2.197125232837167,0.206912775112715,0.793087224887285,364,136,0,0,500,0,
30,0,500,ZX_split,5.183360888987259,5.18624031687945,0.0028794278921910887,0.9999979272251854,2.07277481456547e-06,185,65,8,242,250,250,
30,0,500,RL_adaptive,5.183360888987259,5.177265913755052,0.006094975232207034,0.9999907128479802,9.287152019754608e-06,215,77,6,202,292,208,0.9999907128479802
30,1,10,Z_only,5.183360888987259,1.1592794807274087,2.2591038989197356,0.18238450351483115,0.8176154964851688,7,3,0,0,10,0,
30,1,10,ZX_split,5.183360888987259,5.034139534781332,0.14922135420592753,0.9944435687784877,0.005556431221512281,3,2,1,4,5,5,
30,1,10,RL_adaptive,5.183360888987259,5.3003915839322575,0.11703069494499818,0.9965798603565241,0.0034201396434758724,5,1,0,4,6,4,0.9965798603565241
30,1,25,Z_only,5.183360888987259,0.9272952180016121,2.027119636193939,0.27967469703067893,0.7203253029693211,20,5,0,0,25,0,
30,1,25,ZX_split,5.183360888987259,5.3003915839322575,0.11703069494499818,0.9965798603565241,0.0034201396434758724,10,2,0,13,12,13,
30,1,25,RL_adaptive,5.183360888987259,4.939187828438575,0.24417306054868426,0.9851687863199893,0.014831213680010724,8,5,0,12,13,12,0.9851687863199893
30,1,50,Z_only,5.183360888987259,1.1592794807274087,2.2591038989197356,0.18238450351483115,0.8176154964851688,35,15,0,0,50,0,
30,1,50,ZX_split,5.183360888987259,4.831817906403028,0.3515429825842311,0.9694212547427088,0.030578745257291207,14,11,0,25,25,25,
30,1,50,RL_adaptive,5.183360888987259,5.0168998635868025,0.16646102540045682,0.9930886629011476,0.006911337098852388,18,10,1,21,28,22,0.9930886629011476
30,1,100,Z_only,5.183360888987259,1.0003592173949747,2.1001836355873014,0.24749769397712096,0.752502306022879,77,23,0,0,100,0,
30,1,100,ZX_split,5.183360888987259,5.2268402934437175,0.04347940445645815,0.9995274597972059,0.0004725402027940806,38,12,2,48,50,50,
30,1,100,RL_adaptive,5.183360888987259,5.19205105608755,0.00869016710029058,0.9999811203677567,1.887963224334044e-05,47,16,1,36,63,37,0.9999811203677567
30,1,250,Z_only,5.183360888987259,1.0973008146448404,2.197125232837167,0.206912775112715,0.793087224887285,182,68,0,0,250,0,
30,1,250,ZX_split,5.183360888987259,5.103918533045777,0.07944235594148275,0.9984230576342135,0.0015769423657865378,85,40,8,117,125,125,
30,1,250,RL_adaptive,5.183360888987259,5.14207034083422,0.04129054815303945,0.9995738332114461,0.00042616678855389445,108,43,3,96,151,99,0.9995738332114461
30,1,500,Z_only,5.183360888987259,1.1373510067250108,2.2371754249173375,0.19092810947545336,0.8090718905245466,355,145,0,0,500,0,
30,1,500,ZX_split,5.183360888987259,5.242851483972991,0.05949059498573206,0.9991154781931005,0.0008845218068994631,186,64,21,229,250,250,
30,1,500,RL_adaptive,5.183360888987259,5.038261968683174,0.14509892030408533,0.9947458038980317,0.0052541961019683114,185,101,14,200,286,214,0.9947458038980317
30,2,10,Z_only,5.183360888987259,0.9272952180016121,2.027119636193939,0.27967469703067893,0.7203253029693211,8,2,0,0,10,0,
30,2,10,ZX_split,5.183360888987259,2.356194490192345,2.8271663987949145,0.024513010937064476,0.9754869890629355,2,3,3,2,5,5,
30,2,10,RL_adaptive,5.183360888987259,4.71238898038469,0.47097190860256966,0.9455638515486939,0.054436148451306066,3,3,0,4,6,4,0.9455638515486939
30,2,25,Z_only,5.183360888987259,1.2025284333582564,2.3023528515505833,0.16598564544779199,0.8340143545522081,17,8,0,0,25,0,
30,2,25,ZX_split,5.183360888987259,5.337874020623919,0.15451313163665947,0.9940432882290116,0.005956711770988443,9,3,2,11,12,13,
30,2,25,RL_adaptive,5.183360888987259,5.490153704264645,0.3067928152773858,0.9766535248716379,0.023346475128362076,11,1,1,12,12,13,0.9766535248716379
30,2,50,Z_only,5.183360888987259,1.2025284333582564,2.3023528515505833,0.16598564544779199,0.8340143545522081,34,16,0,0,50,0,
30,2,50,ZX_split,5.183360888987259,5.402835437439382,0.21947454845212278,0.9880059918481284,0.011994008151871571,22,3,1,24,25,25,
30,2,50,RL_adaptive,5.183360888987259,5.04835658631082,0.13500430267643893,0.9954503760484078,0.004549623951592197,18,10,2,20,28,22,0.9954503760484078
30,2,100,Z_only,5.183360888987259,1.1592794807274087,2.2591038989197356,0.18238450351483115,0.8176154964851688,70,30,0,0,100,0,
30,2,100,ZX_split,5.183360888987259,5.0078298175284095,0.17553107145884983,0.9923169680910229,0.007683031908977123,32,18,2,48,50,50,
30,2,100,RL_adaptive,5.183360888987259,5.118611142825028,0.0647497461622315,0.9989522337356572,0.0010477662643427754,45,19,1,35,64,36,0.9989522337356572
30,2,250,Z_only,5.183360888987259,1.0973008146448404,2.197125232837167,0.206912775112715,0.793087224887285,182,68,0,0,250,0,
30,2,250,ZX_split,5.183360888987259,5.106551564654964,0.07680932433229515,0.9985258069090958,0.0014741930909042411,86,39,6,119,125,125,
30,2,250,RL_adaptive,5.183360888987259,5.184510962788466,0.0011500738012069078,0.9999996693325992,3.306674007941268e-07,111,39,3,97,150,100,0.9999996693325992
30,2,500,Z_only,5.183360888987259,1.1373510067250108,2.2371754249173375,0.19092810947545336,0.8090718905245466,355,145,0,0,500,0,
30,2,500,ZX_split,5.183360888987259,5.124358504903066,0.05900238408419334,0.9991299321246245,0.0008700678753754687,177,73,6,244,250,250,
30,2,500,RL_adaptive,5.183360888987259,5.219194659016729,0.03583377002946975,0.999679019580059,0.00032098041994099713,214,76,15,195,290,210,0.999679019580059
30,3,10,Z_only,5.183360888987259,0.9272952180016121,2.027119636193939,0.27967469703067893,0.7203253029693211,8,2,0,0,10,0,
30,3,10,ZX_split,5.183360888987259,5.497787143782138,0.3144262547948786,0.9754869890629355,0.024513010937064483,5,0,0,5,5,5,
30,3,10,RL_adaptive,5.183360888987259,4.71238898038469,0.47097190860256966,0.9455638515486939,0.054436148451306066,3,3,0,4,6,4,0.9455638515486939
30,3,25,Z_only,5.183360888987259,1.1151976533990733,2.2150220715914006,0.19971022438867628,0.8002897756113238,18,7,0,0,25,0,
30,3,25,ZX_split,5.183360888987259,5.087659803240647,0.09570108574661251,0.9977120725496792,0.0022879274503208036,8,4,1,12,12,13,
30,3,25,RL_adaptive,5.183360888987259,5.079562814202909,0.10379807478435055,0.9973089073816134,0.0026910926183866257,9,4,0,12,13,12,0.9973089073816134
30,3,50,Z_only,5.183360888987259,0.9764105267938343,2.0762349449861617,0.25790436939110134,0.7420956306088986,39,11,0,0,50,0,
30,3,50,ZX_split,5.183360888987259,5.117280766669773,0.06608012231748628,0.9989087515308817,0.0010912484691183444,17,8,2,23,25,25,
30,3,50,RL_adaptive,5.183360888987259,5.086722596392273,0.09663829259498602,0.9976670765390102,0.0023329234609897886,19,9,1,21,28,22,0.9976670765390102
30,3,100,Z_only,5.183360888987259,1.0701416143903084,2.1699660325826358,0.21802149626972867,0.7819785037302713,74,26,0,0,100,0,
30,3,100,ZX_split,5.183360888987259,4.990688639389801,0.1926722495974582,0.990748025704054,0.009251974295946042,31,19,4,46,50,50,
30,3,100,RL_adaptive,5.183360888987259,5.334328129642666,0.15096724065540634,0.9943130363984055,0.005686963601594486,49,12,3,36,61,39,0.9943130363984055
30,3,250,Z_only,5.183360888987259,1.0882909279195017,2.188115346111829,0.21057445870453118,0.7894255412954688,183,67,0,0,250,0,
30,3,250,ZX_split,5.183360888987259,5.20186110531793,0.018500216330670227,0.9999144379393294,8.556206067056316e-05,91,34,9,116,125,125,
30,3,250,RL_adaptive,5.183360888987259,5.176463757236489,0.006897131750770669,0.9999881074405478,1.189255945222012e-05,111,40,3,96,151,99,0.9999881074405478
30,3,500,Z_only,5.183360888987259,1.1592794807274087,2.2591038989197356,0.18238450351483115,0.8176154964851688,350,150,0,0,500,0,
30,3,500,ZX_split,5.183360888987259,5.271827926093497,0.08846703710623771,0.9980446716034987,0.0019553283965012547,192,58,18,232,250,250,
30,3,500,RL_adaptive,5.183360888987259,5.195131298930125,0.011770409942865712,0.9999653647623182,3.463523768176824e-05,213,78,12,197,291,209,0.9999653647623182
30,4,10,Z_only,5.183360888987259,1.369438406004566,2.4692628241968926,0.10881362577381418,0.8911863742261859,6,4,0,0,10,0,
30,4,10,ZX_split,5.183360888987259,5.497787143782138,0.3144262547948786,0.9754869890629355,0.024513010937064483,5,0,0,5,5,5,
30,4,10,RL_adaptive,5.183360888987259,4.71238898038469,0.47097190860256966,0.9455638515486939,0.054436148451306066,3,3,0,4,6,4,0.9455638515486939
30,4,25,Z_only,5.183360888987259,1.2025284333582564,2.3023528515505833,0.16598564544779199,0.8340143545522081,17,8,0,0,25,0,
30,4,25,ZX_split,5.183360888987259,5.034139534781332,0.14922135420592753,0.9944435687784877,0.005556431221512281,8,4,0,13,12,13,
30,4,25,RL_adaptive,5.183360888987259,5.337874020623919,0.15451313163665947,0.9940432882290116,0.005956711770988443,9,3,2,11,12,13,0.9940432882290116
30,4,50,Z_only,5.183360888987259,1.1592794807274087,2.2591038989197356,0.18238450351483115,0.8176154964851688,35,15,0,0,50,0,
30,4,50,ZX_split,5.183360888987259,5.290290917346935,0.10693002835967569,0.9971442149097056,0.0028557850902943827,20,5,1,24,25,25,
30,4,50,RL_adaptive,5.183360888987259,5.430094121088169,0.24673323210090992,0.9848577307917321,0.015142269208267889,24,4,2,20,28,22,0.9848577307917321
30,4,100,Z_only,5.183360888987259,0.9520676361226454,2.0518920543149726,0.2686245985581466,0.7313754014418534,79,21,0,0,100,0,
30,4,100,ZX_split,5.183360888987259,5.047125817701504,0.13623507128575518,0.9953671734287292,0.004632826571270843,33,17,2,48,50,50,
30,4,100,RL_adaptive,5.183360888987259,5.113617779389538,0.06974310959772101,0.9987844674918697,0.0012155325081303348,47,19,0,34,66,34,0.9987844674918697
30,4,250,Z_only,5.183360888987259,1.1062692973757278,2.2060937155680547,0.2032915462969657,0.7967084537030343,181,69,0,0,250,0,
30,4,250,ZX_split,5.183360888987259,5.366675495299591,0.1833146063123321,0.9916224383847787,0.008377561615221296,102,23,11,114,125,125,
30,4,250,RL_adaptive,5.183360888987259,5.071771101838242,0.11158978714901746,0.9968901589123623,0.003109841087637677,101,50,5,94,151,99,0.9968901589123623
30,4,500,Z_only,5.183360888987259,1.0837700471304978,2.183594465322825,0.2124206484242018,0.7875793515757982,367,133,0,0,500,0,
30,4,500,ZX_split,5.183360888987259,5.183416529204169,5.5640216909402795e-05,0.9999999992260413,7.739586749266891e-10,180,70,17,233,250,250,
30,4,500,RL_adaptive,5.183360888987259,5.223462870635137,0.040101981647877594,0.9995980116434089,0.00040198835659110976,220,72,10,198,292,208,0.9995980116434089
31,0,10,Z_only,2.1537217336241423,2.498091544796509,0.34436981117236654,0.9706441967457824,0.029355803254217605,1,9,0,0,10,0,
31,0,10,ZX_split,2.1537217336241423,2.111215827065481,0.042505906558661266,0.9995483799801678,0.0004516200198322329,1,4,5,0,5,5,
31,0,10,RL_adaptive,2.1537217336241423,2.356194490192345,0.20247275656820252,0.9897861605649821,0.010213839435017857,0,4,6,0,4,6,0.9897861605649821
31,0,25,Z_only,2.1537217336241423,1.8545904360032244,0.29913129762091795,0.9777964238652717,0.022203576134728342,9,16,0,0,25,0,
31,0,25,ZX_split,2.1537217336241423,2.104504518434158,0.04921721518998412,0.9993945386661847,0.0006054613338153381,3,9,12,1,12,13,
31,0,25,RL_adaptive,2.1537217336241423,2.163493731529959,0.009771997905816843,0.9999761272042046,2.3872795795409907e-05,4,10,9,2,14,11,0.9999761272042046
31,0,50,Z_only,2.1537217336241423,2.165182126795959,0.011460393171816463,0.9999671652064678,3.283479353222152e-05,11,39,0,0,50,0,
31,0,50,ZX_split,2.1537217336241423,2.251317551462111,0.09759581783796856,0.9976206535799625,0.0023793464200374537,4,21,23,2,25,25,
31,0,50,RL_adaptive,2.1537217336241423,2.359678796649486,0.20595706302534378,0.9894328547761485,0.010567145223851493,1,25,23,1,26,24,0.9894328547761485
31,0,100,Z_only,2.1537217336241423,2.2652945924214523,0.11157285879730994,0.9968911013977391,0.0031088986022609344,18,82,0,0,100,0,
31,0,100,ZX_split,2.1537217336241423,2.1251038229964476,0.028617910627694698,0.999795267771114,0.000204732228885951,12,38,46,4,50,50,
31,0,100,RL_adaptive,2.1537217336241423,2.120525100415144,0.03319663320899835,0.9997245211858062,0.00027547881419376363,16,49,32,3,65,35,0.9997245211858062
31,0,250,Z_only,2.1537217336241423,2.165182126795959,0.011460393171816463,0.9999671652064678,3.283479353222152e-05,55,195,0,0,250,0,
31,0,250,ZX_split,2.1537217336241423,2.0793963315603547,0.07432540206378757,0.9986195693163707,0.0013804306836292524,31,94,119,6,125,125,
31,0,250,RL_adaptive,2.1537217336241423,2.149870596162627,0.0038511374615151084,0.9999962921896458,3.707810354192098e-06,31,99,108,12,130,120,0.9999962921896458
31,0,500,Z_only,2.1537217336241423,2.0851818713634707,0.06853986226067166,0.9988260315088505,0.0011739684911494797,127,373,0,0,500,0,
31,0,500,ZX_split,2.1537217336241423,2.1446822210913004,0.009039512532841965,0.9999795719423956,2.0428057604382488e-05,61,189,224,26,250,250,
31,0,500,RL_adaptive,2.1537217336241423,2.1221928297634456,0.03152890386069673,0.9997515026417099,0.000248497358290134,63,198,220,19,261,239,0.9997515026417099
31,1,10,Z_only,2.1537217336241423,1.9823131728623844,0.17140856076175792,0.9926727428242798,0.007327257175720248,3,7,0,0,10,0,
31,1,10,ZX_split,2.1537217336241423,2.111215827065481,0.042505906558661266,0.9995483799801678,0.0004516200198322329,1,4,5,0,5,5,
31,1,10,RL_adaptive,2.1537217336241423,2.5535900500422257,0.3998683164180834,0.9605561330095284,0.03944386699047164,0,4,5,1,4,6,0.9605561330095284
31,1,25,Z_only,2.1537217336241423,2.02639500019072,0.1273267334334225,0.9959524484486364,0.004047551551363604,7,18,0,0,25,0,
31,1,25,ZX_split,2.1537217336241423,2.0195196708056176,0.13420206281852476,0.9955042051756464,0.004495794824353583,4,8,11,2,12,13,
31,1,25,RL_adaptive,2.1537217336241423,2.647651284670212,0.4939295510460697,0.9402383513562157,0.059761648643784304,0,12,10,3,12,13,0.9402383513562157
31,1,50,Z_only,2.1537217336241423,2.2652945924214523,0.11157285879730994,0.9968911013977391,0.0031088986022609344,9,41,0,0,50,0,
31,1,50,ZX_split,2.1537217336241423,2.095592098445004,0.05812963517913827,0.9991554742268858,0.0008445257731142242,7,18,22,3,25,25,
31,1,50,RL_adaptive,2.1537217336241423,2.368852042026397,0.21513030840225467,0.988474292474884,0.011525707525115947,3,23,21,3,26,24,0.988474292474884
31,1,100,Z_only,2.1537217336241423,2.189525017467148,0.03580328384300557,0.9996795654484654,0.00032043455153463185,21,79,0,0,100,0,
31,1,100,ZX_split,2.1537217336241423,2.14717154738608,0.006550186238062139,0.9999892738034124,1.0726196587595993e-05,12,38,45,5,50,50,
31,1,100,RL_adaptive,2.1537217336241423,2.120525100415144,0.03319663320899835,0.9997245211858062,0.00027547881419376363,16,49,32,3,65,35,0.9997245211858062
31,1,250,Z_only,2.1537217336241423,2.1459932064098513,0.00772852721429107,0.9999850675411013,1.4932458898719858e-05,57,193,0,0,250,0,
31,1,250,ZX_split,2.1537217336241423,2.0093595926113372,0.1443621410128051,0.9947989351819078,0.005201064818092238,36,89,119,6,125,125,
31,1,250,RL_adaptive,2.1537217336241423,2.1595539320865114,0.005832198462369043,0.999991496389378,8.503610621990454e-06,31,99,107,13,130,120,0.999991496389378
31,1,500,Z_only,2.1537217336241423,2.131757132312976,0.021964601311166287,0.9998793939212309,0.00012060607876906992,117,383,0,0,500,0,
31,1,500,ZX_split,2.1537217336241423,2.2204229332465464,0.06670119962240406,0.9988881498070439,0.0011118501929561209,46,204,229,21,250,250,
31,1,500,RL_adaptive,2.1537217336241423,2.2059174944581033,0.052195760833960936,0.9993190552558128,0.0006809447441872285,52,206,219,23,258,242,0.9993190552558128
31,2,10,Z_only,2.1537217336241423,1.1592794807274087,0.9944422528967336,0.7724853100818959,0.22751468991810408,7,3,0,0,10,0,
31,2,10,ZX_split,2.1537217336241423,2.356194490192345,0.20247275656820252,0.9897861605649821,0.010213839435017857,0,5,5,0,5,5,
31,2,10,RL_adaptive,2.1537217336241423,1.2490457723982544,0.9046759612258879,0.8089701898716217,0.19102981012837827,3,2,4,1,5,5,0.8089701898716217
31,2,25,Z_only,2.1537217336241423,2.02639500019072,0.1273267334334225,0.9959524484486364,0.004047551551363604,7,18,0,0,25,0,
31,2,25,ZX_split,2.1537217336241423,2.1962813670341257,0.042559633409983366,0.9995472377487257,0.0004527622512743301,3,9,11,2,12,13,
31,2,25,RL_adaptive,2.1537217336241423,2.288501467498376,0.1347797338742338,0.9954654764264087,0.004534523573591298,2,12,10,1,14,11,0.9954654764264087
31,2,50,Z_only,2.1537217336241423,2.3745986457279264,0.22087691210378413,0.9878528529684903,0.012147147031509653,7,43,0,0,50,0,
31,2,50,ZX_split,2.1537217336241423,1.9853032013796825,0.1684185322444598,0.9929255453672767,0.0070744546327232705,7,18,25,0,25,25,
31,2,50,RL_adaptive,2.1537217336241423,2.2220492183003877,0.06832748467624539,0.998833292727287,0.0011667072727129524,5,22,21,2,27,23,0.998833292727287
31,2,100,Z_only,2.1537217336241423,2.2142974355881813,0.06057570196403894,0.9990829265613189,0.0009170734386810819,20,80,0,0,100,0,
31,2,100,ZX_split,2.1537217336241423,2.158798930342464,0.0050771967183216304,0.9999935555322148,6.444467785193808e-06,9,41,49,1,50,50,
31,2,100,RL_adaptive,2.1537217336241423,2.2065030037997078,0.05278127017556544,0.9993036960527698,0.0006963039472301924,14,51,31,4,65,35,0.9993036960527698
31,2,250,Z_only,2.1537217336241423,2.089782425950128,0.06393930767401423,0.9989782893874686,0.0010217106125314235,63,187,0,0,250,0,
31,2,250,ZX_split,2.1537217336241423,1.9916684877854103,0.16205324583873204,0.9934490415879647,0.006550958412035346,39,86,115,10,125,125,
31,2,250,RL_adaptive,2.1537217336241423,2.2711010157022256,0.11737928207808324,0.9965594790191602,0.0034405209808398007,23,107,106,14,130,120,0.9965594790191602
31,2,500,Z_only,2.1537217336241423,2.15076771037372,0.0029540232504223773,0.9999978184382455,2.1815617544662658e-06,113,387,0,0,500,0,
31,2,500,ZX_split,2.1537217336241423,2.217427315821716,0.06370558219757383,0.998985742790724,0.0010142572092759483,48,202,227,23,250,250,
31,2,500,RL_adaptive,2.1537217336241423,2.211711437121078,0.057989703496935885,0.9991595341386411,0.0008404658613588856,50,207,221,22,257,243,0.9991595341386411
31,3,10,Z_only,2.1537217336241423,2.2142974355881813,0.06057570196403894,0.9990829265613189,0.0009170734386810819,2,8,0,0,10,0,
31,3,10,ZX_split,2.1537217336241423,2.111215827065481,0.042505906558661266,0.9995483799801678,0.0004516200198322329,1,4,5,0,5,5,
31,3,10,RL_adaptive,2.1537217336241423,2.214297435588181,0.0605757019640385,0.9990829265613191,0.0009170734386808599,1,3,5,1,4,6,0.9990829265613191
31,3,25,Z_only,2.1537217336241423,2.2142974355881813,0.06057570196403894,0.9990829265613189,0.0009170734386810819,5,20,0,0,25,0,
31,3,25,ZX_split,2.1537217336241423,2.238102461773251,0.08438072814910846,0.9982210290937822,0.0017789709062178138,2,10,12,1,12,13,
31,3,25,RL_adaptive,2.1537217336241423,2.191045812777718,0.03732407915357561,0.999651768708021,0.0003482312919790287,2,12,11,0,14,11,0.999651768708021
31,3,50,Z_only,2.1537217336241423,2.2142974355881813,0.06057570196403894,0.9990829265613189,0.0009170734386810819,10,40,0,0,50,0,
31,3,50,ZX_split,2.1537217336241423,2.1486982637571423,0.0050234698669999744,0.9999936912008909,6.308799109122631e-06,5,20,24,1,25,25,
31,3,50,RL_adaptive,2.1537217336241423,2.1481664196376293,0.005555313986512989,0.99999228464147,7.715358529947203e-06,7,20,20,3,27,23,0.99999228464147
31,3,100,Z_only,2.1537217336241423,2.165182126795959,0.011460393171816463,0.9999671652064678,3.283479353222152e-05,22,78,0,0,100,0,
31,3,100,ZX_split,2.1537217336241423,2.0344439357957027,0.11927779782843961,0.9964474166749308,0.0035525833250692473,14,36,47,3,50,50,
31,3,100,RL_adaptive,2.1537217336241423,2.185459278717062,0.03173754509291982,0.9997482031945844,0.0002517968054156494,10,58,32,0,68,32,0.9997482031945844
31,3,250,Z_only,2.1537217336241423,2.062354336982436,0.09136739664170612,0.9979144511605262,0.002085548839473761,66,184,0,0,250,0,
31,3,250,ZX_split,2.1537217336241423,2.0870269974066447,0.06669473621749766,0.998888365195251,0.0011116348047489621,31,94,118,7,125,125,
31,3,250,RL_adaptive,2.1537217336241423,2.0431964475189623,0.11052528610517998,0.9969491479071798,0.0030508520928201888,34,96,116,4,130,120,0.9969491479071798
31,3,500,Z_only,2.1537217336241423,2.0851818713634707,0.06853986226067166,0.9988260315088505,0.0011739684911494797,127,373,0,0,500,0,
31,3,500,ZX_split,2.1537217336241423,2.20933058901468,0.05560885539053784,0.9992271130007616,0.0007728869992383869,53,197,222,28,250,250,
31,3,500,RL_adaptive,2.1537217336241423,2.119964653749036,0.03375707987510612,0.9997151419417244,0.0002848580582756055,62,199,222,17,261,239,0.9997151419417244
31,4,10,Z_only,2.1537217336241423,1.7721542475852272,0.3815674860389151,0.9640410411435902,0.03595895885640976,4,6,0,0,10,0,
31,4,10,ZX_split,2.1537217336241423,2.356194490192345,0.20247275656820252,0.9897861605649821,0.010213839435017857,0,5,5,0,5,5,
31,4,10,RL_adaptive,2.1537217336241423,2.111215827065481,0.042505906558661266,0.9995483799801678,0.0004516200198322329,1,4,5,0,5,5,0.9995483799801678
31,4,25,Z_only,2.1537217336241423,2.02639500019072,0.1273267334334225,0.9959524484486364,0.004047551551363604,7,18,0,0,25,0,
31,4,25,ZX_split,2.1537217336241423,2.3373288041706743,0.18360707054653203,0.9915957607598516,0.008404239240148437,2,10,11,2,12,13,
31,4,25,RL_adaptive,2.1537217336241423,2.288501467498376,0.1347797338742338,0.9954654764264087,0.004534523573591298,2,12,10,1,14,11,0.9954654764264087
31,4,50,Z_only,2.1537217336241423,1.9823131728623844,0.17140856076175792,0.9926727428242798,0.007327257175720248,15,35,0,0,50,0,
31,4,50,ZX_split,2.1537217336241423,1.804539507663798,0.3491822259603443,0.9698264058182627,0.030173594181737262,10,15,23,2,25,25,
31,4,50,RL_adaptive,2.1537217336241423,2.2220492183003877,0.06832748467624539,0.998833292727287,0.0011667072727129524,5,22,21,2,27,23,0.998833292727287
31,4,100,Z_only,2.1537217336241423,2.165182126795959,0.011460393171816463,0.9999671652064678,3.283479353222152e-05,22,78,0,0,100,0,
31,4,100,ZX_split,2.1537217336241423,2.1251038229964476,0.028617910627694698,0.999795267771114,0.000204732228885951,12,38,46,4,50,50,
31,4,100,RL_adaptive,2.1537217336241423,1.9930474802461686,0.1606742533779737,0.9935598190696671,0.006440180930332939,19,50,31,0,69,31,0.9935598190696671
31,4,250,Z_only,2.1537217336241423,2.2043344930445032,0.05061275942036092,0.9993597238438325,0.000640276156167463,51,199,0,0,250,0,
31,4,250,ZX_split,2.1537217336241423,2.202650707652789,0.04892897402864671,0.9994016082707865,0.0005983917292134988,27,98,111,14,125,125,
31,4,250,RL_adaptive,2.1537217336241423,2.2165542020678726,0.06283246844373025,0.9990133448942795,0.0009866551057204909,25,105,109,11,130,120,0.9990133448942795
31,4,500,Z_only,2.1537217336241423,2.1412334361948187,0.01248829742932367,0.9999610111135507,3.8988886449264903e-05,115,385,0,0,500,0,
31,4,500,ZX_split,2.1537217336241423,2.165363387471083,0.011641653846940603,0.9999661183565892,3.388164341078248e-05,54,196,230,20,250,250,
31,4,500,RL_adaptive,2.1537217336241423,2.094290314009416,0.05943141961472653,0.9991172364701592,0.0008827635298408465,70,192,215,23,262,238,0.9991172364701592
32,0,10,Z_only,0.6431586818820955,0.6435011087932843,0.00034242691118879787,0.999999970685953,2.9314046967598983e-08,9,1,0,0,10,0,
32,0,10,ZX_split,0.6431586818820955,0.5404195002705843,0.10273918161151119,0.9973634854737243,0.0026365145262756684,5,0,4,1,5,5,
32,0,10,RL_adaptive,0.6431586818820955,0.3217505543966422,0.3214081274854533,0.9743957636630267,0.025604236336973285,4,0,4,2,4,6,0.9743957636630267
32,0,25,Z_only,0.6431586818820955,0.9272952180016121,0.2841365361195166,0.9799520320918854,0.020047967908114583,20,5,0,0,25,0,
32,0,25,ZX_split,0.6431586818820955,0.3332443011116727,0.30991438077042277,0.9761798426402483,0.023820157359751737,10,2,8,5,12,13,
32,0,25,RL_adaptive,0.6431586818820955,0.8685393952858895,0.22538071340379406,0.9873545484219092,0.012645451578090827,12,1,12,0,13,12,0.9873545484219092
32,0,50,Z_only,0.6431586818820955,0.0,0.6431586818820955,0.9001027046201115,0.09989729537988845,50,0,0,0,50,0,
32,0,50,ZX_split,0.6431586818820955,0.702256931509007,0.05909824962691157,0.9991271033239347,0.0008728966760652712,19,6,18,7,25,25,
32,0,50,RL_adaptive,0.6431586818820955,0.2725478736262443,0.3706108082558512,0.9660531470045043,0.03394685299549571,24,3,14,9,27,23,0.9660531470045043
32,0,100,Z_only,0.6431586818820955,0.6761305095606613,0.03297182767856588,0.9997282392664181,0.0002717607335819272,89,11,0,0,100,0,
32,0,100,ZX_split,0.6431586818820955,0.46364760900080604,0.17951107288128942,0.991965553802176,0.008034446197824008,45,5,35,15,50,50,
32,0,100,RL_adaptive,0.6431586818820955,0.7043382605561245,0.06117957867402901,0.9990645566187004,0.0009354433812995833,48,9,34,9,57,43,0.9990645566187004
32,0,250,Z_only,0.6431586818820955,0.6435011087932843,0.00034242691118879787,0.999999970685953,2.9314046967598983e-08,225,25,0,0,250,0,
32,0,250,ZX_split,0.6431586818820955,0.7060198488378747,0.06286116695577926,0.9990124436827316,0.0009875563172684343,110,15,103,22,125,125,
32,0,250,RL_adaptive,0.6431586818820955,0.6981676180343864,0.055008936152290966,0.9992436949785548,0.0007563050214451916,104,16,105,25,120,130,0.9992436949785548
32,0,500,Z_only,0.6431586818820955,0.5952648839776848,0.04789379790441062,0.9994266556386769,0.0005733443613230582,457,43,0,0,500,0,
32,0,500,ZX_split,0.6431586818820955,0.628796286415433,0.014362395466662514,0.9999484312855833,5.1568714416694306e-05,224,26,197,53,250,250,
32,0,500,RL_adaptive,0.6431586818820955,0.5560269737503741,0.08713170813172133,0.9981032168363118,0.0018967831636882426,265,25,159,51,290,210,0.9981032168363118
32,1,10,Z_only,0.6431586818820955,0.0,0.6431586818820955,0.9001027046201115,0.09989729537988845,10,0,0,0,10,0,
32,1,10,ZX_split,0.6431586818820955,0.5404195002705843,0.10273918161151119,0.9973634854737243,0.0026365145262756684,5,0,4,1,5,5,
32,1,10,RL_adaptive,0.6431586818820955,0.7853981633974483,0.14223948151535282,0.9949505045725341,0.005049495427465911,4,0,6,0,4,6,0.9949505045725341
32,1,25,Z_only,0.6431586818820955,0.8230336921349761,0.17987501025288066,0.9919330309820772,0.00806696901792281,21,4,0,0,25,0,
32,1,25,ZX_split,0.6431586818820955,0.804263849419119,0.16110516753702353,0.9935253036020749,0.006474696397925084,10,2,11,2,12,13,
32,1,25,RL_adaptive,0.6431586818820955,0.5736666681681609,0.06949201371393454,0.9987932007749797,0.0012067992250203163,11,1,10,3,12,13,0.9987932007749797
32,1,50,Z_only,0.6431586818820955,0.6435011087932843,0.00034242691118879787,0.999999970685953,2.9314046967598983e-08,45,5,0,0,50,0,
32,1,50,ZX_split,0.6431586818820955,0.5404195002705843,0.10273918161151119,0.9973634854737243,0.0026365145262756684,25,0,20,5,25,25,
32,1,50,RL_adaptive,0.6431586818820955,0.7700442836550461,0.1268856017729506,0.9959804082971988,0.004019591702801195,25,2,21,2,27,23,0.9959804082971988
32,1,100,Z_only,0.6431586818820955,0.5735131044230967,0.0696455774589988,0.9987878634602934,0.001212136539706643,92,8,0,0,100,0,
32,1,100,ZX_split,0.6431586818820955,0.7568345055586883,0.11367582367659279,0.9967729290936829,0.003227070906317131,43,7,42,8,50,50,
32,1,100,RL_adaptive,0.6431586818820955,0.656609774392359,0.013451092510263551,0.9999547677095734,4.523229042663335e-05,50,7,34,9,57,43,0.9999547677095734
32,1,250,Z_only,0.6431586818820955,0.6023613440351829,0.04079733784691253,0.9995839520175988,0.0004160479824012464,228,22,0,0,250,0,
32,1,250,ZX_split,0.6431586818820955,0.6663978700146682,0.023239188132572752,0.9998649911099726,0.00013500889002737715,114,11,103,22,125,125,
32,1,250,RL_adaptive,0.6431586818820955,0.5934419604306804,0.049716721451415036,0.9993821891740418,0.0006178108259582427,110,9,103,28,119,131,0.9993821891740418
32,1,500,Z_only,0.6431586818820955,0.6761305095606613,0.03297182767856588,0.9997282392664181,0.0002717607335819272,445,55,0,0,500,0,
32,1,500,ZX_split,0.6431586818820955,0.6193730620179132,0.02378561986418226,0.9998585677401169,0.0001414322598830564,233,17,202,48,250,250,
32,1,500,RL_adaptive,0.6431586818820955,0.7028991277321079,0.05974044585001248,0.9991080351090982,0.0008919648909018196,263,28,176,33,291,209,0.9991080351090982
32,2,10,Z_only,0.6431586818820955,0.9272952180016121,0.2841365361195166,0.9799520320918854,0.020047967908114583,8,2,0,0,10,0,
32,2,10,ZX_split,0.6431586818820955,1.0303768265243125,0.38721814464221704,0.9629815544346594,0.03701844556534062,4,1,5,0,5,5,
32,2,10,RL_adaptive,0.6431586818820955,0.7853981633974483,0.14223948151535282,0.9949505045725341,0.005049495427465911,4,1,4,1,5,5,0.9949505045725341
32,2,25,Z_only,0.6431586818820955,0.8230336921349761,0.17987501025288066,0.9919330309820772,0.00806696901792281,21,4,0,0,25,0,
32,2,25,ZX_split,0.6431586818820955,0.43240777557053783,0.21075090631155763,0.9889370525739869,0.011062947426013103,11,1,9,4,12,13,
32,2,25,RL_adaptive,0.6431586818820955,0.625485040239229,0.017673641642866444,0.9999219126304003,7.808736959968865e-05,11,2,9,3,13,12,0.9999219126304003
32,2,50,Z_only,0.6431586818820955,0.7074832117793429,0.06432452989724746,0.9989659453330895,0.0010340546669105333,44,6,0,0,50,0,
32,2,50,ZX_split,0.6431586818820955,0.7140906986121579,0.07093201673006244,0.9987426895474789,0.0012573104525210876,20,5,19,6,25,25,
32,2,50,RL_adaptive,0.6431586818820955,0.8652281491096856,0.22206946722759013,0.9877218704326415,0.01227812956735852,23,4,21,2,27,23,0.9877218704326415
32,2,100,Z_only,0.6431586818820955,0.45102681179626264,0.19213187008583282,0.9907996906268123,0.00920030937318772,95,5,0,0,100,0,
32,2,100,ZX_split,0.6431586818820955,0.4868992318112691,0.15625945007082637,0.9939081565998302,0.006091843400169772,42,8,34,16,50,50,
32,2,100,RL_adaptive,0.6431586818820955,0.4951732746715197,0.14798540721057574,0.9945350641059661,0.005464935894033851,49,6,32,13,55,45,0.9945350641059661
32,2,250,Z_only,0.6431586818820955,0.6435011087932843,0.00034242691118879787,0.999999970685953,2.9314046967598983e-08,225,25,0,0,250,0,
32,2,250,ZX_split,0.6431586818820955,0.5813801838048998,0.06177849807719571,0.9990461577199037,0.0009538422800963176,115,10,97,28,125,125,
32,2,250,RL_adaptive,0.6431586818820955,0.6508745749770127,0.00771589309491727,0.9999851163222789,1.4883677721067023e-05,109,10,107,24,119,131,0.9999851163222789
32,2,500,Z_only,0.6431586818820955,0.6093853080307949,0.033773373851300525,0.9997148669090903,0.00028513309090971717,455,45,0,0,500,0,
32,2,500,ZX_split,0.6431586818820955,0.6561787179913949,0.013020036109299471,0.9999576202636226,4.23797363774403e-05,225,25,202,48,250,250,
32,2,500,RL_adaptive,0.6431586818820955,0.6757479912285383,0.032589309346442885,0.9997345077277903,0.00026549227220973304,261,30,171,38,291,209,0.9997345077277903
32,3,10,Z_only,0.6431586818820955,0.0,0.6431586818820955,0.9001027046201115,0.09989729537988845,10,0,0,0,10,0,
32,3,10,ZX_split,0.6431586818820955,1.373400766945016,0.7302420850629204,0.8725064706666795,0.12749352933332048,3,2,5,0,5,5,
32,3,10,RL_adaptive,0.6431586818820955,0.3217505543966421,0.3214081274854534,0.9743957636630267,0.025604236336973285,4,1,3,2,5,5,0.9743957636630267
32,3,25,Z_only,0.6431586818820955,0.40271584158066176,0.2404428403014337,0.9856163076546931,0.014383692345306898,24,1,0,0,25,0,
32,3,25,ZX_split,0.6431586818820955,0.43240777557053783,0.21075090631155763,0.9889370525739869,0.011062947426013103,11,1,9,4,12,13,
32,3,25,RL_adaptive,0.6431586818820955,0.6932231258409866,0.05006444395889109,0.9993735187327609,0.0006264812672390763,11,1,11,2,12,13,0.9993735187327609
32,3,50,Z_only,0.6431586818820955,0.4949341263408958,0.14822455554119968,0.9945174192488517,0.005482580751148269,47,3,0,0,50,0,
32,3,50,ZX_split,0.6431586818820955,0.6805212246672143,0.03736254278511886,0.9996510506952521,0.0003489493047479364,23,2,21,4,25,25,
32,3,50,RL_adaptive,0.6431586818820955,0.8652281491096857,0.22206946722759024,0.9877218704326415,0.01227812956735852,22,5,20,3,27,23,0.9877218704326415
32,3,100,Z_only,0.6431586818820955,0.7953988301841436,0.15224014830204813,0.9942169168404945,0.005783083159505487,85,15,0,0,100,0,
32,3,100,ZX_split,0.6431586818820955,0.7853981633974483,0.14223948151535282,0.9949505045725341,0.005049495427465911,45,5,45,5,50,50,
32,3,100,RL_adaptive,0.6431586818820955,0.7532078815319131,0.11004919964981763,0.9969753478498763,0.003024652150123708,49,8,36,7,57,43,0.9969753478498763
32,3,250,Z_only,0.6431586818820955,0.6697127689535248,0.026554087071429366,0.9998237304729065,0.00017626952709348664,223,27,0,0,250,0,
32,3,250,ZX_split,0.6431586818820955,0.5760127704439528,0.06714591143814264,0.998873280064695,0.0011267199353049984,111,14,94,31,125,125,
32,3,250,RL_adaptive,0.6431586818820955,0.6150957226265301,0.028062959255565345,0.9998031305000117,0.00019686949998831693,109,10,104,27,119,131,0.9998031305000117
32,3,500,Z_only,0.6431586818820955,0.5808436716893516,0.06231501019274388,0.9990295239799981,0.0009704760200018869,459,41,0,0,500,0,
32,3,500,ZX_split,0.6431586818820955,0.6805212246672143,0.03736254278511886,0.9996510506952521,0.0003489493047479364,230,20,210,40,250,250,
32,3,500,RL_adaptive,0.6431586818820955,0.687479106713617,0.04432042483152154,0.9995090053653152,0.0004909946346848271,256,34,171,39,290,210,0.9995090053653152
32,4,10,Z_only,0.6431586818820955,0.6435011087932843,0.00034242691118879787,0.999999970685953,2.9314046967598983e-08,9,1,0,0,10,0,
32,4,10,ZX_split,0.6431586818820955,0.7853981633974483,0.14223948151535282,0.9949505045725341,0.005049495427465911,5,0,5,0,5,5,
32,4,10,RL_adaptive,0.6431586818820955,0.7853981633974483,0.14223948151535282,0.9949505045725341,0.005049495427465911,4,0,6,0,4,6,0.9949505045725341
32,4,25,Z_only,0.6431586818820955,0.5735131044230967,0.0696455774589988,0.9987878634602934,0.001212136539706643,23,2,0,0,25,0,
32,4,25,ZX_split,0.6431586818820955,0.2267988480538859,0.41635983382820957,0.9572836016322138,0.04271639836778618,12,0,8,5,12,13,
32,4,25,RL_adaptive,0.6431586818820955,0.43240777557053783,0.21075090631155763,0.9889370525739869,0.011062947426013103,11,1,9,4,12,13,0.9889370525739869
32,4,50,Z_only,0.6431586818820955,0.6435011087932843,0.00034242691118879787,0.999999970685953,2.9314046967598983e-08,45,5,0,0,50,0,
32,4,50,ZX_split,0.6431586818820955,0.5247957716501073,0.1183629102319882,0.9965016425007412,0.003498357499258753,22,3,18,7,25,25,
32,4,50,RL_adaptive,0.6431586818820955,0.8155095414105309,0.17235085952843543,0.9925921599513655,0.007407840048634484,24,3,21,2,27,23,0.9925921599513655
32,4,100,Z_only,0.6431586818820955,0.5355266543143876,0.10763202756770784,0.997106631501677,0.0028933684983230012,93,7,0,0,100,0,
32,4,100,ZX_split,0.6431586818820955,0.5467888408892474,0.09636984099284807,0.9976800097781924,0.002319990221807622,48,2,39,11,50,50,
32,4,100,RL_adaptive,0.6431586818820955,0.6068327693760234,0.03632591250607209,0.9996701432950141,0.0003298567049858647,50,6,34,10,56,44,0.9996701432950141
32,4,250,Z_only,0.6431586818820955,0.7669940078618667,0.1238353259797712,0.9961710998392709,0.0038289001607291206,215,35,0,0,250,0,
32,4,250,ZX_split,0.6431586818820955,0.6586306282960863,0.015471946413990856,0.9999401559123505,5.9844087649474353e-05,120,5,107,18,125,125,
32,4,250,RL_adaptive,0.6431586818820955,0.6708582491437971,0.02769956726170164,0.9998081957575891,0.0001918042424109423,107,12,107,24,119,131,0.9998081957575891
32,4,500,Z_only,0.6431586818820955,0.6761305095606613,0.03297182767856588,0.9997282392664181,0.0002717607335819272,445,55,0,0,500,0,
32,4,500,ZX_split,0.6431586818820955,0.6747409422235527,0.03158226034145728,0.9997506609340105,0.0002493390659894512,215,35,197,53,250,250,
32,4,500,RL_adaptive,0.6431586818820955,0.7293656137876043,0.08620693190550888,0.9981432415462091,0.0018567584537908521,260,31,178,31,291,209,0.9981432415462091
33,0,10,Z_only,3.666244035721381,3.141592653589793,0.5246513821315877,0.9327493104226958,0.06725068957730418,0,10,0,0,10,0,
33,0,10,ZX_split,3.666244035721381,3.3389882134396736,0.32725582228170724,0.973464005990774,0.026535994009226016,0,5,2,3,5,5,
33,0,10,RL_adaptive,3.666244035721381,3.9269908169872414,0.2607467812658606,0.9830988628715633,0.01690113712843666,1,4,1,4,5,5,0.9830988628715633
33,0,25,Z_only,3.666244035721381,2.7388768120091314,0.9273672237122494,0.7999711969380466,0.20002880306195336,1,24,0,0,25,0,
33,0,25,ZX_split,3.666244035721381,3.635534022509374,0.030710013212006615,0.9997642423016901,0.0002357576983098575,0,12,3,10,12,13,
33,0,25,RL_adaptive,3.666244035721381,3.9081251309655705,0.24188109524418966,0.985444557643521,0.014555442356478987,2,11,2,10,13,12,0.985444557643521
33,0,50,Z_only,3.666244035721381,2.498091544796509,1.168152490924872,0.695926056287783,0.30407394371221697,5,45,0,0,50,0,
33,0,50,ZX_split,3.666244035721381,3.656043966648821,0.01020006907255988,0.9999739898732407,2.6010126759290486e-05,1,24,6,19,25,25,
33,0,50,RL_adaptive,3.666244035721381,3.565600980364334,0.10064305535704676,0.9974698805709568,0.0025301194290432427,1,25,7,17,26,24,0.9974698805709568
33,0,100,Z_only,3.666244035721381,2.5322073455589984,1.1340366901623824,0.7115027549398618,0.2884972450601382,9,91,0,0,100,0,
33,0,100,ZX_split,3.666244035721381,3.6753008452290548,0.009056809507673957,0.9999794936905565,2.050630944350207e-05,3,47,12,38,50,50,
33,0,100,RL_adaptive,3.666244035721381,3.786459881751801,0.12021584603042035,0.9963913866610487,0.0036086133389513497,6,58,7,29,64,36,0.9963913866610487
33,0,250,Z_only,3.666244035721381,2.582996538251223,1.0832474974701576,0.7342308640463209,0.2657691359536791,19,231,0,0,250,0,
33,0,250,ZX_split,3.666244035721381,3.6455115184591986,0.02073251726218217,0.9998925445311064,0.00010745546889356916,9,116,33,92,125,125,
33,0,250,RL_adaptive,3.666244035721381,3.7434591868380664,0.07721515111668564,0.9985101955370314,0.0014898044629686469,6,146,18,80,152,98,0.9985101955370314
33,0,500,Z_only,3.666244035721381,2.6998312294397344,0.9664128062816464,0.7841274562709366,0.2158725437290634,24,476,0,0,500,0,
33,0,500,ZX_split,3.666244035721381,3.7211566388831163,0.05491260316173552,0.9992463409136465,0.0007536590863534975,15,235,53,197,250,250,
33,0,500,RL_adaptive,3.666244035721381,3.6402454128553,0.0259986228660809,0.9998310274203689,0.00016897257963111034,24,226,70,180,250,250,0.9998310274203689
33,1,10,Z_only,3.666244035721381,3.141592653589793,0.5246513821315877,0.9327493104226958,0.06725068957730418,0,10,0,0,10,0,
33,1,10,ZX_split,3.666244035721381,3.3389882134396736,0.32725582228170724,0.973464005990774,0.026535994009226016,0,5,2,3,5,5,
33,1,10,RL_adaptive,3.666244035721381,3.682012153860377,0.015768118138996368,0.9999378429004664,6.21570995336107e-05,0,5,1,4,5,5,0.9999378429004664
33,1,25,Z_only,3.666244035721381,2.4341094418104503,1.2321345939109305,0.6661125681596287,0.3338874318403713,3,22,0,0,25,0,
33,1,25,ZX_split,3.666244035721381,3.8348157794307793,0.16857174370939854,0.9929126986634047,0.0070873013365952975,1,11,2,11,12,13,
33,1,25,RL_adaptive,3.666244035721381,2.905347392871356,0.760896642850025,0.862109001481542,0.13789099851845799,2,11,7,5,13,12,0.862109001481542
33,1,50,Z_only,3.666244035721381,3.141592653589793,0.5246513821315877,0.9327493104226958,0.06725068957730418,0,50,0,0,50,0,
33,1,50,ZX_split,3.666244035721381,3.556099528174579,0.11014450754680194,0.9969701118928482,0.003029888107151768,0,25,7,18,25,25,
33,1,50,RL_adaptive,3.666244035721381,3.638015406994675,0.02822862872670573,0.999800799358423,0.0001992006415769687,1,25,6,18,26,24,0.999800799358423
33,1,100,Z_only,3.666244035721381,2.498091544796509,1.168152490924872,0.695926056287783,0.30407394371221697,10,90,0,0,100,0,
33,1,100,ZX_split,3.666244035721381,3.6607387678363157,0.005505267885065113,0.9999924230255155,7.57697448450223e-06,4,46,13,37,50,50,
33,1,100,RL_adaptive,3.666244035721381,3.7572125430189027,0.09096850729752193,0.9979326089449193,0.0020673910550806918,0,59,6,35,59,41,0.9979326089449193
33,1,250,Z_only,3.666244035721381,2.6466585272488974,1.0195855084724834,0.7618595489195922,0.23814045108040782,15,235,0,0,250,0,
33,1,250,ZX_split,3.666244035721381,3.6241059486122698,0.042138087109111044,0.9995561610835721,0.0004438389164278522,10,115,35,90,125,125,
33,1,250,RL_adaptive,3.666244035721381,3.622249557647795,0.0439944780735857,0.9995161995158653,0.0004838004841346555,10,138,28,74,148,102,0.9995161995158653
33,1,500,Z_only,3.666244035721381,2.613957171325011,1.0522868643963696,0.7477930346221676,0.2522069653778324,34,466,0,0,500,0,
33,1,500,ZX_split,3.666244035721381,3.656918347073029,0.009325688648351704,0.9999782580403813,2.174195961868186e-05,12,238,61,189,250,250,
33,1,500,RL_adaptive,3.666244035721381,3.586325214791077,0.07991882093030389,0.9984040952093207,0.0015959047906792811,18,229,75,178,247,253,0.9984040952093207
33,2,10,Z_only,3.666244035721381,2.498091544796509,1.168152490924872,0.695926056287783,0.30407394371221697,1,9,0,0,10,0,
33,2,10,ZX_split,3.666244035721381,2.9441970937399127,0.7220469419814681,0.8752272164473596,0.12477278355264043,0,5,3,2,5,5,
33,2,10,RL_adaptive,3.666244035721381,3.141592653589793,0.5246513821315877,0.9327493104226958,0.06725068957730418,0,4,3,3,4,6,0.9327493104226958
33,2,25,Z_only,3.666244035721381,2.7388768120091314,0.9273672237122494,0.7999711969380466,0.20002880306195336,1,24,0,0,25,0,
33,2,25,ZX_split,3.666244035721381,3.368391501643679,0.29785253407770185,0.9779844526961197,0.022015547303880334,0,12,5,8,12,13,
33,2,25,RL_adaptive,3.666244035721381,3.3778379143082304,0.28840612141315036,0.9793492156318049,0.02065078436819512,2,11,5,7,13,12,0.9793492156318049
33,2,50,Z_only,3.666244035721381,2.5680795491666966,1.0981644865546842,0.7276155897458397,0.27238441025416027,4,46,0,0,50,0,
33,2,50,ZX_split,3.666244035721381,3.3556533371536146,0.3105906985677662,0.9760766030250831,0.023923396974916855,1,24,10,15,25,25,
33,2,50,RL_adaptive,3.666244035721381,3.6696671020161524,0.003423066294771626,0.9999970706571458,2.929342854174344e-06,0,26,5,19,26,24,0.9999970706571458
33,2,100,Z_only,3.666244035721381,2.4654621440291318,1.200781891692249,0.6808144450841106,0.3191855549158894,11,89,0,0,100,0,
33,2,100,ZX_split,3.666244035721381,3.669667102016153,0.0034230662947720703,0.9999970706571456,2.9293428543963884e-06,1,49,11,39,50,50,
33,2,100,RL_adaptive,3.666244035721381,3.735435824850846,0.06919178912946533,0.9988036015070605,0.00119639849293951,2,60,7,31,62,38,0.9988036015070605
33,2,250,Z_only,3.666244035721381,2.6637737563375885,1.0024702793837923,0.7691109955096045,0.2308890044903955,14,236,0,0,250,0,
33,2,250,ZX_split,3.666244035721381,3.5486968256457816,0.1175472100755992,0.9965496389999338,0.0034503610000662377,8,117,39,86,125,125,
33,2,250,RL_adaptive,3.666244035721381,3.755672642669013,0.089428606947632,0.9980019632017294,0.001998036798270597,10,142,19,79,152,98,0.9980019632017294
33,2,500,Z_only,3.666244035721381,2.6466585272488974,1.0195855084724834,0.7618595489195922,0.23814045108040782,30,470,0,0,500,0,
33,2,500,ZX_split,3.666244035721381,3.647173708463998,0.01907032725738267,0.9999090834099831,9.091659001692065e-05,13,237,63,187,250,250,
33,2,500,RL_adaptive,3.666244035721381,3.6494169071083427,0.016827128613038145,0.9999292136059611,7.078639403890197e-05,22,227,68,183,249,251,0.9999292136059611
33,3,10,Z_only,3.666244035721381,3.141592653589793,0.5246513821315877,0.9327493104226958,0.06725068957730418,0,10,0,0,10,0,
33,3,10,ZX_split,3.666244035721381,3.3389882134396736,0.32725582228170724,0.973464005990774,0.026535994009226016,0,5,2,3,5,5,
33,3,10,RL_adaptive,3.666244035721381,3.9269908169872414,0.2607467812658606,0.9830988628715633,0.01690113712843666,0,5,0,5,5,5,0.9830988628715633
33,3,25,Z_only,3.666244035721381,2.5680795491666966,1.0981644865546842,0.7276155897458397,0.27238441025416027,2,23,0,0,25,0,
33,3,25,ZX_split,3.666244035721381,3.6648709757217683,0.0013730599996124582,0.9999995286766334,4.7132336655764107e-07,2,10,4,9,12,13,
33,3,25,RL_adaptive,3.666244035721381,3.5464844398748765,0.11975959584650431,0.9964186932380884,0.0035813067619115957,0,11,4,10,11,14,0.9964186932380884
33,3,50,Z_only,3.666244035721381,2.7388768120091314,0.9273672237122494,0.7999711969380466,0.20002880306195336,2,48,0,0,50,0,
33,3,50,ZX_split,3.666244035721381,3.7416428669915467,0.07539883127016589,0.9985794272465336,0.0014205727534664092,3,22,6,19,25,25,
33,3,50,RL_adaptive,3.666244035721381,3.7670776938290222,0.10083365810764144,0.9974602962967907,0.0025397037032093284,1,25,4,20,26,24,0.9974602962967907
33,3,100,Z_only,3.666244035721381,2.6905658417935308,0.97567819392785,0.780303291071985,0.21969670892801496,5,95,0,0,100,0,
33,3,100,ZX_split,3.666244035721381,3.7523186179790016,0.08607458225762077,0.9981489348486032,0.001851065151396769,5,45,11,39,50,50,
33,3,100,RL_adaptive,3.666244035721381,3.5320639383961066,0.13418009732527425,0.9955056745431192,0.004494325456880777,2,59,12,27,61,39,0.9955056745431192
33,3,250,Z_only,3.666244035721381,2.630069649895716,1.0361743858256647,0.7547578853384096,0.2452421146615904,16,234,0,0,250,0,
33,3,250,ZX_split,3.666244035721381,3.587060447517621,0.07918358820375992,0.9984333086980027,0.0015666913019972695,7,118,36,89,125,125,
33,3,250,RL_adaptive,3.666244035721381,3.65490268126019,0.011341354461190889,0.9999678437644269,3.215623557306646e-05,13,136,27,74,149,101,0.9999678437644269
33,3,500,Z_only,3.666244035721381,2.6219566806707895,1.0442873550505913,0.7512590914630104,0.2487409085369896,33,467,0,0,500,0,
33,3,500,ZX_split,3.666244035721381,3.6297109014571367,0.036533134264244094,0.9996663696348844,0.0003336303651155781,12,238,65,185,250,250,
33,3,500,RL_adaptive,3.666244035721381,3.6680018167875037,0.0017577810661228987,0.9999992275516298,7.724483701565532e-07,19,229,64,188,248,252,0.9999992275516298
33,4,10,Z_only,3.666244035721381,3.141592653589793,0.5246513821315877,0.9327493104226958,0.06725068957730418,0,10,0,0,10,0,
33,4,10,ZX_split,3.666244035721381,3.682012153860377,0.015768118138996368,0.9999378429004664,6.21570995336107e-05,0,5,1,4,5,5,
33,4,10,RL_adaptive,3.666244035721381,3.9269908169872414,0.2607467812658606,0.9830988628715633,0.01690113712843666,0,5,0,5,5,5,0.9830988628715633
33,4,25,Z_only,3.666244035721381,2.318558961454817,1.3476850742665638,0.6106324126851366,0.38936758731486343,4,21,0,0,25,0,
33,4,25,ZX_split,3.666244035721381,3.747137317194763,0.08089328147338204,0.9983649611483563,0.001635038851643733,0,12,2,11,12,13,
33,4,25,RL_adaptive,3.666244035721381,3.850218925717463,0.18397488999608225,0.9915621497847107,0.008437850215289311,0,11,1,13,11,14,0.9915621497847107
33,4,50,Z_only,3.666244035721381,2.7388768120091314,0.9273672237122494,0.7999711969380466,0.20002880306195336,2,48,0,0,50,0,
33,4,50,ZX_split,3.666244035721381,3.9724140964088184,0.3061700606874376,0.9767474692403394,0.023252530759660606,2,23,1,24,25,25,
33,4,50,RL_adaptive,3.666244035721381,3.7051701480956725,0.038926112374291666,0.9996212372739194,0.000378762726080617,1,25,5,19,26,24,0.9996212372739194
33,4,100,Z_only,3.666244035721381,2.6060659992754056,1.0601780364459752,0.7443583815218807,0.2556416184781193,7,93,0,0,100,0,
33,4,100,ZX_split,3.666244035721381,3.8056388164164776,0.1393947806950968,0.9951501345205128,0.004849865479487181,2,48,7,43,50,50,
33,4,100,RL_adaptive,3.666244035721381,3.57807204471167,0.08817199100971074,0.9980576838353477,0.0019423161646523468,2,59,11,28,61,39,0.9980576838353477
33,4,250,Z_only,3.666244035721381,2.681474416207131,0.9847696195142497,0.7765275347020205,0.22347246529797948,13,237,0,0,250,0,
33,4,250,ZX_split,3.666244035721381,3.7409326398382374,0.07468860411685663,0.9986060512833997,0.0013939487166002573,12,113,28,97,125,125,
33,4,250,RL_adaptive,3.666244035721381,3.6170606375938994,0.049183398127481404,0.9993953702355202,0.000604629764479836,12,136,29,73,148,102,0.9993953702355202
33,4,500,Z_only,3.666244035721381,2.638301606137403,1.0279424295839776,0.7582908534980153,0.24170914650198472,31,469,0,0,500,0,
33,4,500,ZX_split,3.666244035721381,3.6617836995354165,0.004460336185964309,0.9999950263585228,4.9736414772239e-06,22,228,66,184,250,250,
33,4,500,RL_adaptive,3.666244035721381,3.615352945806938,0.05089108991444302,0.9993526639713859,0.0006473360286141094,11,234,68,187,245,255,0.9993526639713859
34,0,10,Z_only,4.106255276825212,3.141592653589793,0.9646626232354185,0.7848470920523121,0.21515290794768793,0,10,0,0,10,0,
34,0,10,ZX_split,4.106255276825212,4.514993420534809,0.4087381437095976,0.9588115401069911,0.0411884598930089,2,3,0,5,5,5,
34,0,10,RL_adaptive,4.106255276825212,3.7295952571373605,0.3766600196878511,0.9649491602493221,0.03505083975067791,0,4,1,5,4,6,0.9649491602493221
34,0,25,Z_only,4.106255276825212,2.318558961454817,1.7876963153703946,0.39239835695794056,0.6076016430420594,4,21,0,0,25,0,
34,0,25,ZX_split,4.106255276825212,4.2487413713838835,0.1424860945586719,0.9949330095481562,0.005066990451843778,3,9,0,13,12,13,
34,0,25,RL_adaptive,4.106255276825212,3.7618421395726145,0.34441313725259715,0.9706368827846973,0.029363117215302714,0,11,2,12,11,14,0.9706368827846973
34,0,50,Z_only,4.106255276825212,2.2142974355881813,1.8919578412370304,0.3421655505890204,0.6578344494109796,10,40,0,0,50,0,
34,0,50,ZX_split,4.106255276825212,3.9269908169872414,0.17926445983797024,0.9919875550392387,0.008012444960761256,1,24,1,24,25,25,
34,0,50,RL_adaptive,4.106255276825212,4.209545769456829,0.1032904926316176,0.9973351390643722,0.0026648609356277886,7,21,1,21,28,22,0.9973351390643722
34,0,100,Z_only,4.106255276825212,2.165182126795959,1.9410731500292528,0.3190632460112698,0.6809367539887302,22,78,0,0,100,0,
34,0,100,ZX_split,4.106255276825212,4.2487413713838835,0.1424860945586719,0.9949330095481562,0.005066990451843778,14,36,3,47,50,50,
34,0,100,RL_adaptive,4.106255276825212,4.135015941795247,0.0287606649700356,0.999793220291808,0.00020677970819205083,13,54,1,32,67,33,0.999793220291808
34,0,250,Z_only,4.106255276825212,2.2344511086616805,1.8718041681635311,0.351758557976705,0.6482414420232949,48,202,0,0,250,0,
34,0,250,ZX_split,4.106255276825212,4.109712377749339,0.003457100924127765,0.9999970121162757,2.9878837243257905e-06,25,100,8,117,125,125,
34,0,250,RL_adaptive,4.106255276825212,4.170457384492348,0.06420210766713641,0.9989698762555453,0.0010301237444546585,39,120,7,84,159,91,0.9989698762555453
34,0,500,Z_only,4.106255276825212,2.165182126795959,1.9410731500292528,0.3190632460112698,0.6809367539887302,110,390,0,0,500,0,
34,0,500,ZX_split,4.106255276825212,4.209193656795325,0.10293837997011313,0.9973532608601058,0.0026467391398942164,65,185,16,234,250,250,
34,0,500,RL_adaptive,4.106255276825212,4.1022091766594215,0.004046100165790101,0.9999959072739456,4.092726054394369e-06,53,208,18,221,261,239,0.9999959072739456
34,1,10,Z_only,4.106255276825212,2.2142974355881813,1.8919578412370304,0.3421655505890204,0.6578344494109796,2,8,0,0,10,0,
34,1,10,ZX_split,4.106255276825212,4.171969480114106,0.06571420328889399,0.9989207993198363,0.00107920068016365,1,4,0,5,5,5,
34,1,10,RL_adaptive,4.106255276825212,4.3906384259880475,0.2843831491628359,0.9799174511388038,0.020082548861196203,2,4,0,4,6,4,0.9799174511388038
34,1,25,Z_only,4.106255276825212,2.4341094418104503,1.6721458350147613,0.44941195418390856,0.5505880458160914,3,22,0,0,25,0,
34,1,25,ZX_split,4.106255276825212,4.906869096599795,0.8006138197745836,0.8481331253850359,0.15186687461496406,7,5,1,12,12,13,
34,1,25,RL_adaptive,4.106255276825212,3.7670776938290222,0.3391775829961894,0.971514306063608,0.028485693936391998,2,11,3,9,13,12,0.971514306063608
34,1,50,Z_only,4.106255276825212,2.165182126795959,1.9410731500292528,0.3190632460112698,0.6809367539887302,11,39,0,0,50,0,
34,1,50,ZX_split,4.106255276825212,4.0440995615541055,0.06215571527110608,0.999034477669357,0.0009655223306429539,5,20,3,22,25,25,
34,1,50,RL_adaptive,4.106255276825212,4.179884882082838,0.07362960525762663,0.9986452825029538,0.0013547174970461873,8,20,3,19,28,22,0.9986452825029538
34,1,100,Z_only,4.106255276825212,2.117647277490841,1.9886079993343708,0.29711932964210513,0.7028806703578949,24,76,0,0,100,0,
34,1,100,ZX_split,4.106255276825212,4.021942523329997,0.08431275349521439,0.9982238924160953,0.0017761075839046736,6,44,2,48,50,50,
34,1,100,RL_adaptive,4.106255276825212,4.010035027434249,0.09622024939096274,0.9976872011172847,0.0023127988827152945,10,56,3,31,66,34,0.9976872011172847
34,1,250,Z_only,4.106255276825212,2.2243353890326194,1.8819198877925922,0.3469357757385626,0.6530642242614374,49,201,0,0,250,0,
34,1,250,ZX_split,4.106255276825212,4.126674702362343,0.020419425537131275,0.9998957653870028,0.0001042346129972449,29,96,12,113,125,125,
34,1,250,RL_adaptive,4.106255276825212,4.175816952147889,0.0695616753226771,0.9987907810496448,0.0012092189503551953,38,123,5,84,161,89,0.9987907810496448
34,1,500,Z_only,4.106255276825212,2.1459932064098513,1.9602620704153604,0.31015288883880837,0.6898471111611917,114,386,0,0,500,0,
34,1,500,ZX_split,4.106255276825212,4.128880728598583,0.022625451773371275,0.9998720276923556,0.00012797230764438616,57,193,22,228,250,250,
34,1,500,RL_adaptive,4.106255276825212,4.1375287206013684,0.03127344377615682,0.9997555128558478,0.0002444871441521501,65,198,26,211,263,237,0.9997555128558478
34,2,10,Z_only,4.106255276825212,2.498091544796509,1.6081637320287028,0.4813206451600743,0.5186793548399258,1,9,0,0,10,0,
34,2,10,ZX_split,4.106255276825212,3.682012153860377,0.42424312296483446,0.9556752740524762,0.04432472594752379,0,5,1,4,5,5,
34,2,10,RL_adaptive,4.106255276825212,4.124386376837123,0.018131100011911094,0.9999178180544789,8.218194552112035e-05,1,5,0,4,6,4,0.9999178180544789
34,2,25,Z_only,4.106255276825212,2.4341094418104503,1.6721458350147613,0.44941195418390856,0.5505880458160914,3,22,0,0,25,0,
34,2,25,ZX_split,4.106255276825212,4.017650704187986,0.08860457263722576,0.9980385911450089,0.0019614088549910758,1,11,0,13,12,13,
34,2,25,RL_adaptive,4.106255276825212,4.218447611465108,0.11219233463989653,0.9968565193688604,0.0031434806311395613,3,10,0,12,13,12,0.9968565193688604
34,2,50,Z_only,4.106255276825212,2.02639500019072,2.079860276634492,0.25631994975107,0.74368005024893,14,36,0,0,50,0,
34,2,50,ZX_split,4.106255276825212,4.134487043422444,0.0282317665972327,0.9998007550729531,0.00019924492704692653,5,20,1,24,25,25,
34,2,50,RL_adaptive,4.106255276825212,3.96164846678723,0.1446068100379816,0.9947813211779465,0.005218678822053513,2,25,1,22,27,23,0.9947813211779465
34,2,100,Z_only,4.106255276825212,1.9177132243220583,2.1885420525031534,0.210400509764036,0.789599490235964,33,67,0,0,100,0,
34,2,100,ZX_split,4.106255276825212,4.270014757407944,0.1637594805827325,0.9933106772531078,0.006689322746892157,16,34,6,44,50,50,
34,2,100,RL_adaptive,4.106255276825212,4.00724701471416,0.09900826211105151,0.9975513422642496,0.0024486577357504258,8,57,2,33,65,35,0.9975513422642496
34,2,250,Z_only,4.106255276825212,2.2142974355881813,1.8919578412370304,0.3421655505890204,0.6578344494109796,50,200,0,0,250,0,
34,2,250,ZX_split,4.106255276825212,4.158081484183139,0.05182620735792742,0.9993286613434005,0.0006713386565995183,30,95,10,115,125,125,
34,2,250,RL_adaptive,4.106255276825212,4.136972306048427,0.030717029223215064,0.9997641345754242,0.0002358654245757652,37,122,8,83,159,91,0.9997641345754242
34,2,500,Z_only,4.106255276825212,2.122336918101475,1.9839183587237366,0.2992646694065866,0.7007353305934134,119,381,0,0,500,0,
34,2,500,ZX_split,4.106255276825212,4.135672579322268,0.02941730249705632,0.9997836711796354,0.00021632882036459744,58,192,22,228,250,250,
34,2,500,RL_adaptive,4.106255276825212,4.084475006036335,0.021780270788876344,0.9998814096392785,0.00011859036072148221,54,207,23,216,261,239,0.9998814096392785
34,3,10,Z_only,4.106255276825212,1.9823131728623844,2.1239421039628272,0.23731675477388517,0.7626832452261149,3,7,0,0,10,0,
34,3,10,ZX_split,4.106255276825212,3.9269908169872414,0.17926445983797024,0.9919875550392387,0.008012444960761256,1,4,1,4,5,5,
34,3,10,RL_adaptive,4.106255276825212,3.9269908169872414,0.17926445983797024,0.9919875550392387,0.008012444960761256,0,5,0,5,5,5,0.9919875550392387
34,3,25,Z_only,4.106255276825212,2.4341094418104503,1.6721458350147613,0.44941195418390856,0.5505880458160914,3,22,0,0,25,0,
34,3,25,ZX_split,4.106255276825212,4.045082845406336,0.06117243141887574,0.9990647751026199,0.0009352248973800714,2,10,1,12,12,13,
34,3,25,RL_adaptive,4.106255276825212,4.019165854543703,0.08708942228150907,0.9981050562800464,0.001894943719953579,2,11,1,11,13,12,0.9981050562800464
34,3,50,Z_only,4.106255276825212,2.318558961454817,1.7876963153703946,0.39239835695794056,0.6076016430420594,8,42,0,0,50,0,
34,3,50,ZX_split,4.106255276825212,4.031867755717475,0.07438752110773628,0.9986172619677676,0.0013827380322324334,4,21,2,23,25,25,
34,3,50,RL_adaptive,4.106255276825212,4.163839577934162,0.05758430110895052,0.9991712411147946,0.000828758885205394,7,21,2,20,28,22,0.9991712411147946
34,3,100,Z_only,4.106255276825212,2.0714510391994847,2.034804237625727,0.27623208489066425,0.7237679151093357,26,74,0,0,100,0,
34,3,100,ZX_split,4.106255276825212,4.0440995615541055,0.06215571527110608,0.999034477669357,0.0009655223306429539,10,40,6,44,50,50,
34,3,100,RL_adaptive,4.106255276825212,4.227762579547795,0.12150730272258325,0.9963135327874677,0.003686467212532296,18,49,2,31,67,33,0.9963135327874677
34,3,250,Z_only,4.106255276825212,2.2344511086616805,1.8718041681635311,0.351758557976705,0.6482414420232949,48,202,0,0,250,0,
34,3,250,ZX_split,4.106255276825212,4.152950034675882,0.046694757850670676,0.9994549989348258,0.0005450010651741888,29,96,9,116,125,125,
34,3,250,RL_adaptive,4.106255276825212,4.182476974305885,0.07622169748067353,0.9985482662630045,0.0014517337369954753,35,134,0,81,169,81,0.9985482662630045
34,3,500,Z_only,4.106255276825212,2.260100014668522,1.8461552621566897,0.36405381605355724,0.6359461839464428,91,409,0,0,500,0,
34,3,500,ZX_split,4.106255276825212,4.13894845422986,0.03269317740464839,0.9997328128375153,0.00026718716248474994,63,187,29,221,250,250,
34,3,500,RL_adaptive,4.106255276825212,4.147909707929378,0.041654431104166,0.9995662898083647,0.0004337101916352948,64,200,22,214,264,236,0.9995662898083647
34,4,10,Z_only,4.106255276825212,2.498091544796509,1.6081637320287028,0.4813206451600743,0.5186793548399258,1,9,0,0,10,0,
34,4,10,ZX_split,4.106255276825212,4.3906384259880475,0.2843831491628359,0.9799174511388038,0.020082548861196203,2,3,1,4,5,5,
34,4,10,RL_adaptive,4.106255276825212,3.682012153860377,0.42424312296483446,0.9556752740524762,0.04432472594752379,0,5,1,4,5,5,0.9556752740524762
34,4,25,Z_only,4.106255276825212,2.117647277490841,1.9886079993343708,0.29711932964210513,0.7028806703578949,6,19,0,0,25,0,
34,4,25,ZX_split,4.106255276825212,3.9269908169872414,0.17926445983797024,0.9919875550392387,0.008012444960761256,0,12,0,13,12,13,
34,4,25,RL_adaptive,4.106255276825212,3.590315997600514,0.5159392792246975,0.9349148553545387,0.06508514464546133,2,11,4,8,13,12,0.9349148553545387
34,4,50,Z_only,4.106255276825212,2.2142974355881813,1.8919578412370304,0.3421655505890204,0.6578344494109796,10,40,0,0,50,0,
34,4,50,ZX_split,4.106255276825212,4.41694814324097,0.3106928664157582,0.976060988214068,0.02393901178593205,9,16,1,24,25,25,
34,4,50,RL_adaptive,4.106255276825212,4.0611360888791985,0.045119187946013106,0.9994911510522876,0.0005088489477124147,5,22,2,21,27,23,0.9994911510522876
34,4,100,Z_only,4.106255276825212,2.0943951023931957,2.011860174432016,0.2865491291147881,0.7134508708852119,25,75,0,0,100,0,
34,4,100,ZX_split,4.106255276825212,4.145659762861183,0.039404486035971686,0.9996118718449456,0.00038812815505440135,11,39,3,47,50,50,
34,4,100,RL_adaptive,4.106255276825212,4.198325414495063,0.09207013766985117,0.9978822690562388,0.00211773094376122,16,52,1,31,68,32,0.9978822690562388
34,4,250,Z_only,4.106255276825212,2.127040128563967,1.9792151482612446,0.30142065072785396,0.698579349272146,59,191,0,0,250,0,
34,4,250,ZX_split,4.106255276825212,4.103699673057278,0.002555603767933512,0.9999983672232341,1.6327767659030101e-06,28,97,13,112,125,125,
34,4,250,RL_adaptive,4.106255276825212,4.075544171127824,0.030711105697387886,0.9997642255289084,0.00023577447109157657,32,126,9,83,158,92,0.9997642255289084
34,4,500,Z_only,4.106255276825212,2.103657605551395,2.0025976712738167,0.2907462571806639,0.7092537428193362,123,377,0,0,500,0,
34,4,500,ZX_split,4.106255276825212,4.024506620274787,0.08174865655042485,0.9983302195055731,0.001669780494426898,42,208,24,226,250,250,
34,4,500,RL_adaptive,4.106255276825212,4.153936122955399,0.04768084613018697,0.9994317418998008,0.000568258100199226,67,197,25,211,264,236,0.9994317418998008
35,0,10,Z_only,1.9726306471197785,1.7721542475852272,0.20047639953455132,0.9899859103259275,0.010014089674072468,4,6,0,0,10,0,
35,0,10,ZX_split,1.9726306471197785,2.111215827065481,0.13858517994570252,0.9952062167392395,0.00479378326076052,1,4,5,0,5,5,
35,0,10,RL_adaptive,1.9726306471197785,2.214297435588181,0.24166678846840228,0.9854702128807227,0.014529787119277326,1,3,5,1,4,6,0.9854702128807227
35,0,25,Z_only,1.9726306471197785,2.117647277490841,0.14501663037106227,0.9947517513864199,0.0052482486135800865,6,19,0,0,25,0,
35,0,25,ZX_split,1.9726306471197785,2.104504518434158,0.13187387131437966,0.9956586176370736,0.00434138236292636,3,9,12,1,12,13,
35,0,25,RL_adaptive,1.9726306471197785,2.191045812777718,0.2184151656579394,0.9881210407032175,0.01187895929678251,2,12,11,0,14,11,0.9881210407032175
35,0,50,Z_only,1.9726306471197785,1.8965258140895267,0.07610483303025184,0.9985527123506502,0.00144728764934976,17,33,0,0,50,0,
35,0,50,ZX_split,1.9726306471197785,1.6295521495106193,0.3430784976091592,0.970861780312555,0.02913821968744501,12,13,21,4,25,25,
35,0,50,RL_adaptive,1.9726306471197785,2.056073500012532,0.08344285289275333,0.9982603323268665,0.0017396676731334937,7,20,22,1,27,23,0.9982603323268665
35,0,100,Z_only,1.9726306471197785,1.960592623269157,0.012038023850621471,0.9999637719329426,3.622806705738668e-05,31,69,0,0,100,0,
35,0,100,ZX_split,1.9726306471197785,1.825978717415715,0.1466519297040636,0.9946329322636277,0.0053670677363723,19,31,48,2,50,50,
35,0,100,RL_adaptive,1.9726306471197785,1.9099501872606546,0.06268045985912396,0.999018111524687,0.0009818884753129975,23,42,32,3,65,35,0.999018111524687
35,0,250,Z_only,1.9726306471197785,1.9305033263798532,0.04212732073992531,0.9995563878245973,0.0004436121754026745,81,169,0,0,250,0,
35,0,250,ZX_split,1.9726306471197785,1.9865102013970435,0.01387955427726495,0.999951840266406,4.815973359395542e-05,38,87,118,7,125,125,
35,0,250,RL_adaptive,1.9726306471197785,2.012728118908215,0.04009747178843637,0.999598102041244,0.0004018979587560034,36,93,117,4,129,121,0.999598102041244
35,0,500,Z_only,1.9726306471197785,2.044291838944953,0.07166119182517439,0.9987167177103733,0.0012832822896267082,136,364,0,0,500,0,
35,0,500,ZX_split,1.9726306471197785,1.9674067289023056,0.005223918217472923,0.999993177685129,6.822314871035573e-06,76,174,242,8,250,250,
35,0,500,RL_adaptive,1.9726306471197785,1.9041431499484494,0.06848749717132918,0.9988278239682239,0.0011721760317761065,92,176,221,11,268,232,0.9988278239682239
35,1,10,Z_only,1.9726306471197785,2.2142974355881813,0.24166678846840273,0.9854702128807225,0.014529787119277549,2,8,0,0,10,0,
35,1,10,ZX_split,1.9726306471197785,2.356194490192345,0.3835638430725663,0.9636684192806533,0.03633158071934672,0,5,5,0,5,5,
35,1,10,RL_adaptive,1.9726306471197785,1.7681918866447774,0.2044387604750011,0.9895875401262637,0.01041245987373629,2,3,5,0,5,5,0.9895875401262637
35,1,25,Z_only,1.9726306471197785,2.02639500019072,0.053764353070941295,0.9992775226429665,0.0007224773570334575,7,18,0,0,25,0,
35,1,25,ZX_split,1.9726306471197785,1.8925468811915387,0.08008376592823985,0.9983975043384812,0.0016024956615188213,4,8,13,0,12,13,
35,1,25,RL_adaptive,1.9726306471197785,2.111215827065481,0.13858517994570252,0.9952062167392395,0.00479378326076052,3,12,10,0,15,10,0.9952062167392395
35,1,50,Z_only,1.9726306471197785,1.9823131728623844,0.009682525742605863,0.9999765623569212,2.343764307877194e-05,15,35,0,0,50,0,
35,1,50,ZX_split,1.9726306471197785,1.7126933813990606,0.25993726572071796,0.9832030519979931,0.01679694800200693,11,14,23,2,25,25,
35,1,50,RL_adaptive,1.9726306471197785,2.0778948311872334,0.10526418406745486,0.9972324198301202,0.0027675801698797686,6,21,23,0,27,23,0.9972324198301202
35,1,100,Z_only,1.9726306471197785,1.9177132243220583,0.05491742279772027,0.9992462086449632,0.0007537913550368369,33,67,0,0,100,0,
35,1,100,ZX_split,1.9726306471197785,2.0533096218173736,0.08067897469759511,0.9983736082427619,0.0016263917572381104,14,36,46,4,50,50,
35,1,100,RL_adaptive,1.9726306471197785,1.9930474802461686,0.020416833126390088,0.9998957918512532,0.00010420814874678719,19,50,31,0,69,31,0.9998957918512532
35,1,250,Z_only,1.9726306471197785,2.0533017256702917,0.08067107855051314,0.9983739264083099,0.0016260735916900915,67,183,0,0,250,0,
35,1,250,ZX_split,1.9726306471197785,2.0381069230759374,0.0654762759561589,0.9989285971751933,0.0010714028248066665,35,90,117,8,125,125,
35,1,250,RL_adaptive,1.9726306471197785,1.9712585183208529,0.0013721287989256759,0.9999995293157137,4.7068428632446313e-07,39,90,117,4,129,121,0.9999995293157137
35,1,500,Z_only,1.9726306471197785,1.9092193755924947,0.06341127152728387,0.9989950894564167,0.001004910543583315,167,333,0,0,500,0,
35,1,500,ZX_split,1.9726306471197785,1.9674067289023056,0.005223918217472923,0.999993177685129,6.822314871035573e-06,76,174,242,8,250,250,
35,1,500,RL_adaptive,1.9726306471197785,1.946543493874474,0.02608715324530464,0.9998298747572976,0.00017012524270243468,84,183,226,7,267,233,0.9998298747572976
35,2,10,Z_only,1.9726306471197785,2.2142974355881813,0.24166678846840273,0.9854702128807225,0.014529787119277549,2,8,0,0,10,0,
35,2,10,ZX_split,1.9726306471197785,1.373400766945016,0.5992298801747626,0.9128851062413706,0.08711489375862935,3,2,5,0,5,5,
35,2,10,RL_adaptive,1.9726306471197785,1.7681918866447774,0.2044387604750011,0.9895875401262637,0.01041245987373629,2,3,5,0,5,5,0.9895875401262637
35,2,25,Z_only,1.9726306471197785,2.02639500019072,0.053764353070941295,0.9992775226429665,0.0007224773570334575,7,18,0,0,25,0,
35,2,25,ZX_split,1.9726306471197785,1.5707963267948966,0.401834320324882,0.9601725634312287,0.0398274365687713,6,6,13,0,12,13,
35,2,25,RL_adaptive,1.9726306471197785,1.8925468811915387,0.08008376592823985,0.9983975043384812,0.0016024956615188213,5,10,10,0,15,10,0.9983975043384812
35,2,50,Z_only,1.9726306471197785,1.9823131728623844,0.009682525742605863,0.9999765623569212,2.343764307877194e-05,15,35,0,0,50,0,
35,2,50,ZX_split,1.9726306471197785,1.9756881130799802,0.003057465960201622,0.9999976629772963,2.337022703691183e-06,8,17,23,2,25,25,
35,2,50,RL_adaptive,1.9726306471197785,1.9756881130799802,0.003057465960201622,0.9999976629772963,2.337022703691183e-06,8,20,22,0,28,22,0.9999976629772963
35,2,100,Z_only,1.9726306471197785,2.02639500019072,0.053764353070941295,0.9992775226429665,0.0007224773570334575,28,72,0,0,100,0,
35,2,100,ZX_split,1.9726306471197785,1.9195673303788037,0.053063316740974864,0.9992962362605734,0.0007037637394265994,17,33,47,3,50,50,
35,2,100,RL_adaptive,1.9726306471197785,2.0169018757383004,0.04427122861852184,0.9995100946024945,0.0004899053975054857,18,51,31,0,69,31,0.9995100946024945
35,2,250,Z_only,1.9726306471197785,1.9823131728623844,0.009682525742605863,0.9999765623569212,2.343764307877194e-05,75,175,0,0,250,0,
35,2,250,ZX_split,1.9726306471197785,1.8872277824200232,0.08540286469975533,0.9981776956833598,0.0018223043166402109,44,81,119,6,125,125,
35,2,250,RL_adaptive,1.9726306471197785,2.0778564895891747,0.10522584246939615,0.9972344337384615,0.0027655662615384546,34,95,112,9,129,121,0.9972344337384615
35,2,500,Z_only,1.9726306471197785,1.8965258140895267,0.07610483303025184,0.9985527123506502,0.00144728764934976,170,330,0,0,500,0,
35,2,500,ZX_split,1.9726306471197785,2.0002367520243594,0.02760610490458082,0.9998094878425231,0.00019051215747689643,76,174,232,18,250,250,
35,2,500,RL_adaptive,1.9726306471197785,1.9719389218759564,0.0006917252438221055,0.9999998803790517,1.196209482579036e-07,79,187,229,5,266,234,0.9999998803790517
35,3,10,Z_only,1.9726306471197785,1.5707963267948966,0.401834320324882,0.9601725634312287,0.0398274365687713,5,5,0,0,10,0,
35,3,10,ZX_split,1.9726306471197785,1.7681918866447774,0.2044387604750011,0.9895875401262637,0.01041245987373629,2,3,5,0,5,5,
35,3,10,RL_adaptive,1.9726306471197785,1.8925468811915387,0.08008376592823985,0.9983975043384812,0.0016024956615188213,2,3,4,1,5,5,0.9983975043384812
35,3,25,Z_only,1.9726306471197785,2.02639500019072,0.053764353070941295,0.9992775226429665,0.0007224773570334575,7,18,0,0,25,0,
35,3,25,ZX_split,1.9726306471197785,2.238102461773251,0.26547181465347225,0.9824844104180769,0.01751558958192312,2,10,12,1,12,13,
35,3,25,RL_adaptive,1.9726306471197785,1.6373644905707203,0.3352661565490582,0.9721613860576497,0.02783861394235032,7,8,10,0,15,10,0.9721613860576497
35,3,50,Z_only,1.9726306471197785,1.9823131728623844,0.009682525742605863,0.9999765623569212,2.343764307877194e-05,15,35,0,0,50,0,
35,3,50,ZX_split,1.9726306471197785,2.1486982637571423,0.1760676166373638,0.9922700484988234,0.007729951501176613,5,20,24,1,25,25,
35,3,50,RL_adaptive,1.9726306471197785,2.184003675669406,0.21137302854962736,0.9888718857623627,0.011128114237637265,4,23,23,0,27,23,0.9888718857623627
35,3,100,Z_only,1.9726306471197785,1.960592623269157,0.012038023850621471,0.9999637719329426,3.622806705738668e-05,31,69,0,0,100,0,
35,3,100,ZX_split,1.9726306471197785,1.9055331641117113,0.06709748300806728,0.9988749041437639,0.0011250958562361024,17,33,48,2,50,50,
35,3,100,RL_adaptive,1.9726306471197785,2.002562743995077,0.029932096875298297,0.9997760341163986,0.0002239658836014069,19,48,32,1,67,33,0.9997760341163986
35,3,250,Z_only,1.9726306471197785,1.9390642202315367,0.03356642688824185,0.9997183501926667,0.00028164980733325073,80,170,0,0,250,0,
35,3,250,ZX_split,1.9726306471197785,2.0037368673656406,0.03110622024586207,0.999758120269955,0.00024187973004496932,35,90,122,3,125,125,
35,3,250,RL_adaptive,1.9726306471197785,1.8296149366503816,0.14301571046939698,0.9948953362288432,0.005104663771156814,49,79,115,7,128,122,0.9948953362288432
35,3,500,Z_only,1.9726306471197785,1.964920872345521,0.007709774774257605,0.9999851399168408,1.4860083159207171e-05,154,346,0,0,500,0,
35,3,500,ZX_split,1.9726306471197785,2.0032041023654346,0.030573455245656023,0.9997663341607623,0.00023366583923767337,71,179,242,8,250,250,
35,3,500,RL_adaptive,1.9726306471197785,1.8897991635659905,0.082831483553788,0.9982857168186227,0.0017142831813773407,92,177,226,5,269,231,0.9982857168186227
35,4,10,Z_only,1.9726306471197785,1.7721542475852272,0.20047639953455132,0.9899859103259275,0.010014089674072468,4,6,0,0,10,0,
35,4,10,ZX_split,1.9726306471197785,2.111215827065481,0.13858517994570252,0.9952062167392395,0.00479378326076052,1,4,5,0,5,5,
35,4,10,RL_adaptive,1.9726306471197785,1.7681918866447774,0.2044387604750011,0.9895875401262637,0.01041245987373629,2,3,5,0,5,5,0.9895875401262637
35,4,25,Z_only,1.9726306471197785,2.02639500019072,0.053764353070941295,0.9992775226429665,0.0007224773570334575,7,18,0,0,25,0,
35,4,25,ZX_split,1.9726306471197785,2.238102461773251,0.26547181465347225,0.9824844104180769,0.01751558958192312,2,10,12,1,12,13,
35,4,25,RL_adaptive,1.9726306471197785,2.288501467498376,0.3158708203785976,0.975263111971792,0.02473688802820795,2,12,10,1,14,11,0.975263111971792
35,4,50,Z_only,1.9726306471197785,2.02639500019072,0.053764353070941295,0.9992775226429665,0.0007224773570334575,14,36,0,0,50,0,
35,4,50,ZX_split,1.9726306471197785,1.892546881191539,0.08008376592823963,0.9983975043384814,0.0016024956615185992,9,16,23,2,25,25,
35,4,50,RL_adaptive,1.9726306471197785,2.117417297952634,0.14478665083285525,0.9947683553457997,0.00523164465420034,6,21,22,1,27,23,0.9947683553457997
35,4,100,Z_only,1.9726306471197785,1.960592623269157,0.012038023850621471,0.9999637719329426,3.622806705738668e-05,31,69,0,0,100,0,
35,4,100,ZX_split,1.9726306471197785,2.0344439357957027,0.06181328867592417,0.9990450834458713,0.0009549165541287152,15,35,45,5,50,50,
35,4,100,RL_adaptive,1.9726306471197785,2.119805252840253,0.14717460572047458,0.9945946762072727,0.00540532379272729,14,52,33,1,66,34,0.9945946762072727
35,4,250,Z_only,1.9726306471197785,1.8629340183251173,0.10969662879466124,0.9969946778963549,0.003005322103645125,89,161,0,0,250,0,
35,4,250,ZX_split,1.9726306471197785,2.0026525304412264,0.03002188332144784,0.9997746885542415,0.000225311445758547,36,89,120,5,125,125,
35,4,250,RL_adaptive,1.9726306471197785,2.0162446605479745,0.04361401342819593,0.9995245298345795,0.0004754701654204885,35,95,118,2,130,120,0.9995245298345795
35,4,500,Z_only,1.9726306471197785,1.8671136341517032,0.10551701296807536,0.9972191215851771,0.002780878414822885,177,323,0,0,500,0,
35,4,500,ZX_split,1.9726306471197785,1.924954483651124,0.04767616346865444,0.999431853488662,0.0005681465113379636,81,169,244,6,250,250,
35,4,500,RL_adaptive,1.9726306471197785,2.01201476521313,0.039384118093351406,0.9996122729316271,0.0003877270683728673,76,188,224,12,264,236,0.9996122729316271
36,0,10,Z_only,3.744388979224078,2.2142974355881813,1.5300915436358968,0.5203467718021216,0.47965322819787837,2,8,0,0,10,0,
36,0,10,ZX_split,3.744388979224078,3.9269908169872414,0.1826018377631633,0.991687278658179,0.008312721341821039,0,5,0,5,5,5,
36,0,10,RL_adaptive,3.744388979224078,3.9269908169872414,0.1826018377631633,0.991687278658179,0.008312721341821039,0,5,0,5,5,5,0.991687278658179
36,0,25,Z_only,3.744388979224078,2.4341094418104503,1.3102795374136278,0.6287899688096883,0.3712100311903117,3,22,0,0,25,0,
36,0,25,ZX_split,3.744388979224078,3.635534022509374,0.10885495671470391,0.9970405736178175,0.002959426382182495,0,12,3,10,12,13,
36,0,25,RL_adaptive,3.744388979224078,3.411745853301198,0.33264312592288015,0.9725912767094742,0.027408723290525794,1,11,5,8,12,13,0.9725912767094742
36,0,50,Z_only,3.744388979224078,2.5680795491666966,1.1763094300573815,0.6921672728127051,0.30783272718729493,4,46,0,0,50,0,
36,0,50,ZX_split,3.744388979224078,3.7781008693777443,0.03371189015366616,0.999715904023152,0.0002840959768479756,1,24,4,21,25,25,
36,0,50,RL_adaptive,3.744388979224078,3.354961295741601,0.38942768348247725,0.9625632482399813,0.037436751760018705,3,23,10,14,26,24,0.9625632482399813
36,0,100,Z_only,3.744388979224078,2.4341094418104503,1.3102795374136278,0.6287899688096883,0.3712100311903117,12,88,0,0,100,0,
36,0,100,ZX_split,3.744388979224078,3.8770324212652985,0.13264344204122036,0.9956078746811251,0.0043921253188748954,4,46,6,44,50,50,
36,0,100,RL_adaptive,3.744388979224078,3.673295245491574,0.07109373373250394,0.998736952377592,0.0012630476224080311,4,59,9,28,63,37,0.998736952377592
36,0,250,Z_only,3.744388979224078,2.553499386799989,1.1908895924240892,0.6854169276541703,0.3145830723458297,21,229,0,0,250,0,
36,0,250,ZX_split,3.744388979224078,3.617287872444785,0.1271011067792931,0.9959667611963934,0.00403323880360662,13,112,37,88,125,125,
36,0,250,RL_adaptive,3.744388979224078,3.707773324816152,0.03661565440792591,0.9996648609091666,0.00033513909083338067,16,134,25,75,150,100,0.9996648609091666
36,0,500,Z_only,3.744388979224078,2.511545963143953,1.2328430160801251,0.6657784345687089,0.3342215654312911,48,452,0,0,500,0,
36,0,500,ZX_split,3.744388979224078,3.7491155539811647,0.004726574757086599,0.9999944148831643,5.585116835682413e-06,20,230,52,198,250,250,
36,0,500,RL_adaptive,3.744388979224078,3.706589612775325,0.03779936644875326,0.9996428445021359,0.0003571554978640812,22,227,60,191,249,251,0.9996428445021359
36,1,10,Z_only,3.744388979224078,2.2142974355881813,1.5300915436358968,0.5203467718021216,0.47965322819787837,2,8,0,0,10,0,
36,1,10,ZX_split,3.744388979224078,4.171969480114106,0.4275805008900275,0.9549858533478738,0.04501414665212622,1,4,0,5,5,5,
36,1,10,RL_adaptive,3.744388979224078,3.7295952571373605,0.014793722086717587,0.9999452874445557,5.471255544431397e-05,0,4,1,5,4,6,0.9999452874445557
36,1,25,Z_only,3.744388979224078,2.7388768120091314,1.0055121672149467,0.7678278961666797,0.23217210383332032,1,24,0,0,25,0,
36,1,25,ZX_split,3.744388979224078,3.411745853301198,0.33264312592288015,0.9725912767094742,0.027408723290525794,1,11,5,8,12,13,
36,1,25,RL_adaptive,3.744388979224078,4.0329751749768405,0.28858619575276245,0.9793235990796335,0.02067640092036649,3,10,2,10,13,12,0.9793235990796335
36,1,50,Z_only,3.744388979224078,2.498091544796509,1.2462974344275692,0.6594169353870647,0.3405830646129353,5,45,0,0,50,0,
36,1,50,ZX_split,3.744388979224078,3.8221138782570074,0.07772489903292934,0.9984904701897659,0.0015095298102341115,2,23,4,21,25,25,
36,1,50,RL_adaptive,3.744388979224078,3.8393778429657712,0.09498886374169313,0.9977459745237245,0.002254025476275512,3,24,4,19,27,23,0.9977459745237245
36,1,100,Z_only,3.744388979224078,2.4341094418104503,1.3102795374136278,0.6287899688096883,0.3712100311903117,12,88,0,0,100,0,
36,1,100,ZX_split,3.744388979224078,3.638015406994675,0.10637357222940302,0.9971738322112377,0.0028261677887623238,1,49,12,38,50,50,
36,1,100,RL_adaptive,3.744388979224078,3.622767682859987,0.12162129636409125,0.9963066210617172,0.0036933789382828097,6,56,11,27,62,38,0.9963066210617172
36,1,250,Z_only,3.744388979224078,2.553499386799989,1.1908895924240892,0.6854169276541703,0.3145830723458297,21,229,0,0,250,0,
36,1,250,ZX_split,3.744388979224078,3.652415535547616,0.0919734436764621,0.9978867117571073,0.002113288242892697,17,108,37,88,125,125,
36,1,250,RL_adaptive,3.744388979224078,3.7083218711132995,0.03606710811077862,0.9996748261802495,0.00032517381975050164,9,141,22,78,150,100,0.9996748261802495
36,1,500,Z_only,3.744388979224078,2.582996538251223,1.1613924409728549,0.6990312742340443,0.3009687257659557,38,462,0,0,500,0,
36,1,500,ZX_split,3.744388979224078,3.7530101808009797,0.008621201576901605,0.9999814188359303,1.858116406971977e-05,28,222,57,193,250,250,
36,1,500,RL_adaptive,3.744388979224078,3.724807099606861,0.019581879617216913,0.9999041405608317,9.585943916834427e-05,20,229,56,195,249,251,0.9999041405608317
36,2,10,Z_only,3.744388979224078,1.9823131728623844,1.7620758063616937,0.40494240280018867,0.5950575971998113,3,7,0,0,10,0,
36,2,10,ZX_split,3.744388979224078,3.9269908169872414,0.1826018377631633,0.991687278658179,0.008312721341821039,0,5,0,5,5,5,
36,2,10,RL_adaptive,3.744388979224078,3.9269908169872414,0.1826018377631633,0.991687278658179,0.008312721341821039,0,5,0,5,5,5,0.991687278658179
36,2,25,Z_only,3.744388979224078,2.4341094418104503,1.3102795374136278,0.6287899688096883,0.3712100311903117,3,22,0,0,25,0,
36,2,25,ZX_split,3.744388979224078,3.6648709757217683,0.07951800350230975,0.9984200545574702,0.0015799454425298176,2,10,4,9,12,13,
36,2,25,RL_adaptive,3.744388979224078,3.7618421395726145,0.01745316034853639,0.999923848731546,7.615126845395004e-05,0,11,2,12,11,14,0.999923848731546
36,2,50,Z_only,3.744388979224078,2.5680795491666966,1.1763094300573815,0.6921672728127051,0.30783272718729493,4,46,0,0,50,0,
36,2,50,ZX_split,3.744388979224078,3.719494590552039,0.02489438867203919,0.9998450753543712,0.0001549246456288289,1,24,5,20,25,25,
36,2,50,RL_adaptive,3.744388979224078,3.565600980364334,0.17878799885974406,0.992029977087607,0.007970022912393016,1,25,7,17,26,24,0.992029977087607
36,2,100,Z_only,3.744388979224078,2.6060659992754056,1.1383229799486725,0.7095588563079639,0.2904411436920361,7,93,0,0,100,0,
36,2,100,ZX_split,3.744388979224078,3.437033490733513,0.30735548849056515,0.9765684849890509,0.02343151501094909,2,48,18,32,50,50,
36,2,100,RL_adaptive,3.744388979224078,3.799618734712847,0.05522975548876907,0.9992376123509551,0.0007623876490449044,9,55,8,28,64,36,0.9992376123509551
36,2,250,Z_only,3.744388979224078,2.5680795491666966,1.1763094300573815,0.6921672728127051,0.30783272718729493,20,230,0,0,250,0,
36,2,250,ZX_split,3.744388979224078,3.744269256225144,0.00011972299893425742,0.9999999964166006,3.5833993550227206e-09,8,117,25,100,125,125,
36,2,250,RL_adaptive,3.744388979224078,3.676421635560344,0.06796734366373425,0.9988455545706355,0.0011544454293644923,11,138,25,76,149,101,0.9988455545706355
36,2,500,Z_only,3.744388979224078,2.553499386799989,1.1908895924240892,0.6854169276541703,0.3145830723458297,42,458,0,0,500,0,
36,2,500,ZX_split,3.744388979224078,3.807561890968903,0.06317291174482476,0.9990026275658376,0.0009973724341624246,27,223,48,202,250,250,
36,2,500,RL_adaptive,3.744388979224078,3.7895289974140587,0.04514001818998059,0.9994906811815008,0.0005093188184992492,19,230,45,206,249,251,0.9994906811815008
36,3,10,Z_only,3.744388979224078,1.9823131728623844,1.7620758063616937,0.40494240280018867,0.5950575971998113,3,7,0,0,10,0,
36,3,10,ZX_split,3.744388979224078,3.9269908169872414,0.1826018377631633,0.991687278658179,0.008312721341821039,0,5,0,5,5,5,
36,3,10,RL_adaptive,3.744388979224078,3.9269908169872414,0.1826018377631633,0.991687278658179,0.008312721341821039,0,5,0,5,5,5,0.991687278658179
36,3,25,Z_only,3.744388979224078,2.5680795491666966,1.1763094300573815,0.6921672728127051,0.30783272718729493,2,23,0,0,25,0,
36,3,25,ZX_split,3.744388979224078,3.945856503008912,0.2014675237848338,0.9898869853146803,0.010113014685319666,2,10,2,11,12,13,
36,3,25,RL_adaptive,3.744388979224078,3.590315997600514,0.15407298162356398,0.9940771097062302,0.0059228902937698,2,11,4,8,13,12,0.9940771097062302
36,3,50,Z_only,3.744388979224078,2.4341094418104503,1.3102795374136278,0.6287899688096883,0.3712100311903117,6,44,0,0,50,0,
36,3,50,ZX_split,3.744388979224078,3.7618421395726145,0.01745316034853639,0.999923848731546,7.615126845395004e-05,2,23,5,20,25,25,
36,3,50,RL_adaptive,3.744388979224078,3.7051701480956725,0.03921883112840563,0.9996155201062666,0.0003844798937333582,1,25,5,19,26,24,0.9996155201062666
36,3,100,Z_only,3.744388979224078,2.6466585272488974,1.0977304519751807,0.7278087946955182,0.2721912053044818,6,94,0,0,100,0,
36,3,100,ZX_split,3.744388979224078,3.5464844398748765,0.1979045393492016,0.9902403647941412,0.009759635205858763,4,46,16,34,50,50,
36,3,100,RL_adaptive,3.744388979224078,3.72824451505024,0.01614446417383819,0.9999348404844383,6.515951556174127e-05,4,58,8,30,62,38,0.9999348404844383
36,3,250,Z_only,3.744388979224078,2.525253363883374,1.2191356153407042,0.6722286804564032,0.32777131954359684,23,227,0,0,250,0,
36,3,250,ZX_split,3.744388979224078,3.893669821108994,0.14928084188491608,0.9944391459409992,0.005560854059000753,16,109,19,106,125,125,
36,3,250,RL_adaptive,3.744388979224078,3.7326658718470016,0.011723107377076492,0.999965642581841,3.43574181590478e-05,13,138,22,77,151,99,0.999965642581841
36,3,500,Z_only,3.744388979224078,2.5680795491666966,1.1763094300573815,0.6921672728127051,0.30783272718729493,40,460,0,0,500,0,
36,3,500,ZX_split,3.744388979224078,3.7166649433221837,0.027724035901894428,0.9998078567659299,0.00019214323407013012,17,233,55,195,250,250,
36,3,500,RL_adaptive,3.744388979224078,3.674232201295871,0.07015677792820707,0.998770011249532,0.0012299887504679807,21,228,64,187,249,251,0.998770011249532
36,4,10,Z_only,3.744388979224078,3.141592653589793,0.602796325634285,0.911876732958496,0.08812326704150397,0,10,0,0,10,0,
36,4,10,ZX_split,3.744388979224078,4.171969480114106,0.4275805008900275,0.9549858533478738,0.04501414665212622,1,4,0,5,5,5,
36,4,10,RL_adaptive,3.744388979224078,3.7295952571373605,0.014793722086717587,0.9999452874445557,5.471255544431397e-05,0,4,1,5,4,6,0.9999452874445557
36,4,25,Z_only,3.744388979224078,2.4341094418104503,1.3102795374136278,0.6287899688096883,0.3712100311903117,3,22,0,0,25,0,
36,4,25,ZX_split,3.744388979224078,3.8348157794307793,0.09042680020670124,0.9979571410595992,0.0020428589404007935,1,11,2,11,12,13,
36,4,25,RL_adaptive,3.744388979224078,3.590315997600514,0.15407298162356398,0.9940771097062302,0.0059228902937698,2,11,4,8,13,12,0.9940771097062302
36,4,50,Z_only,3.744388979224078,2.857798544381465,0.886590434842613,0.8160289198496145,0.18397108015038555,1,49,0,0,50,0,
36,4,50,ZX_split,3.744388979224078,3.7618421395726145,0.01745316034853639,0.999923848731546,7.615126845395004e-05,2,23,5,20,25,25,
36,4,50,RL_adaptive,3.744388979224078,3.7451649331647165,0.0007759539406384519,0.9999998494738781,1.5052612190036285e-07,2,24,5,19,26,24,0.9999998494738781
36,4,100,Z_only,3.744388979224078,2.4654621440291318,1.2789268351949463,0.6438715766180507,0.3561284233819493,11,89,0,0,100,0,
36,4,100,ZX_split,3.744388979224078,3.8112315992664305,0.06684262004235242,0.9988834318589267,0.0011165681410733042,1,49,6,44,50,50,
36,4,100,RL_adaptive,3.744388979224078,3.590653255375316,0.153735723848762,0.9941029600920829,0.005897039907917123,5,58,11,26,63,37,0.9941029600920829
36,4,250,Z_only,3.744388979224078,2.582996538251223,1.1613924409728549,0.6990312742340443,0.3009687257659557,19,231,0,0,250,0,
36,4,250,ZX_split,3.744388979224078,3.7923929028267747,0.04800392360269656,0.9994240164493539,0.0005759835506461419,8,117,21,104,125,125,
36,4,250,RL_adaptive,3.744388979224078,3.7179678741809767,0.026421105043101356,0.9998254914540978,0.00017450854590217446,15,135,24,76,150,100,0.9998254914540978
36,4,500,Z_only,3.744388979224078,2.553499386799989,1.1908895924240892,0.6854169276541703,0.3145830723458297,42,458,0,0,500,0,
36,4,500,ZX_split,3.744388979224078,3.8188430008345784,0.0744540216105003,0.9986147897419384,0.0013852102580615977,28,222,47,203,250,250,
36,4,500,RL_adaptive,3.744388979224078,3.748261423570156,0.00387244434607803,0.9999962510483815,3.748951618476326e-06,26,225,56,193,251,249,0.9999962510483815
37,0,10,Z_only,5.812148283905625,0.9272952180016121,1.3983322412755737,0.5858051990740801,0.41419480092591987,8,2,0,0,10,0,
37,0,10,ZX_split,5.812148283905625,5.497787143782138,0.3143611401234869,0.975497057091603,0.024502942908397052,4,1,1,4,5,5,
37,0,10,RL_adaptive,5.812148283905625,5.497787143782138,0.3143611401234869,0.975497057091603,0.024502942908397052,6,0,0,4,6,4,0.975497057091603
37,0,25,Z_only,5.812148283905625,0.5735131044230967,1.0445501276970584,0.7511454905575822,0.24885450944241783,23,2,0,0,25,0,
37,0,25,ZX_split,5.812148283905625,5.5899621813386,0.22218610256702487,0.9877090227218356,0.012290977278164417,11,1,2,11,12,13,
37,0,25,RL_adaptive,5.812148283905625,5.603771501771738,0.20837678213388688,0.989184000966993,0.010815999033007007,10,2,3,10,12,13,0.989184000966993
37,0,50,Z_only,5.812148283905625,0.5735131044230967,1.0445501276970584,0.7511454905575822,0.24885450944241783,46,4,0,0,50,0,
37,0,50,ZX_split,5.812148283905625,5.840811084202842,0.028662800297216684,0.9997946250309466,0.0002053749690533735,22,3,8,17,25,25,
37,0,50,RL_adaptive,5.812148283905625,5.940041620621268,0.12789333671564318,0.9959163943557224,0.004083605644277566,25,2,8,15,27,23,0.9959163943557224
37,0,100,Z_only,5.812148283905625,0.45102681179626264,0.9220638350702242,0.8020884385322123,0.19791156146778766,95,5,0,0,100,0,
37,0,100,ZX_split,5.812148283905625,5.919206350669942,0.10705806676431706,0.997137378297519,0.002862621702480972,46,4,17,33,50,50,
37,0,100,RL_adaptive,5.812148283905625,5.590394069020943,0.22175421488468228,0.98775656316217,0.012243436837830024,51,5,7,37,56,44,0.98775656316217
37,0,250,Z_only,5.812148283905625,0.4949341263408958,0.9659711496148571,0.784309137715979,0.215690862284021,235,15,0,0,250,0,
37,0,250,ZX_split,5.812148283905625,5.7188342064571565,0.09331407744846842,0.9978246998801844,0.002175300119815593,117,8,28,97,125,125,
37,0,250,RL_adaptive,5.812148283905625,5.8612464952384205,0.04909821133279557,0.9993974624670439,0.0006025375329561378,119,5,37,89,124,126,0.9993974624670439
37,0,500,Z_only,5.812148283905625,0.39238416526344166,0.8634211885374032,0.8249204663494586,0.1750795336505414,481,19,0,0,500,0,
37,0,500,ZX_split,5.812148283905625,5.89951938291898,0.08737109901335494,0.9980927864869273,0.0019072135130726586,234,16,81,169,250,250,
37,0,500,RL_adaptive,5.812148283905625,5.745937206317336,0.0662110775882887,0.9989044236309532,0.0010955763690467801,276,17,49,158,293,207,0.9989044236309532
37,1,10,Z_only,5.812148283905625,0.0,0.47103702327396135,0.9455490776285935,0.054450922371406474,10,0,0,0,10,0,
37,1,10,ZX_split,5.812148283905625,5.497787143782138,0.3143611401234869,0.975497057091603,0.024502942908397052,5,0,0,5,5,5,
37,1,10,RL_adaptive,5.812148283905625,5.497787143782138,0.3143611401234869,0.975497057091603,0.024502942908397052,6,0,0,4,6,4,0.975497057091603
37,1,25,Z_only,5.812148283905625,0.40271584158066176,0.8737528648546231,0.8209767949532618,0.1790232050467382,24,1,0,0,25,0,
37,1,25,ZX_split,5.812148283905625,5.850777531609048,0.03862924770342335,0.9996269916930943,0.00037300830690567555,11,1,4,9,12,13,
37,1,25,RL_adaptive,5.812148283905625,5.650436472177403,0.1617118117282219,0.9934765571494087,0.0065234428505912545,10,0,2,13,10,15,0.9934765571494087
37,1,50,Z_only,5.812148283905625,0.283794109208328,0.7548311324822894,0.8641936278973731,0.13580637210262692,49,1,0,0,50,0,
37,1,50,ZX_split,5.812148283905625,5.592738850124894,0.21940943378073108,0.9880130790927146,0.01198692090728537,24,1,3,22,25,25,
37,1,50,RL_adaptive,5.812148283905625,6.193151593973394,0.38100331006776944,0.9641460099931667,0.035853990006833314,25,1,11,13,26,24,0.9641460099931667
37,1,100,Z_only,5.812148283905625,0.6093853080307949,1.0804223313047565,0.7354779218797743,0.26452207812022566,91,9,0,0,100,0,
37,1,100,ZX_split,5.812148283905625,5.961434752782944,0.14928646887731922,0.9944387274902904,0.005561272509709614,46,4,18,32,50,50,
37,1,100,RL_adaptive,5.812148283905625,5.600742855289263,0.21140542861636202,0.9888684866971722,0.0111315133028278,53,1,5,41,54,46,0.9888684866971722
37,1,250,Z_only,5.812148283905625,0.5585961153385702,1.0296331386125317,0.7575666601077582,0.2424333398922418,231,19,0,0,250,0,
37,1,250,ZX_split,5.812148283905625,5.809504590031405,0.0026436938742202543,0.9999982527216925,1.7472783074845566e-06,122,3,32,93,125,125,
37,1,250,RL_adaptive,5.812148283905625,5.749259784370553,0.06288849953507203,0.9990115849830848,0.0009884150169151562,118,8,30,94,126,124,0.9990115849830848
37,1,500,Z_only,5.812148283905625,0.3597069995849567,0.8307440228589185,0.8371632677590101,0.16283673224098993,484,16,0,0,500,0,
37,1,500,ZX_split,5.812148283905625,5.754057673255315,0.05809061065030985,0.9991566074489429,0.0008433925510571427,243,7,56,194,250,250,
37,1,500,RL_adaptive,5.812148283905625,5.810396859404942,0.0017514245006831075,0.9999992331282508,7.668717492137489e-07,275,17,57,151,292,208,0.9999992331282508
37,2,10,Z_only,5.812148283905625,0.0,0.47103702327396135,0.9455490776285935,0.054450922371406474,10,0,0,0,10,0,
37,2,10,ZX_split,5.812148283905625,5.961434752782944,0.14928646887731922,0.9944387274902904,0.005561272509709614,4,1,2,3,5,5,
37,2,10,RL_adaptive,5.812148283905625,6.085789747329706,0.2736414634240809,0.9813966079122257,0.018603392087774284,5,0,2,3,5,5,0.9813966079122257
37,2,25,Z_only,5.812148283905625,0.40271584158066176,0.8737528648546231,0.8209767949532618,0.1790232050467382,24,1,0,0,25,0,
37,2,25,ZX_split,5.812148283905625,5.3003915839322575,0.5117566999733674,0.9359427902440384,0.06405720975596163,10,2,0,13,12,13,
37,2,25,RL_adaptive,5.812148283905625,5.961434752782944,0.14928646887731922,0.9944387274902904,0.005561272509709614,10,0,5,10,10,15,0.9944387274902904
37,2,50,Z_only,5.812148283905625,0.5735131044230967,1.0445501276970584,0.7511454905575822,0.24885450944241783,46,4,0,0,50,0,
37,2,50,ZX_split,5.812148283905625,5.442288638536421,0.36985964536920424,0.966189045411578,0.03381095458842198,21,4,3,22,25,25,
37,2,50,RL_adaptive,5.812148283905625,5.669547295110341,0.1426009887952837,0.994924848534923,0.005075151465076977,26,1,4,19,27,23,0.994924848534923
37,2,100,Z_only,5.812148283905625,0.5355266543143876,1.0065636775883489,0.7673837813542048,0.23261621864579518,93,7,0,0,100,0,
37,2,100,ZX_split,5.812148283905625,5.742765806909002,0.0693824769966227,0.9987970006836537,0.0012029993163462649,45,5,13,37,50,50,
37,2,100,RL_adaptive,5.812148283905625,5.7623314609996195,0.04981682290600542,0.9993796993389726,0.000620300661027362,52,3,11,34,55,45,0.9993796993389726
37,2,250,Z_only,5.812148283905625,0.4949341263408958,0.9659711496148571,0.784309137715979,0.215690862284021,235,15,0,0,250,0,
37,2,250,ZX_split,5.812148283905625,5.876081135123598,0.06393285121797287,0.998978495647119,0.001021504352880953,117,8,39,86,125,125,
37,2,250,RL_adaptive,5.812148283905625,5.892766978331518,0.08061869442589309,0.9983760363754017,0.001623963624598268,117,7,40,86,124,126,0.9983760363754017
37,2,500,Z_only,5.812148283905625,0.5276354822647822,0.9986725055387433,0.7707094387700902,0.22929056122990976,466,34,0,0,500,0,
37,2,500,ZX_split,5.812148283905625,5.863305349974034,0.05115706606840931,0.9993458813213438,0.0006541186786561681,237,13,75,175,250,250,
37,2,500,RL_adaptive,5.812148283905625,5.950325528526273,0.13817724462064795,0.9952343520349496,0.0047656479650504124,280,12,71,137,292,208,0.9952343520349496
37,3,10,Z_only,5.812148283905625,0.0,0.47103702327396135,0.9455490776285935,0.054450922371406474,10,0,0,0,10,0,
37,3,10,ZX_split,5.812148283905625,5.742765806909002,0.0693824769966227,0.9987970006836537,0.0012029993163462649,5,0,1,4,5,5,
37,3,10,RL_adaptive,5.812148283905625,5.742765806909002,0.0693824769966227,0.9987970006836537,0.0012029993163462649,5,0,1,4,5,5,0.9987970006836537
37,3,25,Z_only,5.812148283905625,0.5735131044230967,1.0445501276970584,0.7511454905575822,0.24885450944241783,23,2,0,0,25,0,
37,3,25,ZX_split,5.812148283905625,5.850777531609048,0.03862924770342335,0.9996269916930943,0.00037300830690567555,9,3,5,8,12,13,
37,3,25,RL_adaptive,5.812148283905625,5.742765806909002,0.0693824769966227,0.9987970006836537,0.0012029993163462649,10,0,3,12,10,15,0.9987970006836537
37,3,50,Z_only,5.812148283905625,0.7074832117793429,1.1785202350533046,0.6911463031889676,0.30885369681103236,44,6,0,0,50,0,
37,3,50,ZX_split,5.812148283905625,6.163756381161248,0.3516080972556228,0.9694100427320782,0.030589957267921797,25,0,11,14,25,25,
37,3,50,RL_adaptive,5.812148283905625,5.585400117803608,0.2267481661020172,0.9872012953809355,0.012798704619064516,24,3,4,19,27,23,0.9872012953809355
37,3,100,Z_only,5.812148283905625,0.4949341263408958,0.9659711496148571,0.784309137715979,0.215690862284021,94,6,0,0,100,0,
37,3,100,ZX_split,5.812148283905625,5.81953769817878,0.007389414273155204,0.99998634920129,1.3650798709963219e-05,47,3,14,36,50,50,
37,3,100,RL_adaptive,5.812148283905625,5.910197585379525,0.09804930147390056,0.9975985084732967,0.0024014915267033254,51,3,15,31,54,46,0.9975985084732967
37,3,250,Z_only,5.812148283905625,0.5880932667898044,1.0591302900637656,0.7448152965527632,0.25518470344723676,229,21,0,0,250,0,
37,3,250,ZX_split,5.812148283905625,5.78705814939128,0.025090134514345053,0.9998426295433596,0.0001573704566404377,117,8,33,92,125,125,
37,3,250,RL_adaptive,5.812148283905625,5.749259784370553,0.06288849953507203,0.9990115849830848,0.0009884150169151562,118,8,30,94,126,124,0.9990115849830848
37,3,500,Z_only,5.812148283905625,0.4949341263408958,0.9659711496148571,0.784309137715979,0.215690862284021,470,30,0,0,500,0,
37,3,500,ZX_split,5.812148283905625,5.815806372212122,0.0036580883064969427,0.9999966546012159,3.3453987841047805e-06,232,18,71,179,250,250,
37,3,500,RL_adaptive,5.812148283905625,5.891611420809836,0.07946313690421114,0.9984222329502414,0.0015777670497586493,282,10,64,144,292,208,0.9984222329502414
37,4,10,Z_only,5.812148283905625,0.0,0.47103702327396135,0.9455490776285935,0.054450922371406474,10,0,0,0,10,0,
37,4,10,ZX_split,5.812148283905625,5.497787143782138,0.3143611401234869,0.975497057091603,0.024502942908397052,5,0,0,5,5,5,
37,4,10,RL_adaptive,5.812148283905625,0.0,0.47103702327396135,0.9455490776285935,0.054450922371406474,4,0,3,3,4,6,0.9455490776285935
37,4,25,Z_only,5.812148283905625,0.40271584158066176,0.8737528648546231,0.8209767949532618,0.1790232050467382,24,1,0,0,25,0,
37,4,25,ZX_split,5.812148283905625,5.916011473361367,0.10386318945574224,0.9973055330035857,0.002694466996414291,12,0,4,9,12,13,
37,4,25,RL_adaptive,5.812148283905625,5.949941006067913,0.13779272216228833,0.9952607970921716,0.004739202907828366,10,2,5,8,12,13,0.9952607970921716
37,4,50,Z_only,5.812148283905625,0.4949341263408958,0.9659711496148571,0.784309137715979,0.215690862284021,47,3,0,0,50,0,
37,4,50,ZX_split,5.812148283905625,5.758389535529479,0.05375874837614614,0.9992776732289441,0.0007223267710558812,22,3,7,18,25,25,
37,4,50,RL_adaptive,5.812148283905625,6.033319965935777,0.22117168203015236,0.9878205418932222,0.012179458106777785,25,2,9,14,27,23,0.9878205418932222
37,4,100,Z_only,5.812148283905625,0.34816602127296103,0.8192030445469225,0.8414018406148174,0.15859815938518262,97,3,0,0,100,0,
37,4,100,ZX_split,5.812148283905625,5.724585991836023,0.08756229206960153,0.9980844356319604,0.001915564368039635,49,1,10,40,50,50,
37,4,100,RL_adaptive,5.812148283905625,6.163792082696399,0.3516437987907741,0.9694038944863701,0.0305961055136299,50,3,21,26,53,47,0.9694038944863701
37,4,250,Z_only,5.812148283905625,0.47781889725220456,0.9488559205261655,0.7913066602779748,0.2086933397220252,236,14,0,0,250,0,
37,4,250,ZX_split,5.812148283905625,5.801995638121378,0.010152645784247127,0.9999742311672422,2.576883275784425e-05,119,6,33,92,125,125,
37,4,250,RL_adaptive,5.812148283905625,5.970678990564672,0.15853070665904756,0.9937301514236101,0.0062698485763899026,120,2,44,84,122,128,0.9937301514236101
37,4,500,Z_only,5.812148283905625,0.4601182373826622,0.9311552606566238,0.7984537517856638,0.2015462482143362,474,26,0,0,500,0,
37,4,500,ZX_split,5.812148283905625,5.82645800292902,0.014309719023395395,0.9999488088589027,5.119114109730649e-05,241,9,68,182,250,250,
37,4,500,RL_adaptive,5.812148283905625,5.78876699659312,0.023381287312504995,0.9998633350771234,0.0001366649228765615,271,21,56,152,292,208,0.9998633350771234
38,0,10,Z_only,0.1448937149755439,0.0,0.1448937149755439,0.9947606288324057,0.00523937116759432,10,0,0,0,10,0,
38,0,10,ZX_split,0.1448937149755439,0.19739555984988072,0.05250184487433682,0.9993110473479452,0.0006889526520548195,5,0,3,2,5,5,
38,0,10,RL_adaptive,0.1448937149755439,0.3217505543966422,0.17685683942109828,0.9922007753208918,0.007799224679108208,4,0,4,2,4,6,0.9922007753208918
38,0,25,Z_only,0.1448937149755439,0.0,0.1448937149755439,0.9947606288324057,0.00523937116759432,25,0,0,0,25,0,
38,0,25,ZX_split,0.1448937149755439,0.07677189126977799,0.06812182370576592,0.998840302860384,0.001159697139615945,12,0,7,6,12,13,
38,0,25,RL_adaptive,0.1448937149755439,0.2782996590051114,0.13340594402956749,0.9955573083277418,0.004442691672258192,11,0,9,5,11,14,0.9955573083277418
38,0,50,Z_only,0.1448937149755439,0.0,0.1448937149755439,0.9947606288324057,0.00523937116759432,50,0,0,0,50,0,
38,0,50,ZX_split,0.1448937149755439,5.937629726597874,0.4904492955572568,0.9410606597199149,0.05893934028008507,25,0,8,17,25,25,
38,0,50,RL_adaptive,0.1448937149755439,0.0,0.1448937149755439,0.9947606288324057,0.00523937116759432,25,1,12,12,26,24,0.9947606288324057
38,0,100,Z_only,0.1448937149755439,0.20033484232311968,0.05544112734757578,0.9992317671574846,0.0007682328425153706,99,1,0,0,100,0,
38,0,100,ZX_split,0.1448937149755439,0.28379410920832787,0.13890039423278397,0.9951844199720362,0.004815580027963784,49,1,32,18,50,50,
38,0,100,RL_adaptive,0.1448937149755439,0.08314123188844125,0.061752483087102655,0.9990469606234793,0.0009530393765206924,49,1,27,23,50,50,0.9990469606234793
38,0,250,Z_only,0.1448937149755439,0.17912481487888987,0.03423109990334597,0.9997070865537495,0.00029291344625048676,248,2,0,0,250,0,
38,0,250,ZX_split,0.1448937149755439,0.2160849722967864,0.07119125732124248,0.998733486267394,0.0012665137326060005,124,1,76,49,125,125,
38,0,250,RL_adaptive,0.1448937149755439,6.2145908037253115,0.21348821842981902,0.9886489061813226,0.011351093818677382,119,0,61,70,119,131,0.9886489061813226
38,0,500,Z_only,0.1448937149755439,0.17912481487888987,0.03423109990334597,0.9997070865537495,0.00029291344625048676,496,4,0,0,500,0,
38,0,500,ZX_split,0.1448937149755439,0.1704607124429239,0.025566997467380004,0.9998365910617285,0.00016340893827149205,247,3,146,104,250,250,
38,0,500,RL_adaptive,0.1448937149755439,0.170934533776809,0.026040818801265103,0.9998304785190835,0.00016952148091653463,289,1,123,87,290,210,0.9998304785190835
38,1,10,Z_only,0.1448937149755439,0.0,0.1448937149755439,0.9947606288324057,0.00523937116759432,10,0,0,0,10,0,
38,1,10,ZX_split,0.1448937149755439,6.085789747329706,0.3422892748254247,0.9709943761035448,0.029005623896455224,5,0,2,3,5,5,
38,1,10,RL_adaptive,0.1448937149755439,5.742765806909002,0.6853132152461283,0.8871104231377183,0.11288957686228174,5,0,1,4,5,5,0.8871104231377183
38,1,25,Z_only,0.1448937149755439,0.40271584158066176,0.25782212660511783,0.983473787364627,0.016526212635373017,24,1,0,0,25,0,
38,1,25,ZX_split,0.1448937149755439,0.43240777557053783,0.28751406059499396,0.979475886881625,0.020524113118374987,11,1,9,4,12,13,
38,1,25,RL_adaptive,0.1448937149755439,0.40489178628508343,0.25999807130953956,0.9831952369807618,0.016804763019238167,11,0,10,4,11,14,0.9831952369807618
38,1,50,Z_only,0.1448937149755439,0.0,0.1448937149755439,0.9947606288324057,0.00523937116759432,50,0,0,0,50,0,
38,1,50,ZX_split,0.1448937149755439,6.243206620056296,0.1848724020988346,0.9914798569100347,0.008520143089965293,25,0,12,13,25,25,
38,1,50,RL_adaptive,0.1448937149755439,0.24497866312686414,0.10008494815132024,0.9974978405118915,0.002502159488108502,26,0,15,9,26,24,0.9974978405118915
38,1,100,Z_only,0.1448937149755439,0.0,0.1448937149755439,0.9947606288324057,0.00523937116759432,100,0,0,0,100,0,
38,1,100,ZX_split,0.1448937149755439,6.163756381161248,0.2643226409938828,0.9826348430348868,0.017365156965113204,50,0,22,28,50,50,
38,1,100,RL_adaptive,0.1448937149755439,0.2730087030867106,0.1281149881111667,0.9959022469135783,0.004097753086421685,50,0,32,18,50,50,0.9959022469135783
38,1,250,Z_only,0.1448937149755439,0.25366173607545534,0.10876802109991143,0.9970452940867636,0.002954705913236433,246,4,0,0,250,0,
38,1,250,ZX_split,0.1448937149755439,0.1194289260183385,0.0254647889572054,0.9998378948909541,0.00016210510904590691,125,0,70,55,125,125,
38,1,250,RL_adaptive,0.1448937149755439,0.06053201978210708,0.08436169519343682,0.9982218310582932,0.0017781689417067925,118,0,70,62,118,132,0.9982218310582932
38,1,500,Z_only,0.1448937149755439,0.17912481487888987,0.03423109990334597,0.9997070865537495,0.00029291344625048676,496,4,0,0,500,0,
38,1,500,ZX_split,0.1448937149755439,0.04874185130993163,0.09615186366561226,0.9976904849249367,0.002309515075063273,248,2,131,119,250,250,
38,1,500,RL_adaptive,0.1448937149755439,0.15329986499626808,0.008406150020724173,0.9999823342644842,1.766573551575945e-05,288,2,121,89,290,210,0.9999823342644842
38,2,10,Z_only,0.1448937149755439,0.0,0.1448937149755439,0.9947606288324057,0.00523937116759432,10,0,0,0,10,0,
38,2,10,ZX_split,0.1448937149755439,0.5404195002705843,0.39552578529504034,0.961397055152037,0.038602944847963006,5,0,4,1,5,5,
38,2,10,RL_adaptive,0.1448937149755439,6.085789747329706,0.3422892748254247,0.9709943761035448,0.029005623896455224,5,0,2,3,5,5,0.9709943761035448
38,2,25,Z_only,0.1448937149755439,0.0,0.1448937149755439,0.9947606288324057,0.00523937116759432,25,0,0,0,25,0,
38,2,25,ZX_split,0.1448937149755439,6.013032107468181,0.41504691468694954,0.9575487019790969,0.04245129802090308,11,1,5,8,12,13,
38,2,25,RL_adaptive,0.1448937149755439,0.1418970546041639,0.0029966603713799944,0.9999977550083347,2.2449916653455304e-06,11,0,8,6,11,14,0.9999977550083347
38,2,50,Z_only,0.1448937149755439,0.283794109208328,0.13890039423278408,0.9951844199720362,0.004815580027963784,49,1,0,0,50,0,
38,2,50,ZX_split,0.1448937149755439,0.44610554894340365,0.3012118339678598,0.9774888331565257,0.022511166843474317,24,1,18,7,25,25,
38,2,50,RL_adaptive,0.1448937149755439,0.24497866312686414,0.10008494815132024,0.9974978405118915,0.002502159488108502,26,0,15,9,26,24,0.9974978405118915
38,2,100,Z_only,0.1448937149755439,0.20033484232311968,0.05544112734757578,0.9992317671574846,0.0007682328425153706,99,1,0,0,100,0,
38,2,100,ZX_split,0.1448937149755439,0.07982998571223733,0.06506372926330657,0.9989420510795466,0.001057948920453411,50,0,27,23,50,50,
38,2,100,RL_adaptive,0.1448937149755439,6.163756381161248,0.2643226409938828,0.9826348430348868,0.017365156965113204,50,0,22,28,50,50,0.9826348430348868
38,2,250,Z_only,0.1448937149755439,0.17912481487888987,0.03423109990334597,0.9997070865537495,0.00029291344625048676,248,2,0,0,250,0,
38,2,250,ZX_split,0.1448937149755439,0.24309542618184357,0.09820171120629967,0.9975910428263346,0.0024089571736654047,125,0,78,47,125,125,
38,2,250,RL_adaptive,0.1448937149755439,0.18288629997842545,0.03799258500288155,0.9996391842755484,0.0003608157244515686,117,1,78,54,118,132,0.9996391842755484
38,2,500,Z_only,0.1448937149755439,0.15507467296433847,0.010180957988794564,0.999974087247434,2.591275256602632e-05,497,3,0,0,500,0,
38,2,500,ZX_split,0.1448937149755439,0.2050759003827464,0.06018218540720249,0.9990947994012145,0.0009052005987855161,250,0,151,99,250,250,
38,2,500,RL_adaptive,0.1448937149755439,0.12402938098018287,0.02086433399536103,0.9998911738396727,0.00010882616032725778,289,1,118,92,290,210,0.9998911738396727
38,3,10,Z_only,0.1448937149755439,0.0,0.1448937149755439,0.9947606288324057,0.00523937116759432,10,0,0,0,10,0,
38,3,10,ZX_split,0.1448937149755439,6.085789747329706,0.3422892748254247,0.9709943761035448,0.029005623896455224,5,0,2,3,5,5,
38,3,10,RL_adaptive,0.1448937149755439,0.3217505543966422,0.17685683942109828,0.9922007753208918,0.007799224679108208,4,0,4,2,4,6,0.9922007753208918
38,3,25,Z_only,0.1448937149755439,0.0,0.1448937149755439,0.9947606288324057,0.00523937116759432,25,0,0,0,25,0,
38,3,25,ZX_split,0.1448937149755439,0.4939413689195813,0.34904765394403736,0.9698494220922128,0.03015057790778719,12,0,10,3,12,13,
38,3,25,RL_adaptive,0.1448937149755439,0.43240777557053783,0.28751406059499396,0.979475886881625,0.020524113118374987,11,1,9,4,12,13,0.979475886881625
38,3,50,Z_only,0.1448937149755439,0.283794109208328,0.13890039423278408,0.9951844199720362,0.004815580027963784,49,1,0,0,50,0,
38,3,50,ZX_split,0.1448937149755439,0.04345089539153089,0.10144281958401302,0.9974295440276566,0.0025704559723433995,24,1,13,12,25,25,
38,3,50,RL_adaptive,0.1448937149755439,0.16514867741462685,0.020254962439082952,0.999897437630686,0.00010256236931405205,26,0,14,10,26,24,0.999897437630686
38,3,100,Z_only,0.1448937149755439,0.20033484232311968,0.05544112734757578,0.9992317671574846,0.0007682328425153706,99,1,0,0,100,0,
38,3,100,ZX_split,0.1448937149755439,0.2730087030867106,0.1281149881111667,0.9959022469135783,0.004097753086421685,50,0,32,18,50,50,
38,3,100,RL_adaptive,0.1448937149755439,6.243206620056296,0.1848724020988346,0.9914798569100347,0.008520143089965293,50,0,24,26,50,50,0.9914798569100347
38,3,250,Z_only,0.1448937149755439,0.17912481487888987,0.03423109990334597,0.9997070865537495,0.00029291344625048676,248,2,0,0,250,0,
38,3,250,ZX_split,0.1448937149755439,0.21954383628938864,0.07465012131384474,0.9986074866918628,0.0013925133081371666,123,2,76,49,125,125,
38,3,250,RL_adaptive,0.1448937149755439,0.22899423420849843,0.08410051923295453,0.9982328176262689,0.00176718237373108,117,0,82,51,117,133,0.9982328176262689
38,3,500,Z_only,0.1448937149755439,0.20033484232311968,0.05544112734757578,0.9992317671574846,0.0007682328425153706,495,5,0,0,500,0,
38,3,500,ZX_split,0.1448937149755439,0.15865526218640139,0.013761547210857483,0.9999526557017704,4.734429822961239e-05,250,0,145,105,250,250,
38,3,500,RL_adaptive,0.1448937149755439,0.08609616049557427,0.058797554479969635,0.9991359608660765,0.000864039133923522,289,1,114,96,290,210,0.9991359608660765
38,4,10,Z_only,0.1448937149755439,0.0,0.1448937149755439,0.9947606288324057,0.00523937116759432,10,0,0,0,10,0,
38,4,10,ZX_split,0.1448937149755439,0.7853981633974483,0.6405044484219043,0.9008972007725856,0.09910279922741438,5,0,5,0,5,5,
38,4,10,RL_adaptive,0.1448937149755439,6.085789747329706,0.3422892748254247,0.9709943761035448,0.029005623896455224,5,0,2,3,5,5,0.9709943761035448
38,4,25,Z_only,0.1448937149755439,0.0,0.1448937149755439,0.9947606288324057,0.00523937116759432,25,0,0,0,25,0,
38,4,25,ZX_split,0.1448937149755439,0.2267988480538859,0.08190513307834199,0.9983238246532349,0.0016761753467651186,12,0,8,5,12,13,
38,4,25,RL_adaptive,0.1448937149755439,6.141288252575422,0.2867907695797083,0.9795783129839061,0.020421687016093926,11,0,6,8,11,14,0.9795783129839061
38,4,50,Z_only,0.1448937149755439,0.0,0.1448937149755439,0.9947606288324057,0.00523937116759432,50,0,0,0,50,0,
38,4,50,ZX_split,0.1448937149755439,0.03997868712329008,0.10491502785225382,0.9972507324242352,0.002749267575764769,25,0,13,12,25,25,
38,4,50,RL_adaptive,0.1448937149755439,0.16514867741462685,0.020254962439082952,0.999897437630686,0.00010256236931405205,26,0,14,10,26,24,0.999897437630686
38,4,100,Z_only,0.1448937149755439,0.283794109208328,0.13890039423278408,0.9951844199720362,0.004815580027963784,98,2,0,0,100,0,
38,4,100,ZX_split,0.1448937149755439,0.19739555984988072,0.05250184487433682,0.9993110473479452,0.0006889526520548195,50,0,30,20,50,50,
38,4,100,RL_adaptive,0.1448937149755439,0.0,0.1448937149755439,0.9947606288324057,0.00523937116759432,50,0,25,25,50,50,0.9947606288324057
38,4,250,Z_only,0.1448937149755439,0.2195295842499295,0.07463586927438559,0.9986080181055303,0.0013919818944696516,247,3,0,0,250,0,
38,4,250,ZX_split,0.1448937149755439,0.16644569354854336,0.021551978572999453,0.9998838825495961,0.00011611745040385202,125,0,73,52,125,125,
38,4,250,RL_adaptive,0.1448937149755439,0.10566558209985573,0.039228132875688174,0.9996153377295801,0.00038466227041988876,118,0,73,59,118,132,0.9996153377295801
38,4,500,Z_only,0.1448937149755439,0.12657558596272397,0.018318129012819928,0.9999161138830991,8.388611690091086e-05,498,2,0,0,500,0,
38,4,500,ZX_split,0.1448937149755439,0.14415438711315426,0.0007393278623896438,0.9999998633485843,1.3665141573859785e-07,249,1,143,107,250,250,
38,4,500,RL_adaptive,0.1448937149755439,0.1145753552377308,0.030318359737813105,0.9997702168679552,0.00022978313204480294,289,1,117,93,290,210,0.9997702168679552
39,0,10,Z_only,0.03569586122210578,0.0,0.03569586122210578,0.9996814851958759,0.0003185148041241481,10,0,0,0,10,0,
39,0,10,ZX_split,0.03569586122210578,0.19739555984988072,0.16169969862777495,0.993477532265757,0.0065224677342430315,5,0,3,2,5,5,
39,0,10,RL_adaptive,0.03569586122210578,0.0,0.03569586122210578,0.9996814851958759,0.0003185148041241481,4,0,3,3,4,6,0.9996814851958759
39,0,25,Z_only,0.03569586122210578,0.0,0.03569586122210578,0.9996814851958759,0.0003185148041241481,25,0,0,0,25,0,
39,0,25,ZX_split,0.03569586122210578,5.789243938260005,0.5296372301416872,0.9314952029978726,0.06850479700212742,12,0,3,10,12,13,
39,0,25,RL_adaptive,0.03569586122210578,6.141288252575422,0.17759291582626968,0.9921358907021618,0.007864109297838207,11,0,6,8,11,14,0.9921358907021618
39,0,50,Z_only,0.03569586122210578,0.0,0.03569586122210578,0.9996814851958759,0.0003185148041241481,50,0,0,0,50,0,
39,0,50,ZX_split,0.03569586122210578,0.1194289260183385,0.08373306479623271,0.998248217335895,0.0017517826641050283,25,0,14,11,25,25,
39,0,50,RL_adaptive,0.03569586122210578,0.0,0.03569586122210578,0.9996814851958759,0.0003185148041241481,26,0,12,12,26,24,0.9996814851958759
39,0,100,Z_only,0.03569586122210578,0.0,0.03569586122210578,0.9996814851958759,0.0003185148041241481,100,0,0,0,100,0,
39,0,100,ZX_split,0.03569586122210578,0.15865526218640139,0.12295940096429561,0.9962250062083113,0.0037749937916886633,50,0,29,21,50,50,
39,0,100,RL_adaptive,0.03569586122210578,6.163756381161248,0.1551247872404442,0.9939961292075669,0.006003870792433141,50,0,22,28,50,50,0.9939961292075669
39,0,250,Z_only,0.03569586122210578,0.0,0.03569586122210578,0.9996814851958759,0.0003185148041241481,250,0,0,0,250,0,
39,0,250,ZX_split,0.03569586122210578,0.055941571233561006,0.020245710011455226,0.9998975313066689,0.00010246869333108144,125,0,66,59,125,125,
39,0,250,RL_adaptive,0.03569586122210578,0.1355277139855008,0.09983185276339501,0.9975104689624774,0.0024895310375225854,118,0,75,57,118,132,0.9975104689624774
39,0,500,Z_only,0.03569586122210578,0.0,0.03569586122210578,0.9996814851958759,0.0003185148041241481,500,0,0,0,500,0,
39,0,500,ZX_split,0.03569586122210578,0.07187596955633493,0.036180108334229154,0.9996727856362071,0.0003272143637929048,250,0,134,116,250,250,
39,0,500,RL_adaptive,0.03569586122210578,0.0615335933490434,0.025837732126937622,0.9998331121843084,0.0001668878156916298,289,0,112,99,289,211,0.9998331121843084
39,1,10,Z_only,0.03569586122210578,0.0,0.03569586122210578,0.9996814851958759,0.0003185148041241481,10,0,0,0,10,0,
39,1,10,ZX_split,0.03569586122210578,6.085789747329706,0.2330914210719861,0.986478484501472,0.01352151549852798,5,0,2,3,5,5,
39,1,10,RL_adaptive,0.03569586122210578,0.3217505543966422,0.2860546931745364,0.9796822920572344,0.02031770794276555,4,0,4,2,4,6,0.9796822920572344
39,1,25,Z_only,0.03569586122210578,0.0,0.03569586122210578,0.9996814851958759,0.0003185148041241481,25,0,0,0,25,0,
39,1,25,ZX_split,0.03569586122210578,5.916011473361367,0.40286969504032477,0.9599698455581079,0.04003015444189206,12,0,4,9,12,13,
39,1,25,RL_adaptive,0.03569586122210578,6.085789747329706,0.2330914210719861,0.986478484501472,0.01352151549852798,10,0,6,9,10,15,0.986478484501472
39,1,50,Z_only,0.03569586122210578,0.0,0.03569586122210578,0.9996814851958759,0.0003185148041241481,50,0,0,0,50,0,
39,1,50,ZX_split,0.03569586122210578,0.1194289260183385,0.08373306479623271,0.998248217335895,0.0017517826641050283,25,0,14,11,25,25,
39,1,50,RL_adaptive,0.03569586122210578,0.0,0.03569586122210578,0.9996814851958759,0.0003185148041241481,26,0,12,12,26,24,0.9996814851958759
39,1,100,Z_only,0.03569586122210578,0.0,0.03569586122210578,0.9996814851958759,0.0003185148041241481,100,0,0,0,100,0,
39,1,100,ZX_split,0.03569586122210578,0.07982998571223733,0.04413412449013155,0.9995131238005412,0.00048687619945875227,50,0,27,23,50,50,
39,1,100,RL_adaptive,0.03569586122210578,6.203355321467349,0.11552584693434298,0.9966671538892017,0.0033328461107983154,50,0,23,27,50,50,0.9966671538892017
39,1,250,Z_only,0.03569586122210578,0.0,0.03569586122210578,0.9996814851958759,0.0003185148041241481,250,0,0,0,250,0,
39,1,250,ZX_split,0.03569586122210578,0.1508453616209397,0.11514950039883393,0.996688809268615,0.003311190731384972,125,0,72,53,125,125,
39,1,250,RL_adaptive,0.03569586122210578,0.07561314323682983,0.03991728201472405,0.9996017055398676,0.0003982944601323979,118,0,71,61,118,132,0.9996017055398676
39,1,500,Z_only,0.03569586122210578,0.08947256020449473,0.05377669898238895,0.9992771908798138,0.0007228091201861853,499,1,0,0,500,0,
39,1,500,ZX_split,0.03569586122210578,0.04796318687707674,0.012267325654970962,0.9999623786521168,3.762134788320992e-05,250,0,131,119,250,250,
39,1,500,RL_adaptive,0.03569586122210578,0.07097065105602605,0.035274789833920274,0.9996889545556505,0.0003110454443494559,289,0,113,98,289,211,0.9996889545556505
39,2,10,Z_only,0.03569586122210578,0.0,0.03569586122210578,0.9996814851958759,0.0003185148041241481,10,0,0,0,10,0,
39,2,10,ZX_split,0.03569586122210578,0.19739555984988072,0.16169969862777495,0.993477532265757,0.0065224677342430315,5,0,3,2,5,5,
39,2,10,RL_adaptive,0.03569586122210578,5.497787143782138,0.8210940246195539,0.8407104538185937,0.15928954618140634,6,0,0,4,6,4,0.8407104538185937
39,2,25,Z_only,0.03569586122210578,0.0,0.03569586122210578,0.9996814851958759,0.0003185148041241481,25,0,0,0,25,0,
39,2,25,ZX_split,0.03569586122210578,0.4939413689195813,0.4582455076974755,0.948415010764445,0.05158498923555499,12,0,10,3,12,13,
39,2,25,RL_adaptive,0.03569586122210578,0.0,0.03569586122210578,0.9996814851958759,0.0003185148041241481,11,0,7,7,11,14,0.9996814851958759
39,2,50,Z_only,0.03569586122210578,0.0,0.03569586122210578,0.9996814851958759,0.0003185148041241481,50,0,0,0,50,0,
39,2,50,ZX_split,0.03569586122210578,6.085789747329706,0.2330914210719861,0.986478484501472,0.01352151549852798,25,0,10,15,25,25,
39,2,50,RL_adaptive,0.03569586122210578,0.16514867741462685,0.12945281619252108,0.9958163394865789,0.004183660513421117,26,0,14,10,26,24,0.9958163394865789
39,2,100,Z_only,0.03569586122210578,0.0,0.03569586122210578,0.9996814851958759,0.0003185148041241481,100,0,0,0,100,0,
39,2,100,ZX_split,0.03569586122210578,0.03997868712329008,0.004282825901184298,0.9999954143575845,4.58564241545556e-06,50,0,26,24,50,50,
39,2,100,RL_adaptive,0.03569586122210578,0.15865526218640139,0.12295940096429561,0.9962250062083113,0.0037749937916886633,50,0,29,21,50,50,0.9962250062083113
39,2,250,Z_only,0.03569586122210578,0.12657558596272397,0.0908797247406182,0.9979366396235748,0.002063360376425183,249,1,0,0,250,0,
39,2,250,ZX_split,0.03569586122210578,0.24309542618184357,0.2073995649597378,0.9892848468461333,0.01071515315386673,125,0,78,47,125,125,
39,2,250,RL_adaptive,0.03569586122210578,6.2145908037253115,0.10429036467638042,0.9972833436035065,0.002716656396493544,119,0,61,70,119,131,0.9972833436035065
39,2,500,Z_only,0.03569586122210578,0.0,0.03569586122210578,0.9996814851958759,0.0003185148041241481,500,0,0,0,500,0,
39,2,500,ZX_split,0.03569586122210578,6.148014608530577,0.170866559871115,0.9927188951213559,0.007281104878644085,250,0,108,142,250,250,
39,2,500,RL_adaptive,0.03569586122210578,6.21221465612356,0.10666651227813162,0.997158259706095,0.0028417402939050485,289,0,98,113,289,211,0.997158259706095
39,3,10,Z_only,0.03569586122210578,0.0,0.03569586122210578,0.9996814851958759,0.0003185148041241481,10,0,0,0,10,0,
39,3,10,ZX_split,0.03569586122210578,6.085789747329706,0.2330914210719861,0.986478484501472,0.01352151549852798,5,0,2,3,5,5,
39,3,10,RL_adaptive,0.03569586122210578,5.742765806909002,0.5761153614926897,0.9192926040859161,0.08070739591408393,5,0,1,4,5,5,0.9192926040859161
39,3,25,Z_only,0.03569586122210578,0.0,0.03569586122210578,0.9996814851958759,0.0003185148041241481,25,0,0,0,25,0,
39,3,25,ZX_split,0.03569586122210578,6.206413415909808,0.11246775249188357,0.9968410830298257,0.0031589169701743414,12,0,6,7,12,13,
39,3,25,RL_adaptive,0.03569586122210578,6.141288252575422,0.17759291582626968,0.9921358907021618,0.007864109297838207,11,0,6,8,11,14,0.9921358907021618
39,3,50,Z_only,0.03569586122210578,0.0,0.03569586122210578,0.9996814851958759,0.0003185148041241481,50,0,0,0,50,0,
39,3,50,ZX_split,0.03569586122210578,0.03997868712329008,0.004282825901184298,0.9999954143575845,4.58564241545556e-06,25,0,13,12,25,25,
39,3,50,RL_adaptive,0.03569586122210578,0.0831412318884412,0.047445370666335425,0.9994373397611107,0.0005626602388892898,26,0,13,11,26,24,0.9994373397611107
39,3,100,Z_only,0.03569586122210578,0.0,0.03569586122210578,0.9996814851958759,0.0003185148041241481,100,0,0,0,100,0,
39,3,100,ZX_split,0.03569586122210578,0.23554498072086333,0.19984911949875755,0.9900482710068841,0.009951728993115916,50,0,31,19,50,50,
39,3,100,RL_adaptive,0.03569586122210578,0.1194289260183385,0.08373306479623271,0.998248217335895,0.0017517826641050283,50,0,28,22,50,50,0.998248217335895
39,3,250,Z_only,0.03569586122210578,0.0,0.03569586122210578,0.9996814851958759,0.0003185148041241481,250,0,0,0,250,0,
39,3,250,ZX_split,0.03569586122210578,0.16644569354854336,0.13074983232643758,0.9957322055505305,0.004267794449469453,125,0,73,52,125,125,
39,3,250,RL_adaptive,0.03569586122210578,0.06053201978210708,0.0248361585600013,0.9998457992336065,0.00015420076639349745,118,0,70,62,118,132,0.9998457992336065
39,3,500,Z_only,0.03569586122210578,0.08947256020449473,0.05377669898238895,0.9992771908798138,0.0007228091201861853,499,1,0,0,500,0,
39,3,500,ZX_split,0.03569586122210578,6.2272437359460255,0.09163743245566636,0.9979021139288726,0.002097886071127375,250,0,118,132,250,250,
39,3,500,RL_adaptive,0.03569586122210578,0.09919938926892022,0.06350352804681444,0.9989921642411486,0.0010078357588514386,289,0,116,95,289,211,0.9989921642411486
39,4,10,Z_only,0.03569586122210578,0.0,0.03569586122210578,0.9996814851958759,0.0003185148041241481,10,0,0,0,10,0,
39,4,10,ZX_split,0.03569586122210578,5.742765806909002,0.5761153614926897,0.9192926040859161,0.08070739591408393,5,0,1,4,5,5,
39,4,10,RL_adaptive,0.03569586122210578,0.0,0.03569586122210578,0.9996814851958759,0.0003185148041241481,4,0,3,3,4,6,0.9996814851958759
39,4,25,Z_only,0.03569586122210578,0.0,0.03569586122210578,0.9996814851958759,0.0003185148041241481,25,0,0,0,25,0,
39,4,25,ZX_split,0.03569586122210578,5.916011473361367,0.40286969504032477,0.9599698455581079,0.04003015444189206,12,0,4,9,12,13,
39,4,25,RL_adaptive,0.03569586122210578,0.2782996590051114,0.24260379778300561,0.985357876630485,0.014642123369514981,11,0,9,5,11,14,0.985357876630485
39,4,50,Z_only,0.03569586122210578,0.0,0.03569586122210578,0.9996814851958759,0.0003185148041241481,50,0,0,0,50,0,
39,4,50,ZX_split,0.03569586122210578,0.19739555984988072,0.16169969862777495,0.993477532265757,0.0065224677342430315,25,0,15,10,25,25,
39,4,50,RL_adaptive,0.03569586122210578,0.0,0.03569586122210578,0.9996814851958759,0.0003185148041241481,26,0,12,12,26,24,0.9996814851958759
39,4,100,Z_only,0.03569586122210578,0.0,0.03569586122210578,0.9996814851958759,0.0003185148041241481,100,0,0,0,100,0,
39,4,100,ZX_split,0.03569586122210578,6.203355321467349,0.11552584693434298,0.9966671538892017,0.0033328461107983154,50,0,23,27,50,50,
39,4,100,RL_adaptive,0.03569586122210578,6.010176604092876,0.3087045643088162,0.9763639772699145,0.02363602273008547,50,0,18,32,50,50,0.9763639772699145
39,4,250,Z_only,0.03569586122210578,0.0,0.03569586122210578,0.9996814851958759,0.0003185148041241481,250,0,0,0,250,0,
39,4,250,ZX_split,0.03569586122210578,0.1508453616209397,0.11514950039883393,0.996688809268615,0.003311190731384972,125,0,72,53,125,125,
39,4,250,RL_adaptive,0.03569586122210578,0.10566558209985573,0.06996972087774994,0.9987765588020073,0.0012234411979926696,118,0,73,59,118,132,0.9987765588020073
39,4,500,Z_only,0.03569586122210578,0.0,0.03569586122210578,0.9996814851958759,0.0003185148041241481,500,0,0,0,500,0,
39,4,500,ZX_split,0.03569586122210578,6.251196223140271,0.06768494526142099,0.9988551242267278,0.0011448757732721582,250,0,121,129,250,250,
39,4,500,RL_adaptive,0.03569586122210578,0.052085549214178614,0.016389687992072834,0.9999328460351528,6.715396484724412e-05,289,0,111,100,289,211,0.9999328460351528
40,0,10,Z_only,0.9321088893058458,0.9272952180016121,0.004813671304233713,0.9999942071533294,5.79284667057145e-06,8,2,0,0,10,0,
40,0,10,ZX_split,0.9321088893058458,0.7853981633974483,0.1467107259083975,0.9946286355572982,0.005371364442701809,5,0,5,0,5,5,
40,0,10,RL_adaptive,0.9321088893058458,0.5880026035475675,0.3441062857582783,0.9706886639614739,0.029311336038526092,4,0,5,1,4,6,0.9706886639614739
40,0,25,Z_only,0.9321088893058458,0.7074832117793429,0.22462567752650286,0.9874387762497773,0.012561223750222728,22,3,0,0,25,0,
40,0,25,ZX_split,0.9321088893058458,0.9453112865556675,0.013202397249821751,0.9999564248096615,4.3575190338485115e-05,9,3,11,2,12,13,
40,0,25,RL_adaptive,0.9321088893058458,0.8685393952858895,0.06356949401995626,0.9989900700269408,0.0010099299730591538,12,1,12,0,13,12,0.9989900700269408
40,0,50,Z_only,0.9321088893058458,1.1151976533990733,0.1830887640932275,0.9916430101953143,0.008356989804685688,36,14,0,0,50,0,
40,0,50,ZX_split,0.9321088893058458,0.8902751021276823,0.04183378717816344,0.9995625473657388,0.00043745263426120395,21,4,23,2,25,25,
40,0,50,RL_adaptive,0.9321088893058458,0.8652281491096857,0.06688074019616008,0.9988821584194724,0.0011178415805276343,22,5,20,3,27,23,0.9988821584194724
40,0,100,Z_only,0.9321088893058458,0.8499775659248071,0.08213132338103868,0.9983145591855961,0.0016854408144039157,83,17,0,0,100,0,
40,0,100,ZX_split,0.9321088893058458,0.8850668158886102,0.04704207341723554,0.999446862849152,0.0005531371508480376,43,7,47,3,50,50,
40,0,100,RL_adaptive,0.9321088893058458,1.0268657876357088,0.094756898329863,0.9977569616375837,0.0022430383624163497,48,13,38,1,61,39,0.9977569616375837
40,0,250,Z_only,0.9321088893058458,0.9764105267938343,0.04430163748798854,0.9995094214723974,0.000490578527602592,195,55,0,0,250,0,
40,0,250,ZX_split,0.9321088893058458,0.8421553212195417,0.08995356808630406,0.9979784525857169,0.0020215474142830647,104,21,109,16,125,125,
40,0,250,RL_adaptive,0.9321088893058458,0.9596742851754927,0.027565395869646903,0.9998100492659499,0.00018995073405014828,95,26,117,12,121,129,0.9998100492659499
40,0,500,Z_only,0.9321088893058458,0.8969451631747671,0.035163726131078654,0.9996909099419502,0.00030909005804979905,406,94,0,0,500,0,
40,0,500,ZX_split,0.9321088893058458,0.9917220574271658,0.059613168121320004,0.999111830619545,0.000888169380454995,193,57,229,21,250,250,
40,0,500,RL_adaptive,0.9321088893058458,0.91823066209096,0.013878227214885741,0.9999518494751874,4.815052481255133e-05,234,55,191,20,289,211,0.9999518494751874
40,1,10,Z_only,0.9321088893058458,0.6435011087932843,0.28860778051256153,0.9793205274871924,0.02067947251280755,9,1,0,0,10,0,
40,1,10,ZX_split,0.9321088893058458,0.7853981633974483,0.1467107259083975,0.9946286355572982,0.005371364442701809,5,0,5,0,5,5,
40,1,10,RL_adaptive,0.9321088893058458,0.7853981633974483,0.1467107259083975,0.9946286355572982,0.005371364442701809,4,1,4,1,5,5,0.9946286355572982
40,1,25,Z_only,0.9321088893058458,0.9272952180016121,0.004813671304233713,0.9999942071533294,5.79284667057145e-06,20,5,0,0,25,0,
40,1,25,ZX_split,0.9321088893058458,0.8760580505981934,0.05605083870765237,0.9992147814788638,0.0007852185211362217,11,1,13,0,12,13,
40,1,25,RL_adaptive,0.9321088893058458,1.2348287208687656,0.3027198315629198,0.9772645956950659,0.022735404304934148,9,5,10,1,14,11,0.9772645956950659
40,1,50,Z_only,0.9321088893058458,1.0239453760989525,0.09183648679310674,0.9978929964099345,0.002107003590065548,38,12,0,0,50,0,
40,1,50,ZX_split,0.9321088893058458,1.0882830317724197,0.1561741424665739,0.9939147927719223,0.006085207228077705,18,7,23,2,25,25,
40,1,50,RL_adaptive,0.9321088893058458,0.9787560601285419,0.046647170822696093,0.9994561089979799,0.0005438910020201249,21,6,21,2,27,23,0.9994561089979799
40,1,100,Z_only,0.9321088893058458,0.9272952180016121,0.004813671304233713,0.9999942071533294,5.79284667057145e-06,80,20,0,0,100,0,
40,1,100,ZX_split,0.9321088893058458,0.9707461133931431,0.038637224087297306,0.9996268376546592,0.00037316234534079396,38,12,44,6,50,50,
40,1,100,RL_adaptive,0.9321088893058458,0.8029402234548507,0.12916866585099507,0.9958346601748274,0.0041653398251726426,49,9,36,6,58,42,0.9958346601748274
40,1,250,Z_only,0.9321088893058458,0.93725816054529,0.0051492712394441975,0.9999933712660726,6.628733927427355e-06,199,51,0,0,250,0,
40,1,250,ZX_split,0.9321088893058458,0.9580796550154537,0.02597076570960788,0.999831389309488,0.0001686106905119944,98,27,113,12,125,125,
40,1,250,RL_adaptive,0.9321088893058458,0.9651493753523073,0.03304048604646148,0.9997271063977063,0.00027289360229365567,94,28,114,14,122,128,0.9997271063977063
40,1,500,Z_only,0.9321088893058458,0.9569693883582626,0.02486049905241683,0.9998454968544459,0.00015450314555409683,394,106,0,0,500,0,
40,1,500,ZX_split,0.9321088893058458,0.9738852729456413,0.04177638363979552,0.999563746896183,0.0004362531038170081,195,55,228,22,250,250,
40,1,500,RL_adaptive,0.9321088893058458,0.912862226886363,0.019246662419482807,0.9999073943551705,9.260564482949096e-05,235,54,191,20,289,211,0.9999073943551705
40,2,10,Z_only,0.9321088893058458,0.6435011087932843,0.28860778051256153,0.9793205274871924,0.02067947251280755,9,1,0,0,10,0,
40,2,10,ZX_split,0.9321088893058458,0.5404195002705843,0.3916893890352615,0.9621327270808718,0.03786727291912817,5,0,4,1,5,5,
40,2,10,RL_adaptive,0.9321088893058458,1.0303768265243125,0.09826793721846672,0.9975877952051911,0.0024122047948088587,4,1,5,0,5,5,0.9975877952051911
40,2,25,Z_only,0.9321088893058458,1.0239453760989525,0.09183648679310674,0.9978929964099345,0.002107003590065548,19,6,0,0,25,0,
40,2,25,ZX_split,0.9321088893058458,0.804263849419119,0.1278450398867268,0.9959194737861231,0.004080526213876889,10,2,11,2,12,13,
40,2,25,RL_adaptive,0.9321088893058458,0.6932231258409866,0.23888576346485924,0.9858011143894531,0.01419888561054694,11,1,11,2,12,13,0.9858011143894531
40,2,50,Z_only,0.9321088893058458,1.0239453760989525,0.09183648679310674,0.9978929964099345,0.002107003590065548,38,12,0,0,50,0,
40,2,50,ZX_split,0.9321088893058458,0.7853981633974483,0.1467107259083975,0.9946286355572982,0.005371364442701809,20,5,20,5,25,25,
40,2,50,RL_adaptive,0.9321088893058458,1.1511002075997223,0.21899131829387652,0.9880585385319495,0.01194146146805053,19,8,22,1,27,23,0.9880585385319495
40,2,100,Z_only,0.9321088893058458,0.9764105267938343,0.04430163748798854,0.9995094214723974,0.000490578527602592,78,22,0,0,100,0,
40,2,100,ZX_split,0.9321088893058458,0.866302262552679,0.06580662675316684,0.9989177626069345,0.001082237393065455,42,8,45,5,50,50,
40,2,100,RL_adaptive,0.9321088893058458,0.982793723247329,0.050684833941483265,0.9993578993802328,0.0006421006197672163,46,14,36,4,60,40,0.9993578993802328
40,2,250,Z_only,0.9321088893058458,0.9071415449281128,0.02496734437773296,0.9998441660240965,0.00015583397590346326,202,48,0,0,250,0,
40,2,250,ZX_split,0.9321088893058458,0.8374344782066646,0.09467441109918118,0.9977608622154527,0.002239137784547318,108,17,113,12,125,125,
40,2,250,RL_adaptive,0.9321088893058458,0.9506075637181988,0.018498674412352978,0.9999144522008331,8.554779916691846e-05,95,26,116,13,121,129,0.9999144522008331
40,2,500,Z_only,0.9321088893058458,1.0003592173949747,0.0682503280891289,0.9988359251496548,0.001164074850345198,385,115,0,0,500,0,
40,2,500,ZX_split,0.9321088893058458,0.9179496956941223,0.014159193611723464,0.9999498801464222,5.011985357783466e-05,203,47,227,23,250,250,
40,2,500,RL_adaptive,0.9321088893058458,0.8747303240050792,0.05737856530076657,0.9991771508536776,0.0008228491463223575,228,60,180,32,288,212,0.9991771508536776
40,3,10,Z_only,0.9321088893058458,1.369438406004566,0.4373295166987201,0.9529429499945263,0.047057050005473666,6,4,0,0,10,0,
40,3,10,ZX_split,0.9321088893058458,1.0303768265243125,0.09826793721846672,0.9975877952051911,0.0024122047948088587,4,1,5,0,5,5,
40,3,10,RL_adaptive,0.9321088893058458,0.7853981633974483,0.1467107259083975,0.9946286355572982,0.005371364442701809,4,1,4,1,5,5,0.9946286355572982
40,3,25,Z_only,0.9321088893058458,0.9272952180016121,0.004813671304233713,0.9999942071533294,5.79284667057145e-06,20,5,0,0,25,0,
40,3,25,ZX_split,0.9321088893058458,0.982793723247329,0.050684833941483265,0.9993578993802328,0.0006421006197672163,10,2,13,0,12,13,
40,3,25,RL_adaptive,0.9321088893058458,0.8775732009539101,0.054535688351935674,0.9992566489373204,0.0007433510626796425,11,2,11,1,13,12,0.9992566489373204
40,3,50,Z_only,0.9321088893058458,0.9764105267938343,0.04430163748798854,0.9995094214723974,0.000490578527602592,39,11,0,0,50,0,
40,3,50,ZX_split,0.9321088893058458,1.0882830317724197,0.1561741424665739,0.9939147927719223,0.006085207228077705,18,7,23,2,25,25,
40,3,50,RL_adaptive,0.9321088893058458,0.8652281491096856,0.0668807401961602,0.9988821584194724,0.0011178415805276343,23,4,21,2,27,23,0.9988821584194724
40,3,100,Z_only,0.9321088893058458,0.9520676361226454,0.019958746816799655,0.999900415412248,9.958458775205514e-05,79,21,0,0,100,0,
40,3,100,ZX_split,0.9321088893058458,0.906750163968212,0.025358725337633836,0.9998392423773887,0.0001607576226112517,43,7,48,2,50,50,
40,3,100,RL_adaptive,0.9321088893058458,0.9712731973534142,0.03916430804756843,0.9996165882553333,0.00038341174466671735,46,15,34,5,61,39,0.9996165882553333
40,3,250,Z_only,0.9321088893058458,0.9860354579615146,0.053926568655668805,0.999273157466576,0.0007268425334240325,194,56,0,0,250,0,
40,3,250,ZX_split,0.9321088893058458,0.9317134514024786,0.00039543790336715734,0.9999999609072167,3.9092783343797066e-08,103,22,117,8,125,125,
40,3,250,RL_adaptive,0.9321088893058458,0.918024065871544,0.01408482343430184,0.9999504052571074,4.9594742892566934e-05,96,25,114,15,121,129,0.9999504052571074
40,3,500,Z_only,0.9321088893058458,0.9715745586582465,0.0394656693524007,0.9996106657731828,0.0003893342268171951,391,109,0,0,500,0,
40,3,500,ZX_split,0.9321088893058458,0.9090248259535487,0.02308406335229707,0.9998667874204042,0.00013321257959575394,199,51,220,30,250,250,
40,3,500,RL_adaptive,0.9321088893058458,0.9672769585281619,0.03516806922231608,0.9996908335933372,0.0003091664066627864,229,60,195,16,289,211,0.9996908335933372
40,4,10,Z_only,0.9321088893058458,0.0,0.9321088893058458,0.7980710632062726,0.20192893679372736,10,0,0,0,10,0,
40,4,10,ZX_split,0.9321088893058458,1.7681918866447774,0.8360829973389317,0.8351872335303654,0.1648127664696346,2,3,5,0,5,5,
40,4,10,RL_adaptive,0.9321088893058458,0.5880026035475675,0.3441062857582783,0.9706886639614739,0.029311336038526092,4,0,5,1,4,6,0.9706886639614739
40,4,25,Z_only,0.9321088893058458,0.9272952180016121,0.004813671304233713,0.9999942071533294,5.79284667057145e-06,20,5,0,0,25,0,
40,4,25,ZX_split,0.9321088893058458,0.7022569315090071,0.22985195779683865,0.9868500673152151,0.013149932684784926,12,0,12,1,12,13,
40,4,25,RL_adaptive,0.9321088893058458,0.9611364600828151,0.02902757077696927,0.9997893648244177,0.0002106351755822855,11,3,10,1,14,11,0.9997893648244177
40,4,50,Z_only,0.9321088893058458,1.0239453760989525,0.09183648679310674,0.9978929964099345,0.002107003590065548,38,12,0,0,50,0,
40,4,50,ZX_split,0.9321088893058458,1.0563450137358688,0.12423612443002297,0.9961463068632591,0.0038536931367408878,19,6,24,1,25,25,
40,4,50,RL_adaptive,0.9321088893058458,0.9787560601285419,0.046647170822696093,0.9994561089979799,0.0005438910020201249,21,6,21,2,27,23,0.9994561089979799
40,4,100,Z_only,0.9321088893058458,0.9272952180016121,0.004813671304233713,0.9999942071533294,5.79284667057145e-06,80,20,0,0,100,0,
40,4,100,ZX_split,0.9321088893058458,0.8621700546672264,0.06993883463861938,0.9987776382333954,0.0012223617666046183,43,7,46,4,50,50,
40,4,100,RL_adaptive,0.9321088893058458,0.8875506919768813,0.04455819732896449,0.9995037238810967,0.0004962761189033493,50,9,38,3,59,41,0.9995037238810967
40,4,250,Z_only,0.9321088893058458,0.8658407443149329,0.06626814499091294,0.9989025349515329,0.0010974650484670834,206,44,0,0,250,0,
40,4,250,ZX_split,0.9321088893058458,0.8896697753251035,0.04243911398074229,0.9995497979779792,0.00045020202202084025,101,24,110,15,125,125,
40,4,250,RL_adaptive,0.9321088893058458,0.9072406004173653,0.024868288888480472,0.9998454000196481,0.00015459998035194378,99,22,117,12,121,129,0.9998454000196481
40,4,500,Z_only,0.9321088893058458,0.8762980611683407,0.05581082813750504,0.9992214899755284,0.0007785100244716014,410,90,0,0,500,0,
40,4,500,ZX_split,0.9321088893058458,0.9621070194674849,0.029998130161639103,0.9997750449169887,0.0002249550830113467,194,56,224,26,250,250,
40,4,500,RL_adaptive,0.9321088893058458,0.9261847582100176,0.005924131095828233,0.9999912261933501,8.773806649875482e-06,222,65,184,29,287,213,0.9999912261933501
41,0,10,Z_only,0.4070381651933771,0.0,0.4070381651933771,0.959148706684956,0.040851293315044,10,0,0,0,10,0,
41,0,10,ZX_split,0.4070381651933771,0.19739555984988072,0.20964260534349638,0.9890526773572295,0.01094732264277054,5,0,3,2,5,5,
41,0,10,RL_adaptive,0.4070381651933771,0.7853981633974483,0.3783599982040712,0.9646358483345758,0.03536415166542417,4,1,4,1,5,5,0.9646358483345758
41,0,25,Z_only,0.4070381651933771,0.40271584158066176,0.00432232361271534,0.9999953293869184,4.670613081625419e-06,24,1,0,0,25,0,
41,0,25,ZX_split,0.4070381651933771,0.4939413689195813,0.08690320372620419,0.9981131462302721,0.0018868537697278587,12,0,10,3,12,13,
41,0,25,RL_adaptive,0.4070381651933771,0.6202494859828214,0.21321132078944427,0.9886782206286583,0.011321779371341711,11,0,12,2,11,14,0.9886782206286583
41,0,50,Z_only,0.4070381651933771,0.40271584158066176,0.00432232361271534,0.9999953293869184,4.670613081625419e-06,48,2,0,0,50,0,
41,0,50,ZX_split,0.4070381651933771,0.5144513130590278,0.1074131478656507,0.9971183760969876,0.002881623903012387,24,1,19,6,25,25,
41,0,50,RL_adaptive,0.4070381651933771,0.16514867741462685,0.24188948777875025,0.985443552497108,0.014556447502891978,26,0,14,10,26,24,0.985443552497108
41,0,100,Z_only,0.4070381651933771,0.34816602127296103,0.058872143920416065,0.9991337679025195,0.0008662320974804905,97,3,0,0,100,0,
41,0,100,ZX_split,0.4070381651933771,0.4636476090008061,0.056609443807428994,0.999199056646097,0.0008009433539030164,49,1,37,13,50,50,
41,0,100,RL_adaptive,0.4070381651933771,0.450184530185423,0.04314636499204588,0.9995346699922499,0.0004653300077500644,51,2,34,13,53,47,0.9995346699922499
41,0,250,Z_only,0.4070381651933771,0.3110916017919615,0.09594656340141561,0.9977003292366997,0.0022996707633002877,244,6,0,0,250,0,
41,0,250,ZX_split,0.4070381651933771,0.417417227252464,0.010379062059086896,0.999973069009456,2.6930990543960753e-05,120,5,88,37,125,125,
41,0,250,RL_adaptive,0.4070381651933771,0.4135371040317942,0.006498938838417123,0.9999894409856581,1.0559014341882111e-05,114,4,93,39,118,132,0.9999894409856581
41,0,500,Z_only,0.4070381651933771,0.3597069995849567,0.04733116560842038,0.999440044738393,0.0005599552616070147,484,16,0,0,500,0,
41,0,500,ZX_split,0.4070381651933771,0.420663349133035,0.013625183939657892,0.9999535893086546,4.641069134536657e-05,239,11,176,74,250,250,
41,0,500,RL_adaptive,0.4070381651933771,0.5041349358926004,0.09709677069922329,0.9976449054291622,0.0023550945708378235,278,13,157,52,291,209,0.9976449054291622
41,1,10,Z_only,0.4070381651933771,0.6435011087932843,0.23646294359990716,0.9860863323046822,0.013913667695317766,9,1,0,0,10,0,
41,1,10,ZX_split,0.4070381651933771,0.5404195002705843,0.13338133507720717,0.9955589448033049,0.004441055196695132,5,0,4,1,5,5,
41,1,10,RL_adaptive,0.4070381651933771,0.5880026035475675,0.1809644383541904,0.9918352861354665,0.008164713864533546,4,0,5,1,4,6,0.9918352861354665
41,1,25,Z_only,0.4070381651933771,0.40271584158066176,0.00432232361271534,0.9999953293869184,4.670613081625419e-06,24,1,0,0,25,0,
41,1,25,ZX_split,0.4070381651933771,0.5736666681681609,0.16662850297478382,0.9930747810268367,0.0069252189731633385,11,1,10,3,12,13,
41,1,25,RL_adaptive,0.4070381651933771,6.141288252575422,0.5489352197975412,0.9265402928450294,0.07345970715497063,11,0,6,8,11,14,0.9265402928450294
41,1,50,Z_only,0.4070381651933771,0.40271584158066176,0.00432232361271534,0.9999953293869184,4.670613081625419e-06,48,2,0,0,50,0,
41,1,50,ZX_split,0.4070381651933771,0.6202494859828215,0.21321132078944438,0.9886782206286583,0.011321779371341711,23,2,20,5,25,25,
41,1,50,RL_adaptive,0.4070381651933771,0.3217505543966422,0.08528761079673491,0.9981826079008868,0.0018173920991132464,26,0,16,8,26,24,0.9981826079008868
41,1,100,Z_only,0.4070381651933771,0.45102681179626264,0.04398864660288554,0.9995163277422511,0.00048367225774892386,95,5,0,0,100,0,
41,1,100,ZX_split,0.4070381651933771,0.44610554894340365,0.03906738375002655,0.9996184834099096,0.00038151659009044714,48,2,36,14,50,50,
41,1,100,RL_adaptive,0.4070381651933771,0.4795192919925962,0.07248112679921909,0.9986871964514364,0.001312803548563557,50,0,38,12,50,50,0.9986871964514364
41,1,250,Z_only,0.4070381651933771,0.40271584158066176,0.00432232361271534,0.9999953293869184,4.670613081625419e-06,240,10,0,0,250,0,
41,1,250,ZX_split,0.4070381651933771,0.46731059628104066,0.06027243108766356,0.9990920834166643,0.0009079165833356662,117,8,90,35,125,125,
41,1,250,RL_adaptive,0.4070381651933771,0.5244913235118402,0.11745315831846315,0.9965551518435405,0.0034448481564595124,114,3,103,30,117,133,0.9965551518435405
41,1,500,Z_only,0.4070381651933771,0.40271584158066176,0.00432232361271534,0.9999953293869184,4.670613081625419e-06,480,20,0,0,500,0,
41,1,500,ZX_split,0.4070381651933771,0.4165809456847953,0.009542780491418212,0.999977234007889,2.2765992111040134e-05,238,12,175,75,250,250,
41,1,500,RL_adaptive,0.4070381651933771,0.4084807835727538,0.0014426183793767033,0.9999994797131431,5.202868569309516e-07,279,12,146,63,291,209,0.9999994797131431
41,2,10,Z_only,0.4070381651933771,0.0,0.4070381651933771,0.959148706684956,0.040851293315044,10,0,0,0,10,0,
41,2,10,ZX_split,0.4070381651933771,6.085789747329706,0.6044337250432577,0.9114120207302632,0.08858797926973683,5,0,2,3,5,5,
41,2,10,RL_adaptive,0.4070381651933771,0.5880026035475675,0.1809644383541904,0.9918352861354665,0.008164713864533546,4,0,5,1,4,6,0.9918352861354665
41,2,25,Z_only,0.4070381651933771,0.0,0.4070381651933771,0.959148706684956,0.040851293315044,25,0,0,0,25,0,
41,2,25,ZX_split,0.4070381651933771,0.0920468488634067,0.3149913163299704,0.9753995346111057,0.024600465388894266,11,1,7,6,12,13,
41,2,25,RL_adaptive,0.4070381651933771,0.0920468488634067,0.3149913163299704,0.9753995346111057,0.024600465388894266,11,1,7,6,12,13,0.9753995346111057
41,2,50,Z_only,0.4070381651933771,0.283794109208328,0.12324405598504912,0.9962075296640261,0.003792470335973852,49,1,0,0,50,0,
41,2,50,ZX_split,0.4070381651933771,0.1194289260183385,0.2876092391750386,0.9794623898525987,0.020537610147401297,25,0,14,11,25,25,
41,2,50,RL_adaptive,0.4070381651933771,0.5880026035475675,0.1809644383541904,0.9918352861354665,0.008164713864533546,26,0,20,4,26,24,0.9918352861354665
41,2,100,Z_only,0.4070381651933771,0.5735131044230967,0.16647493922971957,0.9930875101390146,0.00691248986098536,92,8,0,0,100,0,
41,2,100,ZX_split,0.4070381651933771,0.223476601140633,0.1835615640527441,0.9915999144748293,0.008400085525170686,47,3,30,20,50,50,
41,2,100,RL_adaptive,0.4070381651933771,0.3097029445424562,0.09733522065092087,0.9976333331028178,0.0023666668971822347,50,0,33,17,50,50,0.9976333331028178
41,2,250,Z_only,0.4070381651933771,0.3362457885924327,0.0707923766009444,0.9987476330109692,0.001252366989030751,243,7,0,0,250,0,
41,2,250,ZX_split,0.4070381651933771,0.23154377092565043,0.17549439426772667,0.9923201702485095,0.007679829751490508,124,1,77,48,125,125,
41,2,250,RL_adaptive,0.4070381651933771,0.46095038020786094,0.053912215014483844,0.9992735442488987,0.000726455751101307,113,5,96,36,118,132,0.9992735442488987
41,2,500,Z_only,0.4070381651933771,0.29774656007527334,0.10929160511810376,0.9970168074707453,0.002983192529254719,489,11,0,0,500,0,
41,2,500,ZX_split,0.4070381651933771,0.4089078289509254,0.0018696637575483233,0.9999991260896128,8.739103871668874e-07,245,5,177,73,250,250,
41,2,500,RL_adaptive,0.4070381651933771,0.2995537126059228,0.10748445258745432,0.9971145526605907,0.0028854473394093194,283,8,135,74,291,209,0.9971145526605907
41,3,10,Z_only,0.4070381651933771,0.0,0.4070381651933771,0.959148706684956,0.040851293315044,10,0,0,0,10,0,
41,3,10,ZX_split,0.4070381651933771,6.085789747329706,0.6044337250432577,0.9114120207302632,0.08858797926973683,5,0,2,3,5,5,
41,3,10,RL_adaptive,0.4070381651933771,0.5880026035475675,0.1809644383541904,0.9918352861354665,0.008164713864533546,4,0,5,1,4,6,0.9918352861354665
41,3,25,Z_only,0.4070381651933771,0.5735131044230967,0.16647493922971957,0.9930875101390146,0.00691248986098536,23,2,0,0,25,0,
41,3,25,ZX_split,0.4070381651933771,0.6055446636049701,0.19850649841159296,0.990181098824985,0.009818901175015049,12,0,11,2,12,13,
41,3,25,RL_adaptive,0.4070381651933771,0.1418970546041639,0.2651411105892132,0.9825277665508737,0.017472233449126295,11,0,8,6,11,14,0.9825277665508737
41,3,50,Z_only,0.4070381651933771,0.283794109208328,0.12324405598504912,0.9962075296640261,0.003792470335973852,49,1,0,0,50,0,
41,3,50,ZX_split,0.4070381651933771,0.4145068745847859,0.007468709391408812,0.9999860546598314,1.3945340168630693e-05,25,0,18,7,25,25,
41,3,50,RL_adaptive,0.4070381651933771,0.49642275340488184,0.08938458821150475,0.9980039283638987,0.001996071636101271,25,1,18,6,26,24,0.9980039283638987
41,3,100,Z_only,0.4070381651933771,0.4949341263408958,0.08789596114751869,0.9980698181508164,0.0019301818491835876,94,6,0,0,100,0,
41,3,100,ZX_split,0.4070381651933771,0.4636476090008061,0.056609443807428994,0.999199056646097,0.0008009433539030164,47,3,36,14,50,50,
41,3,100,RL_adaptive,0.4070381651933771,0.522087144934026,0.11504897974064887,0.996694581429798,0.0033054185702019456,51,2,36,11,53,47,0.996694581429798
41,3,250,Z_only,0.4070381651933771,0.40271584158066176,0.00432232361271534,0.9999953293869184,4.670613081625419e-06,240,10,0,0,250,0,
41,3,250,ZX_split,0.4070381651933771,0.5475622359399976,0.14052407074662054,0.9950713648851129,0.004928635114887059,124,1,100,25,125,125,
41,3,250,RL_adaptive,0.4070381651933771,0.415928234381167,0.008890069187789895,0.999980241797589,1.9758202410957715e-05,114,5,92,39,119,131,0.999980241797589
41,3,500,Z_only,0.4070381651933771,0.4601182373826622,0.05308007218928512,0.9992957918492472,0.0007042081507527831,474,26,0,0,500,0,
41,3,500,ZX_split,0.4070381651933771,0.47758398890696285,0.07054582371358575,0.9987563375967752,0.0012436624032248211,239,11,184,66,250,250,
41,3,500,RL_adaptive,0.4070381651933771,0.4261044598985594,0.019066294705182285,0.9999091218546331,9.087814536690164e-05,282,9,149,60,291,209,0.9999091218546331
41,4,10,Z_only,0.4070381651933771,0.0,0.4070381651933771,0.959148706684956,0.040851293315044,10,0,0,0,10,0,
41,4,10,ZX_split,0.4070381651933771,0.5404195002705843,0.13338133507720717,0.9955589448033049,0.004441055196695132,5,0,4,1,5,5,
41,4,10,RL_adaptive,0.4070381651933771,6.085789747329706,0.6044337250432577,0.9114120207302632,0.08858797926973683,5,0,2,3,5,5,0.9114120207302632
41,4,25,Z_only,0.4070381651933771,0.0,0.4070381651933771,0.959148706684956,0.040851293315044,25,0,0,0,25,0,
41,4,25,ZX_split,0.4070381651933771,0.6055446636049701,0.19850649841159296,0.990181098824985,0.009818901175015049,12,0,11,2,12,13,
41,4,25,RL_adaptive,0.4070381651933771,0.17286060678714493,0.23417755840623217,0.9863527560789387,0.013647243921061314,10,1,8,6,11,14,0.9863527560789387
41,4,50,Z_only,0.4070381651933771,0.40271584158066176,0.00432232361271534,0.9999953293869184,4.670613081625419e-06,48,2,0,0,50,0,
41,4,50,ZX_split,0.4070381651933771,0.5404195002705843,0.13338133507720717,0.9955589448033049,0.004441055196695132,25,0,20,5,25,25,
41,4,50,RL_adaptive,0.4070381651933771,0.3465388644339418,0.060499300759435326,0.9990852377180783,0.0009147622819216661,25,1,16,8,26,24,0.9990852377180783
41,4,100,Z_only,0.4070381651933771,0.20033484232311968,0.20670332287025742,0.9893564119046456,0.010643588095354373,99,1,0,0,100,0,
41,4,100,ZX_split,0.4070381651933771,0.20539538918976735,0.20164277600360975,0.9898694431599228,0.010130556840077243,49,1,30,20,50,50,
41,4,100,RL_adaptive,0.4070381651933771,0.4448073081998544,0.037769143006477324,0.9996434153514053,0.0003565846485946711,51,1,35,13,52,48,0.9996434153514053
41,4,250,Z_only,0.4070381651933771,0.4417614241500589,0.034723258956681824,0.9996986041065532,0.0003013958934467986,238,12,0,0,250,0,
41,4,250,ZX_split,0.4070381651933771,0.4224723923857154,0.015434227192338279,0.9999404473399544,5.955266004564752e-05,117,8,87,38,125,125,
41,4,250,RL_adaptive,0.4070381651933771,0.4722680851129425,0.0652299199195654,0.9989366415111485,0.001063358488851529,115,3,98,34,118,132,0.9989366415111485
41,4,500,Z_only,0.4070381651933771,0.3110916017919615,0.09594656340141561,0.9977003292366997,0.0022996707633002877,488,12,0,0,500,0,
41,4,500,ZX_split,0.4070381651933771,0.4993467216801301,0.09230855648675301,0.9978712947789976,0.0021287052210023916,235,15,185,65,250,250,
41,4,500,RL_adaptive,0.4070381651933771,0.39524606589029687,0.011792099303080228,0.999965237001336,3.476299866400634e-05,284,7,146,63,291,209,0.999965237001336
42,0,10,Z_only,1.1215743918445658,0.9272952180016121,0.19427917384295368,0.9905935433264018,0.009406456673598185,8,2,0,0,10,0,
42,0,10,ZX_split,1.1215743918445658,1.373400766945016,0.25182637510045014,0.9842294767784685,0.015770523221531496,3,2,5,0,5,5,
42,0,10,RL_adaptive,1.1215743918445658,1.7681918866447774,0.6466174948002117,0.8990631433404399,0.10093685665956009,2,3,5,0,5,5,0.8990631433404399
42,0,25,Z_only,1.1215743918445658,1.1151976533990733,0.006376738445492469,0.9999898343361466,1.016566385336759e-05,18,7,0,0,25,0,
42,0,25,ZX_split,1.1215743918445658,1.1071487177940904,0.014425674050475346,0.9999479758842422,5.20241157577761e-05,9,3,13,0,12,13,
42,0,25,RL_adaptive,1.1215743918445658,1.2348287208687656,0.11325432902419985,0.9967967902785219,0.0032032097214781396,9,5,10,1,14,11,0.9967967902785219
42,0,50,Z_only,1.1215743918445658,1.2025284333582564,0.08095404151369068,0.9983625053682752,0.0016374946317248007,34,16,0,0,50,0,
42,0,50,ZX_split,1.1215743918445658,1.0303768265243125,0.09119756532025325,0.9979221917125625,0.0020778082874375325,20,5,25,0,25,25,
42,0,50,RL_adaptive,1.1215743918445658,1.6421037915801868,0.5205293997356211,0.9337780049335292,0.06622199506647075,13,15,22,0,28,22,0.9337780049335292
42,0,100,Z_only,1.1215743918445658,1.1592794807274087,0.03770508888284296,0.9996446236735097,0.0003553763264902976,70,30,0,0,100,0,
42,0,100,ZX_split,1.1215743918445658,1.1441688336680205,0.022594441823454714,0.9998723782291467,0.0001276217708533478,35,15,47,3,50,50,
42,0,100,RL_adaptive,1.1215743918445658,1.0019484683735376,0.11962592347102818,0.9964266739581658,0.003573326041834246,48,13,37,2,61,39,0.9964266739581658
42,0,250,Z_only,1.1215743918445658,1.1329388914046705,0.011364499560104768,0.9999677123849401,3.228761505991162e-05,178,72,0,0,250,0,
42,0,250,ZX_split,1.1215743918445658,1.0682990169255338,0.053275374919032004,0.9992906014190875,0.000709398580912457,93,32,118,7,125,125,
42,0,250,RL_adaptive,1.1215743918445658,1.1806887618603987,0.05911437001583297,0.9991266271929287,0.0008733728070713376,84,39,120,7,123,127,0.9991266271929287
42,0,500,Z_only,1.1215743918445658,1.1853205968501042,0.0637462050055384,0.9989844493042428,0.0010155506957572058,344,156,0,0,500,0,
42,0,500,ZX_split,1.1215743918445658,1.2227360551453321,0.10116166330076637,0.9974437605639538,0.002556239436046215,166,84,238,12,250,250,
42,0,500,RL_adaptive,1.1215743918445658,1.1565455749888065,0.03497118314424075,0.9996942852462904,0.0003057147537095517,200,86,204,10,286,214,0.9996942852462904
42,1,10,Z_only,1.1215743918445658,1.369438406004566,0.24786401416000015,0.9847193311815785,0.015280668818421494,6,4,0,0,10,0,
42,1,10,ZX_split,1.1215743918445658,1.7681918866447774,0.6466174948002117,0.8990631433404399,0.10093685665956009,2,3,5,0,5,5,
42,1,10,RL_adaptive,1.1215743918445658,1.2490457723982544,0.12747138055368867,0.9959432593996081,0.0040567406003918505,3,2,4,1,5,5,0.9959432593996081
42,1,25,Z_only,1.1215743918445658,1.2025284333582564,0.08095404151369068,0.9983625053682752,0.0016374946317248007,17,8,0,0,25,0,
42,1,25,ZX_split,1.1215743918445658,0.804263849419119,0.31731054242544676,0.9750389987437373,0.02496100125626266,10,2,11,2,12,13,
42,1,25,RL_adaptive,1.1215743918445658,1.2348287208687656,0.11325432902419985,0.9967967902785219,0.0032032097214781396,9,5,10,1,14,11,0.9967967902785219
42,1,50,Z_only,1.1215743918445658,1.1592794807274087,0.03770508888284296,0.9996446236735097,0.0003553763264902976,35,15,0,0,50,0,
42,1,50,ZX_split,1.1215743918445658,1.2490457723982544,0.12747138055368867,0.9959432593996081,0.0040567406003918505,16,9,23,2,25,25,
42,1,50,RL_adaptive,1.1215743918445658,1.1659045405098132,0.044330148665247426,0.9995087899300178,0.0004912100699822064,20,8,22,0,28,22,0.9995087899300178
42,1,100,Z_only,1.1215743918445658,1.0701416143903084,0.05143277745425734,0.9993388131249384,0.000661186875061559,74,26,0,0,100,0,
42,1,100,ZX_split,1.1215743918445658,1.1606689862534056,0.03909459440883989,0.9996179518355184,0.0003820481644816187,35,15,48,2,50,50,
42,1,100,RL_adaptive,1.1215743918445658,1.2899922903558667,0.16841789851130096,0.9929255984814527,0.007074401518547324,39,23,36,2,62,38,0.9929255984814527
42,1,250,Z_only,1.1215743918445658,1.0973008146448404,0.024273577199725338,0.9998527055949311,0.00014729440506888736,182,68,0,0,250,0,
42,1,250,ZX_split,1.1215743918445658,1.1413559015654338,0.019781509720868007,0.9999021761582921,9.782384170786695e-05,87,38,116,9,125,125,
42,1,250,RL_adaptive,1.1215743918445658,1.0307212977473392,0.09085309409722653,0.9979378478747494,0.002062152125250627,93,29,120,8,122,128,0.9979378478747494
42,1,500,Z_only,1.1215743918445658,1.2068123703133027,0.08523797846873693,0.9981847212336431,0.0018152787663568981,339,161,0,0,500,0,
42,1,500,ZX_split,1.1215743918445658,1.183126748420898,0.06155235657633229,0.99905312585787,0.0009468741421300164,174,76,245,5,250,250,
42,1,500,RL_adaptive,1.1215743918445658,1.1086088167171897,0.012965575127376061,0.9999579740541442,4.2025945855783675e-05,211,77,205,7,288,212,0.9999579740541442
42,2,10,Z_only,1.1215743918445658,0.6435011087932843,0.4780732830512815,0.9439414968125913,0.05605850318740868,9,1,0,0,10,0,
42,2,10,ZX_split,1.1215743918445658,1.7681918866447774,0.6466174948002117,0.8990631433404399,0.10093685665956009,2,3,5,0,5,5,
42,2,10,RL_adaptive,1.1215743918445658,0.7853981633974483,0.3361762284471175,0.9720114743848033,0.027988525615196713,4,0,6,0,4,6,0.9720114743848033
42,2,25,Z_only,1.1215743918445658,0.9272952180016121,0.19427917384295368,0.9905935433264018,0.009406456673598185,20,5,0,0,25,0,
42,2,25,ZX_split,1.1215743918445658,1.1071487177940904,0.014425674050475346,0.9999479758842422,5.20241157577761e-05,9,3,13,0,12,13,
42,2,25,RL_adaptive,1.1215743918445658,0.8913825213870482,0.23019187045751754,0.9868113174657444,0.013188682534255647,10,3,10,2,13,12,0.9868113174657444
42,2,50,Z_only,1.1215743918445658,1.369438406004566,0.24786401416000015,0.9847193311815785,0.015280668818421494,30,20,0,0,50,0,
42,2,50,ZX_split,1.1215743918445658,1.0563450137358688,0.065229378108697,0.9989366591696861,0.001063340830313897,19,6,24,1,25,25,
42,2,50,RL_adaptive,1.1215743918445658,1.4994888620096063,0.37791447016504054,0.9647180905693731,0.03528190943062692,15,13,22,0,28,22,0.9647180905693731
42,2,100,Z_only,1.1215743918445658,1.0701416143903084,0.05143277745425734,0.9993388131249384,0.000661186875061559,74,26,0,0,100,0,
42,2,100,ZX_split,1.1215743918445658,1.0882830317724197,0.03329136007214606,0.9997229469260533,0.0002770530739466537,36,14,46,4,50,50,
42,2,100,RL_adaptive,1.1215743918445658,1.1033608571222497,0.018213534722316016,0.9999170690808437,8.293091915634321e-05,45,17,36,2,62,38,0.9999170690808437
42,2,250,Z_only,1.1215743918445658,1.0051044962776212,0.11646989556694454,0.9966125227828284,0.003387477217171586,192,58,0,0,250,0,
42,2,250,ZX_split,1.1215743918445658,1.1105157084375983,0.011058683406967473,0.9999694266919071,3.057330809286274e-05,92,33,122,3,125,125,
42,2,250,RL_adaptive,1.1215743918445658,1.1014818211767146,0.020092570667851195,0.9998990755464209,0.00010092445357912094,90,32,124,4,122,128,0.9998990755464209
42,2,500,Z_only,1.1215743918445658,1.1196471717671028,0.0019272200774629322,0.9999990714559811,9.285440188966376e-07,359,141,0,0,500,0,
42,2,500,ZX_split,1.1215743918445658,1.1401038154083887,0.018529423563822922,0.9999141675714457,8.583242855431106e-05,176,74,236,14,250,250,
42,2,500,RL_adaptive,1.1215743918445658,1.1233924996740556,0.001818107829489879,0.9999991736212077,8.263787922846433e-07,202,84,199,15,286,214,0.9999991736212077
42,3,10,Z_only,1.1215743918445658,0.9272952180016121,0.19427917384295368,0.9905935433264018,0.009406456673598185,8,2,0,0,10,0,
42,3,10,ZX_split,1.1215743918445658,0.7853981633974483,0.3361762284471175,0.9720114743848033,0.027988525615196713,3,2,3,2,5,5,
42,3,10,RL_adaptive,1.1215743918445658,1.8925468811915387,0.7709724893469729,0.8586166730686235,0.14138332693137645,2,3,4,1,5,5,0.8586166730686235
42,3,25,Z_only,1.1215743918445658,0.9272952180016121,0.19427917384295368,0.9905935433264018,0.009406456673598185,20,5,0,0,25,0,
42,3,25,ZX_split,1.1215743918445658,1.2490457723982544,0.12747138055368867,0.9959432593996081,0.0040567406003918505,8,4,13,0,12,13,
42,3,25,RL_adaptive,1.1215743918445658,0.7665324773757776,0.3550419144687882,0.9688159594650998,0.031184040534900204,11,2,10,2,13,12,0.9688159594650998
42,3,50,Z_only,1.1215743918445658,1.1151976533990733,0.006376738445492469,0.9999898343361466,1.016566385336759e-05,36,14,0,0,50,0,
42,3,50,ZX_split,1.1215743918445658,0.9928943898326509,0.12868000201191487,0.9958660733132891,0.004133926686710865,20,5,24,1,25,25,
42,3,50,RL_adaptive,1.1215743918445658,0.9994588469612699,0.1221155448832959,0.9962765789117568,0.003723421088243195,23,5,22,0,28,22,0.9962765789117568
42,3,100,Z_only,1.1215743918445658,1.1592794807274087,0.03770508888284296,0.9996446236735097,0.0003553763264902976,70,30,0,0,100,0,
42,3,100,ZX_split,1.1215743918445658,1.1978086049948355,0.07623421315026979,0.9985477897028913,0.0014522102971087358,34,16,48,2,50,50,
42,3,100,RL_adaptive,1.1215743918445658,1.1393956002293444,0.01782120838477863,0.9999206032342978,7.93967657022332e-05,46,17,37,0,63,37,0.9999206032342978
42,3,250,Z_only,1.1215743918445658,1.1592794807274087,0.03770508888284296,0.9996446236735097,0.0003553763264902976,175,75,0,0,250,0,
42,3,250,ZX_split,1.1215743918445658,1.0445001811768586,0.07707421066770714,0.9985156265493328,0.001484373450667209,93,32,115,10,125,125,
42,3,250,RL_adaptive,1.1215743918445658,1.0307212977473392,0.09085309409722653,0.9979378478747494,0.002062152125250627,93,29,120,8,122,128,0.9979378478747494
42,3,500,Z_only,1.1215743918445658,1.1679917431511835,0.04641735130661773,0.9994614540794337,0.0005385459205663468,348,152,0,0,500,0,
42,3,500,ZX_split,1.1215743918445658,1.100155824788757,0.02141856705580869,0.9998853156307554,0.00011468436924455538,183,67,239,11,250,250,
42,3,500,RL_adaptive,1.1215743918445658,1.2586793857345417,0.137104993889976,0.9953079121453619,0.0046920878546381495,184,100,207,9,284,216,0.9953079121453619
42,4,10,Z_only,1.1215743918445658,1.369438406004566,0.24786401416000015,0.9847193311815785,0.015280668818421494,6,4,0,0,10,0,
42,4,10,ZX_split,1.1215743918445658,1.373400766945016,0.25182637510045014,0.9842294767784685,0.015770523221531496,3,2,5,0,5,5,
42,4,10,RL_adaptive,1.1215743918445658,1.7681918866447774,0.6466174948002117,0.8990631433404399,0.10093685665956009,2,3,5,0,5,5,0.8990631433404399
42,4,25,Z_only,1.1215743918445658,1.2025284333582564,0.08095404151369068,0.9983625053682752,0.0016374946317248007,17,8,0,0,25,0,
42,4,25,ZX_split,1.1215743918445658,1.0370881351556351,0.08448625668893062,0.9982165793136929,0.0017834206863071023,9,3,12,1,12,13,
42,4,25,RL_adaptive,1.1215743918445658,1.2348287208687656,0.11325432902419985,0.9967967902785219,0.0032032097214781396,9,5,10,1,14,11,0.9967967902785219
42,4,50,Z_only,1.1215743918445658,1.0701416143903084,0.05143277745425734,0.9993388131249384,0.000661186875061559,37,13,0,0,50,0,
42,4,50,ZX_split,1.1215743918445658,1.1978086049948355,0.07623421315026979,0.9985477897028913,0.0014522102971087358,17,8,24,1,25,25,
42,4,50,RL_adaptive,1.1215743918445658,1.1659045405098132,0.044330148665247426,0.9995087899300178,0.0004912100699822064,20,8,22,0,28,22,0.9995087899300178
42,4,100,Z_only,1.1215743918445658,1.2025284333582564,0.08095404151369068,0.9983625053682752,0.0016374946317248007,68,32,0,0,100,0,
42,4,100,ZX_split,1.1215743918445658,1.1606689862534056,0.03909459440883989,0.9996179518355184,0.0003820481644816187,35,15,48,2,50,50,
42,4,100,RL_adaptive,1.1215743918445658,1.1071487177940904,0.014425674050475346,0.9999479758842422,5.20241157577761e-05,48,16,36,0,64,36,0.9999479758842422
42,4,250,Z_only,1.1215743918445658,1.1853205968501042,0.0637462050055384,0.9989844493042428,0.0010155506957572058,172,78,0,0,250,0,
42,4,250,ZX_split,1.1215743918445658,1.103615163596229,0.017959228248336734,0.9999193686974098,8.063130259017282e-05,91,34,119,6,125,125,
42,4,250,RL_adaptive,1.1215743918445658,1.0807236353387095,0.040850756505856234,0.99958286193752,0.00041713806248000473,91,31,123,5,122,128,0.99958286193752
42,4,500,Z_only,1.1215743918445658,1.1766717812442722,0.05509738939970643,0.9992412613927827,0.000758738607217313,346,154,0,0,500,0,
42,4,500,ZX_split,1.1215743918445658,1.0708010967750698,0.050773295069495905,0.9993556565673447,0.0006443434326552921,184,66,233,17,250,250,
42,4,500,RL_adaptive,1.1215743918445658,1.1289949872691647,0.007420595424598941,0.9999862337540564,1.3766245943624966e-05,205,82,203,10,287,213,0.9999862337540564
43,0,10,Z_only,3.7131403174963835,2.498091544796509,1.2150487726998747,0.6741456047598514,0.3258543952401486,1,9,0,0,10,0,
43,0,10,ZX_split,3.7131403174963835,3.9269908169872414,0.21385049949085788,0.9886104958329036,0.011389504167096387,1,4,1,4,5,5,
43,0,10,RL_adaptive,3.7131403174963835,3.7295952571373605,0.016454939640976995,0.9999323102677078,6.768973229220876e-05,0,4,1,5,4,6,0.9999323102677078
43,0,25,Z_only,3.7131403174963835,2.7388768120091314,0.9742635054872522,0.7808887495987537,0.21911125040124635,1,24,0,0,25,0,
43,0,25,ZX_split,3.7131403174963835,4.045082845406336,0.3319425279099524,0.9727055481965511,0.027294451803448916,2,10,1,12,12,13,
43,0,25,RL_adaptive,3.7131403174963835,3.8348157794307793,0.12167546193439582,0.9963033346044956,0.003696665395504395,1,11,2,11,12,13,0.9963033346044956
43,0,50,Z_only,3.7131403174963835,2.498091544796509,1.2150487726998747,0.6741456047598514,0.3258543952401486,5,45,0,0,50,0,
43,0,50,ZX_split,3.7131403174963835,3.7944392846905672,0.08129896719418372,0.9983485294032551,0.001651470596744864,4,21,6,19,25,25,
43,0,50,RL_adaptive,3.7131403174963835,3.6753008452290543,0.0378394722673292,0.9996420862935258,0.00035791370647419996,2,24,6,18,26,24,0.9996420862935258
43,0,100,Z_only,3.7131403174963835,2.5322073455589984,1.1809329719373851,0.6900310136219312,0.3099689863780688,9,91,0,0,100,0,
43,0,100,ZX_split,3.7131403174963835,3.682012153860377,0.031128163636006345,0.9997577789167071,0.00024222108329285952,5,45,13,37,50,50,
43,0,100,RL_adaptive,3.7131403174963835,3.786459881751801,0.07331956425541764,0.998656662324381,0.0013433376756190052,6,58,7,29,64,36,0.998656662324381
43,0,250,Z_only,3.7131403174963835,2.4590953363138213,1.2540449811825622,0.6557405841533022,0.34425941584669784,28,222,0,0,250,0,
43,0,250,ZX_split,3.7131403174963835,3.665664836364739,0.04747548113164468,0.9994366255015715,0.0005633744984284705,8,117,31,94,125,125,
43,0,250,RL_adaptive,3.7131403174963835,3.5668170983435257,0.14632321915285784,0.9946569222552587,0.005343077744741298,11,135,32,72,146,104,0.9946569222552587
43,0,500,Z_only,3.7131403174963835,2.5322073455589984,1.1809329719373851,0.6900310136219312,0.3099689863780688,45,455,0,0,500,0,
43,0,500,ZX_split,3.7131403174963835,3.7249656605836488,0.011825343087265239,0.9999650407226082,3.49592773918328e-05,25,225,59,191,250,250,
43,0,500,RL_adaptive,3.7131403174963835,3.739950025445315,0.02680970794893156,0.9998203206525106,0.00017967934748941428,19,230,53,198,249,251,0.9998203206525106
43,1,10,Z_only,3.7131403174963835,1.9823131728623844,1.7308271446339991,0.4203256846249187,0.5796743153750813,3,7,0,0,10,0,
43,1,10,ZX_split,3.7131403174963835,3.3389882134396736,0.37415210405670996,0.9654089241914499,0.03459107580855014,0,5,2,3,5,5,
43,1,10,RL_adaptive,3.7131403174963835,3.141592653589793,0.5715476639065904,0.9205323990819232,0.07946760091807681,0,4,3,3,4,6,0.9205323990819232
43,1,25,Z_only,3.7131403174963835,2.5680795491666966,1.145060768329687,0.7064953961964261,0.2935046038035739,2,23,0,0,25,0,
43,1,25,ZX_split,3.7131403174963835,3.8438495850988,0.13070926760241663,0.9957348495085766,0.004265150491423397,0,12,1,12,12,13,
43,1,25,RL_adaptive,3.7131403174963835,3.850218925717463,0.13707860822107953,0.9953097151148389,0.0046902848851611,0,11,1,13,11,14,0.9953097151148389
43,1,50,Z_only,3.7131403174963835,2.6466585272488974,1.0664817902474861,0.7416037132965835,0.2583962867034165,3,47,0,0,50,0,
43,1,50,ZX_split,3.7131403174963835,3.695900149791344,0.017240167705039333,0.9999256959948102,7.430400518981806e-05,2,23,6,19,25,25,
43,1,50,RL_adaptive,3.7131403174963835,3.7670776938290222,0.05393737633263873,0.9992728661681699,0.0007271338318300957,1,25,4,20,26,24,0.9992728661681699
43,1,100,Z_only,3.7131403174963835,2.6905658417935308,1.0225744757028528,0.7605852439310161,0.23941475606898388,5,95,0,0,100,0,
43,1,100,ZX_split,3.7131403174963835,3.7295952571373605,0.016454939640976995,0.9999323102677078,6.768973229220876e-05,1,49,9,41,50,50,
43,1,100,RL_adaptive,3.7131403174963835,3.6245974870882365,0.08854283040814703,0.9980413219399713,0.0019586780600286957,3,59,10,28,62,38,0.9980413219399713
43,1,250,Z_only,3.7131403174963835,2.582996538251223,1.1301437792451603,0.7132648839093231,0.2867351160906769,19,231,0,0,250,0,
43,1,250,ZX_split,3.7131403174963835,3.7435108598375004,0.030370542341116913,0.9997694252632259,0.0002305747367741251,5,120,23,102,125,125,
43,1,250,RL_adaptive,3.7131403174963835,3.648103383755147,0.06503693374123642,0.9989429219938208,0.0010570780061791574,6,142,25,77,148,102,0.9989429219938208
43,1,500,Z_only,3.7131403174963835,2.5607489819004416,1.1523913355959419,0.7031517750495737,0.2968482249504263,41,459,0,0,500,0,
43,1,500,ZX_split,3.7131403174963835,3.6660018771339113,0.04713844036247217,0.9994445947155276,0.0005554052844723989,23,227,66,184,250,250,
43,1,500,RL_adaptive,3.7131403174963835,3.6467252112697923,0.06641510622659119,0.9988976637029667,0.0011023362970332684,19,229,67,185,248,252,0.9988976637029667
43,2,10,Z_only,3.7131403174963835,2.2142974355881813,1.4988428819082023,0.5359456867749045,0.4640543132250955,2,8,0,0,10,0,
43,2,10,ZX_split,3.7131403174963835,3.3389882134396736,0.37415210405670996,0.9654089241914499,0.03459107580855014,0,5,2,3,5,5,
43,2,10,RL_adaptive,3.7131403174963835,3.4633432079864352,0.24979710950994827,0.9844812988392059,0.015518701160794124,0,4,2,4,4,6,0.9844812988392059
43,2,25,Z_only,3.7131403174963835,2.7388768120091314,0.9742635054872522,0.7808887495987537,0.21911125040124635,1,24,0,0,25,0,
43,2,25,ZX_split,3.7131403174963835,3.8438495850988,0.13070926760241663,0.9957348495085766,0.004265150491423397,0,12,1,12,12,13,
43,2,25,RL_adaptive,3.7131403174963835,3.3360727698048986,0.3770675476914849,0.9648741738426273,0.0351258261573727,1,12,5,7,13,12,0.9648741738426273
43,2,50,Z_only,3.7131403174963835,2.5680795491666966,1.145060768329687,0.7064953961964261,0.2935046038035739,4,46,0,0,50,0,
43,2,50,ZX_split,3.7131403174963835,3.719494590552039,0.006354273055655391,0.9999899058374475,1.0094162552487518e-05,1,24,5,20,25,25,
43,2,50,RL_adaptive,3.7131403174963835,3.8182839973524496,0.1051436798560661,0.997238746902257,0.0027612530977429994,4,23,5,18,27,23,0.997238746902257
43,2,100,Z_only,3.7131403174963835,2.4654621440291318,1.2476781734672517,0.6587624440760432,0.34123755592395677,11,89,0,0,100,0,
43,2,100,ZX_split,3.7131403174963835,3.419892312594904,0.2932480049014794,0.9786550242036895,0.02134497579631045,4,46,19,31,50,50,
43,2,100,RL_adaptive,3.7131403174963835,3.591912724351559,0.12122759314482456,0.9963304649660127,0.003669535033987259,3,58,11,28,61,39,0.9963304649660127
43,2,250,Z_only,3.7131403174963835,2.6998312294397344,1.013309088056649,0.7645277866968533,0.23547221330314672,12,238,0,0,250,0,
43,2,250,ZX_split,3.7131403174963835,3.665664836364739,0.04747548113164468,0.9994366255015715,0.0005633744984284705,8,117,31,94,125,125,
43,2,250,RL_adaptive,3.7131403174963835,3.707773324816152,0.005366992680231331,0.9999927988646781,7.201135321932561e-06,16,134,25,75,150,100,0.9999927988646781
43,2,500,Z_only,3.7131403174963835,2.5607489819004416,1.1523913355959419,0.7031517750495737,0.2968482249504263,41,459,0,0,500,0,
43,2,500,ZX_split,3.7131403174963835,3.7438799997247574,0.030739682228373866,0.9997637865853937,0.00023621341460633438,13,237,48,202,250,250,
43,2,500,RL_adaptive,3.7131403174963835,3.6606975738381085,0.05244274365827506,0.9993125972246935,0.0006874027753065448,15,232,63,190,247,253,0.9993125972246935
43,3,10,Z_only,3.7131403174963835,1.9823131728623844,1.7308271446339991,0.4203256846249187,0.5796743153750813,3,7,0,0,10,0,
43,3,10,ZX_split,3.7131403174963835,3.682012153860377,0.031128163636006345,0.9997577789167071,0.00024222108329285952,0,5,1,4,5,5,
43,3,10,RL_adaptive,3.7131403174963835,3.9269908169872414,0.21385049949085788,0.9886104958329036,0.011389504167096387,0,5,0,5,5,5,0.9886104958329036
43,3,25,Z_only,3.7131403174963835,3.141592653589793,0.5715476639065904,0.9205323990819232,0.07946760091807681,0,25,0,0,25,0,
43,3,25,ZX_split,3.7131403174963835,3.9346242565047342,0.22148393900835073,0.9877862677497549,0.012213732250245135,1,11,1,12,12,13,
43,3,25,RL_adaptive,3.7131403174963835,3.368391501643679,0.34474881585270456,0.9705801862808757,0.029419813719124277,0,12,5,8,12,13,0.9705801862808757
43,3,50,Z_only,3.7131403174963835,2.7388768120091314,0.9742635054872522,0.7808887495987537,0.21911125040124635,2,48,0,0,50,0,
43,3,50,ZX_split,3.7131403174963835,3.8815675375656644,0.1684272200692809,0.992924817207013,0.007075182792987023,1,24,2,23,25,25,
43,3,50,RL_adaptive,3.7131403174963835,3.7451649331647165,0.032024615668333034,0.999743627909703,0.0002563720902970523,2,24,5,19,26,24,0.999743627909703
43,3,100,Z_only,3.7131403174963835,2.498091544796509,1.2150487726998747,0.6741456047598514,0.3258543952401486,10,90,0,0,100,0,
43,3,100,ZX_split,3.7131403174963835,3.628491885401062,0.08464843209532136,0.9982097301126266,0.001790269887373408,8,42,16,34,50,50,
43,3,100,RL_adaptive,3.7131403174963835,3.6957751810341843,0.01736513646219917,0.9999246149032923,7.538509670768079e-05,2,60,8,30,62,38,0.9999246149032923
43,3,250,Z_only,3.7131403174963835,2.525253363883374,1.1878869536130097,0.686810363884452,0.31318963611554795,23,227,0,0,250,0,
43,3,250,ZX_split,3.7131403174963835,3.6578233242015408,0.05531699329484274,0.9992352026144514,0.0007647973855485768,7,118,31,94,125,125,
43,3,250,RL_adaptive,3.7131403174963835,3.6787618944499694,0.03437842304641414,0.9997045601067059,0.0002954398932940583,7,143,23,77,150,100,0.9997045601067059
43,3,500,Z_only,3.7131403174963835,2.5463277696121085,1.166812547884275,0.696542272919814,0.30345772708018603,43,457,0,0,500,0,
43,3,500,ZX_split,3.7131403174963835,3.64869115798213,0.06444915951425356,0.9989619358508631,0.0010380641491368747,17,233,65,185,250,250,
43,3,500,RL_adaptive,3.7131403174963835,3.667089167274843,0.04605115022154038,0.9994699165801173,0.0005300834198826987,21,228,65,186,249,251,0.9994699165801173
43,4,10,Z_only,3.7131403174963835,2.2142974355881813,1.4988428819082023,0.5359456867749045,0.4640543132250955,2,8,0,0,10,0,
43,4,10,ZX_split,3.7131403174963835,3.682012153860377,0.031128163636006345,0.9997577789167071,0.00024222108329285952,0,5,1,4,5,5,
43,4,10,RL_adaptive,3.7131403174963835,3.4633432079864352,0.24979710950994827,0.9844812988392059,0.015518701160794124,1,4,2,3,5,5,0.9844812988392059
43,4,25,Z_only,3.7131403174963835,3.141592653589793,0.5715476639065904,0.9205323990819232,0.07946760091807681,0,25,0,0,25,0,
43,4,25,ZX_split,3.7131403174963835,3.8348157794307793,0.12167546193439582,0.9963033346044956,0.003696665395504395,1,11,2,11,12,13,
43,4,25,RL_adaptive,3.7131403174963835,3.660738767836316,0.05240154966006738,0.9993136764691338,0.000686323530866173,0,11,3,11,11,14,0.9993136764691338
43,4,50,Z_only,3.7131403174963835,2.7388768120091314,0.9742635054872522,0.7808887495987537,0.21911125040124635,2,48,0,0,50,0,
43,4,50,ZX_split,3.7131403174963835,3.7416428669915467,0.028502549495163176,0.9997969149174082,0.00020308508259181401,3,22,6,19,25,25,
43,4,50,RL_adaptive,3.7131403174963835,3.6052402625905993,0.10790005490578425,0.9970922173168874,0.0029077826831126474,0,26,6,18,26,24,0.9970922173168874
43,4,100,Z_only,3.7131403174963835,2.4654621440291318,1.2476781734672517,0.6587624440760432,0.34123755592395677,11,89,0,0,100,0,
43,4,100,ZX_split,3.7131403174963835,3.7438799997247574,0.030739682228373866,0.9997637865853937,0.00023621341460633438,9,41,14,36,50,50,
43,4,100,RL_adaptive,3.7131403174963835,3.83782742879004,0.12468711129365628,0.9961183139884928,0.0038816860115071794,4,59,5,32,63,37,0.9961183139884928
43,4,250,Z_only,3.7131403174963835,2.5982784062346456,1.114861911261738,0.7201507354434472,0.2798492645565528,18,232,0,0,250,0,
43,4,250,ZX_split,3.7131403174963835,3.7674390960539816,0.054298778557598126,0.9992630917442217,0.0007369082557783235,12,113,26,99,125,125,
43,4,250,RL_adaptive,3.7131403174963835,3.729543455296715,0.016403137800331535,0.9999327357757887,6.72642242113275e-05,8,143,20,79,151,99,0.9999327357757887
43,4,500,Z_only,3.7131403174963835,2.4914541988621575,1.221686118634226,0.6710309128253079,0.3289690871746921,51,449,0,0,500,0,
43,4,500,ZX_split,3.7131403174963835,3.6806366389094562,0.032503678586927265,0.9997359009722868,0.0002640990277131827,18,232,61,189,250,250,
43,4,500,RL_adaptive,3.7131403174963835,3.6953035979322646,0.01783671956411892,0.9999204649674942,7.95350325057953e-05,21,228,61,190,249,251,0.9999204649674942
44,0,10,Z_only,0.32173611710797767,0.0,0.32173611710797767,0.974343931711593,0.025656068288407052,10,0,0,0,10,0,
44,0,10,ZX_split,0.32173611710797767,0.19739555984988072,0.12434055725809695,0.9961398336677612,0.0038601663322388458,5,0,3,2,5,5,
44,0,10,RL_adaptive,0.32173611710797767,0.3217505543966422,1.4437288664514991e-05,0.999999999947891,5.21089837945965e-11,4,0,4,2,4,6,0.999999999947891
44,0,25,Z_only,0.32173611710797767,0.40271584158066176,0.08097972447268409,0.9983614667693551,0.0016385332306448896,24,1,0,0,25,0,
44,0,25,ZX_split,0.32173611710797767,0.43240777557053783,0.11067165846256016,0.9969410701191097,0.003058929880890293,11,1,9,4,12,13,
44,0,25,RL_adaptive,0.32173611710797767,0.3332443011116727,0.011508184003695021,0.9999668907906472,3.3109209352844005e-05,10,2,8,5,12,13,0.9999668907906472
44,0,50,Z_only,0.32173611710797767,0.40271584158066176,0.08097972447268409,0.9983614667693551,0.0016385332306448896,48,2,0,0,50,0,
44,0,50,ZX_split,0.32173611710797767,0.4145068745847859,0.09277075747680824,0.997849939329009,0.002150060670990994,25,0,18,7,25,25,
44,0,50,RL_adaptive,0.32173611710797767,0.09003371320619152,0.23170240390178615,0.9866384372189135,0.013361562781086467,25,1,13,11,26,24,0.9866384372189135
44,0,100,Z_only,0.32173611710797767,0.283794109208328,0.03794200789964969,0.9996401441828253,0.0003598558171746813,98,2,0,0,100,0,
44,0,100,ZX_split,0.32173611710797767,0.44610554894340365,0.12436943183542598,0.9961380429424936,0.00386195705750636,48,2,36,14,50,50,
44,0,100,RL_adaptive,0.32173611710797767,0.33370217653755035,0.011966059429572684,0.9999642037825632,3.579621743676764e-05,51,1,32,16,52,48,0.9999642037825632
44,0,250,Z_only,0.32173611710797767,0.3362457885924327,0.014509671484455033,0.9999473682817452,5.263171825475865e-05,243,7,0,0,250,0,
44,0,250,ZX_split,0.32173611710797767,0.3269588406357141,0.00522272352773645,0.9999931808052387,6.819194761309433e-06,120,5,82,43,125,125,
44,0,250,RL_adaptive,0.32173611710797767,0.32691401969540074,0.005177902587423067,0.999993297346174,6.702653825962912e-06,117,1,88,44,118,132,0.999993297346174
44,0,500,Z_only,0.32173611710797767,0.38178785422348993,0.06005173711551226,0.9990987181172598,0.0009012818827401903,482,18,0,0,500,0,
44,0,500,ZX_split,0.32173611710797767,0.19573718657746642,0.12599893053051126,0.9960363154071226,0.003963684592877437,241,9,148,102,250,250,
44,0,500,RL_adaptive,0.32173611710797767,0.32454405169891504,0.0028079345909373665,0.9999980288771285,1.9711228714802687e-06,280,11,137,72,291,209,0.9999980288771285
44,1,10,Z_only,0.32173611710797767,0.0,0.32173611710797767,0.974343931711593,0.025656068288407052,10,0,0,0,10,0,
44,1,10,ZX_split,0.32173611710797767,0.19739555984988072,0.12434055725809695,0.9961398336677612,0.0038601663322388458,5,0,3,2,5,5,
44,1,10,RL_adaptive,0.32173611710797767,5.497787143782138,1.1071342805054263,0.7236132542784479,0.2763867457215521,6,0,0,4,6,4,0.7236132542784479
44,1,25,Z_only,0.32173611710797767,0.0,0.32173611710797767,0.974343931711593,0.025656068288407052,25,0,0,0,25,0,
44,1,25,ZX_split,0.32173611710797767,0.36717383381821916,0.045437716710241494,0.9994839422713405,0.0005160577286594803,12,0,9,4,12,13,
44,1,25,RL_adaptive,0.32173611710797767,0.43240777557053783,0.11067165846256016,0.9969410701191097,0.003058929880890293,11,1,9,4,12,13,0.9969410701191097
44,1,50,Z_only,0.32173611710797767,0.283794109208328,0.03794200789964969,0.9996401441828253,0.0003598558171746813,49,1,0,0,50,0,
44,1,50,ZX_split,0.32173611710797767,0.29544083714372005,0.026295279964257623,0.9998271495229144,0.00017285047708559542,24,1,16,9,25,25,
44,1,50,RL_adaptive,0.32173611710797767,0.37527082285595725,0.05353470574797958,0.9992836799236429,0.0007163200763571353,24,2,16,8,26,24,0.9992836799236429
44,1,100,Z_only,0.32173611710797767,0.40271584158066176,0.08097972447268409,0.9983614667693551,0.0016385332306448896,96,4,0,0,100,0,
44,1,100,ZX_split,0.32173611710797767,0.38050637711236485,0.058770260004387176,0.9991367626420881,0.000863237357911939,50,0,35,15,50,50,
44,1,100,RL_adaptive,0.32173611710797767,0.3729222317710115,0.051186114663033855,0.9993451384142712,0.0006548615857288054,51,2,32,15,53,47,0.9993451384142712
44,1,250,Z_only,0.32173611710797767,0.283794109208328,0.03794200789964969,0.9996401441828253,0.0003598558171746813,245,5,0,0,250,0,
44,1,250,ZX_split,0.32173611710797767,0.3915295526610869,0.06979343555310924,0.998782713338282,0.0012172866617180533,117,8,85,40,125,125,
44,1,250,RL_adaptive,0.32173611710797767,0.32345413026139447,0.0017180131534167975,0.9999992621078826,7.378921174083786e-07,115,3,87,45,118,132,0.9999992621078826
44,1,500,Z_only,0.32173611710797767,0.37090417752027244,0.04916806041229477,0.9993957472052076,0.0006042527947923704,483,17,0,0,500,0,
44,1,500,ZX_split,0.32173611710797767,0.22868682567222423,0.09304929143575344,0.9978370186384742,0.0021629813615258175,241,9,152,98,250,250,
44,1,500,RL_adaptive,0.32173611710797767,0.3943610380860002,0.07262492097802253,0.9986819846754195,0.0013180153245805348,281,10,145,64,291,209,0.9986819846754195
44,2,10,Z_only,0.32173611710797767,0.6435011087932843,0.3217649916853066,0.9743393662400514,0.025660633759948648,9,1,0,0,10,0,
44,2,10,ZX_split,0.32173611710797767,0.19739555984988072,0.12434055725809695,0.9961398336677612,0.0038601663322388458,5,0,3,2,5,5,
44,2,10,RL_adaptive,0.32173611710797767,0.7853981633974483,0.4636620462894706,0.9472103671774641,0.052789632822535904,3,2,3,2,5,5,0.9472103671774641
44,2,25,Z_only,0.32173611710797767,0.5735131044230967,0.251776987315119,0.9842356292427634,0.01576437075723658,23,2,0,0,25,0,
44,2,25,ZX_split,0.32173611710797767,0.4939413689195813,0.17220525181160362,0.9926046405074991,0.007395359492500919,12,0,10,3,12,13,
44,2,25,RL_adaptive,0.32173611710797767,0.1418970546041639,0.17983906250381376,0.9919362463090402,0.008063753690959796,11,0,8,6,11,14,0.9919362463090402
44,2,50,Z_only,0.32173611710797767,0.40271584158066176,0.08097972447268409,0.9983614667693551,0.0016385332306448896,48,2,0,0,50,0,
44,2,50,ZX_split,0.32173611710797767,0.44610554894340365,0.12436943183542598,0.9961380429424936,0.00386195705750636,24,1,18,7,25,25,
44,2,50,RL_adaptive,0.32173611710797767,0.5880026035475675,0.26626648643958983,0.9823800112176234,0.017619988782376583,26,0,20,4,26,24,0.9823800112176234
44,2,100,Z_only,0.32173611710797767,0.45102681179626264,0.12929069468828497,0.9958267972293402,0.004173202770659801,95,5,0,0,100,0,
44,2,100,ZX_split,0.32173611710797767,0.29544083714372005,0.026295279964257623,0.9998271495229144,0.00017285047708559542,48,2,32,18,50,50,
44,2,100,RL_adaptive,0.32173611710797767,0.23554498072086333,0.08619113638711434,0.998143921482674,0.0018560785173260541,50,0,31,19,50,50,0.998143921482674
44,2,250,Z_only,0.32173611710797767,0.25366173607545534,0.06807438103252234,0.9988419169901706,0.001158083009829447,246,4,0,0,250,0,
44,2,250,ZX_split,0.32173611710797767,0.33787818824027854,0.016142071132300873,0.9999348597993544,6.514020064563031e-05,118,7,82,43,125,125,
44,2,250,RL_adaptive,0.32173611710797767,0.21373532891066946,0.10800078819730821,0.9970867907701181,0.002913209229881919,116,3,79,52,119,131,0.9970867907701181
44,2,500,Z_only,0.32173611710797767,0.3239043758049637,0.002168258696986003,0.9999988246640162,1.1753359837607391e-06,487,13,0,0,500,0,
44,2,500,ZX_split,0.32173611710797767,0.3217505543966422,1.4437288664514991e-05,0.999999999947891,5.21089837945965e-11,245,5,165,85,250,250,
44,2,500,RL_adaptive,0.32173611710797767,0.36724220988648876,0.04550609277851109,0.9994823882119919,0.0005176117880081321,285,5,144,66,290,210,0.9994823882119919
44,3,10,Z_only,0.32173611710797767,0.0,0.32173611710797767,0.974343931711593,0.025656068288407052,10,0,0,0,10,0,
44,3,10,ZX_split,0.32173611710797767,0.7853981633974483,0.4636620462894706,0.9472103671774641,0.052789632822535904,5,0,5,0,5,5,
44,3,10,RL_adaptive,0.32173611710797767,0.5880026035475675,0.26626648643958983,0.9823800112176234,0.017619988782376583,4,0,5,1,4,6,0.9823800112176234
44,3,25,Z_only,0.32173611710797767,0.0,0.32173611710797767,0.974343931711593,0.025656068288407052,25,0,0,0,25,0,
44,3,25,ZX_split,0.32173611710797767,0.36717383381821916,0.045437716710241494,0.9994839422713405,0.0005160577286594803,12,0,9,4,12,13,
44,3,25,RL_adaptive,0.32173611710797767,0.5191461142465229,0.19740999713854523,0.9902889221017358,0.009711077898264198,11,0,11,3,11,14,0.9902889221017358
44,3,50,Z_only,0.32173611710797767,0.283794109208328,0.03794200789964969,0.9996401441828253,0.0003598558171746813,49,1,0,0,50,0,
44,3,50,ZX_split,0.32173611710797767,0.29544083714372005,0.026295279964257623,0.9998271495229144,0.00017285047708559542,24,1,16,9,25,25,
44,3,50,RL_adaptive,0.32173611710797767,0.0831412318884412,0.23859488521953648,0.9858355076683282,0.01416449233167183,26,0,13,11,26,24,0.9858355076683282
44,3,100,Z_only,0.32173611710797767,0.34816602127296103,0.026429904164983364,0.9998253752070103,0.00017462479298968603,97,3,0,0,100,0,
44,3,100,ZX_split,0.32173611710797767,0.08314123188844125,0.23859488521953642,0.9858355076683282,0.01416449233167183,49,1,27,23,50,50,
44,3,100,RL_adaptive,0.32173611710797767,0.522087144934026,0.2003510278260483,0.9899983894986097,0.010001610501390257,51,2,36,11,53,47,0.9899983894986097
44,3,250,Z_only,0.32173611710797767,0.283794109208328,0.03794200789964969,0.9996401441828253,0.0003598558171746813,245,5,0,0,250,0,
44,3,250,ZX_split,0.32173611710797767,0.2508038399564528,0.07093227715152489,0.9987426803190951,0.0012573196809049225,123,2,78,47,125,125,
44,3,250,RL_adaptive,0.32173611710797767,0.323729851634616,0.0019937345266383133,0.9999990062559885,9.93744011523745e-07,115,4,86,45,119,131,0.9999990062559885
44,3,500,Z_only,0.32173611710797767,0.3239043758049637,0.002168258696986003,0.9999988246640162,1.1753359837607391e-06,487,13,0,0,500,0,
44,3,500,ZX_split,0.32173611710797767,0.3269588406357141,0.00522272352773645,0.9999931808052387,6.819194761309433e-06,240,10,164,86,250,250,
44,3,500,RL_adaptive,0.32173611710797767,0.3406855319156191,0.01894941480764145,0.9999102326058023,8.976739419774837e-05,281,10,139,70,291,209,0.9999102326058023
44,4,10,Z_only,0.32173611710797767,0.6435011087932843,0.3217649916853066,0.9743393662400514,0.025660633759948648,9,1,0,0,10,0,
44,4,10,ZX_split,0.32173611710797767,0.5404195002705843,0.2186833831626066,0.9880919640972887,0.011908035902711278,5,0,4,1,5,5,
44,4,10,RL_adaptive,0.32173611710797767,0.3217505543966422,1.4437288664514991e-05,0.999999999947891,5.21089837945965e-11,4,0,4,2,4,6,0.999999999947891
44,4,25,Z_only,0.32173611710797767,0.0,0.32173611710797767,0.974343931711593,0.025656068288407052,25,0,0,0,25,0,
44,4,25,ZX_split,0.32173611710797767,0.07677189126977799,0.24496422583819968,0.9850730008005278,0.014926999199472157,12,0,7,6,12,13,
44,4,25,RL_adaptive,0.32173611710797767,0.2782996590051114,0.04343645810286628,0.9995283926833428,0.00047160731665718547,11,0,9,5,11,14,0.9995283926833428
44,4,50,Z_only,0.32173611710797767,0.0,0.32173611710797767,0.974343931711593,0.025656068288407052,50,0,0,0,50,0,
44,4,50,ZX_split,0.32173611710797767,0.12970253715591218,0.1920335799520655,0.9908090726033226,0.009190927396677373,24,1,14,11,25,25,
44,4,50,RL_adaptive,0.32173611710797767,0.4240083267745411,0.10227220966656342,0.9973873772240902,0.0026126227759097898,25,1,17,7,26,24,0.9973873772240902
44,4,100,Z_only,0.32173611710797767,0.20033484232311968,0.12140127478485799,0.996319955743138,0.0036800442568619696,99,1,0,0,100,0,
44,4,100,ZX_split,0.32173611710797767,0.6162969373960713,0.2945608202880936,0.9784648685435471,0.021535131456452916,49,1,42,8,50,50,
44,4,100,RL_adaptive,0.32173611710797767,0.372987721800061,0.05125160469208334,0.9993434619851749,0.0006565380148251254,51,3,31,15,54,46,0.9993434619851749
44,4,250,Z_only,0.32173611710797767,0.3110916017919615,0.010644515316016179,0.9999716738408829,2.832615911707581e-05,244,6,0,0,250,0,
44,4,250,ZX_split,0.32173611710797767,0.42395727250389575,0.10222115539591808,0.9973899827435976,0.0026100172564024193,119,6,88,37,125,125,
44,4,250,RL_adaptive,0.32173611710797767,0.31838260738418855,0.0033535097237891165,0.9999971884957681,2.8115042318699324e-06,116,3,86,45,119,131,0.9999971884957681
44,4,500,Z_only,0.32173611710797767,0.23719886669318815,0.08453725041478952,0.9982144270931778,0.0017855729068222415,493,7,0,0,500,0,
44,4,500,ZX_split,0.32173611710797767,0.35219799496581344,0.030461877857835773,0.999768036437261,0.00023196356273902374,242,8,168,82,250,250,
44,4,500,RL_adaptive,0.32173611710797767,0.30583034858426716,0.015905768523710506,0.9999367529653582,6.324703464177794e-05,280,11,135,74,291,209,0.9999367529653582
45,0,10,Z_only,0.7308386085089152,0.6435011087932843,0.08733749971563098,0.9980942521428077,0.0019057478571923303,9,1,0,0,10,0,
45,0,10,ZX_split,0.7308386085089152,0.5404195002705843,0.19041910823833097,0.9909624982777289,0.009037501722271135,5,0,4,1,5,5,
45,0,10,RL_adaptive,0.7308386085089152,0.3217505543966422,0.40908805411227306,0.9587419757720497,0.04125802422795033,4,0,4,2,4,6,0.9587419757720497
45,0,25,Z_only,0.7308386085089152,0.7074832117793429,0.02335539672957232,0.9998636375595903,0.00013636244040970968,22,3,0,0,25,0,
45,0,25,ZX_split,0.7308386085089152,0.5736666681681609,0.15717194034075432,0.9938369481438245,0.006163051856175494,11,1,10,3,12,13,
45,0,25,RL_adaptive,0.7308386085089152,0.5191461142465229,0.21169249426239234,0.988838348452855,0.01116165154714499,11,0,11,3,11,14,0.988838348452855
45,0,50,Z_only,0.7308386085089152,0.7669940078618667,0.03615539935295142,0.999673232372972,0.00032676762702799067,43,7,0,0,50,0,
45,0,50,ZX_split,0.7308386085089152,0.6528466311007743,0.0779919774081409,0.9984800835385045,0.0015199164614955185,21,4,19,6,25,25,
45,0,50,RL_adaptive,0.7308386085089152,0.7820424712952984,0.051203862786383114,0.9993446843052092,0.0006553156947908256,20,7,17,6,27,23,0.9993446843052092
45,0,100,Z_only,0.7308386085089152,0.6093853080307949,0.12145330047812031,0.9963168048302199,0.003683195169780107,91,9,0,0,100,0,
45,0,100,ZX_split,0.7308386085089152,0.7853981633974483,0.054559554888533035,0.9992559983286701,0.0007440016713299302,45,5,45,5,50,50,
45,0,100,RL_adaptive,0.7308386085089152,0.8115246213863754,0.08068601287746013,0.998373324621757,0.0016266753782430143,48,9,37,6,57,43,0.998373324621757
45,0,250,Z_only,0.7308386085089152,0.6435011087932843,0.08733749971563098,0.9980942521428077,0.0019057478571923303,225,25,0,0,250,0,
45,0,250,ZX_split,0.7308386085089152,0.6834797959165744,0.04735881259234087,0.9994393905097951,0.0005606094902048664,111,14,102,23,125,125,
45,0,250,RL_adaptive,0.7308386085089152,0.7686399558152109,0.037801347306295696,0.9996428070724901,0.0003571929275099084,102,18,109,21,120,130,0.9996428070724901
45,0,500,Z_only,0.7308386085089152,0.8009846876655522,0.07014607915663695,0.9987703862088669,0.0012296137911330662,424,76,0,0,500,0,
45,0,500,ZX_split,0.7308386085089152,0.7520771675192011,0.021238559010285818,0.9998872351416843,0.00011276485831568372,218,32,212,38,250,250,
45,0,500,RL_adaptive,0.7308386085089152,0.7130513816267227,0.017787226882192586,0.9999209057253494,7.909427465058183e-05,259,32,175,34,291,209,0.9999209057253494
45,1,10,Z_only,0.7308386085089152,0.0,0.7308386085089152,0.8723074489164659,0.12769255108353406,10,0,0,0,10,0,
45,1,10,ZX_split,0.7308386085089152,0.7853981633974483,0.054559554888533035,0.9992559983286701,0.0007440016713299302,5,0,5,0,5,5,
45,1,10,RL_adaptive,0.7308386085089152,0.3217505543966421,0.40908805411227317,0.9587419757720497,0.04125802422795033,4,1,3,2,5,5,0.9587419757720497
45,1,25,Z_only,0.7308386085089152,0.8230336921349761,0.09219508362606088,0.9978765213971568,0.0021234786028432318,21,4,0,0,25,0,
45,1,25,ZX_split,0.7308386085089152,0.7930316029149415,0.062192994406026214,0.9990333195127838,0.0009666804872161538,11,1,12,1,12,13,
45,1,25,RL_adaptive,0.7308386085089152,0.5736666681681609,0.15717194034075432,0.9938369481438245,0.006163051856175494,11,1,10,3,12,13,0.9938369481438245
45,1,50,Z_only,0.7308386085089152,0.8762980611683407,0.1454594526594255,0.9947197070014481,0.005280292998551928,41,9,0,0,50,0,
45,1,50,ZX_split,0.7308386085089152,0.4868992318112691,0.24393937669764615,0.9851970200751747,0.014802979924825266,21,4,17,8,25,25,
45,1,50,RL_adaptive,0.7308386085089152,0.6977851893759784,0.0330534191329368,0.9997268927370534,0.0002731072629466036,24,3,19,4,27,23,0.9997268927370534
45,1,100,Z_only,0.7308386085089152,0.7669940078618667,0.03615539935295142,0.999673232372972,0.00032676762702799067,86,14,0,0,100,0,
45,1,100,ZX_split,0.7308386085089152,0.7853981633974483,0.054559554888533035,0.9992559983286701,0.0007440016713299302,44,6,44,6,50,50,
45,1,100,RL_adaptive,0.7308386085089152,0.6886858954934113,0.04215271301550394,0.9995558529674675,0.00044414703253248256,52,3,39,6,55,45,0.9995558529674675
45,1,250,Z_only,0.7308386085089152,0.6824973172759718,0.048341291232943395,0.9994158936526666,0.0005841063473334129,222,28,0,0,250,0,
45,1,250,ZX_split,0.7308386085089152,0.7273240038344942,0.0035146046744209958,0.9999969118916743,3.0881083257217057e-06,108,17,103,22,125,125,
45,1,250,RL_adaptive,0.7308386085089152,0.6607379950745889,0.07010061343432639,0.9987719790070393,0.00122802099296071,108,11,107,24,119,131,0.9987719790070393
45,1,500,Z_only,0.7308386085089152,0.7553961630373626,0.024557554528447323,0.9998492392057772,0.00015076079422282618,432,68,0,0,500,0,
45,1,500,ZX_split,0.7308386085089152,0.651374961817385,0.07946364669153028,0.9984222127168362,0.0015777872831638229,226,24,202,48,250,250,
45,1,500,RL_adaptive,0.7308386085089152,0.675621771011297,0.0552168374976183,0.9992379688567176,0.0007620311432824378,257,33,170,40,290,210,0.9992379688567176
45,2,10,Z_only,0.7308386085089152,0.6435011087932843,0.08733749971563098,0.9980942521428077,0.0019057478571923303,9,1,0,0,10,0,
45,2,10,ZX_split,0.7308386085089152,0.7853981633974483,0.054559554888533035,0.9992559983286701,0.0007440016713299302,5,0,5,0,5,5,
45,2,10,RL_adaptive,0.7308386085089152,6.085789747329706,0.928234168358796,0.7996242876681572,0.20037571233184281,5,0,2,3,5,5,0.7996242876681572
45,2,25,Z_only,0.7308386085089152,0.8230336921349761,0.09219508362606088,0.9978765213971568,0.0021234786028432318,21,4,0,0,25,0,
45,2,25,ZX_split,0.7308386085089152,0.6932231258409866,0.03761548266792869,0.9996463105725193,0.00035368942748070786,11,1,11,2,12,13,
45,2,25,RL_adaptive,0.7308386085089152,0.7777647238799551,0.046926115371039856,0.9994495859389141,0.0005504140610859132,12,1,11,1,13,12,0.9994495859389141
45,2,50,Z_only,0.7308386085089152,0.6435011087932843,0.08733749971563098,0.9980942521428077,0.0019057478571923303,45,5,0,0,50,0,
45,2,50,ZX_split,0.7308386085089152,0.7354397676755055,0.004601159166590207,0.9999947073429183,5.2926570817124485e-06,23,2,22,3,25,25,
45,2,50,RL_adaptive,0.7308386085089152,0.551308362091822,0.17953024641709325,0.9919638420084864,0.008036157991513582,24,3,17,6,27,23,0.9919638420084864
45,2,100,Z_only,0.7308386085089152,0.7377259684532488,0.006887359944333538,0.9999881411151275,1.1858884872539832e-05,87,13,0,0,100,0,
45,2,100,ZX_split,0.7308386085089152,0.7583777142101835,0.027539105701268274,0.9998104113967845,0.00018958860321549587,44,6,43,7,50,50,
45,2,100,RL_adaptive,0.7308386085089152,0.7069640821228709,0.02387452638604437,0.9998575085159159,0.00014249148408407297,51,6,36,7,57,43,0.9998575085159159
45,2,250,Z_only,0.7308386085089152,0.7553961630373626,0.024557554528447323,0.9998492392057772,0.00015076079422282618,216,34,0,0,250,0,
45,2,250,ZX_split,0.7308386085089152,0.6937020071375852,0.037136601371330014,0.9996552578326526,0.0003447421673473672,110,15,102,23,125,125,
45,2,250,RL_adaptive,0.7308386085089152,0.885355262290764,0.15451665378184876,0.9940430171985488,0.005956982801451183,100,21,116,13,121,129,0.9940430171985488
45,2,500,Z_only,0.7308386085089152,0.8175643462529458,0.08672573774403058,0.9981208398652452,0.0018791601347547537,421,79,0,0,500,0,
45,2,500,ZX_split,0.7308386085089152,0.7520771675192011,0.021238559010285818,0.9998872351416843,0.00011276485831568372,218,32,212,38,250,250,
45,2,500,RL_adaptive,0.7308386085089152,0.76710194356903,0.03626333506011481,0.9996712786581359,0.0003287213418641244,251,39,179,31,290,210,0.9996712786581359
45,3,10,Z_only,0.7308386085089152,0.6435011087932843,0.08733749971563098,0.9980942521428077,0.0019057478571923303,9,1,0,0,10,0,
45,3,10,ZX_split,0.7308386085089152,1.2490457723982544,0.5182071638893392,0.9343543045778926,0.06564569542210741,3,2,4,1,5,5,
45,3,10,RL_adaptive,0.7308386085089152,0.7853981633974483,0.054559554888533035,0.9992559983286701,0.0007440016713299302,4,1,4,1,5,5,0.9992559983286701
45,3,25,Z_only,0.7308386085089152,0.40271584158066176,0.3281227669282535,0.9733244902663333,0.026675509733666725,24,1,0,0,25,0,
45,3,25,ZX_split,0.7308386085089152,0.8224182792713784,0.0915796707624632,0.997904755962397,0.0020952440376029724,9,3,10,3,12,13,
45,3,25,RL_adaptive,0.7308386085089152,1.0882830317724197,0.35744442326350445,0.9683970151884506,0.03160298481154944,10,4,10,1,14,11,0.9683970151884506
45,3,50,Z_only,0.7308386085089152,0.7669940078618667,0.03615539935295142,0.999673232372972,0.00032676762702799067,43,7,0,0,50,0,
45,3,50,ZX_split,0.7308386085089152,1.0164888305933455,0.28565022208443025,0.9797393175095881,0.020260682490411908,19,6,23,2,25,25,
45,3,50,RL_adaptive,0.7308386085089152,0.9195434352894054,0.18870482678049016,0.9911240081944577,0.008875991805542327,22,5,21,2,27,23,0.9911240081944577
45,3,100,Z_only,0.7308386085089152,0.7074832117793429,0.02335539672957232,0.9998636375595903,0.00013636244040970968,88,12,0,0,100,0,
45,3,100,ZX_split,0.7308386085089152,0.5543074962015512,0.17653111230736407,0.9922294028237049,0.007770597176295135,46,4,38,12,50,50,
45,3,100,RL_adaptive,0.7308386085089152,0.7834179679658806,0.05257935945696535,0.9993090119532796,0.0006909880467204088,51,5,40,4,56,44,0.9993090119532796
45,3,250,Z_only,0.7308386085089152,0.7074832117793429,0.02335539672957232,0.9998636375595903,0.00013636244040970968,220,30,0,0,250,0,
45,3,250,ZX_split,0.7308386085089152,0.7360555311444784,0.00521692263556317,0.9999931959449855,6.804055014519861e-06,105,20,101,24,125,125,
45,3,250,RL_adaptive,0.7308386085089152,0.7095095340796351,0.021329074429280115,0.9998862719576148,0.00011372804238518608,103,17,105,25,120,130,0.9998862719576148
45,3,500,Z_only,0.7308386085089152,0.7727408115633954,0.041902203054480114,0.9995611155663439,0.00043888443365613927,429,71,0,0,500,0,
45,3,500,ZX_split,0.7308386085089152,0.7440017078479142,0.013163099338998951,0.9999566838293925,4.331617060748805e-05,213,37,206,44,250,250,
45,3,500,RL_adaptive,0.7308386085089152,0.7291325910559483,0.0017060174529669458,0.9999992723762889,7.276237110609429e-07,267,25,181,27,292,208,0.9999992723762889
45,4,10,Z_only,0.7308386085089152,0.0,0.7308386085089152,0.8723074489164659,0.12769255108353406,10,0,0,0,10,0,
45,4,10,ZX_split,0.7308386085089152,1.0303768265243125,0.29953821801539726,0.9777364265845303,0.022263573415469695,4,1,5,0,5,5,
45,4,10,RL_adaptive,0.7308386085089152,1.373400766945016,0.6425621584361006,0.9002815087402232,0.09971849125977683,3,2,5,0,5,5,0.9002815087402232
45,4,25,Z_only,0.7308386085089152,0.8230336921349761,0.09219508362606088,0.9978765213971568,0.0021234786028432318,21,4,0,0,25,0,
45,4,25,ZX_split,0.7308386085089152,0.8567056281827387,0.1258670196738234,0.9960445994336306,0.003955400566369449,8,4,9,4,12,13,
45,4,25,RL_adaptive,0.7308386085089152,0.8775732009539101,0.14673459244499487,0.9946268909517082,0.005373109048291802,11,2,11,1,13,12,0.9946268909517082
45,4,50,Z_only,0.7308386085089152,0.9272952180016121,0.19645660949269683,0.9903821933627267,0.009617806637273296,40,10,0,0,50,0,
45,4,50,ZX_split,0.7308386085089152,0.7853981633974483,0.054559554888533035,0.9992559983286701,0.0007440016713299302,20,5,20,5,25,25,
45,4,50,RL_adaptive,0.7308386085089152,0.8099468023418277,0.07910819383291245,0.9984362891614159,0.001563710838584087,23,4,20,3,27,23,0.9984362891614159
45,4,100,Z_only,0.7308386085089152,0.7953988301841436,0.06456022167522835,0.998958356319224,0.0010416436807759721,85,15,0,0,100,0,
45,4,100,ZX_split,0.7308386085089152,0.6146629519221656,0.11617565658674966,0.9966295975629542,0.003370402437045783,42,8,37,13,50,50,
45,4,100,RL_adaptive,0.7308386085089152,0.8875506919768813,0.15671208346796606,0.9938728856217597,0.006127114378240317,50,9,38,3,59,41,0.9938728856217597
45,4,250,Z_only,0.7308386085089152,0.6300466904458402,0.10079191806307508,0.9974623966998921,0.0025376033001078824,226,24,0,0,250,0,
45,4,250,ZX_split,0.7308386085089152,0.6893094478800815,0.04152916062883372,0.9995688941693598,0.00043110583064021046,108,17,100,25,125,125,
45,4,250,RL_adaptive,0.7308386085089152,0.6981676180343864,0.032670990474528816,0.9997331753305325,0.0002668246694674803,104,16,105,25,120,130,0.9997331753305325
45,4,500,Z_only,0.7308386085089152,0.7612127332304713,0.030374124721556095,0.9997693708689628,0.00023062913103721883,431,69,0,0,500,0,
45,4,500,ZX_split,0.7308386085089152,0.7798733577317757,0.04903474922286044,0.9993990187735778,0.0006009812264221592,216,34,215,35,250,250,
45,4,500,RL_adaptive,0.7308386085089152,0.769117376796072,0.038278768287156706,0.9996337287015633,0.00036627129843669337,252,38,180,30,290,210,0.9996337287015633
46,0,10,Z_only,2.9939380586022177,3.141592653589793,0.14765459498757538,0.9945594254916459,0.005440574508354112,0,10,0,0,10,0,
46,0,10,ZX_split,2.9939380586022177,3.3389882134396736,0.3450501548374558,0.9705292446117516,0.029470755388248393,0,5,2,3,5,5,
46,0,10,RL_adaptive,2.9939380586022177,2.819842099193151,0.17409595940906675,0.9924417686519206,0.007558231348079425,0,4,4,2,4,6,0.9924417686519206
46,0,25,Z_only,2.9939380586022177,3.141592653589793,0.14765459498757538,0.9945594254916459,0.005440574508354112,0,25,0,0,25,0,
46,0,25,ZX_split,2.9939380586022177,2.9147938055359073,0.07914425306631045,0.9984348640341343,0.001565135965865716,0,12,8,5,12,13,
46,0,25,RL_adaptive,2.9939380586022177,3.141592653589793,0.14765459498757538,0.9945594254916459,0.005440574508354112,1,12,6,6,13,12,0.9945594254916459
46,0,50,Z_only,2.9939380586022177,3.141592653589793,0.14765459498757538,0.9945594254916459,0.005440574508354112,0,50,0,0,50,0,
46,0,50,ZX_split,2.9939380586022177,2.9441970937399127,0.04974096486230506,0.9993815866240713,0.0006184133759287169,0,25,15,10,25,25,
46,0,50,RL_adaptive,2.9939380586022177,2.8685839505030826,0.12535410809913516,0.9960767283451536,0.003923271654846405,0,25,16,9,25,25,0.9960767283451536
46,0,100,Z_only,2.9939380586022177,2.857798544381465,0.13613951422075266,0.9953736601626938,0.004626339837306204,2,98,0,0,100,0,
46,0,100,ZX_split,2.9939380586022177,2.9441970937399127,0.04974096486230506,0.9993815866240713,0.0006184133759287169,0,50,30,20,50,50,
46,0,100,RL_adaptive,2.9939380586022177,2.840672419229368,0.15326563937284954,0.9941388977167559,0.005861102283244102,1,59,26,14,60,40,0.9941388977167559
46,0,250,Z_only,2.9939380586022177,3.141592653589793,0.14765459498757538,0.9945594254916459,0.005440574508354112,0,250,0,0,250,0,
46,0,250,ZX_split,2.9939380586022177,2.928860872898183,0.06507718570403487,0.9989416135800628,0.0010583864199371629,0,125,76,49,125,125,
46,0,250,RL_adaptive,2.9939380586022177,2.992702705980296,0.0012353526219217592,0.9999996184760234,3.8152397663360205e-07,0,130,69,51,130,120,0.9999996184760234
46,0,500,Z_only,2.9939380586022177,3.0521200933852985,0.058182034783080816,0.9991539514142491,0.0008460485857508804,1,499,0,0,500,0,
46,0,500,ZX_split,2.9939380586022177,2.9738296030465827,0.020108455555635008,0.9998989159099732,0.00010108409002684837,1,249,146,104,250,250,
46,0,500,RL_adaptive,2.9939380586022177,2.952853482231848,0.041084576370369774,0.9995780737500604,0.00042192624993964145,1,235,157,107,236,264,0.9995780737500604
46,1,10,Z_only,2.9939380586022177,3.141592653589793,0.14765459498757538,0.9945594254916459,0.005440574508354112,0,10,0,0,10,0,
46,1,10,ZX_split,2.9939380586022177,2.9441970937399127,0.04974096486230506,0.9993815866240713,0.0006184133759287169,0,5,3,2,5,5,
46,1,10,RL_adaptive,2.9939380586022177,3.4633432079864352,0.4694051493842175,0.9459187650628438,0.05408123493715622,0,4,2,4,4,6,0.9459187650628438
46,1,25,Z_only,2.9939380586022177,3.141592653589793,0.14765459498757538,0.9945594254916459,0.005440574508354112,0,25,0,0,25,0,
46,1,25,ZX_split,2.9939380586022177,3.064820762320015,0.07088270371779748,0.998744436410553,0.0012555635894470063,0,12,7,6,12,13,
46,1,25,RL_adaptive,2.9939380586022177,2.5360479899848234,0.45789006861739434,0.9484936011732337,0.05150639882676633,0,12,11,2,12,13,0.9484936011732337
46,1,50,Z_only,2.9939380586022177,3.141592653589793,0.14765459498757538,0.9945594254916459,0.005440574508354112,0,50,0,0,50,0,
46,1,50,ZX_split,2.9939380586022177,3.4146013566765037,0.42066329807428593,0.9564091363727898,0.04359086362721021,0,25,9,16,25,25,
46,1,50,RL_adaptive,2.9939380586022177,2.9441970937399127,0.04974096486230506,0.9993815866240713,0.0006184133759287169,0,25,15,10,25,25,0.9993815866240713
46,1,100,Z_only,2.9939380586022177,2.9412578112666736,0.052680247335544106,0.9993063583241156,0.0006936416758843711,1,99,0,0,100,0,
46,1,100,ZX_split,2.9939380586022177,2.9441970937399127,0.04974096486230506,0.9993815866240713,0.0006184133759287169,0,50,30,20,50,50,
46,1,100,RL_adaptive,2.9939380586022177,2.840672419229368,0.15326563937284954,0.9941388977167559,0.005861102283244102,1,59,26,14,60,40,0.9941388977167559
46,1,250,Z_only,2.9939380586022177,3.141592653589793,0.14765459498757538,0.9945594254916459,0.005440574508354112,0,250,0,0,250,0,
46,1,250,ZX_split,2.9939380586022177,3.0182549526900693,0.024316894087851537,0.9998521794496928,0.0001478205503071539,2,123,70,55,125,125,
46,1,250,RL_adaptive,2.9939380586022177,2.9996955989856295,0.005757540383411808,0.9999917127050765,8.287294923525756e-06,0,131,68,51,131,119,0.9999917127050765
46,1,500,Z_only,2.9939380586022177,3.0521200933852985,0.058182034783080816,0.9991539514142491,0.0008460485857508804,1,499,0,0,500,0,
46,1,500,ZX_split,2.9939380586022177,2.996282642954091,0.0023445843518734577,0.9999986257316836,1.374268316367555e-06,2,248,143,107,250,250,
46,1,500,RL_adaptive,2.9939380586022177,2.8946039429187365,0.09933411568348127,0.9975352110930754,0.0024647889069245865,1,235,165,99,236,264,0.9975352110930754
46,2,10,Z_only,2.9939380586022177,3.141592653589793,0.14765459498757538,0.9945594254916459,0.005440574508354112,0,10,0,0,10,0,
46,2,10,ZX_split,2.9939380586022177,3.3389882134396736,0.3450501548374558,0.9705292446117516,0.029470755388248393,0,5,2,3,5,5,
46,2,10,RL_adaptive,2.9939380586022177,2.5535900500422257,0.440348008559992,0.9523016889279283,0.047698311072071675,0,4,5,1,4,6,0.9523016889279283
46,2,25,Z_only,2.9939380586022177,3.141592653589793,0.14765459498757538,0.9945594254916459,0.005440574508354112,0,25,0,0,25,0,
46,2,25,ZX_split,2.9939380586022177,2.647651284670212,0.3462867739320057,0.9703197454741103,0.029680254525889738,0,12,10,3,12,13,
46,2,25,RL_adaptive,2.9939380586022177,2.774418819771574,0.21951923883064373,0.9880011264375613,0.011998873562438672,0,12,9,4,12,13,0.9880011264375613
46,2,50,Z_only,2.9939380586022177,3.141592653589793,0.14765459498757538,0.9945594254916459,0.005440574508354112,0,50,0,0,50,0,
46,2,50,ZX_split,2.9939380586022177,2.796037073008081,0.1979009855941367,0.9902407141521861,0.009759285847813937,0,25,17,8,25,25,
46,2,50,RL_adaptive,2.9939380586022177,3.1016139664665032,0.10767590786428549,0.9971042741172617,0.0028957258827383425,0,25,13,12,25,25,0.9971042741172617
46,2,100,Z_only,2.9939380586022177,2.9412578112666736,0.052680247335544106,0.9993063583241156,0.0006936416758843711,1,99,0,0,100,0,
46,2,100,ZX_split,2.9939380586022177,2.976443976175166,0.017494082427051527,0.9999234912212862,7.65087787137908e-05,1,49,29,21,50,50,
46,2,100,RL_adaptive,2.9939380586022177,3.0258334358689827,0.031895377266764946,0.9997456927875632,0.00025430721243679955,0,57,24,19,57,43,0.9997456927875632
46,2,250,Z_only,2.9939380586022177,3.141592653589793,0.14765459498757538,0.9945594254916459,0.005440574508354112,0,250,0,0,250,0,
46,2,250,ZX_split,2.9939380586022177,2.925507681293007,0.06843037730921075,0.9988297776239077,0.0011702223760923225,1,124,76,49,125,125,
46,2,250,RL_adaptive,2.9939380586022177,2.8670913277817545,0.12684673082046327,0.9959828673926185,0.004017132607381457,1,130,76,43,131,119,0.9959828673926185
46,2,500,Z_only,2.9939380586022177,3.0521200933852985,0.058182034783080816,0.9991539514142491,0.0008460485857508804,1,499,0,0,500,0,
46,2,500,ZX_split,2.9939380586022177,2.972491427588416,0.02144663101380173,0.9998850149120002,0.00011498508799978602,2,248,146,104,250,250,
46,2,500,RL_adaptive,2.9939380586022177,3.0759386871342804,0.08200062853206269,0.9983199159681997,0.0016800840318003107,2,235,140,123,237,263,0.9983199159681997
46,3,10,Z_only,2.9939380586022177,3.141592653589793,0.14765459498757538,0.9945594254916459,0.005440574508354112,0,10,0,0,10,0,
46,3,10,ZX_split,2.9939380586022177,2.9441970937399127,0.04974096486230506,0.9993815866240713,0.0006184133759287169,0,5,3,2,5,5,
46,3,10,RL_adaptive,2.9939380586022177,2.819842099193151,0.17409595940906675,0.9924417686519206,0.007558231348079425,0,4,4,2,4,6,0.9924417686519206
46,3,25,Z_only,2.9939380586022177,3.141592653589793,0.14765459498757538,0.9945594254916459,0.005440574508354112,0,25,0,0,25,0,
46,3,25,ZX_split,2.9939380586022177,2.647651284670212,0.3462867739320057,0.9703197454741103,0.029680254525889738,0,12,10,3,12,13,
46,3,25,RL_adaptive,2.9939380586022177,2.774418819771574,0.21951923883064373,0.9880011264375613,0.011998873562438672,0,12,9,4,12,13,0.9880011264375613
46,3,50,Z_only,2.9939380586022177,3.141592653589793,0.14765459498757538,0.9945594254916459,0.005440574508354112,0,50,0,0,50,0,
46,3,50,ZX_split,2.9939380586022177,3.1016139664665032,0.10767590786428549,0.9971042741172617,0.0028957258827383425,0,25,13,12,25,25,
46,3,50,RL_adaptive,2.9939380586022177,3.0221637275714546,0.02822566896923684,0.9998008411256334,0.00019915887436661173,0,25,14,11,25,25,0.9998008411256334
46,3,100,Z_only,2.9939380586022177,3.141592653589793,0.14765459498757538,0.9945594254916459,0.005440574508354112,0,100,0,0,100,0,
46,3,100,ZX_split,2.9939380586022177,2.8685839505030826,0.12535410809913516,0.9960767283451536,0.003923271654846405,0,50,32,18,50,50,
46,3,100,RL_adaptive,2.9939380586022177,2.980217543169102,0.01372051543311592,0.9999529376023708,4.706239762919395e-05,0,57,25,18,57,43,0.9999529376023708
46,3,250,Z_only,2.9939380586022177,3.141592653589793,0.14765459498757538,0.9945594254916459,0.005440574508354112,0,250,0,0,250,0,
46,3,250,ZX_split,2.9939380586022177,2.8834815372066314,0.11045652139558637,0.996952939119627,0.003047060880372987,0,125,79,46,125,125,
46,3,250,RL_adaptive,2.9939380586022177,3.0738996308958244,0.07996157229360668,0.998402388252516,0.0015976117474839624,0,132,63,55,132,118,0.998402388252516
46,3,500,Z_only,2.9939380586022177,2.9865179806254547,0.007420077976763029,0.9999862356738572,1.3764326142751138e-05,3,497,0,0,500,0,
46,3,500,ZX_split,2.9939380586022177,3.0064219549407842,0.012483896338566502,0.9999610385890598,3.89614109401748e-05,0,250,142,108,250,250,
46,3,500,RL_adaptive,2.9939380586022177,2.984990776607778,0.008947281994439837,0.9999799866697405,2.001333025947183e-05,0,234,154,112,234,266,0.9999799866697405
46,4,10,Z_only,2.9939380586022177,3.141592653589793,0.14765459498757538,0.9945594254916459,0.005440574508354112,0,10,0,0,10,0,
46,4,10,ZX_split,2.9939380586022177,3.3389882134396736,0.3450501548374558,0.9705292446117516,0.029470755388248393,0,5,2,3,5,5,
46,4,10,RL_adaptive,2.9939380586022177,3.682012153860377,0.6880740952581594,0.8862352469497563,0.1137647530502437,0,5,1,4,5,5,0.8862352469497563
46,4,25,Z_only,2.9939380586022177,3.141592653589793,0.14765459498757538,0.9945594254916459,0.005440574508354112,0,25,0,0,25,0,
46,4,25,ZX_split,2.9939380586022177,3.218364544859571,0.22442648625735329,0.987460950656509,0.012539049343491038,0,12,6,7,12,13,
46,4,25,RL_adaptive,2.9939380586022177,2.9147938055359073,0.07914425306631045,0.9984348640341343,0.001565135965865716,0,12,8,5,12,13,0.9984348640341343
46,4,50,Z_only,2.9939380586022177,3.141592653589793,0.14765459498757538,0.9945594254916459,0.005440574508354112,0,50,0,0,50,0,
46,4,50,ZX_split,2.9939380586022177,2.662073361597197,0.33186469700502075,0.972718228537486,0.027281771462513982,0,25,19,6,25,25,
46,4,50,RL_adaptive,2.9939380586022177,2.9441970937399127,0.04974096486230506,0.9993815866240713,0.0006184133759287169,0,25,15,10,25,25,0.9993815866240713
46,4,100,Z_only,2.9939380586022177,2.9412578112666736,0.052680247335544106,0.9993063583241156,0.0006936416758843711,1,99,0,0,100,0,
46,4,100,ZX_split,2.9939380586022177,3.061762667877556,0.06782460927533807,0.9988503963939438,0.0011496036060562043,0,50,27,23,50,50,
46,4,100,RL_adaptive,2.9939380586022177,2.935268759560076,0.0586692990421418,0.9991397251416677,0.0008602748583322883,0,57,26,17,57,43,0.9991397251416677
46,4,250,Z_only,2.9939380586022177,3.015017067627069,0.02107900902485138,0.9998889229575793,0.00011107704242074856,1,249,0,0,250,0,
46,4,250,ZX_split,2.9939380586022177,2.8148916445843075,0.17904641401791022,0.9920069827682224,0.007993017231777588,2,123,83,42,125,125,
46,4,250,RL_adaptive,2.9939380586022177,3.019681934238298,0.025743875636080382,0.9998343223673095,0.0001656776326904863,1,133,65,51,134,116,0.9998343223673095
46,4,500,Z_only,2.9939380586022177,3.0521200933852985,0.058182034783080816,0.9991539514142491,0.0008460485857508804,1,499,0,0,500,0,
46,4,500,ZX_split,2.9939380586022177,2.996282642954091,0.0023445843518734577,0.9999986257316836,1.374268316367555e-06,2,248,143,107,250,250,
46,4,500,RL_adaptive,2.9939380586022177,2.99945800526623,0.005519946664012121,0.9999923825665487,7.61743345134569e-06,2,235,150,113,237,263,0.9999923825665487
47,0,10,Z_only,4.172213598444901,1.7721542475852272,2.4000593508596735,0.13128309821853906,0.8687169017814609,4,6,0,0,10,0,
47,0,10,ZX_split,4.172213598444901,4.514993420534809,0.3427798220899083,0.970911994706436,0.029088005293564034,2,3,0,5,5,5,
47,0,10,RL_adaptive,4.172213598444901,3.9269908169872414,0.24522278145765952,0.9850416319233791,0.014958368076620876,1,4,1,4,5,5,0.9850416319233791
47,0,25,Z_only,4.172213598444901,2.318558961454817,1.853654636990084,0.3604492447611287,0.6395507552388713,4,21,0,0,25,0,
47,0,25,ZX_split,4.172213598444901,4.71238898038469,0.5401753819397888,0.9288092490028498,0.07119075099715022,6,6,2,11,12,13,
47,0,25,RL_adaptive,4.172213598444901,4.1068443167797195,0.06536928166518141,0.9989320946109421,0.0010679053890578771,2,11,0,12,13,12,0.9989320946109421
47,0,50,Z_only,4.172213598444901,1.8545904360032244,2.3176231624416763,0.16034321840732035,0.8396567815926796,18,32,0,0,50,0,
47,0,50,ZX_split,4.172213598444901,4.41694814324097,0.24473454479606893,0.9851008393147334,0.014899160685266644,9,16,1,24,25,25,
47,0,50,RL_adaptive,4.172213598444901,4.151225568096338,0.02098803034856278,0.9998898796879203,0.00011012031207968676,6,22,1,21,28,22,0.9998898796879203
47,0,100,Z_only,4.172213598444901,2.0714510391994847,2.100762559245416,0.24724789698190489,0.7527521030180951,26,74,0,0,100,0,
47,0,100,ZX_split,4.172213598444901,4.324070262212223,0.15185666376732243,0.9942459587419595,0.005754041258040465,16,34,3,47,50,50,
47,0,100,RL_adaptive,4.172213598444901,4.127361495989668,0.0448521024552333,0.9994971565327977,0.0005028434672023074,14,53,2,31,67,33,0.9994971565327977
47,0,250,Z_only,4.172213598444901,2.2142974355881813,1.9579161628567197,0.31123852390498363,0.6887614760950164,50,200,0,0,250,0,
47,0,250,ZX_split,4.172213598444901,4.203788975619231,0.03157537717433012,0.9997507695970917,0.0002492304029082515,31,94,6,119,125,125,
47,0,250,RL_adaptive,4.172213598444901,4.146905092229865,0.025308506215035997,0.999839878425327,0.00016012157467304444,36,124,6,84,160,90,0.999839878425327
47,0,500,Z_only,4.172213598444901,2.1555571956282784,2.0166564028166225,0.2843829826079995,0.7156170173920005,112,388,0,0,500,0,
47,0,500,ZX_split,4.172213598444901,4.179884882082838,0.007671283637937343,0.9999852879239856,1.4712076014444797e-05,59,191,13,237,250,250,
47,0,500,RL_adaptive,4.172213598444901,4.1973879731484445,0.025174374703543556,0.9998415710818526,0.0001584289181474352,69,196,18,217,265,235,0.9998415710818526
47,1,10,Z_only,4.172213598444901,2.2142974355881813,1.9579161628567197,0.31123852390498363,0.6887614760950164,2,8,0,0,10,0,
47,1,10,ZX_split,4.172213598444901,3.682012153860377,0.49020144458452375,0.9411190178358776,0.05888098216412241,0,5,1,4,5,5,
47,1,10,RL_adaptive,4.172213598444901,4.124386376837123,0.04782722160777819,0.9994282482182597,0.0005717517817402928,1,5,0,4,6,4,0.9994282482182597
47,1,25,Z_only,4.172213598444901,2.117647277490841,2.05456632095406,0.267440074149105,0.732559925850895,6,19,0,0,25,0,
47,1,25,ZX_split,4.172213598444901,4.3371181575287325,0.16490455908383161,0.9932170136233248,0.006782986376675182,4,8,1,12,12,13,
47,1,25,RL_adaptive,4.172213598444901,4.345215146566471,0.17300154812156965,0.9925362595016506,0.007463740498349414,4,9,0,12,13,12,0.9925362595016506
47,1,50,Z_only,4.172213598444901,2.2652945924214523,1.9069190060234487,0.33508538385135095,0.664914616148649,9,41,0,0,50,0,
47,1,50,ZX_split,4.172213598444901,4.031867755717475,0.14034584272742556,0.9950838385118801,0.004916161488119908,4,21,2,23,25,25,
47,1,50,RL_adaptive,4.172213598444901,4.300811524850369,0.12859792640546797,0.9958713378261953,0.004128662173804698,9,19,2,20,28,22,0.9958713378261953
47,1,100,Z_only,4.172213598444901,2.0943951023931957,2.077818496051705,0.25721189957519125,0.7427881004248087,25,75,0,0,100,0,
47,1,100,ZX_split,4.172213598444901,4.229875685362213,0.057662086917312116,0.9991690012214814,0.0008309987785185546,14,36,4,46,50,50,
47,1,100,RL_adaptive,4.172213598444901,4.247173974548321,0.07496037610342032,0.9985958931681791,0.001404106831820906,18,50,1,31,68,32,0.9985958931681791
47,1,250,Z_only,4.172213598444901,2.0990200959485676,2.0731935024963333,0.2592360606571771,0.7407639393428229,62,188,0,0,250,0,
47,1,250,ZX_split,4.172213598444901,4.316908680918093,0.1446950824731923,0.994774959073258,0.005225040926742031,41,84,11,114,125,125,
47,1,250,RL_adaptive,4.172213598444901,4.073684792403232,0.09852880604166891,0.9975749813726686,0.0024250186273313545,34,123,11,82,157,93,0.9975749813726686
47,1,500,Z_only,4.172213598444901,2.136488157312172,2.035725441132729,0.27582027940723125,0.7241797205927687,116,384,0,0,500,0,
47,1,500,ZX_split,4.172213598444901,4.169323983640256,0.002889614804645113,0.9999979125330225,2.0874669774961774e-06,58,192,14,236,250,250,
47,1,500,RL_adaptive,4.172213598444901,4.172873848176803,0.0006602497319017075,0.999999891017577,1.0898242297496807e-07,61,203,12,224,264,236,0.999999891017577
47,2,10,Z_only,4.172213598444901,1.7721542475852272,2.4000593508596735,0.13128309821853906,0.8687169017814609,4,6,0,0,10,0,
47,2,10,ZX_split,4.172213598444901,3.682012153860377,0.49020144458452375,0.9411190178358776,0.05888098216412241,0,5,1,4,5,5,
47,2,10,RL_adaptive,4.172213598444901,4.71238898038469,0.5401753819397888,0.9288092490028498,0.07119075099715022,3,3,0,4,6,4,0.9288092490028498
47,2,25,Z_only,4.172213598444901,2.117647277490841,2.05456632095406,0.267440074149105,0.732559925850895,6,19,0,0,25,0,
47,2,25,ZX_split,4.172213598444901,4.3906384259880475,0.21842482754314663,0.9881199938986801,0.011880006101319895,4,8,0,13,12,13,
47,2,25,RL_adaptive,4.172213598444901,4.138722312216529,0.033491286228372275,0.999719609646862,0.00028039035313798255,3,10,1,11,13,12,0.999719609646862
47,2,50,Z_only,4.172213598444901,2.165182126795959,2.007031471648942,0.2887349022501571,0.7112650977498429,11,39,0,0,50,0,
47,2,50,ZX_split,4.172213598444901,4.197937667325662,0.025724068880760953,0.9998345771924279,0.00016542280757214645,6,19,1,24,25,25,
47,2,50,RL_adaptive,4.172213598444901,4.235043598011018,0.06282999956611679,0.9990134224045708,0.0009865775954291944,7,22,0,21,29,21,0.9990134224045708
47,2,100,Z_only,4.172213598444901,2.1412334361948187,2.0309801622500823,0.2779435871591869,0.7220564128408131,23,77,0,0,100,0,
47,2,100,ZX_split,4.172213598444901,4.41694814324097,0.24473454479606893,0.9851008393147334,0.014899160685266644,18,32,2,48,50,50,
47,2,100,RL_adaptive,4.172213598444901,4.152029103479847,0.020184494965054256,0.9998981499987468,0.00010185000125317867,14,54,1,31,68,32,0.9998981499987468
47,2,250,Z_only,4.172213598444901,2.080593246951929,2.091620351492972,0.25120246324731016,0.7487975367526898,64,186,0,0,250,0,
47,2,250,ZX_split,4.172213598444901,4.09384597738703,0.07836762105787098,0.9984654146196301,0.0015345853803698795,23,102,7,118,125,125,
47,2,250,RL_adaptive,4.172213598444901,4.181145127169141,0.008931528724239968,0.9999800570812368,1.994291876317167e-05,41,118,8,83,159,91,0.9999800570812368
47,2,500,Z_only,4.172213598444901,2.103657605551395,2.068555992893506,0.26127087042835495,0.738729129571645,123,377,0,0,500,0,
47,2,500,ZX_split,4.172213598444901,4.256463225625145,0.08424962718024442,0.9982265494483448,0.0017734505516552312,74,176,21,229,250,250,
47,2,500,RL_adaptive,4.172213598444901,4.168686775934848,0.003526822510052874,0.9999968903839687,3.1096160313381915e-06,61,203,13,223,264,236,0.9999968903839687
47,3,10,Z_only,4.172213598444901,2.498091544796509,1.674122053648392,0.44842901474130775,0.5515709852586923,1,9,0,0,10,0,
47,3,10,ZX_split,4.172213598444901,3.9269908169872414,0.24522278145765952,0.9850416319233791,0.014958368076620876,1,4,1,4,5,5,
47,3,10,RL_adaptive,4.172213598444901,4.124386376837123,0.04782722160777819,0.9994282482182597,0.0005717517817402928,1,5,0,4,6,4,0.9994282482182597
47,3,25,Z_only,4.172213598444901,2.2142974355881813,1.9579161628567197,0.31123852390498363,0.6887614760950164,5,20,0,0,25,0,
47,3,25,ZX_split,4.172213598444901,4.517908864169584,0.34569526572468323,0.9704200443061295,0.029579955693870508,5,7,1,12,12,13,
47,3,25,RL_adaptive,4.172213598444901,3.850218925717463,0.32199467272743787,0.9743030363945434,0.02569696360545659,0,11,1,13,11,14,0.9743030363945434
47,3,50,Z_only,4.172213598444901,2.02639500019072,2.145818598254181,0.22807325970701972,0.7719267402929803,14,36,0,0,50,0,
47,3,50,ZX_split,4.172213598444901,4.197937667325662,0.025724068880760953,0.9998345771924279,0.00016542280757214645,6,19,1,24,25,25,
47,3,50,RL_adaptive,4.172213598444901,4.096885221485774,0.07532837695912686,0.9985820795795404,0.0014179204204596285,5,23,1,21,28,22,0.9985820795795404
47,3,100,Z_only,4.172213598444901,2.02639500019072,2.145818598254181,0.22807325970701972,0.7719267402929803,28,72,0,0,100,0,
47,3,100,ZX_split,4.172213598444901,4.307497194099606,0.13528359565470538,0.9954315610651658,0.0045684389348341625,16,34,4,46,50,50,
47,3,100,RL_adaptive,4.172213598444901,4.176066574032804,0.003852975587903096,0.9999962886493711,3.7113506289321307e-06,16,51,2,31,67,33,0.9999962886493711
47,3,250,Z_only,4.172213598444901,2.244647490415026,1.927566108029875,0.3253753754088593,0.6746246245911407,47,203,0,0,250,0,
47,3,250,ZX_split,4.172213598444901,4.122011084392163,0.05020251405273779,0.9993700592152852,0.0006299407847147886,30,95,14,111,125,125,
47,3,250,RL_adaptive,4.172213598444901,4.105415460054149,0.06679813839075166,0.9988849168936607,0.001115083106339343,34,125,8,83,159,91,0.9988849168936607
47,3,500,Z_only,4.172213598444901,2.080593246951929,2.091620351492972,0.25120246324731016,0.7487975367526898,128,372,0,0,500,0,
47,3,500,ZX_split,4.172213598444901,4.245269163115642,0.07305556467074137,0.9986663144454744,0.001333685554525621,67,183,10,240,250,250,
47,3,500,RL_adaptive,4.172213598444901,4.134223123660181,0.03799047478471973,0.9996392243511142,0.0003607756488858138,58,205,17,220,263,237,0.9996392243511142
47,4,10,Z_only,4.172213598444901,1.7721542475852272,2.4000593508596735,0.13128309821853906,0.8687169017814609,4,6,0,0,10,0,
47,4,10,ZX_split,4.172213598444901,4.171969480114106,0.00024411833079529544,0.9999999851015602,1.4898439815169695e-08,1,4,0,5,5,5,
47,4,10,RL_adaptive,4.172213598444901,4.124386376837123,0.04782722160777819,0.9994282482182597,0.0005717517817402928,1,5,0,4,6,4,0.9994282482182597
47,4,25,Z_only,4.172213598444901,2.7388768120091314,1.4333367864357696,0.568513531637584,0.431486468362416,1,24,0,0,25,0,
47,4,25,ZX_split,4.172213598444901,4.412217809554578,0.24000421110967718,0.9856684869257932,0.01433151307420677,5,7,3,10,12,13,
47,4,25,RL_adaptive,4.172213598444901,4.279981204814152,0.10776760636925076,0.9970993447016162,0.002900655298383792,4,9,1,11,13,12,0.9970993447016162
47,4,50,Z_only,4.172213598444901,1.8131621778338598,2.359051420611041,0.14543797620405213,0.8545620237959479,19,31,0,0,50,0,
47,4,50,ZX_split,4.172213598444901,4.115212322292012,0.057001276152888636,0.9991879335417995,0.0008120664582005332,4,21,0,25,25,25,
47,4,50,RL_adaptive,4.172213598444901,4.151225568096338,0.02098803034856278,0.9998898796879203,0.00011012031207968676,6,22,1,21,28,22,0.9998898796879203
47,4,100,Z_only,4.172213598444901,2.1412334361948187,2.0309801622500823,0.2779435871591869,0.7220564128408131,23,77,0,0,100,0,
47,4,100,ZX_split,4.172213598444901,4.2487413713838835,0.07652777293898261,0.9985365894067842,0.0014634105932157526,15,35,5,45,50,50,
47,4,100,RL_adaptive,4.172213598444901,4.301324432994825,0.12911083454992411,0.9958383839642205,0.00416161603577947,22,44,4,30,66,34,0.9958383839642205
47,4,250,Z_only,4.172213598444901,2.1459932064098513,2.0262203920350497,0.28007840222073715,0.7199215977792628,57,193,0,0,250,0,
47,4,250,ZX_split,4.172213598444901,4.208470115515285,0.03625651707038369,0.9996714022409525,0.00032859775904747757,33,92,9,116,125,125,
47,4,250,RL_adaptive,4.172213598444901,4.211023418917019,0.03880982047211834,0.9996234967197942,0.0003765032802057755,42,118,6,84,160,90,0.9996234967197942
47,4,500,Z_only,4.172213598444901,2.122336918101475,2.049876680343426,0.26951837067575124,0.7304816293242488,119,381,0,0,500,0,
47,4,500,ZX_split,4.172213598444901,4.256040511827581,0.08382691338267989,0.9982442906165505,0.0017557093834494886,71,179,15,235,250,250,
47,4,500,RL_adaptive,4.172213598444901,4.196300901579162,0.02408730313426144,0.9998549574699171,0.00014504253008285062,65,200,12,223,265,235,0.9998549574699171
48,0,10,Z_only,0.022009363008065864,0.0,0.022009363008065864,0.9998789018735627,0.00012109812643734674,10,0,0,0,10,0,
48,0,10,ZX_split,0.022009363008065864,0.5404195002705843,0.5184101372625184,0.9343040268918967,0.06569597310810327,5,0,4,1,5,5,
48,0,10,RL_adaptive,0.022009363008065864,0.5880026035475675,0.5659932405395016,0.922028193606121,0.07797180639387902,4,0,5,1,4,6,0.922028193606121
48,0,25,Z_only,0.022009363008065864,0.0,0.022009363008065864,0.9998789018735627,0.00012109812643734674,25,0,0,0,25,0,
48,0,25,ZX_split,0.022009363008065864,6.206413415909808,0.0987812542778439,0.9975625489185772,0.0024374510814227923,12,0,6,7,12,13,
48,0,25,RL_adaptive,0.022009363008065864,6.141288252575422,0.16390641761223002,0.9932986944635015,0.006701305536498503,11,0,6,8,11,14,0.9932986944635015
48,0,50,Z_only,0.022009363008065864,0.0,0.022009363008065864,0.9998789018735627,0.00012109812643734674,50,0,0,0,50,0,
48,0,50,ZX_split,0.022009363008065864,6.163756381161248,0.14143828902640454,0.9950071343669054,0.004992865633094645,25,0,11,14,25,25,
48,0,50,RL_adaptive,0.022009363008065864,6.118036629764959,0.1871580404226929,0.9912684990245801,0.00873150097541986,26,0,10,14,26,24,0.9912684990245801
48,0,100,Z_only,0.022009363008065864,0.0,0.022009363008065864,0.9998789018735627,0.00012109812643734674,100,0,0,0,100,0,
48,0,100,ZX_split,0.022009363008065864,0.07982998571223733,0.057820622704171466,0.9991644267288573,0.0008355732711426977,50,0,27,23,50,50,
48,0,100,RL_adaptive,0.022009363008065864,0.3097029445424562,0.28769358153439034,0.9794504258502619,0.020549574149738126,50,0,33,17,50,50,0.9794504258502619
48,0,250,Z_only,0.022009363008065864,0.0,0.022009363008065864,0.9998789018735627,0.00012109812643734674,250,0,0,0,250,0,
48,0,250,ZX_split,0.022009363008065864,6.085789747329706,0.21940492285794644,0.9880135699962586,0.011986430003741444,125,0,50,75,125,125,
48,0,250,RL_adaptive,0.022009363008065864,0.015150355874769797,0.006859007133296067,0.9999882385513973,1.1761448602709557e-05,118,0,67,65,118,132,0.9999882385513973
48,0,500,Z_only,0.022009363008065864,0.0,0.022009363008065864,0.9998789018735627,0.00012109812643734674,500,0,0,0,500,0,
48,0,500,ZX_split,0.022009363008065864,0.09570670808680375,0.07369734507873787,0.9986427897834443,0.0013572102165556599,250,0,137,113,250,250,
48,0,500,RL_adaptive,0.022009363008065864,0.08980518655416768,0.06779582354610181,0.9988513716294148,0.0011486283705851585,289,0,115,96,289,211,0.9988513716294148
48,1,10,Z_only,0.022009363008065864,0.0,0.022009363008065864,0.9998789018735627,0.00012109812643734674,10,0,0,0,10,0,
48,1,10,ZX_split,0.022009363008065864,0.19739555984988072,0.17538619684181486,0.9923296127293677,0.007670387270632295,5,0,3,2,5,5,
48,1,10,RL_adaptive,0.022009363008065864,6.085789747329706,0.21940492285794644,0.9880135699962586,0.011986430003741444,5,0,2,3,5,5,0.9880135699962586
48,1,25,Z_only,0.022009363008065864,0.0,0.022009363008065864,0.9998789018735627,0.00012109812643734674,25,0,0,0,25,0,
48,1,25,ZX_split,0.022009363008065864,6.206413415909808,0.0987812542778439,0.9975625489185772,0.0024374510814227923,12,0,6,7,12,13,
48,1,25,RL_adaptive,0.022009363008065864,5.961434752782944,0.3437599174047081,0.9707470603585808,0.029252939641419173,10,0,5,10,10,15,0.9707470603585808
48,1,50,Z_only,0.022009363008065864,0.0,0.022009363008065864,0.9998789018735627,0.00012109812643734674,50,0,0,0,50,0,
48,1,50,ZX_split,0.022009363008065864,0.1194289260183385,0.09741956301027263,0.9976292330701688,0.0023707669298311806,25,0,14,11,25,25,
48,1,50,RL_adaptive,0.022009363008065864,5.8883941874798245,0.41680048270782777,0.9571944505529759,0.04280554944702408,26,0,7,17,26,24,0.9571944505529759
48,1,100,Z_only,0.022009363008065864,0.0,0.022009363008065864,0.9998789018735627,0.00012109812643734674,100,0,0,0,100,0,
48,1,100,ZX_split,0.022009363008065864,0.0,0.022009363008065864,0.9998789018735627,0.00012109812643734674,50,0,25,25,50,50,
48,1,100,RL_adaptive,0.022009363008065864,6.047640326458723,0.2575543437289296,0.9835079090352548,0.016492090964745243,50,0,19,31,50,50,0.9835079090352548
48,1,250,Z_only,0.022009363008065864,0.0,0.022009363008065864,0.9998789018735627,0.00012109812643734674,250,0,0,0,250,0,
48,1,250,ZX_split,0.022009363008065864,0.023995393591869904,0.0019860305838040396,0.9999990139209542,9.86079045750543e-07,125,0,64,61,125,125,
48,1,250,RL_adaptive,0.022009363008065864,0.07561314323682983,0.05360378022876396,0.9992818306745708,0.0007181693254292298,118,0,71,61,118,132,0.9992818306745708
48,1,500,Z_only,0.022009363008065864,0.0,0.022009363008065864,0.9998789018735627,0.00012109812643734674,500,0,0,0,500,0,
48,1,500,ZX_split,0.022009363008065864,6.2751854778397,0.030009192347952407,0.999774878988841,0.00022512101115901295,250,0,124,126,250,250,
48,1,500,RL_adaptive,0.022009363008065864,0.08980518655416768,0.06779582354610181,0.9988513716294148,0.0011486283705851585,289,0,115,96,289,211,0.9988513716294148
48,2,10,Z_only,0.022009363008065864,0.0,0.022009363008065864,0.9998789018735627,0.00012109812643734674,10,0,0,0,10,0,
48,2,10,ZX_split,0.022009363008065864,6.085789747329706,0.21940492285794644,0.9880135699962586,0.011986430003741444,5,0,2,3,5,5,
48,2,10,RL_adaptive,0.022009363008065864,5.742765806909002,0.56242886327865,0.9229812172471733,0.0770187827528267,5,0,1,4,5,5,0.9229812172471733
48,2,25,Z_only,0.022009363008065864,0.0,0.022009363008065864,0.9998789018735627,0.00012109812643734674,25,0,0,0,25,0,
48,2,25,ZX_split,0.022009363008065864,0.6055446636049701,0.5835353005969042,0.9172599987019696,0.08274000129803039,12,0,11,2,12,13,
48,2,25,RL_adaptive,0.022009363008065864,5.846558147366045,0.4586365228216076,0.9483284887690868,0.05167151123091318,10,0,4,11,10,15,0.9483284887690868
48,2,50,Z_only,0.022009363008065864,0.0,0.022009363008065864,0.9998789018735627,0.00012109812643734674,50,0,0,0,50,0,
48,2,50,ZX_split,0.022009363008065864,6.085789747329706,0.21940492285794644,0.9880135699962586,0.011986430003741444,25,0,10,15,25,25,
48,2,50,RL_adaptive,0.022009363008065864,6.038206644052722,0.2669880261349302,0.9822849558062315,0.01771504419376846,26,0,9,15,26,24,0.9822849558062315
48,2,100,Z_only,0.022009363008065864,0.0,0.022009363008065864,0.9998789018735627,0.00012109812643734674,100,0,0,0,100,0,
48,2,100,ZX_split,0.022009363008065864,6.203355321467349,0.10183934872030331,0.9974094268819977,0.0025905731180022595,50,0,23,27,50,50,
48,2,100,RL_adaptive,0.022009363008065864,0.0,0.022009363008065864,0.9998789018735627,0.00012109812643734674,50,0,25,25,50,50,0.9998789018735627
48,2,250,Z_only,0.022009363008065864,0.0,0.022009363008065864,0.9998789018735627,0.00012109812643734674,250,0,0,0,250,0,
48,2,250,ZX_split,0.022009363008065864,0.25811111638316186,0.236101753375096,0.9861286077955375,0.01387139220446254,125,0,79,46,125,125,
48,2,250,RL_adaptive,0.022009363008065864,0.09065988720074508,0.06865052419267922,0.9988222390462939,0.0011777609537061418,118,0,72,60,118,132,0.9988222390462939
48,2,500,Z_only,0.022009363008065864,0.08947256020449473,0.06746319719642888,0.9988626107358933,0.0011373892641066696,499,1,0,0,500,0,
48,2,500,ZX_split,0.022009363008065864,0.01599863487634354,0.006010728131722324,0.9999909678140253,9.032185974700013e-06,250,0,127,123,250,250,
48,2,500,RL_adaptive,0.022009363008065864,0.08980518655416768,0.06779582354610181,0.9988513716294148,0.0011486283705851585,289,0,115,96,289,211,0.9988513716294148
48,3,10,Z_only,0.022009363008065864,0.0,0.022009363008065864,0.9998789018735627,0.00012109812643734674,10,0,0,0,10,0,
48,3,10,ZX_split,0.022009363008065864,5.742765806909002,0.56242886327865,0.9229812172471733,0.0770187827528267,5,0,1,4,5,5,
48,3,10,RL_adaptive,0.022009363008065864,0.0,0.022009363008065864,0.9998789018735627,0.00012109812643734674,4,0,3,3,4,6,0.9998789018735627
48,3,25,Z_only,0.022009363008065864,0.0,0.022009363008065864,0.9998789018735627,0.00012109812643734674,25,0,0,0,25,0,
48,3,25,ZX_split,0.022009363008065864,0.07677189126977799,0.05476252826171212,0.9992504537227035,0.0007495462772965089,12,0,7,6,12,13,
48,3,25,RL_adaptive,0.022009363008065864,6.085789747329706,0.21940492285794644,0.9880135699962586,0.011986430003741444,10,0,6,9,10,15,0.9880135699962586
48,3,50,Z_only,0.022009363008065864,0.0,0.022009363008065864,0.9998789018735627,0.00012109812643734674,50,0,0,0,50,0,
48,3,50,ZX_split,0.022009363008065864,0.03997868712329008,0.017969324115224214,0.9999192780198167,8.07219801832737e-05,25,0,13,12,25,25,
48,3,50,RL_adaptive,0.022009363008065864,0.16514867741462685,0.143139314406561,0.9948865238953528,0.0051134761046471855,26,0,14,10,26,24,0.9948865238953528
48,3,100,Z_only,0.022009363008065864,0.0,0.022009363008065864,0.9998789018735627,0.00012109812643734674,100,0,0,0,100,0,
48,3,100,ZX_split,0.022009363008065864,6.085789747329706,0.21940492285794644,0.9880135699962586,0.011986430003741444,50,0,20,30,50,50,
48,3,100,RL_adaptive,0.022009363008065864,0.03997868712329008,0.017969324115224214,0.9999192780198167,8.07219801832737e-05,50,0,26,24,50,50,0.9999192780198167
48,3,250,Z_only,0.022009363008065864,0.0,0.022009363008065864,0.9998789018735627,0.00012109812643734674,250,0,0,0,250,0,
48,3,250,ZX_split,0.022009363008065864,0.0877738923272204,0.06576452931915452,0.9989191463103934,0.0010808536896066423,125,0,68,57,125,125,
48,3,250,RL_adaptive,0.022009363008065864,6.2145908037253115,0.09060386646234075,0.9979491383921646,0.002050861607835408,119,0,61,70,119,131,0.9979491383921646
48,3,500,Z_only,0.022009363008065864,0.0,0.022009363008065864,0.9998789018735627,0.00012109812643734674,500,0,0,0,500,0,
48,3,500,ZX_split,0.022009363008065864,0.007999829339886641,0.014009533668179223,0.9999509340441105,4.906595588949347e-05,250,0,126,124,250,250,
48,3,500,RL_adaptive,0.022009363008065864,0.04262818887208651,0.020618825864020647,0.9998937197703732,0.00010628022962677619,289,0,110,101,289,211,0.9998937197703732
48,4,10,Z_only,0.022009363008065864,0.0,0.022009363008065864,0.9998789018735627,0.00012109812643734674,10,0,0,0,10,0,
48,4,10,ZX_split,0.022009363008065864,6.085789747329706,0.21940492285794644,0.9880135699962586,0.011986430003741444,5,0,2,3,5,5,
48,4,10,RL_adaptive,0.022009363008065864,0.3217505543966422,0.2997411913885763,0.9777064701519803,0.02229352984801969,4,0,4,2,4,6,0.9777064701519803
48,4,25,Z_only,0.022009363008065864,0.0,0.022009363008065864,0.9998789018735627,0.00012109812643734674,25,0,0,0,25,0,
48,4,25,ZX_split,0.022009363008065864,0.07677189126977799,0.05476252826171212,0.9992504537227035,0.0007495462772965089,12,0,7,6,12,13,
48,4,25,RL_adaptive,0.022009363008065864,5.961434752782944,0.3437599174047081,0.9707470603585808,0.029252939641419173,10,0,5,10,10,15,0.9707470603585808
48,4,50,Z_only,0.022009363008065864,0.0,0.022009363008065864,0.9998789018735627,0.00012109812643734674,50,0,0,0,50,0,
48,4,50,ZX_split,0.022009363008065864,0.03997868712329008,0.017969324115224214,0.9999192780198167,8.07219801832737e-05,25,0,13,12,25,25,
48,4,50,RL_adaptive,0.022009363008065864,0.16514867741462685,0.143139314406561,0.9948865238953528,0.0051134761046471855,26,0,14,10,26,24,0.9948865238953528
48,4,100,Z_only,0.022009363008065864,0.0,0.022009363008065864,0.9998789018735627,0.00012109812643734674,100,0,0,0,100,0,
48,4,100,ZX_split,0.022009363008065864,6.163756381161248,0.14143828902640454,0.9950071343669054,0.004992865633094645,50,0,22,28,50,50,
48,4,100,RL_adaptive,0.022009363008065864,6.047640326458723,0.2575543437289296,0.9835079090352548,0.016492090964745243,50,0,19,31,50,50,0.9835079090352548
48,4,250,Z_only,0.022009363008065864,0.12657558596272397,0.10456622295465812,0.9972689660639914,0.002731033936008598,249,1,0,0,250,0,
48,4,250,ZX_split,0.022009363008065864,6.2751854778397,0.030009192347952407,0.999774878988841,0.00022512101115901295,125,0,62,63,125,125,
48,4,250,RL_adaptive,0.022009363008065864,0.06053201978210708,0.038522656774041215,0.9996290471065273,0.0003709528934726647,118,0,70,62,118,132,0.9996290471065273
48,4,500,Z_only,0.022009363008065864,0.0,0.022009363008065864,0.9998789018735627,0.00012109812643734674,500,0,0,0,500,0,
48,4,500,ZX_split,0.022009363008065864,0.06391283278873403,0.04190346978066816,0.9995610890343998,0.00043891096560022547,250,0,133,117,250,250,
48,4,500,RL_adaptive,0.022009363008065864,6.2405571183075,0.06463755188015252,0.9989558603334588,0.001044139666541155,289,0,101,110,289,211,0.9989558603334588
49,0,10,Z_only,0.018116525831612523,0.0,0.018116525831612523,0.9999179501171075,8.20498828925098e-05,10,0,0,0,10,0,
49,0,10,ZX_split,0.018116525831612523,0.5404195002705843,0.5223029744389718,0.933336288555491,0.066663711444509,5,0,4,1,5,5,
49,0,10,RL_adaptive,0.018116525831612523,0.3217505543966422,0.30363402856502963,0.9771281272293766,0.022871872770623414,4,0,4,2,4,6,0.9771281272293766
49,0,25,Z_only,0.018116525831612523,0.0,0.018116525831612523,0.9999179501171075,8.20498828925098e-05,25,0,0,0,25,0,
49,0,25,ZX_split,0.018116525831612523,0.2267988480538859,0.20868232222227337,0.9891523742785893,0.010847625721410736,12,0,8,5,12,13,
49,0,25,RL_adaptive,0.018116525831612523,0.6202494859828214,0.6021329601512089,0.9120646892440671,0.08793531075593286,11,0,12,2,11,14,0.9120646892440671
49,0,50,Z_only,0.018116525831612523,0.0,0.018116525831612523,0.9999179501171075,8.20498828925098e-05,50,0,0,0,50,0,
49,0,50,ZX_split,0.018116525831612523,0.2730087030867106,0.25489217725509805,0.983845243927984,0.016154756072015997,25,0,16,9,25,25,
49,0,50,RL_adaptive,0.018116525831612523,6.038206644052722,0.26309518895847717,0.9827948187104995,0.01720518128950055,26,0,9,15,26,24,0.9827948187104995
49,0,100,Z_only,0.018116525831612523,0.0,0.018116525831612523,0.9999179501171075,8.20498828925098e-05,100,0,0,0,100,0,
49,0,100,ZX_split,0.018116525831612523,0.0,0.018116525831612523,0.9999179501171075,8.20498828925098e-05,50,0,25,25,50,50,
49,0,100,RL_adaptive,0.018116525831612523,6.243206620056296,0.058095212954903275,0.9991564738434835,0.0008435261565165053,50,0,24,26,50,50,0.9991564738434835
49,0,250,Z_only,0.018116525831612523,0.0,0.018116525831612523,0.9999179501171075,8.20498828925098e-05,250,0,0,0,250,0,
49,0,250,ZX_split,0.018116525831612523,6.2751854778397,0.02611635517149935,0.999829493689821,0.0001705063101790083,125,0,62,63,125,125,
49,0,250,RL_adaptive,0.018116525831612523,6.245035886308604,0.056265946702595215,0.9992087445935696,0.0007912554064304356,119,0,63,68,119,131,0.9992087445935696
49,0,500,Z_only,0.018116525831612523,0.0,0.018116525831612523,0.9999179501171075,8.20498828925098e-05,500,0,0,0,500,0,
49,0,500,ZX_split,0.018116525831612523,0.1036274599968717,0.08551093416525918,0.9981730836609347,0.0018269163390652876,250,0,138,112,250,250,
49,0,500,RL_adaptive,0.018116525831612523,0.014217051529488819,0.0038994743021237045,0.9999961985298588,3.801470141229224e-06,289,0,107,104,289,211,0.9999961985298588
49,1,10,Z_only,0.018116525831612523,0.0,0.018116525831612523,0.9999179501171075,8.20498828925098e-05,10,0,0,0,10,0,
49,1,10,ZX_split,0.018116525831612523,6.085789747329706,0.21551208568149338,0.9884335069756557,0.011566493024344315,5,0,2,3,5,5,
49,1,10,RL_adaptive,0.018116525831612523,0.0,0.018116525831612523,0.9999179501171075,8.20498828925098e-05,4,0,3,3,4,6,0.9999179501171075
49,1,25,Z_only,0.018116525831612523,0.0,0.018116525831612523,0.9999179501171075,8.20498828925098e-05,25,0,0,0,25,0,
49,1,25,ZX_split,0.018116525831612523,0.36717383381821916,0.3490573079866066,0.9698477712143438,0.030152228785656154,12,0,9,4,12,13,
49,1,25,RL_adaptive,0.018116525831612523,0.0,0.018116525831612523,0.9999179501171075,8.20498828925098e-05,11,0,7,7,11,14,0.9999179501171075
49,1,50,Z_only,0.018116525831612523,0.0,0.018116525831612523,0.9999179501171075,8.20498828925098e-05,50,0,0,0,50,0,
49,1,50,ZX_split,0.018116525831612523,0.1194289260183385,0.10131240018672598,0.9974361435131928,0.0025638564868072367,25,0,14,11,25,25,
49,1,50,RL_adaptive,0.018116525831612523,0.0,0.018116525831612523,0.9999179501171075,8.20498828925098e-05,26,0,12,12,26,24,0.9999179501171075
49,1,100,Z_only,0.018116525831612523,0.0,0.018116525831612523,0.9999179501171075,8.20498828925098e-05,100,0,0,0,100,0,
49,1,100,ZX_split,0.018116525831612523,0.1194289260183385,0.10131240018672598,0.9974361435131928,0.0025638564868072367,50,0,28,22,50,50,
49,1,100,RL_adaptive,0.018116525831612523,0.07982998571223733,0.06171345988062481,0.9990481643678156,0.0009518356321843724,50,0,27,23,50,50,0.9990481643678156
49,1,250,Z_only,0.018116525831612523,0.0,0.018116525831612523,0.9999179501171075,8.20498828925098e-05,250,0,0,0,250,0,
49,1,250,ZX_split,0.018116525831612523,0.023995393591869904,0.005878867760257381,0.9999913597533492,8.640246650815087e-06,125,0,64,61,125,125,
49,1,250,RL_adaptive,0.018116525831612523,0.06053201978210708,0.04241549395049456,0.9995502988947679,0.00044970110523212536,118,0,70,62,118,132,0.9995502988947679
49,1,500,Z_only,0.018116525831612523,0.0,0.018116525831612523,0.9999179501171075,8.20498828925098e-05,500,0,0,0,500,0,
49,1,500,ZX_split,0.018116525831612523,0.0877738923272204,0.06965736649560787,0.9987874532302978,0.001212546769702172,250,0,136,114,250,250,
49,1,500,RL_adaptive,0.018116525831612523,0.014217051529488819,0.0038994743021237045,0.9999961985298588,3.801470141229224e-06,289,0,107,104,289,211,0.9999961985298588
49,2,10,Z_only,0.018116525831612523,0.0,0.018116525831612523,0.9999179501171075,8.20498828925098e-05,10,0,0,0,10,0,
49,2,10,ZX_split,0.018116525831612523,0.5404195002705843,0.5223029744389718,0.933336288555491,0.066663711444509,5,0,4,1,5,5,
49,2,10,RL_adaptive,0.018116525831612523,5.742765806909002,0.558536026102197,0.9240159227687812,0.0759840772312188,5,0,1,4,5,5,0.9240159227687812
49,2,25,Z_only,0.018116525831612523,0.0,0.018116525831612523,0.9999179501171075,8.20498828925098e-05,25,0,0,0,25,0,
49,2,25,ZX_split,0.018116525831612523,6.0563864591257,0.24491537388549922,0.9850789240490341,0.014921075950965923,12,0,5,8,12,13,
49,2,25,RL_adaptive,0.018116525831612523,0.0,0.018116525831612523,0.9999179501171075,8.20498828925098e-05,11,0,7,7,11,14,0.9999179501171075
49,2,50,Z_only,0.018116525831612523,0.0,0.018116525831612523,0.9999179501171075,8.20498828925098e-05,50,0,0,0,50,0,
49,2,50,ZX_split,0.018116525831612523,6.163756381161248,0.13754545184995148,0.9952777641170802,0.004722235882919756,25,0,11,14,25,25,
49,2,50,RL_adaptive,0.018116525831612523,0.24497866312686414,0.22686213729525162,0.9871884812777804,0.01281151872221964,26,0,15,9,26,24,0.9871884812777804
49,2,100,Z_only,0.018116525831612523,0.0,0.018116525831612523,0.9999179501171075,8.20498828925098e-05,100,0,0,0,100,0,
49,2,100,ZX_split,0.018116525831612523,6.243206620056296,0.058095212954903275,0.9991564738434835,0.0008435261565165053,50,0,24,26,50,50,
49,2,100,RL_adaptive,0.018116525831612523,0.07982998571223733,0.06171345988062481,0.9990481643678156,0.0009518356321843724,50,0,27,23,50,50,0.9990481643678156
49,2,250,Z_only,0.018116525831612523,0.0,0.018116525831612523,0.9999179501171075,8.20498828925098e-05,250,0,0,0,250,0,
49,2,250,ZX_split,0.018116525831612523,0.023995393591869904,0.005878867760257381,0.9999913597533492,8.640246650815087e-06,125,0,64,61,125,125,
49,2,250,RL_adaptive,0.018116525831612523,0.030293759918775073,0.01217723408716255,0.9999629292005872,3.707079941284164e-05,118,0,68,64,118,132,0.9999629292005872
49,2,500,Z_only,0.018116525831612523,0.0,0.018116525831612523,0.9999179501171075,8.20498828925098e-05,500,0,0,0,500,0,
49,2,500,ZX_split,0.018116525831612523,6.211309337623251,0.08999249538794807,0.997976703743796,0.00202329625620401,250,0,116,134,250,250,
49,2,500,RL_adaptive,0.018116525831612523,6.278446006170119,0.022855826841079896,0.9998694084799638,0.00013059152003624952,289,0,105,106,289,211,0.9998694084799638
49,3,10,Z_only,0.018116525831612523,0.0,0.018116525831612523,0.9999179501171075,8.20498828925098e-05,10,0,0,0,10,0,
49,3,10,ZX_split,0.018116525831612523,0.19739555984988072,0.1792790340182682,0.9919862556560503,0.008013744343949747,5,0,3,2,5,5,
49,3,10,RL_adaptive,0.018116525831612523,0.3217505543966422,0.30363402856502963,0.9771281272293766,0.022871872770623414,4,0,4,2,4,6,0.9771281272293766
49,3,25,Z_only,0.018116525831612523,0.0,0.018116525831612523,0.9999179501171075,8.20498828925098e-05,25,0,0,0,25,0,
49,3,25,ZX_split,0.018116525831612523,5.916011473361367,0.38529035964983205,0.9633446731933413,0.03665532680665873,12,0,4,9,12,13,
49,3,25,RL_adaptive,0.018116525831612523,0.2782996590051114,0.26018313317349884,0.9831714409760932,0.016828559023906786,11,0,9,5,11,14,0.9831714409760932
49,3,50,Z_only,0.018116525831612523,0.0,0.018116525831612523,0.9999179501171075,8.20498828925098e-05,50,0,0,0,50,0,
49,3,50,ZX_split,0.018116525831612523,6.163756381161248,0.13754545184995148,0.9952777641170802,0.004722235882919756,25,0,11,14,25,25,
49,3,50,RL_adaptive,0.018116525831612523,0.0,0.018116525831612523,0.9999179501171075,8.20498828925098e-05,26,0,12,12,26,24,0.9999179501171075
49,3,100,Z_only,0.018116525831612523,0.0,0.018116525831612523,0.9999179501171075,8.20498828925098e-05,100,0,0,0,100,0,
49,3,100,ZX_split,0.018116525831612523,6.047640326458723,0.25366150655247655,0.9840000287994054,0.015999971200594598,50,0,19,31,50,50,
49,3,100,RL_adaptive,0.018116525831612523,0.1194289260183385,0.10131240018672598,0.9974361435131928,0.0025638564868072367,50,0,28,22,50,50,0.9974361435131928
49,3,250,Z_only,0.018116525831612523,0.0,0.018116525831612523,0.9999179501171075,8.20498828925098e-05,250,0,0,0,250,0,
49,3,250,ZX_split,0.018116525831612523,0.1194289260183385,0.10131240018672598,0.9974361435131928,0.0025638564868072367,125,0,70,55,125,125,
49,3,250,RL_adaptive,0.018116525831612523,0.030293759918775073,0.01217723408716255,0.9999629292005872,3.707079941284164e-05,118,0,68,64,118,132,0.9999629292005872
49,3,500,Z_only,0.018116525831612523,0.0,0.018116525831612523,0.9999179501171075,8.20498828925098e-05,500,0,0,0,500,0,
49,3,500,ZX_split,0.018116525831612523,6.267186672303243,0.03411516070795617,0.9997090671708166,0.0002909328291833546,250,0,123,127,250,250,
49,3,500,RL_adaptive,0.018116525831612523,0.0615335933490434,0.04341706751743088,0.9995288135861954,0.000471186413804614,289,0,112,99,289,211,0.9995288135861954
49,4,10,Z_only,0.018116525831612523,0.0,0.018116525831612523,0.9999179501171075,8.20498828925098e-05,10,0,0,0,10,0,
49,4,10,ZX_split,0.018116525831612523,5.742765806909002,0.558536026102197,0.9240159227687812,0.0759840772312188,5,0,1,4,5,5,
49,4,10,RL_adaptive,0.018116525831612523,6.085789747329706,0.21551208568149338,0.9884335069756557,0.011566493024344315,5,0,2,3,5,5,0.9884335069756557
49,4,25,Z_only,0.018116525831612523,0.0,0.018116525831612523,0.9999179501171075,8.20498828925098e-05,25,0,0,0,25,0,
49,4,25,ZX_split,0.018116525831612523,0.36717383381821916,0.3490573079866066,0.9698477712143438,0.030152228785656154,12,0,9,4,12,13,
49,4,25,RL_adaptive,0.018116525831612523,0.40489178628508343,0.3867752604534709,0.9630651286573539,0.03693487134264606,11,0,10,4,11,14,0.9630651286573539
49,4,50,Z_only,0.018116525831612523,0.0,0.018116525831612523,0.9999179501171075,8.20498828925098e-05,50,0,0,0,50,0,
49,4,50,ZX_split,0.018116525831612523,6.243206620056296,0.058095212954903275,0.9991564738434835,0.0008435261565165053,25,0,12,13,25,25,
49,4,50,RL_adaptive,0.018116525831612523,0.24497866312686414,0.22686213729525162,0.9871884812777804,0.01281151872221964,26,0,15,9,26,24,0.9871884812777804
49,4,100,Z_only,0.018116525831612523,0.0,0.018116525831612523,0.9999179501171075,8.20498828925098e-05,100,0,0,0,100,0,
49,4,100,ZX_split,0.018116525831612523,0.0,0.018116525831612523,0.9999179501171075,8.20498828925098e-05,50,0,25,25,50,50,
49,4,100,RL_adaptive,0.018116525831612523,6.203355321467349,0.09794651154385026,0.9976035370145705,0.002396462985429504,50,0,23,27,50,50,0.9976035370145705
49,4,250,Z_only,0.018116525831612523,0.0,0.018116525831612523,0.9999179501171075,8.20498828925098e-05,250,0,0,0,250,0,
49,4,250,ZX_split,0.018116525831612523,6.1323399455586465,0.1689618874525527,0.9928799330630464,0.007120066936953551,125,0,53,72,125,125,
49,4,250,RL_adaptive,0.018116525831612523,0.06053201978210708,0.04241549395049456,0.9995502988947679,0.00044970110523212536,118,0,70,62,118,132,0.9995502988947679
49,4,500,Z_only,0.018116525831612523,0.0,0.018116525831612523,0.9999179501171075,8.20498828925098e-05,500,0,0,0,500,0,
49,4,500,ZX_split,0.018116525831612523,0.04796318687707674,0.02984666104546422,0.9997773107382419,0.0002226892617580578,250,0,131,119,250,250,
49,4,500,RL_adaptive,0.018116525831612523,6.174609248453669,0.12669258455752974,0.9959926117784845,0.004007388221515473,289,0,94,117,289,211,0.9959926117784845
