target_id,seed,theta1,theta2,N,method,l1,kl
0,0,4.287343201487349,0.33816743455556175,10,MLE,0.05663578091671243,0.6365480179186457
0,0,4.287343201487349,0.33816743455556175,10,Dirichlet(alpha=0.5),0.12236736144694052,0.029898604471738803
0,0,4.287343201487349,0.33816743455556175,25,MLE,0.10763751234001244,0.19274133914994415
0,0,4.287343201487349,0.33816743455556175,25,Dirichlet(alpha=0.5),0.09151236723143563,0.02259144122672629
0,0,4.287343201487349,0.33816743455556175,50,MLE,0.14763751234001243,0.19878222161334153
0,0,4.287343201487349,0.33816743455556175,50,Dirichlet(alpha=0.5),0.1286891653286547,0.02005642435569093
0,0,4.287343201487349,0.33816743455556175,100,MLE,0.09099198384939403,0.01145940408703492
0,0,4.287343201487349,0.33816743455556175,100,Dirichlet(alpha=0.5),0.08158021914351173,0.01089477598008625
0,0,4.287343201487349,0.33816743455556175,250,MLE,0.10763263855305948,0.19219593120127523
0,0,4.287343201487349,0.33816743455556175,250,Dirichlet(alpha=0.5),0.09985486077528177,0.013401241419137538
0,0,4.287343201487349,0.33816743455556175,500,MLE,0.038991983849393994,0.001478424594336926
0,0,4.287343201487349,0.33816743455556175,500,Dirichlet(alpha=0.5),0.03728680456652558,0.0016831674881135923
0,0,4.287343201487349,0.33816743455556175,1000,MLE,0.0390080161506059,0.0008890996589499371
0,0,4.287343201487349,0.33816743455556175,1000,Dirichlet(alpha=0.5),0.04003203210562316,0.000948364165081126
0,1,4.287343201487349,0.33816743455556175,10,MLE,0.1876375123400124,0.2458006714659413
0,1,4.287343201487349,0.33816743455556175,10,Dirichlet(alpha=0.5),0.27669755241662086,0.10399133079578904
0,1,4.287343201487349,0.33816743455556175,25,MLE,0.040004873786952874,0.1879527330510198
0,1,4.287343201487349,0.33816743455556175,25,Dirichlet(alpha=0.5),0.09151236723143566,0.01986750020742231
0,1,4.287343201487349,0.33816743455556175,50,MLE,0.05663578091671243,0.6365480179186457
0,1,4.287343201487349,0.33816743455556175,50,Dirichlet(alpha=0.5),0.027747103044602907,0.004630498781743233
0,1,4.287343201487349,0.33816743455556175,100,MLE,0.047637512340012386,0.18831818040067283
0,1,4.287343201487349,0.33816743455556175,100,Dirichlet(alpha=0.5),0.0482401679046,0.009756961571967987
0,1,4.287343201487349,0.33816743455556175,250,MLE,0.09236248765998754,0.005328342147644771
0,1,4.287343201487349,0.33816743455556175,250,Dirichlet(alpha=0.5),0.09490217019967004,0.005795292846848835
0,1,4.287343201487349,0.33816743455556175,500,MLE,0.03099685763634696,0.001169856630759445
0,1,4.287343201487349,0.33816743455556175,500,Dirichlet(alpha=0.5),0.031156220186147884,0.0014823960827135135
0,1,4.287343201487349,0.33816743455556175,1000,MLE,0.033637512340012395,0.0014502894131938199
0,1,4.287343201487349,0.33816743455556175,1000,Dirichlet(alpha=0.5),0.03274729277913423,0.0011718352125394491
0,2,4.287343201487349,0.33816743455556175,10,MLE,0.5890080161506059,0.36820032833170896
0,2,4.287343201487349,0.33816743455556175,10,Dirichlet(alpha=0.5),0.6223673614469405,0.22940819994527556
0,2,4.287343201487349,0.33816743455556175,25,MLE,0.2276326385530595,0.6606806067408917
0,2,4.287343201487349,0.33816743455556175,25,Dirichlet(alpha=0.5),0.16654753940494965,0.02181508322345893
0,2,4.287343201487349,0.33816743455556175,50,MLE,0.10763751234001245,0.1878018646788528
0,2,4.287343201487349,0.33816743455556175,50,Dirichlet(alpha=0.5),0.09022762686711625,0.006466373658950086
0,2,4.287343201487349,0.33816743455556175,100,MLE,0.09236736144694051,0.005599679506149223
0,2,4.287343201487349,0.33816743455556175,100,Dirichlet(alpha=0.5),0.10766147909399934,0.009179667756805586
0,2,4.287343201487349,0.33816743455556175,250,MLE,0.10900801615060596,0.009185309231956047
0,2,4.287343201487349,0.33816743455556175,250,Dirichlet(alpha=0.5),0.1112302383728282,0.008677549018579152
0,2,4.287343201487349,0.33816743455556175,500,MLE,0.01563751234001238,0.0004977580319819519
0,2,4.287343201487349,0.33816743455556175,500,Dirichlet(alpha=0.5),0.013932333057144006,0.00022566437938796504
0,2,4.287343201487349,0.33816743455556175,1000,MLE,0.0390080161506059,0.0009998192557454065
0,2,4.287343201487349,0.33816743455556175,1000,Dirichlet(alpha=0.5),0.0397066189450171,0.0009489211497376165
0,3,4.287343201487349,0.33816743455556175,10,MLE,0.429003142363653,0.7215898627193942
0,3,4.287343201487349,0.33816743455556175,10,Dirichlet(alpha=0.5),0.45570069478027386,0.1136808120919609
0,3,4.287343201487349,0.33816743455556175,25,MLE,0.17099685763634698,0.0416768169721779
0,3,4.287343201487349,0.33816743455556175,25,Dirichlet(alpha=0.5),0.1655864413055097,0.061144306051253566
0,3,4.287343201487349,0.33816743455556175,50,MLE,0.06336421908328746,0.011760613926943355
0,3,4.287343201487349,0.33816743455556175,50,Dirichlet(alpha=0.5),0.09721037292944137,0.02235313513866327
0,3,4.287343201487349,0.33816743455556175,100,MLE,0.08763263855305946,0.18814702829133909
0,3,4.287343201487349,0.33816743455556175,100,Dirichlet(alpha=0.5),0.06880910914129475,0.0039038400818323937
0,3,4.287343201487349,0.33816743455556175,250,MLE,0.01664065470366538,0.18176772725914192
0,3,4.287343201487349,0.33816743455556175,250,Dirichlet(alpha=0.5),0.01267240073541146,0.005682253549018927
0,3,4.287343201487349,0.33816743455556175,500,MLE,0.0450080161506059,0.0023303921471534705
0,3,4.287343201487349,0.33816743455556175,500,Dirichlet(alpha=0.5),0.04637853407889285,0.0023584764762629613
0,3,4.287343201487349,0.33816743455556175,1000,MLE,0.0430080161506059,0.0023217433672884057
0,3,4.287343201487349,0.33816743455556175,1000,Dirichlet(alpha=0.5),0.04369863491308098,0.0021585418150493647
0,4,4.287343201487349,0.33816743455556175,10,MLE,0.2276326385530595,0.6606806067408917
0,4,4.287343201487349,0.33816743455556175,10,Dirichlet(alpha=0.5),0.15433019096968037,0.040075993244933966
0,4,4.287343201487349,0.33816743455556175,25,MLE,0.30763263855305945,0.6909087256091229
0,4,4.287343201487349,0.33816743455556175,25,Dirichlet(alpha=0.5),0.24062161347902367,0.04642466152662879
0,4,4.287343201487349,0.33816743455556175,50,MLE,0.10763751234001245,0.1878018646788528
0,4,4.287343201487349,0.33816743455556175,50,Dirichlet(alpha=0.5),0.09022762686711625,0.006466373658950086
0,4,4.287343201487349,0.33816743455556175,100,MLE,0.21099198384939408,0.48070344467453674
0,4,4.287343201487349,0.33816743455556175,100,Dirichlet(alpha=0.5),0.19922727796704115,0.04061551473333916
0,4,4.287343201487349,0.33816743455556175,250,MLE,0.042991983849394,0.003404895241182645
0,4,4.287343201487349,0.33816743455556175,250,Dirichlet(alpha=0.5),0.0395634124208226,0.0029696482128213457
0,4,4.287343201487349,0.33816743455556175,500,MLE,0.020635780916712414,0.18189435136253262
0,4,4.287343201487349,0.33816743455556175,500,Dirichlet(alpha=0.5),0.016795143466513354,0.010403181840124894
0,4,4.287343201487349,0.33816743455556175,1000,MLE,0.0053642190832874845,0.00012428218331534844
0,4,4.287343201487349,0.33816743455556175,1000,Dirichlet(alpha=0.5),0.0072364745723094825,0.00022117691158038454
1,0,1.3845619148968347,1.1584422520399775,10,MLE,0.44490670044168107,0.11625804034163284
1,0,1.3845619148968347,1.1584422520399775,10,Dirichlet(alpha=0.5),0.40076719248681747,0.10052083848235141
1,0,1.3845619148968347,1.1584422520399775,25,MLE,0.3657940503270826,0.16014897612792212
1,0,1.3845619148968347,1.1584422520399775,25,Dirichlet(alpha=0.5),0.33320145773449006,0.1149828489564195
1,0,1.3845619148968347,1.1584422520399775,50,MLE,0.05484025872362727,0.0036643649330929786
1,0,1.3845619148968347,1.1584422520399775,50,Dirichlet(alpha=0.5),0.04875285428783495,0.0028087982862106085
1,0,1.3845619148968347,1.1584422520399775,100,MLE,0.2407671924868175,0.04586949046740725
1,0,1.3845619148968347,1.1584422520399775,100,Dirichlet(alpha=0.5),0.24390444738877834,0.045692580305617625
1,0,1.3845619148968347,1.1584422520399775,250,MLE,0.02323280751318245,0.0003523062548568042
1,0,1.3845619148968347,1.1584422520399775,250,Dirichlet(alpha=0.5),0.019867728148103087,0.00025332526568307536
1,0,1.3845619148968347,1.1584422520399775,500,MLE,0.07084025872362729,0.004006712089145515
1,0,1.3845619148968347,1.1584422520399775,500,Dirichlet(alpha=0.5),0.06982033840490223,0.003829983319975104
1,0,1.3845619148968347,1.1584422520399775,1000,MLE,0.0528402587236273,0.0020229990157658063
1,0,1.3845619148968347,1.1584422520399775,1000,Dirichlet(alpha=0.5),0.052365208823427725,0.002022493549592226
1,1,1.3845619148968347,1.1584422520399775,10,MLE,0.7257940503270826,4.620889662128848
1,1,1.3845619148968347,1.1584422520399775,10,Dirichlet(alpha=0.5),0.5924607169937492,0.25772518573324077
1,1,1.3845619148968347,1.1584422520399775,25,MLE,0.5299335582819462,3.181271815130422
1,1,1.3845619148968347,1.1584422520399775,25,Dirichlet(alpha=0.5),0.46622985457824245,0.25915368820872414
1,1,1.3845619148968347,1.1584422520399775,50,MLE,0.17070075076876376,0.022996264645489733
1,1,1.3845619148968347,1.1584422520399775,50,Dirichlet(alpha=0.5),0.16685459692260993,0.022904741531212622
1,1,1.3845619148968347,1.1584422520399775,100,MLE,0.06993355828194617,0.002769994552596867
1,1,1.3845619148968347,1.1584422520399775,100,Dirichlet(alpha=0.5),0.06304895228786696,0.002304103406958054
1,1,1.3845619148968347,1.1584422520399775,250,MLE,0.05484025872362727,0.002951422397762718
1,1,1.3845619148968347,1.1584422520399775,250,Dirichlet(alpha=0.5),0.05293549681886542,0.0026524073126235467
1,1,1.3845619148968347,1.1584422520399775,500,MLE,0.04220594967291734,0.0011115619597954554
1,1,1.3845619148968347,1.1584422520399775,500,Dirichlet(alpha=0.5),0.04233343971275806,0.0010763023071982333
1,1,1.3845619148968347,1.1584422520399775,1000,MLE,0.02813950795486357,0.0010126233239515442
1,1,1.3845619148968347,1.1584422520399775,1000,Dirichlet(alpha=0.5),0.027572641687398508,0.0009680676205464428
1,2,1.3845619148968347,1.1584422520399775,10,MLE,0.5699335582819461,3.1025691536954816
1,2,1.3845619148968347,1.1584422520399775,10,Dirichlet(alpha=0.5),0.4199335582819461,0.11336966098919861
1,2,1.3845619148968347,1.1584422520399775,25,MLE,0.5299335582819462,4.494956504292576
1,2,1.3845619148968347,1.1584422520399775,25,Dirichlet(alpha=0.5),0.4662298545782425,0.2985788089058677
1,2,1.3845619148968347,1.1584422520399775,50,MLE,0.11586049204513635,0.012928057967457926
1,2,1.3845619148968347,1.1584422520399775,50,Dirichlet(alpha=0.5),0.12124510742975175,0.013767628932555669
1,2,1.3845619148968347,1.1584422520399775,100,MLE,0.20579405032708262,0.02953876718684724
1,2,1.3845619148968347,1.1584422520399775,100,Dirichlet(alpha=0.5),0.20030385424865121,0.027142356566502306
1,2,1.3845619148968347,1.1584422520399775,250,MLE,0.058205949672917354,0.0017002035235803396
1,2,1.3845619148968347,1.1584422520399775,250,Dirichlet(alpha=0.5),0.05833293379990148,0.0017195522227166533
1,2,1.3845619148968347,1.1584422520399775,500,MLE,0.056906700441681085,0.002963572781023195
1,2,1.3845619148968347,1.1584422520399775,500,Dirichlet(alpha=0.5),0.05813771041510438,0.0030044845917021265
1,2,1.3845619148968347,1.1584422520399775,1000,MLE,0.03793355828194614,0.0008070521360041402
1,2,1.3845619148968347,1.1584422520399775,1000,Dirichlet(alpha=0.5),0.037199027343822424,0.0007743014980973687
1,3,1.3845619148968347,1.1584422520399775,10,MLE,0.38515974127637265,0.11258300716797659
1,3,1.3845619148968347,1.1584422520399775,10,Dirichlet(alpha=0.5),0.3518264079430394,0.09613384935223315
1,3,1.3845619148968347,1.1584422520399775,25,MLE,0.12490670044168102,0.018782400733861587
1,3,1.3845619148968347,1.1584422520399775,25,Dirichlet(alpha=0.5),0.12638818192316253,0.014356368113596887
1,3,1.3845619148968347,1.1584422520399775,50,MLE,0.24993355828194622,0.03661564229487287
1,3,1.3845619148968347,1.1584422520399775,50,Dirichlet(alpha=0.5),0.23348635801939033,0.031554417970533745
1,3,1.3845619148968347,1.1584422520399775,100,MLE,0.07923280751318246,0.006385894915394647
1,3,1.3845619148968347,1.1584422520399775,100,Dirichlet(alpha=0.5),0.06982104280730012,0.005035576427738437
1,3,1.3845619148968347,1.1584422520399775,250,MLE,0.09379405032708263,0.00478816709713191
1,3,1.3845619148968347,1.1584422520399775,250,Dirichlet(alpha=0.5),0.09246071699374925,0.0047111258934409185
1,3,1.3845619148968347,1.1584422520399775,500,MLE,0.0790932995583189,0.006444103827577555
1,3,1.3845619148968347,1.1584422520399775,500,Dirichlet(alpha=0.5),0.07820086927943448,0.006285620463262136
1,3,1.3845619148968347,1.1584422520399775,1000,MLE,0.016767192486817573,0.00019309693946157952
1,3,1.3845619148968347,1.1584422520399775,1000,Dirichlet(alpha=0.5),0.01753365955268578,0.00020781972920780735
1,4,1.3845619148968347,1.1584422520399775,10,MLE,0.36993355828194613,0.07471085288906204
1,4,1.3845619148968347,1.1584422520399775,10,Dirichlet(alpha=0.5),0.2591273836604159,0.03865393323873185
1,4,1.3845619148968347,1.1584422520399775,25,MLE,0.2292992492312363,0.034304119474668646
1,4,1.3845619148968347,1.1584422520399775,25,Dirichlet(alpha=0.5),0.22219677831340973,0.028717103636806837
1,4,1.3845619148968347,1.1584422520399775,50,MLE,0.27420594967291734,0.06204490356848104
1,4,1.3845619148968347,1.1584422520399775,50,Dirichlet(alpha=0.5),0.2665136419806097,0.05523937892611726
1,4,1.3845619148968347,1.1584422520399775,100,MLE,0.12490670044168106,0.024834290444994897
1,4,1.3845619148968347,1.1584422520399775,100,Dirichlet(alpha=0.5),0.1252988573044262,0.022472741256494552
1,4,1.3845619148968347,1.1584422520399775,250,MLE,0.08220594967291742,0.007668765302280486
1,4,1.3845619148968347,1.1584422520399775,250,Dirichlet(alpha=0.5),0.08214245760942533,0.0072009632131736605
1,4,1.3845619148968347,1.1584422520399775,500,MLE,0.09006644171805384,0.004778620276303866
1,4,1.3845619148968347,1.1584422520399775,500,Dirichlet(alpha=0.5),0.0910226170168586,0.004856070563255696
1,4,1.3845619148968347,1.1584422520399775,1000,MLE,0.023093299558318875,0.0005707271120120073
1,4,1.3845619148968347,1.1584422520399775,1000,Dirichlet(alpha=0.5),0.022757970217001544,0.0005687501767967038
2,0,1.1052493731436484,5.1025402722608115,10,MLE,0.5510752691395443,2.202900252755616
2,0,1.1052493731436484,5.1025402722608115,10,Dirichlet(alpha=0.5),0.46774193580621093,0.12462998578447634
2,0,1.1052493731436484,5.1025402722608115,25,MLE,0.31108838668456695,0.1635758828804605
2,0,1.1052493731436484,5.1025402722608115,25,Dirichlet(alpha=0.5),0.2692303484323365,0.11102658765264925
2,0,1.1052493731436484,5.1025402722608115,50,MLE,0.14032834199842492,0.012479413867008193
2,0,1.1052493731436484,5.1025402722608115,50,Dirichlet(alpha=0.5),0.14955911122919419,0.014113330412351018
2,0,1.1052493731436484,5.1025402722608115,100,MLE,0.07108838668456692,0.004307507195776442
2,0,1.1052493731436484,5.1025402722608115,100,Dirichlet(alpha=0.5),0.06089230825319435,0.003759563716104839
2,0,1.1052493731436484,5.1025402722608115,250,MLE,0.027658540456552402,0.0006375451156878879
2,0,1.1052493731436484,5.1025402722608115,250,Dirichlet(alpha=0.5),0.028388699186711136,0.0007012958283381509
2,0,1.1052493731436484,5.1025402722608115,500,MLE,0.028341459543447606,0.0009855020477316425
2,0,1.1052493731436484,5.1025402722608115,500,Dirichlet(alpha=0.5),0.027751818109184617,0.00101456151789695
2,0,1.1052493731436484,5.1025402722608115,1000,MLE,0.03832834199842494,0.0013272437509406244
2,0,1.1052493731436484,5.1025402722608115,1000,Dirichlet(alpha=0.5),0.039010976728963864,0.0013313763481271907
2,1,1.1052493731436484,5.1025402722608115,10,MLE,0.24892473086045572,0.0672359836234375
2,1,1.1052493731436484,5.1025402722608115,10,Dirichlet(alpha=0.5),0.1989247308604557,0.041473721663670284
2,1,1.1052493731436484,5.1025402722608115,25,MLE,0.2196716580015751,0.03978853038615102
2,1,1.1052493731436484,5.1025402722608115,25,Dirichlet(alpha=0.5),0.17522721355713067,0.02292854221425685
2,1,1.1052493731436484,5.1025402722608115,50,MLE,0.3689116133154331,0.0814702671990738
2,1,1.1052493731436484,5.1025402722608115,50,Dirichlet(alpha=0.5),0.37198853639235613,0.08395659853654763
2,1,1.1052493731436484,5.1025402722608115,100,MLE,0.2707338095960967,0.042092775166643774
2,1,1.1052493731436484,5.1025402722608115,100,Dirichlet(alpha=0.5),0.26877302528237124,0.041717594100535216
2,1,1.1052493731436484,5.1025402722608115,250,MLE,0.09507526913954432,0.006071656078780255
2,1,1.1052493731436484,5.1025402722608115,250,Dirichlet(alpha=0.5),0.0947260627903379,0.0059622924639506514
2,1,1.1052493731436484,5.1025402722608115,500,MLE,0.0827338095960967,0.004718911879817613
2,1,1.1052493731436484,5.1025402722608115,500,Dirichlet(alpha=0.5),0.08308440720565848,0.004758491188178303
2,1,1.1052493731436484,5.1025402722608115,1000,MLE,0.020733809596096733,0.0007607025266432553
2,1,1.1052493731436484,5.1025402722608115,1000,Dirichlet(alpha=0.5),0.021033210793701476,0.0007248663281994808
2,2,1.1052493731436484,5.1025402722608115,10,MLE,0.21967165800157504,2.0880788250723707
2,2,1.1052493731436484,5.1025402722608115,10,Dirichlet(alpha=0.5),0.20299187378988579,0.040143705911224986
2,2,1.1052493731436484,5.1025402722608115,25,MLE,0.059671658001575076,0.002250548987244914
2,2,1.1052493731436484,5.1025402722608115,25,Dirichlet(alpha=0.5),0.041517323453048316,0.0017723809565247783
2,2,1.1052493731436484,5.1025402722608115,50,MLE,0.11108838668456694,0.013331081120196101
2,2,1.1052493731436484,5.1025402722608115,50,Dirichlet(alpha=0.5),0.108767576831852,0.010084523833833198
2,2,1.1052493731436484,5.1025402722608115,100,MLE,0.08925307285888065,0.01178028306910256
2,2,1.1052493731436484,5.1025402722608115,100,Dirichlet(alpha=0.5),0.09597043684484485,0.012514472377423466
2,2,1.1052493731436484,5.1025402722608115,250,MLE,0.055075269139544275,0.0036910445210460554
2,2,1.1052493731436484,5.1025402722608115,250,Dirichlet(alpha=0.5),0.05504352310779825,0.0033692512615702062
2,2,1.1052493731436484,5.1025402722608115,500,MLE,0.07598688245497737,0.0030581028102035926
2,2,1.1052493731436484,5.1025402722608115,500,Dirichlet(alpha=0.5),0.07767612548286584,0.0031969853858653044
2,2,1.1052493731436484,5.1025402722608115,1000,MLE,0.02832834199842496,0.0007738511368289049
2,2,1.1052493731436484,5.1025402722608115,1000,Dirichlet(alpha=0.5),0.02903093680880417,0.0008002196064945087
2,3,1.1052493731436484,5.1025402722608115,10,MLE,0.21967165800157504,2.0880788250723707
2,3,1.1052493731436484,5.1025402722608115,10,Dirichlet(alpha=0.5),0.20299187378988579,0.040143705911224986
2,3,1.1052493731436484,5.1025402722608115,25,MLE,0.21967165800157507,0.04536219356567386
2,3,1.1052493731436484,5.1025402722608115,25,Dirichlet(alpha=0.5),0.18966547160119646,0.03415176782739951
2,3,1.1052493731436484,5.1025402722608115,50,MLE,0.17967165800157509,0.031534255153498884
2,3,1.1052493731436484,5.1025402722608115,50,Dirichlet(alpha=0.5),0.15813319646311355,0.022630776604159353
2,3,1.1052493731436484,5.1025402722608115,100,MLE,0.1689116133154331,0.021741105410999717
2,3,1.1052493731436484,5.1025402722608115,100,Dirichlet(alpha=0.5),0.17440180939386443,0.023312724209676845
2,3,1.1052493731436484,5.1025402722608115,250,MLE,0.06673380959609673,0.003962914799563892
2,3,1.1052493731436484,5.1025402722608115,250,Dirichlet(alpha=0.5),0.06755920642149352,0.0036893872985405904
2,3,1.1052493731436484,5.1025402722608115,500,MLE,0.09998688245497739,0.00804443095849961
2,3,1.1052493731436484,5.1025402722608115,500,Dirichlet(alpha=0.5),0.10158050795298534,0.008292217546878243
2,3,1.1052493731436484,5.1025402722608115,1000,MLE,0.01673380959609673,0.000426897789078705
2,3,1.1052493731436484,5.1025402722608115,1000,Dirichlet(alpha=0.5),0.01704119482563761,0.00039994040636361517
2,4,1.1052493731436484,5.1025402722608115,10,MLE,0.5510752691395443,2.202900252755616
2,4,1.1052493731436484,5.1025402722608115,10,Dirichlet(alpha=0.5),0.46774193580621093,0.12462998578447634
2,4,1.1052493731436484,5.1025402722608115,25,MLE,0.3707338095960967,2.1101485240066884
2,4,1.1052493731436484,5.1025402722608115,25,Dirichlet(alpha=0.5),0.35591899478128186,0.11038394543496163
2,4,1.1052493731436484,5.1025402722608115,50,MLE,0.10034145954344759,0.010104817611340633
2,4,1.1052493731436484,5.1025402722608115,50,Dirichlet(alpha=0.5),0.09187992108190911,0.009381171877307783
2,4,1.1052493731436484,5.1025402722608115,100,MLE,0.1692661904039033,0.016924306294693908
2,4,1.1052493731436484,5.1025402722608115,100,Dirichlet(alpha=0.5),0.16259952373723666,0.016129037370837304
2,4,1.1052493731436484,5.1025402722608115,250,MLE,0.12801311754502256,0.013900990340781766
2,4,1.1052493731436484,5.1025402722608115,250,Dirichlet(alpha=0.5),0.12302899056089564,0.012685578348629711
2,4,1.1052493731436484,5.1025402722608115,500,MLE,0.06526619040390333,0.0023201596191534564
2,4,1.1052493731436484,5.1025402722608115,500,Dirichlet(alpha=0.5),0.06432595136007854,0.0022362301023375157
2,4,1.1052493731436484,5.1025402722608115,1000,MLE,0.053266190403903305,0.002909165408096801
2,4,1.1052493731436484,5.1025402722608115,1000,Dirichlet(alpha=0.5),0.052819084615480155,0.002941932837867414
3,0,5.801547725061365,1.7377681925808202,10,MLE,0.11376246751904355,1.3153090366654083
3,0,5.801547725061365,1.7377681925808202,10,Dirichlet(alpha=0.5),0.05290419914762314,0.0060161620144071806
3,0,5.801547725061365,1.7377681925808202,25,MLE,0.34729010338553,0.5963037094160049
3,0,5.801547725061365,1.7377681925808202,25,Dirichlet(alpha=0.5),0.3324752885707152,0.05671862408838844
3,0,5.801547725061365,1.7377681925808202,50,MLE,0.13362483295636407,0.552355329790373
3,0,5.801547725061365,1.7377681925808202,50,Dirichlet(alpha=0.5),0.11747098680251797,0.013164652574951686
3,0,5.801547725061365,1.7377681925808202,100,MLE,0.20729010338552997,0.03640826025876404
3,0,5.801547725061365,1.7377681925808202,100,Dirichlet(alpha=0.5),0.20611363279729472,0.034295063892953115
3,0,5.801547725061365,1.7377681925808202,250,MLE,0.02580290499184546,0.003114033657451198
3,0,5.801547725061365,1.7377681925808202,250,Dirichlet(alpha=0.5),0.02493511169900716,0.0028043261904298544
3,0,5.801547725061365,1.7377681925808202,500,MLE,0.07037516704363589,0.0027914418096002687
3,0,5.801547725061365,1.7377681925808202,500,Dirichlet(alpha=0.5),0.07123572481256024,0.0029097781775435224
3,0,5.801547725061365,1.7377681925808202,1000,MLE,0.03580290499184548,0.002417140788807044
3,0,5.801547725061365,1.7377681925808202,1000,Dirichlet(alpha=0.5),0.03539971137907104,0.002329243605482441
3,1,5.801547725061365,1.7377681925808202,10,MLE,0.11376246751904355,1.3153090366654083
3,1,5.801547725061365,1.7377681925808202,10,Dirichlet(alpha=0.5),0.05290419914762314,0.0060161620144071806
3,1,5.801547725061365,1.7377681925808202,25,MLE,0.20623753248095647,0.05441806289757703
3,1,5.801547725061365,1.7377681925808202,25,Dirichlet(alpha=0.5),0.2566079028513268,0.07294333795024868
3,1,5.801547725061365,1.7377681925808202,50,MLE,0.14729010338552995,0.5637132658279889
3,1,5.801547725061365,1.7377681925808202,50,Dirichlet(alpha=0.5),0.14729010338552997,0.03285343243653948
3,1,5.801547725061365,1.7377681925808202,100,MLE,0.12729010338553,0.0082168761352157
3,1,5.801547725061365,1.7377681925808202,100,Dirichlet(alpha=0.5),0.12927413014320288,0.008893589548842874
3,1,5.801547725061365,1.7377681925808202,250,MLE,0.09129010338552995,0.013138794082617481
3,1,5.801547725061365,1.7377681925808202,250,Dirichlet(alpha=0.5),0.09173454782997445,0.012332446867942201
3,1,5.801547725061365,1.7377681925808202,500,MLE,0.062197095008154527,0.003232846921222529
3,1,5.801547725061365,1.7377681925808202,500,Dirichlet(alpha=0.5),0.06261143763763669,0.0030631597742481345
3,1,5.801547725061365,1.7377681925808202,1000,MLE,0.036237532480956396,0.002568526997676542
3,1,5.801547725061365,1.7377681925808202,1000,Dirichlet(alpha=0.5),0.03793413926738359,0.0027930613126641926
3,2,5.801547725061365,1.7377681925808202,10,MLE,0.5001376345626796,1.4296405592643713
3,2,5.801547725061365,1.7377681925808202,10,Dirichlet(alpha=0.5),0.3697085003769693,0.08959984898478505
3,2,5.801547725061365,1.7377681925808202,25,MLE,0.44619709500815463,0.8685876542381787
3,2,5.801547725061365,1.7377681925808202,25,Dirichlet(alpha=0.5),0.4254563542674139,0.1100297135817821
3,2,5.801547725061365,1.7377681925808202,50,MLE,0.34729010338553,0.06819074717785129
3,2,5.801547725061365,1.7377681925808202,50,Dirichlet(alpha=0.5),0.3498623654373204,0.07211551726431795
3,2,5.801547725061365,1.7377681925808202,100,MLE,0.07366527042916593,0.013186857320299582
3,2,5.801547725061365,1.7377681925808202,100,Dirichlet(alpha=0.5),0.08231596385350544,0.015063284971477143
3,2,5.801547725061365,1.7377681925808202,250,MLE,0.06962483295636404,0.0037249987385861057
3,2,5.801547725061365,1.7377681925808202,250,Dirichlet(alpha=0.5),0.06792502402045056,0.002961293830872164
3,2,5.801547725061365,1.7377681925808202,500,MLE,0.10329010338552996,0.007253647314256236
3,2,5.801547725061365,1.7377681925808202,500,Dirichlet(alpha=0.5),0.10346540219031086,0.007099867448632944
3,2,5.801547725061365,1.7377681925808202,1000,MLE,0.026137634562679462,0.0008906307714860486
3,2,5.801547725061365,1.7377681925808202,1000,Dirichlet(alpha=0.5),0.024888133564675598,0.0007298850797781472
3,3,5.801547725061365,1.7377681925808202,10,MLE,0.45270989661447,0.902438422773581
3,3,5.801547725061365,1.7377681925808202,10,Dirichlet(alpha=0.5),0.36970850037696923,0.1323786163554494
3,3,5.801547725061365,1.7377681925808202,25,MLE,0.066375167043636,0.006083871759284366
3,3,5.801547725061365,1.7377681925808202,25,Dirichlet(alpha=0.5),0.1084597547031786,0.019425186213812763
3,3,5.801547725061365,1.7377681925808202,50,MLE,0.08619709500815453,0.0092178886227521
3,3,5.801547725061365,1.7377681925808202,50,Dirichlet(alpha=0.5),0.08927401808507765,0.009971699884699588
3,3,5.801547725061365,1.7377681925808202,100,MLE,0.03270989661447006,0.004423993310518803
3,3,5.801547725061365,1.7377681925808202,100,Dirichlet(alpha=0.5),0.029180484849764158,0.0032728918889140465
3,3,5.801547725061365,1.7377681925808202,250,MLE,0.07529010338552994,0.005672285331227768
3,3,5.801547725061365,1.7377681925808202,250,Dirichlet(alpha=0.5),0.07586153195695852,0.00549654734472606
3,3,5.801547725061365,1.7377681925808202,500,MLE,0.03142773794820953,0.010437733496768676
3,3,5.801547725061365,1.7377681925808202,500,Dirichlet(alpha=0.5),0.02949945109561975,0.008800258911894204
3,3,5.801547725061365,1.7377681925808202,1000,MLE,0.010709896614470051,0.0004986110232615324
3,3,5.801547725061365,1.7377681925808202,1000,Dirichlet(alpha=0.5),0.010394527352993,0.0004439437968559944
3,4,5.801547725061365,1.7377681925808202,10,MLE,0.1661970950081546,0.8149381328613514
3,4,5.801547725061365,1.7377681925808202,10,Dirichlet(alpha=0.5),0.2195708658142898,0.07183206450438845
3,4,5.801547725061365,1.7377681925808202,25,MLE,0.12623753248095643,0.02384829114704713
3,4,5.801547725061365,1.7377681925808202,25,Dirichlet(alpha=0.5),0.18253382877725272,0.04177995898717908
3,4,5.801547725061365,1.7377681925808202,50,MLE,0.13270989661446997,0.013606384346593156
3,4,5.801547725061365,1.7377681925808202,50,Dirichlet(alpha=0.5),0.12194066584523924,0.013599773266224007
3,4,5.801547725061365,1.7377681925808202,100,MLE,0.07376246751904354,0.024213747816568
3,4,5.801547725061365,1.7377681925808202,100,Dirichlet(alpha=0.5),0.05493893810727879,0.011348170577272556
3,4,5.801547725061365,1.7377681925808202,250,MLE,0.048572262051790493,0.008214246627179102
3,4,5.801547725061365,1.7377681925808202,250,Dirichlet(alpha=0.5),0.05177861125813974,0.008850499989347865
3,4,5.801547725061365,1.7377681925808202,500,MLE,0.07380290499184541,0.002884160341731513
3,4,5.801547725061365,1.7377681925808202,500,Dirichlet(alpha=0.5),0.07284672969304068,0.002826210559454875
3,4,5.801547725061365,1.7377681925808202,1000,MLE,0.08986236543732047,0.005266987745659256
3,4,5.801547725061365,1.7377681925808202,1000,Dirichlet(alpha=0.5),0.09088032950917682,0.005451632181169593
4,0,5.1506698168945935,5.591360694322676,10,MLE,0.2905553532014196,2.774863995535827
4,0,5.1506698168945935,5.591360694322676,10,Dirichlet(alpha=0.5),0.2577167537016889,0.04469893528755041
4,0,5.1506698168945935,5.591360694322676,25,MLE,0.29055535320141956,0.8196709866947562
4,0,5.1506698168945935,5.591360694322676,25,Dirichlet(alpha=0.5),0.2683331309791973,0.04412297661319586
4,0,5.1506698168945935,5.591360694322676,50,MLE,0.1705553532014195,0.019552598518695508
4,0,5.1506698168945935,5.591360694322676,50,Dirichlet(alpha=0.5),0.1729644300828777,0.01717477048140026
4,0,5.1506698168945935,5.591360694322676,100,MLE,0.08944464679858047,0.007144770775187659
4,0,5.1506698168945935,5.591360694322676,100,Dirichlet(alpha=0.5),0.08787601934760009,0.008232065670047486
4,0,5.1506698168945935,5.591360694322676,250,MLE,0.0388105839290316,0.000842660535333481
4,0,5.1506698168945935,5.591360694322676,250,Dirichlet(alpha=0.5),0.04238468284199937,0.0010147360940796057
4,0,5.1506698168945935,5.591360694322676,500,MLE,0.07136134890403245,0.004166051308611755
4,0,5.1506698168945935,5.591360694322676,500,Dirichlet(alpha=0.5),0.06804660786817582,0.003616080500259456
4,0,5.1506698168945935,5.591360694322676,1000,MLE,0.02718941607096844,0.0011771548873398402
4,0,5.1506698168945935,5.591360694322676,1000,Dirichlet(alpha=0.5),0.026482829244621073,0.0012491967394247308
4,1,5.1506698168945935,5.591360694322676,10,MLE,0.5393613489040324,2.8724116226396417
4,1,5.1506698168945935,5.591360694322676,10,Dirichlet(alpha=0.5),0.339856082737635,0.08534036756660865
4,1,5.1506698168945935,5.591360694322676,25,MLE,0.14063865109596754,0.01287862999373452
4,1,5.1506698168945935,5.591360694322676,25,Dirichlet(alpha=0.5),0.18656457702189347,0.02411102086999923
4,1,5.1506698168945935,5.591360694322676,50,MLE,0.1131894160709685,0.019709969103289864
4,1,5.1506698168945935,5.591360694322676,50,Dirichlet(alpha=0.5),0.09626633914789146,0.013678288854496514
4,1,5.1506698168945935,5.591360694322676,100,MLE,0.11936134890403237,0.015172213373775627
4,1,5.1506698168945935,5.591360694322676,100,Dirichlet(alpha=0.5),0.10210644694324812,0.009985394348367404
4,1,5.1506698168945935,5.591360694322676,250,MLE,0.09718941607096848,0.01198753183279867
4,1,5.1506698168945935,5.591360694322676,250,Dirichlet(alpha=0.5),0.0938243367058891,0.010848653992706526
4,1,5.1506698168945935,5.591360694322676,500,MLE,0.06063865109596763,0.00226293019787659
4,1,5.1506698168945935,5.591360694322676,500,Dirichlet(alpha=0.5),0.06342749571748146,0.002445363031072262
4,1,5.1506698168945935,5.591360694322676,1000,MLE,0.01863865109596758,0.00030163695387145587
4,1,5.1506698168945935,5.591360694322676,1000,Dirichlet(alpha=0.5),0.020119689020119284,0.0003662638153435695
4,2,5.1506698168945935,5.591360694322676,10,MLE,0.2606386510959676,0.05134860220127616
4,2,5.1506698168945935,5.591360694322676,10,Dirichlet(alpha=0.5),0.34397198442930094,0.08771709118640247
4,2,5.1506698168945935,5.591360694322676,25,MLE,0.2556165796316444,0.8047163420285945
4,2,5.1506698168945935,5.591360694322676,25,Dirichlet(alpha=0.5),0.20524620926127413,0.0370186530657982
4,2,5.1506698168945935,5.591360694322676,50,MLE,0.4068105839290316,0.8532899661954356
4,2,5.1506698168945935,5.591360694322676,50,Dirichlet(alpha=0.5),0.4037336608521085,0.1057440321693404
4,2,5.1506698168945935,5.591360694322676,100,MLE,0.06438342036835558,0.008563030037807484
4,2,5.1506698168945935,5.591360694322676,100,Dirichlet(alpha=0.5),0.07144224389776738,0.010071263148664456
4,2,5.1506698168945935,5.591360694322676,250,MLE,0.11536134890403238,0.008048132712679346
4,2,5.1506698168945935,5.591360694322676,250,Dirichlet(alpha=0.5),0.10969735257890492,0.007500040500732448
4,2,5.1506698168945935,5.591360694322676,500,MLE,0.03974476927238786,0.003465762347377707
4,2,5.1506698168945935,5.591360694322676,500,Dirichlet(alpha=0.5),0.038246761304260316,0.0032574024746181603
4,2,5.1506698168945935,5.591360694322676,1000,MLE,0.010638651095967587,0.00035521293923964964
4,2,5.1506698168945935,5.591360694322676,1000,Dirichlet(alpha=0.5),0.012135657083991544,0.00041998677290182144
4,3,5.1506698168945935,5.591360694322676,10,MLE,0.33936134890403247,2.7700924859456713
4,3,5.1506698168945935,5.591360694322676,10,Dirichlet(alpha=0.5),0.17318941607096844,0.025329345135366478
4,3,5.1506698168945935,5.591360694322676,25,MLE,0.09936134890403248,0.770659775782515
4,3,5.1506698168945935,5.591360694322676,25,Dirichlet(alpha=0.5),0.05709806111312592,0.005925478177538858
4,3,5.1506698168945935,5.591360694322676,50,MLE,0.1499167021054518,0.06073295685628822
4,3,5.1506698168945935,5.591360694322676,50,Dirichlet(alpha=0.5),0.11453208672083648,0.034787916181123285
4,3,5.1506698168945935,5.591360694322676,100,MLE,0.06063865109596762,0.0031951452451709095
4,3,5.1506698168945935,5.591360694322676,100,Dirichlet(alpha=0.5),0.07436414129204602,0.005023343619331201
4,3,5.1506698168945935,5.591360694322676,250,MLE,0.030810583929031587,0.0011546726139634632
4,3,5.1506698168945935,5.591360694322676,250,Dirichlet(alpha=0.5),0.03315979027823792,0.0010974616929822828
4,3,5.1506698168945935,5.591360694322676,500,MLE,0.04361657963164445,0.0012380026920499124
4,3,5.1506698168945935,5.591360694322676,500,Dirichlet(alpha=0.5),0.0417520377989751,0.0011877841976750993
4,3,5.1506698168945935,5.591360694322676,1000,MLE,0.024083297894548175,0.0007667616717065735
4,3,5.1506698168945935,5.591360694322676,1000,Dirichlet(alpha=0.5),0.025572319850635954,0.000833338097682255
4,4,5.1506698168945935,5.591360694322676,10,MLE,0.7268105839290315,1.0481225947250483
4,4,5.1506698168945935,5.591360694322676,10,Dirichlet(alpha=0.5),0.6773053177626343,0.27557500742698876
4,4,5.1506698168945935,5.591360694322676,25,MLE,0.06991670210545187,0.7696070271982725
4,4,5.1506698168945935,5.591360694322676,25,Dirichlet(alpha=0.5),0.06755132466977228,0.006562803094349423
4,4,5.1506698168945935,5.591360694322676,50,MLE,0.14063865109596752,0.01834037989319825
4,4,5.1506698168945935,5.591360694322676,50,Dirichlet(alpha=0.5),0.16448480494212137,0.025137891951238153
4,4,5.1506698168945935,5.591360694322676,100,MLE,0.09055535320141955,0.010832063154707701
4,4,5.1506698168945935,5.591360694322676,100,Dirichlet(alpha=0.5),0.08859456888769403,0.0074252678119835006
4,4,5.1506698168945935,5.591360694322676,250,MLE,0.1108105839290316,0.006619314934016157
4,4,5.1506698168945935,5.591360694322676,250,Dirichlet(alpha=0.5),0.11381325427057079,0.006993383971947514
4,4,5.1506698168945935,5.591360694322676,500,MLE,0.1003834203683556,0.005791807663695574
4,4,5.1506698168945935,5.591360694322676,500,Dirichlet(alpha=0.5),0.10167425702174199,0.005931786430270265
4,4,5.1506698168945935,5.591360694322676,1000,MLE,0.04944464679858043,0.0034839435277089284
4,4,5.1506698168945935,5.591360694322676,1000,Dirichlet(alpha=0.5),0.049364806479219155,0.0036073673531393513
5,0,3.2230884273154183,1.5391579822145707,10,MLE,0.2332400439426478,0.05970178346104717
5,0,3.2230884273154183,1.5391579822145707,10,Dirichlet(alpha=0.5),0.27992110089883226,0.1017971208353051
5,0,3.2230884273154183,1.5391579822145707,25,MLE,0.17007889910116764,0.04689696325035403
5,0,3.2230884273154183,1.5391579822145707,25,Dirichlet(alpha=0.5),0.18898217827957436,0.04402734879962134
5,0,3.2230884273154183,1.5391579822145707,50,MLE,0.17007889910116764,0.04689696325035403
5,0,3.2230884273154183,1.5391579822145707,50,Dirichlet(alpha=0.5),0.17829841759581375,0.027459079554961463
5,0,3.2230884273154183,1.5391579822145707,100,MLE,0.05007889910116769,0.03359534775459322
5,0,3.2230884273154183,1.5391579822145707,100,Dirichlet(alpha=0.5),0.05499525017499922,0.006365494996413763
5,0,3.2230884273154183,1.5391579822145707,250,MLE,0.010078899101167708,0.032457662344115235
5,0,3.2230884273154183,1.5391579822145707,250,Dirichlet(alpha=0.5),0.010410749708145837,0.0008991872748313739
5,0,3.2230884273154183,1.5391579822145707,500,MLE,0.015528078247576873,0.016181600965802425
5,0,3.2230884273154183,1.5391579822145707,500,Dirichlet(alpha=0.5),0.015976877791262622,0.0011774517248486797
5,0,3.2230884273154183,1.5391579822145707,1000,MLE,0.014078899101167712,0.032499134924584686
5,0,3.2230884273154183,1.5391579822145707,1000,Dirichlet(alpha=0.5),0.01299307075785424,0.00025934162111072075
5,1,3.2230884273154183,1.5391579822145707,10,MLE,0.17007889910116764,0.04689696325035403
5,1,3.2230884273154183,1.5391579822145707,10,Dirichlet(alpha=0.5),0.21675995605735213,0.09018416178565684
5,1,3.2230884273154183,1.5391579822145707,25,MLE,0.2500788991011677,0.06459133462392919
5,1,3.2230884273154183,1.5391579822145707,25,Dirichlet(alpha=0.5),0.2630562523536485,0.060210171352527625
5,1,3.2230884273154183,1.5391579822145707,50,MLE,0.09007889910116773,0.03635453770863666
5,1,3.2230884273154183,1.5391579822145707,50,Dirichlet(alpha=0.5),0.10137534067273682,0.01738699444214939
5,1,3.2230884273154183,1.5391579822145707,100,MLE,0.01324004394264782,0.03249025993073691
5,1,3.2230884273154183,1.5391579822145707,100,Dirichlet(alpha=0.5),0.02011717933020489,0.005300903032255369
5,1,3.2230884273154183,1.5391579822145707,250,MLE,0.034078899101167674,0.03294712479050177
5,1,3.2230884273154183,1.5391579822145707,250,Dirichlet(alpha=0.5),0.03422027351766962,0.001381729918961596
5,1,3.2230884273154183,1.5391579822145707,500,MLE,0.010759956057352195,0.002319252790547508
5,1,3.2230884273154183,1.5391579822145707,500,Dirichlet(alpha=0.5),0.0126173119362641,0.0037872617563474323
5,1,3.2230884273154183,1.5391579822145707,1000,MLE,0.06963306659390331,0.01950269920375073
5,1,3.2230884273154183,1.5391579822145707,1000,Dirichlet(alpha=0.5),0.06955721829051012,0.003173686988750264
5,2,3.2230884273154183,1.5391579822145707,10,MLE,0.4332400439426478,0.13333334961723942
5,2,3.2230884273154183,1.5391579822145707,10,Dirichlet(alpha=0.5),0.446587767565499,0.16204205450380704
5,2,3.2230884273154183,1.5391579822145707,25,MLE,0.1532400439426479,0.04397057350907699
5,2,3.2230884273154183,1.5391579822145707,25,Dirichlet(alpha=0.5),0.17806924904698052,0.041717267231353626
5,2,3.2230884273154183,1.5391579822145707,50,MLE,0.13007889910116766,0.04077073647811676
5,2,3.2230884273154183,1.5391579822145707,50,Dirichlet(alpha=0.5),0.13983687913427525,0.021603575611999132
5,2,3.2230884273154183,1.5391579822145707,100,MLE,0.03324004394264784,0.03292224756425993
5,2,3.2230884273154183,1.5391579822145707,100,Dirichlet(alpha=0.5),0.03972502246745978,0.00573057041865639
5,2,3.2230884273154183,1.5391579822145707,250,MLE,0.07324004394264788,0.03498545687055144
5,2,3.2230884273154183,1.5391579822145707,250,Dirichlet(alpha=0.5),0.07357189454962601,0.0034169002138170063
5,2,3.2230884273154183,1.5391579822145707,500,MLE,0.02436693340609677,0.016341970610410036
5,2,3.2230884273154183,1.5391579822145707,500,Dirichlet(alpha=0.5),0.024528880360140958,0.001334901504818551
5,2,3.2230884273154183,1.5391579822145707,1000,MLE,0.005240043942647814,0.032429263318531666
5,2,3.2230884273154183,1.5391579822145707,1000,Dirichlet(alpha=0.5),0.004297928174184804,0.00019011472574951356
5,3,3.2230884273154183,1.5391579822145707,10,MLE,0.17007889910116764,0.04689696325035403
5,3,3.2230884273154183,1.5391579822145707,10,Dirichlet(alpha=0.5),0.21675995605735213,0.09018416178565684
5,3,3.2230884273154183,1.5391579822145707,25,MLE,0.31324004394264787,0.08276166367035327
5,3,3.2230884273154183,1.5391579822145707,25,Dirichlet(alpha=0.5),0.32621739719512866,0.0776448131970694
5,3,3.2230884273154183,1.5391579822145707,50,MLE,0.05007889910116769,0.03359534775459322
5,3,3.2230884273154183,1.5391579822145707,50,Dirichlet(alpha=0.5),0.06291380221119833,0.014760565465908461
5,3,3.2230884273154183,1.5391579822145707,100,MLE,0.01324004394264782,0.03249025993073691
5,3,3.2230884273154183,1.5391579822145707,100,Dirichlet(alpha=0.5),0.02011717933020489,0.005300903032255369
5,3,3.2230884273154183,1.5391579822145707,250,MLE,0.01563306659390326,0.018725918931044687
5,3,3.2230884273154183,1.5391579822145707,250,Dirichlet(alpha=0.5),0.018016338994070437,0.004035779544476472
5,3,3.2230884273154183,1.5391579822145707,500,MLE,0.020366933406096768,0.016259834445091704
5,3,3.2230884273154183,1.5391579822145707,500,Dirichlet(alpha=0.5),0.02054481661512104,0.001253347778133844
5,3,3.2230884273154183,1.5391579822145707,1000,MLE,0.040759956057352165,0.0012603085993339279
5,3,3.2230884273154183,1.5391579822145707,1000,Dirichlet(alpha=0.5),0.04161025545854981,0.0017282726071866858
5,4,3.2230884273154183,1.5391579822145707,10,MLE,0.833240043942648,0.5775949756995484
5,4,3.2230884273154183,1.5391579822145707,10,Dirichlet(alpha=0.5),0.7799211008988323,0.4841014247365008
5,4,3.2230884273154183,1.5391579822145707,25,MLE,0.07324004394264788,0.03498545687055144
5,4,3.2230884273154183,1.5391579822145707,25,Dirichlet(alpha=0.5),0.10399517497290639,0.03332086043438318
5,4,3.2230884273154183,1.5391579822145707,50,MLE,0.1532400439426479,0.04397057350907699
5,4,3.2230884273154183,1.5391579822145707,50,Dirichlet(alpha=0.5),0.16453648551421698,0.0248522873672571
5,4,3.2230884273154183,1.5391579822145707,100,MLE,0.0932400439426479,0.03661961599348381
5,4,3.2230884273154183,1.5391579822145707,100,Dirichlet(alpha=0.5),0.0985485518792245,0.009373576080594553
5,4,3.2230884273154183,1.5391579822145707,250,MLE,0.02447192175242316,0.018871028445032398
5,4,3.2230884273154183,1.5391579822145707,250,Dirichlet(alpha=0.5),0.026283765581161724,0.00417567940715217
5,4,3.2230884273154183,1.5391579822145707,500,MLE,0.009921100898832306,0.0009124855778325112
5,4,3.2230884273154183,1.5391579822145707,500,Dirichlet(alpha=0.5),0.011992814046242707,0.002229323964234868
5,4,3.2230884273154183,1.5391579822145707,1000,MLE,0.026078899101167723,0.03271974097417099
5,4,3.2230884273154183,1.5391579822145707,1000,Dirichlet(alpha=0.5),0.024969118662045896,0.0004791268226625924
6,0,5.178862686165505,1.343112310697568,10,MLE,0.35026045596709765,2.6406500755878595
6,0,5.178862686165505,1.343112310697568,10,Dirichlet(alpha=0.5),0.2169271226337643,0.05521497594855093
6,0,5.178862686165505,1.343112310697568,25,MLE,0.39151123242255675,0.09452937094527553
6,0,5.178862686165505,1.343112310697568,25,Dirichlet(alpha=0.5),0.333733454644779,0.06189388994960814
6,0,5.178862686165505,1.343112310697568,50,MLE,0.2657219184431361,0.04329818254257545
6,0,5.178862686165505,1.343112310697568,50,Dirichlet(alpha=0.5),0.26418345690467454,0.04027049192417827
6,0,5.178862686165505,1.343112310697568,100,MLE,0.18276684913430713,0.035017849381611094
6,0,5.178862686165505,1.343112310697568,100,Dirichlet(alpha=0.5),0.18237469227156206,0.03239004372272228
6,0,5.178862686165505,1.343112310697568,250,MLE,0.06902730510140481,0.007882485430653762
6,0,5.178862686165505,1.343112310697568,250,Dirichlet(alpha=0.5),0.06620190827600803,0.007156673404525871
6,0,5.178862686165505,1.343112310697568,500,MLE,0.03151123242255671,0.000947590860452421
6,0,5.178862686165505,1.343112310697568,500,Dirichlet(alpha=0.5),0.029958030906809346,0.0008829548295075252
6,0,5.178862686165505,1.343112310697568,1000,MLE,0.02476684913430706,0.0008980455751714037
6,0,5.178862686165505,1.343112310697568,1000,Dirichlet(alpha=0.5),0.02504229823610349,0.0008790072193173657
6,1,5.178862686165505,1.343112310697568,10,MLE,0.2884887675774433,0.05978240729605941
6,1,5.178862686165505,1.343112310697568,10,Dirichlet(alpha=0.5),0.30515543424410996,0.06897125980131104
6,1,5.178862686165505,1.343112310697568,25,MLE,0.2142780815568639,0.026808687322038293
6,1,5.178862686165505,1.343112310697568,25,Dirichlet(alpha=0.5),0.1816854889642713,0.02041863268369353
6,1,5.178862686165505,1.343112310697568,50,MLE,0.20848876757744328,0.02346533140193308
6,1,5.178862686165505,1.343112310697568,50,Dirichlet(alpha=0.5),0.2154118445005202,0.02492138375916905
6,1,5.178862686165505,1.343112310697568,100,MLE,0.05723315086569289,0.0032255505956886033
6,1,5.178862686165505,1.343112310697568,100,Dirichlet(alpha=0.5),0.05291942537549685,0.002776659363241566
6,1,5.178862686165505,1.343112310697568,250,MLE,0.0412331508656929,0.001672348751889402
6,1,5.178862686165505,1.343112310697568,250,Dirichlet(alpha=0.5),0.03961410324664527,0.0015885290715438802
6,1,5.178862686165505,1.343112310697568,500,MLE,0.006278081556863879,3.993748375991286e-05
6,1,5.178862686165505,1.343112310697568,500,Dirichlet(alpha=0.5),0.005353778768019263,2.832849576654673e-05
6,1,5.178862686165505,1.343112310697568,1000,MLE,0.029739544032902326,0.0006258572251536428
6,1,5.178862686165505,1.343112310697568,1000,Dirichlet(alpha=0.5),0.030577867386195764,0.00065107400414691
6,2,5.178862686165505,1.343112310697568,10,MLE,0.4257219184431361,0.13347094150654423
6,2,5.178862686165505,1.343112310697568,10,Dirichlet(alpha=0.5),0.3923885851098028,0.11926604021965045
6,2,5.178862686165505,1.343112310697568,25,MLE,0.18572191844313612,0.023771616759161694
6,2,5.178862686165505,1.343112310697568,25,Dirichlet(alpha=0.5),0.1886848814060991,0.023507232376105386
6,2,5.178862686165505,1.343112310697568,50,MLE,0.3057219184431361,0.05612888374904447
6,2,5.178862686165505,1.343112310697568,50,Dirichlet(alpha=0.5),0.3026449953662131,0.05671466125729207
6,2,5.178862686165505,1.343112310697568,100,MLE,0.04973954403290233,0.0015954825042412343
6,2,5.178862686165505,1.343112310697568,100,Dirichlet(alpha=0.5),0.05758268128780433,0.0021450242756270946
6,2,5.178862686165505,1.343112310697568,250,MLE,0.09426045596709762,0.007805832735161677
6,2,5.178862686165505,1.343112310697568,250,Dirichlet(alpha=0.5),0.0899429956496373,0.007050685808921757
6,2,5.178862686165505,1.343112310697568,500,MLE,0.05951123242255668,0.0019651847565830046
6,2,5.178862686165505,1.343112310697568,500,Dirichlet(alpha=0.5),0.05784647712194882,0.0018824406038186747
6,2,5.178862686165505,1.343112310697568,1000,MLE,0.05125077645545917,0.0018260437596452179
6,2,5.178862686165505,1.343112310697568,1000,Dirichlet(alpha=0.5),0.05127073653529944,0.0018117733574296517
6,3,5.178862686165505,1.343112310697568,10,MLE,0.3115112324225566,0.05634521038258048
6,3,5.178862686165505,1.343112310697568,10,Dirichlet(alpha=0.5),0.23181726065448527,0.02893279047808628
6,3,5.178862686165505,1.343112310697568,25,MLE,0.17723315086569288,0.04178649540673346
6,3,5.178862686165505,1.343112310697568,25,Dirichlet(alpha=0.5),0.1520479656805077,0.02955493330468731
6,3,5.178862686165505,1.343112310697568,50,MLE,0.1987492235445409,0.03235066180942163
6,3,5.178862686165505,1.343112310697568,50,Dirichlet(alpha=0.5),0.1887492235445409,0.02577620901316658
6,3,5.178862686165505,1.343112310697568,100,MLE,0.10572191844313607,0.009762668155886734
6,3,5.178862686165505,1.343112310697568,100,Dirichlet(alpha=0.5),0.10807485961960674,0.010568353212074152
6,3,5.178862686165505,1.343112310697568,250,MLE,0.061516072678848024,0.0035763422502683093
6,3,5.178862686165505,1.343112310697568,250,Dirichlet(alpha=0.5),0.06183353299630831,0.003409515561873834
6,3,5.178862686165505,1.343112310697568,500,MLE,0.07725077645545915,0.004699177812096231
6,3,5.178862686165505,1.343112310697568,500,Dirichlet(alpha=0.5),0.0771870314355388,0.0047668413761791685
6,3,5.178862686165505,1.343112310697568,1000,MLE,0.022766849134307057,0.0005475181456303709
6,3,5.178862686165505,1.343112310697568,1000,Dirichlet(alpha=0.5),0.023046290252071583,0.000545441289744545
6,4,5.178862686165505,1.343112310697568,10,MLE,0.7115112324225566,2.8208829962223065
6,4,5.178862686165505,1.343112310697568,10,Dirichlet(alpha=0.5),0.5281778990892234,0.17012586764975723
6,4,5.178862686165505,1.343112310697568,25,MLE,0.23026045596709768,2.6065958373549654
6,4,5.178862686165505,1.343112310697568,25,Dirichlet(alpha=0.5),0.17989008559672728,0.10352084599990329
6,4,5.178862686165505,1.343112310697568,50,MLE,0.2387492235445409,0.03327936048158798
6,4,5.178862686165505,1.343112310697568,50,Dirichlet(alpha=0.5),0.2272107620060793,0.030631041781827732
6,4,5.178862686165505,1.343112310697568,100,MLE,0.12973954403290236,0.017509262034233915
6,4,5.178862686165505,1.343112310697568,100,Dirichlet(alpha=0.5),0.1360140538368239,0.01852806688282429
6,4,5.178862686165505,1.343112310697568,250,MLE,0.11248876757744325,0.008298408467495313
6,4,5.178862686165505,1.343112310697568,250,Dirichlet(alpha=0.5),0.11467924376791948,0.008524798028744701
6,4,5.178862686165505,1.343112310697568,500,MLE,0.07048392732115191,0.005361363467068489
6,4,5.178862686165505,1.343112310697568,500,Dirichlet(alpha=0.5),0.0697986683570086,0.0051891656962821595
6,4,5.178862686165505,1.343112310697568,1000,MLE,0.03125077645545912,0.0008914980533396392
6,4,5.178862686165505,1.343112310697568,1000,Dirichlet(alpha=0.5),0.031310656694980066,0.0009184732324195302
7,0,4.658774888358886,3.958031037879585,10,MLE,0.19726702978809255,0.023048258955193118
7,0,4.658774888358886,3.958031037879585,10,Dirichlet(alpha=0.5),0.21393369645475915,0.03772667048518466
7,0,4.658774888358886,3.958031037879585,25,MLE,0.013588410359572617,0.00026313521248636385
7,0,4.658774888358886,3.958031037879585,25,Dirichlet(alpha=0.5),0.055191305606381774,0.0028830260709389894
7,0,4.658774888358886,3.958031037879585,50,MLE,0.1335884103595726,0.023816665116295745
7,0,4.658774888358886,3.958031037879585,50,Dirichlet(alpha=0.5),0.13051148728264955,0.018004390373265802
7,0,4.658774888358886,3.958031037879585,100,MLE,0.27244609455208113,0.05084883468671379
7,0,4.658774888358886,3.958031037879585,100,Dirichlet(alpha=0.5),0.25950491808149295,0.04343873971338758
7,0,4.658774888358886,3.958031037879585,250,MLE,0.10882093523601144,0.01013590707272994
7,0,4.658774888358886,3.958031037879585,250,Dirichlet(alpha=0.5),0.11339236380744001,0.01086546077247258
7,0,4.658774888358886,3.958031037879585,500,MLE,0.08330153469974634,0.004462817154534586
7,0,4.658774888358886,3.958031037879585,500,Dirichlet(alpha=0.5),0.08282344705034388,0.004564350345483022
7,0,4.658774888358886,3.958031037879585,1000,MLE,0.06873297021190747,0.0032083122812542556
7,0,4.658774888358886,3.958031037879585,1000,Dirichlet(alpha=0.5),0.06800243128975178,0.003091507794022834
7,1,4.658774888358886,3.958031037879585,10,MLE,0.3151790647639886,3.810912433876921
7,1,4.658774888358886,3.958031037879585,10,Dirichlet(alpha=0.5),0.1485123980973219,0.030680048767989257
7,1,4.658774888358886,3.958031037879585,25,MLE,0.1539654950883463,0.036409759001375226
7,1,4.658774888358886,3.958031037879585,25,Dirichlet(alpha=0.5),0.16729882842167962,0.03207664439685036
7,1,4.658774888358886,3.958031037879585,50,MLE,0.1966984653002537,1.8018622962545126
7,1,4.658774888358886,3.958031037879585,50,Dirichlet(alpha=0.5),0.19054461914640758,0.09741858769463402
7,1,4.658774888358886,3.958031037879585,100,MLE,0.03358841035957262,0.0016820040493135736
7,1,4.658774888358886,3.958031037879585,100,Dirichlet(alpha=0.5),0.037762111706599696,0.0023373665047234527
7,1,4.658774888358886,3.958031037879585,250,MLE,0.05644609455208115,0.0016747365662410523
7,1,4.658774888358886,3.958031037879585,250,Dirichlet(alpha=0.5),0.05292228502827166,0.0014623193465276292
7,1,4.658774888358886,3.958031037879585,500,MLE,0.028446094552081178,0.0011086297123108911
7,1,4.658774888358886,3.958031037879585,500,Dirichlet(alpha=0.5),0.026788724034152903,0.0009449603477287055
7,1,4.658774888358886,3.958031037879585,1000,MLE,0.02114455985233482,0.0011156122511503516
7,1,4.658774888358886,3.958031037879585,1000,Dirichlet(alpha=0.5),0.020402044882274886,0.0010782668863751274
7,2,4.658774888358886,3.958031037879585,10,MLE,0.39726702978809253,0.10377013527733567
7,2,4.658774888358886,3.958031037879585,10,Dirichlet(alpha=0.5),0.38060036312142576,0.0977210282018498
7,2,4.658774888358886,3.958031037879585,25,MLE,0.39669846530025366,0.08474357209207195
7,2,4.658774888358886,3.958031037879585,25,Dirichlet(alpha=0.5),0.37003179863358704,0.07406496735581489
7,2,4.658774888358886,3.958031037879585,50,MLE,0.17358841035957262,0.016962047235926467
7,2,4.658774888358886,3.958031037879585,50,Dirichlet(alpha=0.5),0.17601544390945728,0.018565111522697367
7,2,4.658774888358886,3.958031037879585,100,MLE,0.2075539054479188,0.027926697606045988
7,2,4.658774888358886,3.958031037879585,100,Dirichlet(alpha=0.5),0.2110833172126247,0.029651718175339473
7,2,4.658774888358886,3.958031037879585,250,MLE,0.1227329702119075,0.016935197494595575
7,2,4.658774888358886,3.958031037879585,250,Dirichlet(alpha=0.5),0.11939963687857413,0.015290761588578434
7,2,4.658774888358886,3.958031037879585,500,MLE,0.01873297021190745,0.00018578705653028477
7,2,4.658774888358886,3.958031037879585,500,Dirichlet(alpha=0.5),0.017731836654393346,0.00017802193905153244
7,2,4.658774888358886,3.958031037879585,1000,MLE,0.05530153469974633,0.0018921702566283994
7,2,4.658774888358886,3.958031037879585,1000,Dirichlet(alpha=0.5),0.05511790196521536,0.0018843739195350158
7,3,4.658774888358886,3.958031037879585,10,MLE,0.28482093523601143,0.07038465859866565
7,3,4.658774888358886,3.958031037879585,10,Dirichlet(alpha=0.5),0.351487601902678,0.08868626880943922
7,3,4.658774888358886,3.958031037879585,25,MLE,0.17358841035957256,0.0318724813244946
7,3,4.658774888358886,3.958031037879585,25,Dirichlet(alpha=0.5),0.1646995214706837,0.024305642837031627
7,3,4.658774888358886,3.958031037879585,50,MLE,0.04330153469974632,0.0009836937077971225
7,3,4.658774888358886,3.958031037879585,50,Dirichlet(alpha=0.5),0.047267029788092524,0.0017443756858275812
7,3,4.658774888358886,3.958031037879585,100,MLE,0.1966984653002537,0.021051448962785043
7,3,4.658774888358886,3.958031037879585,100,Dirichlet(alpha=0.5),0.19356121039829294,0.021505659808423134
7,3,4.658774888358886,3.958031037879585,250,MLE,0.06069846530025368,0.004233598368370424
7,3,4.658774888358886,3.958031037879585,250,Dirichlet(alpha=0.5),0.06050798910977751,0.00391147499809693
7,3,4.658774888358886,3.958031037879585,500,MLE,0.08069846530025371,0.0036936591760162747
7,3,4.658774888358886,3.958031037879585,500,Dirichlet(alpha=0.5),0.08052316649547281,0.0036639124763804334
7,3,4.658774888358886,3.958031037879585,1000,MLE,0.028411589640427393,0.0009105583541090803
7,3,4.658774888358886,3.958031037879585,1000,Dirichlet(alpha=0.5),0.02824791698573681,0.0008872534974636668
7,4,4.658774888358886,3.958031037879585,10,MLE,0.4875539054479189,0.16850157937814209
7,4,4.658774888358886,3.958031037879585,10,Dirichlet(alpha=0.5),0.47088723878125216,0.16504211689381537
7,4,4.658774888358886,3.958031037879585,25,MLE,0.3227329702119075,0.06441979465344166
7,4,4.658774888358886,3.958031037879585,25,Dirichlet(alpha=0.5),0.2768070442859816,0.03950141614937686
7,4,4.658774888358886,3.958031037879585,50,MLE,0.1633015346997463,0.015561375113338147
7,4,4.658774888358886,3.958031037879585,50,Dirichlet(alpha=0.5),0.15560922700743857,0.014534071645648898
7,4,4.658774888358886,3.958031037879585,100,MLE,0.16273297021190747,0.039611653068942904
7,4,4.658774888358886,3.958031037879585,100,Dirichlet(alpha=0.5),0.15371336236877017,0.03208934496442466
7,4,4.658774888358886,3.958031037879585,250,MLE,0.03155390544791885,0.001376324740094802
7,4,4.658774888358886,3.958031037879585,250,Dirichlet(alpha=0.5),0.03437930227331569,0.0016581098751366646
7,4,4.658774888358886,3.958031037879585,500,MLE,0.05555390544791887,0.0023716565928475764
7,4,4.658774888358886,3.958031037879585,500,Dirichlet(alpha=0.5),0.05687661461126538,0.0025483400964012703
7,4,4.658774888358886,3.958031037879585,1000,MLE,0.03958841035957257,0.001977465213586601
7,4,4.658774888358886,3.958031037879585,1000,Dirichlet(alpha=0.5),0.03961635447134908,0.0019056329920160188
8,0,5.82707166053703,1.457122123266483,10,MLE,0.5587461249186144,1.3098970713152664
8,0,5.82707166053703,1.457122123266483,10,Dirichlet(alpha=0.5),0.4731838571191246,0.12254728197383798
8,0,5.82707166053703,1.457122123266483,25,MLE,0.10222893446615652,1.1754816388311218
8,0,5.82707166053703,1.457122123266483,25,Dirichlet(alpha=0.5),0.02815486039208245,0.0028238281800407466
8,0,5.82707166053703,1.457122123266483,50,MLE,0.02308764182008973,0.0020891117806326777
8,0,5.82707166053703,1.457122123266483,50,Dirichlet(alpha=0.5),0.05161721937999744,0.005812933042177337
8,0,5.82707166053703,1.457122123266483,100,MLE,0.0987461249186144,0.01494516151665697
8,0,5.82707166053703,1.457122123266483,100,Dirichlet(alpha=0.5),0.09382170549511332,0.008446282159870233
8,0,5.82707166053703,1.457122123266483,250,MLE,0.14525387508138557,0.014147765758527248
8,0,5.82707166053703,1.457122123266483,250,Dirichlet(alpha=0.5),0.14680943063694107,0.015056364654242855
8,0,5.82707166053703,1.457122123266483,500,MLE,0.054746124918614414,0.007219826370946223
8,0,5.82707166053703,1.457122123266483,500,Dirichlet(alpha=0.5),0.05316843567558654,0.005933969908632756
8,0,5.82707166053703,1.457122123266483,1000,MLE,0.026570451367631837,0.0005984967784209202
8,0,5.82707166053703,1.457122123266483,1000,Dirichlet(alpha=0.5),0.02629101024986735,0.0005924513915803119
8,1,5.82707166053703,1.457122123266483,10,MLE,0.35468342371375383,0.8068408189335035
8,1,5.82707166053703,1.457122123266483,10,Dirichlet(alpha=0.5),0.39777106553384356,0.16789178354336937
8,1,5.82707166053703,1.457122123266483,25,MLE,0.28125387508138555,0.06563335076102417
8,1,5.82707166053703,1.457122123266483,25,Dirichlet(alpha=0.5),0.28569831952582997,0.07965858729525638
8,1,5.82707166053703,1.457122123266483,50,MLE,0.06308764182008972,0.5279830177034892
8,1,5.82707166053703,1.457122123266483,50,Dirichlet(alpha=0.5),0.07770302643547441,0.0211308926123043
8,1,5.82707166053703,1.457122123266483,100,MLE,0.07874612491861444,0.013530342679604051
8,1,5.82707166053703,1.457122123266483,100,Dirichlet(alpha=0.5),0.07421386235785843,0.007037785557427427
8,1,5.82707166053703,1.457122123266483,250,MLE,0.09725387508138564,0.00714532622051404
8,1,5.82707166053703,1.457122123266483,250,Dirichlet(alpha=0.5),0.09919038301789351,0.007896283252114868
8,1,5.82707166053703,1.457122123266483,500,MLE,0.03383376673870411,0.0006772961656970064
8,1,5.82707166053703,1.457122123266483,500,Dirichlet(alpha=0.5),0.034604839854848385,0.0007876523250621428
8,1,5.82707166053703,1.457122123266483,1000,MLE,0.013253875081385626,0.0003206371052662945
8,1,5.82707166053703,1.457122123266483,1000,Dirichlet(alpha=0.5),0.013908565700148007,0.0004108602331208604
8,2,5.82707166053703,1.457122123266483,10,MLE,0.1430876418200897,0.5546880084406851
8,2,5.82707166053703,1.457122123266483,10,Dirichlet(alpha=0.5),0.23110439886717687,0.0673869651474149
8,2,5.82707166053703,1.457122123266483,25,MLE,0.17651719045245792,0.018464438583682942
8,2,5.82707166053703,1.457122123266483,25,Dirichlet(alpha=0.5),0.20466533860060607,0.034047490546903564
8,2,5.82707166053703,1.457122123266483,50,MLE,0.06348280954754214,0.6576173168880615
8,2,5.82707166053703,1.457122123266483,50,Dirichlet(alpha=0.5),0.05201238710744979,0.013175632229762493
8,2,5.82707166053703,1.457122123266483,100,MLE,0.06308764182008975,0.01094497412936268
8,2,5.82707166053703,1.457122123266483,100,Dirichlet(alpha=0.5),0.07424165376913766,0.013161486887215627
8,2,5.82707166053703,1.457122123266483,250,MLE,0.11342954863236822,0.006622387005339841
8,2,5.82707166053703,1.457122123266483,250,Dirichlet(alpha=0.5),0.11604099997626743,0.006816359977971232
8,2,5.82707166053703,1.457122123266483,500,MLE,0.06525387508138561,0.0031557533884707797
8,2,5.82707166053703,1.457122123266483,500,Dirichlet(alpha=0.5),0.06635347667501104,0.003534146378427699
8,2,5.82707166053703,1.457122123266483,1000,MLE,0.010912358179910282,0.000652894884021064
8,2,5.82707166053703,1.457122123266483,1000,Dirichlet(alpha=0.5),0.010006170555159781,0.0005762043718031675
8,3,5.82707166053703,1.457122123266483,10,MLE,0.343482809547542,1.2187009980483836
8,3,5.82707166053703,1.457122123266483,10,Dirichlet(alpha=0.5),0.25792054174805223,0.040516884783489686
8,3,5.82707166053703,1.457122123266483,25,MLE,0.06183376673870411,0.519953433723693
8,3,5.82707166053703,1.457122123266483,25,Dirichlet(alpha=0.5),0.06479672970166708,0.009310332072805148
8,3,5.82707166053703,1.457122123266483,50,MLE,0.14348280954754206,0.011059109824589155
8,3,5.82707166053703,1.457122123266483,50,Dirichlet(alpha=0.5),0.12971541354292407,0.009298197561999344
8,3,5.82707166053703,1.457122123266483,100,MLE,0.20348280954754208,0.6759428728490157
8,3,5.82707166053703,1.457122123266483,100,Dirichlet(alpha=0.5),0.18858084876322834,0.04107711556993791
8,3,5.82707166053703,1.457122123266483,250,MLE,0.010166233261295916,0.0004421132184187389
8,3,5.82707166053703,1.457122123266483,250,Dirichlet(alpha=0.5),0.009277344372406977,0.00033850008085525114
8,3,5.82707166053703,1.457122123266483,500,MLE,0.06142954863236823,0.0019148718097407177
8,3,5.82707166053703,1.457122123266483,500,Dirichlet(alpha=0.5),0.061636719947109245,0.0019188394741039216
8,3,5.82707166053703,1.457122123266483,1000,MLE,0.039253875081385586,0.0031723990335812517
8,3,5.82707166053703,1.457122123266483,1000,Dirichlet(alpha=0.5),0.03985666949256318,0.003402163948903268
8,4,5.82707166053703,1.457122123266483,10,MLE,0.2981662332612959,0.7262334180047906
8,4,5.82707166053703,1.457122123266483,10,Dirichlet(alpha=0.5),0.2579205417480522,0.09121846162658208
8,4,5.82707166053703,1.457122123266483,25,MLE,0.27874612491861445,1.2014383107771769
8,4,5.82707166053703,1.457122123266483,25,Dirichlet(alpha=0.5),0.23282019899268855,0.027773020155213504
8,4,5.82707166053703,1.457122123266483,50,MLE,0.10348280954754205,1.176511919233836
8,4,5.82707166053703,1.457122123266483,50,Dirichlet(alpha=0.5),0.0780981941629267,0.01985068709790022
8,4,5.82707166053703,1.457122123266483,100,MLE,0.02657045136763183,0.00604432025441464
8,4,5.82707166053703,1.457122123266483,100,Dirichlet(alpha=0.5),0.023825353328416066,0.0024265939911686145
8,4,5.82707166053703,1.457122123266483,250,MLE,0.08051719045245795,0.003267773345379324
8,4,5.82707166053703,1.457122123266483,250,Dirichlet(alpha=0.5),0.0842949682302357,0.0036957762557532498
8,4,5.82707166053703,1.457122123266483,500,MLE,0.10525387508138562,0.010106517735467413
8,4,5.82707166053703,1.457122123266483,500,Dirichlet(alpha=0.5),0.10619411412521024,0.010740651336807502
8,4,5.82707166053703,1.457122123266483,1000,MLE,0.0145171904524579,0.0003697359119393829
8,4,5.82707166053703,1.457122123266483,1000,Dirichlet(alpha=0.5),0.015599026779803179,0.0004730539816682716
9,0,5.021051266743702,3.2557269462471425,10,MLE,0.500456959988978,0.2891381231788456
9,0,5.021051266743702,3.2557269462471425,10,Dirichlet(alpha=0.5),0.44395070909203144,0.2155002547200531
9,0,5.021051266743702,3.2557269462471425,25,MLE,0.4260492909079685,0.15637009093341978
9,0,5.021051266743702,3.2557269462471425,25,Dirichlet(alpha=0.5),0.44769118815917025,0.11511094323841342
9,0,5.021051266743702,3.2557269462471425,50,MLE,0.14045695998897786,0.07687788537181288
9,0,5.021051266743702,3.2557269462471425,50,Dirichlet(alpha=0.5),0.13625840139972376,0.020054285871297872
9,0,5.021051266743702,3.2557269462471425,100,MLE,0.10604929090796854,0.07158782532876995
9,0,5.021051266743702,3.2557269462471425,100,Dirichlet(alpha=0.5),0.11326853020710047,0.009036731724642108
9,0,5.021051266743702,3.2557269462471425,250,MLE,0.04204929090796848,0.06675723010891677
9,0,5.021051266743702,3.2557269462471425,250,Dirichlet(alpha=0.5),0.04187965236363943,0.0011214994315716937
9,0,5.021051266743702,3.2557269462471425,500,MLE,0.007784414268401301,0.044863524634544155
9,0,5.021051266743702,3.2557269462471425,500,Dirichlet(alpha=0.5),0.008963697136927285,0.0026576997592681383
9,0,5.021051266743702,3.2557269462471425,1000,MLE,0.024049290907968462,0.022773746755148903
9,0,5.021051266743702,3.2557269462471425,1000,Dirichlet(alpha=0.5),0.02436280687015004,0.0006245118687344393
9,1,5.021051266743702,3.2557269462471425,10,MLE,0.1004569599889779,0.07124369287301875
9,1,5.021051266743702,3.2557269462471425,10,Dirichlet(alpha=0.5),0.16016041576972032,0.07510747484116298
9,1,5.021051266743702,3.2557269462471425,25,MLE,0.18604929090796843,0.08334714487494112
9,1,5.021051266743702,3.2557269462471425,25,Dirichlet(alpha=0.5),0.22546896593694793,0.044922303354533684
9,1,5.021051266743702,3.2557269462471425,50,MLE,0.1460492909079685,0.07668710358057584
9,1,5.021051266743702,3.2557269462471425,50,Dirichlet(alpha=0.5),0.16492765539563745,0.021729856471865767
9,1,5.021051266743702,3.2557269462471425,100,MLE,0.026049290907968464,0.06621003462582781
9,1,5.021051266743702,3.2557269462471425,100,Dirichlet(alpha=0.5),0.03483715765808093,0.0035190189605197736
9,1,5.021051266743702,3.2557269462471425,250,MLE,0.029807916650589194,0.02339639087049021
9,1,5.021051266743702,3.2557269462471425,250,Dirichlet(alpha=0.5),0.033670024138006224,0.002289522420530735
9,1,5.021051266743702,3.2557269462471425,500,MLE,0.00754304001102203,0.000769580224658369
9,1,5.021051266743702,3.2557269462471425,500,Dirichlet(alpha=0.5),0.010698418497077892,0.0018285332513691115
9,1,5.021051266743702,3.2557269462471425,1000,MLE,0.026049290907968464,0.02282623853476654
9,1,5.021051266743702,3.2557269462471425,1000,Dirichlet(alpha=0.5),0.02635881485418203,0.0006775478660460354
9,2,5.021051266743702,3.2557269462471425,10,MLE,0.10604929090796854,0.07158782532876995
9,2,5.021051266743702,3.2557269462471425,10,Dirichlet(alpha=0.5),0.21620970667768877,0.08089041467233768
9,2,5.021051266743702,3.2557269462471425,25,MLE,0.2660492909079684,0.10130959120527734
9,2,5.021051266743702,3.2557269462471425,25,Dirichlet(alpha=0.5),0.29954304001102205,0.062422939674986654
9,2,5.021051266743702,3.2557269462471425,50,MLE,0.1460492909079685,0.07668710358057584
9,2,5.021051266743702,3.2557269462471425,50,Dirichlet(alpha=0.5),0.16492765539563745,0.021729856471865767
9,2,5.021051266743702,3.2557269462471425,100,MLE,0.14045695998897786,0.07687788537181288
9,2,5.021051266743702,3.2557269462471425,100,Dirichlet(alpha=0.5),0.13512717968026683,0.013391402062060636
9,2,5.021051266743702,3.2557269462471425,250,MLE,0.018049290907968456,0.06603846078037076
9,2,5.021051266743702,3.2557269462471425,250,Dirichlet(alpha=0.5),0.018070128554115595,0.0003777105968330956
9,2,5.021051266743702,3.2557269462471425,500,MLE,0.01954304001102204,0.002007470610495756
9,2,5.021051266743702,3.2557269462471425,500,Dirichlet(alpha=0.5),0.02265060973213764,0.0032146187374583277
9,2,5.021051266743702,3.2557269462471425,1000,MLE,0.01980791665058919,0.0003416981526669451
9,2,5.021051266743702,3.2557269462471425,1000,Dirichlet(alpha=0.5),0.021099926238567043,0.0005592123846152337
9,3,5.021051266743702,3.2557269462471425,10,MLE,0.1004569599889779,0.07124369287301875
9,3,5.021051266743702,3.2557269462471425,10,Dirichlet(alpha=0.5),0.16016041576972032,0.07510747484116298
9,3,5.021051266743702,3.2557269462471425,25,MLE,0.4604569599889779,0.24047925807473852
9,3,5.021051266743702,3.2557269462471425,25,Dirichlet(alpha=0.5),0.43469144983277225,0.17219071435288086
9,3,5.021051266743702,3.2557269462471425,50,MLE,0.020456959988977935,0.06604804810824458
9,3,5.021051266743702,3.2557269462471425,50,Dirichlet(alpha=0.5),0.031955287564592066,0.010533634311759677
9,3,5.021051266743702,3.2557269462471425,100,MLE,0.1562155857315986,0.040665935907754525
9,3,5.021051266743702,3.2557269462471425,100,Dirichlet(alpha=0.5),0.15473502281752177,0.023454883496622253
9,3,5.021051266743702,3.2557269462471425,250,MLE,0.02845695998897794,0.06622818939777113
9,3,5.021051266743702,3.2557269462471425,250,Dirichlet(alpha=0.5),0.023588908746236193,0.0005126723503859211
9,3,5.021051266743702,3.2557269462471425,500,MLE,0.08619208334941074,0.05011131417875061
9,3,5.021051266743702,3.2557269462471425,500,Dirichlet(alpha=0.5),0.084646266616343,0.00790539891040412
9,3,5.021051266743702,3.2557269462471425,1000,MLE,0.010192083349410783,0.0007336265866888777
9,3,5.021051266743702,3.2557269462471425,1000,Dirichlet(alpha=0.5),0.009569328858392805,0.000617064206892564
9,4,5.021051266743702,3.2557269462471425,10,MLE,0.1004569599889779,0.07124369287301875
9,4,5.021051266743702,3.2557269462471425,10,Dirichlet(alpha=0.5),0.16016041576972032,0.07510747484116298
9,4,5.021051266743702,3.2557269462471425,25,MLE,0.060456959988977974,0.0676856925147833
9,4,5.021051266743702,3.2557269462471425,25,Dirichlet(alpha=0.5),0.06756782317712774,0.027615331741030386
9,4,5.021051266743702,3.2557269462471425,50,MLE,0.035758625742620787,0.03574202153487979
9,4,5.021051266743702,3.2557269462471425,50,Dirichlet(alpha=0.5),0.07041682602613057,0.027895374377639188
9,4,5.021051266743702,3.2557269462471425,100,MLE,0.0381920833494108,0.050330934642665574
9,4,5.021051266743702,3.2557269462471425,100,Dirichlet(alpha=0.5),0.037087963993992314,0.012191988215260506
9,4,5.021051266743702,3.2557269462471425,250,MLE,0.016215585731598654,0.025614781206168287
9,4,5.021051266743702,3.2557269462471425,250,Dirichlet(alpha=0.5),0.017303272912577442,0.00483180111471689
9,4,5.021051266743702,3.2557269462471425,500,MLE,0.01004929090796845,0.065935762050996
9,4,5.021051266743702,3.2557269462471425,500,Dirichlet(alpha=0.5),0.009236541903984465,0.0005261110359233811
9,4,5.021051266743702,3.2557269462471425,1000,MLE,0.006049290907968448,3.10115121780812e-05
9,4,5.021051266743702,3.2557269462471425,1000,Dirichlet(alpha=0.5),0.0071278703503433695,9.935903696654851e-05
10,0,1.454906899645387,1.0424055327326676,10,MLE,0.3234041780922513,0.0920712373217615
10,0,1.454906899645387,1.0424055327326676,10,Dirichlet(alpha=0.5),0.3374775863261815,0.08500345446692235
10,0,1.454906899645387,1.0424055327326676,25,MLE,0.5417057016267648,0.198846325245554
10,0,1.454906899645387,1.0424055327326676,25,Dirichlet(alpha=0.5),0.4972612571823203,0.15635831296288
10,0,1.454906899645387,1.0424055327326676,50,MLE,0.26170570162676476,0.07065054295607164
10,0,1.454906899645387,1.0424055327326676,50,Dirichlet(alpha=0.5),0.26150930566982766,0.06967210181846689
10,0,1.454906899645387,1.0424055327326676,100,MLE,0.12170570162676475,0.02389662992105623
10,0,1.454906899645387,1.0424055327326676,100,Dirichlet(alpha=0.5),0.11817628986205889,0.021978973586600625
10,0,1.454906899645387,1.0424055327326676,250,MLE,0.10414425299284814,0.00770154690168216
10,0,1.454906899645387,1.0424055327326676,250,Dirichlet(alpha=0.5),0.10731885616745138,0.008035303413421437
10,0,1.454906899645387,1.0424055327326676,500,MLE,0.06510987971901606,0.0026620257993912946
10,0,1.454906899645387,1.0424055327326676,500,Dirichlet(alpha=0.5),0.06550828609351801,0.002700879342838733
10,0,1.454906899645387,1.0424055327326676,1000,MLE,0.06740417809225133,0.004667031598865842
10,0,1.454906899645387,1.0424055327326676,1000,Dirichlet(alpha=0.5),0.06771555533776034,0.004713024456295833
10,1,1.454906899645387,1.0424055327326676,10,MLE,0.3417057016267648,3.4424351325417497
10,1,1.454906899645387,1.0424055327326676,10,Dirichlet(alpha=0.5),0.27503903496009807,0.1020366589676043
10,1,1.454906899645387,1.0424055327326676,25,MLE,0.20096562672616797,0.02129372802271068
10,1,1.454906899645387,1.0424055327326676,25,Dirichlet(alpha=0.5),0.160965626726168,0.01369619654662907
10,1,1.454906899645387,1.0424055327326676,50,MLE,0.21489012028098398,0.03410715386632525
10,1,1.454906899645387,1.0424055327326676,50,Dirichlet(alpha=0.5),0.20027473566559936,0.02698797230101732
10,1,1.454906899645387,1.0424055327326676,100,MLE,0.08096562672616799,0.0033462130449314273
10,1,1.454906899645387,1.0424055327326676,100,Dirichlet(alpha=0.5),0.0727303326085209,0.0027242102884752206
10,1,1.454906899645387,1.0424055327326676,250,MLE,0.06496562672616797,0.0040640617349244025
10,1,1.454906899645387,1.0424055327326676,250,Dirichlet(alpha=0.5),0.06175927751981877,0.0035748274415142054
10,1,1.454906899645387,1.0424055327326676,500,MLE,0.05236980481841924,0.0015035349551126773
10,1,1.454906899645387,1.0424055327326676,500,Dirichlet(alpha=0.5),0.0517004821092559,0.0015027317994506066
10,1,1.454906899645387,1.0424055327326676,1000,MLE,0.04414425299284812,0.0013112570570905204
10,1,1.454906899645387,1.0424055327326676,1000,Dirichlet(alpha=0.5),0.0450624166655029,0.001364915206162839
10,2,1.454906899645387,1.0424055327326676,10,MLE,0.1807400749005969,0.03317789770455822
10,2,1.454906899645387,1.0424055327326676,10,Dirichlet(alpha=0.5),0.19740674156726357,0.03428568009730495
10,2,1.454906899645387,1.0424055327326676,25,MLE,0.07563019518158072,0.0033330669262842394
10,2,1.454906899645387,1.0424055327326676,25,Dirichlet(alpha=0.5),0.07859315814454372,0.00362722388788915
10,2,1.454906899645387,1.0424055327326676,50,MLE,0.08096562672616799,0.0038577658446502707
10,2,1.454906899645387,1.0424055327326676,50,Dirichlet(alpha=0.5),0.06481178057232184,0.0023043984902020743
10,2,1.454906899645387,1.0424055327326676,100,MLE,0.2417057016267648,0.03967883523104829
10,2,1.454906899645387,1.0424055327326676,100,Dirichlet(alpha=0.5),0.2358233486855883,0.038048804496404284
10,2,1.454906899645387,1.0424055327326676,250,MLE,0.08014425299284815,0.006667409252060731
10,2,1.454906899645387,1.0424055327326676,250,Dirichlet(alpha=0.5),0.08350933235792755,0.0069953560779018546
10,2,1.454906899645387,1.0424055327326676,500,MLE,0.007855747007151831,7.977731298957746e-05
10,2,1.454906899645387,1.0424055327326676,500,Dirichlet(alpha=0.5),0.0065014696879762135,5.791634446792237e-05
10,2,1.454906899645387,1.0424055327326676,1000,MLE,0.019630195181580795,0.0004598919770202863
10,2,1.454906899645387,1.0424055327326676,1000,Dirichlet(alpha=0.5),0.019821811948047788,0.00043954840868274184
10,3,1.454906899645387,1.0424055327326676,10,MLE,0.36096562672616794,3.441937805418505
10,3,1.454906899645387,1.0424055327326676,10,Dirichlet(alpha=0.5),0.27503903496009807,0.08795639335640118
10,3,1.454906899645387,1.0424055327326676,25,MLE,0.25829429837323525,0.03487688570695681
10,3,1.454906899645387,1.0424055327326676,25,Dirichlet(alpha=0.5),0.24347948355842042,0.03086983587846688
10,3,1.454906899645387,1.0424055327326676,50,MLE,0.21585574700715188,0.04172704697625568
10,3,1.454906899645387,1.0424055327326676,50,Dirichlet(alpha=0.5),0.18816343931484414,0.030525206091480205
10,3,1.454906899645387,1.0424055327326676,100,MLE,0.13903437327383206,0.011774978150112202
10,3,1.454906899645387,1.0424055327326676,100,Dirichlet(alpha=0.5),0.14295594190128302,0.012763350307673423
10,3,1.454906899645387,1.0424055327326676,250,MLE,0.07429429837323519,0.0031232066871362957
10,3,1.454906899645387,1.0424055327326676,250,Dirichlet(alpha=0.5),0.07416731424625111,0.0029876324303386714
10,3,1.454906899645387,1.0424055327326676,500,MLE,0.10763019518158073,0.007078111057650122
10,3,1.454906899645387,1.0424055327326676,500,Dirichlet(alpha=0.5),0.10766206769154094,0.007077543003466708
10,3,1.454906899645387,1.0424055327326676,1000,MLE,0.05303437327383202,0.0018163919908339796
10,3,1.454906899645387,1.0424055327326676,1000,Dirichlet(alpha=0.5),0.05360523155726518,0.001862278493599854
10,4,1.454906899645387,1.0424055327326676,10,MLE,0.48436980481841924,2.7752141750950763
10,4,1.454906899645387,1.0424055327326676,10,Dirichlet(alpha=0.5),0.3843698048184192,0.12125947292949421
10,4,1.454906899645387,1.0424055327326676,25,MLE,0.12340417809225135,0.01630740525402557
10,4,1.454906899645387,1.0424055327326676,25,Dirichlet(alpha=0.5),0.13081158549965877,0.014994698586710091
10,4,1.454906899645387,1.0424055327326676,50,MLE,0.22510987971901603,0.045913393757693724
10,4,1.454906899645387,1.0424055327326676,50,Dirichlet(alpha=0.5),0.23491348376207893,0.04676873378981565
10,4,1.454906899645387,1.0424055327326676,100,MLE,0.07659582190774865,0.008441230703523511
10,4,1.454906899645387,1.0424055327326676,100,Dirichlet(alpha=0.5),0.07071346896657217,0.007653942924170362
10,4,1.454906899645387,1.0424055327326676,250,MLE,0.1097057016267648,0.0073805568126111415
10,4,1.454906899645387,1.0424055327326676,250,Dirichlet(alpha=0.5),0.10837236829343147,0.007219438029570223
10,4,1.454906899645387,1.0424055327326676,500,MLE,0.04096562672616795,0.0010650726294347442
10,4,1.454906899645387,1.0424055327326676,500,Dirichlet(alpha=0.5),0.03945168250306043,0.0009758737034116765
10,4,1.454906899645387,1.0424055327326676,1000,MLE,0.009705701626764734,0.00012873348849401587
10,4,1.454906899645387,1.0424055327326676,1000,Dirichlet(alpha=0.5),0.009569973083850561,0.00013458809557319123
11,0,3.12770033294142,3.661366900045683,10,MLE,0.26793770211245055,0.07221870645157735
11,0,3.12770033294142,3.661366900045683,10,Dirichlet(alpha=0.5),0.4511745387112619,0.18199864236461707
11,0,3.12770033294142,3.661366900045683,25,MLE,0.05215879462207143,0.0082178827590711
11,0,3.12770033294142,3.661366900045683,25,Dirichlet(alpha=0.5),0.07397757733955199,0.03800441688691087
11,0,3.12770033294142,3.661366900045683,50,MLE,0.05215879462207143,0.0082178827590711
11,0,3.12770033294142,3.661366900045683,50,Dirichlet(alpha=0.5),0.038365041727016394,0.021915190813740538
11,0,3.12770033294142,3.661366900045683,100,MLE,0.1279377021124506,0.022325151272809943
11,0,3.12770033294142,3.661366900045683,100,Dirichlet(alpha=0.5),0.15215493086812465,0.03320622968030593
11,0,3.12770033294142,3.661366900045683,250,MLE,0.027937702112450537,0.00219587878777152
11,0,3.12770033294142,3.661366900045683,250,Dirichlet(alpha=0.5),0.0384761260128492,0.005472201330393884
11,0,3.12770033294142,3.661366900045683,500,MLE,0.039937702112450534,0.0035311969889273258
11,0,3.12770033294142,3.661366900045683,500,Dirichlet(alpha=0.5),0.04513204203131503,0.004738743722946404
11,0,3.12770033294142,3.661366900045683,1000,MLE,0.007937702112450533,0.0009165727791622703
11,0,3.12770033294142,3.661366900045683,1000,Dirichlet(alpha=0.5),0.01055577623621202,0.0009762074222338076
11,1,3.12770033294142,3.661366900045683,10,MLE,0.06793770211245057,0.007988007524343359
11,1,3.12770033294142,3.661366900045683,10,Dirichlet(alpha=0.5),0.28450787204459527,0.11185313303520222
11,1,3.12770033294142,3.661366900045683,25,MLE,0.05215879462207143,0.0082178827590711
11,1,3.12770033294142,3.661366900045683,25,Dirichlet(alpha=0.5),0.07397757733955199,0.03800441688691087
11,1,3.12770033294142,3.661366900045683,50,MLE,0.027937702112450537,0.00219587878777152
11,1,3.12770033294142,3.661366900045683,50,Dirichlet(alpha=0.5),0.07937966691639003,0.02243174577474203
11,1,3.12770033294142,3.661366900045683,100,MLE,0.012158794622071416,0.0011067684207741136
11,1,3.12770033294142,3.661366900045683,100,Dirichlet(alpha=0.5),0.019511346402732818,0.009592069696616292
11,1,3.12770033294142,3.661366900045683,250,MLE,0.05215879462207143,0.0082178827590711
11,1,3.12770033294142,3.661366900045683,250,Dirichlet(alpha=0.5),0.048728964554216145,0.009987430854930798
11,1,3.12770033294142,3.661366900045683,500,MLE,0.06793770211245057,0.007988007524343359
11,1,3.12770033294142,3.661366900045683,500,Dirichlet(alpha=0.5),0.07302048824645443,0.009286019783305392
11,1,3.12770033294142,3.661366900045683,1000,MLE,0.020158794622071416,0.0016967484547902832
11,1,3.12770033294142,3.661366900045683,1000,Dirichlet(alpha=0.5),0.019287846789745017,0.001646852804390581
11,2,3.12770033294142,3.661366900045683,10,MLE,0.13215879462207147,1.5820553827848232
11,2,3.12770033294142,3.661366900045683,10,Dirichlet(alpha=0.5),0.16657016993214463,0.09092576076497429
11,2,3.12770033294142,3.661366900045683,25,MLE,0.10793770211245057,0.01693696873351762
11,2,3.12770033294142,3.661366900045683,25,Dirichlet(alpha=0.5),0.2011745387112618,0.06158699735679238
11,2,3.12770033294142,3.661366900045683,50,MLE,0.027937702112450537,0.00219587878777152
11,2,3.12770033294142,3.661366900045683,50,Dirichlet(alpha=0.5),0.07937966691639003,0.02243174577474203
11,2,3.12770033294142,3.661366900045683,100,MLE,0.05215879462207143,0.0082178827590711
11,2,3.12770033294142,3.661366900045683,100,Dirichlet(alpha=0.5),0.04382700376990233,0.014314097883618692
11,2,3.12770033294142,3.661366900045683,250,MLE,0.012158794622071416,0.0011067684207741136
11,2,3.12770033294142,3.661366900045683,250,Dirichlet(alpha=0.5),0.009046424871676423,0.003891527227893185
11,2,3.12770033294142,3.661366900045683,500,MLE,0.03615879462207142,0.003994261662489212
11,2,3.12770033294142,3.661366900045683,500,Dirichlet(alpha=0.5),0.03445273613456143,0.004644409805554545
11,2,3.12770033294142,3.661366900045683,1000,MLE,0.017937702112450528,0.0013955188120373038
11,2,3.12770033294142,3.661366900045683,1000,Dirichlet(alpha=0.5),0.020535816156371615,0.0014836686053932274
11,3,3.12770033294142,3.661366900045683,10,MLE,0.13215879462207147,1.5820553827848232
11,3,3.12770033294142,3.661366900045683,10,Dirichlet(alpha=0.5),0.16657016993214463,0.09092576076497429
11,3,3.12770033294142,3.661366900045683,25,MLE,0.13215879462207147,1.5820553827848232
11,3,3.12770033294142,3.661366900045683,25,Dirichlet(alpha=0.5),0.09502526085051236,0.07318524233821641
11,3,3.12770033294142,3.661366900045683,50,MLE,0.13215879462207147,1.5820553827848232
11,3,3.12770033294142,3.661366900045683,50,Dirichlet(alpha=0.5),0.11283152865678019,0.09044892492654193
11,3,3.12770033294142,3.661366900045683,100,MLE,0.03215879462207142,0.0032628203694010406
11,3,3.12770033294142,3.661366900045683,100,Dirichlet(alpha=0.5),0.024219160632647466,0.010792008881715493
11,3,3.12770033294142,3.661366900045683,250,MLE,0.00415879462207152,0.0008278256036826689
11,3,3.12770033294142,3.661366900045683,250,Dirichlet(alpha=0.5),0.00784001120198586,0.0037373724451420344
11,3,3.12770033294142,3.661366900045683,500,MLE,0.011847577475621617,0.0019620936649722255
11,3,3.12770033294142,3.661366900045683,500,Dirichlet(alpha=0.5),0.017243595816175596,0.003927352535187143
11,3,3.12770033294142,3.661366900045683,1000,MLE,0.00993770211245052,0.0009847010233644841
11,3,3.12770033294142,3.661366900045683,1000,Dirichlet(alpha=0.5),0.01255178422024387,0.0010503916638408333
11,4,3.12770033294142,3.661366900045683,10,MLE,0.26793770211245055,0.07221870645157735
11,4,3.12770033294142,3.661366900045683,10,Dirichlet(alpha=0.5),0.4511745387112619,0.18199864236461707
11,4,3.12770033294142,3.661366900045683,25,MLE,0.05215879462207143,0.0082178827590711
11,4,3.12770033294142,3.661366900045683,25,Dirichlet(alpha=0.5),0.07397757733955199,0.03800441688691087
11,4,3.12770033294142,3.661366900045683,50,MLE,0.09215879462207144,0.03473041034718659
11,4,3.12770033294142,3.661366900045683,50,Dirichlet(alpha=0.5),0.07436999019524168,0.03658532796691076
11,4,3.12770033294142,3.661366900045683,100,MLE,0.07215879462207145,0.017535840219813303
11,4,3.12770033294142,3.661366900045683,100,Dirichlet(alpha=0.5),0.06343484690715731,0.021280545604007686
11,4,3.12770033294142,3.661366900045683,250,MLE,0.01993770211245053,0.001531111313623247
11,4,3.12770033294142,3.661366900045683,250,Dirichlet(alpha=0.5),0.030539618076341278,0.0047314942142671415
11,4,3.12770033294142,3.661366900045683,500,MLE,0.007937702112450533,0.0009165727791622703
11,4,3.12770033294142,3.661366900045683,500,Dirichlet(alpha=0.5),0.013259532071155678,0.0019684263742689567
11,4,3.12770033294142,3.661366900045683,1000,MLE,0.018158794622071414,0.001517872091445334
11,4,3.12770033294142,3.661366900045683,1000,Dirichlet(alpha=0.5),0.017291838805713056,0.0014777046455707668
12,0,1.158229734165679,0.09358752213955421,10,MLE,0.004376116687347657,0.04353616925147819
12,0,1.158229734165679,0.09358752213955421,10,Dirichlet(alpha=0.5),0.1622905499793189,0.07766178878454422
12,0,1.158229734165679,0.09358752213955421,25,MLE,0.04227261838471868,0.04450873681900819
12,0,1.158229734165679,0.09358752213955421,25,Dirichlet(alpha=0.5),0.10160020540107462,0.0311919398120218
12,0,1.158229734165679,0.09358752213955421,50,MLE,0.1621034983026291,0.060594520144185995
12,0,1.158229734165679,0.09358752213955421,50,Dirichlet(alpha=0.5),0.15541968930758893,0.02724439044054433
12,0,1.158229734165679,0.09358752213955421,100,MLE,0.004376116687347657,0.04353616925147819
12,0,1.158229734165679,0.09358752213955421,100,Dirichlet(alpha=0.5),0.01554356052090032,0.004558787936896205
12,0,1.158229734165679,0.09358752213955421,250,MLE,0.04210349830262904,0.044465648282739835
12,0,1.158229734165679,0.09358752213955421,250,Dirichlet(alpha=0.5),0.03820357209147176,0.0015074727081253424
12,0,1.158229734165679,0.09358752213955421,500,MLE,0.03120723203641117,0.014088723374962277
12,0,1.158229734165679,0.09358752213955421,500,Dirichlet(alpha=0.5),0.03335466902804825,0.002179954865890104
12,0,1.158229734165679,0.09358752213955421,1000,MLE,0.009207232036411262,0.012747989783457255
12,0,1.158229734165679,0.09358752213955421,1000,Dirichlet(alpha=0.5),0.00998567515018372,0.00028151211755917185
12,1,1.158229734165679,0.09358752213955421,10,MLE,0.20210349830262914,0.07138343464610404
12,1,1.158229734165679,0.09358752213955421,10,Dirichlet(alpha=0.5),0.18106071494861464,0.09073856343703521
12,1,1.158229734165679,0.09358752213955421,25,MLE,0.04227261838471868,0.04450873681900819
12,1,1.158229734165679,0.09358752213955421,25,Dirichlet(alpha=0.5),0.10160020540107462,0.0311919398120218
12,1,1.158229734165679,0.09358752213955421,50,MLE,0.08210349830262909,0.047463365275040116
12,1,1.158229734165679,0.09358752213955421,50,Dirichlet(alpha=0.5),0.07849661238451203,0.015640962885372936
12,1,1.158229734165679,0.09358752213955421,100,MLE,0.04227261838471868,0.04450873681900819
12,1,1.158229734165679,0.09358752213955421,100,Dirichlet(alpha=0.5),0.05475924679541015,0.005691944020448005
12,1,1.158229734165679,0.09358752213955421,250,MLE,0.0662726183847187,0.04595088818286674
12,1,1.158229734165679,0.09358752213955421,250,Dirichlet(alpha=0.5),0.06853142233229156,0.003174181170898429
12,1,1.158229734165679,0.09358752213955421,500,MLE,0.0062726183847187575,0.04355020998894719
12,1,1.158229734165679,0.09358752213955421,500,Dirichlet(alpha=0.5),0.006539577288706253,0.00020989458846937476
12,1,1.158229734165679,0.09358752213955421,1000,MLE,0.042792767963588725,0.03247079425235603
12,1,1.158229734165679,0.09358752213955421,1000,Dirichlet(alpha=0.5),0.04191053243464672,0.0026015247218049986
12,2,1.158229734165679,0.09358752213955421,10,MLE,0.20210349830262914,0.07138343464610404
12,2,1.158229734165679,0.09358752213955421,10,Dirichlet(alpha=0.5),0.18106071494861464,0.09073856343703521
12,2,1.158229734165679,0.09358752213955421,25,MLE,0.04227261838471868,0.04450873681900819
12,2,1.158229734165679,0.09358752213955421,25,Dirichlet(alpha=0.5),0.10160020540107462,0.0311919398120218
12,2,1.158229734165679,0.09358752213955421,50,MLE,0.08210349830262909,0.047463365275040116
12,2,1.158229734165679,0.09358752213955421,50,Dirichlet(alpha=0.5),0.07849661238451203,0.015640962885372936
12,2,1.158229734165679,0.09358752213955421,100,MLE,0.04210349830262904,0.044465648282739835
12,2,1.158229734165679,0.09358752213955421,100,Dirichlet(alpha=0.5),0.038903852203516595,0.005276224444315383
12,2,1.158229734165679,0.09358752213955421,250,MLE,0.1061034983026291,0.05034215899837375
12,2,1.158229734165679,0.09358752213955421,250,Dirichlet(alpha=0.5),0.10169563558353525,0.007193005625786786
12,2,1.158229734165679,0.09358752213955421,500,MLE,0.026272618384718775,0.04390038382201304
12,2,1.158229734165679,0.09358752213955421,500,Dirichlet(alpha=0.5),0.026459896013805946,0.0005771501812037137
12,2,1.158229734165679,0.09358752213955421,1000,MLE,0.023038111954321584,0.01299726533658651
12,2,1.158229734165679,0.09358752213955421,1000,Dirichlet(alpha=0.5),0.02219180456909208,0.0005157607539031869
12,3,1.158229734165679,0.09358752213955421,10,MLE,0.6021034983026291,7.692324036621335
12,3,1.158229734165679,0.09358752213955421,10,Dirichlet(alpha=0.5),0.5143940482819479,0.42404699666571954
12,3,1.158229734165679,0.09358752213955421,25,MLE,0.12079276796358876,0.07453681965939467
12,3,1.158229734165679,0.09358752213955421,25,Dirichlet(alpha=0.5),0.1437720314608004,0.07180586246310239
12,3,1.158229734165679,0.09358752213955421,50,MLE,0.12210349830262911,0.05274549966131303
12,3,1.158229734165679,0.09358752213955421,50,Dirichlet(alpha=0.5),0.11695815084605055,0.020247387072241163
12,3,1.158229734165679,0.09358752213955421,100,MLE,0.1021034983026291,0.04980301578188147
12,3,1.158229734165679,0.09358752213955421,100,Dirichlet(alpha=0.5),0.09772738161528131,0.010177906510104362
12,3,1.158229734165679,0.09358752213955421,250,MLE,0.007207232036411259,0.013654442316388469
12,3,1.158229734165679,0.09358752213955421,250,Dirichlet(alpha=0.5),0.01297586677673599,0.0029741828877197013
12,3,1.158229734165679,0.09358752213955421,500,MLE,0.0062726183847187575,0.04355020998894719
12,3,1.158229734165679,0.09358752213955421,500,Dirichlet(alpha=0.5),0.006539577288706253,0.00020989458846937476
12,3,1.158229734165679,0.09358752213955421,1000,MLE,0.03503811195432159,0.01340757774205935
12,3,1.158229734165679,0.09358752213955421,1000,Dirichlet(alpha=0.5),0.03416785247328363,0.0009191747421833166
12,4,1.158229734165679,0.09358752213955421,10,MLE,0.004376116687347657,0.04353616925147819
12,4,1.158229734165679,0.09358752213955421,10,Dirichlet(alpha=0.5),0.1622905499793189,0.07766178878454422
12,4,1.158229734165679,0.09358752213955421,25,MLE,0.1222726183847187,0.05168113744517358
12,4,1.158229734165679,0.09358752213955421,25,Dirichlet(alpha=0.5),0.17567427947514863,0.039077100560647546
12,4,1.158229734165679,0.09358752213955421,50,MLE,0.04227261838471868,0.04450873681900819
12,4,1.158229734165679,0.09358752213955421,50,Dirichlet(alpha=0.5),0.070973424774294,0.013947207923517228
12,4,1.158229734165679,0.09358752213955421,100,MLE,0.08210349830262909,0.047463365275040116
12,4,1.158229734165679,0.09358752213955421,100,Dirichlet(alpha=0.5),0.07811953847802632,0.008001179929115733
12,4,1.158229734165679,0.09358752213955421,250,MLE,0.050272618384718686,0.04491969710439922
12,4,1.158229734165679,0.09358752213955421,250,Dirichlet(alpha=0.5),0.05265840645927563,0.002123497342415827
12,4,1.158229734165679,0.09358752213955421,500,MLE,0.03103811195432159,0.013250559339367725
12,4,1.158229734165679,0.09358752213955421,500,Dirichlet(alpha=0.5),0.029998297949942642,0.001011097565256129
12,4,1.158229734165679,0.09358752213955421,1000,MLE,0.026272618384718664,0.013154627908030524
12,4,1.158229734165679,0.09358752213955421,1000,Dirichlet(alpha=0.5),0.026025113394698807,0.00041705906293499316
13,0,2.9602173814886203,4.575687779692631,10,MLE,0.27304358556676905,0.21188940325903888
13,0,2.9602173814886203,4.575687779692631,10,Dirichlet(alpha=0.5),0.2733068003138286,0.08725726300652517
13,0,2.9602173814886203,4.575687779692631,25,MLE,0.07304358556676906,0.17552994747283174
13,0,2.9602173814886203,4.575687779692631,25,Dirichlet(alpha=0.5),0.07886235586938416,0.018580109108903013
13,0,2.9602173814886203,4.575687779692631,50,MLE,0.2633598663528381,0.20617767955899935
13,0,2.9602173814886203,4.575687779692631,50,Dirichlet(alpha=0.5),0.26157179904861555,0.036302624821100804
13,0,2.9602173814886203,4.575687779692631,100,MLE,0.0869564144332309,0.007449590482482116
13,0,2.9602173814886203,4.575687779692631,100,Dirichlet(alpha=0.5),0.0975446497273486,0.013903994664887082
13,0,2.9602173814886203,4.575687779692631,250,MLE,0.049959556680811604,0.10151063381252745
13,0,2.9602173814886203,4.575687779692631,250,Dirichlet(alpha=0.5),0.04849923922049419,0.004873217467739915
13,0,2.9602173814886203,4.575687779692631,500,MLE,0.026040443319188346,0.07473898360081659
13,0,2.9602173814886203,4.575687779692631,500,Dirichlet(alpha=0.5),0.026470722203650585,0.002622058287743744
13,0,2.9602173814886203,4.575687779692631,1000,MLE,0.020275837466880508,0.002636918045756582
13,0,2.9602173814886203,4.575687779692631,1000,Dirichlet(alpha=0.5),0.020507374393028216,0.0027233960593959416
13,1,2.9602173814886203,4.575687779692631,10,MLE,0.4730435855667691,0.3103162157353542
13,1,2.9602173814886203,4.575687779692631,10,Dirichlet(alpha=0.5),0.43997346698049533,0.16084837047908254
13,1,2.9602173814886203,4.575687779692631,25,MLE,0.09404044331918837,0.1015873371527526
13,1,2.9602173814886203,4.575687779692631,25,Dirichlet(alpha=0.5),0.13174469622854101,0.052340559708273546
13,1,2.9602173814886203,4.575687779692631,50,MLE,0.033043585566769076,0.17373492665552157
13,1,2.9602173814886203,4.575687779692631,50,Dirichlet(alpha=0.5),0.029717056724085037,0.004392995604334135
13,1,2.9602173814886203,4.575687779692631,100,MLE,0.033043585566769076,0.17373492665552157
13,1,2.9602173814886203,4.575687779692631,100,Dirichlet(alpha=0.5),0.02330680031382856,0.0004651496611871586
13,1,2.9602173814886203,4.575687779692631,250,MLE,0.08104358556676906,0.07741494511533786
13,1,2.9602173814886203,4.575687779692631,250,Dirichlet(alpha=0.5),0.0780098768188337,0.0035940299428113623
13,1,2.9602173814886203,4.575687779692631,500,MLE,0.04295641443323087,0.0010483465079380687
13,1,2.9602173814886203,4.575687779692631,500,Dirichlet(alpha=0.5),0.045283107660322564,0.0015380164784847723
13,1,2.9602173814886203,4.575687779692631,1000,MLE,0.00604044331918833,7.192157879788936e-05
13,1,2.9602173814886203,4.575687779692631,1000,Dirichlet(alpha=0.5),0.006295932341144492,8.121425992904923e-05
13,2,2.9602173814886203,4.575687779692631,10,MLE,0.14335986635283804,0.1826873106218781
13,2,2.9602173814886203,4.575687779692631,10,Dirichlet(alpha=0.5),0.21028974776656423,0.06842850756167983
13,2,2.9602173814886203,4.575687779692631,25,MLE,0.18335986635283807,0.18889059643047607
13,2,2.9602173814886203,4.575687779692631,25,Dirichlet(alpha=0.5),0.20103048850730498,0.03214767093234454
13,2,2.9602173814886203,4.575687779692631,50,MLE,0.09627583746688056,0.11228827592076404
13,2,2.9602173814886203,4.575687779692631,50,Dirichlet(alpha=0.5),0.10772564520246171,0.022834221031902878
13,2,2.9602173814886203,4.575687779692631,100,MLE,0.07404044331918838,0.07827424428540725
13,2,2.9602173814886203,4.575687779692631,100,Dirichlet(alpha=0.5),0.07793680659009361,0.007163315549854884
13,2,2.9602173814886203,4.575687779692631,250,MLE,0.07395955668081157,0.006518897423259118
13,2,2.9602173814886203,4.575687779692631,250,Dirichlet(alpha=0.5),0.07489410190113022,0.00797152790912966
13,2,2.9602173814886203,4.575687779692631,500,MLE,0.01804044331918834,0.07459679203441899
13,2,2.9602173814886203,4.575687779692631,500,Dirichlet(alpha=0.5),0.01850259471361075,0.0024782342996962498
13,2,2.9602173814886203,4.575687779692631,1000,MLE,0.05172416253311938,0.0017731229937367893
13,2,2.9602173814886203,4.575687779692631,1000,Dirichlet(alpha=0.5),0.05134891303212137,0.0015287269732617535
13,3,2.9602173814886203,4.575687779692631,10,MLE,0.343359866352838,0.23033185747899187
13,3,2.9602173814886203,4.575687779692631,10,Dirichlet(alpha=0.5),0.37695641443323086,0.10994945457552471
13,3,2.9602173814886203,4.575687779692631,25,MLE,0.1530435855667691,0.18429192039294856
13,3,2.9602173814886203,4.575687779692631,25,Dirichlet(alpha=0.5),0.1529364299434583,0.026219004099579973
13,3,2.9602173814886203,4.575687779692631,50,MLE,0.10372416253311939,0.10284912574942845
13,3,2.9602173814886203,4.575687779692631,50,Dirichlet(alpha=0.5),0.10664013364716193,0.03871399503631914
13,3,2.9602173814886203,4.575687779692631,100,MLE,0.2633598663528381,0.20617767955899935
13,3,2.9602173814886203,4.575687779692631,100,Dirichlet(alpha=0.5),0.25440739482538777,0.03263922307270485
13,3,2.9602173814886203,4.575687779692631,250,MLE,0.07095641443323089,0.0031320022397256855
13,3,2.9602173814886203,4.575687779692631,250,Dirichlet(alpha=0.5),0.07536911284592927,0.0046356446534631945
13,3,2.9602173814886203,4.575687779692631,500,MLE,0.028640133647161923,0.0026762225850851685
13,3,2.9602173814886203,4.575687779692631,500,Dirichlet(alpha=0.5),0.029946906555528514,0.0036811855210927766
13,3,2.9602173814886203,4.575687779692631,1000,MLE,0.010275837466880502,0.0010023980459544558
13,3,2.9602173814886203,4.575687779692631,1000,Dirichlet(alpha=0.5),0.010527334472868626,0.0009991064771473217
13,4,2.9602173814886203,4.575687779692631,10,MLE,0.343359866352838,0.23033185747899187
13,4,2.9602173814886203,4.575687779692631,10,Dirichlet(alpha=0.5),0.37695641443323086,0.10994945457552471
13,4,2.9602173814886203,4.575687779692631,25,MLE,0.023359866352838,0.17358266442626946
13,4,2.9602173814886203,4.575687779692631,25,Dirichlet(alpha=0.5),0.057670622154466875,0.017194207128089847
13,4,2.9602173814886203,4.575687779692631,50,MLE,0.10335986635283802,0.17807217290929755
13,4,2.9602173814886203,4.575687779692631,50,Dirichlet(alpha=0.5),0.1077256452024617,0.00887626951858917
13,4,2.9602173814886203,4.575687779692631,100,MLE,0.19404044331918843,0.09345991093813312
13,4,2.9602173814886203,4.575687779692631,100,Dirichlet(alpha=0.5),0.195583865413623,0.022208852676475488
13,4,2.9602173814886203,4.575687779692631,250,MLE,0.0646401336471619,0.004196936236317353
13,4,2.9602173814886203,4.575687779692631,250,Dirichlet(alpha=0.5),0.06695759396462231,0.0062638149495572275
13,4,2.9602173814886203,4.575687779692631,500,MLE,0.13004044331918838,0.08243290885899573
13,4,2.9602173814886203,4.575687779692631,500,Dirichlet(alpha=0.5),0.1300563795741685,0.010313489780425233
13,4,2.9602173814886203,4.575687779692631,1000,MLE,0.016040443319188337,0.0010012647567436339
13,4,2.9602173814886203,4.575687779692631,1000,Dirichlet(alpha=0.5),0.01627597226130419,0.0008886422166930578
14,0,5.771737113079469,3.9303460739782587,10,MLE,0.32362213651692506,1.5624508925599583
14,0,5.771737113079469,3.9303460739782587,10,Dirichlet(alpha=0.5),0.37139694712202487,0.09221854482592666
14,0,5.771737113079469,3.9303460739782587,25,MLE,0.05526971954464187,0.21340057383911865
14,0,5.771737113079469,3.9303460739782587,25,Dirichlet(alpha=0.5),0.09425883951774781,0.013141952470267884
14,0,5.771737113079469,3.9303460739782587,50,MLE,0.24434124618754924,0.27328228003187965
14,0,5.771737113079469,3.9303460739782587,50,Dirichlet(alpha=0.5),0.19314169781829005,0.042962929050728474
14,0,5.771737113079469,3.9303460739782587,100,MLE,0.05092847335709248,0.2123752795423508
14,0,5.771737113079469,3.9303460739782587,100,Dirichlet(alpha=0.5),0.05759514002375917,0.007669648328457718
14,0,5.771737113079469,3.9303460739782587,250,MLE,0.08362213651692504,0.014613397146061908
14,0,5.771737113079469,3.9303460739782587,250,Dirichlet(alpha=0.5),0.08473324762803618,0.011885710069551346
14,0,5.771737113079469,3.9303460739782587,500,MLE,0.10144939012598225,0.009746719352997157
14,0,5.771737113079469,3.9303460739782587,500,Dirichlet(alpha=0.5),0.09859680048454805,0.009239886068248642
14,0,5.771737113079469,3.9303460739782587,1000,MLE,0.05237786348307488,0.003254234353132568
14,0,5.771737113079469,3.9303460739782587,1000,Dirichlet(alpha=0.5),0.051826965279482134,0.0031977262051916247
14,1,5.771737113079469,3.9303460739782587,10,MLE,0.21455060987401778,0.23717609045855492
14,1,5.771737113079469,3.9303460739782587,10,Dirichlet(alpha=0.5),0.3456587538124508,0.0788016240084533
14,1,5.771737113079469,3.9303460739782587,25,MLE,0.2036221365169251,0.2394763305616336
14,1,5.771737113079469,3.9303460739782587,25,Dirichlet(alpha=0.5),0.22528838344208038,0.03735635064131294
14,1,5.771737113079469,3.9303460739782587,50,MLE,0.12796338270447444,1.511946414932849
14,1,5.771737113079469,3.9303460739782587,50,Dirichlet(alpha=0.5),0.12780720353228128,0.0612809287079359
14,1,5.771737113079469,3.9303460739782587,100,MLE,0.018891856061567066,0.20778761748161365
14,1,5.771737113079469,3.9303460739782587,100,Dirichlet(alpha=0.5),0.026315315756370673,0.0024517946435921693
14,1,5.771737113079469,3.9303460739782587,250,MLE,0.06834124618754914,0.20996740201845454
14,1,5.771737113079469,3.9303460739782587,250,Dirichlet(alpha=0.5),0.059103150949453884,0.009211692768725438
14,1,5.771737113079469,3.9303460739782587,500,MLE,0.0316587538124508,0.0009496110039288069
14,1,5.771737113079469,3.9303460739782587,500,Dirichlet(alpha=0.5),0.035897797637152055,0.0012825020128157437
14,1,5.771737113079469,3.9303460739782587,1000,MLE,0.05926971954464176,0.004951346604594267
14,1,5.771737113079469,3.9303460739782587,1000,Dirichlet(alpha=0.5),0.05774476944484147,0.004677420748750204
14,2,5.771737113079469,3.9303460739782587,10,MLE,0.2043412461875492,1.5137609174062303
14,2,5.771737113079469,3.9303460739782587,10,Dirichlet(alpha=0.5),0.06444147727176636,0.020707819509115856
14,2,5.771737113079469,3.9303460739782587,25,MLE,0.2443412461875492,1.5270614689348334
14,2,5.771737113079469,3.9303460739782587,25,Dirichlet(alpha=0.5),0.16322716790376005,0.03844664248844718
14,2,5.771737113079469,3.9303460739782587,50,MLE,0.12434124618754915,0.21869715722636032
14,2,5.771737113079469,3.9303460739782587,50,Dirichlet(alpha=0.5),0.07775708243367462,0.005853660082668191
14,2,5.771737113079469,3.9303460739782587,100,MLE,0.08473028045535816,0.0081645699543077
14,2,5.771737113079469,3.9303460739782587,100,Dirichlet(alpha=0.5),0.09688714320045624,0.00876361807556223
14,2,5.771737113079469,3.9303460739782587,250,MLE,0.02255060987401767,0.0030441967922630805
14,2,5.771737113079469,3.9303460739782587,250,Dirichlet(alpha=0.5),0.02724902257243043,0.0014015463749349165
14,2,5.771737113079469,3.9303460739782587,500,MLE,0.030550609874017677,0.003398591261639468
14,2,5.771737113079469,3.9303460739782587,500,Dirichlet(alpha=0.5),0.03287730310110938,0.002399562541946349
14,2,5.771737113079469,3.9303460739782587,1000,MLE,0.022341246187549214,0.0045907318441861765
14,2,5.771737113079469,3.9303460739782587,1000,Dirichlet(alpha=0.5),0.020109709261401452,0.00360421304372395
14,3,5.771737113079469,3.9303460739782587,10,MLE,0.29092847335709254,0.29516004829384224
14,3,5.771737113079469,3.9303460739782587,10,Dirichlet(alpha=0.5),0.3720366172955256,0.12153380594664402
14,3,5.771737113079469,3.9303460739782587,25,MLE,0.14544939012598226,0.03771108079816772
14,3,5.771737113079469,3.9303460739782587,25,Dirichlet(alpha=0.5),0.09425883951774788,0.03912048746502564
14,3,5.771737113079469,3.9303460739782587,50,MLE,0.05526971954464177,0.20938904353701143
14,3,5.771737113079469,3.9303460739782587,50,Dirichlet(alpha=0.5),0.02637786348307498,0.001970707179744043
14,3,5.771737113079469,3.9303460739782587,100,MLE,0.018891856061567066,0.20778761748161365
14,3,5.771737113079469,3.9303460739782587,100,Dirichlet(alpha=0.5),0.026315315756370673,0.0024517946435921693
14,3,5.771737113079469,3.9303460739782587,250,MLE,0.02403661729552559,0.0022300278939617214
14,3,5.771737113079469,3.9303460739782587,250,Dirichlet(alpha=0.5),0.030766776025684384,0.003152820175769553
14,3,5.771737113079469,3.9303460739782587,500,MLE,0.0480366172955256,0.003972197134680327
14,3,5.771737113079469,3.9303460739782587,500,Dirichlet(alpha=0.5),0.05131948582142208,0.004528221169475458
14,3,5.771737113079469,3.9303460739782587,1000,MLE,0.00926971954464185,0.0009524454719917978
14,3,5.771737113079469,3.9303460739782587,1000,Dirichlet(alpha=0.5),0.007844569844043069,0.0007237170974394983
14,4,5.771737113079469,3.9303460739782587,10,MLE,0.21455060987401778,0.23717609045855492
14,4,5.771737113079469,3.9303460739782587,10,Dirichlet(alpha=0.5),0.3456587538124508,0.0788016240084533
14,4,5.771737113079469,3.9303460739782587,25,MLE,0.1309284733570925,0.2322115217689112
14,4,5.771737113079469,3.9303460739782587,25,Dirichlet(alpha=0.5),0.16833291359182193,0.034691964895553665
14,4,5.771737113079469,3.9303460739782587,50,MLE,0.05526971954464177,0.20938904353701143
14,4,5.771737113079469,3.9303460739782587,50,Dirichlet(alpha=0.5),0.02637786348307498,0.001970707179744043
14,4,5.771737113079469,3.9303460739782587,100,MLE,0.08362213651692503,0.22089577766252844
14,4,5.771737113079469,3.9303460739782587,100,Dirichlet(alpha=0.5),0.08636723455614073,0.012518692118223946
14,4,5.771737113079469,3.9303460739782587,250,MLE,0.12365875381245084,0.014538234063475923
14,4,5.771737113079469,3.9303460739782587,250,Dirichlet(alpha=0.5),0.1313730395267366,0.016177570932483308
14,4,5.771737113079469,3.9303460739782587,500,MLE,0.034550609874017674,0.0014603607302115919
14,4,5.771737113079469,3.9303460739782587,500,Dirichlet(alpha=0.5),0.0368613668461293,0.0015437908002213225
14,4,5.771737113079469,3.9303460739782587,1000,MLE,0.02034124618754922,0.0003378480490980848
14,4,5.771737113079469,3.9303460739782587,1000,Dirichlet(alpha=0.5),0.018183921064105994,0.00027706752770931937
15,0,5.762451072713839,5.433009080933833,10,MLE,0.4501524488176581,5.519191668392862
15,0,5.762451072713839,5.433009080933833,10,Dirichlet(alpha=0.5),0.26094309054801634,0.11888676709430906
15,0,5.762451072713839,5.433009080933833,25,MLE,0.05254588073287885,0.2525270539808651
15,0,5.762451072713839,5.433009080933833,25,Dirichlet(alpha=0.5),0.03132903266382335,0.0020026124178580064
15,0,5.762451072713839,5.433009080933833,50,MLE,0.09239024278531699,0.2561127729817688
15,0,5.762451072713839,5.433009080933833,50,Dirichlet(alpha=0.5),0.11085178124685545,0.010335033264000325
15,0,5.762451072713839,5.433009080933833,100,MLE,0.07760656808477927,0.015136355306832565
15,0,5.762451072713839,5.433009080933833,100,Dirichlet(alpha=0.5),0.08314039377692509,0.017972505780805892
15,0,5.762451072713839,5.433009080933833,250,MLE,0.03800318912990379,0.004522957033233448
15,0,5.762451072713839,5.433009080933833,250,Dirichlet(alpha=0.5),0.034606363733078335,0.003852709142029929
15,0,5.762451072713839,5.433009080933833,500,MLE,0.03400318912990377,0.004852985410477144
15,0,5.762451072713839,5.433009080933833,500,Dirichlet(alpha=0.5),0.03231394610201527,0.004839331039147632
15,0,5.762451072713839,5.433009080933833,1000,MLE,0.02039024278531698,0.00036935209737998546
15,0,5.762451072713839,5.433009080933833,1000,Dirichlet(alpha=0.5),0.021492039192502664,0.0003566491322582548
15,1,5.762451072713839,5.433009080933833,10,MLE,0.5723902427853169,0.4704852331123829
15,1,5.762451072713839,5.433009080933833,10,Dirichlet(alpha=0.5),0.6331808845156752,0.2573613441028171
15,1,5.762451072713839,5.433009080933833,25,MLE,0.13239024278531702,0.26061329361208496
15,1,5.762451072713839,5.433009080933833,25,Dirichlet(alpha=0.5),0.1794771808119715,0.021588367759990013
15,1,5.762451072713839,5.433009080933833,50,MLE,0.06760975721468304,0.006387247884113576
15,1,5.762451072713839,5.433009080933833,50,Dirichlet(alpha=0.5),0.04299437259929842,0.008181771787021442
15,1,5.762451072713839,5.433009080933833,100,MLE,0.11254588073287886,0.300444615412506
15,1,5.762451072713839,5.433009080933833,100,Dirichlet(alpha=0.5),0.09333019445836904,0.0371065647549982
15,1,5.762451072713839,5.433009080933833,250,MLE,0.08215244881765801,0.008498340721308522
15,1,5.762451072713839,5.433009080933833,250,Dirichlet(alpha=0.5),0.07316832183353109,0.005366034650116331
15,1,5.762451072713839,5.433009080933833,500,MLE,0.027850740312245676,0.0008363037614889067
15,1,5.762451072713839,5.433009080933833,500,Dirichlet(alpha=0.5),0.03036866859909832,0.000905368523943257
15,1,5.762451072713839,5.433009080933833,1000,MLE,0.02560656808477927,0.0009417441829646165
15,1,5.762451072713839,5.433009080933833,1000,Dirichlet(alpha=0.5),0.025191398424100626,0.0010338658886247139
15,2,5.762451072713839,5.433009080933833,10,MLE,0.17239024278531706,0.270170324813664
15,2,5.762451072713839,5.433009080933833,10,Dirichlet(alpha=0.5),0.2998475511823419,0.06361764943616499
15,2,5.762451072713839,5.433009080933833,25,MLE,0.18014925968775433,0.30217567489311037
15,2,5.762451072713839,5.433009080933833,25,Dirichlet(alpha=0.5),0.16375041556341746,0.048742331727869924
15,2,5.762451072713839,5.433009080933833,50,MLE,0.06984755118234194,0.007472076080204934
15,2,5.762451072713839,5.433009080933833,50,Dirichlet(alpha=0.5),0.10753985887464963,0.01561519038186256
15,2,5.762451072713839,5.433009080933833,100,MLE,0.13239024278531702,0.26020969483183926
15,2,5.762451072713839,5.433009080933833,100,Dirichlet(alpha=0.5),0.1410176937657091,0.015398441579407174
15,2,5.762451072713839,5.433009080933833,250,MLE,0.11415244881765804,0.013372138349488995
15,2,5.762451072713839,5.433009080933833,250,Dirichlet(alpha=0.5),0.1049143535795628,0.009839783119623958
15,2,5.762451072713839,5.433009080933833,500,MLE,0.036545880732878816,0.0036444666961527455
15,2,5.762451072713839,5.433009080933833,500,Dirichlet(alpha=0.5),0.03294428710738079,0.0030373245386355816
15,2,5.762451072713839,5.433009080933833,1000,MLE,0.020393431915220764,0.0009597526634509117
15,2,5.762451072713839,5.433009080933833,1000,Dirichlet(alpha=0.5),0.020716785208633993,0.0007858110548497395
15,3,5.762451072713839,5.433009080933833,10,MLE,0.13254588073287887,1.559798042978888
15,3,5.762451072713839,5.433009080933833,10,Dirichlet(alpha=0.5),0.15985074031224566,0.027051181818786393
15,3,5.762451072713839,5.433009080933833,25,MLE,0.370152448817658,4.2081186847540595
15,3,5.762451072713839,5.433009080933833,25,Dirichlet(alpha=0.5),0.2805695310477423,0.21280029860366795
15,3,5.762451072713839,5.433009080933833,50,MLE,0.05239024278531697,0.2512698869770601
15,3,5.762451072713839,5.433009080933833,50,Dirichlet(alpha=0.5),0.07239024278531694,0.0037638196319335453
15,3,5.762451072713839,5.433009080933833,100,MLE,0.13015244881765803,0.27404781962150143
15,3,5.762451072713839,5.433009080933833,100,Dirichlet(alpha=0.5),0.10701519391569736,0.019685984653507245
15,3,5.762451072713839,5.433009080933833,250,MLE,0.038003189129903754,0.005610954210788447
15,3,5.762451072713839,5.433009080933833,250,Dirichlet(alpha=0.5),0.040803121264626624,0.00544721369412433
15,3,5.762451072713839,5.433009080933833,500,MLE,0.08014925968775424,0.009308993175418546
15,3,5.762451072713839,5.433009080933833,500,Dirichlet(alpha=0.5),0.0772010525164395,0.007605602359062626
15,3,5.762451072713839,5.433009080933833,1000,MLE,0.016390242785316977,0.002008075667079905
15,3,5.762451072713839,5.433009080933833,1000,Dirichlet(alpha=0.5),0.01750002322443875,0.0016356476120806683
15,4,5.762451072713839,5.433009080933833,10,MLE,0.14014925968775432,0.2767677224787643
15,4,5.762451072713839,5.433009080933833,10,Dirichlet(alpha=0.5),0.2007874526004545,0.04774654076043059
15,4,5.762451072713839,5.433009080933833,25,MLE,0.267609757214683,1.356292164620171
15,4,5.762451072713839,5.433009080933833,25,Dirichlet(alpha=0.5),0.20538753499246082,0.07124967168500013
15,4,5.762451072713839,5.433009080933833,50,MLE,0.09254588073287884,0.274834696771163
15,4,5.762451072713839,5.433009080933833,50,Dirichlet(alpha=0.5),0.08623958576137465,0.014602041981310272
15,4,5.762451072713839,5.433009080933833,100,MLE,0.05254588073287882,0.009732736974763623
15,4,5.762451072713839,5.433009080933833,100,Dirichlet(alpha=0.5),0.0520076030573437,0.007184040084817964
15,4,5.762451072713839,5.433009080933833,250,MLE,0.021847551182341916,0.000397763671573452
15,4,5.762451072713839,5.433009080933833,250,Dirichlet(alpha=0.5),0.03000628134107211,0.0008740976372270158
15,4,5.762451072713839,5.433009080933833,500,MLE,0.056149259687754326,0.004199465382051307
15,4,5.762451072713839,5.433009080933833,500,Dirichlet(alpha=0.5),0.05329667004632,0.0034109893579609427
15,4,5.762451072713839,5.433009080933833,1000,MLE,0.06615244881765811,0.0035319683875195147
15,4,5.762451072713839,5.433009080933833,1000,Dirichlet(alpha=0.5),0.0639249039074784,0.0033048285669503314
16,0,1.370632096070263,5.442039146959733,10,MLE,0.26745796087399487,2.4478401762086315
16,0,1.370632096070263,5.442039146959733,10,Dirichlet(alpha=0.5),0.2007912942073282,0.050094659611737244
16,0,1.370632096070263,5.442039146959733,25,MLE,0.1876182915016874,0.022659039396917977
16,0,1.370632096070263,5.442039146959733,25,Dirichlet(alpha=0.5),0.1861368100202059,0.025069863178881213
16,0,1.370632096070263,5.442039146959733,50,MLE,0.21339109271124218,0.09818846188199114
16,0,1.370632096070263,5.442039146959733,50,Dirichlet(alpha=0.5),0.17954493886508827,0.06462541976735012
16,0,1.370632096070263,5.442039146959733,100,MLE,0.1125420391260051,0.007254034861478291
16,0,1.370632096070263,5.442039146959733,100,Dirichlet(alpha=0.5),0.11293419598875018,0.007064903610033306
16,0,1.370632096070263,5.442039146959733,250,MLE,0.12100938421292959,0.008399168848924804
16,0,1.370632096070263,5.442039146959733,250,Dirichlet(alpha=0.5),0.11608874929229465,0.008095653665406148
16,0,1.370632096070263,5.442039146959733,500,MLE,0.07460890728875778,0.005478582194712252
16,0,1.370632096070263,5.442039146959733,500,Dirichlet(alpha=0.5),0.07696747302580965,0.005729320561219719
16,0,1.370632096070263,5.442039146959733,1000,MLE,0.01454203912600513,0.0003299373885195982
16,0,1.370632096070263,5.442039146959733,1000,Dirichlet(alpha=0.5),0.014777568068120861,0.00029761196141444516
16,1,1.370632096070263,5.442039146959733,10,MLE,0.2676182915016873,0.0523749973075535
16,1,1.370632096070263,5.442039146959733,10,Dirichlet(alpha=0.5),0.25095162483502065,0.052639011219245524
16,1,1.370632096070263,5.442039146959733,25,MLE,0.17254203912600513,1.6055620870448306
16,1,1.370632096070263,5.442039146959733,25,Dirichlet(alpha=0.5),0.16957907616304213,0.046590441076281124
16,1,1.370632096070263,5.442039146959733,50,MLE,0.121169714840622,0.022319078865526316
16,1,1.370632096070263,5.442039146959733,50,Dirichlet(alpha=0.5),0.12708340755076944,0.019744758221269927
16,1,1.370632096070263,5.442039146959733,100,MLE,0.053551423338934596,0.00842116067629858
16,1,1.370632096070263,5.442039146959733,100,Dirichlet(alpha=0.5),0.05411066657698547,0.005909156154606073
16,1,1.370632096070263,5.442039146959733,250,MLE,0.11883028515937798,0.008898817375166762
16,1,1.370632096070263,5.442039146959733,250,Dirichlet(alpha=0.5),0.11946520579429862,0.0090844847840586
16,1,1.370632096070263,5.442039146959733,500,MLE,0.060381708498312675,0.0019970205795020943
16,1,1.370632096070263,5.442039146959733,500,Dirichlet(alpha=0.5),0.05947334196444812,0.0019542309287286196
16,1,1.370632096070263,5.442039146959733,1000,MLE,0.05961829150168735,0.0026268713790220666
16,1,1.370632096070263,5.442039146959733,1000,Dirichlet(alpha=0.5),0.059833860363962765,0.002687431338510387
16,2,1.370632096070263,5.442039146959733,10,MLE,0.4676182915016873,0.20675632424756057
16,2,1.370632096070263,5.442039146959733,10,Dirichlet(alpha=0.5),0.41761829150168733,0.15167907636208994
16,2,1.370632096070263,5.442039146959733,25,MLE,0.3066089072887578,0.07808247035857449
16,2,1.370632096070263,5.442039146959733,25,Dirichlet(alpha=0.5),0.33327557395542445,0.08587548639588263
16,2,1.370632096070263,5.442039146959733,50,MLE,0.12100938421292963,0.007895862848598285
16,2,1.370632096070263,5.442039146959733,50,Dirichlet(alpha=0.5),0.09822719164322573,0.005267794741748315
16,2,1.370632096070263,5.442039146959733,100,MLE,0.20745796087399485,0.028859711418933565
16,2,1.370632096070263,5.442039146959733,100,Dirichlet(alpha=0.5),0.20079129420732825,0.026918944192526245
16,2,1.370632096070263,5.442039146959733,250,MLE,0.033169714840621985,0.0023112158647365915
16,2,1.370632096070263,5.442039146959733,250,Dirichlet(alpha=0.5),0.03132844499935215,0.001958283596678483
16,2,1.370632096070263,5.442039146959733,500,MLE,0.055457960873994905,0.003795840787254058
16,2,1.370632096070263,5.442039146959733,500,Dirichlet(alpha=0.5),0.05470895688993116,0.003662573506204003
16,2,1.370632096070263,5.442039146959733,1000,MLE,0.020608907288757805,0.0004050954183325295
16,2,1.370632096070263,5.442039146959733,1000,Dirichlet(alpha=0.5),0.021898328446442433,0.0004504400524855687
16,3,1.370632096070263,5.442039146959733,10,MLE,0.4676182915016873,0.20675632424756057
16,3,1.370632096070263,5.442039146959733,10,Dirichlet(alpha=0.5),0.41761829150168733,0.15167907636208994
16,3,1.370632096070263,5.442039146959733,25,MLE,0.28100938421292954,0.06056238311590032
16,3,1.370632096070263,5.442039146959733,25,Dirichlet(alpha=0.5),0.22323160643515183,0.03153344591369525
16,3,1.370632096070263,5.442039146959733,50,MLE,0.10761829150168735,0.00758514008393691
16,3,1.370632096070263,5.442039146959733,50,Dirichlet(alpha=0.5),0.10992598380937964,0.008538317640595483
16,3,1.370632096070263,5.442039146959733,100,MLE,0.08761829150168735,0.008230429689445283
16,3,1.370632096070263,5.442039146959733,100,Dirichlet(alpha=0.5),0.09798145630836562,0.00966733109338027
16,3,1.370632096070263,5.442039146959733,250,MLE,0.0650093842129296,0.0029099940075405263
16,3,1.370632096070263,5.442039146959733,250,Dirichlet(alpha=0.5),0.06053319373673908,0.0023609341227447816
16,3,1.370632096070263,5.442039146959733,500,MLE,0.056542039126005125,0.005210166196572605
16,3,1.370632096070263,5.442039146959733,500,Dirichlet(alpha=0.5),0.05684482797062657,0.005068628053555251
16,3,1.370632096070263,5.442039146959733,1000,MLE,0.008381708498312684,7.438685622506228e-05
16,3,1.370632096070263,5.442039146959733,1000,Dirichlet(alpha=0.5),0.00803041109312301,6.101035092545559e-05
16,4,1.370632096070263,5.442039146959733,10,MLE,0.5989906157870704,0.25997465420123667
16,4,1.370632096070263,5.442039146959733,10,Dirichlet(alpha=0.5),0.5823239491204037,0.24904206801448656
16,4,1.370632096070263,5.442039146959733,25,MLE,0.1876182915016874,0.022659039396917977
16,4,1.370632096070263,5.442039146959733,25,Dirichlet(alpha=0.5),0.1861368100202059,0.025069863178881213
16,4,1.370632096070263,5.442039146959733,50,MLE,0.29238170849831263,0.04614587745008242
16,4,1.370632096070263,5.442039146959733,50,Dirichlet(alpha=0.5),0.274689400806005,0.039480408932625985
16,4,1.370632096070263,5.442039146959733,100,MLE,0.11254203912600506,0.008953919729363474
16,4,1.370632096070263,5.442039146959733,100,Dirichlet(alpha=0.5),0.11293419598875021,0.008616795660569679
16,4,1.370632096070263,5.442039146959733,250,MLE,0.17254203912600508,0.020352234194728952
16,4,1.370632096070263,5.442039146959733,250,Dirichlet(alpha=0.5),0.17222457880854478,0.019934990425126142
16,4,1.370632096070263,5.442039146959733,500,MLE,0.03899061578707043,0.0007645110749609392
16,4,1.370632096070263,5.442039146959733,500,Dirichlet(alpha=0.5),0.04082328510977962,0.0008502577041358678
16,4,1.370632096070263,5.442039146959733,1000,MLE,0.09660890728875779,0.007781568370208415
16,4,1.370632096070263,5.442039146959733,1000,Dirichlet(alpha=0.5),0.09774663183965607,0.007950901983676682
17,0,4.591449829800894,1.7458791093814137,10,MLE,0.36309041319764446,4.543289825896608
17,0,4.591449829800894,1.7458791093814137,10,Dirichlet(alpha=0.5),0.2797570798643112,0.13899100159728633
17,0,4.591449829800894,1.7458791093814137,25,MLE,0.4989849672293752,0.1765751649613464
17,0,4.591449829800894,1.7458791093814137,25,Dirichlet(alpha=0.5),0.4604664487108566,0.142659262245206
17,0,4.591449829800894,1.7458791093814137,50,MLE,0.10207538042701969,0.005938370252315701
17,0,4.591449829800894,1.7458791093814137,50,Dirichlet(alpha=0.5),0.09207538042701968,0.004786175412052177
17,0,4.591449829800894,1.7458791093814137,100,MLE,0.042075380427019665,0.0010711752309017011
17,0,4.591449829800894,1.7458791093814137,100,Dirichlet(alpha=0.5),0.0381538117995687,0.0009224186024087214
17,0,4.591449829800894,1.7458791093814137,250,MLE,0.08128006840447219,0.006818215389728065
17,0,4.591449829800894,1.7458791093814137,250,Dirichlet(alpha=0.5),0.08093086205526581,0.006614186725840292
17,0,4.591449829800894,1.7458791093814137,500,MLE,0.04618965520682761,0.0013229543054883441
17,0,4.591449829800894,1.7458791093814137,500,Dirichlet(alpha=0.5),0.04669961536619016,0.0013481615600497814
17,0,4.591449829800894,1.7458791093814137,1000,MLE,0.01898496722937512,0.0002621929436610257
17,0,4.591449829800894,1.7458791093814137,1000,Dirichlet(alpha=0.5),0.018905126910013836,0.0002619823785684431
17,1,4.591449829800894,1.7458791093814137,10,MLE,0.3741896552068277,0.13086212796310492
17,1,4.591449829800894,1.7458791093814137,10,Dirichlet(alpha=0.5),0.34085632187349424,0.09004927059750457
17,1,4.591449829800894,1.7458791093814137,25,MLE,0.48064455116850824,0.13366609224604076
17,1,4.591449829800894,1.7458791093814137,25,Dirichlet(alpha=0.5),0.4539778845018416,0.11966805736746183
17,1,4.591449829800894,1.7458791093814137,50,MLE,0.37728006840447215,0.0817636456780173
17,1,4.591449829800894,1.7458791093814137,50,Dirichlet(alpha=0.5),0.36420314532754905,0.077148828697296
17,1,4.591449829800894,1.7458791093814137,100,MLE,0.11898496722937507,0.01195662083220453
17,1,4.591449829800894,1.7458791093814137,100,Dirichlet(alpha=0.5),0.11623986919015941,0.011663557415632164
17,1,4.591449829800894,1.7458791093814137,250,MLE,0.059090413197644465,0.003931963784218203
17,1,4.591449829800894,1.7458791093814137,250,Dirichlet(alpha=0.5),0.05753485764208888,0.0037538057908960525
17,1,4.591449829800894,1.7458791093814137,500,MLE,0.08618965520682761,0.005153310557131176
17,1,4.591449829800894,1.7458791093814137,500,Dirichlet(alpha=0.5),0.08654025281638936,0.005147975982116006
17,1,4.591449829800894,1.7458791093814137,1000,MLE,0.041015032770624876,0.0012610403308691643
17,1,4.591449829800894,1.7458791093814137,1000,Dirichlet(alpha=0.5),0.04097511261094425,0.0012446993887538739
17,2,4.591449829800894,1.7458791093814137,10,MLE,0.7741896552068276,0.367027432783031
17,2,4.591449829800894,1.7458791093814137,10,Dirichlet(alpha=0.5),0.6741896552068276,0.2612662448767275
17,2,4.591449829800894,1.7458791093814137,25,MLE,0.09898496722937511,0.005264766060297119
17,2,4.591449829800894,1.7458791093814137,25,Dirichlet(alpha=0.5),0.09009607834048625,0.004424037315709988
17,2,4.591449829800894,1.7458791093814137,50,MLE,0.1193554488314918,0.010974151130218178
17,2,4.591449829800894,1.7458791093814137,50,Dirichlet(alpha=0.5),0.11012467960072256,0.009477521311552856
17,2,4.591449829800894,1.7458791093814137,100,MLE,0.14101503277062485,0.010166680906323486
17,2,4.591449829800894,1.7458791093814137,100,Dirichlet(alpha=0.5),0.1386620915941543,0.00990248208921387
17,2,4.591449829800894,1.7458791093814137,250,MLE,0.12928006840447215,0.0142762527861841
17,2,4.591449829800894,1.7458791093814137,250,Dirichlet(alpha=0.5),0.12854990967431346,0.013933161040392057
17,2,4.591449829800894,1.7458791093814137,500,MLE,0.04928006840447219,0.0017279186169471446
17,2,4.591449829800894,1.7458791093814137,500,Dirichlet(alpha=0.5),0.04923225963953193,0.0017129954545022606
17,2,4.591449829800894,1.7458791093814137,1000,MLE,0.03735544883149175,0.000808911170418859
17,2,4.591449829800894,1.7458791093814137,1000,Dirichlet(alpha=0.5),0.037040079570014706,0.0007945823961487911
17,3,4.591449829800894,1.7458791093814137,10,MLE,0.32064455116850826,0.06676372058008018
17,3,4.591449829800894,1.7458791093814137,10,Dirichlet(alpha=0.5),0.2873112178351749,0.053138701245069135
17,3,4.591449829800894,1.7458791093814137,25,MLE,0.32064455116850826,0.06327940560326112
17,3,4.591449829800894,1.7458791093814137,25,Dirichlet(alpha=0.5),0.3058297363536935,0.05866151852596603
17,3,4.591449829800894,1.7458791093814137,50,MLE,0.22581034479317239,0.038842068832002495
17,3,4.591449829800894,1.7458791093814137,50,Dirichlet(alpha=0.5),0.21042572940855697,0.03288452659176868
17,3,4.591449829800894,1.7458791093814137,100,MLE,0.16064455116850823,0.015046833067677096
17,3,4.591449829800894,1.7458791093814137,100,Dirichlet(alpha=0.5),0.15986023744301806,0.015001915438523854
17,3,4.591449829800894,1.7458791093814137,250,MLE,0.11328006840447216,0.008173709524086928
17,3,4.591449829800894,1.7458791093814137,250,Dirichlet(alpha=0.5),0.11267689380129756,0.008092948199644609
17,3,4.591449829800894,1.7458791093814137,500,MLE,0.04464455116850827,0.0011437508430031371
17,3,4.591449829800894,1.7458791093814137,500,Dirichlet(alpha=0.5),0.04494734001312975,0.0011635216274807681
17,3,4.591449829800894,1.7458791093814137,1000,MLE,0.04818965520682761,0.001605658242967883
17,3,4.591449829800894,1.7458791093814137,1000,Dirichlet(alpha=0.5),0.04844115221281564,0.0016116527858987557
17,4,4.591449829800894,1.7458791093814137,10,MLE,0.4793554488314917,0.15521541341214037
17,4,4.591449829800894,1.7458791093814137,10,Dirichlet(alpha=0.5),0.37935544883149175,0.09224524123597998
17,4,4.591449829800894,1.7458791093814137,25,MLE,0.21418965520682764,0.029907480974269554
17,4,4.591449829800894,1.7458791093814137,25,Dirichlet(alpha=0.5),0.21122669224386467,0.028546645734392792
17,4,4.591449829800894,1.7458791093814137,50,MLE,0.12064455116850822,0.008286174195200995
17,4,4.591449829800894,1.7458791093814137,50,Dirichlet(alpha=0.5),0.12064455116850825,0.008357067503672589
17,4,4.591449829800894,1.7458791093814137,100,MLE,0.09626503563384717,0.006863703228743016
17,4,4.591449829800894,1.7458791093814137,100,Dirichlet(alpha=0.5),0.09469640818286679,0.006568658247078344
17,4,4.591449829800894,1.7458791093814137,250,MLE,0.04128006840447218,0.0015457033760009793
17,4,4.591449829800894,1.7458791093814137,250,Dirichlet(alpha=0.5),0.04124832237272613,0.0015369182674017066
17,4,4.591449829800894,1.7458791093814137,500,MLE,0.04901503277062491,0.0012089606235435955
17,4,4.591449829800894,1.7458791093814137,500,Dirichlet(alpha=0.5),0.048903478985764304,0.0012020178840274724
17,4,4.591449829800894,1.7458791093814137,1000,MLE,0.04135544883149178,0.0009591887853749514
17,4,4.591449829800894,1.7458791093814137,1000,Dirichlet(alpha=0.5),0.041032095538078545,0.0009481945218219106
18,0,5.007972342544556,5.43634835359252,10,MLE,0.2912979627852508,0.046215757500532736
18,0,5.007972342544556,5.43634835359252,10,Dirichlet(alpha=0.5),0.32329857122670863,0.062187241002950255
18,0,5.007972342544556,5.43634835359252,25,MLE,0.4870569955273233,2.764003659312315
18,0,5.007972342544556,5.43634835359252,25,Dirichlet(alpha=0.5),0.4366866251569529,0.19830844260056424
18,0,5.007972342544556,5.43634835359252,50,MLE,0.05129796278525074,0.0016990863641972269
18,0,5.007972342544556,5.43634835359252,50,Dirichlet(alpha=0.5),0.060528732016020007,0.0020240435674944504
18,0,5.007972342544556,5.43634835359252,100,MLE,0.10705699552732324,0.01587957599775798
18,0,5.007972342544556,5.43634835359252,100,Dirichlet(alpha=0.5),0.10117464258614678,0.014944297747851751
18,0,5.007972342544556,5.43634835359252,250,MLE,0.1247020372147492,0.00950015930457209
18,0,5.007972342544556,5.43634835359252,250,Dirichlet(alpha=0.5),0.12140044991316196,0.008819490780811783
18,0,5.007972342544556,5.43634835359252,500,MLE,0.007056995527323279,5.32055500483946e-05
18,0,5.007972342544556,5.43634835359252,500,Dirichlet(alpha=0.5),0.00626018277831919,3.995380824141413e-05
18,0,5.007972342544556,5.43634835359252,1000,MLE,0.0516438248045105,0.0027052519255811366
18,0,5.007972342544556,5.43634835359252,1000,Dirichlet(alpha=0.5),0.05021867510391168,0.0025700413194993665
18,1,5.007972342544556,5.43634835359252,10,MLE,0.40705699552732316,2.7108419744408043
18,1,5.007972342544556,5.43634835359252,10,Dirichlet(alpha=0.5),0.30705699552732324,0.0809215424161494
18,1,5.007972342544556,5.43634835359252,25,MLE,0.24705699552732324,0.03581197539239933
18,1,5.007972342544556,5.43634835359252,25,Dirichlet(alpha=0.5),0.21446440293473068,0.030516313740095988
18,1,5.007972342544556,5.43634835359252,50,MLE,0.13799939155854224,0.04378798518590328
18,1,5.007972342544556,5.43634835359252,50,Dirichlet(alpha=0.5),0.12184554540469617,0.030936498452482464
18,1,5.007972342544556,5.43634835359252,100,MLE,0.08870203721474926,0.011546174176448057
18,1,5.007972342544556,5.43634835359252,100,Dirichlet(alpha=0.5),0.0859221770689087,0.010378217279525311
18,1,5.007972342544556,5.43634835359252,250,MLE,0.03835617519548949,0.0018767735419068562
18,1,5.007972342544556,5.43634835359252,250,Dirichlet(alpha=0.5),0.0433085561478705,0.002083436694119579
18,1,5.007972342544556,5.43634835359252,500,MLE,0.0447020372147493,0.0019806180164929944
18,1,5.007972342544556,5.43634835359252,500,Dirichlet(alpha=0.5),0.04336339179642248,0.001873647752252204
18,1,5.007972342544556,5.43634835359252,1000,MLE,0.056942396031218916,0.0020641341134562223
18,1,5.007972342544556,5.43634835359252,1000,Dirichlet(alpha=0.5),0.0566509788655502,0.002007423174827546
18,2,5.007972342544556,5.43634835359252,10,MLE,0.5267014287732914,4.154385634467279
18,2,5.007972342544556,5.43634835359252,10,Dirichlet(alpha=0.5),0.34336809543995805,0.07947425348213592
18,2,5.007972342544556,5.43634835359252,25,MLE,0.17764382480451044,0.049035353403718424
18,2,5.007972342544556,5.43634835359252,25,Dirichlet(alpha=0.5),0.11542160258228824,0.022092667348941466
18,2,5.007972342544556,5.43634835359252,50,MLE,0.11329857122670864,0.007571174774455507
18,2,5.007972342544556,5.43634835359252,50,Dirichlet(alpha=0.5),0.13099087891901628,0.010892749359027176
18,2,5.007972342544556,5.43634835359252,100,MLE,0.1509423960312189,0.019143844885181588
18,2,5.007972342544556,5.43634835359252,100,Dirichlet(alpha=0.5),0.14623651367827778,0.016535493543528998
18,2,5.007972342544556,5.43634835359252,250,MLE,0.037057603968781105,0.0009068319098797066
18,2,5.007972342544556,5.43634835359252,250,Dirichlet(alpha=0.5),0.03747030238147943,0.0010233445564244714
18,2,5.007972342544556,5.43634835359252,500,MLE,0.024702037214749298,0.001472616579548875
18,2,5.007972342544556,5.43634835359252,500,Dirichlet(alpha=0.5),0.023443073071322887,0.0012662237113728711
18,2,5.007972342544556,5.43634835359252,1000,MLE,0.018000608441457684,0.0004587805300837744
18,2,5.007972342544556,5.43634835359252,1000,Dirichlet(alpha=0.5),0.018527554549242174,0.0004647495628966134
18,3,5.007972342544556,5.43634835359252,10,MLE,0.3087020372147492,1.4724253602564115
18,3,5.007972342544556,5.43634835359252,10,Dirichlet(alpha=0.5),0.2087020372147492,0.04800968741301902
18,3,5.007972342544556,5.43634835359252,25,MLE,0.10200060844145767,0.014053496388574921
18,3,5.007972342544556,5.43634835359252,25,Dirichlet(alpha=0.5),0.11533394177479102,0.013346693104566786
18,3,5.007972342544556,5.43634835359252,50,MLE,0.2070569955273232,0.042042257292991554
18,3,5.007972342544556,5.43634835359252,50,Dirichlet(alpha=0.5),0.19167238014270782,0.03847529245249977
18,3,5.007972342544556,5.43634835359252,100,MLE,0.10870203721474919,0.008946463171372123
18,3,5.007972342544556,5.43634835359252,100,Dirichlet(alpha=0.5),0.10085889995984729,0.006718864722057693
18,3,5.007972342544556,5.43634835359252,250,MLE,0.10070203721474918,0.0061750162274768206
18,3,5.007972342544556,5.43634835359252,250,Dirichlet(alpha=0.5),0.09759092610363812,0.005791903519653301
18,3,5.007972342544556,5.43634835359252,500,MLE,0.029643824804510492,0.0010239048484848075
18,3,5.007972342544556,5.43634835359252,500,Dirichlet(alpha=0.5),0.026886852692956632,0.0008591817337953982
18,3,5.007972342544556,5.43634835359252,1000,MLE,0.029298571226708578,0.0011540284387158845
18,3,5.007972342544556,5.43634835359252,1000,Dirichlet(alpha=0.5),0.030384399570022022,0.0012258214515960498
18,4,5.007972342544556,5.43634835359252,10,MLE,0.32670142877329134,1.465253339861594
18,4,5.007972342544556,5.43634835359252,10,Dirichlet(alpha=0.5),0.20870203721474923,0.026894559489332684
18,4,5.007972342544556,5.43634835359252,25,MLE,0.43329857122670856,0.10574258284427432
18,4,5.007972342544556,5.43634835359252,25,Dirichlet(alpha=0.5),0.443668941597079,0.10799489178128938
18,4,5.007972342544556,5.43634835359252,50,MLE,0.2112979627852508,0.03250915629243037
18,4,5.007972342544556,5.43634835359252,50,Dirichlet(alpha=0.5),0.21437488586217385,0.02916559532830504
18,4,5.007972342544556,5.43634835359252,100,MLE,0.11129796278525077,0.009332800978246111
18,4,5.007972342544556,5.43634835359252,100,Dirichlet(alpha=0.5),0.11482737454995663,0.010568201820276794
18,4,5.007972342544556,5.43634835359252,250,MLE,0.06305699552732325,0.004210449170589683
18,4,5.007972342544556,5.43634835359252,250,Dirichlet(alpha=0.5),0.061025249495577166,0.0044302331707730125
18,4,5.007972342544556,5.43634835359252,500,MLE,0.07494239603121894,0.0032552427913022514
18,4,5.007972342544556,5.43634835359252,500,Dirichlet(alpha=0.5),0.07428900957703563,0.003220057654493784
18,4,5.007972342544556,5.43634835359252,1000,MLE,0.036356175195489546,0.0011732670922052343
18,4,5.007972342544556,5.43634835359252,1000,Dirichlet(alpha=0.5),0.0376056761934936,0.0012409842944226144
19,0,1.8814237862820458,3.3115030786444706,10,MLE,0.3106554316281913,0.19872595224604617
19,0,1.8814237862820458,3.3115030786444706,10,Dirichlet(alpha=0.5),0.37958868241672844,0.10904847004140172
19,0,1.8814237862820458,3.3115030786444706,25,MLE,0.543744650916605,0.4351600493626852
19,0,1.8814237862820458,3.3115030786444706,25,Dirichlet(alpha=0.5),0.5041593831866235,0.2504931608523754
19,0,1.8814237862820458,3.3115030786444706,50,MLE,0.2706554316281913,0.18737613273246378
19,0,1.8814237862820458,3.3115030786444706,50,Dirichlet(alpha=0.5),0.2770245798526259,0.04135720972906259
19,0,1.8814237862820458,3.3115030786444706,100,MLE,0.02374465091660488,0.15171230861189944
19,0,1.8814237862820458,3.3115030786444706,100,Dirichlet(alpha=0.5),0.012873980136514562,0.0007951928076904951
19,0,1.8814237862820458,3.3115030786444706,250,MLE,0.09625534908339514,0.009443211386953872
19,0,1.8814237862820458,3.3115030786444706,250,Dirichlet(alpha=0.5),0.10181090463895068,0.011878092834545089
19,0,1.8814237862820458,3.3115030786444706,500,MLE,0.01034387291402641,0.05176548117102444
19,0,1.8814237862820458,3.3115030786444706,500,Dirichlet(alpha=0.5),0.009084908770600121,0.0012323333034775475
19,0,1.8814237862820458,3.3115030786444706,1000,MLE,0.0437446509166049,0.0011226536451578138
19,0,1.8814237862820458,3.3115030786444706,1000,Dirichlet(alpha=0.5),0.042068004210018016,0.0009942602785760815
19,1,1.8814237862820458,3.3115030786444706,10,MLE,0.5037446509166049,0.37249378953047063
19,1,1.8814237862820458,3.3115030786444706,10,Dirichlet(alpha=0.5),0.43934456837180863,0.2026452025417193
19,1,1.8814237862820458,3.3115030786444706,25,MLE,0.2237446509166049,0.18032702870477185
19,1,1.8814237862820458,3.3115030786444706,25,Dirichlet(alpha=0.5),0.20786308689032718,0.04208637002146762
19,1,1.8814237862820458,3.3115030786444706,50,MLE,0.06374465091660492,0.1532594039068948
19,1,1.8814237862820458,3.3115030786444706,50,Dirichlet(alpha=0.5),0.05472918375642406,0.006625016231727491
19,1,1.8814237862820458,3.3115030786444706,100,MLE,0.20565612708597353,0.12345678663157551
19,1,1.8814237862820458,3.3115030786444706,100,Dirichlet(alpha=0.5),0.2080200549657481,0.027513404706611073
19,1,1.8814237862820458,3.3115030786444706,250,MLE,0.022655431628191284,0.05188294458743363
19,1,1.8814237862820458,3.3115030786444706,250,Dirichlet(alpha=0.5),0.02347687584783513,0.00045850197257037216
19,1,1.8814237862820458,3.3115030786444706,500,MLE,0.028255349083395095,0.004515839034115074
19,1,1.8814237862820458,3.3115030786444706,500,Dirichlet(alpha=0.5),0.03131511003957045,0.005754953446334997
19,1,1.8814237862820458,3.3115030786444706,1000,MLE,0.026255349083395094,0.0022684093853408793
19,1,1.8814237862820458,3.3115030786444706,1000,Dirichlet(alpha=0.5),0.027792275231099662,0.002741889941053618
19,2,1.8814237862820458,3.3115030786444706,10,MLE,0.11065543162819136,0.15746970315518158
19,2,1.8814237862820458,3.3115030786444706,10,Dirichlet(alpha=0.5),0.21292201575006184,0.06994172160008559
19,2,1.8814237862820458,3.3115030786444706,25,MLE,0.030655431628191288,0.15195535112671507
19,2,1.8814237862820458,3.3115030786444706,25,Dirichlet(alpha=0.5),0.07403312686117286,0.019559190699023496
19,2,1.8814237862820458,3.3115030786444706,50,MLE,0.02374465091660488,0.15171230861189944
19,2,1.8814237862820458,3.3115030786444706,50,Dirichlet(alpha=0.5),0.024061455916742316,0.005408279704173453
19,2,1.8814237862820458,3.3115030786444706,100,MLE,0.050655431628191305,0.15271863008855974
19,2,1.8814237862820458,3.3115030786444706,100,Dirichlet(alpha=0.5),0.05115730986770886,0.0019747599756272235
19,2,1.8814237862820458,3.3115030786444706,250,MLE,0.05574465091660491,0.053159643511298496
19,2,1.8814237862820458,3.3115030786444706,250,Dirichlet(alpha=0.5),0.05148673005688363,0.0016261796862307397
19,2,1.8814237862820458,3.3115030786444706,500,MLE,0.050655431628191305,0.052923312215608295
19,2,1.8814237862820458,3.3115030786444706,500,Dirichlet(alpha=0.5),0.05025863768935788,0.002100701698531643
19,2,1.8814237862820458,3.3115030786444706,1000,MLE,0.01474534637438715,0.0014466055852513635
19,2,1.8814237862820458,3.3115030786444706,1000,Dirichlet(alpha=0.5),0.01411460785143312,0.0016845697916545988
19,3,1.8814237862820458,3.3115030786444706,10,MLE,0.11065543162819136,0.15746970315518158
19,3,1.8814237862820458,3.3115030786444706,10,Dirichlet(alpha=0.5),0.21292201575006184,0.06994172160008559
19,3,1.8814237862820458,3.3115030786444706,25,MLE,0.14374465091660482,0.16223802417073602
19,3,1.8814237862820458,3.3115030786444706,25,Dirichlet(alpha=0.5),0.13378901281625316,0.02688333593800622
19,3,1.8814237862820458,3.3115030786444706,50,MLE,0.07065543162819132,0.15389708848025935
19,3,1.8814237862820458,3.3115030786444706,50,Dirichlet(alpha=0.5),0.08471688754493364,0.008007430345689293
19,3,1.8814237862820458,3.3115030786444706,100,MLE,0.11434387291402638,0.06623856489873689
19,3,1.8814237862820458,3.3115030786444706,100,Dirichlet(alpha=0.5),0.11091319582278907,0.01859671713198582
19,3,1.8814237862820458,3.3115030786444706,250,MLE,0.017599917455203937,0.0034445371957395484
19,3,1.8814237862820458,3.3115030786444706,250,Dirichlet(alpha=0.5),0.025282457137743644,0.005785717397119951
19,3,1.8814237862820458,3.3115030786444706,500,MLE,0.01574465091660488,0.001453248976047281
19,3,1.8814237862820458,3.3115030786444706,500,Dirichlet(alpha=0.5),0.01348638223096085,0.0005264033808641492
19,3,1.8814237862820458,3.3115030786444706,1000,MLE,0.010255349083395083,0.000867163366772936
19,3,1.8814237862820458,3.3115030786444706,1000,Dirichlet(alpha=0.5),0.011824211358844166,0.0011933703751770808
19,4,1.8814237862820458,3.3115030786444706,10,MLE,0.4943438729140265,0.329778732428845
19,4,1.8814237862820458,3.3115030786444706,10,Dirichlet(alpha=0.5),0.43934456837180874,0.26956970965679555
19,4,1.8814237862820458,3.3115030786444706,25,MLE,0.11065543162819136,0.15746970315518158
19,4,1.8814237862820458,3.3115030786444706,25,Dirichlet(alpha=0.5),0.14810720093524699,0.025584370010791817
19,4,1.8814237862820458,3.3115030786444706,50,MLE,0.030655431628191288,0.15195535112671507
19,4,1.8814237862820458,3.3115030786444706,50,Dirichlet(alpha=0.5),0.04625534908339514,0.005896627869355153
19,4,1.8814237862820458,3.3115030786444706,100,MLE,0.0856561270859736,0.1068793614884832
19,4,1.8814237862820458,3.3115030786444706,100,Dirichlet(alpha=0.5),0.09037299614221866,0.010899620179681232
19,4,1.8814237862820458,3.3115030786444706,250,MLE,0.025656127085973555,0.10054026580345207
19,4,1.8814237862820458,3.3115030786444706,250,Dirichlet(alpha=0.5),0.02787834930819587,0.0028762583884697976
19,4,1.8814237862820458,3.3115030786444706,500,MLE,0.05034387291402644,0.05353237822855653
19,4,1.8814237862820458,3.3115030786444706,500,Dirichlet(alpha=0.5),0.04892554622079929,0.0031344292244132603
19,4,1.8814237862820458,3.3115030786444706,1000,MLE,0.00759991745520393,0.0013290216433075959
19,4,1.8814237862820458,3.3115030786444706,1000,Dirichlet(alpha=0.5),0.009552013263587192,0.0016761071053859196
